frame,reward_tracking_lin_vel,reward_tracking_ang_vel,reward_tracking_height,cost_lin_vel_z,cost_ang_vel_xy,cost_joint_velocity,cost_action_nn,cost_action_rate,cost_feet_slip,cost_leg_base_angle,cost_orientation
0,0.001930454136227711,0.5,0.9996956471151509,-0.0,-0.0,-8.721947579462562e-06,-0.060966260731220245,-0.0,-3.222641404652982e-08,-3.8512198795869814e-09,-3.786449638102155e-07
1,0.0018908242480558293,0.4998376431723963,0.9996987654959131,-4.698918088217048e-06,-0.0003031092863710633,-3.210889541511878e-05,-0.026797359809279442,-0.03221135213971138,-5.733127965508375e-08,-3.1692094220468085e-08,-4.552938465806339e-06
2,0.0018990962479460696,0.49988486913169883,0.9997071320631427,-1.3669185645500297e-05,-0.0006547099912135787,-9.379388069166513e-05,-0.017836807295680046,-0.01319811213761568,-4.96106391525453e-08,-3.012831196685227e-07,-1.6344957873055056e-05
3,0.001936795238934119,0.49999044193168335,0.9997192037697761,-2.309332736759246e-05,-0.0008202342022086624,-0.0001652890625172935,-0.009574536234140396,-0.011246459558606148,-3.6569015549998335e-08,-9.530538080864045e-07,-3.642437119327757e-05
4,0.0019793457038777148,0.499715873449958,0.9997336412385838,-2.9998774499960618e-05,-0.0008063961596766529,-0.0002514432274475116,-0.008915875107049942,-0.000320642429869622,-2.6455118551451353e-08,-1.968784074791805e-06,-6.383708656694314e-05
5,0.002020760743276554,0.49918447895135465,0.9997494077799498,-3.5667788113835067e-05,-0.0008007109741474091,-0.00034356814176815346,-0.008446888998150826,-0.0005995193496346474,-1.9231364618788517e-08,-3.2905689685481747e-06,-9.893795665219811e-05
6,0.0020543809276811573,0.498610752361652,0.9997658663939312,-4.0332137139742385e-05,-0.0008488071930742158,-0.00043643582452760265,-0.007829496636986732,-0.0006208545528352261,-1.4130939685346902e-08,-4.835286618005314e-06,-0.00014326133856605545
7,0.0020808462535236195,0.4981738779027888,0.9997825339861043,-4.397277516733908e-05,-0.000926055564763439,-0.0005332406767110256,-0.007015017792582512,-0.00041707573109306395,-1.0535220616968856e-08,-6.498809276290218e-06,-0.00019850304187928172
8,0.0021031830869892806,0.4979710223074952,0.9997990395313784,-4.6541587404152914e-05,-0.0010104709217578962,-0.0006395841862837541,-0.006342305801808834,-0.00029065398848615587,-8.383018480000264e-09,-8.178637904400059e-06,-0.0002662930603836625
9,0.0021226927022079552,0.4980111268004347,0.9998151107104255,-4.8198143129825864e-05,-0.0011014321298101946,-0.0007597481163130112,-0.005831528455018997,-0.0001963063405128196,-7.430081391219593e-09,-9.79294546745476e-06,-0.0003483248930291604
10,0.0021405104032926428,0.4982451566908379,0.9998305592759624,-4.906751771534159e-05,-0.001198243919984763,-0.0008956874831120287,-0.005485469475388527,-0.00011770118726417422,-7.356480999579578e-09,-1.1286353800068639e-05,-0.0004462822640683488
11,0.0021574664260954717,0.49859750283253945,0.9998452590677006,-4.925107931082109e-05,-0.0013004338988036274,-0.0010472627807248914,-0.0052751279436051846,-6.387480243574828e-05,-7.947436906591849e-09,-1.2628379772175833e-05,-0.0005618259081287547
12,0.0021741001032361163,0.49899248493443515,0.9998591300758298,-4.88385814623689e-05,-0.0014077734206953284,-0.0012132377358008378,-0.005153526086360216,-3.417095649638213e-05,-8.898482358289336e-09,-1.3807987378954845e-05,-0.0006966072541277623
13,0.002190790122706437,0.49936725487227407,0.9998721272333657,-4.791826678778972e-05,-0.0015198600575857674,-0.001391680477605449,-0.0050874133594334126,-1.8903416275861673e-05,-9.979006271492745e-09,-1.482730932129503e-05,-0.0008522771428015868
14,0.002207792223426761,0.4996758392049099,0.9998842321169624,-4.657312917494428e-05,-0.0016359724999115755,-0.001580459726441195,-0.005053963977843523,-1.1593680937949102e-05,-1.099064106940596e-08,-1.5696271507066463e-05,-0.0010304905170507362
15,0.0022252603128442095,0.499888833261689,0.999895446531739,-4.488502585740939e-05,-0.0017553639470916922,-0.0017773474142546801,-0.00503678061068058,-7.761791493976489e-06,-1.175400447758394e-08,-1.64285218791861e-05,-0.0012329036473052142
16,0.002243289779460549,0.4999911619039937,0.9999057874121245,-4.292715895047497e-05,-0.0018770929781890824,-0.001980307547972261,-0.005025649908930063,-5.679238256561803e-06,-1.213314121705035e-08,-1.703871061141724e-05,-0.001461165897368916
17,0.002261926282233146,0.49997926216787064,0.9999152827598942,-4.076875238589306e-05,-0.00200035422013083,-0.0021874435440672785,-0.005013884045183659,-4.222561528877122e-06,-1.2057350063120213e-08,-1.7540879244714472e-05,-0.0017169099026267177
18,0.002281188992169926,0.49985785271189564,0.9999239684219076,-3.8469379394614324e-05,-0.0021242731442037794,-0.0023975883928865297,-0.004997767508029938,-3.1815595775697147e-06,-1.1525448410892496e-08,-1.7947735783552178e-05,-0.0020017359995265467
19,0.0023010624096831463,0.4996362734948451,0.9999318848998492,-3.608082466614321e-05,-0.0022480426796260815,-0.0026097593757324787,-0.004974681418389082,-2.425773800496245e-06,-1.0586191040129002e-08,-1.8270392961527748e-05,-0.0023171947725012026
20,0.0023215442288935123,0.4993253375384384,0.9999390750636389,-3.364794806723671e-05,-0.002370732153371949,-0.002822873149224105,-0.004943982232362032,-1.9042757912757224e-06,-9.324868136329412e-09,-1.8518401861229702e-05,-0.00266476501039341
21,0.0023426519570382913,0.4989362712086682,0.9999455835710777,-3.1210415003224786e-05,-0.002491430152736164,-0.0030358111598486853,-0.004906104877591133,-1.5693990462750662e-06,-7.862148412192987e-09,-1.8699831919233458e-05,-0.0030458395376079354
22,0.0023644171474651423,0.49848041684250766,0.9999514563162745,-2.8802135969853415e-05,-0.002609291114482659,-0.003247474194100379,-0.004862450063228607,-1.3561459581978852e-06,-6.338747806705206e-09,-1.8821438108565734e-05,-0.0034617145271756754
23,0.002386881150912022,0.4979690447898178,0.9999567396803118,-2.645090481585479e-05,-0.002723561199045353,-0.0034568366485622846,-0.004815184511244297,-1.2090999916836154e-06,-4.931856803849664e-09,-1.8888878107984823e-05,-0.0039135828147203395
24,0.002410092048056871,0.4974130855481174,0.999961479753432,-2.417878083282225e-05,-0.0028336093762224034,-0.003662938457018426,-0.004766431637108326,-1.0918535053860978e-06,-3.776629105063279e-09,-1.890692426101123e-05,-0.004402530660362619
25,0.0024340975011696276,0.4968228378395926,0.9999657216343135,-2.200256456065896e-05,-0.0029389231674417852,-0.0038649326003128153,-0.004717979580163956,-9.942021961251157e-07,-3.1904243038883117e-09,-1.887964826532399e-05,-0.0049295390146486245
26,0.002458948049327942,0.49620773139084523,0.9999695088780661,-1.9935289716807966e-05,-0.003039163224724623,-0.004061797529133628,-0.0046715461649000645,-9.011134238789964e-07,-3.5101264929589103e-09,-1.88105767510612e-05,-0.005495486399866937
27,0.00248469307900468,0.4955769712004692,0.9999728831565374,-1.7985417920410868e-05,-0.0031340701788581853,-0.004252726514850358,-0.004628185648471117,-8.174957315532083e-07,-5.007425990075362e-09,-1.8702833437638007e-05,-0.006101152962383104
28,0.002511371565301379,0.49493881256731853,0.9999758839070376,-1.6157897296334848e-05,-0.003223541639201699,-0.004437187801331213,-0.004588352981954813,-7.507952091145853e-07,-7.952671879454182e-09,-1.8559286484755525e-05,-0.006747223304965312
29,0.002539028670649248,0.49430004335669436,0.9999785479497001,-1.4454350925132771e-05,-0.003307449439856115,-0.00461481500371656,-0.004552431870251894,-6.960797236388316e-07,-1.2759668032924688e-08,-1.8382636437227295e-05,-0.007434285766682136
30,0.0025677047280702266,0.4936659190965923,0.9999809093162431,-1.287479203042194e-05,-0.003385741227783325,-0.0047853253463909845,-0.004520345013588667,-6.574510962309432e-07,-1.967210400188232e-08,-1.8175459697485903e-05,-0.008162835173391333
31,0.0025974318005386786,0.4930406250402594,0.9999829992330207,-1.141724551035136e-05,-0.003458397264808257,-0.004948630032848911,-0.004491020459681749,-6.22802474481432e-07,-2.8978019807222702e-08,-1.7940227343148357e-05,-0.00893327479005829
32,0.002628246525073253,0.49242740881320535,0.999984846212088,-1.007916982139172e-05,-0.003525441892472299,-0.005117460858900604,-0.004463730379939079,-6.098263156673056e-07,-4.08051241821619e-08,-1.7679738978752984e-05,-0.009746302728612518
33,0.0026608482775361065,0.4917748660483984,0.9999864751084299,-8.828310589736104e-06,-0.003593503405171512,-0.005263079036464043,-0.00444374792277813,-5.882126856704417e-07,-1.274851377251575e-07,-1.7396139030815744e-05,-0.010602289977673547
34,0.0026940074177677687,0.4911922120954725,0.9999879099244178,-7.748712089696437e-06,-0.0036512802320258233,-0.005386113922724401,-0.004463016055524349,-4.6764784201513976e-05,-1.1906232044533977e-07,-1.7091056554804947e-05,-0.011500658787946445
35,0.0027275529343889575,0.49067784062664993,0.9999891706913291,-6.683919776997035e-06,-0.003695331684277117,-0.005520446066291943,-0.004351303447037935,-3.726597788045183e-05,-1.2316764923096003e-07,-1.6766415920077843e-05,-0.012441186230998887
36,0.0027631877548612476,0.4901945839744373,0.9999902766655788,-5.780441164791192e-06,-0.0037384793735931554,-0.005643131359327849,-0.004338185302913189,-1.933920975716319e-05,-1.3799243113289093e-07,-1.6425428549498713e-05,-0.013423094466713456
37,0.002801296243083825,0.4897125398034134,0.9999912462674527,-4.931862291436636e-06,-0.0037599179548562533,-0.005764856090372444,-0.004324736073613167,-2.514552033971995e-05,-1.59787596097543e-07,-1.6070274028345453e-05,-0.014446182731268298
38,0.002839486555533082,0.4892234292989907,0.9999920954546454,-4.227446680801109e-06,-0.003793685011383314,-0.005879633085938392,-0.004290115088224411,-5.857340283910162e-07,-1.8776444499635608e-07,-1.570147413331942e-05,-0.015511193737169932
39,0.002879122393408565,0.48875381616111857,0.9999928395968986,-3.6037297166949436e-06,-0.0038216135017960645,-0.005987304702029434,-0.0042534396052360535,-6.899927029735409e-07,-2.2107392159105786e-07,-1.5320654562015808e-05,-0.01661770078815005
40,0.0029202568540864942,0.4883025300379085,0.9999934908197022,-3.053420321837654e-06,-0.003843445429048396,-0.006088091462855003,-0.00421480368822813,-6.247474857445923e-07,-2.5922533667051863e-07,-1.4929560622511571e-05,-0.017765152024997066
41,0.0029629624161517107,0.48787114857298736,0.9999940598977732,-2.5708525683896327e-06,-0.003859231815482023,-0.006182258801628629,-0.00416912604123354,-7.256701906044327e-07,-3.0205135313013144e-07,-1.4529829792938701e-05,-0.018952877871574493
42,0.003007308770267496,0.48746004934597975,0.9999945564344142,-2.150329251232249e-06,-0.003868884114689829,-0.006270039125984402,-0.004120537545531988,-7.205958922895661e-07,-3.493907466751515e-07,-1.4122972227541724e-05,-0.020180086570393087
43,0.0030533811912623506,0.48707033702594604,0.9999949889653778,-1.7862343772426786e-06,-0.0038724270604087153,-0.006351588654028777,-0.004068034701049328,-7.707596410000406e-07,-4.011929935664436e-07,-1.371044091816645e-05,-0.021445874282034406
44,0.003101253726249541,0.4867028093626701,0.9999953650537619,-1.4730253879455886e-06,-0.0038699183365255765,-0.006427000683611445,-0.004011637531220913,-8.291771109725232e-07,-4.5742514090222285e-07,-1.3293577350872605e-05,-0.022749226445043576
45,0.003150999835513256,0.486358148337429,0.9999956913798091,-1.2054516513466222e-06,-0.00386143076626829,-0.006496393152692983,-0.003951256163418293,-8.989758839561546e-07,-5.180513866133267e-07,-1.287362802119456e-05,-0.02408901948844154
46,0.0032026977722372503,0.4860369375987415,0.9999959738339739,-9.785195623107131e-07,-0.0038470519301729376,-0.006559877802978298,-0.003886985592544079,-9.744634326125379e-07,-5.830256467465979e-07,-1.2451752405511128e-05,-0.02546402371384227
47,0.003256428659613323,0.4857397218285752,0.9999962176012721,-7.875326112485955e-07,-0.0038268927478601446,-0.006617549076456069,-0.003818840254098177,-1.060981389855442e-06,-6.522822543477314e-07,-1.202903332010241e-05,-0.02687290622636667
48,0.003312276143199042,0.48546693738756225,0.9999964272399701,-6.281096812717114e-07,-0.0038010730945068675,-0.006669542340902925,-0.003746958216652274,-1.1555100627447246e-06,-7.257543478554483e-07,-1.1606483274444777e-05,-0.02831423406042346
49,0.0033703300744489977,0.48521890549093644,0.999996606750772,-4.961548314948677e-07,-0.003769733850172207,-0.006715940353168592,-0.0036714866291731596,-1.2575389973790152e-06,-8.033437705968931e-07,-1.1185046226674997e-05,-0.029786477903307546
50,0.0034306802337115416,0.4849958467420522,0.9999967596425465,-3.879451377720048e-07,-0.00373302627557916,-0.006756844443535885,-0.0035925614647567272,-1.3674912224814761e-06,-8.850058031752274e-07,-1.0765604687792329e-05,-0.03128801609701699
51,0.0034934218030856063,0.4847978992252141,0.9999968889947044,-3.0009086107682846e-07,-0.003691120890592821,-0.00680703799064567,-0.003510457696393132,-1.4773621614949661e-06,-9.721073410553975e-07,-1.0348758497258017e-05,-0.03281716518743553
52,0.0035598145654531137,0.48456605859727453,0.9999969969278223,-2.237581742693124e-07,-0.0036443319660375666,-0.006866687377229715,-0.003430580487474799,-1.4439530104937148e-06,-1.0656073640738736e-06,-9.934805285628484e-06,-0.034372215765326425
53,0.0036299774678502567,0.4842995124484053,0.9999970847211216,-1.589495501693553e-07,-0.003593152084321817,-0.006935922254542925,-0.0033534211106598377,-1.4410024959943257e-06,-1.1664652789092672e-06,-9.523925434788165e-06,-0.03595142706839454
54,0.003704053176743098,0.48399580580553586,0.9999971534600621,-1.0548899690477688e-07,-0.0035378843558081124,-0.0070151619122755466,-0.003284970996901393,-1.1953386547247646e-06,-1.2754912755593337e-06,-9.116256866865669e-06,-0.03755309089220743
55,0.003782182548379037,0.48365484729304553,0.9999972040582958,-6.331050193268475e-08,-0.0034794838732873333,-0.007104503199617683,-0.003220170270651579,-1.1371720347597147e-06,-1.3936367870373332e-06,-8.711939901652736e-06,-0.03917554219134081
56,0.003864530876591472,0.4832739495982905,0.9999972372637871,-3.20908377002315e-08,-0.0034182012864767716,-0.007109723813952221,-0.0031587183475494385,-1.0976469866363914e-06,-1.4993170681767915e-06,-8.312457828576385e-06,-0.04081729280421414
57,0.003942873729665205,0.4832161461744979,0.9999972573163816,-2.0954695675122677e-08,-0.0033564087080865273,-0.007139431076941159,-0.0030541932210326195,-2.168037826777436e-05,-1.6393066812086508e-06,-7.919195975572298e-06,-0.042476695614037184
58,0.004026761301226867,0.4830828827454677,0.9999972689833599,-1.3744478950400634e-08,-0.003291008047356399,-0.007145690475165532,-0.002999326214194298,-2.2327119495457737e-06,-1.7406246164809477e-06,-7.533123231821568e-06,-0.04415219930750579
59,0.004112617314641363,0.48300161244416967,0.9999972739604934,-1.034071122490873e-08,-0.0032257881503889962,-0.007134826665829153,-0.0028993745800107718,-1.6901549315662123e-05,-1.8564146513742154e-06,-7.154958312588011e-06,-0.04584244585443532
60,0.004200179730250383,0.48294075930874014,0.9999972730996746,-7.695846685175597e-09,-0.0031592444473116064,-0.00711930119325593,-0.00276108062826097,-5.149304342921823e-06,-1.977261544893532e-06,-6.784767512215892e-06,-0.04754522005410329
61,0.00429155758613799,0.48293828622878365,0.9999972667409668,-5.823562477494474e-09,-0.003086861772165424,-0.007095285028697616,-0.002631246345117688,-1.2097307262592949e-05,-2.096789249410315e-06,-6.4233307914860465e-06,-0.04925655248770623
62,0.004387831193529701,0.48298001163841886,0.9999972550686527,-3.801789498494875e-09,-0.0030006125851119486,-0.007067693987754219,-0.0025235151406377554,-3.333453605591785e-06,-2.2175918238471234e-06,-6.071411793768378e-06,-0.050972605072021754
63,0.004488038945346438,0.48304961498385196,0.9999972383507021,-2.611724235834029e-09,-0.0029115567212333235,-0.007036676374983511,-0.002413562498986721,-3.629581215136568e-06,-2.3388736507088125e-06,-5.729315211532713e-06,-0.052690864338534586
64,0.004592362563643554,0.48314597146931415,0.9999972173881513,-1.9782709669384007e-09,-0.00281990023753745,-0.007002067425183984,-0.0023045993875712156,-3.7153488392505096e-06,-2.460007473244034e-06,-5.397262852909881e-06,-0.05440876649854036
65,0.004700967054631006,0.48326648218388296,0.9999971929283401,-1.7203446820465716e-09,-0.0027258576450435498,-0.006963779056981525,-0.002197426976636052,-3.7615343444485916e-06,-2.5804901001288504e-06,-5.075444853748397e-06,-0.056123720509315855
66,0.004814016848421851,0.48340887820824757,0.9999971656595666,-1.7516488667320724e-09,-0.0026297659313298852,-0.006921811265491642,-0.0020909891463816166,-3.924353222828358e-06,-2.7000008180370257e-06,-4.764015684219311e-06,-0.057833118033572536
67,0.004931690392816662,0.4835704874967736,0.9999971362192202,-2.0570605826302652e-09,-0.002531876524158868,-0.0068762030919272635,-0.0019859038293361664,-4.043703029310564e-06,-2.818155186887813e-06,-4.463095294990788e-06,-0.05953432999531316
68,0.005054180365579479,0.4837490674754933,0.9999971052004827,-2.67962914497267e-09,-0.002432472097404239,-0.00682702882963561,-0.0018824442522600293,-4.154175712756114e-06,-2.9345984293777453e-06,-4.1727809116189295e-06,-0.06122471766222121
69,0.0051816894088248765,0.4839425114783932,0.9999970731556558,-3.702504008823055e-09,-0.0023318400489710485,-0.006774318592108657,-0.0017808955162763596,-4.251564405421959e-06,-3.0489675365042225e-06,-3.8931456822259735e-06,-0.0629016386733649
70,0.005314424308215611,0.4841488200289791,0.9999970405969538,-5.2405427803457555e-09,-0.0022302667344187756,-0.0067221063947353376,-0.0016814806731417775,-4.342707143223379e-06,-3.201901308728168e-06,-3.6242208149050376e-06,-0.06456213003477454
71,0.0054523156884822704,0.4843642058729537,0.9999970078565853,-6.435247314049944e-09,-0.0021263149103921282,-0.006707571388315702,-0.0016095973551273346,-7.032488065306097e-05,-3.453720150076434e-06,-3.3656626660879505e-06,-0.06620304160149199
72,0.005600237290349507,0.484479771837458,0.9999969765816424,-1.0345885650941725e-08,-0.0020214415850070035,-0.006704141960812436,-0.0015799005050212145,-6.065381967346184e-06,-3.7368071146693734e-06,-3.1170278271066844e-06,-0.06782142644935787
73,0.005755985620489459,0.4845016745617451,0.9999969487448912,-1.613414580340665e-08,-0.0019157144670830606,-0.006666402341773452,-0.0015754852211102843,-3.741304317372851e-05,-3.7268284298129443e-06,-2.878355843074659e-06,-0.06941937067091977
74,0.005911369998361842,0.4845567346190128,0.9999969256899017,-2.9502490494405213e-08,-0.0018335617981734274,-0.006597594125848214,-0.0014330613194033504,-5.425847848528065e-05,-3.7718995727935674e-06,-2.6498585718044763e-06,-0.0709983792308576
75,0.006070978547461564,0.4846592586316907,0.9999969068401879,-4.098260421950736e-08,-0.0017461312925580827,-0.0065243524835789605,-0.0012940163724124432,-1.1499932043079752e-05,-3.847654829106059e-06,-2.431590120363202e-06,-0.07255419161052085
76,0.006237749919599807,0.48481278153171187,0.9999968904930223,-5.30451049003668e-08,-0.001654911593574207,-0.006439345221412757,-0.0011601925361901522,-3.5578090319177136e-05,-3.922406449291668e-06,-2.2238716150657895e-06,-0.07408070908286228
77,0.006413916549051304,0.48501141602266795,0.9999968755206793,-6.069566218456085e-08,-0.001551440977879315,-0.00635225143831333,-0.0010816175490617752,-4.63970354758203e-06,-4.002888147358091e-06,-2.0269979184169936e-06,-0.07557263730525356
78,0.006597282729686286,0.485224313292161,0.9999968611280937,-6.963508533928357e-08,-0.0014496277106104199,-0.006263010588604861,-0.0010052901925519109,-4.6534687498933636e-06,-4.0832701013977195e-06,-1.8408564341141186e-06,-0.07702765603049871
79,0.006788154726397559,0.48545170636954543,0.99999684762452,-8.007346384052999e-08,-0.0013498302710946595,-0.006171255797328604,-0.0009323169942945242,-4.6803447730781045e-06,-4.1605163510661015e-06,-1.6652903028415661e-06,-0.07844347560643228
80,0.00698685081236777,0.4856887847970449,0.999996835296912,-9.200951155784345e-08,-0.00125205665671252,-0.006076684787617524,-0.0008636728161945939,-4.513794010563288e-06,-4.232665618219015e-06,-1.5001203532973993e-06,-0.07981780504781058
81,0.007193682573649062,0.4859326855186631,0.9999968243789411,-1.0546871295915674e-07,-0.0011565313804153138,-0.005979180414013993,-0.0007985379197634757,-4.553241069515934e-06,-4.29883018791839e-06,-1.3451507774096037e-06,-0.08114838631844007
82,0.007408987763760484,0.48617974566453787,0.9999968150610301,-1.2045062817086237e-07,-0.0010633997910211327,-0.005878703348126241,-0.0007371524698100984,-4.50048310085549e-06,-4.358293293873105e-06,-1.2001692863194544e-06,-0.08243299740603677
83,0.007633121146050766,0.48642752346695345,0.9999968074983411,-1.3697288530390346e-07,-0.0009728877638024891,-0.005775272207740597,-0.0006795766530558467,-4.433842150319833e-06,-4.410687437364222e-06,-1.0649558679351613e-06,-0.08366947801922733
84,0.007866451120444618,0.4866738583052098,0.9999968018151516,-1.5499108259489535e-07,-0.000885211819142867,-0.005666592685124924,-0.0006260508671402931,-4.36557684224681e-06,-4.470437158997616e-06,-9.392838565370459e-07,-0.084855976844496
85,0.008109653676651585,0.4869181523185805,0.9999967982102955,-1.776719011380009e-07,-0.0008012821728130655,-0.005541996879642316,-0.0005624884506687522,-2.557754487497732e-05,-4.48738511229569e-06,-8.229445937040721e-07,-0.08598989430878543
86,0.008360502521293299,0.48719336275547936,0.9999967958771372,-1.9157346627074555e-07,-0.0007182846391295188,-0.005430625806411276,-0.0005093012005090714,-2.6749123207991943e-05,-4.508143941067405e-06,-7.156641977090541e-07,-0.08706850712669448
87,0.0086242502113485,0.4874580690347666,0.9999967947244329,-2.1256794558186932e-07,-0.0006392989147466546,-0.00531075033002801,-0.00046741534606553614,-1.2207432519062422e-05,-4.513178517970233e-06,-6.1726166305974e-07,-0.08808884159569845
88,0.008900109461956065,0.4877159528127183,0.9999967951109633,-2.291618517977656e-07,-0.0005613221284113155,-0.005193785901262232,-0.00044942725799046457,-1.5967030776664615e-05,-4.522681097903826e-06,-5.274779188966696e-07,-0.08904976976126196
89,0.009185284776962966,0.4879426120858153,0.9999967972155892,-2.5456903551285106e-07,-0.0004918542489277424,-0.005073700304429405,-0.0004142151155974716,-3.829375145869562e-06,-4.5247465428769e-06,-4.459303299010504e-07,-0.08995155273826298
90,0.009482182769041165,0.48815845064624974,0.9999968016962012,-2.8112945350016634e-07,-0.00042642492022068303,-0.004950436222915018,-0.00038380673504434526,-3.7955460356897675e-06,-4.518871417769448e-06,-3.72331775807082e-07,-0.09079259425611513
91,0.009791261257054136,0.48836007821162514,0.9999968084767417,-3.08461998542776e-07,-0.0003651406168229555,-0.004824081860774812,-0.0003569354594219476,-3.577626102924114e-06,-4.5045145308988364e-06,-3.063942360053835e-07,-0.09157139927537722
92,0.010112978683914869,0.4885485718897022,0.9999968174451848,-3.36440701627802e-07,-0.00030826933961341233,-0.004694853810823455,-0.00033367646392434835,-3.5264010875835083e-06,-4.481722195209995e-06,-2.478249733568869e-07,-0.09228661140872133
93,0.010447855555643993,0.4887230805118969,0.9999968284806803,-3.6489501607914365e-07,-0.00025596507281873605,-0.004562901134826601,-0.00031381711596623063,-3.345558980072383e-06,-4.450266733669638e-06,-1.9632602506679574e-07,-0.09293700201579796
94,0.010796412431886884,0.48888424042912293,0.9999968414532946,-3.936609603126512e-07,-0.00020843396024855076,-0.004428348131373717,-0.00029745156643912196,-3.223243311367696e-06,-4.4101249614432444e-06,-1.5159636742598199e-07,-0.09352149570795185
95,0.011159185255709385,0.48903209669176656,0.9999968562274045,-4.225830567043487e-07,-0.00016583827407095708,-0.004291362582788762,-0.0002844849368557334,-3.1058143576956354e-06,-4.361329398984507e-06,-1.1333020066994494e-07,-0.09403915810559618
96,0.011536738676622277,0.489166829834177,0.9999968726620607,-4.51470003168054e-07,-0.00012832800519102324,-0.004152140994810572,-0.0002748411789070815,-2.9812629236403154e-06,-4.303932950667366e-06,-8.121753417703925e-08,-0.09448920512160741
97,0.011929657941958938,0.48928870135479574,0.9999968906129884,-4.801700362719569e-07,-9.604447797335137e-05,-0.00401089076401048,-0.00026839273050427437,-2.8613162612600718e-06,-4.238033373706229e-06,-5.494478250646254e-08,-0.09487101453242387
98,0.01233854711747219,0.48939813727329373,0.9999969099385951,-5.085522273232407e-07,-6.91150551084789e-05,-0.003867892724210101,-0.00026503618573769927,-2.7297689939587144e-06,-4.163805974147442e-06,-3.419511049528464e-08,-0.09518413798048014
99,0.012764041081075591,0.48949567109776354,0.9999969305033318,-5.364991996997775e-07,-4.765270004839241e-05,-0.0037234223182385207,-0.0002646232023835182,-2.599118488433305e-06,-4.081416209059477e-06,-1.864896187876397e-08,-0.09542831447663161
100,0.013206794134563868,0.48958203335243394,0.9999969521833767,-5.639591403900075e-07,-3.1752016787725e-05,-0.0035778242578389007,-0.00026698512374423444,-2.4590663088019937e-06,-3.991121438078098e-06,-7.984429031715316e-09,-0.09560348496378226
101,0.013667491216865236,0.489658138661326,0.9999969748718536,-5.908985509203202e-07,-2.148562014315131e-05,-0.0034314698601868444,-0.00027192156994715333,-2.3140264602261595e-06,-3.893214118353364e-06,-1.877466140058143e-09,-0.09570980971976582
102,0.014146842317688481,0.48972513026582665,0.9999969984820294,-6.173363929428753e-07,-1.6899198772506757e-05,-0.0032847639932875043,-0.0002792055020108819,-2.1708899566874607e-06,-3.788033842406042e-06,-2.2151425822817352e-12,-0.09574768484435274
103,0.0146455858618556,0.4897844235535342,0.9999970229527481,-6.433497416421937e-07,-1.8005711291572982e-05,-0.003138143408957158,-0.0002885660214815289,-2.0274671896913787e-06,-3.6759727918132297e-06,-2.0312459160488333e-09,-0.09571776045661215
104,0.015164485928263033,0.4898377248112695,0.9999970482518652,-6.690520030767226e-07,-2.477918028370832e-05,-0.0029920565523062197,-0.00029972806805744767,-1.8960361103381729e-06,-3.5575233213038824e-06,-7.635753344830156e-09,-0.0956209593716955
105,0.0157043284186383,0.4898870380783824,0.999997074381402,-6.946446977255622e-07,-3.7147567219847055e-05,-0.002846994105432193,-0.00031237563234753907,-1.7726176793075865e-06,-3.432857578913297e-06,-1.648576417489429e-08,-0.0954585002298957
106,0.01626594431546658,0.4899346399415003,0.9999971013843715,-7.204671945341101e-07,-5.4979613216296646e-05,-0.0027033453450753695,-0.00032633161754347384,-1.7307609141425928e-06,-3.3030199021376373e-06,-2.8250337905426442e-08,-0.09523189802955981
107,0.0168501191526463,0.489983412001014,0.9999971293335145,-7.46535459649896e-07,-7.810095776860261e-05,-0.0025617987841024255,-0.00034099837648682296,-1.62861033459194e-06,-3.1684874201877846e-06,-4.259795731535502e-08,-0.09494299442125917
108,0.017457780090742097,0.49003590656607643,0.9999971583486272,-7.735559349117037e-07,-0.00010623107441721343,-0.002422658434666991,-0.0003566196246538311,-1.677890168139129e-06,-3.0296853007943158e-06,-5.9196676881290904e-08,-0.09459397215779669
109,0.01808976061703803,0.490095350280948,0.9999971885950166,-8.017106927091874e-07,-0.00013906034353677554,-0.0022864255959576677,-0.00037224413244985044,-1.5945377072057454e-06,-2.8875023187886555e-06,-7.771490264118558e-08,-0.09418736999187857
110,0.018746866922699505,0.4901645812942359,0.999997220275999,-8.317338666979033e-07,-0.0001760903327835688,-0.0021534347646066827,-0.00038829000550322235,-1.7084892078855773e-06,-2.742586847663467e-06,-9.782258777259782e-08,-0.093726079488438
111,0.01942996582137537,0.4902468896999219,0.9999972536343491,-8.639475612597817e-07,-0.00021683716505233475,-0.0020240078830939404,-0.00040436696144752204,-1.7763746882337728e-06,-2.5957454660422195e-06,-1.1919189504023133e-07,-0.09321330730387667
112,0.02013986918468798,0.4903450901001312,0.9999972889327118,-8.988412659981102e-07,-0.00026068769220861655,-0.0018984004752762638,-0.0004202266864012927,-1.8292666936758906e-06,-2.447798841895152e-06,-1.414988730419518e-07,-0.09265258105840801
113,0.020877344830911502,0.49046153888779753,0.9999973264533263,-9.369391419802103e-07,-0.00030692959472600954,-0.0017767838699366892,-0.000435535708675161,-1.8404035699859378e-06,-2.2994849002078293e-06,-1.6442544962851936e-07,-0.0920477318940667
114,0.021643092055664587,0.49059792226078364,0.9999973664886462,-9.787859757502343e-07,-0.00035474538852294744,-0.0016592076782237534,-0.00044998180237598717,-1.7863525272332481e-06,-2.1515870276677533e-06,-1.8766172913003449e-07,-0.09140285797011902
115,0.022437714554763306,0.4907552031251398,0.9999974093265784,-1.024836890468991e-06,-0.00040324995086484883,-0.0015456803892554196,-0.0004631750925909728,-1.6912604223762173e-06,-2.004915129302975e-06,-2.1090868058863668e-07,-0.09072227156364807
116,0.02326175313946223,0.4909333868492201,0.999997455233112,-1.0754595900907268e-06,-0.00045150261650252205,-0.0014361242942240446,-0.0004747974453493953,-1.5629219660695526e-06,-1.860216905993453e-06,-2.3388109509538367e-07,-0.09001044215522735
117,0.02411565786655274,0.49113149230004405,0.9999975044351533,-1.1309035714389265e-06,-0.0004985443348703045,-0.001330423886245235,-0.0004843150672968477,-1.4266480548030813e-06,-1.718237087262829e-06,-2.5631044150865293e-07,-0.08927194063234345
118,0.024999774215490652,0.4913473960945973,0.9999975571072598,-1.191379862497492e-06,-0.0005433848457893018,-0.0012284295798858957,-0.000491378188598901,-1.3388795423452393e-06,-1.5796880723908771e-06,-2.7794803689753066e-07,-0.08851138462508062
119,0.025914346484357597,0.4915779010202774,0.9999976133604694,-1.2569785376233779e-06,-0.0005850475266243875,-0.0011299714271762514,-0.0004958146600984037,-1.3554355291489628e-06,-1.4452131349007403e-06,-2.9856788988778717e-07,-0.08773337852020602
120,0.026859521414385884,0.4918188339688084,0.999997673232961,-1.3277168421718148e-06,-0.0006226021837644454,-0.0010348979344573935,-0.0004977423814125359,-1.532054284325568e-06,-1.3154108487744965e-06,-3.1796926158667217e-07,-0.08694245229826002
121,0.02783536801846963,0.49206514219590247,0.9999977366815697,-1.4034231147312691e-06,-0.000655204132091932,-0.0009430822621255805,-0.0004976000054739416,-1.9203168903914047e-06,-1.1908055843018281e-06,-3.3597904137428087e-07,-0.0861430028773269
122,0.0288418776340803,0.49231106713154466,0.9999978035752642,-1.4838043035519853e-06,-0.0006821222614957819,-0.0008544496539353755,-0.0004962589591741562,-2.554799038989586e-06,-1.0718481432859195e-06,-3.524533814333035e-07,-0.08533923890725922
123,0.029878989482509496,0.49255025302793193,0.9999978736942436,-1.5684139294082778e-06,-0.0007027781301767742,-0.0007689948661699874,-0.0004950189031660557,-3.462976337686996e-06,-9.589090002433541e-07,-3.6727879019433683e-07,-0.08453513086023923
124,0.03094659984939968,0.49277594313746087,0.9999979467311528,-1.656641210240046e-06,-0.0007167670903325633,-0.0006867982295667734,-0.0004956038319505751,-4.64930144516984e-06,-8.522671730640666e-07,-3.8037237084702356e-07,-0.08373436893406783
125,0.03204458161953498,0.4929811070891687,0.9999980222966773,-1.7477517661948976e-06,-0.0007238804759609229,-0.000608060011561348,-0.0005001546232961118,-6.10316692473134e-06,-7.521358093881949e-07,-3.916814371872722e-07,-0.08294032838385981
126,0.03317281998165661,0.49315854044766533,0.9999980999272149,-1.8408217525002464e-06,-0.0007241157655422941,-0.000533104015378778,-0.0005111508653499186,-7.793219083396252e-06,-6.585558696435435e-07,-4.011823530103317e-07,-0.08215604676418117
127,0.034331230803812396,0.4933009308946833,0.9999981790959217,-1.9348694897095778e-06,-0.0007176684241650078,-0.0004623928191647094,-0.0005312997964210808,-9.697538189357147e-06,-5.717511529455524e-07,-4.0887842559303487e-07,-0.08138419903132618
128,0.035519773758954126,0.49340093418747244,0.9999982592248969,-2.0286282410578636e-06,-0.0007049690426275718,-0.00039658518196265027,-0.0005632234970107675,-1.1537764294189401e-05,-4.91696843137546e-07,-4.1479684514868925e-07,-0.08062710991410495
129,0.036738567011847356,0.4934510876540741,0.9999983397089391,-2.1212339365784337e-06,-0.0006865375158623604,-0.0003364580747914207,-0.0006095217540860176,-1.3459473848342896e-05,-4.183174612849025e-07,-4.1898400720587966e-07,-0.07988677825836489
130,0.03798780934589478,0.4934439155585208,0.9999984199390519,-2.21168188198182e-06,-0.0006630784767129454,-0.0002829769809153564,-0.0006717307842336595,-1.5098581570782699e-05,-3.5159099633328767e-07,-4.2150109851758924e-07,-0.0791648902365663
131,0.03926790766873702,0.493371666674284,0.999998499322087,-2.2993017499056955e-06,-0.0006353383072967192,-0.00023722900248887858,-0.0007507074042223394,-1.6333080566255376e-05,-2.914450320666458e-07,-4.2241942108854995e-07,-0.07846282804182904
132,0.04057955946042734,0.4932264906898796,0.9999985773013285,-2.3834129480675084e-06,-0.000604218915707857,-0.00020041072902663923,-0.0008456007926724851,-1.699639869912062e-05,-2.378240535243303e-07,-4.21815001220429e-07,-0.07778165918392937
133,0.04192378639218174,0.49300024047229696,0.9999986533715131,-2.4635788190757264e-06,-0.0005706562524189739,-0.0001737728067585535,-0.0009536666329950094,-1.6962525478447787e-05,-1.906804469503385e-07,-4.1976414873973135e-07,-0.07712211188879221
134,0.0433020046922533,0.49268450592262897,0.9999987270918447,-2.5394427933001803e-06,-0.0005356296760738614,-0.0001585588587255179,-0.0010701664723455906,-1.6204323401325382e-05,-1.499635348909203e-07,-4.1634005251871044e-07,-0.07648450232994304
135,0.0447160907903153,0.492270804970432,0.9999987980899756,-2.610577876449408e-06,-0.0005001693950152536,-0.0001559448929688179,-0.0011885915882885456,-1.4831918633717578e-05,-1.1560729632990927e-07,-4.116108436314573e-07,-0.07586861169797435
136,0.046168452920871295,0.49175092552904015,0.9999988660556176,-2.676147028866461e-06,-0.00046536889865961744,-0.00016698161137541394,-0.0013012816198170185,-1.3129717444826383e-05,-8.750121856864025e-08,-4.056390117394391e-07,-0.0752735232554797
137,0.04766205974489421,0.49111757958084296,0.9999989307265251,-2.734770538487603e-06,-0.00043238142635339244,-0.00019255454441279463,-0.0014005783013999462,-1.1609349712671246e-05,-6.548738383475017e-08,-3.984816129251246e-07,-0.07469744446963378
138,0.04920043366776781,0.490365182726051,0.9999989918715214,-2.7843639135758704e-06,-0.00040239591062478516,-0.00023336355412075156,-0.0014804102247580886,-1.0902291251113638e-05,-4.9403643971625954e-08,-3.901910893475474e-07,-0.07413755580963646
139,0.050787544618888236,0.48949072668722277,0.9999990492734488,-2.822204825418753e-06,-0.000376578405595693,-0.0002899238394579076,-0.0015380512923002243,-1.151907599705737e-05,-3.909262922904567e-08,-3.8081632463094356e-07,-0.07358994560869402
140,0.05242758094013809,0.4884942186004446,0.9999991027189904,-2.845349285901851e-06,-0.00035596735286722427,-0.0003625811847339905,-0.0015754698542878032,-1.3502414731192403e-05,-3.435405361265805e-08,-3.704037646342373e-07,-0.07304968970728148
141,0.05412458509406684,0.4873786959163526,0.9999991519975928,-2.851155873046305e-06,-0.00034136086466066563,-0.0004515522205769189,-0.0015991972759366035,-1.615248947928194e-05,-3.5014454209041753e-08,-3.5899828830021305e-07,-0.07251110924919549
142,0.05588197603086614,0.4861496803521653,0.9999991969098928,-2.8379906742941987e-06,-0.00033321815338967204,-0.000556956811181742,-0.001618088106624782,-1.813475500966888e-05,-4.120142596722337e-08,-3.4664276767182986e-07,-0.07196820653523914
143,0.05770214091058047,0.48481470216991734,0.9999992372849639,-2.8057779218273337e-06,-0.0003315882127390484,-0.0006788162475180642,-0.001639421097934246,-1.8038377675111406e-05,-5.323704025277028e-08,-3.3337546407625107e-07,-0.07141524755200744
144,0.059586230445152814,0.48338325279630256,0.9999992730063719,-2.7566395745985857e-06,-0.0003360317281494417,-0.000817059916395894,-0.0016664324793964624,-1.5580730178044178e-05,-7.087849077092648e-08,-3.192249082686299e-07,-0.07084738151585354
145,0.061534235526780515,0.48186771073137974,0.999999304040981,-2.6948209206911633e-06,-0.0003456381151360198,-0.0009715628018888252,-0.0016989067662507296,-1.1992762665613554e-05,-9.519215194997411e-08,-3.0420471802324295e-07,-0.07026108373013182
146,0.06354536297168863,0.48028459680710356,0.9999993304501931,-2.6250937282197167e-06,-0.00035925636199203587,-0.0011435269320908053,-0.001728633651509881,-7.931995241960976e-06,-1.275130151151048e-07,-2.883716892312125e-07,-0.06965353581369224
147,0.06561672969425585,0.47862331881437953,0.9999993522021287,-2.5403612796787187e-06,-0.00037669928243604204,-0.0013290496377021022,-0.0017484202980995178,-4.773772161570378e-06,-1.6784140670719876e-07,-2.7169528801485504e-07,-0.0690245884825195
148,0.0677519411535534,0.4769624299566394,0.9999993696070665,-2.4746967721103298e-06,-0.00039373390396939365,-0.0015291466365844805,-0.0017574524972587824,-3.7208567391644465e-06,-2.1822323561458147e-07,-2.540672813208491e-07,-0.06837636999481803
149,0.06994909726664003,0.4753192516731384,0.9999993832477813,-2.4163549411103567e-06,-0.0004106261438219147,-0.001742511174758904,-0.0017445130506530404,-3.523712393871392e-06,-2.801375486362917e-07,-2.3545139830335775e-07,-0.06771107631096387
150,0.07221004131648208,0.47372938791337005,0.9999993935500288,-2.3693200005272272e-06,-0.00042633225061938454,-0.001968288079915596,-0.0017223091563209891,-4.34342609878513e-06,-3.553650100140227e-07,-2.1582673016624434e-07,-0.0670315724897309
151,0.07453621876273056,0.4722267363623988,0.9999994009849004,-2.334508302705926e-06,-0.0004402912697448448,-0.002205140901410568,-0.001687031821347773,-5.245976808510022e-06,-4.45610044599809e-07,-1.9520915216165624e-07,-0.06634102593879071
152,0.07693000040427185,0.47084000518208097,0.9999994060402935,-2.31334144419074e-06,-0.00045204960048254313,-0.0024520757116883395,-0.0016471251146867871,-5.7430074775766116e-06,-5.525428719935962e-07,-1.7367308519015822e-07,-0.06564254339901238
153,0.07939416596693208,0.4695928270006399,0.9999994092038469,-2.304838318948232e-06,-0.00046182580474674647,-0.0027083558657229347,-0.0016081221401691437,-5.713091013603844e-06,-6.77778533114772e-07,-1.5137231738173422e-07,-0.06493878353133754
154,0.08193148914220197,0.46850192443922956,0.9999994109225752,-2.3070556298240646e-06,-0.0004701673610920263,-0.0029735404733768917,-0.0015741968527436256,-5.347437763703056e-06,-8.228960648002592e-07,-1.285582243651568e-07,-0.06423175604006005
155,0.08454459357584114,0.4675777712548294,0.9999994115823629,-2.3173353600787023e-06,-0.00047785412451179627,-0.0032474338613253714,-0.0015479325084015727,-4.923570941173239e-06,-9.894687744868424e-07,-1.055949264418606e-07,-0.06352273852517283
156,0.08723581112098051,0.4668258347056867,0.9999994114952954,-2.3327229020532513e-06,-0.00048574461389134583,-0.0035300362478597773,-0.0015305252745747566,-4.627020643965807e-06,-1.1794075269232169e-06,-8.297188981644106e-08,-0.06281230085688633
157,0.09000707140064372,0.46624799267654105,0.9999994108962228,-2.3502689297328436e-06,-0.0004946669037438574,-0.0038214317633562503,-0.0015216488391160965,-4.517457000474678e-06,-1.3939223306874788e-06,-6.131476614137077e-08,-0.06210040848575755
158,0.09285996162626967,0.46584361478245956,0.9999994099482886,-2.3674759404665247e-06,-0.0005053198594996555,-0.004121848477643209,-0.0015220704954117537,-4.574216291075572e-06,-1.6350183929566966e-06,-4.139548993476463e-08,-0.06138654337996709
159,0.09579562212305229,0.46561048710537056,0.9999994087496447,-2.3819308890108362e-06,-0.0005183263465750039,-0.004431384165599827,-0.001529213972389698,-4.685640305979177e-06,-1.9038932734696585e-06,-2.414210066928456e-08,-0.06066984115291732
160,0.09881500763948148,0.46554512966917083,0.9999994073457288,-2.3920947053581333e-06,-0.0005341137601043842,-0.004750252529927825,-0.0015439036069437861,-4.910443749395199e-06,-2.2029144362030062e-06,-1.0648311458067858e-08,-0.05994921251258444
161,0.10191870962237068,0.4656436431585345,0.9999994057391952,-2.3963186930570195e-06,-0.0005530815416127379,-0.005078308603913833,-0.001561995828524232,-4.982553491572617e-06,-2.5337819641738285e-06,-2.183276731951438e-09,-0.05922346101762571
162,0.105107321326716,0.4659009871733354,0.9999994039027529,-2.394029609731409e-06,-0.0005754056755616931,-0.0054154266083442,-0.0015834091464057565,-5.062513537268387e-06,-2.898102955680799e-06,-2.0114606066152193e-10,-0.058491395006211276
163,0.10838123742959954,0.46631174190414965,0.9999994017932109,-2.384738804037395e-06,-0.0006012183646929774,-0.005761196836117135,-0.0016053346917033195,-4.986717158317333e-06,-3.2972776733953725e-06,-6.350442037281264e-09,-0.057751901751470935
164,0.11174076406199031,0.4668693753141708,0.9999993993596844,-2.3685880762616074e-06,-0.0006304920845434976,-0.006115075211713404,-0.0016261461423709989,-4.873248144576792e-06,-3.732441019584913e-06,-2.2482757579084628e-08,-0.05700401178580835
165,0.11518616358503854,0.46756677069689284,0.9999993965536169,-2.345915778739975e-06,-0.0006631315323635719,-0.006476350718071982,-0.0016444479115307331,-4.738819370686542e-06,-4.204523993870445e-06,-5.066060346429063e-08,-0.056246932754806855
166,0.11871768170203496,0.4683961036491693,0.9999993933329197,-2.317217062609743e-06,-0.0006989731569407671,-0.006844122994471973,-0.0016586657147854567,-4.594133770297049e-06,-4.713979441181845e-06,-9.316416506981292e-08,-0.055480075635554744
167,0.12233557096019604,0.4693487081273777,0.9999993896668055,-2.2832205900120126e-06,-0.0007377660422865465,-0.007217449111132729,-0.0016683026915416121,-4.495842404139694e-06,-5.26102461787079e-06,-1.5249697568867665e-07,-0.05470306720584496
168,0.12603995989201347,0.4704152179110744,0.99999938553833,-2.2446392431980823e-06,-0.0007792117582662998,-0.007595268204584534,-0.001672864076681435,-4.446108050615294e-06,-5.845494795088989e-06,-2.313904611590772e-07,-0.05391574821254803
169,0.12983096789043996,0.47158555043232403,0.9999993809453095,-2.2022656846164626e-06,-0.000822956338774003,-0.007976542946999066,-0.0016727411421015859,-4.44868646809482e-06,-6.467038263632239e-06,-3.3280736274408736e-07,-0.05311816290375035
170,0.13370859404056465,0.4728489934395403,0.9999993759005552,-2.1567968921397193e-06,-0.0008686266483818183,-0.008360243128434886,-0.0016684948932379484,-4.4772709770768415e-06,-7.1248840936518604e-06,-4.599444433948286e-07,-0.05231054181263572
171,0.13767276611984383,0.47419412705726627,0.9999993704309833,-2.108931296598367e-06,-0.0009158239072334012,-0.008745478174145026,-0.0016615291824564338,-4.505075139604742e-06,-7.818030902683661e-06,-6.162344709486926e-07,-0.05149327931551584
172,0.14172322102957258,0.4756090457916221,0.9999993645761487,-2.0592503380694656e-06,-0.0009641537767658698,-0.009131539309729483,-0.0016533067682757974,-4.506244749791222e-06,-8.545961265512954e-06,-8.053483563255394e-07,-0.05066690368449535
173,0.14585935759091015,0.4770813359631237,0.9999993583839182,-2.0080881686351758e-06,-0.0010132437750702966,-0.009517704714301542,-0.001643844530917704,-4.470720796234673e-06,-9.306960224061988e-06,-1.0311971005872274e-06,-0.049832059341742216
174,0.1500807154006335,0.4785979593877824,0.9999993519110293,-1.956056651838532e-06,-0.0010626898792235537,-0.009903791742278425,-0.0016371802194043994,-4.3353384171496145e-06,-1.0100691804585414e-05,-1.297935370221203e-06,-0.04898947556778808
175,0.15438607520508577,0.4801458561930679,0.9999993452166462,-1.903063447434238e-06,-0.0011122112798133427,-0.010289284103615019,-0.0016304882010444999,-4.198369424557313e-06,-1.0925558198129756e-05,-1.6099640539903278e-06,-0.048139951895138575
176,0.15877446225944147,0.4817111481904632,0.9999993383624355,-1.8496761835404402e-06,-0.001161378490511307,-0.010674258781442684,-0.0016278722323477268,-3.973393631895306e-06,-1.1780441238886983e-05,-1.9719348592325576e-06,-0.04728434600269853
177,0.16324449523252965,0.4832803724243562,0.9999993314130389,-1.7959065107882319e-06,-0.0012099450983027128,-0.011058829405632492,-0.001628706930205226,-3.7391093883343274e-06,-1.266455536424136e-05,-2.3887578468660858e-06,-0.046423548644799875
178,0.16779421982394255,0.48483981914090446,0.9999993244280407,-1.7418269245591932e-06,-0.0012575685222676997,-0.011443016328724864,-0.0016322104493156075,-3.51734502146428e-06,-1.3576528519728974e-05,-2.865606423215589e-06,-0.045558484002787225
179,0.17242196114358405,0.4863760246926237,0.9999993174661866,-1.6876844394890355e-06,-0.0013039292322331447,-0.011827184189472375,-0.0016401726752519608,-3.2778241347841686e-06,-1.4515400562193704e-05,-3.407928241776042e-06,-0.044690098892691814
180,0.17712558425109357,0.4878761018463391,0.9999993105830287,-1.6334407677188174e-06,-0.0013487807862932434,-0.012211502627865594,-0.001650801976211369,-3.0606779546360485e-06,-1.547963071598207e-05,-4.0214553408402674e-06,-0.043819360955193926
181,0.18190284077666705,0.48932742811737007,0.9999993038312068,-1.579397647543945e-06,-0.001391753967825211,-0.012596277807003084,-0.0016646692529320717,-2.8723475224978756e-06,-1.6467768439677294e-05,-4.71221361909469e-06,-0.04294725806701611
182,0.18675135632871695,0.49071836650480555,0.9999992972633232,-1.5257006082581015e-06,-0.0014325507499338547,-0.012981855688350752,-0.0016813541296869516,-2.7179189601156395e-06,-1.747830616507637e-05,-5.486538888466719e-06,-0.04207478937059383
183,0.1916685128774,0.492038204048796,0.9999992909294239,-1.4725193572814774e-06,-0.0014708551792908166,-0.01336853794385574,-0.0017005210975185037,-2.594374791442533e-06,-1.8509555749508816e-05,-6.351092917212452e-06,-0.04120296132712856
184,0.19665169085916592,0.4932773244650646,0.9999992848779995,-1.420054917990989e-06,-0.0015063679014331046,-0.0137566384079508,-0.0017218233551830053,-2.5042872948688455e-06,-1.955976895492939e-05,-7.3128813101281875e-06,-0.04033278208975301
185,0.2016981224306,0.4944272859764922,0.9999992791562371,-1.36848352918501e-06,-0.0015387984244141974,-0.014146449548941096,-0.0017450122395530343,-2.4445814688078826e-06,-2.0627078560244513e-05,-8.379275379799873e-06,-0.039465256640924665
186,0.2068050353065086,0.4954809042058786,0.9999992738102441,-1.3180329589072918e-06,-0.0015678701374526153,-0.014538263161186855,-0.0017702535260468721,-2.4334510726475855e-06,-2.1709688333278053e-05,-9.55803535813282e-06,-0.03860137703274956
187,0.21196943467332643,0.49643224318095663,0.9999992688840793,-1.2687592057206279e-06,-0.0015933589830830187,-0.014932079064007656,-0.0017952029593288898,-2.3732879981253063e-06,-2.280517585727886e-05,-1.0857334915701009e-05,-0.03774212289970422
188,0.21718877623338215,0.497276412767484,0.9999992644239208,-1.22106386587394e-06,-0.0016149853404724846,-0.015328232339199107,-0.001822222606278956,-2.3958314159244765e-06,-2.3911718926493175e-05,-1.2285794384609965e-05,-0.03688845506589967
189,0.22246007873188006,0.49800982766856255,0.9999992604773777,-1.1750016985725888e-06,-0.0016326035209123415,-0.01572672236766249,-0.0018489350331947207,-2.4119956378854113e-06,-2.502679079849533e-05,-1.3852512427561345e-05,-0.03604130620631079
190,0.22778041377229102,0.4986298059282283,0.9999992570921271,-1.1308739010195003e-06,-0.001645962924761169,-0.016127692000235522,-0.0018765737768262625,-2.451442924211733e-06,-2.6148311912643914e-05,-1.5567100618107032e-05,-0.03520157568423546
191,0.23314699912245415,0.49913479430425234,0.9999992543174187,-1.0887679458180898e-06,-0.001654981553250984,-0.016531158770031612,-0.0019044681685045362,-2.4905939426389523e-06,-2.7273977296145694e-05,-1.7439728138756538e-05,-0.034370120254855877
192,0.23855707003777185,0.49952401400839475,0.9999992522017801,-1.0488335684310445e-06,-0.0016595688304178173,-0.01693717953446589,-0.0019325085449963808,-2.539974275350687e-06,-2.8401689520889568e-05,-1.948116766942202e-05,-0.03354775192979145
193,0.24400787033847965,0.49979740745338874,0.9999992507943612,-1.011241673650113e-06,-0.001659669158303672,-0.017345845805777457,-0.0019616526551544666,-2.6358188733865973e-06,-2.9529253124755227e-05,-2.170285015650624e-05,-0.03273522843439829
194,0.2494964112962708,0.4999555023503201,0.999999250141607,-9.75936676312297e-07,-0.0016553187483337073,-0.017756832614945456,-0.0019891452975571156,-2.631664983709925e-06,-3.065396024912135e-05,-2.4116914517845425e-05,-0.03193325362471518
195,0.2550203749546461,0.4999992525339667,0.9999992502902297,-9.431505321799416e-07,-0.0016465117928179274,-0.01817013035003447,-0.0020172037184238434,-2.6749135031423066e-06,-3.177378279788316e-05,-2.673627265870955e-05,-0.031142477828319394
196,0.2605772197042998,0.49992998032700975,0.9999992512877286,-9.128830889721291e-07,-0.0016333782415197237,-0.018585461778864998,-0.002044229069724679,-2.7229971237829886e-06,-3.2886005374724866e-05,-2.9574675130419355e-05,-0.0303634930540752
197,0.26616439337199244,0.49974928832512855,0.9999992531812797,-8.853268695504664e-07,-0.001615961225752616,-0.019002709179052724,-0.002071121707558632,-2.773466349026421e-06,-3.398844630166368e-05,-3.26467817288657e-05,-0.029596831402194705
198,0.2717793656451163,0.49945895242571836,0.9999992560179815,-8.604960222397987e-07,-0.0015944285956748633,-0.019421677057952308,-0.002097811782732606,-2.818767370627029e-06,-3.507880128647931e-05,-3.5968250959492816e-05,-0.028842961345940322
199,0.27741976863344986,0.49906082480416714,0.9999992598410893,-8.384180371322568e-07,-0.001568983738402163,-0.019842163574462057,-0.002124228049069643,-2.8594806735782186e-06,-3.615485438556292e-05,-3.9555829589862744e-05,-0.02810228854690915
200,0.2830832359120449,0.4985567600121004,0.9999992646896835,-8.190993936335952e-07,-0.0015398586146546376,-0.020263915818336416,-0.0021503339521586895,-2.895881607400952e-06,-3.7214320607138866e-05,-4.3427457155823806e-05,-0.027375157370792942
201,0.28876750559807757,0.4979485615806363,0.9999992705980897,-8.02556935444208e-07,-0.00150731258798778,-0.020686629940588796,-0.0021759921219199896,-2.9252491913211998e-06,-3.8254815401868466e-05,-4.7602372453433976e-05,-0.02666185285630205
202,0.2944704104843439,0.4972379701700184,0.9999992775960549,-7.888111601173924e-07,-0.0014716272776481689,-0.02111001381072619,-0.0022011171095073223,-2.94782353194023e-06,-3.927400367597364e-05,-5.210123742183014e-05,-0.025962603781512363
203,0.3001897686949027,0.4964266284268958,0.999999285708087,-7.778701416569699e-07,-0.0014331034317385395,-0.021533724242358863,-0.002225472591817379,-2.958935738206492e-06,-4.026985106255206e-05,-5.6946271395132706e-05,-0.025277586542030897
204,0.30592365518052567,0.49551610347395375,0.9999992949539795,-7.698391753111301e-07,-0.0013920471971260037,-0.021957661711009012,-0.0022509009577333927,-3.025341356988065e-06,-4.124019371895421e-05,-6.216141036882748e-05,-0.024606924729736957
205,0.31166959419186524,0.49450770238725933,0.9999993053449568,-7.646028150036495e-07,-0.0013488220858787062,-0.022381324631354074,-0.0022749658674001694,-3.0275521112343995e-06,-4.218243081521643e-05,-6.77724682231935e-05,-0.023950693852648156
206,0.3174257820154758,0.4934027340571219,0.9999993168842822,-7.622697632909262e-07,-0.0013037473268283672,-0.022804472526332734,-0.002299416111782193,-3.036123416677583e-06,-4.309460183386084e-05,-7.380732256764952e-05,-0.023308928292750733
207,0.3231903527541786,0.4922021805617898,0.9999993295684191,-7.627975002839202e-07,-0.0012572204176478899,-0.023226724321566902,-0.0023231657687574625,-3.04937248074566e-06,-4.397424964882621e-05,-8.029613295543078e-05,-0.022681624725071865
208,0.32896129112479244,0.4909072461732753,0.9999993433852787,-7.662705368847323e-07,-0.0012095674489240667,-0.023647735968234884,-0.0023467494174838066,-3.06252809423313e-06,-4.481908507477352e-05,-8.727156139797368e-05,-0.022068747086725248
209,0.334736728550162,0.48951893504406074,0.9999993583158667,-7.727460256981633e-07,-0.001161146210702726,-0.024067179466389213,-0.002370172645896673,-3.0714738841197686e-06,-4.5626821506340926e-05,-9.476903616527455e-05,-0.02147023085597922
210,0.3405147757153691,0.4880382690335165,0.9999993743329378,-7.822774018195357e-07,-0.001112309846724534,-0.02448471302826646,-0.0023934971541166306,-3.079167981923092e-06,-4.639518973213612e-05,-0.0001028270463278393,-0.02088598800030904
211,0.34629362144657944,0.48646626273859894,0.9999993914009434,-7.949443863330239e-07,-0.0010634079788562523,-0.0248999843444434,-0.0024167667143046856,-3.0810754196863854e-06,-4.71218682941648e-05,-0.00011148746875062647,-0.02031591162833528
212,0.35207149505424284,0.4848040142651835,0.9999994094763164,-8.108311798696831e-07,-0.0010147832410991014,-0.025312703851393788,-0.0024400982074439526,-3.0850533221382648e-06,-4.7804690439098105e-05,-0.00012079594440670799,-0.019759881023571176
213,0.35784654608945915,0.48305268492773695,0.9999994285070026,-8.300227654296075e-07,-0.000966766138448694,-0.025722543272312864,-0.0024635258596390486,-3.0840851650282275e-06,-4.8441420788250034e-05,-0.0001308023057061311,-0.019217766613750895
214,0.3636170391256116,0.4812135677626478,0.999999448432809,-8.526329493854928e-07,-0.000919676455808305,-0.026129203975760972,-0.0024870955385267735,-3.0815926947980188e-06,-4.902988311590276e-05,-0.00014156105080460774,-0.018689434298486206
215,0.36938120621833415,0.47928815060602675,0.9999994691857835,-8.78773058228473e-07,-0.0008738205095730913,-0.02653237801344763,-0.0025108729023486376,-3.072698518735706e-06,-4.95679273388341e-05,-0.00015313189045364187,-0.018174749899563695
216,0.37513734429290313,0.47727813104353944,0.9999994906904734,-9.085764086760615e-07,-0.0008294891226297755,-0.026931756238674092,-0.0025348993949592113,-3.0617254651588155e-06,-5.005343328786114e-05,-0.0001655803657872126,-0.017673583631515728
217,0.38088379382744025,0.4751854722086358,0.9999995128648392,-9.42195267080434e-07,-0.0007869556064536241,-0.027327083452714146,-0.0025591994635760784,-3.045856374228606e-06,-5.048441702755459e-05,-0.000178978565111619,-0.017185813846938163
218,0.3866188276197991,0.47301245816846865,0.9999995356204268,-9.797730701739503e-07,-0.0007464771016705934,-0.027718082941250954,-0.00258387322537601,-3.026637614311767e-06,-5.0858941410192456e-05,-0.00019340595012808784,-0.016711330716114678
219,0.39234080638387564,0.47076164302759244,0.9999995588627935,-1.0214758649203208e-06,-0.000708290577766923,-0.02810452766745749,-0.0026088727172464132,-3.001350478371023e-06,-5.1175192916615744e-05,-0.00020895030537638454,-0.0162500398007718
220,0.3980480298764352,0.46843604091121777,0.9999995824921813,-1.0674661988745693e-06,-0.0006726132523117875,-0.02848613115156321,-0.0026342631317675114,-2.9706395707762567e-06,-5.1431335166277235e-05,-0.00022570881414883442,-0.015801865011623163
221,0.40373897823808785,0.46603898354347373,0.9999996064045554,-1.1179408734855327e-06,-0.0006396423311864372,-0.02886264024263661,-0.0026600733399391174,-2.937192220997531e-06,-5.162573102459184e-05,-0.0002437893059790065,-0.01536675149426894
222,0.4094120987004538,0.46357421125461196,0.9999996304927397,-1.1730965444463648e-06,-0.0006095524065555762,-0.029233847245194275,-0.0026862279046326876,-2.894529870900442e-06,-5.1756916812453054e-05,-0.0002633117469721007,-0.014944667913834952
223,0.41506579383605763,0.4610459841666471,0.999999654646644,-1.2331203533780907e-06,-0.0005824974127027841,-0.029599511287795727,-0.0027126919012516737,-2.847034238584456e-06,-5.1823507758062994e-05,-0.0002844099524100021,-0.014535608447063472
224,0.42069859215745276,0.45845896135158787,0.999999678754182,-1.298224221986744e-06,-0.0005586079245747496,-0.029959459500350085,-0.0027395354118198156,-2.7939506708207773e-06,-5.182436183559028e-05,-0.00030723359073529083,-0.014139594464535839
225,0.42630894495334065,0.4558182628824426,0.9999997027020487,-1.3685980267116167e-06,-0.0005379923656393168,-0.030313446034282675,-0.0027666313108056784,-2.73399109573802e-06,-5.1758406785790126e-05,-0.0003319505341829251,-0.013756675662357113
226,0.4318955002542886,0.4531294632685338,0.9999997263767824,-1.4444704264343409e-06,-0.0005207355754781167,-0.030661249860286763,-0.002793933730572462,-2.6676084416976664e-06,-5.162479150005298e-05,-0.00035874962199704117,-0.013386930990586195
227,0.4374569005249224,0.4503986218986595,0.9999997496660822,-1.5260653356423195e-06,-0.0005068986112952193,-0.031002705059054315,-0.0028213923797011375,-2.5974982236220967e-06,-5.142292173953942e-05,-0.00038784396482621195,-0.013030469270068535
228,0.4429917386934631,0.44763221984303814,0.9999997724590569,-1.6135762211636255e-06,-0.0004965181173018553,-0.031337604361201594,-0.0028488526586443186,-2.518501560189179e-06,-5.115242086349215e-05,-0.00041947485567868104,-0.012687429165358116
229,0.44849877088058887,0.4448371687198587,0.9999997946471598,-1.7072320134734807e-06,-0.0004896076159531537,-0.031665805988161676,-0.0028763210866600275,-2.4354317247343715e-06,-5.081317751789872e-05,-0.00045391646300144297,-0.012357978701973343
230,0.4539766584592591,0.4420207798354319,0.9999998161249273,-1.8072100069873123e-06,-0.000486156284531095,-0.03198705235653126,-0.0029035848565399647,-2.34646313401754e-06,-5.040510064677384e-05,-0.0004914814116485439,-0.012042314549222624
231,0.459424341001773,0.43919073887327686,0.9999998367910473,-1.9137467286092993e-06,-0.0004861295528693706,-0.032301167934507546,-0.002930503571406007,-2.252394551760517e-06,-4.9928541114999834e-05,-0.0005325275191935154,-0.01174066100348229
232,0.4648406839551919,0.4363550586437295,0.9999998565493579,-2.0270332871356498e-06,-0.0004894671113039244,-0.03260799921369818,-0.0029569363687187433,-2.1556957108259667e-06,-4.938424731708055e-05,-0.000577466048673199,-0.01145326873516744
233,0.47022456417608166,0.4335220520953503,0.999999875308904,-2.1472447209113867e-06,-0.0004960856247163868,-0.032907379552114854,-0.0029828865081071854,-2.0530269466689788e-06,-4.8773197212078484e-05,-0.0006267716940272695,-0.011180412539192771
234,0.47557497171988367,0.4307003079419149,0.9999998929847362,-2.2745742066453036e-06,-0.0005058808450812072,-0.033199194606560935,-0.003008334431797266,-1.951709919012501e-06,-4.8096494001660753e-05,-0.0006809948552275123,-0.010922388704626414
235,0.4808908075594841,0.4278984233477889,0.999999909498354,-2.409128221231002e-06,-0.0005187249976538674,-0.03348319300122951,-0.003032776527106762,-1.8452561789672473e-06,-4.7355565726593646e-05,-0.0007407767073071603,-0.010679513051738072
236,0.48617133920997163,0.42512522729673236,0.9999999247785644,-2.5510999110512982e-06,-0.000534463877219072,-0.03375923183703934,-0.0030563194304704666,-1.7377120684614056e-06,-4.6551987147988117e-05,-0.0008068679297023396,-0.01045211796569449
237,0.49141569584443096,0.4223895419802039,0.9999999387620551,-2.700568830628578e-06,-0.000552919783754986,-0.034027115695371986,-0.0030783270485699177,-1.630713086342439e-06,-4.568786985466084e-05,-0.0008801521908372305,-0.010240549093293862
238,0.49662310349350486,0.4197003916406449,0.9999999513935384,-2.857668313223669e-06,-0.0005739026367795356,-0.03428668744180716,-0.0030990808736532927,-1.5230538110699854e-06,-4.476551304612556e-05,-0.0009616756383853891,-0.010045161788223771
239,0.501792874274031,0.4170666474679373,0.9999999626262009,-3.0224781107038317e-06,-0.0005971959406921961,-0.03453779281660651,-0.0031182090751826763,-1.4183527810018859e-06,-4.378747918754618e-05,-0.0010526843791151916,-0.009866317062779007
240,0.5069242599585109,0.41449717134073205,0.9999999724218066,-3.195048913529231e-06,-0.0006225753207005523,-0.03478020766681673,-0.00313568115234375,-1.3158511364963488e-06,-4.27565445069125e-05,-0.0011546723242727584,-0.009704377742072832
241,0.5120168028358661,0.41200048136313605,0.9999999807510115,-3.3754508325473024e-06,-0.0006497904832483708,-0.03501377387438778,-0.0031512752175331116,-1.2176102472949424e-06,-4.167580088557671e-05,-0.0012694430144501343,-0.00955970416121793
242,0.5170699388270227,0.409585012973727,0.9999999875934302,-3.5636951044757592e-06,-0.0006785815072115804,-0.035238348486177,-0.0031648576259613037,-1.1229709571125568e-06,-4.054859892434486e-05,-0.0013991903793911249,-0.00943264989823437
243,0.522083138787178,0.4072588209296427,0.99999999293743,-3.7597284256798548e-06,-0.0007086744212502206,-0.03545374804967847,-0.0031762460712343454,-1.0333382078897557e-06,-3.937845577104317e-05,-0.0015466049626866084,-0.009323557195400164
244,0.527056018397793,0.4050297010686614,0.9999999967801796,-3.963521676011384e-06,-0.0007397846807931431,-0.03565983533496627,-0.003185317385941744,-9.503999649496109e-07,-3.8169129027675907e-05,-0.0017150154802525,-0.009232752309724285
245,0.5319881450173716,0.4029050768545473,0.9999999991275538,-4.174965309028516e-06,-0.0007716219424171775,-0.03585638199480661,-0.003191957250237465,-8.738261954022164e-07,-3.6924475050824694e-05,-0.001908579606468023,-0.009160540915526873
246,0.5368793098284713,0.4008919570522414,0.9999999999939543,-4.394000232415191e-06,-0.0008038898993504794,-0.036043242808676317,-0.0031960993073880672,-8.04819705990667e-07,-3.5648605823359017e-05,-0.0021325447876557446,-0.009107203526722443
247,0.5417292152794275,0.3989968389288652,0.9999999994019815,-4.620484501369917e-06,-0.0008362890461879707,-0.03622027538974318,-0.0031975661404430866,-7.435818361045676e-07,-3.434573925817094e-05,-0.002393610198732507,-0.009072990960675226
248,0.5465375857440253,0.397225819362959,0.9999999973820578,-4.854217610228798e-06,-0.000868521837450271,-0.036387316583440445,-0.0031963433139026165,-6.900062317072297e-07,-3.3020190279047915e-05,-0.0027004364052659363,-0.009058119845335142
249,0.5513042532388702,0.39558445417208976,0.9999999939720822,-5.095010713525461e-06,-0.0009002916064668504,-0.0365442406688859,-0.0031923167407512665,-6.447525038311142e-07,-3.1676381159099014e-05,-0.003064376335284641,-0.0090627681840234
250,0.5560290101012839,0.394077815261551,0.9999999892170173,-5.342594102367439e-06,-0.0009313093724407046,-0.03669084459661742,-0.0031854843255132437,-6.087147994549014e-07,-3.0318717056717287e-05,-0.003500543519280216,-0.009087071431853389
251,0.5607118358645502,0.39271040116044226,0.9999999831683505,-5.5967571538158175e-06,-0.0009612929457960256,-0.03682700186144568,-0.0031758006662130356,-5.806318199574889e-07,-2.895171425275124e-05,-0.004029407883307086,-0.009131118737536827
252,0.56535261633432,0.3914861621706904,0.9999999758834411,-5.857200473612347e-06,-0.000989971874927694,-0.03695260104031885,-0.003163236426189542,-5.617998226625787e-07,-2.757986246213864e-05,-0.004679238175021908,-0.00919494946116692
253,0.5699512341807023,0.3904085195849388,0.9999999674251032,-6.123560209217272e-06,-0.0010170901345380884,-0.03706750448225457,-0.0031477876473218203,-5.504249998011801e-07,-2.6207613015790407e-05,-0.00548994080708121,-0.009278549882434754
254,0.5745076732342973,0.38948033450747727,0.9999999578609935,-6.395507885305642e-06,-0.0010424065899386754,-0.03717162162189588,-0.0031294699292629957,-5.483712470777391e-07,-2.4839376129852755e-05,-0.00651928237857086,-0.009381850508099403
255,0.5790218456764495,0.38870394960555993,0.9999999472630098,-6.672623543595891e-06,-0.0010657000772621894,-0.037264787683346304,-0.003108320292085409,-5.534777187676809e-07,-2.347944418547573e-05,-0.007853331975802165,-0.009504723915344654
256,0.5834938356109113,0.38808114796134713,0.9999999357065623,-6.954559604896518e-06,-0.001086768064305614,-0.03734691562354187,-0.003084359923377633,-5.663094952979009e-07,-2.2132042355184868e-05,-0.009624700190334816,-0.00964698257179066
257,0.5879236349193481,0.38761321505443463,0.9999999232697868,-7.2408734227121395e-06,-0.0011054278735183416,-0.037417935883046455,-0.00305764889344573,-5.862783041266084e-07,-2.0801265884480668e-05,-0.012045902435823125,-0.009808377535426682
258,0.5923112098439252,0.3873008872546104,0.9999999100331887,-7.531083005657837e-06,-0.0011215238140874916,-0.03747776563442337,-0.0030283089727163315,-6.125320055616612e-07,-1.9491041917381804e-05,-0.015473745717883586,-0.009988597717041062
259,0.5966565873607808,0.38714440937267713,0.999999896078912,-7.824745179897475e-06,-0.0011349233255978002,-0.037526360301761194,-0.0029963250271975994,-6.457851782215585e-07,-1.8205142244418534e-05,-0.02054162142182477,-0.010187269325268538
260,0.6009597544085082,0.38714357279480427,0.999999881490218,-8.121311238471718e-06,-0.001145517611597113,-0.037563613291413576,-0.00296186120249331,-6.834656005594297e-07,-1.694711601156236e-05,-0.02845186238207973,-0.010403956083111583
261,0.6052208147862773,0.3872976707372678,0.9999998663507014,-8.420353434853076e-06,-0.0011532260906173847,-0.03758949466483134,-0.0029249885119497776,-7.270061814779183e-07,-1.5720341896746735e-05,-0.04167760292662309,-0.010638159889096076
262,0.6094397820733385,0.3876055421840385,0.9999998507434608,-8.721343650321973e-06,-0.001157991601836659,-0.03760398964768567,-0.002885758876800537,-7.758196147733543e-07,-1.4527966209373567e-05,-0.06579852440444413,-0.010889322069413742
263,0.6136166440326666,0.3880656508548414,0.9999998347509613,-9.023731302112278e-06,-0.0011597861492304476,-0.03760707373288781,-0.002844346920028329,-8.275042659988685e-07,-1.3372890122957779e-05,-0.11457295770379733,-0.011156824876969382
264,0.6177514532399044,0.3886759932153997,0.9999998184544162,-9.326995300299557e-06,-0.0011586026207643441,-0.037598767156845125,-0.0028008499648422003,-8.836893243824306e-07,-1.225778185021883e-05,-0.22222942287505631,-0.011439993606243794
265,0.6218441825709907,0.3894342058536819,0.9999998019334103,-9.630548432963986e-06,-0.0011544625124831787,-0.03757902518350783,-0.002755378605797887,-9.42833025874279e-07,-1.1185047495414975e-05,-0.44715551476037413,-0.01173809940734921
266,0.6258949413184247,0.3903375379066097,0.999999785265125,-9.93393435312365e-06,-0.001147409879503949,-0.0324596684840425,-0.0027080730069428682,-1.0046846909972373e-06,-2.192174985061814e-05,-3.882250955276042,-0.012110276714043073
267,0.6376949407237655,0.3438376934423639,0.9999996828136547,-1.3328632460669904e-05,-0.0012468422514595166,-0.030395902240830493,-0.0018854407826438546,-0.0035410388372838497,-3.7389530785409586e-05,-3.3916266106957105,-0.0125116085070103
268,0.6462268448104116,0.29093428110122066,0.9999992995343293,-1.3832164635988049e-05,-0.0014384664834029145,-0.029397591066865722,-0.0045279813930392265,-0.007465907838195562,-3.9375958250350476e-05,-3.1638759402363363,-0.012998328806240075
269,0.6521272425142703,0.25878337251130457,0.9999985960640929,-1.1539443114734874e-05,-0.0015397724163810232,-0.02831168126174737,-0.008956167846918106,-0.003018479561433196,-4.0559049637235913e-05,-3.0183719755933516,-0.0135066938873463
270,0.6566929453383847,0.2392908622458384,0.9999976004627558,-8.892577998121632e-06,-0.001602761665623389,-0.02754567391427262,-0.011568178422749043,-0.0006670515867881477,-1.0247442349883667e-05,-2.914301877493483,-0.014028832269123298
271,0.6608763800204533,0.21694244928021816,0.999996377403243,-6.775994743418382e-06,-0.001673653368964535,-0.027118994284770083,-0.011917724274098873,-0.00015909320791251957,-0.0001467829106605007,-2.8324201096956934,-0.014571699040129865
272,0.6648204518972051,0.19228448240027368,0.9999949987992253,-4.996359530381207e-06,-0.001725837046090857,-0.0269408780174006,-0.012011326849460602,-8.108483598334715e-05,-0.0005630560149569076,-2.7614601729138863,-0.015143299479474546
273,0.6684782284391163,0.1671611815660598,0.999993543079645,-3.540790747032851e-06,-0.0017844737833677571,-0.027118093877130277,-0.011706837452948093,-7.903906225692481e-05,-0.0013463030758556435,-2.6949262450664744,-0.01574923720533
274,0.6716738318891831,0.14279884202780868,0.9999920848440975,-2.3591054819380838e-06,-0.0018588883982508587,-0.0286197192306385,-0.011063204146921635,-8.614707621745765e-05,-0.0028322324290693227,-2.627910406307451,-0.01639532967458747
275,0.6737968912437367,0.1192522183910287,0.9999908864957365,-1.4289520784211147e-06,-0.0019478514823101855,-0.030647749464160382,-0.009458319284021854,-0.00036253847065381706,-0.004760816100485593,-2.5560214855478844,-0.017088558757702068
276,0.675663873966422,0.09739527061307535,0.9999901348412326,-7.736230095040584e-07,-0.002082585761763766,-0.03241168616383717,-0.00856038648635149,-0.0007035011076368392,-0.00547772021922737,-2.478932109584827,-0.01782624524160696
277,0.6762646642813543,0.09795714836346399,0.9999898717050473,-4.5930375912364703e-07,-0.0022296464799559375,-0.03447272402014478,-0.007695508189499378,-0.0008973243529908359,-0.006189647696350504,-2.3968626552029892,-0.01860711794291902
278,0.6765361452700367,0.09883014859528365,0.9999900834116754,-4.2130701676464786e-07,-0.002457430731304311,-0.0371484058605908,-0.007205679081380367,-0.0009379038820043206,-0.006918585845864159,-2.3056999167341132,-0.019441103614633637
279,0.6764279902023204,0.09971659962844755,0.9999907278090127,-5.924093997348864e-07,-0.0027500096572568543,-0.040588168886382225,-0.008049300871789455,-0.0006166830426082015,-0.007678057833764074,-2.1995983280437748,-0.02033565895895718
280,0.6760532872090769,0.10076782583391143,0.9999917362933628,-1.0792576315821434e-06,-0.0031040312123165634,-0.0447913207298987,-0.008488922379910946,-0.00022804671607445925,-0.008468373765985778,-2.0700526241243544,-0.02129340197564713
281,0.6757350213925931,0.10199514482682648,0.9999930182079417,-2.0788555120998513e-06,-0.0034509515540557256,-0.042637982263488916,-0.009016063064336777,-0.0002893459750339389,-0.009296531443735314,-1.9038491238689472,-0.022310982853794542
282,0.6776329615257113,0.10753765356059691,0.9999944667019169,-3.7059030486848787e-06,-0.003774070464041398,-0.02507322330060022,-0.008553792722523212,-9.638983465265483e-05,-0.003350035467401196,-1.7328784615640946,-0.023357774897974436
283,0.685398439230394,0.1263857921777891,0.99999491005364,-4.966623993679326e-06,-0.004120244370094483,-0.019700594000480062,-0.006926759611815214,-0.0027056958060711622,-0.0021706248789903028,-1.5812083988703862,-0.024424394006537526
284,0.689606315789437,0.14272449206434087,0.9999945934270851,-4.650470957412416e-06,-0.004361467207963833,-0.020422292328462863,-0.0066739898175001144,-0.0011713035637512803,-0.0026186575912204167,-1.4129643198293305,-0.025525730351831463
285,0.6903447450054248,0.15400419323079573,0.9999941777017216,-3.7659104782725887e-06,-0.00443283642301695,-0.02200611617569447,-0.004368651192635298,-0.0012134130811318755,-0.0027909558099726596,-1.2193452787603647,-0.026655090500460315
286,0.691294248225725,0.16331187508309286,0.9999941490893679,-3.3559447258476617e-06,-0.00435208581670038,-0.023903901937128234,-0.0037694794591516256,-0.0003673223836813122,-0.003179208672484337,-0.9930681925170334,-0.027807488550382762
287,0.6923705016402415,0.17088098501845211,0.9999944915995242,-3.5300808192826785e-06,-0.004293779475393303,-0.02340532883931947,-0.004728842061012983,-0.00024265385582111776,-0.0035885929429352323,-0.7636835188034462,-0.02898802771737575
288,0.6944437552958452,0.18078888828694295,0.9999951501539406,-4.210454842980698e-06,-0.004353405510476322,-0.015750032549017905,-0.005480788182467222,-0.0001228693436132744,-0.0013437499985380422,-0.5934975487407181,-0.030190848195389485
289,0.699894824501981,0.2012292131116242,0.9999953759377617,-4.714066126356799e-06,-0.004557621715563861,-0.013288053695822907,-0.00515538826584816,-0.0012364257127046585,-0.0016749366092626114,-0.5058044645105081,-0.03139647106614268
290,0.7013165860281825,0.21535013192393757,0.9999954282061073,-4.190589370694706e-06,-0.004546386269321642,-0.010947930013368853,-0.004724040627479553,-0.0002842983230948448,-0.00038080884244770584,-0.41706360497591366,-0.03261755981833531
291,0.7053564067381742,0.2491028476785634,0.999995432850989,-3.4977722937171133e-06,-0.0044838465760420835,-0.01053375678600522,-0.003695229534059763,-0.0004535653570201248,-0.0005586070104177788,-0.35999427708540893,-0.03381507293303773
292,0.7077545431146127,0.27137433840244635,0.9999954934973846,-2.9500651008222182e-06,-0.0042878340536436155,-0.009801689359454423,-0.0033130040392279625,-0.00014151964569464326,-1.3403193752659587e-05,-0.31303302039296155,-0.034995902258844
293,0.7108346544001432,0.29325414335911826,0.9999957110715918,-2.628407548223408e-06,-0.004055136149930048,-0.00814808070849153,-0.003028502222150564,-7.517665653722361e-05,-1.9272554468171136e-05,-0.27665372911586467,-0.036144149825008104
294,0.7148415477248606,0.3182503198587142,0.9999959201831727,-2.302717629639686e-06,-0.003910240703094687,-0.00719643838756464,-0.0037130964919924736,-0.000164819837664254,-4.115817891067111e-06,-0.24625542607153,-0.03726979054020838
295,0.7183623427309315,0.33954369596431244,0.9999961076517971,-2.0083561436305016e-06,-0.0037542957367466003,-0.0066067766549965145,-0.004164013545960188,-6.94247501087375e-05,-1.786374724112945e-05,-0.2203119865356652,-0.038374141764950714
296,0.7219037963803676,0.35682265650739886,0.9999963208094336,-1.858483400311607e-06,-0.003567486208728588,-0.00619379206495778,-0.004391869064420462,-2.956394928332884e-05,-2.6530204848789927e-05,-0.19763772785889508,-0.03945977318492073
297,0.7254275030012178,0.37087815931238155,0.9999965667913152,-1.8194952671512913e-06,-0.003393065964668153,-0.005883709593450914,-0.0046865628100931644,-2.3950808099471033e-05,-2.9879624958614457e-05,-0.17765307903282496,-0.04052992454390403
298,0.7289672636226631,0.38252273827182015,0.999996840649474,-1.8635802280398011e-06,-0.0032332976670818372,-0.005640641804383363,-0.004961078986525536,-1.553619404148776e-05,-3.0354121504564525e-05,-0.16003504495059173,-0.041585381707026595
299,0.7325203889227876,0.39223628988533077,0.9999971328161746,-1.9780195740969535e-06,-0.003089374267656212,-0.005446975278216771,-0.005222409963607788,-1.1733393876056653e-05,-2.9540503651577104e-05,-0.1445336339023605,-0.04262659155375172
300,0.7360893382995589,0.40040566230498525,0.9999974330258478,-2.155405422356836e-06,-0.0029592754693341565,-0.005292551871337726,-0.005462809931486845,-9.162847163679544e-06,-2.825361283725286e-05,-0.13093509415452828,-0.04365364742145967
301,0.7396730350777941,0.40731616112336705,0.9999977319858346,-2.3916793028673054e-06,-0.002841162164457901,-0.0051702034916933926,-0.005678257904946804,-6.9863067437836435e-06,-2.6860230281397396e-05,-0.11903882950354004,-0.04466651362097326
302,0.7432695218701131,0.4131965646111263,0.999998022040274,-2.684991176199933e-06,-0.0027335467348247842,-0.005075401927249004,-0.005867001600563526,-5.291080924507696e-06,-2.550863337821448e-05,-0.10864568963574117,-0.04566513186883294
303,0.7468777223740762,0.4182354268765298,0.9999982973078715,-3.033814568618579e-06,-0.0026348464464813924,-0.0050048795125041895,-0.006027188617736101,-3.877655217365827e-06,-2.423539036176185e-05,-0.09958396176484703,-0.046649337221793756
304,0.7504971588859617,0.42260287566973675,0.9999985535452736,-3.437060477320378e-06,-0.002543698154747636,-0.0049576908065365076,-0.006159411743283272,-2.820635700118146e-06,-2.3954114094258907e-05,-0.09168356832300617,-0.047618667448845804
305,0.7541303070355115,0.4259807758919865,0.9999987879853285,-3.885084335178972e-06,-0.00245869459747452,-0.004924448174493174,-0.006204621400684118,-1.928543269968941e-06,-2.235067548360177e-05,-0.0847959575407907,-0.04857339385471674
306,0.7577748252373063,0.4293994625370766,0.9999989989901932,-4.4054852485497255e-06,-0.0023815966487417536,-0.004916214652814405,-0.0063517834059894085,-5.721010893466882e-06,-2.1137344454879697e-05,-0.078798884311491,-0.04951375055091639
307,0.7614241837666105,0.4324963052705451,0.99999918608983,-4.96335157483694e-06,-0.0023067964500655272,-0.0049225947636683115,-0.006377341691404581,-8.17369254946243e-07,-2.0072553126277155e-05,-0.07358072863928908,-0.05043916981404954
308,0.765085399166425,0.43533473141867757,0.9999993496044401,-5.574359991547973e-06,-0.0022378170259421425,-0.004950146225151693,-0.006397789344191551,-2.9425962111417903e-06,-1.9086238766580305e-05,-0.06903967596627571,-0.0513491502839694
309,0.7687576998189877,0.4379523122215041,0.9999994904069571,-6.219520161762889e-06,-0.0021691671572167553,-0.004993808844785538,-0.006390288472175598,-8.079814506345429e-07,-1.8154656702488222e-05,-0.06509525682902216,-0.0522428467802018
310,0.7724399472708919,0.4404038748229021,0.9999996098409789,-6.904881683199897e-06,-0.0021032974714019423,-0.005053701105646219,-0.00635838508605957,-9.209095424012048e-07,-1.7256308724850746e-05,-0.06167528180303056,-0.05311991365738677
311,0.7761327149930892,0.4427324567534636,0.9999997094436633,-7.628070108999902e-06,-0.0020399197461093486,-0.005129952533437004,-0.006307501345872879,-1.1193083082616795e-06,-1.638188133393523e-05,-0.05871486322642108,-0.05398006342036403
312,0.7798359260981775,0.4449702412923187,0.9999997909186618,-8.38612232724462e-06,-0.001978710859788325,-0.005221809771733989,-0.0062364679761230946,-1.4405662795979879e-06,-1.5525072515832838e-05,-0.05616511169066765,-0.0548230003270505
313,0.7835493564458457,0.44713744357446067,0.9999998560534775,-9.17631334488844e-06,-0.0019194372897601427,-0.005329660834615742,-0.00614950293675065,-1.756390474838554e-06,-1.4679904691720206e-05,-0.0539811626111542,-0.05564849125739199
314,0.7872721913349494,0.44925581138645937,0.9999999066498196,-9.995843773331687e-06,-0.0018619307686441404,-0.005454009827179564,-0.006046769674867392,-2.1598129933408927e-06,-1.3844737089136266e-05,-0.052125109684758135,-0.056456356400832804
315,0.7910051283141089,0.4513409492681827,0.9999999444753762,-1.0842549951696444e-05,-0.0018060027382767081,-0.005594956143935713,-0.005929481703788042,-2.6078091650560964e-06,-1.302128301461545e-05,-0.05056687699594292,-0.05724643945742181
316,0.7947476989846475,0.4534000347942376,0.9999999712092565,-1.1714129406833641e-05,-0.0017515122375255175,-0.005751975267880815,-0.0057991743087768555,-3.086141987296287e-06,-1.2211164272535433e-05,-0.049281483332473466,-0.05801864029300705
317,0.798499187887618,0.4554368014815442,0.9999999884269951,-1.2608601547810548e-05,-0.0016983448980241764,-0.0059248174989782595,-0.0056581152603030205,-3.55874590241001e-06,-1.14171827997375e-05,-0.04824881507931284,-0.05877289438341842
318,0.8022588998318186,0.4574570472892603,0.9999999975790509,-1.3524365015414268e-05,-0.0016464061251872124,-0.006115725728485763,-0.005507975816726685,-4.032799097331008e-06,-1.0640769185136422e-05,-0.04745334820612651,-0.05950917484315951
319,0.806028260660778,0.45947195710513317,0.9999999999688173,-1.4460941395645e-05,-0.0015955490822002754,-0.006323583863283795,-0.0053478386253118515,-4.611556050804211e-06,-9.887473878868036e-06,-0.04688282506032879,-0.060227489713784964
320,0.8098059732010988,0.4614730721702413,0.9999999967566932,-1.5416970274425617e-05,-0.0015456676915856986,-0.006548429109712859,-0.005180285312235355,-5.140789198776474e-06,-9.155826241707693e-06,-0.0465296164600026,-0.06092785727763194
321,0.8135914689133948,0.46346422238442997,0.9999999889553945,-1.6392305237257584e-05,-0.001496679950081713,-0.006791688208344357,-0.005007415544241667,-5.655637323798146e-06,-8.461967603642571e-06,-0.046389085915672576,-0.0616103161629723
322,0.8173860026756351,0.4654449968401157,0.9999999774292373,-1.7387098298387755e-05,-0.0014484491517392823,-0.00705327279104256,-0.004827969241887331,-6.255974312807666e-06,-7.815555987741373e-06,-0.046461327452470044,-0.06227488784349815
323,0.8211877858474628,0.467382282290921,0.9999999629211782,-1.840175633942891e-05,-0.0014009300359953656,-0.007334022642803857,-0.0046445271000266075,-6.8081299104960635e-06,-7.318094757874231e-06,-0.046746724661406766,-0.06292159052432242
324,0.8249964850685076,0.46923809678412964,0.999999946037025,-1.9433675400364707e-05,-0.0013540845250758302,-0.007633271559326863,-0.0044483826495707035,-7.782075044815429e-06,-7.003373025183952e-06,-0.047252154892642916,-0.06355041667347884
325,0.8288128564780145,0.4709931197769678,0.99999992727255,-2.0486167333856058e-05,-0.0013080577312465287,-0.007952475842322903,-0.004245712887495756,-8.735739356779959e-06,-6.382117258103639e-06,-0.04798612426049159,-0.06416173731845191
326,0.8326389987923424,0.47281344398022107,0.9999999070440733,-2.1582079198053925e-05,-0.0012624782743428252,-0.008296010151488087,-0.004085302818566561,-7.5947382356389426e-06,-5.926632949681869e-06,-0.04896409672251725,-0.06475565203004649
327,0.8364697209563591,0.4745938821367118,0.9999998856751534,-2.2691530195060317e-05,-0.0012169353081148532,-0.008659706539450548,-0.003882049350067973,-9.658386261435226e-06,-5.633521415448695e-06,-0.05020447694645658,-0.06533188232649988
328,0.8403074093948703,0.47631394263549676,0.999999863354032,-2.3828338159148987e-05,-0.0011720304325906726,-0.009046575140260917,-0.003686618059873581,-1.0439612196933012e-05,-5.390815488974652e-06,-0.05173178227100719,-0.06589009767138496
329,0.8441510331362553,0.4779954513417696,0.9999998401774429,-2.4988490532508955e-05,-0.0011266012589645957,-0.009456689091646929,-0.00350164994597435,-1.0238311006105505e-05,-5.282598752763442e-06,-0.05357860546537729,-0.06642975623525488
330,0.8479996427977116,0.47963046615577637,0.9999998161142128,-2.6176297131472108e-05,-0.0010812206231754276,-0.009889388935700022,-0.0033089357893913984,-1.1354100934113376e-05,-5.313204916007512e-06,-0.05578443998404125,-0.06695044091248054
331,0.8518542937237903,0.4812201832960006,0.9999997910894306,-2.7400172614040383e-05,-0.0010360587671092315,-0.010346668120940731,-0.0031222228426486254,-1.2007188161078375e-05,-5.494631805996804e-06,-0.05839882710293834,-0.0674516589851648
332,0.8557142653074893,0.48276353112108167,0.9999997649539094,-2.866028804276385e-05,-0.0009908396337020924,-0.010828645723723598,-0.002938517602160573,-1.2717880053969566e-05,-5.844112812105473e-06,-0.06148361389383479,-0.06793276364483161
333,0.8595797576694337,0.4842609765684817,0.9999997374710433,-2.9963123399153066e-05,-0.0009456834087570441,-0.011336371508134435,-0.0027595784049481153,-1.3454447980620898e-05,-6.382728372068344e-06,-0.06511554037992755,-0.06839303878577024
334,0.8634503335476073,0.4857125060382317,0.9999997083767544,-3.131316871794212e-05,-0.0009006072673359455,-0.011871064625498402,-0.0025864734780043364,-1.4204617400537245e-05,-7.13335560692657e-06,-0.06939047191688265,-0.06883167124650492
335,0.8673253599179416,0.4871174304196619,0.9999996773231117,-3.2715095302282566e-05,-0.0008556481925756698,-0.01243367889074769,-0.002419954165816307,-1.5011350114946254e-05,-8.123419297784639e-06,-0.07442819109301146,-0.06924771542875983
336,0.8712042346804458,0.48847346201882114,0.9999996438851693,-3.417420317196184e-05,-0.0008108773524552836,-0.01302582128536868,-0.0022609408479183912,-1.5831970813451335e-05,-9.380716763296253e-06,-0.08037895748019186,-0.06964012690368764
337,0.8750865914519956,0.4897796882025407,0.9999996075717963,-3.5697434079082046e-05,-0.0007663805412712334,-0.013858627665697851,-0.0021112619433552027,-1.661461101321038e-05,-1.0585037045831132e-05,-0.08687949094412183,-0.07000087841333368
338,0.8787020929150383,0.4909408261997816,0.9999995578245692,-3.7205507439232744e-05,-0.0007203934807877004,-0.014409706095366289,-0.0018455738900229335,-5.8721921959659085e-05,-1.3154300661737663e-05,-0.09544681442269233,-0.0703455689488485
339,0.8828224576361952,0.49179211636095926,0.9999994988472498,-3.939238154748199e-05,-0.0006767007249441824,-0.015081252968507352,-0.0018572474364191294,-2.090572888846509e-05,-1.5254216816500958e-05,-0.10533706283745255,-0.07066160014479096
340,0.8867959915251495,0.49283646091773703,0.9999994481213177,-4.133350933941364e-05,-0.0006327843709169356,-0.015787517677513845,-0.0017000662628561258,-2.5792982341954485e-05,-1.7858041635666388e-05,-0.1172897940526889,-0.07095213494206014
341,0.890725186215396,0.4939783720532434,0.9999993988905285,-4.3255365618871e-05,-0.0005927906343519395,-0.016545156796046484,-0.0016181713435798883,-2.891148869821336e-05,-2.0940405751664865e-05,-0.1317674706392777,-0.07121408658575336
342,0.8946043880999468,0.49505347632155944,0.9999993464840292,-4.51399278289029e-05,-0.000552095768285961,-0.01735353060751831,-0.0015299461083486676,-1.6951013094512746e-05,-2.4380774654239298e-05,-0.1493728204548229,-0.07144467556903003
343,0.8985013977954431,0.49608620697464106,0.9999992884098471,-4.711118123803585e-05,-0.0005132334226962591,-0.01822416343233827,-0.0014498182572424412,-1.8352200640947558e-05,-2.7496028461002732e-05,-0.17082263582542276,-0.07164309997722242
344,0.9024834428460348,0.49708274041788947,0.9999992298914877,-4.9181598182663046e-05,-0.0004759928855317749,-0.019128307613126398,-0.0013766504125669599,-1.558329677209258e-05,-3.0559948433018e-05,-0.19695358048771466,-0.0718090810678315
345,0.9064937652648356,0.4979675968585366,0.9999991776607895,-5.123649498969578e-05,-0.00044077771715726586,-0.02004687549063393,-0.0013132054591551423,-1.233203693118412e-05,-3.3684612788013344e-05,-0.22870567333962544,-0.07194224068685565
346,0.9104951821791202,0.4987017775787677,0.9999991354653852,-5.320123933920363e-05,-0.0004084582475073109,-0.020969111085747425,-0.0012603470822796226,-9.305191269959323e-06,-3.6902104309432206e-05,-0.2670559534455505,-0.0720419361318591
347,0.9144611543031007,0.4992696234672004,0.9999991049699215,-5.503235387326272e-05,-0.00037946353455903156,-0.021887893456087947,-0.0012145807268097997,-7.4176632551825605e-06,-4.025113972847523e-05,-0.31288459617370135,-0.07210759892782848
348,0.9183744146588658,0.499669762330602,0.9999990864366474,-5.670822008475441e-05,-0.00035403818714547526,-0.022798513617622397,-0.0011736779706552625,-6.464682428486412e-06,-4.369743547450934e-05,-0.36676945166441777,-0.07213877550877673
349,0.922224453365851,0.49990914273667214,0.9999990792502044,-5.822150556250044e-05,-0.0003322644461174326,-0.023697925739608095,-0.001136854407377541,-5.923890512349317e-06,-4.721483755976141e-05,-0.4287390222942962,-0.07213513066060873
350,0.9260041446978314,0.49999869090487653,0.9999990822966516,-5.9574015326065194e-05,-0.00031409646943880785,-0.024584234315343553,-0.0011043624253943563,-5.480870640894864e-06,-5.0771717941474546e-05,-0.49806488439841545,-0.07209643349445934
351,0.9297081152942273,0.49995152053742026,0.9999990942274124,-6.0770624097018615e-05,-0.00029943561750318506,-0.02545609299990186,-0.001075375359505415,-5.21542187925661e-06,-5.434364530298663e-05,-0.5732052061499375,-0.07202254922290946
352,0.9333318806131288,0.4997818496119412,0.999999113632842,-6.181961512334252e-05,-0.00028815035542417223,-0.02631309793273585,-0.0010501821525394917,-4.943215117236832e-06,-5.7908353120098316e-05,-0.6519741268790245,-0.07191343161556504
353,0.936872223411157,0.4995040484219834,0.9999991391476833,-6.272934290172153e-05,-0.0002800965521456758,-0.02715464033906466,-0.001028337748721242,-4.753986104333308e-06,-6.13958126425974e-05,-0.7319009752438607,-0.07176914169756013
354,0.9403268045961203,0.49913169375421285,0.9999991697709723,-6.350822474271014e-05,-0.00027511723199816944,-0.027982610235068525,-0.0010097963968291879,-4.5653882807528134e-06,-6.47217088610947e-05,-0.8106338360958145,-0.07158998702074876
355,0.9437065618427225,0.4987800113285517,0.9999992042047986,-6.416183693164291e-05,-0.000273526289116803,-0.028791932726870268,-0.000994003377854824,-4.512490704655647e-06,-6.80584169641795e-05,-0.8862860818990002,-0.07137619393568918
356,0.9469914278006497,0.4984023254660372,0.9999992411785706,-6.470453167236635e-05,-0.00027473463470156106,-0.029582548605989384,-0.0009825873421505094,-4.1659136513771955e-06,-7.135068508306597e-05,-0.9575452311155692,-0.07112814956832403
357,0.9501740371046264,0.4979863727180272,0.9999992799108028,-6.514305465866291e-05,-0.0002785346773629556,-0.030354783009952816,-0.0009738188236951828,-4.031569460494211e-06,-7.460282706557484e-05,-1.023684645152885,-0.07084608656309221
358,0.9532514877315098,0.49753780290211264,0.999999319740428,-6.548349919265117e-05,-0.0002847748166295553,-0.03110856182259418,-0.0009677213965915143,-3.89426213587285e-06,-7.778277810220208e-05,-1.0844298149892748,-0.07053038531532263
359,0.9562209725945688,0.4970620646753864,0.9999993601612922,-6.573050265479212e-05,-0.0002933371729438227,-0.03184312138881313,-0.0009642463410273194,-3.7777031138830353e-06,-8.091090244899049e-05,-1.1398318517383812,-0.07018150375666396
360,0.9590786780600316,0.49656542185467323,0.9999994006589988,-6.588871734450502e-05,-0.0003041091067601279,-0.032558671002813594,-0.0009636292234063148,-3.598652938308078e-06,-8.396506240716985e-05,-1.1901467907219774,-0.06979997049971906
361,0.9618223533245223,0.49605271199714235,0.9999994407824941,-6.596376932390985e-05,-0.00031697943522219704,-0.03325522523497447,-0.0009654723107814789,-3.4630509162525414e-06,-8.693598338066701e-05,-1.235743445878043,-0.0693863900232831
362,0.9644496208320057,0.49552836939088907,0.9999994801735075,-6.596099025738075e-05,-0.0003318140258131179,-0.0339327536210072,-0.0009697597706690431,-3.3281592095590895e-06,-8.981749055422339e-05,-1.2770383876092801,-0.06894143587966793
363,0.9669583102165588,0.49499632913120917,0.9999995185457976,-6.588508217049602e-05,-0.0003484933438022895,-0.034591204406843996,-0.0009763595298863947,-3.189365315847681e-06,-9.260195306119484e-05,-1.3144548539259988,-0.06846583300580761
364,0.9693464031238704,0.4944601003968241,0.9999995556706284,-6.573988000685713e-05,-0.00036690316114004295,-0.03523042174530822,-0.000985103426501155,-3.0889011668477906e-06,-9.528782082850949e-05,-1.3483987395206447,-0.06796035605932864
365,0.971612149851798,0.4939227273069466,0.9999995913684901,-6.552982018409668e-05,-0.0003869182072401729,-0.03585035810631417,-0.0009959802264347672,-2.962279950224911e-06,-9.787229013159243e-05,-1.3792459966823813,-0.0674258261446314
366,0.9737540497500159,0.49338680561061454,0.9999996255027916,-6.525889599777928e-05,-0.00040842326000943373,-0.03645100541935939,-0.0010088052367791533,-2.8444960662454832e-06,-0.00010035136065270016,-1.4073374699733265,-0.06686310374226696
367,0.9757707192320341,0.4928545548689773,0.999999657973806,-6.493069968550695e-05,-0.00043130078069791476,-0.03703234756182164,-0.0010234344517812133,-2.739656110861688e-06,-0.00010272366911716639,-1.432977952966581,-0.06627308551383643
368,0.9776610400206158,0.49232791269150517,0.9999996887141483,-6.454867794402509e-05,-0.00045543633202553503,-0.037594461548665005,-0.0010398119920864701,-2.634985094118747e-06,-0.0001049898787169436,-1.4564376044443457,-0.06565669920123192
369,0.9794241299063968,0.4918084917361955,0.9999997176848171,-6.411640246601884e-05,-0.00048071699711930185,-0.03813984200898274,-0.001057816087268293,-2.5210704279743368e-06,-0.000107144650343916,-1.4779546326125104,-0.06501489786998216
370,0.9810614898330262,0.49129334785285844,0.999999744873445,-6.363724208646761e-05,-0.0005069924184867143,-0.03866859316769687,-0.0010772313689813018,-2.479989689163631e-06,-0.00010889428431519552,-1.497739493671907,-0.06434876396134734
371,0.9825750943059985,0.4907766222600124,0.999999770850685,-6.311180177558737e-05,-0.0005340366411402574,-0.039169585790335165,-0.001097875996492803,-2.3754118956276216e-06,-0.0001107639087984768,-1.5159752339363448,-0.06365930986264255
372,0.9839534700397685,0.4902842691603571,0.9999997953515741,-6.252411716701462e-05,-0.0005620532857367855,-0.03964791655111249,-0.0011202621972188354,-2.24087943934137e-06,-0.00011256160400164762,-1.5328197516442965,-0.06294743750891395
373,0.9852008966967807,0.48981041415595117,0.9999998180238656,-6.189244002720083e-05,-0.0005909361405714332,-0.040105984695864974,-0.001143022207543254,-2.038174898189027e-06,-0.0001141925698546948,-1.548414996048033,-0.062214166652192864
374,0.9863190679229787,0.48935359733933426,0.9999998388961444,-6.122594227108112e-05,-0.0006204117011776559,-0.040541072719159195,-0.0011666272766888142,-1.9498183974064887e-06,-0.00011587847268436331,-1.5628856523133687,-0.061460533563955505
375,0.9873053388566049,0.48892384970247665,0.999999857810551,-6.052674558013205e-05,-0.0006504710045566592,-0.040956101530001635,-0.001191598828881979,-1.8881341929954942e-06,-0.00011758605522824489,-1.5763406909291362,-0.06068753835029725
376,0.9881618004603383,0.4885201126012265,0.9999998746325796,-5.980934409287088e-05,-0.0006810214174542831,-0.041360508913828836,-0.0012172885471954942,-1.752426328494039e-06,-0.00011916191275369085,-1.5888797013570735,-0.05989629294586435
377,0.9888948429087161,0.48812640517590206,0.999999889496261,-5.9086763510551816e-05,-0.0007117750990580979,-0.04175388039590922,-0.001243783626705408,-1.766110358403239e-06,-0.00012060470081288796,-1.6005888567457363,-0.0590878780035825
378,0.9895047489615579,0.4877414454328669,0.9999999027619731,-5.835532825907436e-05,-0.0007425786132051503,-0.04213538941487193,-0.0012716918718069792,-1.7428551473130938e-06,-0.00012195228857051549,-1.6115460075058967,-0.05826342299139712
379,0.9899917070435517,0.4873653589374222,0.9999999146818757,-5.760944659307931e-05,-0.0007735068040861972,-0.042514707532350066,-0.0013006842928007245,-1.6926711623455049e-06,-0.00012294392354353207,-1.6218218449463322,-0.05742409665501541
380,0.9903627335555009,0.4869732646437623,0.9999999256466238,-5.6849117757822825e-05,-0.0008042658503886478,-0.042878388253663274,-0.0013301533181220293,-1.684958419900795e-06,-0.00012368675419324225,-1.631474047013164,-0.05657089761503148
381,0.9906120491199377,0.486584770009835,0.9999999360913777,-5.604729725481482e-05,-0.0008349773825356887,-0.04321468661393362,-0.0013608592562377453,-1.6154875766005716e-06,-0.00012451607650075457,-1.640556126166655,-0.05570485969665956
382,0.9907346825694896,0.486226767074245,0.9999999458624897,-5.519425807152702e-05,-0.0008660711461231954,-0.0435287749720411,-0.001391173922456801,-1.3718220088776434e-06,-0.00012536220646708945,-1.6491145177195354,-0.05482688662031562
383,0.9907346042552849,0.4858959777146646,0.9999999546792463,-5.4306905324844725e-05,-0.0008974287338806246,-0.04382081179540803,-0.0014201799640432,-1.20381855595042e-06,-0.00012613643609161646,-1.657190168939373,-0.053937876993469254
384,0.9906137883730324,0.48559623962221454,0.9999999624709217,-5.339698642887281e-05,-0.0009288105015587353,-0.044091802629321324,-0.0014492733171209693,-1.150058778875973e-06,-0.00012734188965971566,-1.6648198384272364,-0.053038723238941286
385,0.9903732672256043,0.48533854284151323,0.999999968958198,-5.247788611434216e-05,-0.0009602159653591621,-0.044363371994761654,-0.001478471327573061,-1.0693730700950255e-06,-0.00012808083452150686,-1.672038782165881,-0.052130451237456354
386,0.9900246677183467,0.48507272523109846,0.9999999744027923,-5.157581036281598e-05,-0.000991048578513976,-0.044632697041055346,-0.0015077043790370226,-1.1424243666624534e-06,-0.0001286783790745554,-1.6788817890779784,-0.051214232898672975
387,0.9895680741363516,0.4848015707280825,0.9999999791102062,-5.06737957855262e-05,-0.0010211025512722686,-0.04489717164993179,-0.0015388205647468567,-1.1692346788549912e-06,-0.00012877206611315765,-1.6853791406762229,-0.050291212604620786
388,0.9890049555776793,0.48451742320640123,0.9999999834116867,-4.97570326864349e-05,-0.0010505670914331636,-0.04513861340958428,-0.0015701204538345337,-1.0988475196427316e-06,-0.00012911192753183907,-1.6915561991897592,-0.04936230624150196
389,0.9883302952260825,0.4842659045909597,0.9999999872534477,-4.880240526696015e-05,-0.001080039296502478,-0.045369900482213614,-0.0016009152168408036,-9.242850751434162e-07,-0.00012922085254190628,-1.6974353874785528,-0.0484283504457533
390,0.987550961556069,0.48401855100847635,0.9999999905889185,-4.7826570105183926e-05,-0.001109287835709647,-0.04557428938122091,-0.0016294262604787946,-8.05938668690942e-07,-0.0001294479856237183,-1.7030343293661478,-0.04749005243050445
391,0.986664358645273,0.4838186550163061,0.9999999933985878,-4.68211814204754e-05,-0.0011384332226746876,-0.04575968887227614,-0.0016576724592596292,-7.054407547002484e-07,-0.00012998147337856528,-1.7083733478151506,-0.04654831550271173
392,0.9856751445798496,0.48365967987623487,0.9999999955522979,-4.58080996288182e-05,-0.0011675282404876397,-0.04594071866299356,-0.0016846290091052651,-6.504538418994343e-07,-0.00013029907122264023,-1.7134684476612128,-0.045603917931032176
393,0.9845899505910769,0.4835110079167114,0.9999999971487797,-4.4808609808744044e-05,-0.0011959381164419122,-0.04613166911799914,-0.0017113102367147803,-6.679062494185928e-07,-0.00013017685124905716,-1.7183399492677447,-0.044657994602634116
394,0.9834142336716778,0.48333332041358795,0.9999999983481671,-4.382198943304632e-05,-0.001223045122774461,-0.046306468075297424,-0.0017390921711921692,-7.31233853912272e-07,-0.00012999606866322661,-1.7229999417185586,-0.04371134883538022
395,0.9821441748204374,0.48317776978019705,0.9999999992362192,-4.281515929023043e-05,-0.0012495324353949708,-0.04646586054939057,-0.001767550129443407,-6.40477651359106e-07,-0.00012989703493806334,-1.7274648861935586,-0.042764943601388626
396,0.980782263882297,0.48304723911746694,0.9999999997818516,-4.179163640013604e-05,-0.001275890514635145,-0.0466155913290564,-0.0017931015463545918,-4.900823569187196e-07,-0.00012977718123159164,-1.7317449431267944,-0.041819392954816494
397,0.9793325460742175,0.48293516513589624,0.9999999999948732,-4.075905614534331e-05,-0.0013018063314505356,-0.04675582562634197,-0.0018171094125136733,-4.352514793026785e-07,-0.00012936369137530972,-1.7358518878523015,-0.04087550716057161
398,0.9777981068722418,0.4828361429829178,0.9999999998959263,-3.971996128351581e-05,-0.001327016809276557,-0.0468773344390045,-0.0018404689617455006,-4.0696679093343846e-07,-0.00012926559624296853,-1.739796115945583,-0.03993405937273968
399,0.9761801908952096,0.48278030613072204,0.9999999995098937,-3.867106300051361e-05,-0.0013518601709226262,-0.04698783415679005,-0.0018627960234880447,-3.4400284221192123e-07,-0.0001291733436282693,-1.7435856691681995,-0.038995692391551325
400,0.9744828986113869,0.4827542159930471,0.9999999989027727,-3.762750952557503e-05,-0.001376304791684648,-0.04709506112636767,-0.0018839000258594751,-3.30774042822668e-07,-0.0001291799793054032,-1.7472295711910946,-0.0380611101911055
401,0.9727099959895037,0.48274559877363693,0.9999999981619979,-3.659865979719799e-05,-0.0013999663680067638,-0.047211671311199896,-0.0019047927344217896,-3.3151127354358323e-07,-0.00012854878431961355,-1.750738270777963,-0.037131185555682
402,0.9708649617030294,0.482712756095044,0.9999999972611973,-3.558632706765198e-05,-0.0014223664760975839,-0.04731641711268068,-0.0019261453999206424,-3.5484177374200954e-07,-0.00012812311192352698,-1.7541200538678294,-0.03620667622438368
403,0.9689480887227545,0.48270439069669824,0.9999999961825687,-3.4566679993276463e-05,-0.0014440533967738525,-0.04741191805495705,-0.0019471102859824896,-2.850078431038128e-07,-0.00012769347229663923,-1.7573811807451745,-0.03528818572112271
404,0.9669620411593284,0.48271596795212085,0.9999999949552022,-3.3543161937013136e-05,-0.001465467212613467,-0.047500169040307405,-0.0019654089119285345,-2.2161209756177414e-07,-0.00012724593150016962,-1.7605281032795628,-0.03437629066740682
405,0.9649102937642932,0.4827469515793004,0.9999999936082733,-3.252042458273165e-05,-0.0014863436688112837,-0.04758230167357379,-0.0019821343012154102,-1.8438815629906458e-07,-0.00012677334644437484,-1.7635669383489117,-0.033471601418286694
406,0.9627958460302012,0.4827948907724142,0.9999999921682692,-3.1501240089866305e-05,-0.0015065890619129782,-0.04765899374543772,-0.0019981921650469303,-1.7168792965094326e-07,-0.0001262748148788367,-1.7665034343435995,-0.03257472928926507
407,0.9606214283513664,0.48285850099663963,0.9999999906581198,-3.0487559103171378e-05,-0.0015261646345207697,-0.0477308422611402,-0.002013388555496931,-1.5652534557375475e-07,-0.0001257511557798072,-1.7693429655097408,-0.031686268364361864
408,0.9583897271943591,0.4829368798614182,0.9999999890973271,-2.9480509340966362e-05,-0.0015450748604367815,-0.04779837107109673,-0.0020276892464607954,-1.4127741110314673e-07,-0.00012520229825829706,-1.7720905629111876,-0.030806791573800667
409,0.9561033982196661,0.48302913956439825,0.9999999875015279,-2.8481078789582257e-05,-0.001563319547049802,-0.04786184099166047,-0.0020409042481333017,-1.25003609241503e-07,-0.00012462915429014063,-1.7747509187457808,-0.02993684740243291
410,0.9537651100990369,0.483134860932364,0.9999999858848851,-2.7489350766686226e-05,-0.0015809353704639944,-0.04792147080580272,-0.0020534805953502655,-1.1624987905634043e-07,-0.0001240388897164939,-1.7773284260055389,-0.02907696383747408
411,0.9513774364283016,0.48325337940272833,0.9999999842601787,-2.650644967676766e-05,-0.0015979055645800723,-0.04797769704677862,-0.002065056236460805,-1.0271896400126934e-07,-0.00012343558926725218,-1.7798271721517374,-0.02822765221235084
412,0.948942966842493,0.48338404088760456,0.9999999826385726,-2.5533168596597638e-05,-0.0016142404997852669,-0.04803078767988699,-0.0020755284931510687,-8.976830656592938e-08,-0.0001228146350363733,-1.7822509818516004,-0.027389405028227204
413,0.9464643222775112,0.48352611548996016,0.9999999810302106,-2.4569842357096515e-05,-0.0016299481506529244,-0.04808097104765685,-0.002085269195958972,-8.403704754300634e-08,-0.00012218233602988835,-1.7846034582228931,-0.02656269931505738
414,0.9439439829966714,0.48367900038290906,0.9999999794442281,-2.3617466675110093e-05,-0.0016450189287001032,-0.04812858584305324,-0.002093841088935733,-7.646571731356744e-08,-0.00012153624254607331,-1.7868879659687193,-0.0257479915542168
415,0.9413844571461433,0.48384213466442483,0.9999999778890746,-2.267626483888326e-05,-0.0016594979418225356,-0.048173765079729765,-0.002101668855175376,-7.098565646401767e-08,-0.0001208790973900194,-1.789107678106679,-0.024945719615229775
416,0.9387881797370943,0.4840148680346535,0.999999976372545,-2.1747103671440593e-05,-0.0016733703006575993,-0.048216784077929634,-0.002108618151396513,-6.777440120231404e-08,-0.00012021346404382798,-1.7912655683359036,-0.024156305729088765
417,0.9361575457125615,0.48419660428984634,0.9999999749016943,-2.083051392593291e-05,-0.0016866582558997302,-0.048257027736676276,-0.002114758361130953,-6.42200177480845e-08,-0.00011956027476996076,-1.7933643435566695,-0.023380148476437324
418,0.9334950422502859,0.48438872921052334,0.9999999734913407,-1.9927042292279966e-05,-0.0016993970544679736,-0.04829616726454324,-0.0021202480420470238,-6.323571710709075e-08,-0.00011890116786122505,-1.7954067352155658,-0.022617643097564873
419,0.9308027953033119,0.48458755889150906,0.99999997215685,-1.9038526350942984e-05,-0.0017115461284794675,-0.048334327583613335,-0.002124718390405178,-6.222204262940068e-08,-0.0001182279695785121,-1.7973951253518086,-0.02186915865772356
420,0.9280831151523335,0.4847924985916164,0.9999999708934979,-1.8165007850411964e-05,-0.0017231116700763614,-0.04837178956026195,-0.002128679770976305,-6.16373014850069e-08,-0.00011753886202795404,-1.7993319792041236,-0.02113506213449603
421,0.9253380658277892,0.4850020643704902,0.9999999696955814,-1.730684432962202e-05,-0.0017340977331410461,-0.04840780427526326,-0.0021319144871085882,-6.437546318238674e-08,-0.00011685134743383468,-1.801219446217187,-0.020415691941003948
422,0.9225699252260744,0.4852176492742675,0.9999999685604943,-1.6463755799426724e-05,-0.001744568109761062,-0.04844260381822308,-0.002134558279067278,-6.522864737235068e-08,-0.00011617061141592288,-1.8030596460061592,-0.019711375681457918
423,0.9197807778181102,0.4854385668880925,0.9999999674981482,-1.5636662397244e-05,-0.0017545293942421657,-0.04847653873332034,-0.002136379946023226,-6.79403839853876e-08,-0.00011549218207724346,-1.8048544880741357,-0.019022422638336336
424,0.9169727376212712,0.48566405951723257,0.9999999665149754,-1.4826259966394279e-05,-0.0017639824030714487,-0.04839707274865654,-0.0021376116201281548,-6.919414374806365e-08,-0.00011653097955187284,-1.806598959966069,-0.018348676662849457
425,0.9141679016429425,0.48611807786627337,0.999999966439869,-1.4027247882187088e-05,-0.0017764541137668603,-0.048151933457960004,-0.002144724363461137,-3.7990906776030897e-07,-0.00012255114102679683,-1.8082869312393541,-0.01768968946430482
426,0.9113793686011324,0.48690159630506,0.9999999710205353,-1.331759599528272e-05,-0.001795271794609596,-0.047850445445551455,-0.0021582734771072865,-2.377008513576584e-06,-0.000130681141830226,-1.809906624439087,-0.017044542851383453
427,0.9085903589694013,0.4879108376669276,0.9999999813512571,-1.2851398303460809e-05,-0.0018195138945123028,-0.047646831919825584,-0.002195191103965044,-9.192478501063306e-06,-0.00012701262814409714,-1.8113354808941329,-0.016408810197109307
428,0.9057856005493959,0.4891511586217007,0.9999999966051151,-1.279624067807855e-05,-0.0018455841143556323,-0.047645385454755364,-0.002259590895846486,-2.2531248760060407e-05,-0.00013942429982074898,-1.812687236607217,-0.015786356204653122
429,0.9029544206810624,0.4904518341087815,0.9999999968043303,-1.3284307418706555e-05,-0.0018633494993389274,-0.04790535751089171,-0.002352380193769932,-3.680956797325052e-05,-0.00017422608398183514,-1.8140841261465739,-0.01518126485946937
430,0.9000831728776929,0.4913116255013605,0.9999999699275,-1.4242497555248689e-05,-0.0018560642076660635,-0.04816664701260315,-0.0025258183013647795,-4.286128023522906e-05,-0.00018244450678025687,-1.8154493739852668,-0.014590978701845139
431,0.897183245061702,0.4914013169608551,0.9999999191168077,-1.5152678679511854e-05,-0.0018504450220302676,-0.048293337618772206,-0.0027198540046811104,-1.87269106390886e-05,-0.00018347644260063303,-1.8167078288281608,-0.014012216391341946
432,0.894249815829355,0.4911196141950866,0.9999998336698493,-1.612923368575303e-05,-0.0018667271487331416,-0.04854199610309156,-0.0027727445121854544,-1.1541960702743381e-05,-0.0002026580965213909,-1.817961460047608,-0.01344711851928113
433,0.8913236814387415,0.49087749114788043,0.9999996805730736,-1.7514239760821354e-05,-0.0018903654558015354,-0.049442586227437225,-0.002783694304525852,-1.4212811038305517e-05,-0.00023939965377675675,-1.819204229989926,-0.012895206495470329
434,0.8883402167569572,0.4904830468092086,0.9999994728872403,-1.9631191995789654e-05,-0.001884005935674186,-0.05010634416271736,-0.0029378754552453756,-3.641482544480823e-05,-0.00026003991230532465,-1.8204164722569924,-0.012357299111451812
435,0.8854197816265251,0.48914908515193867,0.9999992228116892,-2.176539680112945e-05,-0.0018766185625883184,-0.050665479731316174,-0.003023264929652214,-2.191971907450352e-05,-0.0002792841295422415,-1.8215277773530163,-0.011832905341092577
436,0.8825518280858407,0.4873017611590199,0.9999988579704034,-2.4226856448693684e-05,-0.001879469556957802,-0.05217413746319625,-0.0029282544273883104,-8.406427696172614e-06,-0.0003144579316180969,-1.8226751066940627,-0.011325237076983283
437,0.8795940281461022,0.48528248930254375,0.9999984159251477,-2.7707059371295096e-05,-0.0018549471804535783,-0.053038974975712576,-0.003019896103069186,-2.661396865732968e-05,-0.0003480044951065086,-1.8237489799052036,-0.010834170082993037
438,0.8768678520668364,0.48174628776409867,0.9999978608370453,-3.1120520530496704e-05,-0.0018339337958753381,-0.05476453219489586,-0.0028862988110631704,-4.671108035836369e-05,-0.0003794185906246969,-1.8248452192238778,-0.010361794503322178
439,0.8740670077538993,0.4777236757150817,0.9999972105848426,-3.572981200164121e-05,-0.0017927352525544382,-0.05622643781506677,-0.0028316271491348743,-1.8881743017118424e-05,-0.00042941144040767494,-1.8258693918204747,-0.009910239967825373
440,0.8715148652702431,0.47211373323040723,0.99999638027466,-4.063912979505858e-05,-0.0017489555555725285,-0.05867022406421428,-0.0026956009678542614,-4.596570579451509e-05,-0.0004557689049072387,-1.826916689087633,-0.009479095510999513
441,0.8688859555475031,0.4656997003037482,0.9999954444336842,-4.7048291608664097e-05,-0.001681885513727845,-0.060793117248762935,-0.0026485177222639322,-1.4627984455728438e-05,-0.0005233976387341957,-1.8279067798662976,-0.009072151883112698
442,0.8665723902092032,0.456915690628824,0.9999942907416236,-5.375128149988635e-05,-0.0016166374956298744,-0.06338104590608214,-0.002522544004023075,-3.5387827665545046e-05,-0.0004533895462864649,-1.8288911207602236,-0.008688564400660886
443,0.8644316286539445,0.44679270418776623,0.9999928614298708,-6.159848104672629e-05,-0.0015529934549378677,-0.06773782483985785,-0.002383222570642829,-2.7467192921903916e-05,-0.0005868090772937321,-1.8298702572460226,-0.008326554742721076
444,0.8620651129875556,0.43523153772986817,0.9999912877613976,-7.130537865427925e-05,-0.0014534224082447932,-0.0710645023413528,-0.002424597507342696,-2.686382686079014e-05,-0.0005304887935762269,-1.830841924403458,-0.007989651056326964
445,0.8603311981106362,0.41955779417158096,0.9999894664525498,-8.093702353035514e-05,-0.0013790752234052867,-0.0757776492691012,-0.0023007839918136597,-0.00010435247531859204,-0.000758652763247438,-1.8317952345440869,-0.007678324289330718
446,0.8586491557419733,0.40393508999632793,0.9999872546476258,-9.283843904415758e-05,-0.0013105350256917062,-0.08161380291507361,-0.002213213359937072,-7.1687602030579e-05,-0.0008213321948030803,-1.8327341883323058,-0.0073913908227090696
447,0.8572520364584356,0.38774927482352506,0.9999846507480303,-0.00010675535583511245,-0.0012349017599774938,-0.08524935756879597,-0.0021700644865632057,-9.992357809096575e-05,-0.0008894271640324147,-1.8336508222045986,-0.007130257917998669
448,0.8549916839044716,0.3735159427303489,0.9999816109679769,-0.0001241946469036204,-0.0011346420932232082,-0.07579366020517905,-0.0022292332723736763,-6.011288132867776e-05,-0.0004241530149570068,-1.8348593034446563,-0.006875082892354784
449,0.8463608577329137,0.37367580261951083,0.9999805344705208,-0.0001511620787952892,-0.0009499349726717641,-0.07148181781496053,-0.0027229648549109697,-0.00017994495283346623,-0.000323913563299886,-1.8364098541278828,-0.0066229327883441155
450,0.838287748865187,0.3659971507626887,0.9999821186079764,-0.0001640023629483185,-0.0008263428736286313,-0.07008389021774936,-0.003238162724301219,-0.0007793062832206488,-0.00025914160175286694,-1.8381507566919464,-0.006365471800528897
451,0.8305974597142693,0.35620698781572274,0.9999852772174782,-0.0001638931767954969,-0.0008071889419771136,-0.07013865353842251,-0.003803894156590104,-0.00047262420412153006,-0.00022216141467543105,-1.8400125165242742,-0.006101742789414951
452,0.823526123181022,0.3445292996728655,0.9999890331126807,-0.000154485713256776,-0.0008448787569596326,-0.07071095889846264,-0.004320218693464994,-0.0001914111344376579,-0.0001994284028690299,-1.8419368262946705,-0.005834536129178525
453,0.8171811170997046,0.3331386751703749,0.999992667707476,-0.00013935945752406513,-0.000882413709616948,-0.07139177368281996,-0.004514162894338369,-0.0001168971139122732,-0.00018454507331354655,-1.8438832789302972,-0.00556874000550986
454,0.8114644897857812,0.3232440223321453,0.999995726235632,-0.0001207757030707371,-0.0009344118045566822,-0.07198396914293682,-0.004568487871438265,-0.00013915685121901333,-0.00017388623966848284,-1.845826850209893,-0.0053065435506383825
455,0.806262275878355,0.3152889869011778,0.9999979786901542,-0.00010074627589331765,-0.0010185384031304308,-0.07239803132053442,-0.004544887226074934,-0.0001266966137336567,-0.00016523041838815316,-1.847752294685994,-0.00504907149066376
456,0.8015171696430728,0.3093881084321052,0.9999993689720391,-8.103469456268494e-05,-0.0011346058361326368,-0.07260704776541313,-0.004394000396132469,-0.00010074324382003397,-0.00015808302531306043,-1.849650083832195,-0.004798349988478478
457,0.7972180405085403,0.30556863398846,0.9999999593153451,-6.280944011873158e-05,-0.0012742841787482901,-0.07260618562091209,-0.004208908416330814,-5.5810687626944855e-05,-0.00015152351412637093,-1.8515142245457856,-0.0045576423512334345
458,0.7933298351936844,0.3037018098204456,0.9999998807434334,-4.6890540406825687e-05,-0.0014242948479229536,-0.07242898028642862,-0.00398521451279521,-5.297884126775898e-05,-0.0001452148154993739,-1.8533417467412556,-0.004330884415163276
459,0.7898136141482616,0.3036567254602865,0.9999992942568513,-3.356052070346633e-05,-0.0015776903837892162,-0.0720952604430874,-0.0037472425028681755,-3.444478352321312e-05,-0.0001389884016182431,-1.8551313654489445,-0.004122082827132802
460,0.7866292222247954,0.3052331730094126,0.9999983638228742,-2.2871844538489748e-05,-0.0017246068865311326,-0.07163643727766876,-0.0035367729142308235,-2.316300196980592e-05,-0.0001327601600850709,-1.8568828254854823,-0.003934934236797379
461,0.7837242236419875,0.30825690806520284,0.9999972392508999,-1.4646244795499652e-05,-0.0018618013705789353,-0.0710810625940243,-0.0033491875510662794,-1.5563186025246978e-05,-0.00012651489462524895,-1.8585966034205659,-0.003772573894855705
462,0.7810536879684318,0.31254055713724493,0.9999960470427608,-8.61114980019106e-06,-0.0019865133241477977,-0.07045543740814232,-0.0031863204203546047,-1.0437993296363857e-05,-0.0001202727700244261,-1.86027360210716,-0.0036375527910029034
463,0.7785776959007806,0.3179049611449359,0.9999948867318545,-4.446205653849361e-06,-0.002097551042795475,-0.06978253194297561,-0.0030458427499979734,-7.116456799849402e-06,-0.00011407102284127069,-1.8619149725101014,-0.003531851778340137
464,0.7762628173469487,0.3241784111463909,0.9999938309929335,-1.8239739841467289e-06,-0.0021946991539275908,-0.06908148867589953,-0.002925181994214654,-4.9530631258676294e-06,-0.00010796178432550559,-1.8635219823345937,-0.0034569349842406777
465,0.7740818099026348,0.33119971142530513,0.9999929280372619,-4.348010798238881e-07,-0.002278406886611243,-0.06836767070980179,-0.0028212296310812235,-3.5585394471127074e-06,-0.00010197593619335915,-1.8650959434799608,-0.0034138185576735574
466,0.7720129781501518,0.3388159790978834,0.9999922051937907,-1.0885785550787977e-09,-0.002349369011958197,-0.06765319602145009,-0.0027308075223118067,-2.688238055270631e-06,-9.61616471891458e-05,-1.866638157976925,-0.0034031411897833238
467,0.7700399825486889,0.346885513515745,0.99999167294366,-2.829547657161798e-07,-0.002408540728872686,-0.06694669732782266,-0.0026515491772443056,-2.1090022528369445e-06,-9.055947652730375e-05,-1.868149857193229,-0.0034252283978454838
468,0.7681504924204532,0.3552761985966644,0.9999913289017321,-1.0799120993487397e-06,-0.0024568171611538403,-0.06625459762873018,-0.002582026179879904,-1.6915230389713543e-06,-8.518916019470303e-05,-1.8696321946868046,-0.003480150291191278
469,0.7663352575565412,0.3638663662606077,0.9999911614392302,-2.228780977830694e-06,-0.0024951536232937273,-0.06558125671609771,-0.002520072739571333,-1.4064399920243886e-06,-8.007582494640658e-05,-1.871086239026896,-0.003567771381735853
470,0.7645880626216205,0.3725455864080535,0.9999911528239867,-3.600383460731588e-06,-0.0025244492224501046,-0.06492923717611586,-0.002464685123413801,-1.18049672437337e-06,-7.522828088300545e-05,-1.8725129640738336,-0.0036877912059388993
471,0.7629044323421459,0.3812142100731197,0.9999912817872295,-5.094765936283835e-06,-0.0025454972837720123,-0.06430012717301688,-0.0024149862583726645,-9.846297643889557e-07,-7.065263689899031e-05,-1.8739132596478663,-0.0038397790240234705
472,0.7612814410749564,0.3897848024042149,0.999991525550519,-6.637271740166825e-06,-0.002559154453951485,-0.06369440679447377,-0.002370034111663699,-8.262104529421777e-07,-6.634966339353985e-05,-1.8752879326494616,-0.004023202815505617
473,0.7597173121632412,0.3981810644293345,0.9999918613497888,-8.17368346735045e-06,-0.0025661619944183905,-0.06311195314141432,-0.002329390263184905,-6.838415060883563e-07,-6.231559433335235e-05,-1.8766377143780415,-0.004237452978747348
474,0.7582109176038082,0.4063384483582493,0.9999922675118713,-9.666573888951393e-06,-0.002567274105517616,-0.06255213193797965,-0.0022924982476979494,-5.633920636682888e-07,-5.854438317311256e-05,-1.8779632680904546,-0.004481863185188072
475,0.7567616927459807,0.4142034393996818,0.9999927241703329,-1.1091631299640824e-05,-0.0025631922117391125,-0.0620139192153733,-0.002258993685245514,-4.6145532905939035e-07,-5.502784555340431e-05,-1.8792651947991175,-0.004755727169460898
476,0.7553693859014933,0.42173320479036425,0.9999932136838375,-1.2434681671668707e-05,-0.002554577132921371,-0.06149610419391551,-0.0022285396698862314,-3.7615274095514906e-07,-5.1753261188105456e-05,-1.8805440439368413,-0.005058312788832075
477,0.7540339336910902,0.42889446807710446,0.9999937208310198,-1.3688998039683804e-05,-0.002542032254712696,-0.06099716693722881,-0.0022006977815181017,-3.101833669916232e-07,-4.871128965048054e-05,-1.8818003179160028,-0.005388874350797318
478,0.7527555990131934,0.4356631674006619,0.9999942328391482,-1.4853794199558416e-05,-0.0025261457636198657,-0.06051395098933104,-0.002175325993448496,-2.5509260126455047e-07,-4.589428543977077e-05,-1.883034455680787,-0.005746666815571637
479,0.7515356989702673,0.4420220525473833,0.9999947394187356,-1.5931960761589793e-05,-0.002507446643346631,-0.06004403553140878,-0.002152061788365245,-2.1907405312049377e-07,-4.3296811268022094e-05,-1.884246844916559,-0.006130955038625603
480,0.7503751614029056,0.4479632177889553,0.9999952326434421,-1.6929000027001e-05,-0.002486490937523652,-0.05958599867556193,-0.0021307184360921383,-1.8720176342412742e-07,-4.09043895895361e-05,-1.8854378233756444,-0.006541018601275006
481,0.7492737613140125,0.4534859606048494,0.9999957065032091,-1.785030456408326e-05,-0.002463642644723475,-0.05913936086666478,-0.0021111948881298304,-1.6383144441078912e-07,-3.8700404690284605e-05,-1.8866077198081794,-0.0069761476470211435
482,0.7482305753030031,0.4585952592728375,0.9999961565253048,-1.8702300392269003e-05,-0.0024392739053115124,-0.058703935550827445,-0.002093105111271143,-1.4309667051293218e-07,-3.6668056766639006e-05,-1.887756866588858,-0.007435643561220756
483,0.7472444051152545,0.46329990428128615,0.9999965795068928,-1.9491687297838996e-05,-0.0024136492276827706,-0.05827976798351497,-0.0020764118526130915,-1.2573887886446755e-07,-3.479134379948932e-05,-1.8888856035893562,-0.007918819445416876
484,0.746313885310132,0.4676121491360798,0.9999969733118276,-2.0225797235621822e-05,-0.0023870267648222164,-0.05786696470205352,-0.0020609733182936907,-1.1246532949371613e-07,-3.3055577728860114e-05,-1.8899942788330049,-0.008425003808687067
485,0.7454376640746395,0.4715468481399997,0.9999973367136568,-2.0912342687033605e-05,-0.0023596407861297443,-0.05746558753676081,-0.002046690322458744,-1.029690750442569e-07,-3.1447618199078156e-05,-1.8910832469448733,-0.008953543720131468
486,0.7446144944788381,0.4751208782862672,0.9999976692617523,-2.155927278351976e-05,-0.002331699546287957,-0.057075617064967735,-0.0020334261935204268,-9.79578871351805e-08,-2.9956038612041694e-05,-1.8921528656109186,-0.009503807760803567
487,0.743843357144207,0.4783526061105718,0.9999979711618842,-2.2174637655343588e-05,-0.002303391275986372,-0.05669691198447165,-0.0020210882648825645,-9.719641269612112e-08,-2.857085566315877e-05,-1.8932034916616525,-0.010075188530114727
488,0.7431234173476867,0.4812615527173616,0.9999982431643428,-2.2766342891002533e-05,-0.0022748806200661893,-0.05632920195559521,-0.002009574556723237,-1.0018608520567795e-07,-2.728338559938847e-05,-1.8942354781059891,-0.0106671043992423
489,0.7424540102115443,0.48386791352357855,0.9999984864572148,-2.3342001382581872e-05,-0.0022463119299434694,-0.05597210501534092,-0.0019988117273896933,-1.0634968106160159e-07,-2.6086015361737738e-05,-1.8952491717377555,-0.011279000747568683
490,0.7418346008271427,0.486192314088191,0.9999987025656683,-2.3908814837644843e-05,-0.002217813105865173,-0.05562513665596073,-0.0019887005910277367,-1.1525526133482344e-07,-2.4972034751289253e-05,-1.896244911434604,-0.011910350418600415
491,0.7412647660876114,0.4882554042998239,0.9999988932578368,-2.447340561111226e-05,-0.0021894913285929046,-0.055287750662855024,-0.0019791792146861553,-1.2608120414370205e-07,-2.3935469012878513e-05,-1.8972230268693164,-0.012560653267700726
492,0.7407441910386453,0.4900776234420242,0.99999906045943,-2.504180601911312e-05,-0.0021614332762743,-0.05496089112767916,-0.001970175188034773,-1.3709046697840677e-07,-2.2970856774533527e-05,-1.8981838381029448,-0.013229435334025291
493,0.7402775341082068,0.49165081691866735,0.9999992061784522,-2.5617812667146707e-05,-0.002133636017724919,-0.0546486093600013,-0.0019617965444922447,-1.569993486327803e-07,-2.1908604079706336e-05,-1.8991274293110891,-0.013916147195834935
494,0.7398861193083541,0.4929021254712933,0.9999993320222402,-2.6202879347037224e-05,-0.0021059250154233686,-0.05434226586441996,-0.0019543536473065615,-2.0053019511578896e-07,-2.09558371835871e-05,-1.9000539483503536,-0.014620319240786921
495,0.739545082353557,0.49400824228386225,0.9999994400596973,-2.6814775934610145e-05,-0.0020788095406558973,-0.054041081752838616,-0.0019467150559648871,-1.7641781369093223e-07,-2.0074407887368556e-05,-1.9009635936952507,-0.015341558437571231
496,0.7392533022598647,0.4949792782359343,0.9999995324779665,-2.7454117507618783e-05,-0.00205229049379438,-0.05374475777087552,-0.0019400109304115176,-1.9152336960814864e-07,-1.9253150214087314e-05,-1.9018566022094512,-0.016079491554556766
497,0.7390102325232667,0.49582716093072304,0.9999996112456765,-2.8121672480688818e-05,-0.0020263447282609526,-0.053453063202207135,-0.0019334926037117839,-1.9156897224092972e-07,-1.8488806730410413e-05,-1.9027332206552146,-0.016833758390278973
498,0.7388151199886914,0.49656287913426683,0.9999996781275254,-2.8817477784237276e-05,-0.0020009153014996983,-0.053165856676162845,-0.001927030272781849,-1.9764635794672358e-07,-1.777494243951301e-05,-1.9035936983127326,-0.017604008871894505
499,0.7386671096835733,0.49719715886723415,0.9999997346991303,-2.9542185963117395e-05,-0.0019760121851349183,-0.05288288462373096,-0.0019205878488719463,-1.92700895240705e-07,-1.710625629750038e-05,-1.904438291613933,-0.018389904265315452
500,0.7385653095831864,0.4977402625811639,0.9999997823609341,-3.029588611468505e-05,-0.0019516001068467957,-0.05260399613893814,-0.0019143386743962765,-1.8981212690505345e-07,-1.64782774953534e-05,-1.9052672614147608,-0.0191911159109197
501,0.7385086732626416,0.49820191429600386,0.9999998223517588,-3.107885062949406e-05,-0.001927689199576738,-0.052329027899522776,-0.0019081986974924803,-1.8563966364126827e-07,-1.5887240054987335e-05,-1.906080871664225,-0.02000732582713034
502,0.7384962312949863,0.4985911253076584,0.9999998557630729,-3.1891064907928455e-05,-0.0019042591084706586,-0.05205783601558693,-0.0019021359039470553,-1.8125717815564713e-07,-1.532991852359432e-05,-1.9068793875812204,-0.020838223089087053
503,0.7385270290348849,0.49891620820539273,0.9999998835522692,-3.2732416620002905e-05,-0.0018812879105802734,-0.0517902786212042,-0.0018961604218930006,-1.7632498838793254e-07,-1.4803470015862841e-05,-1.9076630748167387,-0.021683502604294545
504,0.7386000838383077,0.4991847553034624,0.9999999065558207,-3.3602682158883615e-05,-0.0018587518509919588,-0.05152624003502481,-0.0018902664305642247,-1.7159534593247372e-07,-1.4305402310231064e-05,-1.9084321989958082,-0.022542864366553256
505,0.7387144368026939,0.49940368489135106,0.9999999255018269,-3.450160257584152e-05,-0.0018366299139068007,-0.051265598602825195,-0.0018844560254365206,-1.6661846302667982e-07,-1.3833503397155576e-05,-1.9091870250367862,-0.02341601296561994
506,0.7388691262013738,0.4995792421116745,0.9999999410217301,-3.54288180580515e-05,-0.001814901551262697,-0.051008248030816924,-0.0018787195440381765,-1.617416671706451e-07,-1.338579224015421e-05,-1.9099278166160922,-0.02430265703534471
507,0.7390632207311849,0.4997170484857064,0.9999999536611947,-3.6383970229310224e-05,-0.0017935471269910422,-0.05075408431279666,-0.0018730565207079053,-1.571350765061652e-07,-1.2960481174766323e-05,-1.9106548357964468,-0.025202508901068503
508,0.7392958008963687,0.4998221427618378,0.9999999638901222,-3.7366653781398215e-05,-0.001772548759569836,-0.05050300941756453,-0.0018674678867682815,-1.5280110687854176e-07,-1.2555957958820915e-05,-1.9113683426417278,-0.026115284319648997
509,0.7395659781908318,0.4998990305747149,0.9999999721117052,-3.8376447760713076e-05,-0.0017518895115063333,-0.05025492102443508,-0.0018619662150740623,-1.4818414229011978e-07,-1.2170748380908509e-05,-1.9120685949262428,-0.027040702197080477
510,0.7398728746810705,0.4999517222480418,0.9999999786705721,-3.941285069177684e-05,-0.001731552892076946,-0.0500097287199399,-0.0018565324135124683,-1.443536348233465e-07,-1.1803509658302488e-05,-1.912755848035518,-0.027978484523897895
511,0.7402156356832597,0.499983782637012,0.9999999838601523,-4.0475396382485836e-05,-0.0017115253111422604,-0.04976734279462493,-0.0018511763773858547,-1.4063037667710887e-07,-1.1453199964877373e-05,-1.913430354143342,-0.028928356347031295
512,0.7405934572917139,0.4999983705833148,0.9999999879292766,-4.1563567654631215e-05,-0.0016917936078411743,-0.04952766339508764,-0.00184590183198452,-1.3693171752038324e-07,-1.1118340157718014e-05,-1.9140923625504447,-0.0298900460314442
513,0.7410055253215914,0.49999827982983935,0.9999999910880117,-4.267690509679053e-05,-0.0016723478428456468,-0.04929059379789039,-0.0018407092429697514,-1.332353889438309e-07,-1.079812731583709e-05,-1.9147421196576664,-0.03086328493029855
514,0.7414510683524729,0.49998597653578947,0.9999999935128175,-4.381481535241826e-05,-0.0016531742591462321,-0.049056053614699155,-0.001835604663938284,-1.3038739155035728e-07,-1.0491630437668573e-05,-1.9153798679192577,-0.031847807512688356
515,0.7419293290333722,0.4999636324798679,0.9999999953511316,-4.497678326767308e-05,-0.001634266728325686,-0.04882394953177964,-0.0018305541016161442,-1.2743261379455362e-07,-1.0197998236816735e-05,-1.9160058462146154,-0.03284335125553524
516,0.7424395916358456,0.4999331570111794,0.9999999967254064,-4.616221016164765e-05,-0.001615612155556387,-0.04859419584009876,-0.001825600047595799,-1.2471093668864341e-07,-9.916422951728177e-06,-1.9166202897242297,-0.03384965649310999
517,0.74298114028538,0.49989622307309145,0.9999999977366509,-4.737054755621984e-05,-0.0015972044585137381,-0.048366708289277326,-0.0018207288812845945,-1.2201911658848985e-07,-9.646129590392157e-06,-1.9172234299619035,-0.03486646725708565
518,0.7435532859591899,0.4998542933465514,0.9999999984675483,-4.860123650941128e-05,-0.0015790377427523008,-0.048141391784660245,-0.001815931056626141,-1.1950395162330096e-07,-9.386404046332954e-06,-1.9178154945792831,-0.03589353098907251
519,0.7441553603077983,0.4998086472481728,0.999999998985162,-4.985367239131586e-05,-0.0015611045752601306,-0.04791816528983766,-0.0018112089019268751,-1.1726680781976029e-07,-9.136619525860809e-06,-1.9183967073640744,-0.03693059827780918
520,0.7447867070480748,0.49976039526443883,0.9999999993433091,-5.1127245440967315e-05,-0.0015433981155275882,-0.047696961479687154,-0.001806587097235024,-1.1508629427225969e-07,-8.89682009487469e-06,-1.9189672871845573,-0.03797742253739758
521,0.7454466873029786,0.4997104983345789,0.9999999995846287,-5.242122891238075e-05,-0.0015259109071710329,-0.04747771125908572,-0.0018020047573372722,-1.1443176362035956e-07,-8.665638238582511e-06,-1.9195274492451118,-0.039033761132655005
522,0.7461347144998232,0.49965978611582945,0.9999999997423913,-5.373521520811089e-05,-0.001508643196104163,-0.04726030694495303,-0.0017975287046283484,-1.1098411079046855e-07,-8.442643838987719e-06,-1.920077406257843,-0.04009937553335372
523,0.7468501519123083,0.49960897170820173,0.9999999998420421,-5.50684620533459e-05,-0.00149158775262798,-0.047044685191961644,-0.0017931659240275621,-1.0908818381949459e-07,-8.227448861927071e-06,-1.9206173665668296,-0.04117403114622992
524,0.747592390182825,0.4995586635997996,0.9999999999025467,-5.642040761605306e-05,-0.0014747459014669093,-0.04683076466491715,-0.0017888693837448955,-1.0759590196585123e-07,-8.019652892250704e-06,-1.9211475343644773,-0.042257496747406496
525,0.7483608714425526,0.4995093843083498,0.9999999999375538,-5.779030921444147e-05,-0.001458106655788378,-0.04661847700693436,-0.0017846402479335666,-1.0597089783459523e-07,-7.818864051037598e-06,-1.9216681098448056,-0.04334954350058289
526,0.7491550253897065,0.4994615713736056,0.9999999999563868,-5.9177511702057584e-05,-0.0014416662221070073,-0.046407760373286845,-0.001780509133823216,-1.0437739916824285e-07,-7.6247117826323455e-06,-1.9221792893949337,-0.0444499463403087
527,0.7499742917411101,0.49941558945384623,0.999999999964896,-6.0581380228726354e-05,-0.0014254227337268384,-0.04619854474235571,-0.0017764504300430417,-1.0265892314009761e-07,-7.436848480257838e-06,-1.922681265535405,-0.04555848387001994
528,0.7508181246896293,0.49937173784607647,0.9999999999661773,-6.200123793005687e-05,-0.0014093720303476104,-0.04599077256989123,-0.001772486255504191,-1.0127812544169501e-07,-7.2549239690350636e-06,-1.9231742269902456,-0.04667493824967166
529,0.7516859895022374,0.49933025644123896,0.99999999996118,-6.343645105478489e-05,-0.0013935119727208503,-0.045784383280382326,-0.0017686126520857215,-9.952104562671593e-08,-7.078628772831692e-06,-1.9236583588875373,-0.04779909552777211
530,0.7525773469017538,0.49929134296559924,0.9999999999492176,-6.488635357393195e-05,-0.0013778404198202874,-0.045579323713146595,-0.001764825196005404,-9.823265401109893e-08,-6.907686883175966e-06,-1.924133842777091,-0.048930745597108485
531,0.7534916738366304,0.499255144522829,0.9999999999283923,-6.63502928245984e-05,-0.0013623551805630233,-0.04537554177289615,-0.001761126914061606,-9.680665868927463e-08,-6.741858002723999e-06,-1.9246008565722303,-0.05006968194779856
532,0.7544284624394586,0.4992217666683239,0.9999999998959457,-6.782759316244206e-05,-0.0013470531073095239,-0.04517299166001371,-0.0017575202509760857,-9.514599241811084e-08,-6.58087392483841e-06,-1.9250595746741048,-0.051215701806621494
533,0.755387204937995,0.4991912869248468,0.9999999998485476,-6.931766754711227e-05,-0.0013319332458190266,-0.04497162198263697,-0.0017539935652166605,-9.398075917488313e-08,-6.4244904017729644e-06,-1.9255101680688824,-0.05236860635653782
534,0.7563674038724362,0.49916374907878064,0.9999999997825301,-7.081985904500784e-05,-0.0013169936163045077,-0.04477138770133191,-0.001750573399476707,-9.244474341585374e-08,-6.272470697603097e-06,-1.925952804390204,-0.053528200678567554
535,0.757368563107277,0.4991391725012163,0.9999999996940702,-7.233354676372155e-05,-0.0013022328355166383,-0.044572249125732606,-0.0017472419422119856,-9.097191622231549e-08,-6.124599011116022e-06,-1.926387648077509,-0.05469429366795754
536,0.7583902038781194,0.4991175482923236,0.9999999995793367,-7.385810860719448e-05,-0.0012876488877512156,-0.044374165200717436,-0.001743991277180612,-8.971119314082898e-08,-5.980674322998533e-06,-1.9268148603847397,-0.055866697869124876
537,0.7594318465891814,0.4990988547570983,0.9999999994346029,-7.539295385581793e-05,-0.0012732399864885775,-0.04417709861828684,-0.0017408501589670777,-8.821635333333688e-08,-5.840515785033625e-06,-1.9272345993237405,-0.057045229751303696
538,0.7604930228942726,0.4990830458186192,0.9999999992563309,-7.693748776298812e-05,-0.0012590055494055446,-0.04398101198075179,-0.0017378029879182577,-8.686379260325339e-08,-5.703944350841754e-06,-1.9276470197160434,-0.0582297098493339
539,0.7615732637983211,0.4990700679817021,0.9999999990412308,-7.849113912855281e-05,-0.0012449443306201838,-0.043785872781472085,-0.0017348285764455795,-8.56495390166856e-08,-5.57079368290443e-06,-1.9280522733558425,-0.059419962047797203
540,0.7626721218577969,0.4990598515932694,0.999999998786301,-8.005331129283081e-05,-0.0012310528358361898,-0.043591654368176344,-0.001731965458020568,-8.423344866059779e-08,-5.440906291048666e-06,-1.9284505091046773,-0.06061581374592902
541,0.7637891425275206,0.4990523117837958,0.999999998488852,-8.162346983337288e-05,-0.0012173308207131847,-0.04339832688623725,-0.0017291961703449488,-8.293196884778808e-08,-5.31414321586564e-06,-1.9288418728699455,-0.061817096475027325
542,0.7649238793715489,0.49904736383145826,0.999999998146522,-8.320107038013396e-05,-0.0012037774625198868,-0.04320586264713263,-0.001726508722640574,-8.162268017031238e-08,-5.1903682791778965e-06,-1.9292265075844257,-0.06302364530547776
543,0.7660758968434841,0.49904491148517166,0.9999999977572749,-8.47855786143724e-05,-0.0011903901971970158,-0.043014238001964376,-0.0017239233711734414,-8.020855091217527e-08,-5.069450692366498e-06,-1.9296045533764532,-0.06423529867500433
544,0.7672447570062771,0.4990448500698064,0.9999999973193976,-8.637649287566399e-05,-0.0011771678621402047,-0.04282343415849726,-0.0017214377876371145,-7.895246056932592e-08,-4.951274290928636e-06,-1.9299761475978294,-0.06545189887906379
545,0.7684300348931872,0.49904707439899754,0.9999999968314901,-8.797332394803313e-05,-0.0011641099508840828,-0.04263342819487079,-0.0017190405633300543,-7.764944598420698e-08,-4.835723280794108e-06,-1.930341424865114,-0.06667329178341423
546,0.7696313046560529,0.4990514748071929,0.9999999962924473,-8.95755791719515e-05,-0.0011512141431713927,-0.04244420492588777,-0.0017167265759781003,-7.657541090111408e-08,-4.722693178869983e-06,-1.9307005171592895,-0.06789932644196786
547,0.7708481542764439,0.4990579401703374,0.9999999957014406,-9.118279754031815e-05,-0.0011384786921295241,-0.04225574684019834,-0.0017145152669399977,-7.513683897286683e-08,-4.612086799122755e-06,-1.9310535538075375,-0.06912985533981836
548,0.7720801676820924,0.4990663514187729,0.999999995057898,-9.279452364854338e-05,-0.001125902554424704,-0.04206803663077762,-0.0017123852157965302,-7.391393097577748e-08,-4.5038109702606614e-06,-1.931400661527442,-0.07036473432944941
549,0.7733269351168929,0.4990765973413141,0.999999994361483,-9.441032850551528e-05,-0.0011134837776233186,-0.04188106809457578,-0.0017103529535233974,-7.28061735344454e-08,-4.397774057931687e-06,-1.9317419645861467,-0.07160382247122325
550,0.7745880587804513,0.4990885546334044,0.9999999936120728,-9.602978027319972e-05,-0.0011012208625166254,-0.041694826395930404,-0.0017084031132981181,-7.15304011578155e-08,-4.293897054567634e-06,-1.9320775848252858,-0.07284698209902106
551,0.7758631339099824,0.49910211091327455,0.9999999928097367,-9.765248218971606e-05,-0.001089112430377081,-0.04150930427669686,-0.0017065472202375531,-7.036454974240769e-08,-4.192105169118841e-06,-1.9324076416076978,-0.07409407883104978
552,0.7771517693616888,0.4991171499358477,0.9999999919547187,-9.92780429541302e-05,-0.001077157145797516,-0.04132449257407915,-0.0017047661822289228,-6.923600892605464e-08,-4.092326372811975e-06,-1.9327322518729089,-0.07534498112753797
553,0.7784535800277542,0.4991335583904738,0.9999999910474109,-0.00010090606457216624,-0.0010653522917111018,-0.04114036243727504,-0.0017030749004334211,-6.814762087969939e-08,-3.993641627057201e-06,-1.9330515318371013,-0.0765995616215597
554,0.779768184573605,0.499151224779143,0.9999999900883563,-0.00010253646642218786,-0.00105370104620146,-0.04095691227358399,-0.0017014910699799657,-6.689231213385938e-08,-3.897908889793376e-06,-1.9333655935578549,-0.0778576930250059
555,0.7810951353344568,0.4991700516833696,0.9999999890781234,-0.00010416807100765457,-0.0010421868055577688,-0.040774207832592724,-0.0016999717336148024,-6.635835347879038e-08,-3.803937362990865e-06,-1.9336745449931485,-0.07911925093612814
556,0.7824341553373013,0.4991899175340714,0.9999999880174469,-0.00010580137429206227,-0.0010308244894056205,-0.04059218082195316,-0.0016984686953946948,-6.576897249033209e-08,-3.7116946092541423e-06,-1.9339784943906855,-0.08038411406174512
557,0.7837848714356322,0.4992107169208929,0.9999999869071957,-0.0001074355633330773,-0.00101959521893352,-0.040410865177753,-0.0016971563454717398,-6.259647733486418e-08,-3.621229965377981e-06,-1.9342775475123937,-0.0816521649684205
558,0.7851468254604996,0.49923233169830017,0.9999999857482761,-0.00010907070475375145,-0.0010085190452599525,-0.04023026591864576,-0.001695867395028472,-6.279628905758727e-08,-3.533131426618449e-06,-1.934571806653818,-0.08292329103681802
559,0.7865196910949429,0.4992546697651299,0.9999999845417171,-0.00011070610587385963,-0.0009975801234622821,-0.04005037428168921,-0.0016946501564234495,-6.203219271583293e-08,-3.445521937618155e-06,-1.9348613741665972,-0.08419738244039257
560,0.7879031630011821,0.4992776244367151,0.9999999832886549,-0.00011234224885386001,-0.0009867905498112744,-0.039871143456522075,-0.0016935321036726236,-6.03634049411994e-08,-3.3599963990866106e-06,-1.935146351142769,-0.08547433094588552
561,0.7892967696120233,0.49930111208002886,0.9999999819901818,-0.00011397789489665766,-0.0009761305208915197,-0.03969264605856746,-0.0016925205709412694,-5.922966295202059e-08,-3.2754552980130736e-06,-1.9354268351608583,-0.08675403111346251
562,0.7907002229561229,0.49932504027428054,0.9999999806474544,-0.00011561366590268397,-0.0009656192329462827,-0.039514798641046595,-0.0016914914594963193,-6.013048192698989e-08,-3.1920946001256275e-06,-1.9357029237158685,-0.08803637825336703
563,0.7921131876743458,0.4993493372414509,0.9999999792616515,-0.00011724854638350402,-0.0009552271146620053,-0.039337693028732065,-0.0016906035598367453,-5.776616873731655e-08,-3.1107109637746123e-06,-1.9359747100625289,-0.08932126486789743
564,0.7935352898905103,0.4993739185511654,0.999999977833829,-0.0001188823632760588,-0.0009449654278820467,-0.03916132083985791,-0.001689738710410893,-5.816378489953422e-08,-3.0307580222966706e-06,-1.9362422850028427,-0.09060858835672729
565,0.7949662268131167,0.49939870080173004,0.9999999763652069,-0.00012051503219110702,-0.0009348286397051537,-0.038985666074550604,-0.0016889264807105064,-5.6858880270738155e-08,-2.952182639036604e-06,-1.9365057386995248,-0.09189824656665317
566,0.7964056311614028,0.49942360201577196,0.9999999748570128,-0.00012214623518735988,-0.0009248129692905934,-0.03881075307413186,-0.0016882276395335793,-5.5152479916387165e-08,-2.874965180367719e-06,-1.9367651595340227,-0.09319014200140897
567,0.7978531224585985,0.4994485377784934,0.9999999733105172,-0.00012377592148906898,-0.0009149271938762916,-0.03863658149490736,-0.001687568612396717,-5.4829726536809176e-08,-2.7990754637157878e-06,-1.9370206341457994,-0.09448418043532153
568,0.7993083860849227,0.49947344391580817,0.9999999717270456,-0.00012540377497767408,-0.000905162995746157,-0.03846318711740452,-0.0016869795508682728,-5.4281315442494815e-08,-2.724488848180736e-06,-1.9372722474401423,-0.09578026768884043
569,0.8007711232605937,0.4994982579286794,0.9999999701079161,-0.00012702957206386115,-0.0008955196387936752,-0.03829055472152961,-0.0016864396166056395,-5.344607245660882e-08,-2.6511757842134497e-06,-1.9375200826390608,-0.09707831120188985
570,0.8022409678588122,0.49952291385785,0.9999999684544685,-0.0001286531108812263,-0.0008859939373417355,-0.038118697191062846,-0.0016859598690643907,-5.266834435246892e-08,-2.5791123131040577e-06,-1.9377642213467063,-0.0983782195102782
571,0.803717591870131,0.49954734525295436,0.9999999667680556,-0.00013027417587154627,-0.0008765840004813094,-0.03794762119398601,-0.0016855262219905853,-5.213349041355286e-08,-2.508279365569225e-06,-1.9380047435055827,-0.09967990263215154
572,0.8052006645259895,0.49957150348921303,0.9999999650500474,-0.00013189257580928436,-0.0008672879283206179,-0.037777365316993765,-0.0016851529944688082,-5.1644544640794265e-08,-2.439649059139225e-06,-1.9382417253923192,-0.10098327008389668
573,0.8066898418134532,0.49959532980461036,0.9999999633017727,-0.00013350766525137923,-0.0008580988001389892,-0.037607982577160144,-0.00168481539003551,-5.052392282323126e-08,-2.3714020820340393e-06,-1.938475243317457,-0.1022882366061701
574,0.8081849349633268,0.4996187638346875,0.9999999615248194,-0.00013512037958229663,-0.0008490305802233961,-0.03743936896230446,-0.0016845343634486198,-5.0044707933238897e-08,-2.303958868742759e-06,-1.938705375321808,-0.10359472006268812
575,0.8096854799026854,0.49964176291988044,0.9999999597207478,-0.0001367297707041122,-0.000840068897704124,-0.037271593236143735,-0.0016843725461512804,-4.8374641181681e-08,-2.2375882783253865e-06,-1.938932196203011,-0.10490263886334272
576,0.8111911388171678,0.49966428267288127,0.9999999578909738,-0.0001383359769760071,-0.0008312238670550242,-0.037104649736816694,-0.0016841721953824162,-5.027479588193273e-08,-2.1724021205381376e-06,-1.9391557784057925,-0.10621190947601572
577,0.8127016872883258,0.4996862980506657,0.9999999560369542,-0.00013993835147955015,-0.0008224734998176017,-0.03693854636799323,-0.0016840201569721103,-4.9294513360109704e-08,-2.107938616306008e-06,-1.9393761934857077,-0.10752244445510836
578,0.8142168011979701,0.49970776496393676,0.9999999541600472,-0.00014153701691482635,-0.0008138229358286474,-0.03677333028418367,-0.001683921436779201,-4.848239498755902e-08,-2.0451957175913657e-06,-1.9395935105897988,-0.1088341571424607
579,0.8157361674809673,0.49972865209654227,0.9999999522616025,-0.000143131270947185,-0.0008052635932036833,-0.03660903629806792,-0.0016838611336424947,-4.78389559077641e-08,-1.9835411604128243e-06,-1.9398077964843,-0.11014696324876436
580,0.8172594964454015,0.4997489173218995,0.999999950343137,-0.00014472158616278915,-0.000796805483839576,-0.036445634740573836,-0.0016838224837556481,-4.7895227339722624e-08,-1.9229635132052633e-06,-1.9400191181244228,-0.1114607811007416
581,0.8187864697164546,0.49976853015897404,0.9999999484062464,-0.00014630746492114903,-0.0007884388745445635,-0.03628313652983798,-0.0016838524024933577,-4.5975184548296966e-08,-1.8634479973986418e-06,-1.9402275411170402,-0.11277553101192003
582,0.8203166987795383,0.4997874528385967,0.9999999464525112,-0.00014788907454655516,-0.0007801736077375224,-0.03612157206248201,-0.0016839096788316965,-4.6548571219773294e-08,-1.8049916515007625e-06,-1.9404331298221504,-0.11409113602719691
583,0.821849955747369,0.49980566785399244,0.9999999444836073,-0.0001494660654550602,-0.0007720015380315068,-0.035960980108285086,-0.001683998852968216,-4.6146968912808006e-08,-1.7475844779438282e-06,-1.9406359472214434,-0.11540751698168482
584,0.8233859855420359,0.4998231539786364,0.999999942501168,-0.00015103827932166228,-0.0007639203241653478,-0.03580132304494154,-0.0016841156175360084,-4.568770251012211e-08,-1.6901559288791244e-06,-1.9408360574154284,-0.11672459769224011
585,0.8249244761028292,0.499839888067381,0.9999999405069276,-0.00015260609774642265,-0.0007559346937463413,-0.0356426050661976,-0.0016842820914462209,-4.593492874960248e-08,-1.6347351657505722e-06,-1.94103352133588,-0.11804229739057617
586,0.8264650293699207,0.4998558618629827,0.9999999385022866,-0.0001541679291074299,-0.0007480244749453148,-0.03548492217774165,-0.0016844702186062932,-4.5380893709534575e-08,-1.580669584699302e-06,-1.9412283951728477,-0.11936053381372064
587,0.8280074430061996,0.49987104802658444,0.9999999364888021,-0.00015572472194909303,-0.0007402040789443098,-0.03532824706273157,-0.0016846124781295657,-4.6345675741577e-08,-1.5275952338337936e-06,-1.941420736514219,-0.12067922629190679
588,0.8295515027300885,0.4998854311144608,0.9999999344682878,-0.00015727586982123738,-0.0007324575435795346,-0.035172635369795924,-0.0016848694067448378,-4.326814462274342e-08,-1.4754616898000458e-06,-1.941610602709049,-0.12199829798363564
589,0.8310968411470161,0.4998989892697868,0.9999999324425266,-0.00015882178842036257,-0.0007248060269779379,-0.035018066439541314,-0.0016851427499204874,-4.3794184279022375e-08,-1.4242028634494304e-06,-1.9417980503288974,-0.12331767983480246
590,0.8326431648323728,0.4999117164558558,0.9999999304135118,-0.00016036220481248267,-0.000717242607394521,-0.034864560936074006,-0.001685439026914537,-4.3907828484179845e-08,-1.3742537961587941e-06,-1.9419831338839666,-0.12463729787201794
591,0.8341902011759599,0.49992360441725314,0.9999999283830548,-0.00016189660534927545,-0.0007097592094382039,-0.034712119391115175,-0.0016857428709045053,-4.3815418848680565e-08,-1.3250719675411258e-06,-1.942165906926832,-0.12595707762391833
592,0.8357376751463031,0.49993464220050415,0.9999999263530341,-0.0001634253137425179,-0.0007023595063844009,-0.03456074704416878,-0.0016860738396644592,-4.3797854232252575e-08,-1.2767235077313725e-06,-1.942346423160441,-0.1272769452538899
593,0.837285326287266,0.4999448261063624,0.9999999243253189,-0.00016494787445817303,-0.0006950373735803404,-0.034410498442508465,-0.0016864420613273978,-4.2989952930838626e-08,-1.2294702362430735e-06,-1.9425247344127978,-0.12859682667265446
594,0.8388328866840661,0.4999541527656293,0.9999999223016951,-0.00016646417183689428,-0.0006877956167866153,-0.03426137543005005,-0.0016868171514943242,-4.3611731115333896e-08,-1.1833203000773592e-06,-1.9427008908507055,-0.1299166476737563
595,0.8403800992231316,0.49996261841400425,0.9999999202840164,-0.0001679739857666026,-0.0006806284268559376,-0.03411338915652165,-0.001687193289399147,-4.330892267034869e-08,-1.1381114355160227e-06,-1.9428749420014928,-0.1312363329391581
596,0.8419266988936767,0.49997021869811836,0.9999999182741331,-0.0001694772795373306,-0.0006735362900651737,-0.0339665231750646,-0.0016876203007996082,-4.279703702536608e-08,-1.0937982905657335e-06,-1.9430469369737418,-0.13255581022895468
597,0.843472353695409,0.49997695143888915,0.9999999162739286,-0.00017097400225049217,-0.0006665223816111111,-0.03382081756646172,-0.0016880700131878257,-4.260461494709489e-08,-1.050374171868846e-06,-1.9432169240345023,-0.13387500926136428
598,0.8450168497064598,0.49998281727812477,0.9999999142853131,-0.0001724640225063206,-0.0006595849160379617,-0.033676294346607905,-0.0016885154182091355,-4.2780403219921936e-08,-1.0078554896580215e-06,-1.9433849504242913,-0.13519385829188124
599,0.8465599610018963,0.49998781952440396,0.9999999123101557,-0.00017394708500520118,-0.0006527200757849227,-0.03353295078910566,-0.0016889822436496615,-4.2798209420880085e-08,-9.662549091411684e-07,-1.9435510623804046,-0.13651228403225923
600,0.8481014100737021,0.4999919587371824,0.9999999103502507,-0.00017542304428765733,-0.0006459261236484047,-0.033390801006258915,-0.0016894737491384149,-4.2775969433250793e-08,-9.255875188170218e-07,-1.9437153052233278,-0.13783021348797658
601,0.8496409397171532,0.4999952374078709,0.9999999084073735,-0.00017689176495631027,-0.0006392031082748023,-0.03324983399504684,-0.0016899791080504656,-4.277639931160593e-08,-8.858575144219399e-07,-1.943877723361653,-0.13914757412465434
602,0.8511782663123338,0.49999765886134084,0.9999999064832765,-0.00017835311706419592,-0.0006325497068599824,-0.033110085023667454,-0.001690502860583365,-4.268991560252289e-08,-8.470705004342616e-07,-1.9440383603287783,-0.140464293811638
603,0.8527131754050561,0.49999922738101954,0.9999999045797126,-0.0001798069876966302,-0.000625965894275119,-0.032971585327113154,-0.0016910372069105506,-4.262208719296723e-08,-8.092287830891046e-07,-1.9441972587420833,-0.14178030111081857
604,0.8542454545354394,0.4999999474837944,0.9999999026984406,-0.00018125322657973548,-0.0006194509856526959,-0.03283432729072581,-0.001691597979515791,-4.259213071122758e-08,-7.72329034498445e-07,-1.944354460416133,-0.14309552516181298
605,0.8557748306326886,0.4999998242333556,0.9999999008411996,-0.0001826917305524055,-0.0006130047350332442,-0.03269832322137454,-0.001692168996669352,-4.268851583333344e-08,-7.363719322540645e-07,-1.9445100064080063,-0.14440989605204346
606,0.8573010658341689,0.499998863505952,0.9999998990097073,-0.00018412237945640317,-0.0006066271532466123,-0.032563559073048476,-0.001692760270088911,-4.275479881243882e-08,-7.01355526607406e-07,-1.9446639369732948,-0.1457233446564567
607,0.8588238887460157,0.4999970718371043,0.9999998972056581,-0.0001855450796012389,-0.0006003177078378296,-0.03243007043519813,-0.0016933631850406528,-4.260492758589862e-08,-6.672793800966076e-07,-1.9448162916372298,-0.1470358020543948
608,0.8603431089413575,0.4999944562155392,0.999999895430715,-0.000186959678621349,-0.0005940753554900079,-0.03229788317752101,-0.0016939861234277487,-4.277251974826868e-08,-6.341444190606715e-07,-1.9449671091517922,-0.1483471997447108
609,0.8618585239260298,0.4999910236439827,0.999999893686516,-0.00018836605953107693,-0.0005878999969845579,-0.03216698756092768,-0.0016946278046816587,-4.2830787805314685e-08,-6.019475924024528e-07,-1.945116427518212,-0.14965747043343522
610,0.8633698748879031,0.49998678194786866,0.9999998919746704,-0.000189764127092353,-0.0005817920123878142,-0.03203739419938028,-0.0016952860169112682,-4.289333332962997e-08,-5.70688723840627e-07,-1.945264284074554,-0.15096654770101392
611,0.8648769456057762,0.49998173950913016,0.999999890296751,-0.0001911537728053194,-0.0005757506789062651,-0.03190909011061807,-0.0016959545901045203,-4.292288124929655e-08,-5.403675783478319e-07,-1.945410715466106,-0.15227436574743303
612,0.8663794840505761,0.49997590535625447,0.9999998886543011,-0.00019253491931147307,-0.0005697759166362404,-0.03178210405271355,-0.0016966545954346657,-4.306174616885983e-08,-5.109861718264239e-07,-1.945555757617294,-0.15358085987494186
613,0.8678773069303444,0.49996928799039053,0.9999998870488374,-0.0001939074560912717,-0.0005638678386019014,-0.03165645811495322,-0.001697366125881672,-4.317159962852202e-08,-4.825444583520026e-07,-1.9456994457507066,-0.15488596644227356
614,0.8693702247203297,0.4999618951557429,0.999999885481821,-0.0001952712385566165,-0.0005580262558872624,-0.03153214535699631,-0.001698084408417344,-4.3151761275339595e-08,-4.5504271907242687e-07,-1.945841814454601,-0.15618962251007434
615,0.8708580101431006,0.49995373788240965,0.9999998839546607,-0.00019662620141305286,-0.0005522506348007243,-0.03140916898293583,-0.001698837848380208,-4.351815618974797e-08,-4.284825784310628e-07,-1.9459828976600944,-0.15749176637635062
616,0.8723404518640645,0.4999448248720773,0.9999998824687275,-0.00019797224943929486,-0.0005465416918726607,-0.031287518426412066,-0.0016996143385767937,-4.360855854201873e-08,-4.028645332742904e-07,-1.9461227286619083,-0.15879233750265012
617,0.8738173271602311,0.49993516756794526,0.9999998810253307,-0.0001993092979948968,-0.0005408987430724902,-0.031167218422603914,-0.0017004014225676656,-4.3658740622731784e-08,-3.781912024505795e-07,-1.9462613401673001,-0.16009127620845987
618,0.875288464802843,0.4999247749485722,0.9999998796257221,-0.00020063724251006152,-0.0005353219184463844,-0.031048290380405207,-0.0017012185417115688,-4.390527053033111e-08,-3.5446571873988503e-07,-1.9463987642563407,-0.16138852396028364
619,0.876753699022088,0.49991365685255873,0.9999998782711093,-0.00020195598843889183,-0.0005298110065208069,-0.03093072280607549,-0.0017020460218191147,-4.405362119541678e-08,-3.316894530593699e-07,-1.9465350324008945,-0.16268402329270268
620,0.8782128161986167,0.49990182429274066,0.9999998769626584,-0.00020326547782505914,-0.0005243659778063091,-0.030814517733047445,-0.0017029044684022665,-4.416214238744942e-08,-3.0986558195036844e-07,-1.9466701754768323,-0.16397771845260195
621,0.8796656229760026,0.4998892869435719,0.9999998757014684,-0.00020456562293557119,-0.0005189875781493956,-0.030699663506573053,-0.0017037964425981045,-4.4371144980459576e-08,-2.889958376849067e-07,-1.9468042238062992,-0.165269555577964
622,0.8811119134290534,0.4998760578478949,0.9999998744885741,-0.000205856381749579,-0.0005136760065856192,-0.03058618365754702,-0.0017046978464350104,-4.4552852074275506e-08,-2.690850165910431e-07,-1.94693720718575,-0.1665594820679558
623,0.8825515416205446,0.49986214784208727,0.9999998733249748,-0.00020713767854135874,-0.0005084309327074167,-0.030474094198668734,-0.0017056252108886838,-4.4721087277821425e-08,-2.501366619919772e-07,-1.9470691548282244,-0.16784744619731812
624,0.8839843561298436,0.4998475654039912,0.9999998722116169,-0.00020840941846774614,-0.0005032518893087771,-0.030363380778617048,-0.0017065831925719976,-4.501281836155613e-08,-2.321543151085039e-07,-1.94720009535783,-0.1691333976584617
625,0.8854101627275714,0.4998323223413266,0.9999998711493706,-0.0002096715497163792,-0.0004981393927543813,-0.03025404513416131,-0.0017075680661946535,-4.523065300077178e-08,-2.1514128372530569e-07,-1.9473300568544152,-0.17041728816945495
626,0.8868287919186614,0.49981642922849673,0.9999998701390278,-0.0002109240080721585,-0.0004930938525829091,-0.030146076994056154,-0.0017085920553654432,-4.5442259732908497e-08,-1.9910089569951792e-07,-1.94745906695035,-0.1716990709961978
627,0.8882400664423121,0.4997999032776687,0.9999998691813249,-0.00021216677023205385,-0.00048811495504013893,-0.030039490426901048,-0.0017096371157094836,-4.568639155877463e-08,-1.8403930482330654e-07,-1.9475871527496869,-0.172978700985139
628,0.8896438477991097,0.49978275065928257,0.9999998682769544,-0.00021339977762261053,-0.00048320311723962353,-0.029934300609575533,-0.0017107042949646711,-4.582864576718748e-08,-1.6996088321845254e-07,-1.947714340790794,-0.17425613478516827
629,0.8910400029485932,0.49976498319464496,0.999999867426531,-0.00021462294513426375,-0.0004783582608482257,-0.029830493645875034,-0.0017118232790380716,-4.6071242820744374e-08,-1.5686894922966364e-07,-1.9478406571810485,-0.17553133118751477
630,0.8924283567165554,0.49974661435294915,0.999999866630602,-0.00021583627474527933,-0.00047358120799707214,-0.02972807245167824,-0.0017129539046436548,-4.6421828159282086e-08,-1.4476987408837826e-07,-1.9479661275329314,-0.17680425045414797
631,0.8938087783085583,0.4997276558428872,0.999999865889664,-0.00021703971060466946,-0.00046887086927159684,-0.029627016908673875,-0.0017141334246844053,-4.6623412686130905e-08,-1.3366741826942184e-07,-1.9480907769806661,-0.17807485471704299
632,0.895181089245148,0.49970812087196054,0.9999998652041489,-0.00021823325716000786,-0.00046422859102631075,-0.02952734641348817,-0.0017153515946120024,-4.70090597559647e-08,-1.2356783523691066e-07,-1.9482146302545555,-0.17934310857982264
633,0.8965451850052361,0.49968802160187087,0.9999998645744241,-0.00021941685738098083,-0.0004596540926705984,-0.029429071094385736,-0.0017165932804346085,-4.7045766393694066e-08,-1.1447783254012742e-07,-1.9483377115725231,-0.18060897808451148
634,0.8979009509544191,0.4996673685742162,0.9999998640008059,-0.00022059048830183487,-0.0004551470767558129,-0.029332175029335827,-0.0017178819980472326,-4.732213199076796e-08,-1.0640236379825077e-07,-1.9484600446804798,-0.18187243144727663
635,0.8992482353365396,0.49964617601986105,0.9999998634835492,-0.00022175413887311765,-0.00045070823229033825,-0.02923665650747737,-0.0017192097147926688,-4.769653827452203e-08,-9.93477165430369e-08,-1.94858165290119,-0.18313343898526135
636,0.9005869185211673,0.49962445616589024,0.9999998630228323,-0.00022290778419777895,-0.0004463372093161645,-0.029142499736281618,-0.0017205830663442612,-4.7984258344513364e-08,-9.331988637141472e-08,-1.948702559151598,-0.18439197329297385
637,0.9019168568020585,0.4996022261406669,0.99999986261878,-0.00022405145435851437,-0.0004420348434625818,-0.029049713939672758,-0.0017219792352989316,-4.8159144228066e-08,-8.832628647806427e-08,-1.9488227859303067,-0.18564800889573502
638,0.9032379577018251,0.4995794944038546,0.999999862271451,-0.00022518509656557347,-0.0004378001882372281,-0.02895831018676272,-0.0017234322149306536,-4.8504023908435556e-08,-8.437398503021792e-08,-1.9489423552935425,-0.1869015219755083
639,0.904550127413216,0.49955627292333377,0.9999998619808363,-0.00022630870926759416,-0.0004336336525088532,-0.02886827251181303,-0.0017249227967113256,-4.877164272443224e-08,-8.147025754957302e-08,-1.9490612888685612,-0.18815249096630343
640,0.905853243963386,0.499532577175235,0.9999998617468705,-0.00022742229584733474,-0.0004295350366198876,-0.02877959498503949,-0.0017264679772779346,-4.910508621946974e-08,-7.962243572403359e-08,-1.9491796078696113,-0.1894008967014889
641,0.9071471991284419,0.49950841829616693,0.9999998615694226,-0.00022852587316559103,-0.00042550493867495205,-0.028692260789959848,-0.0017280507599934936,-4.929573194090153e-08,-7.883831657545056e-08,-1.9492973331782109,-0.19064672246067146
642,0.9084318768803678,0.49948381573464123,0.9999998614483201,-0.00022961948464808498,-0.0004215431211166558,-0.028606280415059793,-0.0017296738224104047,-4.958866028914599e-08,-7.912683869243879e-08,-1.9494144852851762,-0.19188995347856197
643,0.909707205515215,0.4994587779628336,0.9999998613833555,-0.00023070313548348063,-0.00041764938198230166,-0.028521659433354826,-0.0017313625430688262,-5.0031829346153245e-08,-8.049635007037195e-08,-1.949531084245615,-0.1931305771312111
644,0.9109731095224496,0.4994333194484116,0.9999998613742411,-0.00023177678809280244,-0.00041382382063328085,-0.028438381303209238,-0.0017330882837995887,-5.013132309272805e-08,-8.295565517088445e-08,-1.9496471497449148,-0.19436858303985147
645,0.9122294873019882,0.4994074566328602,0.999999861420614,-0.00023284049584619174,-0.00041006623925344984,-0.028356440297854682,-0.001734882709570229,-5.062199548433455e-08,-8.651377540457116e-08,-1.9497627011024699,-0.19560396313598197
646,0.9134762573708294,0.4993812011280408,0.9999998615220702,-0.00023389428591123865,-0.0004063767680324228,-0.02827581603165741,-0.0017367179971188307,-5.084792320531051e-08,-9.118012565810966e-08,-1.9498777573091823,-0.1968367118307575
647,0.9147133206912654,0.4993545708427113,0.9999998616781529,-0.0002349382091407729,-0.00040275545263635096,-0.0281965162576577,-0.001738600549288094,-5.106008060806744e-08,-9.696499281760924e-08,-1.9499923369986054,-0.1980668257174204
648,0.9159406247914375,0.49932757539205525,0.9999998618883731,-0.00023597230476062587,-0.00039920184893671315,-0.028118547451646162,-0.0017405380494892597,-5.14524529648952e-08,-1.038784377982661e-07,-1.9501064583876464,-0.19929430302327758
649,0.917158120918147,0.4993002314019368,0.9999998621521895,-0.00023699655913760593,-0.0003957153042930436,-0.028041890059111722,-0.001742533058859408,-5.165108518667694e-08,-1.1193080621503546e-07,-1.9502201393481902,-0.20051914433370965
650,0.9183657228567801,0.49927255495206013,0.9999998624690096,-0.00023801106199035756,-0.0003922962659815606,-0.02796653757215031,-0.0017445927951484919,-5.201392383469283e-08,-1.2113291031584055e-07,-1.950333397454211,-0.20174135296428322
651,0.9195633701688052,0.49924456135064604,0.9999998628382132,-0.00023901585751196188,-0.00038894451965570086,-0.027892470334185834,-0.0017466971185058355,-5.236115185880408e-08,-1.3149568653240256e-07,-1.950446249979957,-0.20296093423741196
652,0.9207509910333515,0.49921626728900315,0.9999998632591423,-0.0002400110178032321,-0.0003856596325218578,-0.027819693418645514,-0.0017488711746409535,-5.26487902163808e-08,-1.4303014126290017e-07,-1.9505587138350178,-0.20417789570670683
653,0.9219285484888299,0.4991876857354372,0.9999998637310901,-0.00024099656469611893,-0.0003824415912336741,-0.027748207155874026,-0.001751111471094191,-5.292493554520661e-08,-1.5574809622312225e-07,-1.9506708055472943,-0.20539224731886313
654,0.923096003732007,0.49915882805638334,0.9999998642532846,-0.00024197252789315835,-0.00037929012885865975,-0.027677996691740828,-0.0017534018261358142,-5.3272930955472475e-08,-1.6966169116991634e-07,-1.9507825413465796,-0.20660400112890737
655,0.9242533027200123,0.499129716389595,0.9999998648249225,-0.000242939002138412,-0.00037620480130850056,-0.02760905225939572,-0.0017557559767737985,-5.351675724796223e-08,-1.8478302405402392e-07,-1.950893937162234,-0.20781317143829348
656,0.9254004008842818,0.49910036590930984,0.9999998654451764,-0.00024389604662054237,-0.00037318541764571673,-0.027541353153755825,-0.0017581688007339835,-5.389836843505691e-08,-2.011243056766148e-07,-1.951005008599211,-0.20901977452537496
657,0.9265372487327486,0.49907079504106955,0.9999998661131867,-0.0002448437514292296,-0.0003702313591721486,-0.02747490098083681,-0.0017606532201170921,-5.4146433114965475e-08,-2.1869831072142006e-07,-1.9511157709591065,-0.21022382871878006
658,0.9276638229830926,0.4990410149852095,0.9999998668280565,-0.00024578215719941234,-0.00036734253962354154,-0.027409699410844906,-0.0017632044618949294,-5.4508159763599906e-08,-2.3751838352640923e-07,-1.9512262392301314,-0.2114253545446506
659,0.928780109980938,0.4990110403578945,0.9999998675888456,-0.00024671132209961205,-0.00036451832336614575,-0.027345726762773605,-0.001765817985869944,-5.4744521804650503e-08,-2.5759797576936674e-07,-1.9513364281100871,-0.21262437458776368
660,0.9298860666535138,0.49898089139890667,0.9999998683945934,-0.00024763134862292534,-0.00036175851398982325,-0.027282974937179506,-0.0017684990307316184,-5.509142653181698e-08,-2.789503471718316e-07,-1.9514463519961471,-0.2138209139243457
661,0.9309816701171484,0.49895058085230154,0.9999998692443209,-0.00024854232183639746,-0.00035906295927943524,-0.027221423037330245,-0.001771250506862998,-5.534619873515112e-08,-3.0158972986744127e-07,-1.9515560249898418,-0.21501499977198452
662,0.9320668876422011,0.4989201317950254,0.9999998701370301,-0.00024944434392524417,-0.0003564309973804594,-0.027161072575589192,-0.0017740634502843022,-5.5688154532163026e-08,-3.2552977924371067e-07,-1.9516654609106228,-0.216206661037331
663,0.9331417181497396,0.4988895564551476,0.9999998710716915,-0.0002503374659530743,-0.000353862024979342,-0.02710192231322048,-0.001776966149918735,-5.609053843613765e-08,-3.5078549919742454e-07,-1.951774673279668,-0.21739592875698577
664,0.9342061575806669,0.4988588715147865,0.9999998720472388,-0.0002512217619552872,-0.00035135597751602974,-0.02704395421653406,-0.0017799159977585077,-5.622298004936965e-08,-3.7737161951961114e-07,-1.951883675351801,-0.21858283593155017
665,0.9352601875895716,0.49882809456921395,0.9999998730625965,-0.00025209735181526747,-0.0003489118212462231,-0.02698715987114797,-0.0017829413991421461,-5.6662269543039656e-08,-4.0530329612096414e-07,-1.9519924800999158,-0.21976741714156867
666,0.9363038056180344,0.49879724677133114,0.9999998741166966,-0.0002529643391167525,-0.0003465290761158451,-0.026931512590649454,-0.0017860542284324765,-5.687598658710158e-08,-4.345950748726513e-07,-1.9521011002301218,-0.2209497090069654
667,0.9373369883901597,0.498766340569546,0.9999998752084507,-0.00025382282226088504,-0.00034420758159178164,-0.026877019164355535,-0.0017892225878313184,-5.732941232849953e-08,-4.652627538158047e-07,-1.9522095481720605,-0.22212974977470226
668,0.9383597585405743,0.4987353978530127,0.9999998763367371,-0.0002546728643682668,-0.0003419461913058113,-0.02682367160390845,-0.001792475813999772,-5.750534626258741e-08,-4.97321700838519e-07,-1.952317836052136,-0.22330757957416233
669,0.939372119584132,0.4987044288594776,0.9999998775004091,-0.00025551455523275266,-0.0003397449270696249,-0.026771454324303945,-0.0017957980744540691,-5.783418899341086e-08,-5.307896288153442e-07,-1.9524259757658067,-0.2244832406481254
670,0.940374071741258,0.4986734571626118,0.99999987869832,-0.0002563480309966758,-0.00033760294078262075,-0.02672035126718746,-0.0017992024077102542,-5.811231673646944e-08,-5.656809481291812e-07,-1.9525339789623741,-0.22565677682673835
671,0.941365619402357,0.4986424936204159,0.9999998799292981,-0.00025717334976100046,-0.00033551985784619886,-0.02667034753895224,-0.0018026797333732247,-5.8523490054085414e-08,-6.020134623100849e-07,-1.9526418570220543,-0.22682823364515495
672,0.9423467696860416,0.4986115647832438,0.9999998811921723,-0.0002579906864948771,-0.0003334949250673386,-0.026621439259977082,-0.0018062241142615676,-5.873403452483217e-08,-6.39803157368454e-07,-1.9527496210942656,-0.22799765784916748
673,0.9433175476423885,0.49858068101906605,0.999999882485783,-0.0002588000951858649,-0.00033152711843513293,-0.026573621471579226,-0.0018098540604114532,-5.899076072068965e-08,-6.790665635663381e-07,-1.9528572820227605,-0.22916509792572093
674,0.9442779749650867,0.4985498602254355,0.9999998838089342,-0.00025960167455813535,-0.0003296163106104549,-0.0265268755467449,-0.0018135624704882503,-5.938995428778071e-08,-7.198220701720325e-07,-1.9529648504086705,-0.23033060397655483
675,0.9452280664697364,0.49851911852766473,0.9999998851604273,-0.0002603955444481026,-0.0003277615417189054,-0.026481191154896604,-0.001817349693737924,-5.968516347820696e-08,-7.620872708273618e-07,-1.9530723366611256,-0.231494227194481
676,0.9461678442650528,0.49848847547404124,0.9999998865390562,-0.00026118180236936933,-0.00032596213566729614,-0.026436548954587323,-0.001821218989789486,-6.006843022987596e-08,-8.05879050611309e-07,-1.9531797509399902,-0.23265602063232513
677,0.9470973245491964,0.49845795411746274,0.9999998879436403,-0.0002619606271290282,-0.00032421779013439727,-0.026392944756870578,-0.0018251541769132018,-6.024427534612187e-08,-8.512151263567247e-07,-1.9532871031459678,-0.2338160385761618
678,0.9480165448061902,0.49842756774304026,0.9999998893730053,-0.0002627320737934557,-0.00032252728592591226,-0.026350373382905957,-0.00182917935308069,-6.051808298934702e-08,-8.98114123578272e-07,-1.9533944029427568,-0.23497433645027166
679,0.9489255395188556,0.4983973274511477,0.9999998908259515,-0.0002634962533256634,-0.0003208901228604732,-0.02630881499357958,-0.0018332840409129858,-6.087195458803762e-08,-9.465931884721882e-07,-1.9535016597352286,-0.2361309713344507
680,0.949824333882454,0.4983672555347477,0.9999998923012929,-0.0002642533066818394,-0.00031930585377305023,-0.02626825917523299,-0.001837466610595584,-6.122620277437818e-08,-9.966723940095329e-07,-1.9536088827090272,-0.23728600096125987
681,0.9507129656577503,0.49833737075865614,0.9999998937978392,-0.0002650033095998305,-0.0003177731563814282,-0.02622868433783891,-0.0018417283426970243,-6.144048825262871e-08,-1.0483696316375313e-06,-1.9537160808517062,-0.23843948412076946
682,0.9515914579540664,0.498307686116428,0.9999998953143944,-0.00026574641522749873,-0.0003162917074002801,-0.026190086734611276,-0.0018460724968463182,-6.177633338211308e-08,-1.1017034595027212e-06,-1.953823262910724,-0.23959148108157
683,0.9524598597419898,0.498278220098005,0.9999998968497779,-0.00026648272348771566,-0.0003148607822593908,-0.026152461297352023,-0.00185050955042243,-6.211854497450986e-08,-1.1566934328891461e-06,-1.9539304374129296,-0.24074205310278843
684,0.9533182171498296,0.49824898603961215,0.9999998984028107,-0.0002672123375731634,-0.00031347962791890586,-0.026115788712739688,-0.001855009119026363,-6.23110096853452e-08,-1.2133582678066407e-06,-1.9540376126526455,-0.24189126174740835
685,0.9541665696540057,0.4982200013545044,0.9999998999723061,-0.00026793535442431587,-0.00031214680645457366,-0.02608005756284974,-0.0018596062436699867,-6.270757069160027e-08,-1.2717178645323814e-06,-1.9541447967019374,-0.24303916947035265
686,0.9550049577194898,0.49819128546582536,0.9999999015570746,-0.00026865189990680225,-0.00031086229323303846,-0.02604524837078962,-0.0018642700742930174,-6.296338739275598e-08,-1.3317936971872976e-06,-1.9542519974823218,-0.24418584046633138
687,0.9558334179715718,0.49816285664618554,0.9999999031559806,-0.0002693621794705261,-0.0003096252502958572,-0.026011354176347035,-0.0018690393771976233,-6.32251015986185e-08,-1.3936011858969804e-06,-1.9543592226780426,-0.2453313399098454
688,0.9566520048187109,0.49813472627561795,0.9999999047678907,-0.00027006621664002017,-0.00030843514934115053,-0.025978392938125015,-0.001873878645710647,-6.363273996612406e-08,-1.4571626568991414e-06,-1.9544664796720697,-0.24647573298947625
689,0.9574608017511914,0.49810690244130074,0.9999999063916356,-0.00027076407728548937,-0.0003072905506920355,-0.02594632239341587,-0.0018787995213642716,-6.38787156503895e-08,-1.5225005721228814e-06,-1.954573775682924,-0.24761908498362184
690,0.9582598269604897,0.4980794067945736,0.9999999080260729,-0.0002714559422604244,-0.0003061908459410788,-0.025915127913452376,-0.0018838124815374613,-6.40834372234167e-08,-1.5896334977387744e-06,-1.9546811177478665,-0.24876146231358814
691,0.9590491282026006,0.49805225408400505,0.9999999096700606,-0.0002721418939499122,-0.0003051355619977989,-0.025884793540115913,-0.0018889118218794465,-6.450807177316165e-08,-1.6585817273669556e-06,-1.9547885126798712,-0.2499029325858026
692,0.9598287543500884,0.49802546651827856,0.9999999113224892,-0.00027282213013978045,-0.0003041240987030879,-0.025855312067127746,-0.0018940907903015614,-6.476251712683734e-08,-1.7293638874465296e-06,-1.9548959670950325,-0.2510435637517014
693,0.9605987674610342,0.49799905174983994,0.999999912982265,-0.0002734966869071695,-0.0003031553596963792,-0.025826698944296202,-0.0018993449630215764,-6.504433969212187e-08,-1.8020022464399307e-06,-1.955003487432504,-0.2521834235350745
694,0.9613592518338989,0.4979730186256488,0.9999999146482877,-0.000274165675751965,-0.00030222824238947224,-0.02579891156320368,-0.0019046962261199951,-6.528377127779095e-08,-1.876517301464926e-06,-1.9551110799847864,-0.2533225804987246
695,0.9621102334945211,0.4979473903293555,0.9999999163194878,-0.00027482926155428716,-0.00030134265791040217,-0.025771937511443008,-0.0019101300276815891,-6.556572884619527e-08,-1.9529307156621076e-06,-1.955218750877405,-0.25446110415139683
696,0.9628517700803886,0.49792218069018784,0.9999999179947892,-0.00027548752674316833,-0.0003004977622561578,-0.02574575713100837,-0.0019156375201418996,-6.582356348872054e-08,-2.031263164339221e-06,-1.9553265060538696,-0.25559906350839234
697,0.9635839181087452,0.49789739852190185,0.9999999196731294,-0.0002761406141517157,-0.00029969217512317226,-0.025720363605095248,-0.0019212407059967518,-6.609867853057949e-08,-2.1115355355059945e-06,-1.955434351261375,-0.2567365267572651
698,0.9643067442989618,0.4978730572673666,0.9999999213534471,-0.0002767885635903039,-0.0002989250019634444,-0.02569576742611598,-0.0019269067561253905,-6.620944503765713e-08,-2.1937712522394164e-06,-1.9555422920387366,-0.2578735620300151
699,0.9650203298114319,0.4978491567730048,0.9999999230346652,-0.00027743145049300403,-0.00029819539896928725,-0.02567193153347084,-0.0019326835172250867,-6.659937668018756e-08,-2.2779930401990513e-06,-1.9556503337454012,-0.2590102382631231
700,0.9657247113877439,0.4978257205563085,0.9999999247157393,-0.00027806945577238894,-0.0002975031333348517,-0.025648844319529147,-0.0019385394407436252,-6.694553178476781e-08,-2.364223446185996e-06,-1.95575848159638,-0.2601466244931578
701,0.9664199545850417,0.4978027584001596,0.9999999263956545,-0.0002787026722664937,-0.00029684704736837863,-0.025626482553898558,-0.0019444582285359502,-6.701431942701674e-08,-2.4524896447338252e-06,-1.9558667407743355,-0.26128278891003937
702,0.9671061179654628,0.49778027807421626,0.999999928073414,-0.00027933126154851355,-0.0002962260988404807,-0.02560483290810082,-0.0019504595547914505,-6.690047626989326e-08,-2.542815425495545e-06,-1.9559751164139554,-0.26241879887300895
703,0.967783266131894,0.49775827941555056,0.9999999297480056,-0.0002799552469265575,-0.00029563924051586855,-0.025583911101093364,-0.0019565438851714134,-6.730342505534281e-08,-2.6352282136024813e-06,-1.9560836134286719,-0.2635547208234534
704,0.9684514888041112,0.4977367708152897,0.9999999314184015,-0.0002805746855339619,-0.00029508534766541794,-0.025563712082246004,-0.001962710404768586,-6.734929058893613e-08,-2.7295793477434694e-06,-1.9561922339828002,-0.26469061463903576
705,0.9691108097720269,0.4977157484933259,0.9999999330834726,-0.00028118865951728955,-0.00029455807404984665,-0.025544267152363596,-0.001969151897355914,-7.414425340357411e-08,-2.8260427204520633e-06,-1.9563009800448246,-0.26582654776729214
706,0.9697613588974715,0.4976953038067432,0.999999934742538,-0.0002817991794697449,-0.00029406965075937384,-0.025525474347917528,-0.0019754869863390923,-6.777862182616445e-08,-2.924630812348486e-06,-1.9564098564577574,-0.2669625977875365
707,0.970403137158847,0.49767545028341276,0.9999999363950274,-0.0002824055376553675,-0.00029361525671737956,-0.025507361526325253,-0.001981970854103565,-6.987050227280633e-08,-3.02537840217991e-06,-1.9565188676182783,-0.26809884645557397
708,0.971036198430782,0.49765623085249244,0.9999999380402207,-0.00028300847862918935,-0.0002931993278313546,-0.0254899187593521,-0.0019885210786014795,-6.946179809119712e-08,-3.1282904042840903e-06,-1.9566280175990518,-0.2692353740403491
709,0.9716606595079575,0.49763758057953295,0.9999999396774365,-0.0002836074302731798,-0.0002928144000858476,-0.025473088211516233,-0.001995139056816697,-6.963303178508795e-08,-3.2333857359339888e-06,-1.9567373100606575,-0.2703722490223621
710,0.9722765493920624,0.4976195225997355,0.9999999413057853,-0.0002842025702216272,-0.0002924593573686254,-0.02545688459196344,-0.002001858316361904,-7.018227421440315e-08,-3.3406887594487433e-06,-1.9568467484932535,-0.27150953934704025
711,0.9728839550259437,0.4976020627791522,0.9999999429244204,-0.0002847939778517443,-0.00029213363063568146,-0.025441288236356965,-0.0020086425356566906,-7.024482329143211e-08,-3.450218014089041e-06,-1.9569563362143538,-0.27264731171413903
712,0.97348293954774,0.49758520156681607,0.9999999445325083,-0.00028538169695704413,-0.00029183577782082305,-0.025426293376612643,-0.0020155254751443863,-7.061051832124576e-08,-3.561991746325022e-06,-1.9570660763275673,-0.2737856321925096
713,0.9740735719537678,0.4975689489603182,0.9999999461292203,-0.0002859658265482295,-0.0002915655994520753,-0.025411910050361485,-0.00202249176800251,-7.098544330119694e-08,-3.6760305252144464e-06,-1.9571759717040866,-0.2749245669803715
714,0.9746559374672056,0.49755330695845745,0.999999947713739,-0.0002865463838157673,-0.00029132243215018825,-0.02540021609622465,-0.002029531868174672,-7.118252653981472e-08,-3.7076476888268753e-06,-1.9572856785358987,-0.276063851028309
715,0.9752311226979665,0.4975274874307747,0.9999999492687531,-0.00028709892689018283,-0.0002907415711445995,-0.025388954094862904,-0.0020366720855236053,-6.902402560626797e-08,-3.770351129004332e-06,-1.9573952646865198,-0.2772036154780765
716,0.9757987202713285,0.497500120647916,0.9999999507708386,-0.00028765467532663037,-0.00029020650758576215,-0.025377718338282205,-0.0020442029926925898,-7.231626852899353e-08,-3.845134554464183e-06,-1.957504429227659,-0.2783436733953024
717,0.9763585194328004,0.4974735913530717,0.9999999522353147,-0.0002882168077632883,-0.000289785276127532,-0.02536660817972422,-0.002051756950095296,-7.362776699437745e-08,-3.935776464529651e-06,-1.9576134115031854,-0.27948433856428057
718,0.9769106235811472,0.4974481543126022,0.9999999536737851,-0.000288782006691718,-0.0002894426904996409,-0.025355711269424572,-0.002059320453554392,-7.393859391413571e-08,-4.038755038363993e-06,-1.9577222748883654,-0.28062572796566126
719,0.977455100294609,0.4974239339329838,0.9999999550944018,-0.00028934785538657333,-0.0002891547784804398,-0.025345036910792314,-0.0020669158548116684,-7.38059853233608e-08,-4.151604927772142e-06,-1.957831064534025,-0.2817679281516727
720,0.9779919387845093,0.49740103822202786,0.9999999565026522,-0.0002899128814487077,-0.00028890801044823624,-0.025334653822920855,-0.0020745624788105488,-7.394972811880507e-08,-4.272591296736155e-06,-1.9579398124880587,-0.2829110105467041
721,0.9785211819369081,0.497379539937349,0.9999999579019943,-0.0002904759487368593,-0.00028869283899386424,-0.02532459009220167,-0.002082264516502619,-7.379382793715195e-08,-4.400466569014917e-06,-1.9580485413499802,-0.2840550361762432
722,0.9790428551268517,0.49735946420826793,0.9999999592942924,-0.0002910362174764045,-0.00028850238424521057,-0.025314879493931717,-0.002090028254315257,-7.399000878649531e-08,-4.534333669524478e-06,-1.9581572668881588,-0.2852000587663762
723,0.9795569983408662,0.4973408214124759,0.9999999606801916,-0.00029159313615691033,-0.00028833179018163867,-0.025305563679554558,-0.0020978539250791073,-7.41070849130665e-08,-4.673547129535279e-06,-1.9582659999591898,-0.28634612728328485
724,0.980063664810911,0.49732359828937284,0.9999999620594469,-0.0002921463180344333,-0.0002881775120421044,-0.025296616796130725,-0.0021057568956166506,-7.426687886891159e-08,-4.817622922459511e-06,-1.9583747478750682,-0.2874932873196044
725,0.9805628700723721,0.49730778086517025,0.9999999634311615,-0.0002926955807150612,-0.00028803724476943285,-0.025288067610984594,-0.0021137401927262545,-7.438475790877419e-08,-4.966217468792902e-06,-1.958483515408464,-0.2886415816404063
726,0.9810546746763543,0.497293332441576,0.9999999647939822,-0.0002932407662978778,-0.0002879091924733178,-0.025279920793263248,-0.002121789613738656,-7.459412643129326e-08,-5.119078218290566e-06,-1.9585923055439545,-0.2897910498888262
727,0.981539129192321,0.4972802227460136,0.9999999661462711,-0.0002937818354911488,-0.0002877912059073362,-0.025272179174629088,-0.0021299102809280157,-7.472398522168078e-08,-5.276015768989143e-06,-1.958701119935183,-0.29094172978450666
728,0.9820162852528909,0.49726840268840755,0.9999999674862265,-0.0002943187926520896,-0.0002876828697552337,-0.025264862840651648,-0.0021381147671490908,-7.505486365744218e-08,-5.436901789558362e-06,-1.9588099592636468,-0.2920936577965696
729,0.9824862110670906,0.49725783000600066,0.9999999688119925,-0.0002948517028853019,-0.00028758294769103577,-0.025257928466112065,-0.0021463879384100437,-7.524816680870572e-08,-5.601626497838044e-06,-1.9589188235274282,-0.29324686944806283
730,0.9829489332643735,0.49724847305364683,0.9999999701217471,-0.0002953807682829954,-0.00028749137483862543,-0.025251389520597106,-0.002154742833226919,-7.540236879322038e-08,-5.7701210249529265e-06,-1.9590277122180737,-0.2944013992204134
731,0.9834045201538627,0.4972402858417505,0.9999999714137199,-0.0002959060001212557,-0.0002874072399552271,-0.02524523333537635,-0.002163180848583579,-7.558450221267776e-08,-5.942330744567546e-06,-1.9591366244812052,-0.29555728018023003
732,0.9838530226084157,0.49723322421850885,0.9999999726862239,-0.0002964275536012916,-0.00028733058689573766,-0.02523945692008338,-0.002171701518818736,-7.595193807219403e-08,-6.118218119098267e-06,-1.9592455591970834,-0.29671454467276764
733,0.9842944994817309,0.497227256511338,0.9999999739377042,-0.00029694556644430136,-0.0002872609153538318,-0.02523406528727585,-0.0021802722476422787,-7.600937834695287e-08,-6.297759899442255e-06,-1.959354515021177,-0.29787322355452006
734,0.9847290158380354,0.4972223225611253,0.9999999751667458,-0.0002974601434085572,-0.000287197434522825,-0.025229011516819954,-0.0021889444906264544,-7.631641807392953e-08,-6.480927047485436e-06,-1.9594634904467858,-0.2990333469325056
735,0.9851566012042855,0.4972184096502195,0.9999999763720699,-0.00029797147394671923,-0.0002871405157723812,-0.025224301771409944,-0.002197685418650508,-7.645000721367978e-08,-6.667708021100325e-06,-1.9595724838437976,-0.3001949443811227
736,0.9855773206413966,0.4972154693116848,0.9999999775525285,-0.0002984796304058569,-0.0002870897442851214,-0.025219924000847445,-0.002206498757004738,-7.674681512526149e-08,-6.85809705298493e-06,-1.9596814935089477,-0.30135804431687896
737,0.9859912249655989,0.49721347020645545,0.9999999787071131,-0.00029898478237604375,-0.00028704464510791687,-0.025215866677810374,-0.002215399406850338,-7.694929848867105e-08,-7.052083327899199e-06,-1.9597905176717045,-0.30252267415079276
738,0.9863983671208223,0.49721238178809424,0.9999999798349375,-0.0002994869757423318,-0.00028700517988316257,-0.025212133937725544,-0.0022243629209697247,-7.711460625614563e-08,-7.249669025148154e-06,-1.9598995544492497,-0.3036888603229046
739,0.9867988069865808,0.49721216569149335,0.9999999809352227,-0.0002999863136127438,-0.0002869708993345099,-0.025208679182901685,-0.002233408624306321,-7.737659046824774e-08,-7.450841299373588e-06,-1.9600086018842107,-0.3048566284412497
740,0.9871925746643766,0.49721280259543754,0.9999999820073019,-0.00030048294245713705,-0.0002869416965436926,-0.025205508738901854,-0.0022425286006182432,-7.758231390653236e-08,-7.655605493964033e-06,-1.9601176579914577,-0.3060260027919893
741,0.9875797292003567,0.4972142672244836,0.9999999830505982,-0.00030097689858326254,-0.0002869170094601007,-0.02520259665970142,-0.0022517347242683172,-7.792385048333017e-08,-7.863502202972473e-06,-1.9602267206980029,-0.3071970081462183
742,0.9879603225069992,0.49721654312118607,0.9999999840646332,-0.0003014686589563765,-0.00028689759407673517,-0.02519991314836877,-0.0022608551662415266,-7.454008255081135e-08,-8.075242943419654e-06,-1.960335787855973,-0.30836966286110173
743,0.9883343786422337,0.49721954914189154,0.9999999850488942,-0.0003019572519703741,-0.0002868779549847249,-0.0251975147328044,-0.002270267577841878,-7.996690953859797e-08,-8.290620637787847e-06,-1.9604448573664912,-0.3095439817294977
744,0.9887019810407845,0.4972232622928896,0.9999999860029714,-0.0003024434644232784,-0.000286861776185059,-0.025195326117675405,-0.0022796504199504852,-7.772732857347364e-08,-8.509618812055259e-06,-1.960553927040345,-0.31071997853352284
745,0.9890631513653392,0.49722768129431755,0.9999999869265626,-0.0003029269137200726,-0.0002868461852710935,-0.02519337162916271,-0.0022891592234373093,-7.90934535643828e-08,-8.732261486185275e-06,-1.9606629946857461,-0.31189766861207546
746,0.9894179304968685,0.497232816269961,0.9999999878193981,-0.00030340807176212594,-0.00028683474781199416,-0.025191632994224205,-0.002298724837601185,-7.904679222292543e-08,-8.958531513733603e-06,-1.9607720581617567,-0.3130770723620101
747,0.9897663623356547,0.4972386396026068,0.9999999886813109,-0.0003038868985332855,-0.00028682613571936067,-0.025190098992098224,-0.00230837007984519,-7.918503541759492e-08,-9.18841158468192e-06,-1.9608811152352097,-0.3142582071427039
748,0.9901084882609432,0.49724512579091656,0.9999999895121429,-0.00030436338675506004,-0.00028682023259254046,-0.025188776897481002,-0.0023180972784757614,-7.966365700440292e-08,-9.421899580175904e-06,-1.9609901636080314,-0.31544108936326337
749,0.9904443568535114,0.4972522640408544,0.9999999903117571,-0.00030483755688627534,-0.0002868164510921475,-0.025187622248307607,-0.0023278959561139345,-7.975924631864473e-08,-9.658973225275671e-06,-1.9610992009575636,-0.31662573489720397
750,0.9907739892572679,0.49726004837444526,0.9999999910800464,-0.00030530952070294384,-0.00028681496099349657,-0.02518663963067874,-0.002337754238396883,-7.986962913264506e-08,-9.899619562447866e-06,-1.9612082249283853,-0.31781215870008034
751,0.9910974311056653,0.49726844795409153,0.9999999918169205,-0.00030577924825042895,-0.0002868150872239491,-0.025185839880022053,-0.0023476865608245134,-8.008032637008e-08,-1.0143847071702287e-05,-1.9613172331603765,-0.31900037327180614
752,0.991414729128014,0.49727744903142795,0.9999999925222953,-0.0003062466808805137,-0.00028681591513401235,-0.02518516712300202,-0.0023576836101710796,-8.015472729994144e-08,-1.0391632789375692e-05,-1.9614262232393067,-0.3201903892094933
753,0.9917258976968515,0.4972870352403096,0.9999999931960936,-0.00030671187595947264,-0.000286817261421923,-0.02518467296291147,-0.0023677675053477287,-8.059896572376601e-08,-1.0643004764885634e-05,-1.9615351926920335,-0.32138221619181223
754,0.9920309978151952,0.49729718336286427,0.9999999938382488,-0.00030717475027129616,-0.0002868187262334816,-0.02518426976374907,-0.0023779107723385096,-8.059963363393763e-08,-1.089792930181155e-05,-1.9616441390156105,-0.3225758622870479
755,0.9923300286425217,0.4973078925838655,0.9999999944487081,-0.00030763542333966514,-0.00028681978390832324,-0.025184011651010633,-0.00238814321346581,-8.105546100978245e-08,-1.115643482957986e-05,-1.9617530596926394,-0.3237713343266757
756,0.9926230477369108,0.49731913371068004,0.9999999950274249,-0.0003080937640089304,-0.00028682040837729164,-0.025183864570902274,-0.002398438286036253,-8.128680661911858e-08,-1.1418500000552141e-05,-1.9618619522139271,-0.3249686377411399
757,0.9929100756959257,0.4973308985639915,0.999999995574362,-0.00030854983508555526,-0.0002868197339353477,-0.02518382056187274,-0.0024087997153401375,-8.144711927116077e-08,-1.1684108026677696e-05,-1.9619708140443977,-0.3261677768416862
758,0.9931911411084191,0.49734317345411316,0.9999999960894917,-0.0003090036223271379,-0.00028681790311541186,-0.025183881391234005,-0.0024192435666918755,-8.170803056373188e-08,-1.1953251762938192e-05,-1.962079642590091,-0.3273687554041278
759,0.9934662767587877,0.497355942231605,0.9999999965727895,-0.0003094550932078417,-0.00028681449816678987,-0.025184010007963806,-0.0024297465570271015,-8.185310207409202e-08,-1.2225901718214227e-05,-1.9621884352316212,-0.3285715756410227
760,0.9937354980413012,0.49736919084773257,0.9999999970242358,-0.00030990428625367225,-0.0002868090823555657,-0.02518421174559885,-0.0024403175339102745,-8.203130619222065e-08,-1.2502055595011527e-05,-1.9622971893396735,-0.32977623775654025
761,0.9939988366634966,0.497382911858798,0.9999999974438148,-0.0003103511429459297,-0.0002868008231106647,-0.025184497473386767,-0.002450956031680107,-8.219782898777339e-08,-1.2781724878253009e-05,-1.9624059022891782,-0.33098274020745383
762,0.9942563228282417,0.4973970728586833,0.9999999978315136,-0.0003107955974028639,-0.0002867895328534712,-0.025184818256256774,-0.0024616753216832876,-8.259051043069121e-08,-1.306487698132018e-05,-1.9625145714215355,-0.33219108021333293
763,0.9945079649497635,0.497411679095998,0.9999999981873225,-0.00031123768775864546,-0.00028677486609010605,-0.025185218214778187,-0.002472449326887727,-8.266385975730373e-08,-1.3351527782802677e-05,-1.9626231940261751,-0.3334012538418696
764,0.9947538036762008,0.4974266934265279,0.9999999985112374,-0.00031167731070183633,-0.00028675659766365613,-0.025185620419727973,-0.0024833139032125473,-8.302918530489478e-08,-1.3641629153902379e-05,-1.9627317673682327,-0.3346132561123208
765,0.9949938342790928,0.4974421274709533,0.9999999988032585,-0.00031211455363887276,-0.0002867344790375731,-0.025186077607986905,-0.0024942606687545776,-8.349370261839795e-08,-1.3935203123086101e-05,-1.9628402887128311,-0.3358270810544085
766,0.9952280966971395,0.49745795891086714,0.9999999990633903,-0.00031254929050596994,-0.0002867083278779207,-0.025186554791083712,-0.002505240496248007,-8.346255953028958e-08,-1.4232225334390224e-05,-1.9629487553296092,-0.3370427212961375
767,0.9954565994310308,0.4974741773961561,0.9999999992916433,-0.0003129815665020971,-0.0002866773787962867,-0.025187049276366738,-0.0025163069367408752,-8.383047855886616e-08,-1.4532716830781854e-05,-1.9630571644580037,-0.3382601682252329
768,0.9956793598305823,0.4974907677658324,0.9999999994880321,-0.00031341131290181463,-0.00028664162592163236,-0.02518756356148151,-0.002527474192902446,-8.44534682187259e-08,-1.4836639290006027e-05,-1.9631655132840942,-0.33947941299946044
769,0.995896396758002,0.49750772527482484,0.9999999996525738,-0.00031383850207456523,-0.0002866014145977731,-0.025188063360596404,-0.0025386770721524954,-8.43688710006063e-08,-1.5143912287661154e-05,-1.963273798973591,-0.34070044591736204
770,0.9961077165376752,0.4975250395222877,0.999999999785289,-0.00031426321347615283,-0.00028655591191547106,-0.025188551846540987,-0.0025499691255390644,-8.467713996651582e-08,-1.5454504054618097e-05,-1.963382018696853,-0.3419232567007107
771,0.9963133343174624,0.4975427068553942,0.9999999998862001,-0.0003146854038588435,-0.0002865054532491585,-0.02518903759239971,-0.002561307977885008,-8.457460864974564e-08,-1.5768367371873792e-05,-1.9634901696109506,-0.3431478339351166
772,0.9965132677248836,0.4975606980154251,0.999999999955331,-0.00031510499315334534,-0.00028644918682256613,-0.0251894656792696,-0.002572692232206464,-8.432692766291439e-08,-1.6085451804144924e-05,-1.963598248813629,-0.344374163252324
773,0.996707514334426,0.4975790060781193,0.999999999992707,-0.0003155219453425927,-0.00028638638345329794,-0.025189879774039563,-0.0025841256137937307,-8.442606969083499e-08,-1.6405748275725243e-05,-1.9637062533525858,-0.34560222613969266
774,0.9968960999309999,0.4975975887874002,0.9999999999983595,-0.0003159360837010362,-0.000286315431032416,-0.025190202090125822,-0.0025956169702112675,-8.435021214836524e-08,-1.6729174802018263e-05,-1.9638141802316658,-0.3468320008918752
775,0.9970790127029885,0.4976164413531404,0.999999999972329,-0.00031634745680652633,-0.000286236310949053,-0.02519046993212086,-0.002607161644846201,-8.422721009537781e-08,-1.70562289189214e-05,-1.9639220264367516,-0.3480634612536603
776,0.9972562649412327,0.49763553259511367,0.9999999999146686,-0.00031675546973057394,-0.00028614671636759836,-0.02519072697898022,-0.0026189652271568775,-8.854083688447645e-08,-1.7386483515115095e-05,-1.9640297890313723,-0.3492965823466851
777,0.9974278776799042,0.4976548822876005,0.9999999998254356,-0.0003171608715637879,-0.0002860505068555332,-0.02519088197012659,-0.002630651695653796,-8.491517178299546e-08,-1.7719862304576736e-05,-1.9641374650233514,-0.3505313427896566
778,0.9975938336124419,0.49767448529534547,0.9999999997046869,-0.00031756328920584583,-0.0002859463860786611,-0.02519099904743645,-0.0026424890384078026,-8.667238660109433e-08,-1.805641160114454e-05,-1.9642450514089553,-0.3517677234431762
779,0.9977541462251438,0.4976943491954269,0.9999999995524831,-0.0003179629651467639,-0.0002858359623669758,-0.025190995905977953,-0.0026543368585407734,-8.601907808269971e-08,-1.8396041333201027e-05,-1.9643525451782535,-0.3530057040950902
780,0.9979088046866555,0.49771443919406233,0.9999999993688827,-0.0003183596882249975,-0.00028571665427230673,-0.025190899751939055,-0.0026662659365683794,-8.644988724881841e-08,-1.8738750691413555e-05,-1.9644599432379835,-0.35424525761431264
781,0.9980578167202276,0.49773474168124804,0.9999999991539555,-0.00031875332975365793,-0.000285588118718318,-0.02519072223525464,-0.002678253687918186,-8.65424141238691e-08,-1.908452516581997e-05,-1.9645672425215837,-0.3554863549871489
782,0.9982011843378307,0.4977552369016433,0.9999999989077765,-0.0003191438213354291,-0.00028544991814303844,-0.025190417209568643,-0.002690305933356285,-8.675787910306099e-08,-1.9433297190665345e-05,-1.964674439922613,-0.35672896566118584
783,0.9983388968431315,0.49777591772184043,0.9999999986304267,-0.0003195311486401006,-0.0002853018051019415,-0.025190023003747723,-0.0027024089358747005,-8.670900086826805e-08,-1.978506886054356e-05,-1.9647815323035431,-0.35797305810739966
784,0.9984709583011027,0.49779676243817483,0.9999999983219953,-0.00031991518249547234,-0.0002851436094171666,-0.025189472589294243,-0.002714575966820121,-8.694124176145124e-08,-2.0139750535818958e-05,-1.9648885165095067,-0.35921859940129797
785,0.9985973521141301,0.49781777306672403,0.9999999979825783,-0.00032029596897678657,-0.00028497487996158674,-0.02518878787686387,-0.002726784208789468,-8.699152687086098e-08,-2.0497321142131927e-05,-1.9649953893598227,-0.3604655540606204
786,0.9987180774659821,0.4978389260372901,0.9999999976122793,-0.0003206733885845393,-0.000284794798915899,-0.025187977463915667,-0.002739058109000325,-8.690472697026053e-08,-2.0857748599566698e-05,-1.9651021476892017,-0.3617138847199216
787,0.9988331282061546,0.49786019967208395,0.999999997211211,-0.00032104734254071387,-0.0002846034540568948,-0.025186995866865697,-0.002751370193436742,-8.694674846765338e-08,-2.122094917561549e-05,-1.9652087882937612,-0.3629635521947554
788,0.9989424893512773,0.497881584763085,0.9999999967794977,-0.0003214178125938798,-0.0002844000589166006,-0.0251858794404126,-0.0027637435123324394,-8.692548192357208e-08,-2.1586913351976234e-05,-1.9653153079377206,-0.3642145145983883
789,0.999046157047263,0.49790305732961604,0.9999999963172792,-0.00032178461304458415,-0.00028418421777554704,-0.025184586418109854,-0.002776149660348892,-8.68302407752708e-08,-2.1956373832467645e-05,-1.9654217033477115,-0.3654667238058886
790,0.9991441072790985,0.4979245973647425,0.999999995824727,-0.00032214700915339815,-0.00028395315262533445,-0.02518318539529481,-0.002789001213386655,-9.401301070965928e-08,-2.232855318695818e-05,-1.9655279713127696,-0.3667201380069299
791,0.9992363411696721,0.49794626341029374,0.999999995301931,-0.0003225063926283481,-0.0002837142275956835,-0.025181615961368913,-0.0028015386778861284,-8.736844847589964e-08,-2.2703393352174383e-05,-1.9656341086490443,-0.36797472151165556
792,0.9993228368142955,0.4979680390803728,0.9999999947489607,-0.0003228619017922989,-0.00028346436568567335,-0.025179868682769297,-0.0028143066447228193,-9.008301304902488e-08,-2.308089218826999e-05,-1.9657401121703204,-0.36923044290812557
793,0.999403572547734,0.4979899675168281,0.9999999941659121,-0.0003232142005569209,-0.0002832073589816215,-0.02517796363372149,-0.002827032934874296,-8.892234859558812e-08,-2.346102138492847e-05,-1.9658459786847027,-0.37048726955169853
794,0.9994785402432774,0.49801196925193,0.9999999935528532,-0.0003235626324585996,-0.000282937973545284,-0.02517584193089648,-0.0028398490976542234,-8.931037598358671e-08,-2.3843703980210347e-05,-1.9659517048750854,-0.371745156597996
795,0.9995477152497357,0.498034045231362,0.9999999929099087,-0.0003239071679302463,-0.0002826565311681702,-0.025173523055963997,-0.002852708101272583,-8.932087069979389e-08,-2.4228928705103566e-05,-1.966057287401557,-0.37300405850293494
796,0.9996110807298852,0.49805617692021603,0.9999999922372125,-0.0003242477074260675,-0.0002823628490897111,-0.025171020490566243,-0.0028656269423663616,-8.954483377010547e-08,-2.4616681467007776e-05,-1.9661627229416156,-0.37426392807437253
797,0.9996686172652557,0.49807835211324947,0.9999999915348984,-0.0003245841516964843,-0.00028205645015287395,-0.025168292431257483,-0.002878593048080802,-8.963201025835588e-08,-2.5006889229394882e-05,-1.9662680081659436,-0.37552471596878767
798,0.9997202996197003,0.498100565093534,0.999999990803104,-0.00032491646921757253,-0.00028173693109592257,-0.025165374959958506,-0.002891627373173833,-8.98430130291672e-08,-2.5399550007777405e-05,-1.9663731397271307,-0.37678637196429055
799,0.9997661073038789,0.4981227976843734,0.9999999900419746,-0.00032524451612541154,-0.0002814045698466467,-0.02516221355589931,-0.002904729451984167,-9.024753921949014e-08,-2.5794575069250283e-05,-1.9664781142616659,-0.37804884483062323
800,0.9998060122140937,0.49814505575044504,0.9999999892516637,-0.00032556828558416703,-0.0002810590451642171,-0.025158825868493002,-0.002917882055044174,-9.022854641216327e-08,-2.619194104214696e-05,-1.9665829284009506,-0.37931208219942125
801,0.9998399899591393,0.4981673205086294,0.9999999884323277,-0.00032588769440047594,-0.0002807004010530134,-0.02515522420627263,-0.002931086579337716,-9.038119941351397e-08,-2.6591620910497558e-05,-1.9666875787850957,-0.3805760305444146
802,0.9998680142217561,0.4981895821436956,0.9999999875841252,-0.0003262026161860728,-0.000280328324126074,-0.025151371414321465,-0.0029443500097841024,-9.0674198816032e-08,-2.699353851654795e-05,-1.9667920620529071,-0.3818406351352879
803,0.999890054991451,0.498211842230484,0.999999986707218,-0.0003265130516391605,-0.00027994284971999015,-0.025147298867688603,-0.0029576667584478855,-9.068020290214918e-08,-2.7397680685361702e-05,-1.9668963748406114,-0.3831058404144715
804,0.9999060841419342,0.498234078195678,0.9999999858017701,-0.0003268188479172452,-0.00027954385487862166,-0.02514295531338855,-0.002971063833683729,-9.112240917374947e-08,-2.7803950567286286e-05,-1.9670005137506026,-0.38437158991871695
805,0.9999160698295836,0.4982562991570787,0.999999984867953,-0.00032711999627082637,-0.0002791315262490506,-0.02513835763349106,-0.0029844981618225574,-9.110777199339282e-08,-2.821232227360936e-05,-1.9671044753803557,-0.3856378258484183
806,0.999919980635727,0.49827848866086943,0.9999999839059457,-0.0003274163712796,-0.00027870547893299447,-0.02513351482936139,-0.0029979748651385307,-9.103619191819234e-08,-2.862275875981526e-05,-1.9672082563378979,-0.38690448900627183
807,0.9999177836878037,0.498300628406707,0.9999999829159302,-0.0003277078696691407,-0.00027826587606097255,-0.02512839231010535,-0.0030115193221718073,-9.139682788372738e-08,-2.903517975853148e-05,-1.9673118532085745,-0.3881715197182172
808,0.9999094448550571,0.4983227239254044,0.999999981898088,-0.0003279944854190025,-0.0002778126411437125,-0.025123023020760797,-0.003025127574801445,-9.16416666996156e-08,-2.9449576169013754e-05,-1.967415262596395,-0.3894388571385357
809,0.9998949281692967,0.4983447638742356,0.9999999808525942,-0.0003282760840187437,-0.0002773456511222158,-0.025117356751962177,-0.0030387958977371454,-9.191611383130294e-08,-2.9865843127895943e-05,-1.9675184811000042,-0.39070643953536977
810,0.9998741980981004,0.4983667494806753,0.9999999797796314,-0.00032855262626610416,-0.0002768651738145871,-0.025111409122482168,-0.003052506595849991,-9.18706035690775e-08,-3.0283947083660724e-05,-1.96762150529135,-0.3919742038065912
811,0.9998472167944372,0.4983886663336029,0.9999999786793953,-0.0003288239825226966,-0.00027637072051950686,-0.02510519178404386,-0.0030662582721561193,-9.199422379424504e-08,-3.070385520821121e-05,-1.9677243317541386,-0.3932420851811661
812,0.999813944865465,0.4984105055435774,0.9999999775520769,-0.00032909006866808303,-0.0002758623788909832,-0.025098668889406848,-0.003080070950090885,-9.217154683938134e-08,-3.112547453726767e-05,-1.9678269570496956,-0.3945100185270514
813,0.999774344160168,0.49843226736774476,0.9999999763978703,-0.0003293508313080347,-0.00027534037637470593,-0.0250918803023985,-0.0030939432326704264,-9.252471500076354e-08,-3.154880210365792e-05,-1.9679293777558577,-0.3957779370803646
814,0.9997283707938284,0.49845389618503944,0.9999999752169657,-0.0003296061557349737,-0.00027480452269752553,-0.02508487121863217,-0.0031078720930963755,-9.246754473224428e-08,-3.1974076006659465e-05,-1.968031591649953,-0.3970457888379706
815,0.9996759799069941,0.49847439927104437,0.9999999740097892,-0.0003298560973169664,-0.000274265181128989,-0.02507768624904249,-0.0031218212097883224,-9.251802168819268e-08,-3.240131557336753e-05,-1.9681335974589356,-0.3983135357989549
816,0.9996171252332318,0.49849326579515274,0.9999999727771842,-0.00033010078510436856,-0.0002737263168844359,-0.025070299163694458,-0.003135864855721593,-9.26717262927923e-08,-3.283029387181166e-05,-1.968235395062381,-0.3995811526854194
817,0.9995517635075162,0.49851062964852627,0.999999971519848,-0.0003303403273238703,-0.00027318723025035154,-0.0250626489235364,-0.0031499655451625586,-9.280238799647123e-08,-3.3260810195347427e-05,-1.968336983855198,-0.40084860920815063
818,0.9994798553299148,0.49852663401190883,0.9999999702382596,-0.0003305748438558656,-0.0002726470626543222,-0.025054743325234538,-0.003164116060361266,-9.289263402934012e-08,-3.369279026924758e-05,-1.9684383631403932,-0.4021158722987223
819,0.9994013531557,0.4985413978815563,0.9999999689327204,-0.0003308042862209039,-0.00027210444062721257,-0.02504652116208962,-0.0031783487647771835,-9.316108418033764e-08,-3.412609241912476e-05,-1.9685395321642187,-0.4033829058539332
820,0.9993162170267297,0.498555043419935,0.9999999676034051,-0.00033102866015587173,-0.00027155902720476117,-0.025037990393898566,-0.0031926403753459454,-9.353448859883429e-08,-3.456068522883102e-05,-1.9686404901268333,-0.4046496712084864
821,0.9992243987081185,0.49856767430514215,0.9999999662503917,-0.0003312478860038299,-0.00027100966325169636,-0.025029166266392174,-0.003206998808309436,-9.384694266145743e-08,-3.499391591240912e-05,-1.968741234593156,-0.4059161266554263
822,0.9991258478919731,0.4985793455206462,0.9999999648737129,-0.00033146214345290665,-0.0002704548804229956,-0.025020036834907472,-0.003221429418772459,-9.398367240009975e-08,-3.541342765759164e-05,-1.9688417558314069,-0.40718223040553236
823,0.9990205171145284,0.4985900276964228,0.9999999634738216,-0.0003316719577591668,-0.00026989334996954076,-0.025010617514800954,-0.0032359156757593155,-9.426586444760687e-08,-3.582426653314402e-05,-1.9689420424923019,-0.4084479404017175
824,0.9989083530478782,0.4985997981337786,0.9999999620512642,-0.0003318772189266117,-0.000269325761190041,-0.02500085348625716,-0.0032504897098988295,-9.466587869155774e-08,-3.622845349973038e-05,-1.9690420844988012,-0.40971321367477465
825,0.9987893129367831,0.49860875772282565,0.9999999606062961,-0.000332077792256842,-0.0002687529346047014,-0.02499074656637423,-0.0032651021610945463,-9.4608957112996e-08,-3.662794067651349e-05,-1.9691418759240389,-0.4109780054728837
826,0.9986633447297986,0.49861697976567354,0.9999999591389632,-0.00033227348434789676,-0.0002681749771478869,-0.024980301990008242,-0.0032797674648463726,-9.498207731439834e-08,-3.702417414232233e-05,-1.9692414129032891,-0.41224226847477924
827,0.9985303954830094,0.4986245435419356,0.9999999576491357,-0.0003324641173993237,-0.00026759171777611575,-0.024969484473438826,-0.0032945028506219387,-9.529068734082102e-08,-3.741816419162898e-05,-1.9693406930131088,-0.4135059532369857
828,0.9983904191156003,0.49863152187287646,0.9999999561365748,-0.000332649520933395,-0.0002670032247108712,-0.024958317510976453,-0.0033092815428972244,-9.545533430355135e-08,-3.7810720485085186e-05,-1.9694397148796776,-0.41476900768480646
829,0.9982433580600362,0.49863797097421664,0.9999999546009771,-0.0003328294842450027,-0.00026640890022785557,-0.02494676020336059,-0.0033241354394704103,-9.581236071198873e-08,-3.820234887501886e-05,-1.9695384778730127,-0.41603137723939154
830,0.9980891670612513,0.4986439564784915,0.9999999530420111,-0.0003330038575325216,-0.0002658087216104461,-0.0249348273784268,-0.003339034039527178,-9.60261203886148e-08,-3.859347127241529e-05,-1.9696369818417012,-0.4172930056736661
831,0.9979277902856597,0.49864952838778237,0.9999999514593507,-0.00033317245206608526,-0.00026520229070766473,-0.024922530700116394,-0.0033539810683578253,-9.628192287891579e-08,-3.8984395131025336e-05,-1.969735226977427,-0.4185538340714985
832,0.9977591698836584,0.4986547292702153,0.999999949852676,-0.00033333508650551936,-0.00026458891203013014,-0.02490984167994784,-0.0033689839765429497,-9.636850251126816e-08,-3.937528339075834e-05,-1.969833213680892,-0.41981380092144305
833,0.9975832575083705,0.49865960404372245,0.9999999482217138,-0.00033349159764979206,-0.00026396843647610196,-0.024896788401193238,-0.0033840190153568983,-9.661928856985469e-08,-3.976631288958876e-05,-1.9699309424622744,-0.42107284286608393
834,0.9973999910251615,0.49866418268410356,0.9999999465662447,-0.00033364181382964666,-0.0002633403893468262,-0.024883340040865974,-0.003399138804525137,-9.71982245800973e-08,-4.015753128795691e-05,-1.9700284138661297,-0.42233089429757176
835,0.9972093208943122,0.49866851295282855,0.9999999448860941,-0.00033378562611472036,-0.0002627044461479254,-0.02486950619026994,-0.003414265578612685,-9.68524815903038e-08,-4.054901132377836e-05,-1.970125628431018,-0.4235878879136409
836,0.997011188346803,0.4986726111989872,0.9999999431811601,-0.00033392285961752756,-0.00026206053828013975,-0.0248553012046406,-0.0034294812940061092,-9.725877703203878e-08,-4.094080459250978e-05,-1.9702225866794683,-0.42484375542544356
837,0.9968055316845275,0.4986765094425907,0.9999999414514031,-0.00033405337822762636,-0.00026140889080496416,-0.02484070098302699,-0.003444713307544589,-9.739087403204394e-08,-4.133289106362356e-05,-1.9703192890596684,-0.4260984262953799
838,0.9965922974007828,0.4986802297549774,0.9999999396968358,-0.0003341770852889242,-0.0002607486780125812,-0.02482573205135091,-0.0034599953796714544,-9.760580610418401e-08,-4.172531499874559e-05,-1.970415735940375,-0.42735182776294245
839,0.996371419129852,0.49868379645008143,0.9999999379175216,-0.0003342938351591624,-0.0002600798225380537,-0.024810357835312977,-0.0034753289073705673,-9.748270457521357e-08,-4.211801536916417e-05,-1.9705119275944432,-0.428603886558023
840,0.996142847308482,0.4986872288981924,0.9999999361136006,-0.00033440351634311035,-0.0002594027939051352,-0.024794596614357636,-0.003490694100037217,-9.790377220042501e-08,-4.251100575627846e-05,-1.9706078641837619,-0.4298545275717267
841,0.9959065140585016,0.4986905485900979,0.9999999342852641,-0.0003345060398896801,-0.00025871690339325217,-0.024778454397060216,-0.003506111679598689,-9.771261488822347e-08,-4.290428312317453e-05,-1.9707035457948416,-0.43110367445853626
842,0.9956623565587817,0.498693765230946,0.9999999324327348,-0.0003346012701982231,-0.00025802293767715614,-0.024761909064144674,-0.0035215546377003193,-9.786603527572879e-08,-4.3297793567934424e-05,-1.9707989724156676,-0.43235124982091433
843,0.995410317758604,0.498696896688545,0.999999930556289,-0.0003346891385919371,-0.0002573202172107954,-0.024745128948216347,-0.003537053009495139,-9.800823619343646e-08,-4.3691548729875854e-05,-1.970894143923436,-0.43359717475480875
844,0.9951503760767556,0.4986955676613429,0.9999999286562353,-0.00033477056852010054,-0.00025663775160970345,-0.02472854057153416,-0.0035524966660887003,-9.709245318845205e-08,-4.4059717016872904e-05,-1.9709890263093552,-0.43484187968641463
845,0.9948826938983641,0.4986730167949988,0.9999999267194378,-0.00033484822593460875,-0.0002560907486965978,-0.02471144017823262,-0.003567875362932682,-9.588547555949845e-08,-4.4460100287536553e-05,-1.9710836185966696,-0.4360854947907581
846,0.9946069594799102,0.4986526554390083,0.9999999247470482,-0.0003349146341778788,-0.0002555264488711533,-0.024693931247048762,-0.0035836566239595413,-1.006387080337845e-07,-4.487904175258379e-05,-1.9711779519916233,-0.4373278582593501
847,0.9943230716996341,0.4986346409730405,0.999999922747868,-0.00033497149799977834,-0.00025494256075395653,-0.0246760351735993,-0.0035996532533317804,-1.0286836271689026e-07,-4.5311769668892585e-05,-1.9712720468323714,-0.4385688082545572
848,0.9940309512570094,0.4986190585559981,0.9999999207282652,-0.0003350198913773339,-0.00025433666070406695,-0.024657779833605845,-0.003615861525759101,-1.0357205582067763e-07,-4.57547538221632e-05,-1.9713659186255101,-0.4398081881907093
849,0.9937305189088297,0.4986059761533927,0.9999999186926909,-0.0003350605417301092,-0.00025371049899011153,-0.024639110159175158,-0.003631984582170844,-1.0180316678543022e-07,-4.620521845557749e-05,-1.9714595791913803,-0.44104585012064
850,0.9934217217947638,0.4985953910330207,0.9999999166440936,-0.0003350938848821966,-0.0002530643765463928,-0.024620019387980807,-0.003648084122687578,-1.0107387993230077e-07,-4.66611413395048e-05,-1.9715530375350696,-0.4422816514519089
851,0.993104487621255,0.49858726795187597,0.9999999145842222,-0.0003351201976475343,-0.00025239878914215655,-0.024600494673208198,-0.0036641648039221764,-1.0022107232998678e-07,-4.712095464125912e-05,-1.971646300520294,-0.44351545350345156
852,0.9927787450104456,0.4985815330556896,0.9999999125138596,-0.00033513952411387717,-0.0002517144922886699,-0.024580496349056166,-0.0036802231334149837,-9.95048949903321e-08,-4.7583404345937424e-05,-1.971739373276622,-0.44474712073842565
853,0.992444436306137,0.4985780971752111,0.9999999104331044,-0.00033515183130644214,-0.0002510122206105684,-0.024560029469451638,-0.003696241183206439,-9.895365593592942e-08,-4.80475904552752e-05,-1.9718322595764548,-0.4459765196931359
854,0.9921014845253666,0.49857684613559783,0.999999908341533,-0.0003351570148952729,-0.0002502923133319761,-0.024539055641667126,-0.0037122557405382395,-9.849244264614754e-08,-4.851272162432595e-05,-1.9719249620807362,-0.4472035182090386
855,0.9917498345360086,0.49857766896935,0.9999999062383885,-0.0003351548606808365,-0.00024955555177869174,-0.024517576380789708,-0.003728223033249378,-9.802251810242524e-08,-4.897824035067436e-05,-1.9720174825325971,-0.44842798431910647
856,0.991389412703252,0.4985804353900801,0.9999999041227587,-0.00033514510843133,-0.0002488021814412112,-0.024495593934127067,-0.0037441840395331383,-9.763888186853364e-08,-4.9443699641969204e-05,-1.972109821963789,-0.44964978573823394
857,0.9910201480290423,0.49858501841531255,0.9999999019936385,-0.00033512751029633194,-0.0002480330175527076,-0.024473088942980042,-0.003760117804631591,-9.758283425753689e-08,-4.990869921292859e-05,-1.9722019807859945,-0.45086878982037815
858,0.9906419788098549,0.4985912962772605,0.9999998998500328,-0.0003351017958664893,-0.00024724821362254775,-0.024450076717497132,-0.003776043886318803,-9.719391158569124e-08,-5.0372962621109693e-05,-1.9722939588891824,-0.45208486351048355
859,0.9902548301160574,0.49859914484319334,0.9999998976910272,-0.0003350676817022111,-0.0002464487108400692,-0.02442653119189077,-0.003791932947933674,-9.686085888915841e-08,-5.083616937831264e-05,-1.972385755665519,-0.4532978735250454
860,0.9898586448460259,0.49860844211927974,0.99999989551585,-0.0003350248854683076,-0.00024563521369604704,-0.02440246384295644,-0.0038078075740486383,-9.663926903158426e-08,-5.129812594750268e-05,-1.9724773700585516,-0.45450768552170623
861,0.9894533495369253,0.49861907046679743,0.9999998933239143,-0.00033497312547453275,-0.0002448083499048259,-0.024377887577025602,-0.0038236724212765694,-9.668178790889215e-08,-5.175867767790992e-05,-1.9725688006944229,-0.455714164239445
862,0.9890388691289764,0.49863092683609483,0.9999998911147832,-0.0003349121788981105,-0.00024396871537529845,-0.024352786169504963,-0.0038395056035369635,-9.643999732134034e-08,-5.2217623773719016e-05,-1.9726600458896328,-0.4569171742041758
863,0.9886151453198738,0.4986439100178997,0.9999998888881901,-0.0003348418287065441,-0.00024311711974147186,-0.02432717863213605,-0.0038553420454263687,-9.6281887351779e-08,-5.267483944504261e-05,-1.9727511036577212,-0.4581165797123322
864,0.988182098784654,0.4986579193840768,0.9999998866440472,-0.00033476184754128535,-0.00024225460166000547,-0.0243010436815121,-0.003871148219332099,-9.603120787460284e-08,-5.3130135961775605e-05,-1.9728419717173011,-0.4593122441290055
865,0.9877396722690115,0.4986728648855323,0.999999884382469,-0.00033467199119966367,-0.0002413820312768768,-0.024274392929096097,-0.0038869203999638557,-9.581198412433878e-08,-5.358341062187806e-05,-1.9729326475251394,-0.4605040298324064
866,0.987287790493742,0.4986886582772339,0.9999998821037561,-0.00033457209408443425,-0.00024050003068604628,-0.02424723681100461,-0.0039026911836117506,-9.574397807909918e-08,-5.403455617861886e-05,-1.9730231283246629,-0.46169179903001956
867,0.9868263789480946,0.4987052214647366,0.9999998798082921,-0.0003344620366626051,-0.00023960979559189098,-0.024219559887668163,-0.003918423317372799,-9.55669889890487e-08,-5.448342958992843e-05,-1.9731134111442146,-0.4628754135464727
868,0.9863553763857095,0.4987224821474499,0.9999998774965949,-0.00033434160857241587,-0.0002387120736665002,-0.024191379311188893,-0.003934166394174099,-9.547441948143387e-08,-5.4929938982007574e-05,-1.9732034928129396,-0.4640547353465299
869,0.9858747042117438,0.49874037105473507,0.999999875169295,-0.00033421071315716514,-0.00023780852992952138,-0.024162673427648867,-0.0039498466067016125,-9.510855392136364e-08,-5.5373928794304806e-05,-1.9732933699440922,-0.4652296259381318
870,0.9853843032135693,0.4987588228781352,0.9999998728271147,-0.00033406916576360547,-0.00023689957380723482,-0.02413349122270894,-0.003965527750551701,-9.503420983492106e-08,-5.582144823959429e-05,-1.973383041216481,-0.4663999421692272
871,0.9848841188888899,0.49877776205918767,0.9999998704710595,-0.0003339156499166508,-0.00023598720728708285,-0.024103856534036926,-0.003981938585639,-1.0367044467329833e-07,-5.626189724716052e-05,-1.973472503851567,-0.4675655558766687
872,0.984374003418152,0.4987972315809219,0.9999998681013835,-0.00033375314285105304,-0.00023507627280668832,-0.02407363794664435,-0.003997077699750662,-8.986964417090348e-08,-5.669909562234933e-05,-1.9735617519539623,-0.46872634118883694
873,0.9838539836290099,0.4988171333918249,0.9999998657186184,-0.0003335791502514229,-0.0002341625331503367,-0.024042935202609427,-0.004012914374470711,-9.613980722633642e-08,-5.71332786353139e-05,-1.9736507814391744,-0.46988217103739016
874,0.9833239633429588,0.49883745064489815,0.9999998633237367,-0.00033339483737312634,-0.00023325005572442592,-0.024011688639999,-0.004028404131531715,-9.409518497704994e-08,-5.7564125184976676e-05,-1.9737395879890873,-0.47103291061771246
875,0.9827838473736276,0.49885804175535003,0.9999998609175457,-0.0003331988919787468,-0.0002323361118675611,-0.02398320692127555,-0.004043968394398689,-9.464157812999474e-08,-5.799810133318437e-05,-1.9738281682657206,-0.4721783540833285
876,0.9822307599722618,0.4988715855047503,0.9999998584947386,-0.0003329920596087238,-0.00023156105972548996,-0.02393656441563588,-0.004059733357280493,-9.248828547470112e-08,-5.644262500580926e-05,-1.9739157062547852,-0.4733198197165669
877,0.9816624277767279,0.4988985623806226,0.9999998559894803,-0.0003332114351499851,-0.0002303820236267625,-0.023867466528854166,-0.003805764950811863,-3.2598720281384885e-05,-5.6143028450190135e-05,-1.9740017297886987,-0.47445343942276674
878,0.9811028145417595,0.49889945499076177,0.9999998536257828,-0.00033280928447820937,-0.0002276715546085068,-0.023816917568705263,-0.003950083162635565,-1.2256502486707177e-05,-5.6172213285492624e-05,-1.9740869096730513,-0.47557322251081746
879,0.9805211310431838,0.4988852298615274,0.9999998515732138,-0.0003324740263863024,-0.00022497839570199426,-0.023756255174893732,-0.003909999504685402,-1.2049388715240639e-05,-5.603238869511971e-05,-1.9741712091630406,-0.4766735359835772
880,0.9799175536737822,0.49884473607836455,0.9999998498266653,-0.0003319469289567348,-0.00022183302349132984,-0.02369224450207288,-0.003883614670485258,-1.2369715705062845e-06,-5.59779357979047e-05,-1.9742544302887808,-0.47775082408130654
881,0.9793113792465328,0.49880693427305123,0.999999848478169,-0.0003314701496286891,-0.0002189230556517395,-0.023630359570277183,-0.003876324277371168,-3.8549953274014115e-07,-5.618809074215652e-05,-1.9743367918002113,-0.4788061459209688
882,0.9786981326714486,0.49875837615111057,0.999999847524842,-0.0003308675861796632,-0.00021605608000053284,-0.02357598535181729,-0.003926525358110666,-1.758285748110211e-06,-5.656569940755304e-05,-1.9744187146287957,-0.4798378687073783
883,0.9780703946746577,0.4986990581490011,0.9999998469579161,-0.00033017961037145466,-0.0002135623895829008,-0.023534955615039696,-0.00397550268098712,-1.3153338613847154e-06,-5.7565096212294074e-05,-1.9745009173098038,-0.4808447459135875
884,0.9774351494849096,0.4986361372239429,0.9999998467528243,-0.00032924925649076715,-0.00021194810646670576,-0.023503068917960238,-0.004176710732281208,-2.1330213712644763e-05,-5.785367209048601e-05,-1.9745833618305995,-0.48183242151457967
885,0.9767758476309479,0.4986042212839407,0.9999998466439046,-0.0003289671481235704,-0.00021125064275843555,-0.023458646108672727,-0.003993638791143894,-1.4950808690628037e-05,-5.890364951873053e-05,-1.9746658564952009,-0.48280568328591134
886,0.9761311529558864,0.4985754740861406,0.9999998465677646,-0.0003282021479288711,-0.0002105927008799285,-0.02343257015728078,-0.004261926747858524,-3.488636139081791e-05,-5.919069223192901e-05,-1.9747485397539593,-0.483770238810236
887,0.975462841187021,0.49858100557110024,0.9999998463904964,-0.0003281459564336695,-0.0002102603936461189,-0.023379256279940804,-0.0040557002648711205,-2.374684663664084e-05,-5.927769971135124e-05,-1.974830708629124,-0.48472804981346423
888,0.9747889107692274,0.49856936529340284,0.9999998460296741,-0.0003277323367275852,-0.00020949623948732598,-0.023330729780572792,-0.004098749719560146,-3.478495273157023e-06,-5.9469040722071436e-05,-1.9749123080572017,-0.48567631283967816
889,0.9741112536967854,0.49856891123039393,0.999999845651888,-0.0003274296876208422,-0.00020848846032147012,-0.02327990554774868,-0.004085751716047525,-5.319174761098111e-06,-5.979530519941509e-05,-1.9749934979986468,-0.4866138317500549
890,0.9734157920043002,0.4985475684868521,0.9999998452621552,-0.0003269015769134167,-0.0002075362366673306,-0.023231662262674178,-0.00412331148982048,-6.681027002741757e-07,-6.015664649309966e-05,-1.9750743886984197,-0.4875363878305638
891,0.9727065824776632,0.49852543302019625,0.9999998449254998,-0.0003263562077739573,-0.0002068324679220269,-0.02318365317828603,-0.004138987045735121,-2.0923916110859864e-07,-6.052863421018794e-05,-1.97515500781008,-0.4884441093474645
892,0.9719874128469268,0.4985069542745108,0.9999998446184586,-0.00032580739553816603,-0.0002063164437623079,-0.023136730044914657,-0.004162019584327936,-3.8980775229902065e-07,-6.091779209787769e-05,-1.9752353785605816,-0.48933826115454443
893,0.9712594645352277,0.4984949459382856,0.9999998443099121,-0.00032527959067818474,-0.00020590966248262586,-0.02309018571650971,-0.0041808453388512135,-1.7080853353945713e-07,-6.131284117627009e-05,-1.9753155213230753,-0.49022001034537416
894,0.9705210751455134,0.4984865295387151,0.9999998439686139,-0.0003247499347665404,-0.00020559272046865765,-0.02304333661797249,-0.004198881331831217,-1.5026370192572358e-07,-6.167514783034852e-05,-1.9753954186473384,-0.49108987394653686
895,0.9697718651643006,0.4984817407212898,0.9999998435769647,-0.0003242267282201712,-0.0002053521808928618,-0.022994529757468615,-0.004208501894026995,-6.378095918080362e-08,-6.19380200005835e-05,-1.9754749794814643,-0.4919483073247548
896,0.9690118218339655,0.49848021002300114,0.9999998431228961,-0.0003237233503837066,-0.00020511524415533082,-0.022941198639926722,-0.004201243165880442,-8.631661785329925e-08,-6.204060495184831e-05,-1.9755540104529112,-0.49279545080941783
897,0.968240951632739,0.49847967328899306,0.9999998426095057,-0.0003232451406102078,-0.00020476448763687377,-0.02288016987335924,-0.004170088097453117,-7.40295035939198e-07,-6.199265312150645e-05,-1.9756322130239337,-0.493630537174958
898,0.9674590886519242,0.49847497583593436,0.9999998420707228,-0.0003227782227307793,-0.00020418117938922857,-0.022807560695448707,-0.004114060662686825,-2.604824430818553e-06,-6.190867911158561e-05,-1.9757091529065616,-0.4944513548167163
899,0.9666648459046514,0.4984587771292029,0.9999998415796828,-0.00032232105555292,-0.0002032415078942993,-0.022718363832007385,-0.004018725361675024,-7.805937457305845e-06,-6.219778436063981e-05,-1.9757842579486504,-0.4952535768121884
900,0.9658581931284139,0.4984197398359627,0.9999998412686127,-0.00032182316914406746,-0.00020186890069290054,-0.022617110888772187,-0.003901451826095581,-1.5146194527915213e-05,-6.295369845963741e-05,-1.9758573337794794,-0.4960294083153982
901,0.9650443600990941,0.49834031532653916,0.9999998413782384,-0.00032099055905962287,-0.0002005605012390973,-0.022523707708138645,-0.003907728940248489,-7.366988938883878e-06,-6.336654837351289e-05,-1.9759290268417389,-0.49676927615915845
902,0.9642159040913323,0.4982166183321026,0.9999998421334059,-0.0003197646450989892,-0.00020036060729672778,-0.022447660375603848,-0.004016221966594458,-7.021807505225297e-06,-6.335473006199365e-05,-1.9760002591952721,-0.49746696503205856
903,0.9633649687489759,0.49806731794908315,0.9999998435531623,-0.00031836812544459907,-0.00020195743775030758,-0.022388521368942125,-0.004117131233215332,-7.676921086385846e-06,-6.320169020748667e-05,-1.976071757487333,-0.498123542100395
904,0.9625041847530794,0.4979284891336494,0.9999998454765412,-0.00031697342796707553,-0.00020487441878342988,-0.022345365637456684,-0.004249400459229946,-1.9302104192320257e-05,-6.335623800939397e-05,-1.9761439506868719,-0.49874812195184604
905,0.9616377933649082,0.4978335415007198,0.9999998475978367,-0.0003158602041429723,-0.0002078024982975277,-0.022305818497640007,-0.004321792162954807,-1.0139399819308892e-05,-6.375839010899782e-05,-1.9762167543345877,-0.4993525159162799
906,0.9607670392517209,0.49778516786226257,0.9999998495936179,-0.00031504096194744064,-0.00021007339785684956,-0.02225922139090345,-0.004328490234911442,-3.569709178918856e-06,-6.413035490193176e-05,-1.976289632375907,-0.4999458779006722
907,0.9598921577009496,0.49777417141440977,0.9999998512700353,-0.00031450193354395304,-0.00021117960654118022,-0.022192569315681927,-0.00424989452585578,-2.5685937998787267e-06,-6.454649159969537e-05,-1.976361604617242,-0.5005325901874461
908,0.9590081648739109,0.4977738742752726,0.9999998525834227,-0.0003141840536640171,-0.0002111341048016425,-0.022092861502617262,-0.004061962943524122,-2.125121682183817e-05,-6.618642850323617e-05,-1.9764313343559996,-0.5011097432702118
909,0.9581135067092835,0.4977468530377223,0.999999853696071,-0.0003139128700235815,-0.00021027266650416955,-0.021964685214540657,-0.003829777706414461,-5.3900163038633764e-05,-6.944995570730968e-05,-1.9764978241618978,-0.5016652669351331
910,0.9572139064437606,0.4976480607104881,0.9999998550616648,-0.00031321504538769066,-0.0002099898363492958,-0.021831464924419394,-0.0037794283125549555,-3.744924470083788e-05,-7.305375788686762e-05,-1.9765611427866359,-0.5021802992173153
911,0.9562873920279082,0.4974476820182893,0.9999998572022413,-0.00031192013381257835,-0.00021252162630206402,-0.021700051417627084,-0.003812529845163226,-2.351291914237663e-05,-7.646996428615595e-05,-1.9766217557820316,-0.502635822149144
912,0.9553254268405326,0.49715573997586304,0.9999998604605886,-0.000310130814122447,-0.00021929457868418036,-0.02157271526210257,-0.003828102722764015,-2.9562984309450258e-06,-7.947880546171466e-05,-1.976680060832397,-0.5030196296048564
913,0.9543436262250011,0.4968136986871429,0.9999998650105756,-0.0003080515082774683,-0.00022968323450747385,-0.021452121973838736,-0.003841681405901909,-3.2149890216714994e-07,-8.203878451124636e-05,-1.9767364030451464,-0.5033279093965836
914,0.9533496432140002,0.4964452702339455,0.9999998708518242,-0.0003058333524512347,-0.00024282541351520017,-0.021337348790589072,-0.0038565220311284065,-3.3196337767549267e-07,-8.418839335967921e-05,-1.9767910700842308,-0.503560189167873
915,0.95234324431008,0.4960506807734408,0.9999998778912191,-0.0003034965849372457,-0.00025881230505273234,-0.02122771873622167,-0.003873292123898864,-3.509664168177551e-07,-8.599269646730078e-05,-1.9768442914690976,-0.5037163372299306
916,0.9513243566211437,0.4956302289821457,0.9999998860079141,-0.00030105648765430015,-0.00027773765413028966,-0.02112273296748976,-0.0038920838851481676,-3.711737406320026e-07,-8.751993518921058e-05,-1.9768962497333442,-0.5037965801702258
917,0.9502931870330478,0.4951844329391974,0.999999895056556,-0.00029852586822299107,-0.0002996627506055783,-0.021022002662018008,-0.003911792766302824,-3.7829173038517183e-07,-8.883165430211182e-05,-1.976947089646811,-0.5038014633619883
918,0.9492499139488443,0.4947137348732327,0.9999999048702218,-0.0002959139235068915,-0.00032462741887929276,-0.02092522792818781,-0.003931669518351555,-3.7577265743493626e-07,-8.997948066263625e-05,-1.9769969255817046,-0.5037317341660501
919,0.948194624965093,0.49421827795649914,0.9999999152633349,-0.0002932270570354381,-0.00035267075268698877,-0.020832185866142605,-0.003951727412641048,-3.738304599210096e-07,-9.100488638642696e-05,-1.9770458476503212,-0.5035882794415911
920,0.9471274279965064,0.49369813730854073,0.9999999260335778,-0.00029047023078987075,-0.0003838314150634959,-0.020742717068840438,-0.003971896134316921,-3.7345853343140334e-07,-9.194027603064316e-05,-1.9770939268223753,-0.5033721125755765
921,0.946048442930915,0.4931533641471754,0.9999999369630802,-0.00028764750021067093,-0.00041814395461643803,-0.02065670091537299,-0.003992221783846617,-3.7321044032978534e-07,-9.281053401853798e-05,-1.9771412189894009,-0.5030843657432628
922,0.9449578021716503,0.4925839641619627,0.9999999478193429,-0.0002847621874122463,-0.0004556419687513151,-0.02057404786635922,-0.004012697376310825,-3.7391276919152006e-07,-9.363451065578153e-05,-1.9771877681537529,-0.5027262835207784
923,0.9438556357283105,0.49198993289327636,0.9999999583560314,-0.00028181706679189175,-0.0004963579849693897,-0.020494688136291753,-0.004033258650451899,-3.7479287584574195e-07,-9.442635650931166e-05,-1.9772336089411973,-0.5022992180031759
924,0.9427420792267268,0.49137124453810466,0.999999968313615,-0.0002788145961147702,-0.0005403215762036222,-0.0204185667285196,-0.004053953569382429,-3.7619994941451296e-07,-9.519663324179226e-05,-1.977278768560013,-0.5018046263236884
925,0.9416172640608585,0.4907278583662427,0.9999999774199244,-0.0002757569445687723,-0.000587561961002768,-0.02034563666141896,-0.004074752796441317,-3.7747491887785145e-07,-9.595317544646363e-05,-1.9773232683170705,-0.5012440681922158
926,0.9404813190213329,0.49005972045726615,0.9999999853906664,-0.0002726461007521018,-0.0006381071618899159,-0.02027586141821289,-0.004095668438822031,-3.796314445025928e-07,-9.670178028528504e-05,-1.9773671247933273,-0.5006192047937653
927,0.9393343673654917,0.48936678220997754,0.999999991929885,-0.00026948397459180374,-0.0006919825345475595,-0.02020920859181871,-0.004116693511605263,-3.8201571328499995e-07,-9.744672590124477e-05,-1.9774103507573395,-0.4999317988317123
928,0.9381765281684699,0.48864898513120425,0.9999999967304163,-0.00026627237738166174,-0.000749212324887028,-0.02014565216086924,-0.004137840587645769,-3.8509429600708245e-07,-9.819116352465262e-05,-1.9774529558692255,-0.49918371398733297
929,0.9370079095080607,0.4879062868466266,0.9999999994743387,-0.0002630130951021922,-0.0008098188970391186,-0.020085162963062078,-0.0041590724140405655,-3.86881964686836e-07,-9.893741641174965e-05,-1.9774949472216623,-0.4983769144151655
930,0.9358286198975151,0.4871385938189818,0.9999999998334171,-0.00025970783452625737,-0.0008738244117429241,-0.020027724713696154,-0.004180457442998886,-3.911885073648591e-07,-9.968720494756292e-05,-1.9775363297888857,-0.4975134653774065
931,0.9346387501686705,0.486345864662343,0.9999999974695358,-0.0002563583831956679,-0.0009412474474796719,-0.019973318886885246,-0.004201939795166254,-3.94574442452722e-07,-0.00010044179573565873,-1.9775771067756631,-0.49659553312778243
932,0.9334383847188394,0.48552802084781216,0.9999999920351431,-0.0002529664906127984,-0.0010121065012506673,-0.019921930772503756,-0.0042235651053488255,-3.98759937070281e-07,-0.00010120213859692614,-1.9776172798886944,-0.4956253859978407
933,0.9322276048523765,0.484685000596934,0.9999999831736975,-0.00024953394914760467,-0.0010864171477866964,-0.019873550247113986,-0.004245321732014418,-4.0346733953811054e-07,-0.00010196894578994301,-1.9776568495610265,-0.4946053947911838
934,0.9310064724517944,0.48381672793809394,0.9999999705201028,-0.00024606252829676426,-0.0011641952904083081,-0.019828168869098342,-0.004267214331775904,-4.0822175151333795e-07,-0.0001027427645467019,-1.977695815140394,-0.4935380322947852
935,0.9297750452311786,0.48292312240260327,0.9999999537011346,-0.00024255405200562067,-0.0012454542988606205,-0.019785780930922765,-0.004289270378649235,-4.1372970827069366e-07,-0.00010352401290535297,-1.9777341750486503,-0.4924258752942012
936,0.9285333728367038,0.482004116892884,0.9999999323358639,-0.0002390103696845315,-0.0013302064540706663,-0.01974638657114273,-0.004311475437134504,-4.198971055302536e-07,-0.00010431303095086869,-1.977771926913526,-0.49127160460848396
937,0.9272814860517673,0.48105961535791397,0.999999906036063,-0.00023543333863949078,-0.0014184635015917814,-0.01970998525719594,-0.004333848133683205,-4.258512262822478e-07,-0.00010511009446814114,-1.977809067688738,-0.4900780052862146
938,0.9260194126013892,0.48008952236742,0.9999998744065942,-0.00023182485542254448,-0.0015102363018027446,-0.019676581654103197,-0.004356409888714552,-4.3277955796838796e-07,-0.00010591544586047437,-1.9778455937468664,-0.4888479683726594
939,0.9247471682884121,0.4790937363710911,0.9999998370457659,-0.00022818682158640399,-0.0016055344022172689,-0.01964618481112671,-0.0043791779316961765,-4.406034861403896e-07,-0.0001067292944212498,-1.9778815009644335,-0.487584491485089
940,0.9234647536045671,0.47807216395527974,0.9999997935456628,-0.0002245211685268471,-0.0017043671607104636,-0.019618806551170615,-0.004402124788612127,-4.489380103223084e-07,-0.00010755182661759602,-1.9779167848004375,-0.4862906785018939
941,0.9221721553290685,0.47702470614066567,0.9999997434924898,-0.0002208298680829101,-0.001806743227498497,-0.019594460057609026,-0.004425287712365389,-4.570635780964949e-07,-0.00010838324139223665,-1.9779514403604783,-0.48496974040867613
942,0.9208693543096319,0.4759512242338307,0.9999996864668649,-0.00021711489364646086,-0.001912671130305661,-0.019573161922416454,-0.00444868765771389,-4.662673518396332e-07,-0.00010922372069392071,-1.9779854624543676,-0.4836249971104096
943,0.9195563197646199,0.474851601510312,0.9999996220440445,-0.00021337823145520587,-0.0020221591821295345,-0.019554935330052668,-0.004472329281270504,-4.766316692439432e-07,-0.000110073455631694,-1.9780188456480987,-0.4822598773901908
944,0.9182329977578316,0.473725696986447,0.9999995497941778,-0.00020962190478889198,-0.0021352166414052055,-0.019539801710701167,-0.004496224690228701,-4.870801149081672e-07,-0.00011093263662133044,-1.9780515843101556,-0.48087792027668175
945,0.9168993368289078,0.4725733903804977,0.9999994692825305,-0.00020584795439176088,-0.0022518512969093374,-0.01952778853260428,-0.00452040322124958,-4.983857593288121e-07,-0.00011180147015678233,-1.9780836726405913,-0.47948277626076835
946,0.9155552616575946,0.4713945282365992,0.9999993800695994,-0.00020205840043753033,-0.0023720737572509535,-0.0194826385912462,-0.004544861614704132,-5.102183990857156e-07,-0.00011679789631868217,-1.978115568426677,-0.4781403385795655
947,0.9146368748593982,0.46971076171279474,0.9999992926916832,-0.00020589517851888573,-0.0021881595542760004,-0.01942780786075758,-0.004486796911805868,-3.2747384466347285e-06,-0.00012066336437786033,-1.9781477465452877,-0.47691110543037535
948,0.9137056222671759,0.4679651303018671,0.9999992206035198,-0.0002097111781726206,-0.002017812465930824,-0.019370966683279905,-0.004498504102230072,-9.663456239650259e-07,-0.00012368186112555546,-1.9781803317141113,-0.47578933030973597
949,0.9127499280087717,0.4661488528109055,0.9999991670808595,-0.0002135766760302109,-0.001859594264932266,-0.019302427746573165,-0.0044050742872059345,-1.2608025826921221e-05,-0.00012601693593454418,-1.9782133521655034,-0.4747649659623998
950,0.9117574519035349,0.46421174128594506,0.9999991342990489,-0.0002172959292912714,-0.001722853416330052,-0.019228280003211997,-0.004372068215161562,-3.435669896134641e-06,-0.00012784955348606224,-1.9782468086309077,-0.473826846961278
951,0.9107376718638877,0.46218674442245444,0.9999991233499683,-0.0002209937052147667,-0.001600378623615644,-0.01914924508494178,-0.004341282416135073,-3.290214635853772e-06,-0.00012929868629111334,-1.9782807118963097,-0.47296747190901883
952,0.9096912977052377,0.4600694354225205,0.9999991345801444,-0.0002246692737094627,-0.001490962312406961,-0.019065966111858765,-0.004312519449740648,-3.237176997572533e-06,-0.000130453075925825,-1.9783150724866676,-0.47217964602801754
953,0.9086187740857447,0.4578569909333668,0.9999991674179772,-0.0002283182153840364,-0.0013936073633362112,-0.018978955832378727,-0.004284924361854792,-3.2603306863165926e-06,-0.00013137687437740896,-1.9783499076162288,-0.47145637123860307
954,0.9075204004224834,0.4555444162493196,0.9999992204020164,-0.0002319340260550334,-0.001307483823333659,-0.018888588462851574,-0.004258513916283846,-3.2609282243356574e-06,-0.00013211464815570713,-1.9783852445689012,-0.4707908611480548
955,0.9063969783785751,0.45312889775384496,0.9999992912232978,-0.0002355105204289507,-0.001231743003882377,-0.018795185672111938,-0.004233052022755146,-3.2678126444807276e-06,-0.0001326947911532732,-1.9784211241335072,-0.47017657267124396
956,0.9052492262245447,0.45060766222055637,0.9999993767751828,-0.0002390406296858041,-0.001165630165928981,-0.018698970226743446,-0.004208403639495373,-3.2905545594985597e-06,-0.0001331349050807751,-1.9784576003076488,-0.4696071721065928
957,0.9040778847682853,0.4479784578868947,0.9999994732072168,-0.00024251689746952333,-0.0011084672627436514,-0.018600062938355196,-0.004184405319392681,-3.3325381991744507e-06,-0.0001334463566284775,-1.9784947388217131,-0.4690765153599116
958,0.9028836580430398,0.44523967337153136,0.9999995759829019,-0.0002459317142886943,-0.0010596540357850112,-0.01849848813928409,-0.004160985350608826,-3.3927969980140915e-06,-0.0001336366684096101,-1.9785326121420397,-0.4685786261448507
959,0.9016672606658956,0.4423902807260198,0.9999996799381093,-0.0002492774227296048,-0.0010186633746629245,-0.01839418954430817,-0.004138040356338024,-3.4717979815468425e-06,-0.0001337111565632499,-1.9785712954928714,-0.46810767832947064
960,0.9004294044990833,0.4394298288638024,0.9999997793383429,-0.00025254631536213916,-0.0009850441306522952,-0.01828705013949019,-0.004115526098757982,-3.56570467374695e-06,-0.00013367399457469916,-1.9786108636058932,-0.4676579772615409
961,0.8991708012964716,0.43635838409245714,0.9999998679340351,-0.0002557306400524054,-0.000958420008450104,-0.01817689602679666,-0.004093433730304241,-3.678129587569856e-06,-0.00013352882055426554,-1.9786513881356649,-0.467223944887285
962,0.8978921896999447,0.43317646933994486,0.9999999390133631,-0.00025882256889882174,-0.0009384907838703831,-0.018063513917014697,-0.004071719944477081,-3.806364702541032e-06,-0.00013327903359605054,-1.978692935680963,-0.46680010596816157
963,0.8965943248975435,0.42988498911227024,0.9999999854524878,-0.0002618142102609925,-0.0009250318924192208,-0.01794665712307742,-0.004050406627357006,-3.953346549678827e-06,-0.00013292791758217848,-1.9787355663465238,-0.4663810747209479
964,0.8952779926289216,0.4264851810667723,0.9999999997632517,-0.0002646975424990695,-0.0009178963137854886,-0.01782605497533056,-0.004029497504234314,-4.116963282285724e-06,-0.00013247858953976165,-1.9787793327451617,-0.46596154419334324
965,0.8939440216119474,0.42297862708253214,0.9999999741385526,-0.0002674644382615137,-0.0009170118838590756,-0.017701416698720312,-0.004009011201560497,-4.301780336390948e-06,-0.00013193392847690196,-1.9788242793800412,-0.4655362769931815
966,0.8925932875644642,0.4193671067609518,0.9999999004957292,-0.0002701065848390309,-0.0009223845354754223,-0.01757244385172947,-0.003988981246948242,-4.5029369175608736e-06,-0.0001312964756749911,-1.9788704423346752,-0.4651000969550145
967,0.8912267124639469,0.41565266827263614,0.9999997705182921,-0.0002726155904234376,-0.0009340955508979629,-0.017438827735138312,-0.003969475161284208,-4.728063231596025e-06,-0.00013056829701846228,-1.9789178491883133,-0.46464788296693343
968,0.8898452845743997,0.41183759462820746,0.999999575696376,-0.0002749828245075755,-0.0009523041022496175,-0.017300254426306897,-0.003950536251068115,-4.975619958713651e-06,-0.00012975090981762397,-1.978966519100093,-0.4641745645183999
969,0.8884500599172073,0.4079243085143718,0.9999993073663843,-0.0002771995311839014,-0.0009772464580433448,-0.017156410136532827,-0.003932255785912275,-5.247969511401607e-06,-0.00012884517423522785,-1.9790164630080451,-0.46367511860137045
970,0.8870421685006818,0.4039154621827366,0.9999989567501475,-0.00027925674807338554,-0.0010092367125814424,-0.01700697907269771,-0.003914703615009785,-5.55037877347786e-06,-0.00012785126890795036,-1.9790676839295995,-0.4631445674632157
971,0.8856228205206509,0.3998138750617086,0.9999985149940228,-0.00028114536292713903,-0.0010486679529419995,-0.016851647698130606,-0.003898013150319457,-5.882347522856435e-06,-0.00012676863899317172,-1.9791201773108875,-0.4625779793694798
972,0.8841933252985025,0.3956225908493016,0.9999979732082132,-0.00028285610856010546,-0.0010960109114957616,-0.016690102717520507,-0.003882303601130843,-6.252243110793643e-06,-0.00012559601702554122,-1.9791739313755188,-0.46197047010151454
973,0.8827550820623361,0.39134473041831164,0.9999973225069139,-0.00028437947953052685,-0.00115181825420764,-0.016522035391807313,-0.003867743071168661,-6.659459359070752e-06,-0.00012433142020857528,-1.9792289274979127,-0.46131720569635326
974,0.8813096041343138,0.38698372852518576,0.9999965540492874,-0.00028570592021249906,-0.0012167204273072197,-0.01634714224725069,-0.003854522481560707,-7.111960712791188e-06,-0.00012297217315117377,-1.9792851405841287,-0.46061340750742574
975,0.8798585103569737,0.38254320734858627,0.9999956590815476,-0.0002868256986565679,-0.0012914295854091205,-0.016165123246329627,-0.003842878621071577,-7.614858532178914e-06,-0.0001215149683950668,-1.9793425394006452,-0.45985435799858804
976,0.8784035466941221,0.3780270327037711,0.9999946289807227,-0.0002877289912087763,-0.0013767385474247535,-0.015975687121075534,-0.003833039430901408,-8.17274849396199e-06,-0.00011995589535806562,-1.979401086891824,-0.4590354085235171
977,0.8769465870447934,0.37343938472752813,0.9999934552997821,-0.00028840595931435694,-0.001473518573749753,-0.015778542211371985,-0.0038253695238381624,-8.799515853752382e-06,-0.00011829055333729109,-1.9794607404555151,-0.4581519891157901
978,0.8754896615685767,0.36878465920671827,0.9999921298150485,-0.0002888466431254167,-0.0015827216561486908,-0.015573411756923514,-0.0038202214054763317,-9.496803613728844e-06,-0.00011651405263324198,-1.979521452170123,-0.4571996190968894
979,0.8740349339021142,0.36406768523030236,0.9999906445756822,-0.00028904114865088395,-0.001705377984576989,-0.015360032423210487,-0.003818063298240304,-1.0277619367116131e-05,-0.00011463389860269942,-1.979583171946104,-0.45617392499106013
980,0.8725847423898653,0.35929340513992614,0.9999889919565574,-0.0002889800752182533,-0.0018425939513517682,-0.015138163953012516,-0.003819428849965334,-1.1158337656524964e-05,-0.00011273070339155424,-1.979645865038183,-0.45507068773979725
981,0.8711416086210417,0.35446632792714705,0.9999871647318996,-0.0002886553882428534,-0.001995551772738703,-0.0149075493153492,-0.0038249692879617214,-1.2145391337980982e-05,-0.00011076673368866184,-1.9797094997822473,-0.45388583524381343
982,0.8697082332632863,0.3495924833009069,0.9999851561267905,-0.0002880570627850579,-0.0021654933170298014,-0.014667945988836034,-0.0038354345597326756,-1.3258411854621954e-05,-0.00010872156383816582,-1.9797740371325796,-0.4526154406525085
983,0.868287522345015,0.3446783272921309,0.9999829598595623,-0.00028717536475813025,-0.0023537237412642985,-0.014419136394860088,-0.0038517715875059366,-1.4514402209897526e-05,-0.00010657672219004902,-1.9798394249612525,-0.4512557306729037
984,0.8668825876501264,0.33973079973116305,0.9999805702026122,-0.0002860009639599794,-0.002561607600134584,-0.014160927034496546,-0.0038751098327338696,-1.593545312061906e-05,-0.00010431722815467363,-1.9799056025570065,-0.4498031159465444
985,0.8654967784622921,0.33475724133153784,0.9999779820466409,-0.00028452495850745177,-0.0027905592417110316,-0.013893159643516225,-0.003906801342964172,-1.7538008250994608e-05,-0.00010193067588844434,-1.979972501818945,-0.4482542183272781
986,0.8641336838343031,0.3297654773759953,0.9999751909677655,-0.0002827389848828168,-0.0030420334539505013,-0.01361571607076055,-0.003948438912630081,-1.9347955458215438e-05,-9.940666862963876e-05,-1.9800400480838711,-0.4466058990419375
987,0.862797150540401,0.32476379084364093,0.9999721932971942,-0.00028063527299178364,-0.0033175129963332675,-0.0133285266146283,-0.004001936875283718,-2.138745730917435e-05,-9.673645745922788e-05,-1.980108160672966,-0.4448552893718155
988,0.8614912960549699,0.3197608500288333,0.9999689861939017,-0.00027820671640754627,-0.003618497206997908,-0.013031584625457464,-0.004069507587701082,-2.3678256184211932e-05,-9.391275300457066e-05,-1.9801767532666366,-0.4429998229272346
989,0.8602204986632905,0.31476564541867874,0.99996556771879,-0.00027544704923530275,-0.003946489227546712,-0.01272495837861818,-0.00415373919531703,-2.623346335894894e-05,-9.092970818147377e-05,-1.9802457341236968,-0.4410372710160951
990,0.8589894202610706,0.3097874381031345,0.9999619369100329,-0.0002723509092223337,-0.004302976269658354,-0.012408795759293193,-0.004257648251950741,-2.9074953999952413e-05,-8.778318534846911e-05,-1.9803150062313861,-0.4389657818423275
991,0.8578029309116073,0.30483927992588566,0.9999580938592357,-0.00026891403221154765,-0.004689446810118783,-0.012083296200650429,-0.004384562373161316,-3.21890547638759e-05,-8.449388923786647e-05,-1.980384477444137,-0.4367838544532231
992,0.8566653839701466,0.29998180772621513,0.9999540398554168,-0.0002651337151402066,-0.005107700382929662,-0.0117488887530931,-0.004538241308182478,-3.559217293513939e-05,-8.105359227192824e-05,-1.980454054048287,-0.4344904100169449
993,0.8555820065961492,0.29523265700722184,0.99994977745474,-0.00026100795336273235,-0.0055592313745666255,-0.011406153020811341,-0.004722779616713524,-3.925418423023075e-05,-7.745968797296488e-05,-1.9805236400547823,-0.4320848549884694
994,0.8545583511457618,0.290601035472457,0.9999453104671118,-0.00025653628987904397,-0.0060454217170801215,-0.011055854119660893,-0.004942341707646847,-4.308683855924755e-05,-7.371289713600977e-05,-1.9805931311522693,-0.42956717180549947
995,0.8536000863597565,0.28609464473336627,0.9999406440096068,-0.00025172019482512623,-0.006567581447270255,-0.010698969542256286,-0.005200966726988554,-4.6951430704211816e-05,-6.981798774743098e-05,-1.9806624169167357,-0.4269379738112118
996,0.8527129592757249,0.2817189034757461,0.9999357845468264,-0.0002465634130816061,-0.0071269282265189,-0.010336738811887618,-0.005502030719071627,-5.065794903202914e-05,-6.57839146646806e-05,-1.9807313810298002,-0.4241985766851797
997,0.8519026820471535,0.2774765981775008,0.999930739907732,-0.00024107241349692114,-0.007724566997481777,-0.009970693609254478,-0.005848029628396034,-5.399555811891332e-05,-6.162410376587768e-05,-1.9807999013884645,-0.42135107568999763
998,0.8511748303485954,0.2733673026281148,0.9999255192728448,-0.00023525667582098613,-0.008361477789092128,-0.009602680306694852,-0.006239963695406914,-5.673677515005693e-05,-5.7356814178335046e-05,-1.980867850123132,-0.4183984275195279
999,0.8505347420462513,0.26938675744386803,0.9999201331273931,-0.00022912900765706743,-0.009038495264484206,-0.009227522521678534,-0.0066766091622412205,-5.8613666624296457e-05,-6.210626777687422e-05,-1.9809379328114205,-0.41534879072895337
