frame,reward_tracking_lin_vel,reward_tracking_ang_vel,reward_tracking_height,cost_lin_vel_z,cost_ang_vel_xy,cost_joint_velocity,cost_action_nn,cost_action_rate,cost_feet_slip,cost_leg_base_angle,cost_orientation
0,0.0001930454136227711,0.05,0.04998478235575755,-0.0,-0.0,-3.1770382774929774e-07,-0.006501559168100357,-0.0,-1.0774938700364018e-10,-4.178021340513518e-10,-4.6405242943068415e-09
1,0.0001876320171248794,0.049970126629770927,0.04998490014477582,-2.420171556388277e-07,-2.3216563788069143e-05,-7.212318930512777e-07,-0.003147505223751068,-0.0008300845511257648,-3.3965578829683047e-10,-3.9613958554960985e-08,-5.921813765816992e-08
2,0.00018548324367521159,0.049915778680219056,0.04998522294718355,-7.86684869152716e-07,-5.729194492383003e-05,-8.830432652082635e-07,-0.0016058564651757479,-0.00046104236389510334,-1.6402777004054138e-09,-2.4812262523553505e-07,-2.3083062003529367e-07
3,0.00018494742176312134,0.04988488114163891,0.049985703073018126,-1.4517184683802874e-06,-8.469847080605427e-05,-8.882391164044123e-07,-0.0007657762034796178,-0.00023419361968990415,-1.0281215389625963e-06,-6.744651175255518e-07,-5.646045745142145e-07
4,0.00018594872475535782,0.049884848906533025,0.049986301447537136,-2.079713831904374e-06,-9.94379284881466e-05,-1.0542539993721572e-06,-0.00042505754390731454,-0.0002373204770265147,-4.745139699746095e-07,-1.2542242199834244e-06,-1.0854638714566803e-06
5,0.00018795559529212878,0.049904616640401675,0.049986983882132845,-2.7534389429751956e-06,-0.00011210145509037583,-1.4806805423072286e-06,-0.0008251556428149343,-0.00019561305816750973,-2.5416476302031605e-07,-1.927452940957634e-06,-1.8347692440616187e-06
6,0.00018890671297847012,0.04989926265358957,0.049987717865369034,-3.34951418494019e-06,-0.0001330427670489145,-1.8759610397130246e-06,-0.0017425696132704616,-0.0002944478183053434,-1.3825040227383015e-07,-2.7200662805695925e-06,-2.9148353642841516e-06
7,0.0001873109881489049,0.049901025992162354,0.0499884771703162,-3.9226003403606144e-06,-0.000180428205558447,-2.4628508315337873e-06,-0.0010562411043792963,-0.0001272071385756135,-7.940902843839004e-08,-3.571397106609915e-06,-4.429140482591253e-06
8,0.00018701475121397522,0.049914837626700174,0.049989243829079225,-4.3955565758306035e-06,-0.0002157144993537541,-3.2261001489865376e-06,-0.000979541684500873,-5.463896286528325e-06,-4.870424870877926e-08,-4.399477945557531e-06,-6.432855937219884e-06
9,0.00018680688335191465,0.04993007198356671,0.04999000507481393,-4.786741915389514e-06,-0.0002517958622992873,-4.166556978336475e-06,-0.0008694459684193134,-8.949868970375974e-06,-3.246905412958377e-08,-5.144259806691716e-06,-8.997587980479525e-06
10,0.0001868147132368879,0.04994805544558068,0.04999075050058508,-5.090250575657235e-06,-0.0002860739393753503,-5.300942255958188e-06,-0.0007840835605747998,-6.615555321332067e-06,-2.3623179000248422e-08,-5.760259178555945e-06,-1.2187309859747251e-05
11,0.0001870217178926838,0.0499650855887432,0.049991472386827454,-5.3150821701989135e-06,-0.0003187615225033005,-6.609827208322767e-06,-0.0007402983028441668,-3.761029802262783e-06,-1.8434996179952856e-08,-6.2255243444914165e-06,-1.606646700812488e-05
12,0.0001873322084342687,0.04997906136124951,0.04999216521177218,-5.469322476121535e-06,-0.00035102473653705554,-8.078675104864713e-06,-0.0006856109830550849,-4.4222938413440716e-06,-1.5017838445272423e-08,-6.53545445233288e-06,-2.069715151515667e-05
13,0.0001878069339395179,0.049989507888695384,0.04999282509140366,-5.556471182001703e-06,-0.00038165548635017737,-9.685133362909454e-06,-0.0006419558194465935,-3.6809942685067654e-06,-1.245183554473537e-08,-6.694738310780681e-06,-2.6133710093661584e-05
14,0.0001884416473692339,0.049996233151702485,0.049993449451214346,-5.58227843506204e-06,-0.00041046217279586475,-1.1403631631069753e-05,-0.0006073046824894845,-3.035158442799002e-06,-1.027120718158459e-08,-6.7167877706741655e-06,-3.242445038805049e-05
15,0.00018923452811171813,0.04999950397069563,0.04999403673774543,-5.552384250676237e-06,-0.0004372243516089434,-1.3208855231549948e-05,-0.0005787362460978329,-2.4542389382986585e-06,-8.327293987912455e-09,-6.620297242155545e-06,-3.961052285328104e-05
16,0.00019018810618410327,0.04999979379188738,0.04999458620768496,-5.472417338595626e-06,-0.0004616688450068333,-1.5077469707824466e-05,-0.0005545566673390567,-1.945766371136415e-06,-6.554559242510196e-09,-6.42630714714987e-06,-4.772502215317525e-05
17,0.00019130501916587932,0.04999767604840717,0.04999509777126561,-5.348379694703755e-06,-0.00048357618273827806,-1.6988602569945933e-05,-0.0005328307161107659,-1.5411357026096084e-06,-4.966460127128674e-09,-6.155943916725878e-06,-5.6792308568609704e-05
18,0.00019258928594839285,0.049993735638974496,0.04999557186141329,-5.1860739803569704e-06,-0.0005027172080482319,-1.8929325812853498e-05,-0.0005124328308738768,-1.220397621182201e-06,-3.604925450603165e-09,-5.82863683123842e-06,-6.682730473271729e-05
19,0.00019404327624728741,0.049988493969854136,0.049996009291589344,-4.991189165170635e-06,-0.0005189015416627055,-2.0889452087251867e-05,-0.0004924814566038549,-9.91143679129891e-07,-2.499471722077976e-09,-5.4615004202148046e-06,-7.783515110078938e-05
20,0.00019566954623575686,0.04998236817599472,0.049996411152342046,-4.769539712414949e-06,-0.0005319828612650688,-2.2857972915581176e-05,-0.0004724981845356524,-8.285381341011089e-07,-1.6533693599565274e-09,-5.069156707274499e-06,-8.981106919913706e-05
21,0.00019747095777073056,0.04997568760650301,0.04999677879007686,-4.5269713352207045e-06,-0.0005418769321426964,-2.4823652135666773e-05,-0.0004522271628957242,-7.20642901796964e-07,-1.0520441683952684e-09,-4.663913697731884e-06,-0.00010274051453176528
22,0.0001994505528856438,0.04996871442224701,0.049997113775704184,-4.269085719080645e-06,-0.000548553694934544,-2.6775522028788022e-05,-0.0004316579143051058,-6.468966944339627e-07,-6.74162338926479e-10,-4.255898032398399e-06,-0.000116599509363605
23,0.00020161082626914877,0.049961658305878794,0.04999741785651439,-4.001065863404538e-06,-0.000552043071724038,-2.8703471697778784e-05,-0.00041090496233664453,-5.96020413468068e-07,-4.990753860961829e-10,-3.8532591289629985e-06,-0.0001313551888362618
24,0.00020395371347886956,0.04995468759426416,0.049997692902823174,-3.727572884577481e-06,-0.0005524287474618718,-3.0598448180103816e-05,-0.0003901674353983253,-5.590031832980458e-07,-4.985459056760663e-10,-3.462382361211759e-06,-0.00014696653270619375
25,0.0002064802958254616,0.04994793670600824,0.04999794085703291,-3.4527628533077512e-06,-0.0005498479947479569,-3.245232512168928e-05,-0.00036965589970350266,-5.292632181408408e-07,-6.468089189951403e-10,-3.0881312823616525e-06,-0.00016338526766945826
26,0.00020919077227268213,0.04994151184496098,0.049998163688314154,-3.1802355102052207e-06,-0.0005444829641384605,-3.425670595366164e-05,-0.00034960213815793395,-5.032779881730676e-07,-9.225209225941367e-10,-2.7341009550574843e-06,-0.00018055689240514572
27,0.00021208480735351856,0.04993549526703467,0.04999836335906879,-2.9130906865615706e-06,-0.0005365544278276688,-3.6004968972775596e-05,-0.0003301737306173891,-4.801174782187445e-07,-1.3056292562089723e-09,-2.4027605174200673e-06,-0.00019842171588402809
28,0.00021516152546221685,0.04992995291223948,0.04999854179589132,-2.6538738385933854e-06,-0.0005263055476721992,-3.7693251131406814e-05,-0.0003115206491202116,-4.573844023525453e-07,-1.7835565008841842e-09,-2.0956021436701095e-06,-0.0002169158887113288
29,0.0002184192889333032,0.0499249246439657,0.04999870085632533,-2.404599996517255e-06,-0.0005139945676265268,-3.931954774338437e-05,-0.00029374490259215236,-4.3522808823581727e-07,-2.3377286439696667e-09,-1.8132951893040936e-06,-0.00023597239742415195
30,0.0002218559447864141,0.049920430647081605,0.0499988423062025,-2.1668700526002297e-06,-0.0004998860284590338,-4.0883292579078445e-05,-0.000276918348390609,-4.1316948795611097e-07,-2.951782933167901e-09,-1.5558669335514578e-06,-0.00025552201565184586
31,0.00022546909387800688,0.04991647906463017,0.04999896780702406,-1.9418918198860266e-06,-0.0004842442472217923,-4.238478311795312e-05,-0.0002610704686958343,-3.915800732556818e-07,-3.6093671187870078e-09,-1.322860702371578e-06,-0.000275494194148405
32,0.00022925618530591918,0.04991306712573541,0.04999907890987018,-1.7305477612835887e-06,-0.000467327469463178,-4.382477033143111e-05,-0.00024621174088679254,-3.703902109464252e-07,-4.295337043204974e-09,-1.1134717524373039e-06,-0.0002958178472017861
33,0.00023321476650076543,0.04991018641540641,0.04999917705366069,-1.5334145836206908e-06,-0.0004493811331115103,-4.520454451837166e-05,-0.00023231026716530323,-3.49923851672429e-07,-4.991568801517199e-09,-9.266602475239271e-07,-0.000316422031084306
34,0.00023734289875283578,0.04990782629889402,0.04999926356573674,-1.3507884671892352e-06,-0.0004306353783897984,-4.652508512241093e-05,-0.00021934907999821007,-3.297654984635301e-07,-5.671970914790269e-09,-7.612384396469458e-07,-0.00033723656826870855
35,0.0002416387225955948,0.04990597754859262,0.049999339664549884,-1.182756542162262e-06,-0.00041130520029019366,-4.778751134066932e-05,-0.0002073173673124984,-3.0971096975918044e-07,-6.347127308760266e-09,-6.15940287042649e-07,-0.00035819262267581587
36,0.0002461002378135769,0.049904625827850775,0.04999940646357229,-1.0291568331316019e-06,-0.0003915889183403428,-4.899321550238113e-05,-0.000196144450455904,-2.8997928325225075e-07,-7.001629908556583e-09,-4.894687212255127e-07,-0.0003792231283858992
37,0.00025072664056247285,0.04990375379107466,0.049999464975978264,-8.89685433347303e-07,-0.00037166343296949706,-5.014317712938806e-05,-0.00018571611144579947,-2.7170221983396914e-07,-7.62295600841788e-09,-3.805325728559137e-07,-0.0004002631029699216
38,0.00025551756786060676,0.04990335757096839,0.049999516119750474,-7.638789422102936e-07,-0.0003516858413624444,-5.123797399535012e-05,-0.00017603526066523045,-2.5543985771037114e-07,-8.202537516142177e-09,-2.8787507607752537e-07,-0.0004212500245443266
39,0.0002604726040356965,0.049903430034515556,0.0499995607227661,-6.511483625145015e-07,-0.00033180068879735546,-5.2277852225380314e-05,-0.00016707477334421128,-2.380108270472192e-07,-8.735213916922911e-09,-2.1028807098373371e-07,-0.0004421242022467003
40,0.00026559151727647824,0.04990395627176823,0.04999959952874839,-5.508328239296743e-07,-0.00031213631479484603,-5.32631005400322e-05,-0.00015878344129305333,-2.213896834746265e-07,-9.217978998243899e-09,-1.4662159716740248e-07,-0.0004628290120348583
41,0.0002708746745322562,0.049904918854487716,0.04999963320334088,-4.6219172883982073e-07,-0.0002928045952879705,-5.419385019781151e-05,-0.00015111378161236644,-2.0538958267479757e-07,-9.649843637444183e-09,-9.578949199346142e-08,-0.0004833110906226298
42,0.0002763227929780526,0.04990629772778273,0.04999966233988466,-3.8443889647546017e-07,-0.0002739027337108006,-5.506990690086305e-05,-0.00014401410589925945,-1.9053604205510055e-07,-1.0031223238296703e-08,-5.6771514106157704e-08,-0.0005035205002744434
43,0.0002819368304759646,0.049908072724058825,0.04999968746532384,-3.167591640344839e-07,-0.00025551382170581967,-5.589138545232167e-05,-0.00013744352327194065,-1.7649578865075455e-07,-1.0363821808636434e-08,-2.861298123554234e-08,-0.0005234108435156498
44,0.00028771850231370665,0.0499102190887562,0.049999709045731804,-2.5831357613990675e-07,-0.0002377074370522791,-5.665784076307484e-05,-0.00013136437337379903,-1.633655131172418e-07,-1.0650233399841025e-08,-1.0422799146758367e-08,-0.0005429393411070623
45,0.0002936695296448076,0.049912711607204306,0.04999972749190282,-2.0827553643111191e-07,-0.00022054103804028844,-5.736894835329285e-05,-0.00012574068387039006,-1.5090775207227125e-07,-1.0893899204435454e-08,-1.3704644295257994e-09,-0.0005620668931660526
46,0.0002997921470270692,0.049915519755238266,0.04999974316482998,-1.658267964839567e-07,-0.0002040611124907777,-5.802429926100983e-05,-0.00012053325917804614,-1.3952301003428147e-07,-1.1098372979732494e-08,-6.824936457405357e-10,-0.0005807580950900488
47,0.0003060890281641687,0.049918612738146004,0.04999975638078696,-1.3017549194781393e-07,-0.00018830311243856726,-5.862330134832221e-05,-0.00011571925278985873,-1.2855619502261106e-07,-1.1268985257214586e-08,-7.638707679318174e-09,-0.0005989812423912711
48,0.00031256293687581386,0.04992195661882437,0.04999976741630825,-1.0056207184605456e-07,-0.0001732939616755538,-5.9165857541134436e-05,-0.00011126547178719193,-1.1859727067076165e-07,-1.1410156044276786e-08,-2.1568313615953e-08,-0.0006167083011046817
49,0.0003192174411704794,0.04992551572318282,0.049999776512631544,-7.625799819222175e-08,-0.00015905090317502586,-5.9651634580221624e-05,-0.00010712630319176242,-1.0971946551308065e-07,-1.1525141439631796e-08,-4.184634099965844e-08,-0.0006339147781164811
50,0.00032605646396123084,0.04992925373915743,0.04999978387990745,-5.658275425308509e-08,-0.00014558181250425625,-6.008040340359979e-05,-0.00010326543269911781,-1.0213987167162486e-07,-1.1618371300311865e-08,-6.789018495919882e-08,-0.0006505796086346019
51,0.0003330847083561236,0.049933138581396114,0.04999978970123259,-4.090673665400219e-08,-0.00013288843130020698,-6.045157346134036e-05,-9.968160156859085e-05,-9.518451093981639e-08,-1.1694628910445093e-08,-9.91560017182912e-08,-0.0006666851129776196
52,0.0003403066403077733,0.049937138024579074,0.049999794136197935,-2.8646836573248657e-08,-0.00012096708230038312,-6.076458264227706e-05,-9.637232142267749e-05,-8.819462493647734e-08,-1.1757809630943158e-08,-1.351353205877471e-07,-0.0006822169179384701
53,0.00034772703572750574,0.04994121408185328,0.04999979732430807,-1.9272998336648767e-08,-0.00010980860779141993,-6.101969316998947e-05,-9.330221655545756e-05,-8.140326457350966e-08,-1.1809468598161206e-08,-1.7535277778036034e-07,-0.0006971638326094039
54,0.0003553515975266121,0.049945328404151744,0.04999979938792388,-1.2301534619414073e-08,-9.939923707987024e-05,-6.121660321181584e-05,-9.043952013598755e-05,-7.633573062548749e-08,-1.1857923979261206e-08,-2.1936364535494086e-07,-0.0007115176779268135
55,0.00036318652976731437,0.04994944815464738,0.04999980043486906,-7.303073244911603e-09,-8.972022584284595e-05,-6.135513878710915e-05,-8.778720803093165e-05,-7.108452848569868e-08,-1.190379676248763e-08,-2.6675128748346204e-07,-0.0007252731705157234
56,0.0003712377705522177,0.04995354303330032,0.04999980056082385,-3.893152569489102e-09,-8.075042737601088e-05,-6.143530623862232e-05,-8.534290100215003e-05,-6.623821491302806e-08,-1.1949604438736649e-08,-3.171251643182492e-07,-0.0007384277940418061
57,0.0003795120205517565,0.04995757875285586,0.04999979985137542,-1.7353274416257582e-09,-7.246510167071722e-05,-6.145742353237182e-05,-8.305416122311726e-05,-6.232745164425069e-08,-1.1998237895286315e-08,-3.701192366687134e-07,-0.0007509816162711484
58,0.0003880166160498526,0.04996152823498678,0.049999798383945034,-5.372341506010458e-10,-6.483735531535893e-05,-6.142181950705544e-05,-8.093407086562365e-05,-5.916551160112249e-08,-1.2052017658523022e-08,-4.2539001914755493e-07,-0.0007629370930704537
59,0.0003967594867694346,0.049965366288028334,0.049999796229081676,-4.724887085976832e-11,-5.783745581873231e-05,-6.132865788565205e-05,-7.897313480498269e-05,-5.5988131464346225e-08,-1.2113103293611036e-08,-4.826152641501138e-07,-0.0007742989194312503
60,0.00040574852312778403,0.04996906976462287,0.049999793451708574,-5.370247337769737e-11,-5.14353106887545e-05,-6.11783949510738e-05,-7.715983520029113e-05,-5.331792962692816e-08,-1.2183737349554484e-08,-5.41492769938374e-07,-0.0007850739063975185
61,0.0004149922711961468,0.04997261771781644,0.049999790112380094,-3.804765314096865e-10,-4.559969506198264e-05,-6.097154287408903e-05,-7.548925350420177e-05,-5.089910004585363e-08,-1.226388211380586e-08,-6.01739004005593e-07,-0.0007952708165387779
62,0.0004244996080370111,0.04997599112257488,0.04999978626809298,-8.843627601497318e-10,-4.029870487824429e-05,-6.070873555188381e-05,-7.394919521175325e-05,-4.8985413059199345e-08,-1.2351885030379697e-08,-6.63088457111995e-07,-0.00080490019234908
63,0.00043427987873911216,0.049979174211768555,0.04999978197307476,-1.4518860846235574e-09,-3.550002968836867e-05,-6.039100284918151e-05,-7.253218063851818e-05,-4.756608618095015e-08,-1.2451531793828075e-08,-7.252927754903454e-07,-0.0008139741819543577
64,0.0004443434282782866,0.04998215384344362,0.04999977727923254,-1.996750685022495e-09,-3.117129352854498e-05,-6.001892789417914e-05,-7.124033436411992e-05,-4.628239835824388e-08,-1.2562866205169103e-08,-7.881193719970678e-07,-0.0008225064118102815
65,0.0004547002704188642,0.049984919786802744,0.04999977223654389,-2.456163772418832e-09,-2.728078139396515e-05,-5.959346761027709e-05,-7.00732198311016e-05,-4.493062633059708e-08,-1.268530783637956e-08,-8.513512388882679e-07,-0.0008305118702247563
66,0.00046536111967459713,0.049987462186505384,0.04999976689346656,-2.7885056529327587e-09,-2.3797271542095632e-05,-5.911569611551861e-05,-6.902047607582062e-05,-4.4034418777982864e-08,-1.2819581675830698e-08,-9.147861190601042e-07,-0.0008380067820008263
67,0.0004763371483319702,0.04998977417103551,0.049999761297152744,-2.970250781542916e-09,-2.069043974484381e-05,-5.8586644068789226e-05,-6.807996396673843e-05,-4.3327990084662815e-08,-1.2966022900084241e-08,-9.782356815754267e-07,-0.0008450084697418962
68,0.00048763992530965664,0.04999185046881646,0.04999975549365953,-2.9935300787154535e-09,-1.7930557245822168e-05,-5.8007659789525005e-05,-6.7258755734656e-05,-4.270792075544705e-08,-1.3125644716889687e-08,-1.0415254245701135e-06,-0.0008515352350596062
69,0.0004992816555090248,0.04999368822119951,0.049999749527895154,-2.864733951158309e-09,-1.548915096482342e-05,-5.737990597072385e-05,-6.654638855252415e-05,-4.2159964408483575e-08,-1.3297348420377315e-08,-1.1044937203919296e-06,-0.000857606267352298
70,0.0005112746122098351,0.049995286000900176,0.04999974344364139,-2.600858317918172e-09,-1.3338833596063757e-05,-5.6704799166422374e-05,-6.594676960958168e-05,-4.179932489023486e-08,-1.3480097435875952e-08,-1.166991638394448e-06,-0.0008632415373945681
71,0.000523631723204686,0.04999664403663113,0.04999973728361862,-2.228745595310024e-09,-1.14534759977705e-05,-5.598382851038452e-05,-6.545666110469028e-05,-4.1561875718798547e-08,-1.3673356246670573e-08,-1.2288826638123369e-06,-0.0008684616895996967
72,0.0005363664239837074,0.04999776434278963,0.049999731089381105,-1.782734790792486e-09,-9.808143922276952e-06,-5.5218439032122755e-05,-6.507424404844642e-05,-4.1493109392831684e-08,-1.3876693551858294e-08,-1.2900419421850456e-06,-0.0008732879464393592
73,0.0005494924360460308,0.04999865081604033,0.04999972490131564,-1.303146378189185e-09,-8.379282334187456e-06,-5.44103895367213e-05,-6.480382580775768e-05,-4.151184995748736e-08,-1.4089387346546542e-08,-1.3503560414309245e-06,-0.0008777420276277511
74,0.0005630242753430825,0.04999930860338672,0.049999718758409924,-8.356133294552505e-10,-7.144707789987964e-06,-5.35612115176165e-05,-6.464454781962559e-05,-4.1492427271805354e-08,-1.431061995558155e-08,-1.4097224288604803e-06,-0.0008818460715677257
75,0.0005769765273898459,0.04999974428543658,0.049999712698165194,-4.2858088534747624e-10,-6.083664057959567e-06,-5.267267202002094e-05,-6.459319411078468e-05,-4.16022380989034e-08,-1.4539173187163326e-08,-1.4680492237431557e-06,-0.0008856225666030584
76,0.0005913644609385876,0.049999965882470465,0.049999706756597935,-1.3322888204283317e-10,-5.176810221124756e-06,-5.174656210136396e-05,-6.465479964390397e-05,-4.179258539238617e-08,-1.4773891666749319e-08,-1.5252550842910769e-06,-0.0008890942953688809
77,0.0006062037339461592,0.049999982885911565,0.04999970096807765,-2.1943588811811218e-12,-4.406306529310186e-06,-5.078462707091254e-05,-6.482557364506647e-05,-4.1989306254208714e-08,-1.501352857603367e-08,-1.5812685068311118e-06,-0.0008922842507252409
78,0.0006215105430505751,0.049999806120645175,0.049999695365272476,-8.892851563495787e-11,-3.7555553879100134e-06,-4.97888202151156e-05,-6.510725506814197e-05,-4.226547645203027e-08,-1.5273046408571463e-08,-1.636027873145356e-06,-0.000895215595477961
79,0.0006373020231902674,0.04999944772360398,0.049999689979017714,-4.472647768576283e-10,-3.209588050705299e-06,-4.876092318880682e-05,-6.549953104695305e-05,-4.224155247811723e-08,-1.5521230194645323e-08,-1.6894802590927151e-06,-0.0008979116451468142
80,0.0006535941963854513,0.04999892128949164,0.04999968483826716,-1.1302353639317318e-09,-2.7547020617186166e-06,-4.770329168189304e-05,-6.600104825338349e-05,-4.2401115507573195e-08,-1.5763198026642284e-08,-1.7415825614956222e-06,-0.0009003957403920408
81,0.0006704058113154559,0.04999824276121605,0.04999967997008384,-2.1901733548015737e-09,-2.3785037399670947e-06,-4.661818294517979e-05,-6.660806684521958e-05,-4.3883151334966897e-08,-1.600286912400925e-08,-1.7923013176759145e-06,-0.0009026911532753576
82,0.0006877560786875451,0.04999742690308488,0.049999675399440426,-3.677861703969697e-09,-2.0700666587649473e-06,-4.5507131837518926e-05,-6.733366899425164e-05,-4.3429785989701486e-08,-1.6240844871129515e-08,-1.8416107655995268e-06,-0.0009048210459863793
83,0.0007056634442467663,0.04999649051296756,0.04999967114909648,-5.6425532982269395e-09,-1.8194986970737028e-06,-4.4372431655875447e-05,-6.816200766479596e-05,-4.363651839867089e-08,-1.647595479278667e-08,-1.8894935252790001e-06,-0.0009068084682429608
84,0.000724147864108115,0.04999545206287363,0.04999966723961772,-8.131713812937495e-09,-1.6185228977005426e-06,-4.321615706767071e-05,-6.90947927068919e-05,-4.3903352064944556e-08,-1.670515540719545e-08,-1.9359398818681182e-06,-0.0009086763346657048
85,0.000743229555598066,0.04999433160787674,0.04999966368955029,-1.1191965113971091e-08,-1.4600978165969561e-06,-4.204054622071449e-05,-7.01306780683808e-05,-4.4240291430241996e-08,-1.6926128188348824e-08,-1.9809481202703056e-06,-0.0009104473828570316
86,0.0007629296486598763,0.04999315005423866,0.0499996605154424,-1.4867403363478118e-08,-1.338388311665731e-06,-4.084784518620049e-05,-7.126235868781805e-05,-4.441440282221265e-08,-1.7136543547361882e-08,-2.0245240947546075e-06,-0.0009121440946001279
87,0.0007832702956381537,0.04999192925865009,0.04999965773172981,-1.9199919208766838e-08,-1.2486275968070013e-06,-3.964022829869204e-05,-7.248708425322548e-05,-4.4505078733436676e-08,-1.7333949239295697e-08,-2.0666806625015193e-06,-0.0009137886092387336
88,0.0008042742980595591,0.04999069170457098,0.04999965535080019,-2.422973336416648e-08,-1.1871574982274593e-06,-3.8420134665103004e-05,-7.379728049272671e-05,-4.4462545645274076e-08,-1.7515868207537872e-08,-2.1074373748309963e-06,-0.0009154026586309394
89,0.0008259659412415445,0.04998946046237918,0.049999653382897746,-2.999270819277592e-08,-1.1513281121172537e-06,-3.7189788053987625e-05,-7.518431812059134e-05,-4.4322785441863743e-08,-1.7679746691669517e-08,-2.1468201275260864e-06,-0.0009170075061887639
90,0.0008483700066928553,0.04998825969554665,0.04999965183620784,-3.652492583694069e-08,-1.1394895660731158e-06,-3.5951504992309025e-05,-7.664484292035922e-05,-4.411360166045597e-08,-1.7823153084278457e-08,-2.1848609714180552e-06,-0.0009186239035564735
91,0.0008715124628959384,0.049987113061976354,0.04999965071697924,-4.385843032041686e-08,-1.150880438630732e-06,-3.47076410026485e-05,-7.816027209628373e-05,-4.365824324281675e-08,-1.7943529050539806e-08,-2.2215978835352923e-06,-0.000920271992599929
92,0.0008954208077748303,0.049986045473103716,0.04999965002945002,-5.2022428246811986e-08,-1.1854362963267693e-06,-3.346046641545823e-05,-7.972657476784661e-05,-4.3164057217381924e-08,-1.803867489047645e-08,-2.2570742636428115e-06,-0.0009219712363084618
93,0.000920123340345861,0.04998508068755462,0.04999964977596466,-6.104458210399603e-08,-1.2438653557928066e-06,-3.2212470146397503e-05,-8.132318907883018e-05,-4.231555905676032e-08,-1.8106311465706497e-08,-2.2913383575900865e-06,-0.0009237403321257816
94,0.000945650623861819,0.049984242062831974,0.04999964995692539,-7.094617653898714e-08,-1.3272904065465653e-06,-3.0965822551782396e-05,-8.293977589346468e-05,-4.139940301683964e-08,-1.8144275955096556e-08,-2.3244431329884514e-06,-0.0009255971187318411
95,0.0009720337386541514,0.04998355189203929,0.0499996505709471,-8.175062279547762e-08,-1.4373354441862984e-06,-2.9722960229490645e-05,-8.455556962871924e-05,-4.0291492808819385e-08,-1.8150669014858396e-08,-2.3564456621172673e-06,-0.0009275585108140226
96,0.0009993061948595878,0.049983031410516326,0.049999651614955384,-9.347346756790116e-08,-1.5758596806249766e-06,-2.8486173823089648e-05,-8.615580009063706e-05,-3.897558897847375e-08,-1.8123534162695373e-08,-2.3874066666374233e-06,-0.0009296403853345759
97,0.001027503012206153,0.04998269956420613,0.049999653084066245,-1.0612705232625928e-07,-1.7447912786937898e-06,-2.725771924394618e-05,-8.771356078796089e-05,-3.755213384692979e-08,-1.8061237749008575e-08,-2.4173901708098453e-06,-0.0009318574728648341
98,0.001056661180934521,0.04998257287280394,0.04999965497176471,-1.19721519987244e-07,-1.9459766218769822e-06,-2.603995034976441e-05,-8.920909749576822e-05,-3.590399089148377e-08,-1.796226777425216e-08,-2.446462805004812e-06,-0.0009342232596416296
99,0.001086820022297364,0.049982664304135976,0.04999965726992081,-1.342594084979226e-07,-2.181052431994441e-06,-2.4834909269934235e-05,-9.062619938049465e-05,-3.429009964861507e-08,-1.7825398303126705e-08,-2.474693445497182e-06,-0.0009367499090401417
100,0.0011180201882143507,0.049982982936385395,0.049999659968906034,-1.497438806318289e-07,-2.451292133619047e-06,-2.3644792718485254e-05,-9.193471487378702e-05,-3.2506086711237003e-08,-1.7649666559020628e-08,-2.502152465316123e-06,-0.0009394481508883794
101,0.0011503053949017585,0.04998353273087241,0.04999966305767347,-1.6616817052135385e-07,-2.7573240824701975e-06,-2.247167820676593e-05,-9.311120811617002e-05,-3.081742860899794e-08,-1.743376054147821e-08,-2.528911136342416e-06,-0.000942327164068934
102,0.0011837215615245551,0.04998431246019146,0.0499996665237121,-1.8352154246722255e-07,-3.0990559819218043e-06,-2.1317556858716127e-05,-9.413626685272902e-05,-2.9190491801500684e-08,-1.7177748606913472e-08,-2.5550409942005354e-06,-0.0009453944982049681
103,0.001218317043992184,0.04998531340943527,0.04999967035320685,-2.0178946067719097e-07,-3.475595713491297e-06,-2.018428929753493e-05,-9.498844156041741e-05,-2.7696874127514093e-08,-1.688159825965214e-08,-2.580613036904029e-06,-0.0009486559876566256
104,0.0012541427172586194,0.04998652021877159,0.0499996745310429,-2.2094790144485833e-07,-3.885048489436755e-06,-1.907352968619734e-05,-9.564327774569392e-05,-2.6437641409415846e-08,-1.6545799315502475e-08,-2.6056971786687927e-06,-0.0009521156674256458
105,0.0012912516482067316,0.049987908744405694,0.049999679040964695,-2.4097399234530145e-07,-4.3244943837385055e-06,-1.7986960030013745e-05,-9.6087773272302e-05,-2.548892830134264e-08,-1.6172251774032655e-08,-2.6303614428416144e-06,-0.0009557757244347041
106,0.0013296999784003418,0.04998944636659432,0.04999968386570408,-2.618348553959102e-07,-4.790008259796691e-06,-1.692617951257536e-05,-9.630404383642599e-05,-2.4807041754115744e-08,-1.5751415495053908e-08,-2.6546707942791163e-06,-0.0009596364279646649
107,0.0013695459445229865,0.04999109025030332,0.04999968898689333,-2.8348332062372745e-07,-5.2764513666493644e-06,-1.5892696576140305e-05,-9.628690168028697e-05,-2.5085412858061318e-08,-1.5292856348821337e-08,-2.678687220303448e-06,-0.0009636960649018339
108,0.001410852276454398,0.04999278844433097,0.04999969438524135,-3.0588018802968663e-07,-5.777713981934307e-06,-1.4887741215036792e-05,-9.602322825230658e-05,-2.498710749421207e-08,-1.4797523944310472e-08,-2.70246785420778e-06,-0.0009679509253885618
109,0.0014536829044382324,0.04999447595334702,0.0499997000405589,-3.289681449551654e-07,-6.286704156976215e-06,-1.3912192210123128e-05,-9.550951654091477e-05,-2.5421261540259366e-08,-1.4266683487205357e-08,-2.726063755881842e-06,-0.0009723953429848653
110,0.001498102615270341,0.049996082161976124,0.049999705931895566,-3.526960295256298e-07,-6.7957673339387855e-06,-1.2967216556724614e-05,-9.47522567003034e-05,-2.685957234405123e-08,-1.3702742279493492e-08,-2.749520054864304e-06,-0.0009770217478503429
111,0.0015441809344421435,0.0499975261272483,0.04999971203777162,-3.770027717759283e-07,-7.296669732145934e-06,-1.2053682013327071e-05,-9.37583899940364e-05,-2.8414408603794072e-08,-1.3104245737908314e-08,-2.7728741984164454e-06,-0.0009818207012732402
112,0.0015919881752275826,0.04999871971386229,0.04999971833615588,-4.018178627726793e-07,-7.780854920604855e-06,-1.1172300042804815e-05,-9.254132601199672e-05,-3.0666484462926746e-08,-1.248648095263562e-08,-2.796155546157444e-06,-0.0009867810092423148
113,0.001641598205191433,0.04999956914676179,0.04999972480467044,-4.2708718090866945e-07,-8.239932783284599e-06,-1.0323618507192598e-05,-9.110024984693155e-05,-3.2338320465896686e-08,-1.1846105412492773e-08,-2.8193827688139332e-06,-0.0009918898631261985
114,0.0016930838608835872,0.049999977686384624,0.04999973142070341,-4.5273328466621307e-07,-8.665724158231358e-06,-9.508043228270497e-06,-8.946993330027908e-05,-3.523107849900953e-08,-1.1188216336342576e-08,-2.8425639292443428e-06,-0.0009971330093957874
115,0.0017465197887593321,0.04999984934598655,0.04999973816165114,-4.786994708740164e-07,-9.050915683290085e-06,-8.726177600389648e-06,-8.768280531512573e-05,-3.829051564707697e-08,-1.0517769512082365e-08,-2.865696129067564e-06,-0.0010024949642560264
116,0.0018019835865168414,0.04999909123679592,0.04999974500513544,-5.049184449001403e-07,-9.389190942986975e-06,-7.978291985082963e-06,-8.575115498388186e-05,-4.122064112266344e-08,-9.839896018234225e-09,-2.8887630297719077e-06,-0.0010079592182353492
117,0.001859551757558353,0.049997618650574734,0.049999751928973345,-5.313256417493381e-07,-9.675361932820103e-06,-7.264693401499509e-06,-8.3712708146777e-05,-4.437477940655299e-08,-9.160179750372226e-09,-2.911734749131137e-06,-0.0010135084926571464
118,0.0019193017380576844,0.049995359435606734,0.049999758911390545,-5.578656586082622e-07,-9.905849288114435e-06,-6.585625451411443e-06,-8.159685967257246e-05,-4.774524953177206e-08,-8.48432772456487e-09,-2.934566501791509e-06,-0.001019125038292361
119,0.0019813104396827937,0.049992258852401134,0.04999976593122013,-5.844870862134194e-07,-1.0078882509640807e-05,-5.941267477970698e-06,-7.944244862301275e-05,-5.130453573087834e-08,-7.817866441041949e-09,-2.9571979829487573e-06,-0.001024790956734485
120,0.002045653675970854,0.04998828340306296,0.04999977296812211,-6.111539163576578e-07,-1.0194593329751674e-05,-5.3318976148187985e-06,-7.728399941697717e-05,-5.525611967982513e-08,-7.166279358942126e-09,-2.979552788648519e-06,-0.001030488536480051
121,0.002112407000695157,0.04998342593422803,0.04999978000272634,-6.378318783461446e-07,-1.0255110447618134e-05,-4.757761516648357e-06,-7.516448386013508e-05,-5.943776315575633e-08,-6.534698401074103e-09,-3.001537837179309e-06,-0.0010362006011671713
122,0.0021816439279617227,0.049977708690515675,0.04999978701668567,-6.6449897055455e-07,-1.0264492659375416e-05,-4.219205115107627e-06,-7.312557136174291e-05,-6.431900345660324e-08,-5.927755441100132e-09,-3.023043414904409e-06,-0.0010419108680243875
123,0.0022534366967499877,0.0499711847655066,0.049999793992881424,-6.911494745634211e-07,-1.0228708521570142e-05,-3.716622980762915e-06,-7.12068795110099e-05,-6.999183455036473e-08,-5.349635135113732e-09,-3.04394303570781e-06,-0.001047604296773172
124,0.0023278554132231265,0.04996394029270125,0.049999800915563476,-7.177883628199778e-07,-1.0155340496115063e-05,-3.250465410791095e-06,-6.945669883862138e-05,-7.642758959036655e-08,-4.803762557668143e-09,-3.064093822085727e-06,-0.0010532674461830632
125,0.002404966976013388,0.04995609353469021,0.04999980777050239,-7.444426404043234e-07,-1.0053559244342025e-05,-2.821332195797622e-06,-6.792102794861421e-05,-8.381672245150185e-08,-4.292551043870491e-09,-3.08333766584559e-06,-0.0010588887727057009
126,0.0024848371584617543,0.04994779014852572,0.049999814545014676,-7.711403843988788e-07,-9.933331890914345e-06,-2.429941568916836e-06,-6.664951797574759e-05,-9.228073594158559e-08,-3.817142717200526e-09,-3.1015024325186376e-06,-0.0010644589209051064
127,0.0025675285759016314,0.04993920119914258,0.049999821227957535,-7.979307076618704e-07,-9.805739508372228e-06,-2.077152874810382e-06,-6.569482502527535e-05,-1.0139073225445827e-07,-3.3758325168579e-09,-3.1184039277392294e-06,-0.0010699709980854426
128,0.0026531020194146006,0.04993051320813201,0.049999827809827604,-8.24873208320863e-07,-9.682107736839539e-06,-1.7638858432643136e-06,-6.510476669063792e-05,-1.111287275534778e-07,-2.978752681093471e-09,-3.133848453770914e-06,-0.0010754207885531862
129,0.0027416177328719957,0.04992192242379713,0.04999983428279628,-8.52059606984215e-07,-9.574078658162158e-06,-1.491175605997758e-06,-6.490227679023519e-05,-1.2219497591559048e-07,-2.6183235214617763e-09,-3.147634585183616e-06,-0.0010808068811994408
130,0.00283313083387171,0.04991362325693549,0.049999840640713035,-8.79573834000508e-07,-9.492448978783829e-06,-1.2602024793429734e-06,-6.51571317575872e-05,-1.314299993282475e-07,-2.292522653752772e-09,-3.159558024743203e-06,-0.001086130790211581
131,0.0029276963398740135,0.04990578579206478,0.04999984687904348,-9.075191642875025e-07,-9.448130472296045e-06,-1.0722479469514682e-06,-6.590575503651053e-05,-1.409245982131324e-07,-2.000221278952086e-09,-3.1694160666691066e-06,-0.0010913970443646038
132,0.0030253725056130745,0.04989857335040499,0.04999985299482559,-9.3601247296889e-07,-9.451263613535958e-06,-9.285570184763798e-07,-6.71493326080963e-05,-1.4868282960378565e-07,-1.7357986611047295e-09,-3.1770102905459196e-06,-0.0010966131041815342
133,0.0031262152953140825,0.049892109473647854,0.04999985898656583,-9.65169780613318e-07,-9.510638125289101e-06,-8.303296946678542e-07,-6.890780059620738e-05,-1.5441922585068824e-07,-1.5026569356443046e-09,-3.1821521305861692e-06,-0.0011017893149388065
134,0.003230283621149811,0.04988647794058826,0.04999986485413421,-9.95133305106005e-07,-9.63444505392775e-06,-7.786932262694834e-07,-7.116275082807988e-05,-1.5874859116138396e-07,-1.295384123319691e-09,-3.1846668741792543e-06,-0.0011069387659095448
135,0.003337637184584376,0.049881719778018085,0.04999987059870231,-1.026041473028991e-06,-9.829382375467917e-06,-7.746222930436005e-07,-7.389800884993747e-05,-1.601755172941921e-07,-1.112259825539735e-09,-3.184398481551132e-06,-0.001112077091600524
136,0.003448339336795274,0.04987781950272368,0.04999987622256588,-1.058037787109728e-06,-1.010137347250505e-05,-8.188922464177892e-07,-7.707963231950998e-05,-1.5974322309375566e-07,-9.457966747634108e-10,-3.1812145237502603e-06,-0.0011172222397182636
137,0.0035624595774236354,0.049874721562297414,0.04999988172898662,-1.0912647200346038e-06,-1.0455390990606142e-05,-9.119558350906765e-07,-8.064232679316774e-05,-1.5690636701037874e-07,-7.935040165595605e-10,-3.1750098409633147e-06,-0.001122394119208467
138,0.003680073943718592,0.04987232381510737,0.049999887122013593,-1.125863395061142e-06,-1.0895266526162007e-05,-1.0539099873649525e-06,-8.451937901554629e-05,-1.5347687565281376e-07,-6.549581592214438e-10,-3.165709326701364e-06,-0.0011276142123421266
139,0.0038012665074694586,0.04987049236999966,0.04999989240624614,-1.1619730420209157e-06,-1.1423888927158605e-05,-1.244482354938644e-06,-8.862488175509498e-05,-1.4968061634590413e-07,-5.2964962413679e-10,-3.153269600988552e-06,-0.001132905145725333
140,0.003926126705845094,0.04986905655050741,0.04999989758663087,-1.199726820003157e-06,-1.2042908639605229e-05,-1.4829920593450686e-06,-9.288440924137831e-05,-1.4654762026111712e-07,-4.18295598848859e-10,-3.1376804265503296e-06,-0.0011382902278748654
141,0.004054754360457225,0.049867823059412945,0.04999990266820852,-1.239242765865523e-06,-1.2753047857973782e-05,-1.7683725938815155e-06,-9.723231050884351e-05,-1.4458075270340487e-07,-3.2139497316026987e-10,-3.1189646662782288e-06,-0.0011437929597689792
142,0.004187257337919792,0.04986658059295724,0.049999907655837894,-1.2806217250190479e-06,-1.3554077422839884e-05,-2.0991850502747266e-06,-0.0001016062669805251,-1.442034118781521e-07,-2.3761034529590484e-10,-3.0971773771075505e-06,-0.0011494365452989607
143,0.00432375249804347,0.04986511072694247,0.04999991255392123,-1.3239381030233436e-06,-1.4444717965725486e-05,-2.4736516848715056e-06,-0.00010595915227895603,-1.4533998182741925e-07,-1.7069734633637736e-10,-3.072403859034245e-06,-0.001155243455100308
144,0.004464365322092044,0.04986319348506893,0.04999991736615092,-1.36925273209027e-06,-1.5422920070164532e-05,-2.8897861605846074e-06,-0.00011024788545910269,-1.4710468576595304e-07,-1.2308030469927018e-10,-3.0447561295391814e-06,-0.0011612349957037897
145,0.004609227932414031,0.0498606179453317,0.04999992209526236,-1.4165932743375582e-06,-1.6485203300066803e-05,-3.345411809341072e-06,-0.00011445124255260453,-1.496337631579081e-07,-9.653267968754978e-11,-3.014368857886831e-06,-0.001167430948953032
146,0.004758476984470638,0.04985717358229325,0.049999926742781316,-1.4659551438418936e-06,-1.7627146868502605e-05,-3.838244270782555e-06,-0.00011856835772050545,-1.522660539876597e-07,-1.0701002474327149e-10,-2.9813953192302375e-06,-0.0011738493873341147
147,0.0049122574511288744,0.049852662481093234,0.049999931308896614,-1.517347769144907e-06,-1.8843995966616097e-05,-4.366156724239362e-06,-0.00012258467904757708,-1.5241597850490507e-07,-1.5125824090636358e-10,-2.946001392176497e-06,-0.0011805064114669428
148,0.0050707095367825755,0.04984689148796816,0.04999993579226872,-1.5706906188950738e-06,-2.0128619933857027e-05,-4.927023630156843e-06,-0.0001265228056581691,-1.5378776652141823e-07,-2.3491805974336917e-10,-2.9083625714856487e-06,-0.0011874160642089363
149,0.005233975297960987,0.049839656887035295,0.049999940189980795,-1.6259260384518169e-06,-2.1474548635314904e-05,-5.518764618085137e-06,-0.0001304087054450065,-1.5291065835754125e-07,-3.631689469994126e-10,-2.868660398441835e-06,-0.0011945903538974042
150,0.00540220458106642,0.04983079043507559,0.049999944497649086,-1.6829680813883711e-06,-2.287525205652938e-05,-6.139571884353996e-06,-0.0001342034520348534,-1.4881727850024618e-07,-5.408223431869461e-10,-2.8270766806907394e-06,-0.001202039237740656
151,0.005575538867554734,0.0498201202396031,0.04999994870942459,-1.74170896249059e-06,-2.4322683218301953e-05,-6.7878416706170595e-06,-0.00013793025573249906,-1.4372106704740872e-07,-7.718722600001023e-10,-2.7837905891664877e-06,-0.0012097707687938044
152,0.005754118839436714,0.049807483303361606,0.04999995281811459,-1.8020388423421775e-06,-2.5809136502934942e-05,-7.46216449561476e-06,-0.00014159058628138155,-1.371105042835552e-07,-1.0593116400274754e-09,-2.7389757341508873e-06,-0.001217791200545045
153,0.005938083651462332,0.049792726249012875,0.0499999568153706,-1.8638317008870079e-06,-2.7326732941455174e-05,-8.161397162802019e-06,-0.00014518486568704247,-1.295605898121721e-07,-1.4049668842132227e-09,-2.692798106972103e-06,-0.0012261051438784123
154,0.0061275678216867946,0.04977570409308665,0.04999996069190676,-1.9269682341935357e-06,-2.8867845221923213e-05,-8.884642954070772e-06,-0.0001487055269535631,-1.2122964676564152e-07,-1.8092749068109131e-09,-2.645414505090256e-06,-0.0012347157479261248
155,0.006322702702106645,0.049756287951385036,0.04999996443778053,-1.991332530490678e-06,-3.0425034292757074e-05,-9.631170211108252e-06,-0.00015215617895592004,-1.1243420061646248e-07,-2.271244249530309e-09,-2.5969712134412164e-06,-0.001243624862025667
156,0.006523617199268524,0.049734362474592224,0.049999968042634346,-2.0568062249830835e-06,-3.199120052010584e-05,-1.040048480200832e-05,-0.00015552334662061185,-1.0348444590135841e-07,-2.7884970196555e-09,-2.547603317156721e-06,-0.001252833202913424
157,0.006730435992154268,0.04970983258774378,0.04999997149594643,-2.1232799731940317e-06,-3.355955921689345e-05,-1.11922699083488e-05,-0.00015880799037404358,-9.507437681577358e-08,-3.3568380192563117e-09,-2.4974344709384586e-06,-0.001262340518268642
158,0.0069432815378331824,0.0496826214962991,0.04999997478729329,-2.190658072909246e-06,-3.5123869326005776e-05,-1.2006362305316074e-05,-0.0001619959220988676,-8.652435923295343e-08,-3.971005573176449e-09,-2.4465765246897266e-06,-0.0012721457098974808
159,0.00716227344913009,0.04965267550185125,0.04999997790658,-2.2588452172777564e-06,-3.66779110920492e-05,-1.2842832907352504e-05,-0.00016508594853803515,-7.871508245216319e-08,-4.624235471883009e-09,-2.395129940286432e-06,-0.0012822469503261144
160,0.007387526950434985,0.04961996251409114,0.049999980844257004,-2.3277634012272243e-06,-3.821612177097192e-05,-1.3701789383494641e-05,-0.00016807693464215845,-7.148182845639894e-08,-5.308417075615838e-09,-2.3431843352254127e-06,-0.0012926417941407408
161,0.007619157935855082,0.04958447768941578,0.049999983591514016,-2.3973433973206965e-06,-3.9733347154147565e-05,-1.458354052289122e-05,-0.0001709545322228223,-6.47611315685026e-08,-6.014632792995291e-09,-2.29081870575546e-06,-0.001303327256699817
162,0.007857277582012724,0.04954623662174376,0.049999986140442015,-2.4675284280948854e-06,-4.122449959997605e-05,-1.5488543096987194e-05,-0.00017371586000081152,-5.866053953695882e-08,-6.733360936188893e-09,-2.2381022405485088e-06,-0.0013142998644639179
163,0.008101995491837944,0.0495052790987279,0.049999988484150736,-2.538260187701065e-06,-4.2684711775418634e-05,-1.6417293374771974e-05,-0.00017635540280025452,-5.312621809139273e-08,-7.454168144118804e-09,-2.18509493673764e-06,-0.0013255556870072236
164,0.008353420731861334,0.049461668097918056,0.049999990616869834,-2.6094960611388827e-06,-4.4109400834767444e-05,-1.7370515991905644e-05,-0.00017886850400827825,-4.819724708227113e-08,-8.163561126927581e-09,-2.131848135830661e-06,-0.0013370903976029289
165,0.008611658823638053,0.049415488858833505,0.04999999253403943,-2.681210931437816e-06,-4.54943174949721e-05,-1.8349036266510055e-05,-0.0001812443952076137,-4.370451023305577e-08,-8.851492743463544e-09,-2.0784049242971798e-06,-0.0013488992677948
166,0.008876812862880152,0.049366840738170666,0.04999999423235279,-2.7533662257004306e-06,-4.6834778994829816e-05,-1.935367031128859e-05,-0.00018348688900005072,-4.023528887842076e-08,-9.50609165118024e-09,-2.024801271782478e-06,-0.0013609771426850792
167,0.009148987490282682,0.04931583358046448,0.04999999570978852,-2.8259438186028078e-06,-4.8126399263812577e-05,-2.03855023637262e-05,-0.00018559068848844618,-3.689392258365842e-08,-1.0116800221509326e-08,-1.971066868040404e-06,-0.0013733184329889978
168,0.009428282575696948,0.04926260242224165,0.04999999696562227,-2.8989180575079763e-06,-4.936491918268632e-05,-2.144560075831176e-05,-0.00018754687334876508,-3.428582218134579e-08,-1.0671707138497102e-08,-1.9172253587923493e-06,-0.0013859171095211753
169,0.009714797732005898,0.04920728896486324,0.049999998000416254,-2.9722763713512208e-06,-5.0546049449188065e-05,-2.2535155474465323e-05,-0.00018935037951450795,-3.209499155332196e-08,-1.1171262370839103e-08,-1.863295143187834e-06,-0.0013987666769634628
170,0.010008626882175978,0.04915005164084249,0.049999998815996066,-3.04597578462704e-06,-5.1665244568210845e-05,-2.36553726516179e-05,-0.00019099802011623979,-3.042135432451687e-08,-1.158334970054651e-08,-1.8092904505734894e-06,-0.0014118602151361622
171,0.010309873064244916,0.04909106974101937,0.04999999941542815,-3.1200668086472266e-06,-5.271928900974191e-05,-2.4807797362011773e-05,-0.00019245335715822875,-2.9028143444520538e-08,-1.190575052928204e-08,-1.7552204756274553e-06,-0.001425190320125675
172,0.010618625277668908,0.049030524620843084,0.04999999980296662,-3.194509667229949e-06,-5.3702604450709044e-05,-2.5994411618210445e-05,-0.00019375752890482545,-2.9881395136044375e-08,-1.2134421897486071e-08,-1.7010907683202141e-06,-0.0014387489855672679
173,0.010934962062223956,0.04896853353143325,0.04999999998399666,-3.2692923075451795e-06,-5.4609998194286544e-05,-2.7216363968796496e-05,-0.00019494867592584342,-2.9057204642413126e-08,-1.2262804851522651e-08,-1.6469053734488906e-06,-0.0014525275439478788
174,0.011258988606475137,0.048905273503967395,0.049999999964982944,-3.344400824740529e-06,-5.5437627054510554e-05,-2.8475512521210602e-05,-0.00019595124467741698,-2.96977429314893e-08,-1.2285148430572096e-08,-1.5926658587719744e-06,-0.001466516662253453
175,0.011590784620479112,0.0488409342393378,0.049999999753401955,-3.419823288959495e-06,-5.618104329410896e-05,-2.9773675199655994e-05,-0.00019677721138577908,-3.089969524694425e-08,-1.2197257834088543e-08,-1.5383720578577303e-06,-0.0014807063946641467
176,0.011930433128637348,0.0487757002903237,0.049999999357674234,-3.4955465598796673e-06,-5.683557761788994e-05,-3.111269461243767e-05,-0.00019743536540772766,-3.271255977210785e-08,-1.1996932577154127e-08,-1.4840227614040656e-06,-0.001495086092334515
177,0.012278015827750996,0.04870975243618916,0.049999998787093256,-3.571557684047674e-06,-5.739662416228272e-05,-3.249472341847062e-05,-0.0001979306834982708,-3.509933677037225e-08,-1.1683866780648169e-08,-1.4296163431610004e-06,-0.0015096443825721062
178,0.012633606055456196,0.048643269725135656,0.049999998051751406,-3.6478396294778906e-06,-5.7859798038963074e-05,-3.392181668750835e-05,-0.00019827065989375114,-3.813016036247063e-08,-1.1259863605729798e-08,-1.3751516834461343e-06,-0.0015243691448335569
179,0.012997278222690981,0.04857642416263383,0.04999999716246225,-3.7243792731772518e-06,-5.822076819609462e-05,-3.539623215871486e-05,-0.0001984502887353301,-4.168221323652688e-08,-1.0728667982396293e-08,-1.3206287754760177e-06,-0.0015392474641462534
180,0.013369100906063755,0.04850939789488733,0.04999999613068517,-3.8011494443805085e-06,-5.847520953072657e-05,-3.692025971977264e-05,-0.00019848323427140713,-4.597446690013385e-08,-1.0096653304984716e-08,-1.266049270726754e-06,-0.0015542656256039835
181,0.013749138230912894,0.04844236600131555,0.049999994968451866,-3.878129495730408e-06,-5.861928939418622e-05,-3.849614511252164e-05,-0.00019838265143334866,-5.081922083149948e-08,-9.372891279890755e-09,-1.2114173394219188e-06,-0.0015694090695400052
182,0.01413745577612511,0.04837549199854968,0.04999999368828609,-3.955290456503146e-06,-5.8648882076603265e-05,-4.012646611698049e-05,-0.0001981475215870887,-5.62930395631156e-08,-8.568910068484781e-09,-1.156740519646732e-06,-0.0015846623572112377
183,0.014534107567523866,0.04830895471726472,0.04999999230312829,-4.032602664699587e-06,-5.856050837283344e-05,-4.181362782513107e-05,-0.00019780041475314647,-6.22565607955039e-08,-7.69934181780928e-09,-1.102030498956929e-06,-0.0016000091774422698
184,0.014939149043286405,0.04824291808268589,0.049999990826251006,-4.110040202703123e-06,-5.835092039290043e-05,-4.356022780769011e-05,-0.00019734988745767623,-6.88523300595989e-08,-6.781913563831249e-09,-1.0473041452587595e-06,-0.0016154323067679036
185,0.015352628570944377,0.04817754331530847,0.04999998927119111,-4.187555074709962e-06,-5.8017067842673676e-05,-4.5368814133189036e-05,-0.00019681161211337894,-7.586996275676938e-08,-5.837449761137588e-09,-9.925845519793768e-07,-0.001630913622954432
186,0.015774590046762845,0.0481129999551852,0.04999998765167785,-4.265114690460403e-06,-5.7556795002063566e-05,-4.724186578502144e-05,-0.000196201290236786,-8.344348145783442e-08,-4.890412008868232e-09,-9.379019834525869e-07,-0.0016464340873722978
187,0.01620507727266046,0.04804944520272341,0.04999998598154564,-4.342674285774981e-06,-5.696787199305077e-05,-4.918209557634379e-05,-0.00019553546735551208,-9.135536771509578e-08,-3.96803521217241e-09,-8.832951249515437e-07,-0.001661973716675034
188,0.01664412415968992,0.04798703907004086,0.04999998427466356,-4.420189822343249e-06,-5.624886722289109e-05,-5.119197622480444e-05,-0.00019483515643514693,-9.941778955635527e-08,-3.102353757694002e-09,-8.288123243253448e-07,-0.0016775116119564937
189,0.01709176397675417,0.04792593992411748,0.049999982544852266,-4.497617720550452e-06,-5.539911279880815e-05,-5.3274069167940105e-05,-0.00019411655375733972,-1.0778506265296528e-07,-2.329119339642323e-09,-7.745130125541915e-07,-0.001693025920933021
190,0.017548026181594296,0.04786629479324633,0.049999980805826766,-4.574891110000483e-06,-5.441807954917837e-05,-5.5430743097354025e-05,-0.00019339924619998783,-1.1619508910598597e-07,-1.6885154801386626e-09,-7.20469192053285e-07,-0.0017084938238897019
191,0.01801293722532983,0.047808254625791004,0.049999979071128034,-4.651957249010268e-06,-5.330628572969626e-05,-5.766412681751956e-05,-0.00019269928452558815,-1.2439245722362102e-07,-1.225120448037107e-09,-6.667670904596335e-07,-0.00172389156605091
192,0.01848652263582689,0.047751965575870914,0.04999997735403017,-4.728757904032243e-06,-5.206493897848459e-05,-5.9976520138984777e-05,-0.00019202593830414116,-1.3227594308773405e-07,-9.873465824578427e-10,-6.135088175568484e-07,-0.0017391944806361061
193,0.018968798203076374,0.047697584338594314,0.04999997566747846,-4.805228166780243e-06,-5.069634706915668e-05,-6.236975333399494e-05,-0.00019139834330417216,-1.3987400393489224e-07,-1.0279852019119298e-09,-5.60814235571716e-07,-0.0017543769926267217
194,0.019459784612523515,0.04764525516055076,0.049999974024019046,-4.881303712312529e-06,-4.9203384741557654e-05,-6.484559790344105e-05,-0.0001908296690089628,-1.4713005214161967e-07,-1.4040324901171076e-09,-5.088231264175355e-07,-0.0017694126122845017
195,0.019959496916655665,0.04759511531573503,0.049999972435734105,-4.956909908877812e-06,-4.758983325802534e-05,-6.740544026416337e-05,-0.00019032275304198265,-1.5344730286415142e-07,-2.1768546372766646e-09,-4.5769731895503816e-07,-0.0017842739747572303
196,0.020467950062244476,0.04754730581699267,0.04999997091418232,-5.031973862486802e-06,-4.586067373497015e-05,-7.005026736996004e-05,-0.00018989096861332655,-1.5918104168122227e-07,-3.4120763014501735e-09,-4.0762311764537274e-07,-0.001798932877223496
197,0.020985159939583827,0.047501955419766984,0.04999996947031755,-5.106425377902046e-06,-4.402180055849484e-05,-7.278088374901684e-05,-0.00018952695245388895,-1.6378764655655687e-07,-5.192650556548058e-09,-3.5881389592085644e-07,-0.001813360292273509
198,0.021511134757346475,0.04745919467178181,0.04999996811443878,-5.180163237182235e-06,-4.208009426908801e-05,-7.559757719271826e-05,-0.00018921634182333946,-1.6689294568550395e-07,-7.563952820343724e-09,-3.115128688108655e-07,-0.0018275264383383505
199,0.022045897327041063,0.04741915948733847,0.049999966856111806,-5.253153665475627e-06,-4.004403939254467e-05,-7.850046434249014e-05,-0.00018898106645792723,-1.7092419568598416e-07,-1.0622165095799543e-08,-2.659957784412003e-07,-0.001841400828104551
200,0.022589450228887347,0.047381958093695394,0.04999996570411373,-5.325287101875179e-06,-3.792242858415364e-05,-8.148908131650888e-05,-0.0001888307451736182,-1.7338861368898506e-07,-1.4447818715886482e-08,-2.2257434850860187e-07,-0.0018549522660502628
201,0.023141804901071227,0.04734765042670767,0.049999964666402844,-5.396478273588094e-06,-3.572531357860878e-05,-8.456178382047805e-05,-0.00018869030463974923,-1.7200518698246015e-07,-1.912570876997085e-08,-1.8159980856012217e-07,-0.0018681489140369842
202,0.02370298970301026,0.04731634771922251,0.04999996375004881,-5.466638973149489e-06,-3.3464507228374215e-05,-8.771735418554363e-05,-0.00018856576934922487,-1.7303186439221463e-07,-2.4743148208813864e-08,-1.4346613739719018e-07,-0.0018809583910114796
203,0.024273007678150302,0.04728814907987903,0.04999996296119277,-5.535680197837986e-06,-3.11524864992116e-05,-9.095366953187368e-05,-0.00018844683654606342,-1.7248522965473967e-07,-3.1389581448558236e-08,-1.0861403536403964e-07,-0.0018933478803264542
204,0.024851870730760436,0.047263130055157004,0.04999996230501981,-5.603509300187542e-06,-2.880298460956894e-05,-9.426817448342303e-05,-0.0001883117511169985,-1.7143499064786738e-07,-3.915500737432331e-08,-7.753506115764294e-08,-0.0019052841907988933
205,0.025439589094087528,0.04724135177293784,0.04999996178572298,-5.670033504923133e-06,-2.643069493973052e-05,-9.765772130845424e-05,-0.00018814222130458802,-1.7004285268740205e-07,-4.813084954022549e-08,-5.0775993456237216e-08,-0.001916733851275985
206,0.026036171223234435,0.04722286675826894,0.04999996140647825,-5.735157218096e-06,-2.4051439574933897e-05,-0.00010111866554286403,-0.00018792386981658638,-1.6867430474576395e-07,-5.8409657971609396e-08,-2.894355042309064e-08,-0.0019276632194294265
207,0.02664162214675187,0.047207709337658416,0.04999996116942524,-5.798783498916571e-06,-2.1681921693898824e-05,-0.00010464713356654529,-0.00018763658590614796,-1.6709289241134684e-07,-7.007642078349734e-08,-1.27094456612473e-08,-0.0019380385935543684
208,0.02725594161210501,0.047195902742609354,0.04999996107565356,-5.860822089440841e-06,-1.9339850483929795e-05,-0.00010823877694805811,-0.00018728314898908138,-1.6607459940587432e-07,-8.322238137435194e-08,-2.815755950511101e-09,-0.0019478263796607821
209,0.02787911706620287,0.047187460853023507,0.04999996112519986,-5.9211773138677034e-06,-1.7043912412959588e-05,-0.00011188897187245056,-0.00018686526163946837,-1.6540606395665236e-07,-9.79319559234323e-08,-8.078741498730464e-11,-0.001956993216867052
210,0.028511132323373895,0.04718236177364538,0.0499999613170545,-5.979752358060568e-06,-1.481322608799936e-05,-0.00011559265450365913,-0.00018636595632415265,-1.6495575039243704e-07,-1.142866099104806e-07,-5.405356755985238e-09,-0.0019655060843208816
211,0.029151964355085377,0.047180588106066484,0.049999961649179366,-6.036450103090207e-06,-1.2667666950855872e-05,-0.00011934460185545768,-0.00018580594041850418,-1.6553951809328282e-07,-1.3236321649922083e-07,-1.9779613700083843e-08,-0.0019733324578832226
212,0.02980157711614302,0.04718211136990097,0.04999996211853072,-6.091174420040941e-06,-1.062752106453247e-05,-0.0001231397862460195,-0.00018519519653636962,-1.6623992848963098e-07,-1.522339021631912e-07,-4.4290510410880805e-08,-0.001980440502917429
213,0.03045991215426644,0.04718688614312969,0.04999996272109223,-6.143831491445196e-06,-8.713586762714374e-06,-0.0001269728002407673,-0.00018455530516803265,-1.6781466172233195e-07,-1.7396438066297527e-07,-8.012995178606468e-08,-0.0019867992133722405
214,0.031126907215322887,0.04719485562930802,0.04999996345190856,-6.1943281853239005e-06,-6.946584933478778e-06,-0.00013083848931705932,-0.0001839069154812023,-1.6957861248556583e-07,-1.976148171272341e-07,-1.2860376351682773e-07,-0.0019923785913477264
215,0.03180247169818208,0.047205969130358225,0.04999996430513018,-6.2425749015576955e-06,-5.347513929629232e-06,-0.00013473159775311913,-0.00018328223086427897,-1.7190004086842237e-07,-2.2323758542406403e-07,-1.9114154763701923e-07,-0.001997149820358806
216,0.03248650662354706,0.0472201554507388,0.04999996527406842,-6.288480802542329e-06,-3.9369467377899785e-06,-0.00013864702383152672,-0.0001827132364269346,-1.7443088040636212e-07,-2.508756413264816e-07,-2.6930759295063325e-07,-0.0020010854173846846
217,0.033178889624599056,0.04723735400534282,0.04999996635124305,-6.331969069355825e-06,-2.7352483572386952e-06,-0.00014258037535764956,-0.00018224268569611013,-1.7711843725010112e-07,-2.8056628277552393e-07,-3.648130571261555e-07,-0.002004159439336017
218,0.03387946866688831,0.04725748840384481,0.04999996752845967,-6.37295152665267e-06,-1.762094220365149e-06,-0.00014652691806851695,-0.00018190566333942115,-1.79826358248647e-07,-3.123546101095355e-07,-4.795294380424697e-07,-0.0020063476126917557
219,0.0345880738404224,0.04728048971540988,0.04999996879688776,-6.411327473445996e-06,-1.036340384370528e-06,-0.00015048260157817593,-0.0001817120792111382,-1.8242498356357828e-07,-3.462590124005541e-07,-6.155033781325724e-07,-0.002007627458044272
220,0.035304518632969,0.0473063015693861,0.04999997014713059,-6.447015110017518e-06,-5.758870122557457e-07,-0.00015444355233284985,-0.00018169851682614535,-1.856881226558471e-07,-3.8228573896878484e-07,-7.749735432407718e-07,-0.0020079784870173224
221,0.036028593535752475,0.04733491901751332,0.04999997156929341,-6.479962249906276e-06,-3.973854250246941e-07,-0.00015840656531847502,-0.00018195409211330116,-1.8799862289142766e-07,-4.204515770060151e-07,-9.6038966512717e-07,-0.0020073824261990017
222,0.03676004361795314,0.04736629402461778,0.049999973053041796,-6.510100960262994e-06,-5.158711467616042e-07,-0.00016236877567402732,-0.00018249110144097358,-1.901123312109121e-07,-4.607569796758063e-07,-1.1744327831202865e-06,-0.0020058232662433745
223,0.03749861000925358,0.04740036349368364,0.0499999745876942,-6.537356125546064e-06,-9.448892064529186e-07,-0.00016632723708051044,-0.0001833108690334484,-1.9227543646138656e-07,-5.032049093194377e-07,-1.420038246419676e-06,-0.0020032873221504585
224,0.038244010739798495,0.04743711121298566,0.04999997616230752,-6.561656727478131e-06,-1.696213081696285e-06,-0.0001702802589819354,-0.00018445824389345944,-1.9448232535523857e-07,-5.477705936222448e-07,-1.7004217677792057e-06,-0.0019997633678022378
225,0.03899593920115585,0.04747653562124313,0.04999997776575194,-6.582962685706012e-06,-2.7796009162783507e-06,-0.0001742260851097643,-0.0001859802141552791,-1.9652075877729658e-07,-5.944307980248739e-07,-2.0191081764507684e-06,-0.0019952427522565517
226,0.0397540649255061,0.04751863244152682,0.0499999793867725,-6.601249536672568e-06,-4.202594364218318e-06,-0.00017816295754293507,-0.00018793277558870614,-1.9793586147898168e-07,-6.431910082464006e-07,-2.379963342278579e-06,-0.001989719431516681
227,0.04051802438495316,0.04756335089521935,0.04999998101407178,-6.616414452715194e-06,-5.970742932538164e-06,-0.00018208989258225125,-0.0001902344374684617,-1.9955650998326746e-07,-6.939782015865244e-07,-2.787227845454863e-06,-0.0019831898810050534
228,0.0412874904844761,0.04761068760832271,0.04999998263638866,-6.628473573629671e-06,-8.08782022545542e-06,-0.00018600554869095415,-0.00019297619292046875,-2.0230110919783328e-07,-7.468082303376707e-07,-3.2455578527985097e-06,-0.0019756531607200444
229,0.04206205289179382,0.04766065981892396,0.04999998424258335,-6.637304722230884e-06,-1.0555015303644478e-05,-0.0001899099294310557,-0.00019615462224464864,-2.032967785225992e-07,-8.016030327410991e-07,-3.7600682576241156e-06,-0.0019671108224262883
230,0.04284133995091244,0.04771324284867601,0.049999985821714756,-6.6429010469016904e-06,-1.3372157959419877e-05,-0.00019380162750937048,-0.00019973826420027763,-2.068736932869797e-07,-8.583172045489301e-07,-4.33637927922151e-06,-0.0019575668686724543
231,0.043624968173792245,0.047768455962301754,0.04999998736307732,-6.645237266107279e-06,-1.653673682227588e-05,-0.00019768107813965589,-0.000203848845558241,-2.0795926047867397e-07,-9.168882860156588e-07,-4.980671653909866e-06,-0.0019470277793864335
232,0.044412506542287324,0.04782624435631498,0.04999998885625295,-6.644291705865155e-06,-2.004418176359175e-05,-0.00020154738376118456,-0.00020839330682065338,-2.094911479844086e-07,-9.77245172164767e-07,-5.6997422446767515e-06,-0.001935502353723373
233,0.04520356103709806,0.04788651580979039,0.04999999029117646,-6.6400324898693535e-06,-2.3888970424436066e-05,-0.0002053997987048448,-0.0002133918460458517,-2.1077494238852523e-07,-1.0393041809876437e-06,-6.501067574499412e-06,-0.001923001574739898
234,0.045997728258738525,0.04794917903471318,0.04999999165817844,-6.632453746098964e-06,-2.8063849718498314e-05,-0.00020923762566617255,-0.00021884457964915782,-2.1204940026109398e-07,-1.1029769812893781e-06,-7.392875061268605e-06,-0.0019095385059560372
235,0.04679459999010769,0.0480141051759151,0.04999999294804114,-6.621529825918978e-06,-3.256052619712653e-05,-0.0002130591827098041,-0.00022473177523352206,-2.1257531557239417e-07,-1.168157216500659e-06,-8.384219884017107e-06,-0.001895128119251328
236,0.04759378901553943,0.04808114445274837,0.04999999415204301,-6.607255853915883e-06,-3.7369904948568474e-05,-0.00021686277117432181,-0.00023102811246644706,-2.125766371818827e-07,-1.2347294102489188e-06,-9.485069039164984e-06,-0.0018797871472454486
237,0.04839490733321897,0.04815010697149674,0.049999995261997256,-6.589620250169124e-06,-4.2482094521240455e-05,-0.000220646582347928,-0.0002377036726102233,-2.118853643651164e-07,-1.3025646427250857e-06,-1.0706396051690826e-05,-0.0018635339870965687
238,0.049197570886823305,0.04822078277387699,0.04999999627030145,-6.5686235531558315e-06,-4.788618123898506e-05,-0.00022440786662707957,-0.00024473981466144323,-2.1049179110832483e-07,-1.3715217924496421e-06,-1.2060284325042835e-05,-0.0018463885641174403
239,0.05000140987820324,0.04829291816308293,0.049999997169970556,-6.544264077342258e-06,-5.3571150027938016e-05,-0.00022814371756702727,-0.00025207659928128123,-2.0775496523128822e-07,-1.4414437044860027e-06,-1.3560040277087557e-05,-0.0018283721845276245
240,0.05080606429936592,0.04836623300112552,0.04999999795467076,-6.516550383864353e-06,-5.95253395245424e-05,-0.00023184987572231683,-0.00025967726833187044,-2.0496008801274002e-07,-1.5121576891121597e-06,-1.5220318234681613e-05,-0.0018095074182486915
241,0.05161120029856491,0.048440426409369686,0.04999999861874915,-6.48551007319145e-06,-6.573706722750373e-05,-0.00023552222712189708,-0.00026750151300802827,-2.0071470885341114e-07,-1.5834808726983205e-06,-1.7057259739646257e-05,-0.0017898180090628363
242,0.05241647705820836,0.04851516172594622,0.049999999157266134,-6.451170064220925e-06,-7.219372648505852e-05,-0.00023915562919566642,-0.00027547686477191746,-1.961793998361827e-07,-1.6552187675736243e-06,-1.908864821564158e-05,-0.0017693287505950951
243,0.05322156959399998,0.04859008346263369,0.04999999956603745,-6.413513395610788e-06,-7.88834613962499e-05,-0.0002427448645487566,-0.0002835210761986673,-1.9111310223252076e-07,-1.7271616477730777e-06,-2.1334078362810377e-05,-0.0017480653537796703
244,0.05402619277619484,0.048664845453968694,0.04999999984165773,-6.372634499295944e-06,-8.579385478811939e-05,-0.0002462843629582816,-0.00029165117302909493,-1.8658151645922771e-07,-1.7991022886814224e-06,-2.3815153600964123e-05,-0.0017260544901975643
245,0.054830020860405095,0.04873907719345326,0.04999999998153057,-6.328557572496159e-06,-9.291074203280497e-05,-0.00024976736569217025,-0.0002997776900883764,-1.79852904125255e-07,-1.8708017121585072e-06,-2.6555697375056925e-05,-0.001703323673569743
246,0.05563277397283372,0.04881237637990993,0.04999999998389928,-6.281344342949134e-06,-0.0001002214610975472,-0.00025318670160226465,-0.0003077985893469304,-1.750622260487944e-07,-1.9420297447199663e-06,-2.958198489080526e-05,-0.0016799011126118714
247,0.056434188174682015,0.04888437090045317,0.04999999984787959,-6.2310432386752755e-06,-0.00010771303702834139,-0.00025653571761930573,-0.0003157095634378493,-1.7045547906491265e-07,-2.0125553292114847e-06,-3.292302063258663e-05,-0.001655815657769479
248,0.05723399023858492,0.048954709968665806,0.04999999957348589,-6.177695527434365e-06,-0.00011537241890723855,-0.00025980731933513286,-0.00032344440114684403,-1.6612098363566474e-07,-2.082146860524011e-06,-3.6610845528647874e-05,-0.0016310967861474371
249,0.05803191321578976,0.049023069986237906,0.04999999916165006,-6.121383037204352e-06,-0.0001231851853623775,-0.0002629947787276341,-0.00033097341656684875,-1.623913732373694e-07,-2.150575320616408e-06,-4.068088338431198e-05,-0.0016057745913641232
250,0.05882768778473657,0.04908914088297403,0.04999999861423817,-6.062159903324306e-06,-0.000131136962696012,-0.00026609064435541757,-0.00033825080026872456,-1.5933289887470892e-07,-2.2176106699711963e-06,-4.517232999933773e-05,-0.001579879721448749
251,0.05962106214214165,0.049152647975512886,0.04999999793406293,-6.000112311699624e-06,-0.00013921294262639954,-0.0002690883870496803,-0.0003452424716670066,-1.5711798084794282e-07,-2.28304418497383e-06,-5.012859886088956e-05,-0.0015534433897505789
252,0.06041177583714026,0.04921334819465861,0.04999999712489843,-5.935339472782387e-06,-0.00014739691828166224,-0.0002719814054309037,-0.00035194275551475585,-1.5541603204383136e-07,-2.3466589009862702e-06,-5.559783787951467e-05,-0.0015264973699005817
253,0.06119954906808241,0.0492710325996244,0.049999996191472,-5.867883787067024e-06,-0.00015567240021066315,-0.0002747635269571501,-0.00035828480031341314,-1.543044021445894e-07,-2.408265298175275e-06,-6.163350834514359e-05,-0.0014990739358368037
254,0.06198412610811996,0.04932554712882943,0.04999999513945479,-5.797842022195579e-06,-0.00016402258790303671,-0.00027742942527766756,-0.000364287116099149,-1.547919907807227e-07,-2.4677017979048817e-06,-6.829506043400697e-05,-0.0014712058390784681
255,0.06276523534657079,0.04937679384302053,0.049999993975430534,-5.72527799100464e-06,-0.00017242999014385911,-0.00027997392024534877,-0.00036994947004131973,-1.5437483114055794e-07,-2.5248097327434337e-06,-7.564871230168844e-05,-0.0014429263560511306
256,0.06354259077654134,0.04942470682695582,0.049999992706869285,-5.650304321921407e-06,-0.000180874108903919,-0.00028239267567496304,-0.0003752432530745864,-1.5470611458567873e-07,-2.5794571190287e-06,-8.37683351268021e-05,-0.0014142693180834486
257,0.06431590539535091,0.049469255842153594,0.04999999134210475,-5.573010792933281e-06,-0.00018933431458245334,-0.0002846820819947484,-0.0003801716084126383,-1.5525044716468983e-07,-2.6315337879787677e-06,-9.273648826635343e-05,-0.0013852690760592467
258,0.06508488259634072,0.049510449703720705,0.04999998989026643,-5.493485475874873e-06,-0.00019778868597700516,-0.00028683905957735205,-0.00038473642780445516,-1.5590912028073944e-07,-2.680953231268866e-06,-0.0001026456202182298,-0.0013559604821974534
259,0.06584922278665743,0.04954833116775058,0.04999998836122424,-5.411832133756814e-06,-0.0002062142832917789,-0.0002888615068458739,-0.00038893663440831006,-1.5638092065728415e-07,-2.727655008600207e-06,-0.00011359946647943674,-0.0013263788814502709
260,0.06660861409731923,0.04958297650569674,0.04999998676551664,-5.328147384469687e-06,-0.00021458646806384626,-0.000290746964955519,-0.0003927790967281908,-1.5659323082672927e-07,-2.7715729714943832e-06,-0.00012571466714577308,-0.0012965600476475105
261,0.06736274571446751,0.04961448592518666,0.04999998511426622,-5.242502526786519e-06,-0.00022288103824645786,-0.0002924946522055559,-0.0003962436749134213,-1.5737263936443924e-07,-2.812707830089388e-06,-0.00013912266251045206,-0.0012665400663589975
262,0.06811132191654207,0.04964299109317045,0.04999998341909143,-5.155009822267296e-06,-0.00023107382078086134,-0.0002941046682846524,-0.0003993679420091212,-1.5727637503459846e-07,-2.851075978466582e-06,-0.00015397195438916807,-0.0012363553615638016
263,0.06885400963031603,0.0496686440298309,0.04999998169198379,-5.065761889240987e-06,-0.00023913694679000144,-0.0002955775510981942,-0.0004021446220576763,-1.562229812179794e-07,-2.8867001324096225e-06,-0.0001704307459748437,-0.0012060426803787913
264,0.06959048223334377,0.04969159560699029,0.049999979945220485,-4.974874302253209e-06,-0.00024704265294725166,-0.0002969143631830027,-0.00040458934381604195,-1.55638645082945e-07,-2.919628078940877e-06,-0.00018869003983667593,-0.0011756389398940195
265,0.07032042775907421,0.049711995613334226,0.049999978191261396,-4.882439508076035e-06,-0.00025476486153414555,-0.0002981162223352325,-0.0004067029512953013,-1.545184744600192e-07,-2.949921635144858e-06,-0.0002089673219037587,-0.0011451811005932977
266,0.07104354211758034,0.04973000868020527,0.04999997644263105,-4.788565785814753e-06,-0.00026227713285399576,-0.0002991853818435016,-0.0004084952233824879,-1.5300163624942797e-07,-2.9776672139664903e-06,-0.00023151095658691638,-0.0011147060784755698
267,0.07175951570594133,0.0497457935719659,0.04999997471180909,-4.69335323376932e-06,-0.0002695531679251044,-0.0003001247861643809,-0.000409974018111825,-1.5089111116139975e-07,-3.00296892573719e-06,-0.0002566054649844358,-0.001084250646471708
268,0.07246804191360935,0.0497595097211444,0.049999973011088536,-4.596897829594908e-06,-0.0002765671091817731,-0.00030093751570317334,-0.0004111461457796395,-1.4853263508030068e-07,-3.025941218193268e-06,-0.00028457783060863764,-0.0010538513004911567
269,0.07316883123136252,0.0497713100893465,0.04999997135246874,-4.499305911780517e-06,-0.0002832947165888835,-0.0003016274194162533,-0.0004120197263546288,-1.4584412610929576e-07,-3.046716723112148e-06,-0.0003158051221077562,-0.0010235441356380576
270,0.07386159480613141,0.0497813411018315,0.04999996974753584,-4.400670870176294e-06,-0.0002897122876788747,-0.00030219826013820313,-0.0004126141720917076,-1.425673161747909e-07,-3.065433779525925e-06,-0.0003507237246870271,-0.000993364722831572
271,0.07454606922827071,0.049789738479811496,0.04999996820736513,-4.301111749599489e-06,-0.00029579816521003104,-0.0003026543619926827,-0.00041293949470855296,-1.3906584683809342e-07,-3.0822357206558956e-06,-0.0003898405751464951,-0.0009633479650703464
272,0.0752219887304181,0.04979662979073037,0.0499999667424276,-4.200713451576719e-06,-0.00030153241036171143,-0.00030300053915833657,-0.00041297945426777005,-1.355836047878256e-07,-3.0972795232464543e-06,-0.00043374692933286196,-0.0009335279776979032
273,0.07588910947670993,0.04980213343262402,0.04999996536246545,-4.099578360429622e-06,-0.00030689676473156813,-0.00030324170327373015,-0.0004127672000322491,-1.315470257168272e-07,-3.110730389136484e-06,-0.00048313531180254205,-0.0009039379662304098
274,0.07654720262776095,0.04980636325734844,0.049999964076417026,-3.997807374012722e-06,-0.00031187567108788186,-0.000303383435559477,-0.00041229589260183275,-1.2703154084192647e-07,-3.122756829242087e-06,-0.0005388205395128512,-0.0008746101232780881
275,0.07719604281349295,0.04980942452694377,0.04999996289232577,-3.89549547016471e-06,-0.0003164542577583697,-0.0003034307553522907,-0.0004115886113140732,-1.2251766179360857e-07,-3.133522402159327e-06,-0.000601765857157407,-0.000845575516724748
276,0.077835436833366,0.04981141309309106,0.04999996181729221,-3.7927524766071527e-06,-0.00032062139460968536,-0.0003033892998754331,-0.00041065309778787196,-1.1777790831501989e-07,-3.143197487199863e-06,-0.0006731157478284144,-0.0008168639701073356
277,0.07846519987810817,0.049812417645360534,0.049999960857434717,-3.689674714740847e-06,-0.00032436797686109776,-0.0003032649576512577,-0.0004094888863619417,-1.128914846049156e-07,-3.1519518621442867e-06,-0.0007542374453442764,-0.0007885039874641665
278,0.07908516091225412,0.04981252282728728,0.04999996001782377,-3.586362435975485e-06,-0.0003276870508879589,-0.0003030633629161594,-0.0004081122751813382,-1.0794047966555809e-07,-3.159949769168938e-06,-0.0008467736984029957,-0.000760522673834967
279,0.07969517046273178,0.04981180936727583,0.04999995930246462,-3.4829162853642223e-06,-0.0003305741176964222,-0.00030279042465589367,-0.0004065323737449944,-1.0283752516215827e-07,-3.167359041634916e-06,-0.0009527105204313075,-0.0007329456575815301
280,0.08029508696979248,0.04981035398216127,0.04999995871425701,-3.3794153229493525e-06,-0.00033302739006821173,-0.00030245193315630334,-0.0004047432157676667,-9.792794486429557e-08,-3.1743343097740137e-06,-0.0010744647982833292,-0.0007057970338192211
281,0.08088480968964024,0.04980824079203566,0.04999995825502959,-3.275999342063476e-06,-0.0003350470286872676,-0.0003020537867293922,-0.00040279226959683,-9.24441962979472e-08,-3.181035279154552e-06,-0.0012149987832512975,-0.0006790993515081003
282,0.081464216922636,0.04980554106581897,0.049999957925564845,-3.1727493128023637e-06,-0.00033663395293636185,-0.00030160166171684465,-0.0004006463277619332,-8.781095317544896e-08,-3.1876008169266818e-06,-0.00137797101662417,-0.0006528735511047735
283,0.0820332304249511,0.04980232345973057,0.04999995772560509,-3.069773299153836e-06,-0.00033779334736437785,-0.00030110113038119566,-0.0003983450587838888,-8.27720896268147e-08,-3.1941792211125382e-06,-0.0015679373327100678,-0.0006271389023480962
284,0.08259178989653418,0.04979866441533788,0.04999995765387946,-2.96716127205583e-06,-0.0003385334122368462,-0.0002864712379282053,-0.00039587789797224104,-7.79639819370459e-08,-3.2009065604781516e-06,-0.0017906220393151496,-0.0006019130347310049
285,0.08331156332283796,0.049953677479447775,0.049999957708133404,-3.0116976742649385e-06,-0.0003311347048197251,-0.0002434800916263193,-0.0005199526785872877,-2.881936961784959e-05,-2.7904719124176452e-06,-0.0019897683466081977,-0.0005782062258420944
286,0.08453384349610754,0.04937640251837099,0.04999997130057679,-3.3996822602317514e-06,-0.0003076822697434229,-0.00022895498129183174,-0.002049146918579936,-0.0007949379505589604,-2.467247560016361e-06,-0.002134092636092122,-0.0005557055427205046
287,0.08549503854560596,0.04769110511466296,0.04999998944894066,-3.0555857968806815e-06,-0.0003163490318107402,-0.00021849858628953094,-0.004305786453187466,-0.0005876270006410778,-2.225370559629877e-06,-0.0022363267959804953,-0.0005335833051595767
288,0.08623851373048834,0.046321434485519584,0.04999999939767052,-2.4657283186274206e-06,-0.000324253498970862,-0.0002118018181254906,-0.005661020986735821,-0.00021013375953771174,-1.5934000294719738e-06,-0.0023017755725644857,-0.0005116841567317041
289,0.08685248976764104,0.04575977462302818,0.049999996933279243,-1.8747595889999192e-06,-0.0003331173776336296,-0.00020826869847333546,-0.005608890205621719,-3.9214533899212256e-05,-1.0441210273402589e-06,-0.0023374218293579674,-0.0004898071506489612
290,0.08739347247584199,0.04556526374295404,0.04999998241087342,-1.3319209267605848e-06,-0.0003453023554815975,-0.0002063823437519018,-0.004964784253388643,-5.3671508794650435e-05,-1.0424738652726497e-06,-0.002339736180197505,-0.000467854159802347
291,0.08789245711225194,0.045621677179719766,0.04999995796080849,-8.743813789743693e-07,-0.00036202210009545095,-0.0002045222296301006,-0.004106354899704456,-9.154686267720535e-05,-1.1993654179242194e-06,-0.0023155069430243805,-0.0004457112708096813
292,0.08835211695351802,0.045764402109971195,0.04999992657156249,-5.126552613100852e-07,-0.00038261637235320194,-0.00020363029843734244,-0.0032963305711746216,-0.00010771155211841688,-1.3809198465724494e-06,-0.00227055817518928,-0.00042336129523713305
293,0.08875760864799999,0.04591881643744437,0.04999989158157892,-2.501666818143352e-07,-0.0004052301439230789,-0.0002142925382141477,-0.0026509335730224848,-0.00010114987526321784,-2.470336978477751e-06,-0.0022025179075423366,-0.000400794972247906
294,0.08905729355598917,0.04610675667405628,0.049999861998221824,-8.317720684323613e-08,-0.00042894788429235733,-0.0002299724134335195,-0.0020333833526819944,-0.00017628523346502334,-3.8870985826069454e-06,-0.0021131870826678312,-0.0003782013422738615
295,0.08930696806093251,0.04593608278379287,0.049999844735191465,-1.6036610210447968e-08,-0.0004428714115227991,-0.00025172402777414,-0.0018785579595714808,-7.573389302706346e-05,-5.905819589712471e-06,-0.0020069852138489314,-0.0003558330801846195
296,0.08953469528765462,0.04546283940495003,0.04999984172772419,-2.5425214568168313e-10,-0.0004511534562847445,-0.00027980234773451073,-0.001817074604332447,-3.345277582411654e-05,-8.631965496755026e-06,-0.0018864638932750014,-0.0003339874097390206
297,0.08974204275262912,0.04477642417809016,0.04999985248770352,-7.878877604860271e-10,-0.0004439255941288515,-0.00031634818430096076,-0.001913119456730783,-6.410202331608161e-05,-1.1978532005133377e-05,-0.0017534280078679656,-0.00031309624434887003
298,0.0899312700683878,0.04401637759712784,0.04999987451364787,-7.476685270624803e-14,-0.0004177154267978763,-0.0003643289988481,-0.0022553144954144955,-0.00010674561053747311,-1.6795128287902756e-05,-0.0016091571928115622,-0.0002935687009899997
299,0.09011599348303273,0.043297871999035946,0.04999990393205095,-1.0094385561372657e-08,-0.00037687129189621204,-0.00042632613373816576,-0.0028186512645334005,-0.00012318235530983657,-2.3350983796822922e-05,-0.001455096490525291,-0.00027567739736099106
300,0.09031274129165265,0.042680550867289134,0.04999993609607433,-7.036444997736071e-08,-0.0003300970911990305,-0.00024614268379407993,-0.0033417530357837677,-0.0001061961884261109,-1.3078143463819923e-05,-0.0013298428579282826,-0.00026013141226840494
301,0.09092054123572592,0.040895316527503486,0.04999995396794691,-2.7236738104443283e-07,-0.0002585031126995739,-0.0001421772207438494,-0.0029256255365908146,-0.00020886145648546517,-7.917564898139771e-06,-0.0012002783647113923,-0.00024608760393844974
302,0.09147926388889126,0.03988418084916958,0.04999994952971508,-4.293873531940025e-07,-0.00021981810754386692,-0.00011499031013441138,-0.002013260032981634,-0.00043582727084867656,-5.557885804525038e-06,-0.001112565856779364,-0.00023387123826262808
303,0.09174594724093724,0.03972197651821166,0.04999993160785317,-4.144604576089594e-07,-0.00018691093914496347,-0.0001355089961688624,-0.002315058372914791,-0.00019565211550798267,-8.65272822721231e-06,-0.001029854067376072,-0.00022288546250061054
304,0.09179083700211202,0.04067113608366715,0.04999991543121503,-3.253247843085672e-07,-0.00016873638544591773,-0.00016606708121278305,-0.0020794484298676252,-0.00023009107098914683,-1.3163963517514007e-05,-0.0009451384612031935,-0.00021288882290222268
305,0.09184923705392044,0.040980917511965566,0.04999990882254428,-2.94096284936958e-07,-0.00015944099555871184,-0.00020455425742315969,-0.0021771681495010853,-1.229787631018553e-05,-1.8687583375367256e-05,-0.0008598304702693428,-0.00020381512711413038
306,0.09190816764657256,0.04118810526374201,0.04999991258753413,-2.669598381239908e-07,-0.00015490881716822004,-0.00021323975656819722,-0.0023462818935513496,-7.993418694240972e-05,-2.0197045868736343e-05,-0.0007764562774883343,-0.00019557093660307808
307,0.09211421793858059,0.04079511355871551,0.0499999255169498,-3.4038115290709307e-07,-0.00015391759730069545,-0.00011902776048472838,-0.002244446659460664,-6.708865839755163e-05,-1.1237854082300727e-05,-0.0007079248527293181,-0.00018845199375945175
308,0.09260278646446324,0.03936596079531994,0.04999992178718657,-5.383924133390309e-07,-0.0001366777018295415,-9.238907777890705e-05,-0.002577807754278183,-0.00011273413110757247,-9.881657542587915e-06,-0.0006538658352976279,-0.0001824819676213503
309,0.09293778967577769,0.0395817289124151,0.049999901574366894,-5.620742040320119e-07,-0.00012974862294755826,-0.00011464992832024407,-0.001914505148306489,-0.00016728318587411195,-1.579459327070213e-05,-0.0006021666169168386,-0.0001771741000988435
310,0.09305313867562799,0.040510779999220536,0.049999880983636384,-4.433173310006365e-07,-0.00013152467055866482,-0.00014542200377590776,-0.0021291745360940695,-0.00019310900825075805,-2.2609493217488237e-05,-0.0005482476902990391,-0.00017245399415387997
311,0.09310802581520884,0.04120168247090694,0.04999987243461644,-3.5299874946418196e-07,-0.00013630828340416323,-0.00019062439786317993,-0.0025133886374533176,-7.150386954890564e-05,-3.421546446786642e-05,-0.0004928620111625291,-0.00016838575408554667
312,0.0932210314642147,0.04132036453892982,0.04999987653183566,-3.5973869779822135e-07,-0.00014741169958630172,-0.00013850103812917795,-0.00220867688767612,-8.402728417422622e-05,-2.869214973433231e-05,-0.00044480775737143203,-0.00016514113518480145
313,0.09360075755461651,0.0402287518179751,0.0499998781697262,-5.005457489539812e-07,-0.0001477603869413675,-0.0001317748834792321,-0.0024772665929049253,-0.00020671755191870034,-4.110199629485722e-05,-0.0003964972372842983,-0.00016249160903823446
314,0.09389891474984245,0.04041423824768344,0.04999986719643729,-5.551578988937227e-07,-0.00015079681261109048,-0.0001269612973841886,-0.00178069609683007,-9.961810428649187e-05,-4.807120916705205e-05,-0.000353135401022016,-0.00016050967839673774
315,0.09417557277321847,0.04028022996691988,0.049999853845568966,-5.979335856783551e-07,-0.000150360448556867,-0.00012284355946553724,-0.002077961340546608,-4.150309177930467e-05,-3.842007540437023e-05,-0.0003089344261574272,-0.00015896922617552277
316,0.09445463181628909,0.040316058620302214,0.04999984228371113,-6.194893066010398e-07,-0.00015431426966862447,-0.0001390018698569677,-0.0020697969011962414,-3.326807245684904e-06,-6.526278416652916e-05,-0.0002690740606275391,-0.0001579140141740828
317,0.0946773606380839,0.04065611486900257,0.049999835215190136,-6.045680711267308e-07,-0.00016001805982552068,-0.0001348689157663424,-0.0019836523570120335,-1.304888428421691e-05,-8.065788162383517e-05,-0.00023136518367307702,-0.0001572926702047886
318,0.0949495848416859,0.04049534767487183,0.04999982337403263,-6.505760304135578e-07,-0.00016375334349524406,-0.00013285389724567454,-0.002079408848658204,-1.4680052117910236e-05,-9.190104369700551e-05,-0.0001958792693573515,-0.00015705112399326597
319,0.09523516778036949,0.04057994578928269,0.04999980934655556,-6.667106917561992e-07,-0.00016852080068338246,-0.00013184387768438356,-0.0019582847598940134,-4.745941168948775e-06,-0.00010033014410742911,-0.00016311404631077575,-0.00015711803155498474
320,0.09551134631420899,0.04071151667100678,0.04999979377383737,-6.73878133393026e-07,-0.00017158585799822981,-0.00012975360005683137,-0.001974165905267,-7.139055355764867e-07,-5.6811583675026004e-05,-0.00013126968846835673,-0.00015743177923563184
321,0.09578749439184053,0.040916933403757905,0.049999781119608344,-6.676675556079936e-07,-0.0001751441851414621,-0.00013404109295208925,-0.0019683882128447294,-1.0683115760912187e-06,-0.00010306672932755281,-0.00010524400272533387,-0.00015802631682888644
322,0.096041902073842,0.04124281881808869,0.04999976801565854,-6.361096114502514e-07,-0.00017959725118990946,-0.00013543938428728995,-0.0019053680589422584,-1.999261030505295e-06,-0.00011058489247919941,-8.39118753595773e-05,-0.00015888078820622316
323,0.09629777877648615,0.04142425249458824,0.04999975133989559,-6.211894089067765e-07,-0.0001823782823192503,-0.00013521966689834187,-0.0019138961797580123,-1.5839704019526835e-06,-5.677397974255073e-05,-6.238066659301788e-05,-0.00015989263260998587
324,0.09655855654380831,0.04163243097781025,0.04999973877241493,-5.977412651815321e-07,-0.0001854248356658059,-0.00013590877837126145,-0.0018795978976413608,-1.0969617960654432e-06,-5.59779089173274e-05,-4.5469897537636614e-05,-0.0001610928542904363
325,0.09681172035899395,0.04188341432292312,0.049999725508993856,-5.662440069050126e-07,-0.0001880274281883845,-0.00013741769678489522,-0.0018464577151462436,-5.31063278685906e-07,-5.64712049907042e-05,-3.147768953075629e-05,-0.00016243036249484317
326,0.09705544466354518,0.04213974088825899,0.04999971218076845,-5.311940667627539e-07,-0.0001901672961304744,-0.00015436782549715247,-0.0018179620383307338,-6.549643671860395e-07,-0.00011578654594204977,-2.0195504540339794e-05,-0.00016388788553054335
327,0.09725985676961152,0.04249265117835713,0.04999970698173254,-4.845979781677128e-07,-0.0001943428471049836,-0.0001255357727024845,-0.0017312009586021304,-1.1527150491019711e-05,-4.979710140056418e-05,-1.2193694099553085e-05,-0.0001655092699097378
328,0.09757254594567946,0.04258601341831824,0.04999969180440849,-4.6098769647622575e-07,-0.0002059820710785761,-0.0001359112936481155,-0.0019597220234572887,-9.869783389149234e-05,-7.48678721084391e-05,-6.766021693884922e-06,-0.00016715721082524466
329,0.09780818683300838,0.042861376015644506,0.04999967237530839,-4.2894107444344425e-07,-0.00021167137207821218,-0.00013935188787259997,-0.0016793583054095507,-4.200793773634359e-05,-1.2633219392066498e-05,-3.2778211815798367e-06,-0.00016876089312883253
330,0.09800457416910675,0.04351337734008595,0.049999657976528764,-3.312570608078273e-07,-0.00022067554298381265,-0.00014278528160645873,-0.0017066592117771506,-2.0438124920474365e-05,-1.054413019835093e-05,-1.2347948605060255e-06,-0.0001705133622710641
331,0.09819589563167253,0.04381865521194678,0.04999964767206097,-2.828073238964831e-07,-0.00022342537217701376,-0.00014532119431281168,-0.0015284739201888442,-2.635477540025022e-05,-7.275772886951661e-06,-1.8623469403156185e-07,-0.0001725367234801567
332,0.09837097029985854,0.04414243767562853,0.04999964118943172,-2.574877600955024e-07,-0.00022254999965907313,-0.00013859499572062636,-0.0014870016602799296,-4.0384853491559625e-05,-4.433352469015368e-05,-7.56285598347657e-09,-0.00017481691104229586
333,0.09857466977265536,0.044406727532340234,0.04999963436467533,-2.1963583052983535e-07,-0.0002280835964211112,-0.00012957806788343977,-0.0014711380936205387,-1.2128114576626103e-05,-8.260616799194518e-06,-3.9002281466181647e-07,-0.00017712393407742788
334,0.09877640689621325,0.044874515804498194,0.049999620759011404,-1.6895194056743815e-07,-0.00023414670976951353,-0.00014025429922326748,-0.0014003331307321787,-7.200079835456563e-06,-1.9397517786811444e-05,-1.2656633421328296e-06,-0.00017940082872186665
335,0.09891106397344951,0.04551363290080146,0.049999611908348875,-1.2064846609031857e-07,-0.00023345713251329654,-0.00014697490610605522,-0.0012353708734735847,-3.0341760066221468e-05,-4.831346496808419e-07,-2.712043789179537e-06,-0.00018174046317358586
336,0.09903606308368457,0.04591868085373693,0.04999961267261688,-9.474285141867086e-08,-0.00023348786540817123,-0.00013871733189906897,-0.0012811229098588228,-6.941108040336985e-06,-1.871102311986093e-06,-3.9736219545162185e-06,-0.0001842627953172969
337,0.09919141554782102,0.04632912392856901,0.04999961177617582,-6.648721500467151e-08,-0.00024227456332587263,-0.00013686027582440982,-0.001273438916541636,-2.73632012977032e-05,-3.380565670002129e-07,-5.200578318317352e-06,-0.00018680872989682183
338,0.0993223890968797,0.046901526107815596,0.0499996082362309,-3.7083831819191926e-08,-0.000249164241355404,-0.00014071716086983617,-0.0011197683634236455,-7.908137376944069e-06,-4.990410093323534e-07,-6.287829502930206e-06,-0.00018935035079757135
339,0.09941689345193915,0.047434974608017766,0.04999960652787977,-1.891564566017432e-08,-0.0002501256732230911,-0.00015118313122253768,-0.0010611031902953982,-5.208629318076419e-06,-2.411273919485782e-06,-7.950213871069556e-06,-0.00019194180890362008
340,0.09948358524562663,0.047822994560640396,0.04999961535690448,-1.0630327749724906e-08,-0.0002471820287330179,-0.0001505596973379222,-0.0009995944565162063,-6.238076366571477e-06,-4.743652660220697e-07,-9.265764430008438e-06,-0.00019471111493415922
341,0.09956669638621585,0.04806281290654893,0.0499996254442891,-5.904950019704914e-09,-0.00024912735709902236,-0.00015333385368501243,-0.0010491544380784035,-2.113194568664767e-05,-7.794328359538289e-07,-1.0693659518170405e-05,-0.00019753811864205693
342,0.09962902014711598,0.04834954455590826,0.04999963373954289,-1.475547184039411e-09,-0.0002525725353826077,-0.00015736796234409623,-0.0009378267568536103,-5.037662049289793e-06,-9.27402940754327e-07,-1.2217802548717363e-05,-0.00020034903402847486
343,0.0996660785594524,0.048600995938235296,0.049999642805129314,-1.732027607910354e-11,-0.0002534722223426883,-0.00016234994469454793,-0.0009323102422058582,-3.715445870966505e-07,-9.662199303835605e-07,-1.3917248116748849e-05,-0.00020317681495365012
344,0.0996813937201968,0.04882894922046396,0.04999965369566768,-7.637769060783205e-10,-0.0002548933756743824,-0.00017198439801181602,-0.000899485603440553,-7.977492941790842e-07,-2.5903428952124743e-06,-1.64306990548102e-05,-0.00020599713701006098
345,0.09966688821310538,0.04901479573423297,0.04999966846127135,-2.6363336655038417e-09,-0.000254954678945739,-0.0001758801194375658,-0.0008567751501686871,-3.6227422697265865e-06,-7.067078374571029e-07,-1.8397205510362275e-05,-0.00020894642808593216
346,0.0996466912790674,0.04912093098939314,0.04999968600893723,-4.5293129686348175e-09,-0.00025816570408078004,-0.0001856788346186134,-0.000900052662473172,-6.182502147566993e-06,-2.432327473023039e-06,-2.1708868227554155e-05,-0.0002118531035676261
347,0.09959308067633856,0.049236707150560825,0.049999705015301196,-7.150778751437819e-09,-0.0002622362181407105,-0.00018945006354435538,-0.0008119586273096502,-5.119698926137062e-06,-6.350439515518845e-07,-2.433160312980487e-05,-0.00021486217067037068
348,0.09952896183865746,0.049286709656277065,0.04999972531359888,-8.977380599575483e-09,-0.000267634845226932,-0.00019499095237431534,-0.0008673336706124246,-4.745360911329044e-06,-7.71062403312317e-07,-2.7719040016881217e-05,-0.00021786253515647088
349,0.09943728840017069,0.04936574261392115,0.04999974439583675,-1.2643021423502249e-08,-0.00027566678702457885,-0.00020641522142462855,-0.0007929509738460183,-2.827167236318928e-06,-2.3824166264574798e-06,-3.231671820691281e-05,-0.00022081340639098433
350,0.0993044383455766,0.049414879815245116,0.04999976795146552,-1.433710234304247e-08,-0.00027876633611596113,-0.00021129939606277087,-0.0007630868349224329,-5.776517355116084e-06,-4.897663421160581e-07,-3.6886565571761217e-05,-0.00022389252428067793
351,0.09916876093021723,0.04943137782116248,0.04999979098240581,-1.4022926417701823e-08,-0.0002863245059835911,-0.00021805458195484396,-0.000801851216237992,-5.753447112510912e-06,-6.842541051947841e-07,-4.1931770412970495e-05,-0.0002270478904788007
352,0.09900138745683774,0.04947244666090045,0.04999981103367926,-1.6705513463179676e-08,-0.000296023897817138,-0.00022545057318551043,-0.0007251724018715322,-4.199313025310403e-06,-7.782183356199893e-07,-4.747286507007092e-05,-0.00023026831974229086
353,0.09880532633321812,0.04950490170342146,0.04999983009258597,-1.950148421080405e-08,-0.00030316939256240115,-0.00023355093218651189,-0.0007245322922244668,-3.383158571068634e-07,-8.104289640607747e-07,-5.366356973497745e-05,-0.00023358871899257336
354,0.09858328826706358,0.04953818971739845,0.0499998489784337,-2.2259955085828e-08,-0.00031048664454261677,-0.0002463891081656025,-0.0006999389734119177,-1.2987950412934879e-06,-2.1825409441068995e-06,-6.17357662289258e-05,-0.00023696915508757789
355,0.09832947216153932,0.04956333688111543,0.04999986897937028,-2.2863591729252858e-08,-0.00031550149653532294,-0.00025380284648948264,-0.0006690549780614674,-3.685985575430095e-06,-6.305012771439544e-07,-6.918370194206928e-05,-0.00024063537252489456
356,0.09805834211729843,0.04953719201069556,0.04999988917777409,-2.152156000773736e-08,-0.0003218652794199396,-0.000272452899832477,-0.0006909521762281656,-2.6067191356560215e-06,-1.4139289697685728e-06,-7.965168131122573e-05,-0.00024435530359571023
357,0.09774427049811646,0.04953727419626444,0.04999991078515936,-1.842191185109783e-08,-0.00032601699601523274,-0.00027843994824723427,-0.0006195168825797737,-1.0820333955052774e-05,-4.5409385898646143e-07,-9.065302753031356e-05,-0.00024832831200730245
358,0.0974198779292734,0.049425545159523215,0.04999993036301566,-1.309505462667347e-08,-0.00033119195163442035,-0.0002877110077246859,-0.0006849272176623344,-8.888042430044152e-06,-6.460262124564262e-07,-0.00010276249977254331,-0.00025251935265713
359,0.0970616552881307,0.0493914140572205,0.049999946152199944,-1.1616900288919585e-08,-0.00034008257065686233,-0.0002989050553283653,-0.0006073342519812286,-9.166493327938952e-06,-7.549063312103637e-07,-0.00011619078564749037,-0.00025689075558759473
360,0.0966772268852184,0.04936914015421984,0.049999959581617785,-1.0013912716398753e-08,-0.0003434053138457262,-0.00031185735197193686,-0.0006094988202676177,-3.1469963346353325e-07,-8.257146009480808e-07,-0.00013130214272257822,-0.0002614590966151289
361,0.09626708557734448,0.0493675474902988,0.04999997068900439,-8.848261014828385e-09,-0.0003461526438791152,-0.00032554070327117033,-0.0005973533261567354,-1.465004970668815e-06,-8.683379500322179e-07,-0.00014836806875397025,-0.0002662443040804214
362,0.0958322047403824,0.04936465936995283,0.049999979566747725,-8.213922750602619e-09,-0.00034744159197997674,-0.0003394695965235177,-0.0005957120447419584,-9.248274182027671e-07,-8.961765985733052e-07,-0.0001677188960890014,-0.00027125883693265867
363,0.09537285468828066,0.04935861589040621,0.04999998643453934,-8.212289734131734e-09,-0.0003478876645081763,-0.0003533896102922197,-0.000596304947976023,-6.383966137946118e-07,-9.140654799719322e-07,-0.00018973777362863768,-0.0002765174150136956
364,0.09489024839047056,0.0493487614203817,0.04999999157574307,-8.879057396526771e-09,-0.0003476780286319134,-0.00036721085004804007,-0.000597966427449137,-4.839106395593262e-07,-9.268856383984628e-07,-0.00021488179075605728,-0.00028203720368165803
365,0.09438555259227431,0.04933551665208574,0.049999995267400815,-1.0238560839642643e-08,-0.00034684882457288726,-0.0003808793462103535,-0.0005998042761348188,-4.1173362319568696e-07,-9.368022445024002e-07,-0.00024369883232847698,-0.00028783651123888155
366,0.09385979359757418,0.049319654513520016,0.049999997754140255,-1.2348456388013755e-08,-0.00034537959332989996,-0.0003943717714687781,-0.0006016197148710489,-3.6108477274865436e-07,-9.448918032596281e-07,-0.000276854448824203,-0.00029393297792964607
367,0.09331396817537377,0.04930171965934044,0.049999999246097354,-1.5308096437737953e-08,-0.00034324775756858065,-0.0004076786305584641,-0.0006029820651747286,-3.22259893437149e-07,-9.517209341001189e-07,-0.0003151648136704385,-0.00030034206235792844
368,0.09274903693603616,0.04928209854963644,0.04999999992115078,-1.9233024960691817e-08,-0.00034042052209491013,-0.0004207982430688146,-0.0006036999984644353,-2.910854561832821e-07,-9.57586028265034e-07,-0.0003596396419303495,-0.0003070761432602256
369,0.09216594169768823,0.04926106171384091,0.049999999928588,-2.4241829235100746e-08,-0.0003368703203594103,-0.0004337322338909714,-0.0006037557031959295,-2.6607230552144756e-07,-9.626312897720127e-07,-0.00041153948064009786,-0.00031414409206096815
370,0.09156559562910892,0.049238800072912606,0.04999999939318336,-3.044803410013655e-08,-0.0003325836005929652,-0.00044648386537057724,-0.0006031077937223017,-2.468594573201699e-07,-9.669310769781014e-07,-0.00047245325995882797,-0.00032155110317218455
371,0.09094890274277218,0.049215434698336454,0.049999998419071115,-3.795134838185586e-08,-0.0003275568986205869,-0.00045897412664326533,-0.0006017948617227376,-2.317404579343929e-07,-9.67652855631378e-07,-0.0005444318499089575,-0.00032929856462678224
372,0.09031737308393294,0.04919018846242471,0.0499999970841879,-4.68594643036992e-08,-0.0003218069543409167,-0.00047141589417971496,-0.0005996177205815911,-2.2029075807949994e-07,-9.699753904617218e-07,-0.0006300544838630079,-0.00033738473390912773
373,0.08967054904824107,0.04916472017701502,0.049999995452850485,-5.698566417873061e-08,-0.0003153249458089601,-0.0004837398874577562,-0.0005964352749288082,-2.2148040557112836e-07,-9.725019884540448e-07,-0.0007327589715750468,-0.0003458034424187927
374,0.08900989761781877,0.04913850167507105,0.04999999359642031,-6.852441829234026e-08,-0.00030811479334197757,-0.0004959249985908934,-0.0005932719795964658,-2.1871657907013287e-07,-9.75923302323941e-07,-0.0008570283875699238,-0.00035454489440233256
375,0.08833615327180402,0.049111496468158135,0.049999991581337055,-8.156133646101199e-08,-0.00030024786283088423,-0.0005079465503931765,-0.0005899198004044592,-1.9872477707849612e-07,-9.503713454922356e-07,-0.0010089692825443846,-0.00036359573177408195
376,0.08765023421169744,0.049083486116340766,0.049999989454346014,-9.573563612632347e-08,-0.00029169757394970763,-0.0005197301117918542,-0.0005870904424227774,-1.9273461759894417e-07,-9.922896592339233e-07,-0.0011968738242399976,-0.0003729429209340401
377,0.08695467687701741,0.049056540532274207,0.049999987246341075,-1.1233986209651367e-07,-0.00028281855324780716,-0.0005313634222249337,-0.0005796700133942068,-2.1030847108249873e-07,-9.7834497865664e-07,-0.0014320235036575887,-0.00038257219701617494
378,0.08624695149346354,0.04902667396617183,0.04999998498274254,-1.2992923290316126e-07,-0.00027346560919446904,-0.0005428577164091238,-0.0005776469479314983,-2.35386551139527e-07,-9.737602284110586e-07,-0.0017311916196992212,-0.00039245682770367937
379,0.08553018630429281,0.04899383639820269,0.04999998268459028,-1.4902628228445994e-07,-0.0002636419182083138,-0.000554231499931161,-0.0005718457396142185,-2.6714928935689386e-07,-9.692315493600512e-07,-0.0021183765634392314,-0.0004025789454860276
380,0.08480575003600266,0.04896036790263153,0.04999998037037492,-1.6901918710786576e-07,-0.00025329247372415123,-0.0005658587841291345,-0.000566053029615432,-1.8083503050547733e-07,-9.634417276065059e-07,-0.0026300043675581033,-0.000412913518753719
381,0.08407651282470491,0.04892719146934645,0.04999997806058327,-1.8931277043704815e-07,-0.00024226570975648335,-0.0005741368580924991,-0.0005195229896344244,-5.863020123797469e-05,-9.65294803192366e-07,-0.0033213956086296246,-0.0004233261766700947
382,0.08331518851044062,0.048905129608320365,0.04999997584028221,-1.9954779310963605e-07,-0.00022405362863213841,-0.0005825279593488029,-0.000584075809456408,-1.4871292478346732e-05,-9.815382985754529e-07,-0.004279904583083615,-0.0004336962993236518
383,0.08256972134595247,0.04885742668536903,0.0499999738399332,-2.0644889669747074e-07,-0.00020311451211499755,-0.0005911980450121326,-0.0005374869797378778,-1.052831703418633e-05,-9.84971347541458e-07,-0.005654797350821666,-0.00044397901934984605
384,0.08183727930809165,0.048855068444090745,0.04999997213408867,-2.0858289264496772e-07,-0.00017982582769761592,-0.0006022050473824788,-0.0005471752374432981,-6.113555718911812e-05,-9.702887324430082e-07,-0.0077156378925134,-0.0004542428327646503
385,0.08107849534262018,0.04880865013796834,0.04999997057302909,-2.3332304476032955e-07,-0.00017168631673570385,-0.0006129627297276462,-0.000544165086466819,-1.662389195189462e-07,-9.561799194614667e-07,-0.01098084688452658,-0.00046459332889745177
386,0.08031522222636706,0.04875758375139609,0.04999996899189829,-2.5854019742638634e-07,-0.00016345269717879795,-0.0006235257844781671,-0.0005367500125430524,-2.945647281649144e-07,-9.390778364698544e-07,-0.01652274912475172,-0.0004750065631393341
387,0.0795487647455129,0.04870396812380745,0.04999996734042128,-2.832201840610818e-07,-0.00015487085999757517,-0.0006340703215644577,-0.0005306200473569334,-3.265149075559748e-07,-9.223032235555185e-07,-0.026794439325270425,-0.00048545404542083866
388,0.07877897021854294,0.04864802365781162,0.04999996560855165,-3.068922315231032e-07,-0.00014599106955812097,-0.0006446829230976308,-0.0005220157909207046,-3.175095173446607e-07,-9.052438933842802e-07,-0.04799502854277193,-0.0004959055677822545
389,0.07800668314534326,0.048590891653007895,0.04999996382545513,-3.2936213507216736e-07,-0.00013689109483278576,-0.0006553964430969253,-0.0005144152673892677,-2.5892236976687855e-07,-8.942549847847124e-07,-0.09636988902473687,-0.0005063322038350287
390,0.07723135193931843,0.04853330486860378,0.04999996208896367,-3.5080270684275963e-07,-0.00012775030701928696,-0.0006659856278472167,-0.0005073559004813433,-2.323526615555238e-07,-8.767858352921053e-07,-0.20330275094981412,-0.000516705616627228
391,0.07645533148870437,0.04847286119110417,0.04999996042506099,-3.7181617026497804e-07,-0.00011867437166645924,-0.0006764675757245858,-0.0005008703446947038,-2.0999947025757137e-07,-8.581072322706467e-07,-0.14953357205591747,-0.0005269988486211318
392,0.07567883087930526,0.04841022994155103,0.049999958830114204,-3.9212507402681926e-07,-0.00010976193842102041,-0.0006869308199687709,-0.0004944125539623201,-2.0548391432839708e-07,-8.393693701932662e-07,-0.07421202947082733,-0.0005371878561495256
393,0.07490183090547967,0.048347126588160316,0.04999995731708296,-4.115149713739983e-07,-0.000101073866967266,-0.0006971458811547019,-0.00048811137094162405,-2.0515032872481243e-07,-8.179021905352272e-07,-0.041035734379141174,-0.0005472482480061025
394,0.07412655783279538,0.04828061769304571,0.04999995589311086,-4.301857579654311e-07,-9.264635017453991e-05,-0.0007070115693822848,-0.00048213006812147796,-2.0695095770406624e-07,-7.821453229047972e-07,-0.02542073960294693,-0.0005571571318720877
395,0.07335427179688385,0.04820793930541568,0.04999995440661144,-4.4740114309592686e-07,-8.452154469616832e-05,-0.000717076717820025,-0.0004760285373777151,-2.461399617459392e-07,-7.511324655972219e-07,-0.01719567522235623,-0.0005668932165806298
396,0.07258166697295819,0.04813654978540132,0.04999995281417854,-4.6157128179796185e-07,-7.671626655096717e-05,-0.0007273104301809396,-0.00046967549133114517,-2.748091105786443e-07,-7.292698144505927e-07,-0.01241460292587115,-0.0005764338998965038
397,0.07180972139053952,0.048067265579702284,0.04999995128012866,-4.732776123906557e-07,-6.922160086027956e-05,-0.0007373198567771968,-0.0004641509149223566,-2.514435379907809e-07,-6.960514700215719e-07,-0.009410852331034938,-0.0005857554991806406
398,0.07104164287794437,0.04799363781511183,0.049999949788726405,-4.834777343992067e-07,-6.209311428212877e-05,-0.0007474182059790822,-0.0004591892065946013,-2.2623520123943308e-07,-6.680248429577346e-07,-0.007405646944623293,-0.0005948377685849131
399,0.07027528488815032,0.04792103258831798,0.049999948353646094,-4.913928042484815e-07,-5.541443779212987e-05,-0.0007573826698276122,-0.0004540780500974506,-2.201640683097139e-07,-6.350568022753835e-07,-0.006001715956755024,-0.0006036620485141285
400,0.06951297201018193,0.04784645243313974,0.04999994698774413,-4.976024757583484e-07,-4.920003411001915e-05,-0.0007672738145687127,-0.000449551414931193,-2.2059296611587342e-07,-6.008839413174229e-07,-0.004980315342286698,-0.0006122120093673766
401,0.068754454046102,0.047770705284240336,0.04999994566555686,-5.017031809144438e-07,-4.347607063638746e-05,-0.0007771251794748309,-0.0004451482673175633,-2.1636496683186124e-07,-5.656183583590834e-07,-0.004213632870528702,-0.0006204730259503584
402,0.0679999924821949,0.047694648559468436,0.04999994438078643,-5.036240726200311e-07,-3.826379604267367e-05,-0.00078692552044882,-0.0004410417750477791,-2.1808651240462495e-07,-5.343060348694933e-07,-0.0036229492747100293,-0.0006284329034110642
403,0.06724988102314404,0.047618815995124616,0.04999994318643138,-5.033857074129096e-07,-3.3571787344220665e-05,-0.0007964787045715501,-0.0004372130788397044,-2.09233803616371e-07,-4.940948971312287e-07,-0.0031578451768212324,-0.0006360803206536814
404,0.06650581465665713,0.04753907647998374,0.04999994200735721,-5.01166828062061e-07,-2.9406545575662748e-05,-0.0008059100792328876,-0.00043377597467042506,-2.160762591074672e-07,-4.524079896686427e-07,-0.0027848883373718996,-0.0006434047685000429
405,0.0657671360101191,0.0474570107111447,0.04999994076785893,-4.961589734360332e-07,-2.5778822937172193e-05,-0.000815370590085557,-0.00043051037937402725,-2.3206764865335572e-07,-4.095041448114414e-07,-0.0024810154371253685,-0.0006503979741622299
406,0.06503344997921354,0.04737369975087229,0.049999939428038806,-4.879774776803905e-07,-2.2685543685057523e-05,-0.0008250507883262059,-0.0004276579711586237,-2.417551456801448e-07,-3.7688580152295316e-07,-0.0022298809754353324,-0.0006570531202147317
407,0.06430389497675747,0.047293390343055755,0.04999993812160193,-4.7679428602606263e-07,-2.012990491689462e-05,-0.0008346105597795231,-0.0004250221827533096,-2.1939804639714566e-07,-3.396578871546589e-07,-0.002019780953605349,-0.0006633632175580247
408,0.06358095170569203,0.04720993883002764,0.04999993688680634,-4.637914610789759e-07,-1.8102859676020306e-05,-0.0008440740190951788,-0.000422901677666232,-1.9957522567892738e-07,-3.024826822792396e-07,-0.0018421687734031722,-0.0006693230636387174
409,0.06286447864968472,0.04712386507050245,0.04999993569471107,-4.488894067586408e-07,-1.6618287880805036e-05,-0.0008534626312815207,-0.00042077177204191685,-1.9494007119646994e-07,-2.661274474106287e-07,-0.0016906062552066278,-0.000674931390427359
410,0.06215467284459876,0.04703615669789642,0.049999934528047435,-4.320688310149854e-07,-1.567302392916459e-05,-0.0008627829778554265,-0.00041896282345987856,-1.9781565185894578e-07,-2.3067294488321065e-07,-0.0015601854351754265,-0.0006801886946763203
411,0.061451735344068364,0.046947168060798676,0.04999993337699879,-4.133343585120593e-07,-1.525445292477475e-05,-0.0008720377710497989,-0.00041749290539883077,-1.9524516403635062e-07,-1.9689163554738711e-07,-0.0014471133136177083,-0.0006850966282217921
412,0.06075587317023452,0.04685727475309854,0.049999932236303335,-3.9281370692530226e-07,-1.5351343593396308e-05,-0.000881228042760038,-0.00041626053280197084,-1.92051672343041e-07,-1.6511552248797147e-07,-0.0013484181749436163,-0.0006896583079049052
413,0.06006727938416306,0.046766797806388594,0.04999993110320732,-3.7066784638824585e-07,-1.5949848254202108e-05,-0.0008903531675067639,-0.0004152691108174622,-1.8754899144823867e-07,-1.3575582831288484e-07,-0.0012617462844616472,-0.0006938782189279225
414,0.059386136929642785,0.04667602183473183,0.04999992997630248,-3.470987215554847e-07,-1.7033577973705525e-05,-0.0008994111731478989,-0.00041451683500781655,-1.8350111474774167e-07,-1.0925961138519067e-07,-0.0011852129008306375,-0.0006977622291982035
415,0.058712639159727076,0.046585228483580765,0.049999928854882546,-3.2232340301745433e-07,-1.8585142077490085e-05,-0.0009084027002910672,-0.00041397978202439845,-1.7916923411576136e-07,-8.61075745510504e-08,-0.0011172938582094357,-0.0007013175690268057
416,0.05804695580391957,0.04649475858447186,0.04999992773863708,-2.965829683868551e-07,-2.0585206931921512e-05,-0.0009173278590013036,-0.0004136448260396719,-1.7448262212838017e-07,-6.684672641580224e-08,-0.0010567442895128897,-0.0007045528171937578
417,0.057389242490106865,0.046405028747927415,0.049999926632919536,-2.701402536242359e-07,-2.3012626273767352e-05,-0.0009262318342326307,-0.00041349558159708977,-1.6958117043941456e-07,-3.691939573460291e-08,-0.0010025638580887844,-0.0007074762364876311
418,0.05673925048751874,0.046316676456009065,0.049999925538304985,-2.4249002342313094e-07,-2.585649604777491e-05,-0.000935019854800288,-0.00041445574606768787,-1.7250931705348194e-07,-3.6161971048263326e-08,-0.000953901589808975,-0.0007101001912429807
419,0.05609850731760035,0.0462335721462411,0.04999992447785778,-2.1588014343945648e-07,-2.9096920155382e-05,-0.0009436646195813326,-0.0004120693192817271,-1.6047566475663189e-07,-3.418348567993716e-08,-0.0009099606852576753,-0.0007124428569975161
420,0.0554655923493379,0.046150553895007225,0.04999992343431242,-1.8945688903320165e-07,-3.262928353367305e-05,-0.0009521776675946742,-0.00041326109203509986,-1.52439284306638e-07,-3.6676013399789835e-08,-0.0008702134128509667,-0.0007145111119398361
421,0.05484098812878183,0.046065936726994654,0.0499999223854558,-1.6349568826064422e-07,-3.6448317677975066e-05,-0.0009605992860428084,-0.0004145538550801575,-1.8960882641749777e-07,-4.53134448137005e-08,-0.000834165388111004,-0.0007163178930503881
422,0.0542260451046983,0.04598150704363734,0.04999992130550135,-1.3806010356783327e-07,-4.0639198048698204e-05,-0.0009689683067576115,-0.00041522979154251516,-1.5124069818739372e-07,-6.143981859484203e-08,-0.0008013878514246177,-0.0007178790053475029
423,0.05361973039640623,0.045899648893237985,0.049999920204455296,-1.1360382713707191e-07,-4.510917831338218e-05,-0.0009772634336981643,-0.0004159405070822686,-1.4671351777906239e-07,-8.555595684803883e-08,-0.000771508150743191,-0.0007192096627700945
424,0.05302227020054984,0.04582046006736811,0.04999991909844014,-9.056375696723035e-08,-4.9828452417828825e-05,-0.0009853338927529249,-0.00041676475666463375,-1.418453763335492e-07,-1.1829043169172671e-07,-0.0007442089640694388,-0.0007203255049950625
425,0.05243417968458604,0.045740842391104514,0.049999917996264964,-6.931513139282674e-08,-5.4761885768709695e-05,-0.0009894430434033714,-0.0004178365634288639,-1.4037421181001264e-07,-1.7412027302732823e-07,-0.0007195064883757951,-0.0007212230767477552
426,0.05186479623985425,0.045572286327215716,0.0499999159918298,-4.9761617087740536e-08,-5.971201733921247e-05,-0.0009929941053167756,-0.00042399740777909756,-2.9438004389703565e-07,-1.8607325475397706e-07,-0.0006994653934716841,-0.0007217586688062082
427,0.0513036806581198,0.045286423350287534,0.04999990981723308,-2.7788554633605753e-08,-6.474798495543871e-05,-0.0010080779961156151,-0.00044004767551086843,-1.1933763062188518e-06,-4.0375161262358344e-06,-0.0006812568216432968,-0.0007220902541504552
428,0.05075602266475668,0.04490309181939687,0.0499998946962767,-8.872277023035842e-09,-7.121257176809676e-05,-0.001025637312768595,-0.00047208438627421856,-5.694345964002423e-05,-1.1711371967551977e-05,-0.0006711957759215682,-0.0007215728322909464
429,0.05011539145911969,0.044129520257736664,0.04999986701263615,-2.7386045155949836e-09,-7.761116850542732e-05,-0.0010202907868391013,-0.0005801928346045315,-9.497826795268338e-06,-7.819123938161331e-06,-0.0006605275895824425,-0.0007206777819847619
430,0.04950396313203134,0.042961351966801106,0.04999983016208803,-4.554334554808237e-08,-8.589513237803246e-05,-0.0010121424681082312,-0.0005985398893244565,-2.7417756427894346e-05,-5.75172202880951e-06,-0.0006550045840956637,-0.000718941779814164
431,0.04890149395751029,0.04230967832553886,0.04999979075628455,-1.5063911421302783e-07,-9.65469984464055e-05,-0.0010148272781216599,-0.000608823262155056,-1.4607186130888294e-05,-5.8706757484973135e-06,-0.0006450784869784885,-0.0007170944314641797
432,0.04831168456775944,0.04201238483203062,0.04999974697228083,-3.2015014024798604e-07,-0.00010614335079566756,-0.0010309550291906957,-0.0006580750923603773,-2.0814916297240416e-06,-1.4859456770101077e-05,-0.0006385183867643174,-0.0007145589508466364
433,0.04773477166039632,0.041718716764354014,0.04999968732694347,-5.819279262465473e-07,-0.00011832172703307465,-0.0010427843267387818,-0.0008679415914230049,-4.898815677734092e-05,-8.433160676247652e-06,-0.0006369775668530015,-0.000711084393640462
434,0.047130132335988825,0.04082047419624342,0.04999960876181599,-1.0050680245514383e-06,-0.00013124118380791088,-0.0010575794476319472,-0.000997059978544712,-7.756362720101606e-06,-1.1783512634251392e-05,-0.0006353072325544926,-0.0007069927167119281
435,0.0465288716251503,0.03990183580597882,0.04999951579269119,-1.584553526007905e-06,-0.00014329883474756023,-0.001071217880705836,-0.00108997558709234,-2.1223080693744123e-05,-2.040173329824486e-05,-0.000632424531152843,-0.0007023910984740653
436,0.045972592144262386,0.03913721183208217,0.04999941519904231,-2.36809237670925e-06,-0.00016223106988575675,-0.0010916219195385142,-0.0010536189656704664,-1.4074476894165855e-05,-3.23996483096957e-05,-0.0006317563384507498,-0.0006971234196256731
437,0.04545460370768676,0.03910998970547828,0.04999930041293163,-3.3183101125881626e-06,-0.00018055868072500484,-0.001122637918056467,-0.0011496891966089606,-9.243621207133401e-06,-2.650457291009007e-05,-0.00063390786248683,-0.0006911784175688425
438,0.04496697630288979,0.03854687162856384,0.049999158827182394,-4.5533789510503695e-06,-0.00020156950320668186,-0.0011591505191765464,-0.0012518118601292372,-7.855155672586989e-06,-3.429900690245062e-05,-0.0006370120745216492,-0.0006846570867466782
439,0.044505623671985566,0.03807308554390256,0.04999899701540031,-6.086967524988882e-06,-0.00022443536729844466,-0.0012038289976596698,-0.0013627306325361133,-9.927839528245386e-06,-4.365515315212412e-05,-0.0006414719465036738,-0.0006775324945770902
440,0.044087280084070445,0.03761317774729251,0.04999881319258545,-7.93694963974502e-06,-0.0002483097536466797,-0.0012584473049020188,-0.0014462971594184637,-7.74929048930062e-06,-7.244462527195924e-05,-0.0006473145347843535,-0.0006698252859049276
441,0.04372682906546596,0.0374842534959559,0.04999859742080363,-1.0157901980807372e-05,-0.0002734609550136035,-0.0013307588235810133,-0.0014692489057779312,-1.2952185898029711e-05,-6.384236319579968e-05,-0.0006587635485673487,-0.0006613206974520787
442,0.04341082292727419,0.03606936073804768,0.0499983457403097,-1.3031020162345507e-05,-0.00030416976260550443,-0.0014171601108318162,-0.001464484608732164,-8.151750080287457e-06,-0.00012219332167933347,-0.0006694514757285909,-0.0006525561315825569
443,0.04318423065811933,0.03541296913748215,0.0499980678008089,-1.6278047717122506e-05,-0.00033302250093371544,-0.0014729889413393823,-0.001481225248426199,-1.8636374079505913e-05,-0.00010972136540630207,-0.0006822064043022332,-0.0006435475195452752
444,0.04294959160110304,0.034628668019254634,0.04999775776094495,-2.022593588728386e-05,-0.00037001711957800325,-0.0013387569078520214,-0.0015864598099142313,-7.250856469909195e-06,-6.772875017464681e-05,-0.0006885979834118216,-0.000633710391106701
445,0.042094898526011094,0.03347819175887168,0.04999764320768691,-2.5439739911676987e-05,-0.0004381716120223991,-0.0012834782357565857,-0.0022250290494412184,-8.470588363707066e-05,-4.4554053658816086e-05,-0.0006885242152996941,-0.0006228384669783866
446,0.04137208055106327,0.03332101326075894,0.049997785753949905,-2.8662226791049215e-05,-0.0005172727612384253,-0.0012743162646385994,-0.0029255803674459457,-0.00011658162111416459,-3.137323775831023e-05,-0.0006841964918507213,-0.0006108250984403921
447,0.04078224118917035,0.03329282141316049,0.049998085433726656,-2.9823208777211464e-05,-0.0005911742491473061,-0.0012833216544570107,-0.00223319954238832,-0.0001239924313267693,-2.434377759869068e-05,-0.0006770836142252968,-0.0005981066191292311
448,0.04019605490015235,0.03348472679663739,0.04999845447344785,-2.9308086628322874e-05,-0.0006290866773523689,-0.0013005758162115306,-0.0015494347317144275,-0.00010185001883655787,-2.0868170234290864e-05,-0.0006684513817077214,-0.0005852168262580582
449,0.0396539589240356,0.03393326625486511,0.049998829006122354,-2.769787076533276e-05,-0.0006405585022378197,-0.001321009985573213,-0.0010900464840233326,-6.109679088694975e-05,-1.9346864058498214e-05,-0.0006592025983104483,-0.0005726447253143859
450,0.03916948251081566,0.034616945173201456,0.04999916847387144,-2.5441585228417894e-05,-0.0006338622661037831,-0.0013412893615045534,-0.0008281057816930115,-3.994238068116829e-05,-1.891174413427819e-05,-0.000649889343731737,-0.0005607624095023809
451,0.03874544368612971,0.035426775183753555,0.04999945123116711,-2.288583789615549e-05,-0.0006158129765065824,-0.0013601248270989008,-0.0006949467933736742,-2.839301851054188e-05,-1.9107703981903803e-05,-0.0006408258335962071,-0.0005498656953706292
452,0.038379958267456014,0.03640713792298319,0.04999966985876281,-2.0374315915651327e-05,-0.0005906137724844933,-0.0013738987756169996,-0.0007214705692604184,-1.6137186321429908e-05,-1.9608904827439915e-05,-0.0006321967528983183,-0.0005399896321953513
453,0.03802499792455915,0.037206690069881,0.04999982575280091,-1.7833508988673834e-05,-0.0005635582585175217,-0.0013857255860409803,-0.0007475113379769027,-2.3970051188371144e-05,-2.0313860592602145e-05,-0.0006240960615899434,-0.0005310895063468954
454,0.0377085124164639,0.037816853583016743,0.049999925734055733,-1.544190576327151e-05,-0.0005325881694027943,-0.0013938779077966347,-0.0006240592338144779,-1.882277865661308e-05,-2.1188253043729458e-05,-0.0006165689310749813,-0.000523270648733838
455,0.03742612861986311,0.03849456557851892,0.04999997995793192,-1.3359738261971574e-05,-0.0005052262196342067,-0.0014011514780425485,-0.000614219403360039,-2.950635098386556e-05,-2.2187173388424677e-05,-0.0006096459973523356,-0.0005166931952657638
456,0.03717108589065364,0.039134884917076236,0.04999999932777563,-1.1369519044292016e-05,-0.000471444479999612,-0.0014027113466452941,-0.00060876744100824,-4.256322790752165e-05,-2.3113235880161002e-05,-0.0006033129322977658,-0.0005112229213347786
457,0.03688495106465852,0.039624413660425274,0.04999999449651357,-9.817079725333266e-06,-0.00044145685592352873,-0.001403203942962653,-0.000675729475915432,-9.500164196651895e-06,-2.405553504157246e-05,-0.0005975285873045427,-0.000506648841612891
458,0.036623945966929056,0.039968208270741525,0.049999974546859824,-8.5025711775612e-06,-0.00041347869946010567,-0.0014017946231723577,-0.000566540693398565,-1.7930371541297063e-05,-2.5063495913091984e-05,-0.0005922684668240932,-0.0005030234436172839
459,0.03638472131053985,0.04041455078645226,0.04999994674920447,-7.455205932097806e-06,-0.0003907584035608953,-0.001401630273312012,-0.0005861347890459001,-2.681151636352297e-05,-2.6146613258532003e-05,-0.0005875205104046284,-0.0005004638415071845
460,0.036164712210518306,0.04079469907244979,0.04999991700306669,-6.450404385579475e-06,-0.00036374043363446025,-0.001397141581805806,-0.0005447402945719659,-4.771266321768053e-05,-2.7095298909698568e-05,-0.0005832460373881688,-0.0004988143929310983
461,0.035913652307678234,0.0411558568406242,0.049999889424001354,-5.770385850322827e-06,-0.00034102991366993096,-0.001392846072356232,-0.000615201483014971,-7.489810286642751e-06,-2.81933141913318e-05,-0.0005793985773593951,-0.0004978618193123563
462,0.03568812623315701,0.041412928995082636,0.04999986619264385,-5.2256554129606e-06,-0.00032101772372837,-0.0013877755478240482,-0.0005215156706981361,-1.7986420061788522e-05,-2.9501018478109323e-05,-0.0005759666323350098,-0.0004976646961542571
463,0.03548496249185314,0.041794468662047245,0.0499998486426201,-4.8331542152125004e-06,-0.00030586161316119195,-0.001383615406312854,-0.0005472588236443698,-2.3386643078993075e-05,-3.0448625541098847e-05,-0.0005729167392472264,-0.0004983194805753162
464,0.03529526226600641,0.04211030020226467,0.0499998372487391,-4.536284082252652e-06,-0.0002877156582437092,-0.0013792612737559933,-0.0005428162985481322,-2.5411063120373e-07,-3.135387071158413e-05,-0.0005701894660249169,-0.0004998582886418413
465,0.03511544013936121,0.04243628823273659,0.04999983194194646,-4.330176665780912e-06,-0.00027152038835620747,-0.0013761021742741894,-0.0005347386468201876,-4.0377463506047206e-07,-3.2334960940192916e-05,-0.0005677614225778379,-0.0005022401343697844
466,0.034947689746167035,0.042753582729201975,0.04999983252363369,-4.125137478201287e-06,-0.00025627625336058983,-0.0013700527051373438,-0.000490780221298337,-4.854198414250277e-05,-3.3179110904218896e-05,-0.000565605328777657,-0.0005052179515490084
467,0.03475486741664046,0.043126859865932544,0.04999983814005651,-4.058170214473835e-06,-0.00024300860966920245,-0.0013649088526904846,-0.0005575520335696638,-6.8486078816931695e-06,-3.402663323511972e-05,-0.0005636777859631257,-0.000508574756167963
468,0.03458472388810537,0.043404762462912146,0.049999847513405825,-4.035838074525137e-06,-0.00023093564579432704,-0.0013594312398950343,-0.00047929189167916775,-1.782613617251627e-05,-3.4941874634988576e-05,-0.000561962365775161,-0.0005123830543921594
469,0.03444006392816495,0.043798097292799265,0.049999859639338326,-4.093391377979926e-06,-0.00022280751917758232,-0.0013547025670879315,-0.0004976984928362072,-1.9112905647489242e-05,-3.58666855415105e-05,-0.0005604508955294079,-0.0005167341732695513
470,0.034306181923200445,0.044127863765789664,0.04999987356731051,-4.177128478576993e-06,-0.00021141528307998212,-0.0013499333439898934,-0.000490734470076859,-1.7091558390802675e-07,-3.677761157660787e-05,-0.0005591211700726361,-0.0005216310094544595
471,0.03418166420781778,0.04446553392900902,0.04999988852519114,-4.2987518103050925e-06,-0.00020078323982405832,-0.0013451460540672717,-0.0004830719844903797,-2.1301923425198765e-07,-3.767506539347615e-05,-0.0005579537892131895,-0.0005270140227714788
472,0.034067013285986984,0.044809234597238255,0.0499999037943125,-4.454366364216529e-06,-0.0001908467153835081,-0.001340323278266295,-0.000474730710266158,-1.9058400368976436e-07,-3.855389738152957e-05,-0.0005569310130388331,-0.0005328246381606221
473,0.03396152786716959,0.04515421065819947,0.049999918784614295,-4.6389403737059016e-06,-0.0001813806153523684,-0.0013354367395083911,-0.00046693586045876145,-1.8883712016304344e-07,-3.941223170057971e-05,-0.0005560362971585912,-0.0005390033005600458
474,0.033865079808869575,0.04549746181173447,0.04999993303436151,-4.848756020677399e-06,-0.00017227327082263135,-0.0013304310646285542,-0.00045981520088389516,-1.84631986144268e-07,-4.0248011623029557e-05,-0.0005552545605095112,-0.0005454917182313747
475,0.03377772199156953,0.04583551128303799,0.0499999462050329,-5.08025873894962e-06,-0.0001634481307346911,-0.00132526119938035,-0.0004531117156147957,-1.7758559067715396e-07,-4.105563521982758e-05,-0.0005545718947694839,-0.0005522337221819592
476,0.03369955575685573,0.0461661064583949,0.049999958066979315,-5.330781249528988e-06,-0.00015486572303453268,-0.0013199067081472674,-0.0004467315156944096,-1.7037899624483543e-07,-4.1832593788880474e-05,-0.0005539754538814848,-0.0005591760206906359
477,0.03363063398364151,0.046487334103117804,0.049999968475304545,-5.597958768732461e-06,-0.00014650398916984158,-0.0013143635233871815,-0.00044058627099730074,-1.6496312582603423e-07,-4.2575268639573265e-05,-0.0005534532137412788,-0.0005662680151539796
478,0.033570927171991054,0.046797660020536036,0.04999997735240497,-5.87965946292181e-06,-0.00013834927824860147,-0.0013086374484983837,-0.0004346356727182865,-1.6053149920480791e-07,-4.328076020236043e-05,-0.000552993814501653,-0.0005734615868043077
479,0.033520347026333046,0.0470958589211341,0.04999998467567966,-6.173782814072955e-06,-0.00013039415148164262,-0.001302739734258078,-0.00042888542520813644,-1.5576299006170302e-07,-4.394710336400206e-05,-0.000552586558183378,-0.0005807109949543167
480,0.03347877649604985,0.04738093450219885,0.04999999046836485,-6.47821504876329e-06,-0.00012263632342271677,-0.0012966847003834615,-0.0004233259242027998,-1.514898002596965e-07,-4.45724652831265e-05,-0.0005522214156011508,-0.00058797284303355
481,0.033446065658411406,0.04765213761544971,0.049999994792011,-6.790806656569264e-06,-0.00011507640599613464,-0.0012904891327993452,-0.00041798074380494654,-1.4685070937048295e-07,-4.5156975434000234e-05,-0.000551889059960924,-0.0005952060346348033
482,0.03342204840998616,0.04790892640930421,0.049999997739663286,-7.109270312537404e-06,-0.00010771752648309938,-0.0012841677156665166,-0.0004128511936869472,-1.4224823985387047e-07,-4.5701071458970314e-05,-0.0005515809315201066,-0.0006023717776875589
483,0.033406552866833215,0.048150923031958594,0.04999999942941362,-7.4312754911040915e-06,-0.00010056533205062254,-0.0012777268003994037,-0.0004079410864505917,-1.3748305605076894e-07,-4.620528423209085e-05,-0.0005512892342894414,-0.0006094336387190154
484,0.03339941930438005,0.048377896523914984,0.04999999999829123,-7.754421091919017e-06,-9.36265798124898e-05,-0.0012711673447228342,-0.000403266167268157,-1.3187391800784098e-07,-4.6670296484042556e-05,-0.0005510069293954353,-0.0006163576948891578
485,0.03340052501606699,0.04858971121809558,0.04999999959568024,-8.07633776479755e-06,-8.691079600832424e-05,-0.0012644871888210884,-0.000398795964429155,-1.2647018365896656e-07,-4.709632644453593e-05,-0.0005507276904281204,-0.0006231127086222595
486,0.033409766954147754,0.04878630268131703,0.04999999837672318,-8.39482989965552e-06,-8.042951803263168e-05,-0.001257680581622272,-0.0003945206699427217,-1.2158014328633726e-07,-4.7484489546275216e-05,-0.0005504458495238828,-0.0006296701695603677
487,0.03342706452575993,0.04896770430024147,0.04999999649636282,-8.707696118283284e-06,-7.419311741241124e-05,-0.0012507422122712967,-0.0003903690667357296,-1.1706344338335839e-07,-4.783460791514464e-05,-0.0005501563357486239,-0.0006360043562435905
488,0.03345235339065196,0.04913395880208764,0.04999999410436471,-9.013118381037844e-06,-6.821446529589182e-05,-0.0012436654836053814,-0.0003863284655380994,-1.128099711422692e-07,-4.8146807907968976e-05,-0.0005498546046202676,-0.0006420924350040891
489,0.03348558767713089,0.04928515939183914,0.04999999134147367,-9.309422458916484e-06,-6.250506913470458e-05,-0.0012364447675677877,-0.0003823698789346963,-1.0922344984010124e-07,-4.842099869558042e-05,-0.0005495365752722706,-0.0006479144886498657
490,0.03352674881934098,0.04942140877236681,0.04999998833666767,-9.595209908372038e-06,-5.707567554694009e-05,-0.0012290733955368407,-0.00037844193866476417,-1.0680281548047788e-07,-4.865738827132337e-05,-0.0005491985738913833,-0.0006534534398785065
491,0.03357581432167877,0.049542852940988494,0.04999998520541615,-9.86922824234225e-06,-5.193348590181972e-05,-0.001221546509188222,-0.0003745118447113782,-1.0495360669438014e-07,-4.8855733691911464e-05,-0.0005488372879555739,-0.0006586949422976785
492,0.033632773321139925,0.04964963585998742,0.04999998204877626,-1.013050910790186e-05,-4.708463308709117e-05,-0.0012138593799744133,-0.00037054429412819445,-1.0356389168464375e-07,-4.9015892740119694e-05,-0.0005484497228739909,-0.0006636273668127165
493,0.033697627443384,0.049741906677997515,0.04999997895320427,-1.0378286527174567e-05,-4.2533163046069634e-05,-0.0012060087878381016,-0.000366522726835683,-1.030543259616934e-07,-4.9137804754906595e-05,-0.0005480331659736912,-0.000668241720173884
494,0.03377038596377106,0.049819819385576974,0.049999975990906,-1.061198277370316e-05,-3.8280394964475845e-05,-0.0011979920431623911,-0.00036242211353965104,-1.032668066613951e-07,-4.922138328892781e-05,-0.0005475851537839305,-0.0006725315268975899
495,0.03385106056639471,0.04988353581338164,0.04999997322059447,-1.08312141949795e-05,-3.432507659634832e-05,-0.0011898076475586753,-0.00035821698838844895,-1.0407035233583883e-07,-4.9266629756707224e-05,-0.000547103441967873,-0.0006764926953917473
496,0.033939664625676026,0.04993322135936809,0.04999997068851992,-1.1035749423394774e-05,-3.0663579382789095e-05,-0.0011814552382785057,-0.0003538955934345722,-1.0550979823165108e-07,-4.927366616027732e-05,-0.0005465859896809202,-0.000680123386589256
497,0.034036211515429626,0.04996904761361967,0.04999996842962856,-1.1225489660916874e-05,-2.7290071965372753e-05,-0.0011729352508932772,-0.00034945012885145843,-1.0734737543316442e-07,-4.924267260657345e-05,-0.0005460309437558682,-0.0006834238891330517
498,0.034140717378558526,0.04999119430983,0.04999996646881408,-1.1400472363146937e-05,-2.419696316816683e-05,-0.0011642490469546698,-0.0003448689531069249,-1.0993069565756741e-07,-4.917394002234074e-05,-0.0005454366234209878,-0.0006863964747719945
499,0.03425319117546383,0.0499998522743545,0.04999996482217188,-1.1560824361084352e-05,-2.1374497477886917e-05,-0.0011553987996886868,-0.00034014982520602643,-1.1286216761163814e-07,-4.906784009387769e-05,-0.0005448015074347665,-0.0006890452416332132
500,0.03437364310402804,0.04999522575538048,0.04999996349821372,-1.170677651120855e-05,-1.8811577290750407e-05,-0.001146387455223831,-0.00033528776839375496,-1.1625403573134463e-07,-4.8924855919467166e-05,-0.000544124221576978,-0.0006913759551009971
501,0.03450207583478289,0.04997753513376834,0.04999996249900599,-1.1838618524073125e-05,-1.6495690222898307e-05,-0.0011372184212746512,-0.00033028252073563635,-1.200082095920152e-07,-4.874561035998435e-05,-0.0005434035367065539,-0.0006933958963957459
502,0.034638486487421925,0.04994702103967742,0.049999961821179724,-1.1956693465193484e-05,-1.4413385622600433e-05,-0.0011278956538704206,-0.00032514732447452843,-1.2400049342886632e-07,-4.8530779089364926e-05,-0.0005426383633087604,-0.0006951137132021088
503,0.034782865392959064,0.04990394668003951,0.04999996145684001,-1.2061385197875777e-05,-1.2550378831495638e-05,-0.0011184234784354103,-0.0003198821796104312,-1.2834875917633326e-07,-4.828115487696327e-05,-0.0005418277448726641,-0.0006965392548981216
504,0.03493519467127181,0.04984859876835346,0.04999996139436305,-1.2153106162694963e-05,-1.0891947246630077e-05,-0.0011088064284817947,-0.00031448606750927866,-1.328307916992344e-07,-4.7997579384299036e-05,-0.000540970854156639,-0.0006976834232746305
505,0.03509545077967234,0.04978129369810796,0.04999996161909232,-1.223229721487924e-05,-9.423126708319922e-06,-0.0010990493859505859,-0.0003089823294430971,-1.3752608651884657e-07,-4.768094568164851e-05,-0.0005400669850742127,-0.0006985580086007998
506,0.03526359890954876,0.04970237497386811,0.04999996211393433,-1.229941043891619e-05,-8.128917657188692e-06,-0.0010891573364833803,-0.00030337527277879417,-1.422726683131259e-07,-4.733226894907078e-05,-0.0005391155528116988,-0.0006991755348788865
507,0.03543959510780193,0.04961222029319767,0.049999962859846675,-1.2354892840736725e-05,-6.994452847772605e-06,-0.001079135201842703,-0.00029767333762720227,-1.468609553967326e-07,-4.695265940669665e-05,-0.0005381160940298462,-0.0006995490999116203
508,0.03562338353032133,0.04951123953811967,0.04999996383625077,-1.2399179307592355e-05,-6.005369141282974e-06,-0.0010689879840345025,-0.0002918885729741305,-1.5177327838955534e-07,-4.6543251646360317e-05,-0.0005370682635239436,-0.0006996922272798511
509,0.03581490148334458,0.049399873029478694,0.04999996502139495,-1.2432709124219365e-05,-5.147865684425027e-06,-0.001058720763573671,-0.000286033347947523,-1.5637576211702253e-07,-4.610517722696099e-05,-0.0005359718288406079,-0.0006996187437802141
510,0.03601407753979008,0.04927859778320209,0.049999966392673116,-1.24559213750087e-05,-4.408895494798964e-06,-0.0010483386943075134,-0.00028012198163196445,-1.6071842878773168e-07,-4.563961173945755e-05,-0.0005348266635299946,-0.0006993426266250958
511,0.036220827557659215,0.04914792786236262,0.04999996792688735,-1.246923341613513e-05,-3.7761996229976194e-06,-0.001037846814627687,-0.0002741561911534518,-1.6513160971953766e-07,-4.5147807318864436e-05,-0.0005336327487054803,-0.0006988778792995315
512,0.036435060154357185,0.04900841429182216,0.04999996960047087,-1.2473052282581516e-05,-3.2385070595993045e-06,-0.0010272506580759446,-0.00026816074387170374,-1.6902727395518014e-07,-4.463087099280943e-05,-0.0005323901675296567,-0.0006982384096942504
513,0.03665667021347441,0.04886063813330025,0.04999997138968493,-1.2467774511152811e-05,-2.785508408492342e-06,-0.0010165548184317547,-0.0002621467865537852,-1.7260737195101683e-07,-4.409045281743315e-05,-0.0005310991065431977,-0.0006974378927180097
514,0.036885549061439836,0.04870521544652175,0.04999997327078984,-1.2453711856946098e-05,-2.407997151869689e-06,-0.0010057646861665514,-0.0002561119617894292,-1.7595694146166352e-07,-4.3527666667935454e-05,-0.0005297598537477671,-0.0006964896355024482
515,0.03712156778795555,0.04854279334330338,0.04999997522022522,-1.2431227884405116e-05,-2.0978537652241873e-06,-0.000994885411182641,-0.00025007352815009654,-1.7847980871010805e-07,-4.294385534399177e-05,-0.0005283727841611277,-0.0006954064935135396
516,0.03736460001972824,0.04837406571504613,0.04999997721478531,-1.2400651121189072e-05,-1.8480696384436861e-06,-0.0009839227265818766,-0.00024404221039731055,-1.8082964459154027e-07,-4.234044586065684e-05,-0.0005269383638664198,-0.0006942007960431478
517,0.03761450989561359,0.04819974958439837,0.04999997923175326,-1.236226484027925e-05,-1.6526711500664678e-06,-0.0009728820055282726,-0.00023802729265298694,-1.824545421413859e-07,-4.171882473600651e-05,-0.0005254571478594098,-0.0006928842306001136
518,0.03787114746856876,0.048020591505109934,0.04999998124903608,-1.2316335454908926e-05,-1.5067434652909208e-06,-0.0009617698175898208,-0.00023203245655167848,-1.8348951869029406e-07,-4.1079988438218716e-05,-0.0005239297642272849,-0.0006914677950116268
519,0.03813436320864602,0.0478373733483736,0.04999998324532797,-1.2263187802779458e-05,-1.4062874148839473e-06,-0.0009505906382939115,-0.00022608425933867693,-1.836278187283824e-07,-4.0426354272874094e-05,-0.0005223569297975128,-0.0006899616703873648
520,0.03840399971979451,0.04765087567071794,0.049999985200211254,-1.2202859672949217e-05,-1.3484311605629445e-06,-0.0009395553700860364,-0.00022014537535142154,-1.838965744127563e-07,-3.979309933397885e-05,-0.0005207404578277038,-0.000688384604084685
521,0.038609065803500604,0.047240192516750636,0.049999987105349405,-1.192253824792068e-05,-2.162543381221195e-06,-0.0009278862571525039,-0.00021374660718720406,-2.9210437446636206e-07,-3.67655001534694e-05,-0.000518899594919553,-0.0006850973302156025
522,0.038453372808292155,0.045592308479740384,0.04999998775159766,-1.0592556975046402e-05,-1.1208372480991943e-05,-0.0009162178292671691,-0.000206097072805278,-1.3644045111504965e-06,-3.476336688357721e-05,-0.0005167713857638294,-0.0006794257090629851
523,0.0383358945573925,0.04373168371880092,0.04999998667008595,-9.399629938863345e-06,-2.5682096839048488e-05,-0.000904594774105136,-0.00019649612659122795,-1.5433454336744035e-06,-3.313183141595503e-05,-0.0005144089174703196,-0.0006716088949303105
524,0.0382554381419598,0.041727162117788576,0.04999998376679285,-8.340000467036576e-06,-4.4106839892769354e-05,-0.0008930277346478879,-0.00018572108820080757,-1.5474061001441441e-06,-3.173773577418907e-05,-0.0005118486438661223,-0.0006618802526062796
525,0.038212970655001566,0.039668044806368194,0.049999978691616626,-7.405607860054735e-06,-6.491171921791819e-05,-0.0008816317718990026,-0.0001783658954082057,-1.0645311476764618e-06,-3.0496625852268733e-05,-0.0005091193509972491,-0.0006504811606797801
526,0.03820817087969861,0.037625376629071644,0.049999970908714636,-6.584096700299865e-06,-8.679810385524834e-05,-0.0008704287608499843,-0.00017053463670890778,-9.059053240889625e-07,-2.935200301005087e-05,-0.0005062439695121585,-0.0006376436473736962
527,0.03823935218959765,0.035651948379040836,0.04999995976695107,-5.863779782778461e-06,-0.00010873781402186394,-0.0008594378824483052,-0.0001626459852559492,-8.138795237755403e-07,-2.8266938628779753e-05,-0.0005032412455042052,-0.000623584408027158
528,0.038304831829125814,0.03378485717332123,0.049999944565812804,-5.233488312018616e-06,-0.00012993550221068314,-0.0008486747060714779,-0.000155099289258942,-7.550588065896591e-07,-2.721724630168219e-05,-0.0005001266957398632,-0.0006085029446476903
529,0.0384029311687369,0.032047379921472635,0.04999992461111526,-4.682752392454613e-06,-0.00014980880629452043,-0.0008381511044680261,-0.00014817141345702112,-7.077681516420853e-07,-2.618723829388629e-05,-0.0004969132772743395,-0.0005925806181086763
530,0.038532014727402246,0.030451585532274606,0.049999899260518565,-4.201935026258635e-06,-0.00016796372826118175,-0.0008278767523262308,-0.00014210378867574036,-6.602016924261989e-07,-2.5167066258037453e-05,-0.0004936118722097077,-0.0005759805585156809
531,0.038690526732791164,0.029000774050438962,0.049999867958803124,-3.782286072060816e-06,-0.00018416541826043534,-0.0008178594081544584,-0.00013699974806513637,-6.077934244785865e-07,-2.4150897260193042e-05,-0.0004902316484266254,-0.0005588481486591654
532,0.038876992783380235,0.027691882710452243,0.049999830263372735,-3.415938892595495e-06,-0.00019831305168510548,-0.0008081056011038225,-0.00013286821194924414,-5.495914479070052e-07,-2.313570270439403e-05,-0.0004867803341407848,-0.0005413118884764339
533,0.03909002814497085,0.0265174652572112,0.04999978586076709,-3.0958722966654335e-06,-0.00021041337063561563,-0.0007986202303816959,-0.00012963759945705533,-4.88995908654033e-07,-2.212037799196001e-05,-0.0004832644330207934,-0.0005234845509207445
534,0.039328326992759705,0.025467334206985482,0.04999973457517513,-2.815858259355572e-06,-0.0002205571666782483,-0.0007894069805838331,-0.00012718939979095012,-4.2744923689497227e-07,-2.110513661501587e-05,-0.0004796893948711418,-0.0005054644815070185
535,0.0395906541154535,0.02452969252263922,0.04999967637005784,-2.5703940232317643e-06,-0.000228898825394057,-0.0007804681803700722,-0.00012537553266156465,-3.681795988086378e-07,-2.0091083679215946e-05,-0.0004760597541430394,-0.00048733696930444823
536,0.03987583532100122,0.023692043925112448,0.04999961134399888,-2.354635752241568e-06,-0.0002356379593261892,-0.0007718048318089274,-0.0001240288111148402,-3.1315337878368155e-07,-1.9079903693838292e-05,-0.00047237924520159274,-0.0004691756465068381
537,0.040182747235771095,0.022941757503859753,0.04999953972188227,-2.164327966715417e-06,-0.00024100358512511505,-0.0007634166438512216,-0.00012300581147428602,-2.641373271217162e-07,-1.807364652543179e-05,-0.00046865089906341587,-0.00045104385648481486
538,0.04051030579021936,0.022266478824726862,0.04999946184246914,-1.9957402743898647e-06,-0.00024524131413349064,-0.0007553020168192103,-0.0001221524871652946,-2.2142121736123954e-07,-1.7074572166235905e-05,-0.0004648771269846134,-0.0004329959831899948
539,0.04085746591160443,0.021654354885793453,0.049999378143415374,-1.845610930144875e-06,-0.0002486016037727132,-0.0007474582045204601,-0.00012135290307924151,-1.8584408678634645e-07,-1.6085045127922205e-05,-0.0004610597934456531,-0.0004150787262003357
540,0.04122321294215975,0.021094233462615918,0.049999289144635195,-1.7110911815371333e-06,-0.00025133083060118925,-0.0007398837733309804,-0.00012051833618897945,-1.5709807144048682e-07,-1.5107455417329543e-05,-0.0004572002803276681,-0.0003973322769089683
541,0.04160562216473803,0.020571476010201,0.04999919543089119,-1.5888464833698613e-06,-0.00025376443332038605,-0.0007325934865880867,-0.00011958475079154596,-1.347718239230744e-07,-1.4116397927027014e-05,-0.0004532963439510444,-0.00037976752691763164
542,0.041993263969048865,0.020030186483997577,0.049999097451442806,-1.4675238402482152e-06,-0.0002572186949194415,-0.0007255687948744761,-0.00011867561988765374,-1.1765033747224152e-07,-1.3126154832446177e-05,-0.0004493448550291832,-0.00036238429922521724
543,0.04238443395315786,0.01946162585501502,0.0499989954436361,-1.3456748320427447e-06,-0.00026189947380982737,-0.0007187876811269137,-0.00011779357737395912,-1.0943919193096008e-07,-1.2146285668976511e-05,-0.0004453417119242688,-0.00034517336141649254
544,0.04277908145907334,0.018865692021141044,0.049998889605714775,-1.2237058340098864e-06,-0.0002678332496139324,-0.0007122335553087488,-0.00011691992403939366,-1.0980543407868026e-07,-1.118440371074168e-05,-0.0004412841788524091,-0.00032813305879571676
545,0.04317712460810186,0.018243208759408193,0.0499987801023566,-1.1021368267595473e-06,-0.0002750421438673759,-0.0007058957105628423,-0.00011611724039539695,-1.1253444398562351e-07,-1.0246121899850658e-05,-0.00043716999247669756,-0.00031126538295340816
546,0.04357854257871568,0.017595658644708866,0.049998667064341855,-9.816314468062866e-07,-0.0002835313268250205,-0.000699767057424636,-0.00011540721607161686,-1.1658313781026663e-07,-9.335536208165217e-06,-0.00043299721273895754,-0.000294576271440891
547,0.043983323276324364,0.016924796438234344,0.04999855058924146,-8.629766322029041e-07,-0.00029329656391375523,-0.00069384334743401,-0.00011480360990390182,-1.2170157503987866e-07,-8.455672285105608e-06,-0.0004287641146243717,-0.0002780757231298307
548,0.04439145744330838,0.01623262636776705,0.049998430742378475,-7.470722380805718e-07,-0.0003043254776891994,-0.0006881225558624556,-0.00011433482723077759,-1.27482792322553e-07,-7.608821882602549e-06,-0.0004244691118354069,-0.0002617778228146026
549,0.04480292775533105,0.015521365461769632,0.04999830755795543,-6.349208307825612e-07,-0.00031660026719785515,-0.0006826039661674355,-0.00011402181553421542,-1.3373711738040583e-07,-6.796800271354377e-06,-0.0004201107049970133,-0.0002457007109154889
550,0.045217712930098214,0.014793494306722312,0.049998181040384504,-5.27625062505714e-07,-0.0003300972355893663,-0.0006772881978975016,-0.00011389361316105351,-1.4039758866601915e-07,-6.021136938828673e-06,-0.0004156874468941884,-0.00022986649680178988
551,0.04563577303882011,0.014051718064075742,0.0499980511655206,-4.263726541337484e-07,-0.00034479049281622683,-0.0006721761722551967,-0.00011396881745895371,-1.465539583023201e-07,-5.283221859652763e-06,-0.00041119792141981184,-0.00021430113284682338
552,0.046057053252893596,0.013298989625683991,0.04999791788183083,-3.3243780294738994e-07,-0.0003606509886782173,-0.0006672693144130033,-0.00011427731806179509,-1.522511894336276e-07,-4.5844170722532e-06,-0.000406640732178802,-0.00019903428019237354
553,0.04648148151285824,0.012538485308181597,0.04999778111160439,-2.4717177443784656e-07,-0.0003776483114825482,-0.0006625687866836033,-0.00011483789421617985,-1.568628533732408e-07,-3.9261395501113375e-06,-0.0004020144969971851,-0.00018409913771549763
554,0.04690895434453996,0.011773576936634046,0.04999764075196205,-1.719978914514704e-07,-0.00039575287807771284,-0.0006580756959415092,-0.00011566300236154348,-1.6017659731915046e-07,-3.3099439080600664e-06,-0.00039731784886392534,-0.0001695322746760344
555,0.047339350857805655,0.011007839317884172,0.04999749667583649,-1.0840822555405158e-07,-0.00041493468658285827,-0.0006435451846549707,-0.00011676410213112831,-1.620867209339849e-07,-2.1551548689012493e-06,-0.00039236844971249075,-0.0001555042472451522
556,0.047642735249815986,0.009915280575526613,0.04999735010566557,-7.142235945340097e-08,-0.00040746769446844153,-0.0006297148549200549,-0.00010962122905766591,-1.021648586174706e-06,-1.4364749081949853e-06,-0.00038700515105072374,-0.00014213451601055897
557,0.047922826860575425,0.00888087692551178,0.04999720242073653,-4.236012237740443e-08,-0.00040162777064383997,-0.0006166630259456908,-0.00012564624194055796,-1.3995517292642035e-05,-9.761419852252775e-07,-0.00038128491690154716,-0.0001293507525605081
558,0.04816341614115743,0.007965928048026443,0.04999705342403202,-1.9556700478923418e-08,-0.00040121047354761837,-0.0006046382134294008,-0.00022435041319113225,-3.525271677062847e-05,-6.733289665437072e-07,-0.00037524360457590983,-0.00011700573376989721
559,0.04832021568121678,0.007166185292767461,0.0499969020073441,-3.3777196859406697e-09,-0.0004153291424925529,-0.0005941439394644023,-0.00029829362756572664,-1.6773545212345198e-05,-4.7025208052651896e-07,-0.0003689070894130253,-0.00010495823526588608
560,0.04841248760181429,0.006391247203303281,0.04999674647844435,-1.3782496364060064e-09,-0.0004405576231685299,-0.000583928572436626,-0.0003121656773146242,-1.6836778513606987e-06,-3.313709372464309e-07,-0.00036229776833014173,-9.318027451541071e-05
561,0.048464168625470996,0.005653245376698993,0.049996585939107,-1.8057852242534813e-08,-0.00047019350613221046,-0.0005739775658566476,-0.00032408477272838354,-1.310722154812538e-06,-2.3612493047085986e-07,-0.0003554356416585278,-8.17099387436147e-05
562,0.04847645462852442,0.004956831999550341,0.0499964202825232,-5.444253618964964e-08,-0.0005038849870347037,-0.0005642792834895752,-0.00033444419386796653,-1.0405352668385603e-06,-1.7253790688099633e-07,-0.00034833718946556893,-7.060260295682592e-05
563,0.04844993257940963,0.004307126305181048,0.04999624943406268,-1.1143561928867416e-07,-0.00054136171540632,-0.0005548487416327414,-0.000342932267813012,-7.711978469160385e-07,-1.3333782934724482e-07,-0.0003410158353260369,-5.9929046827258625e-05
564,0.04838525811382599,0.003708493905578947,0.049996073335559596,-1.898066946720381e-07,-0.0005823232974710517,-0.0005456966186704104,-0.000348205998307094,-5.800813482892409e-07,-1.1623504801525558e-07,-0.00033348288188154524,-4.9774271982514007e-05
565,0.048283574034607424,0.003163519226503339,0.04999589195340437,-2.900564108315832e-07,-0.0006263641836418521,-0.0005368211358507169,-0.00035018540802411735,-4.813973077943956e-07,-1.2131493669702638e-07,-0.000325748164438686,-4.023583284627267e-05
566,0.048145683932823556,0.0026729707531314172,0.049995705274232936,-4.1249109099720066e-07,-0.0006731489220440962,-0.0005282210336741909,-0.0003489443042781204,-4.3049067244282924e-07,-1.4922727747603695e-07,-0.0003178215022005761,-3.14214325899422e-05
567,0.04797225800232292,0.0022363819448406154,0.049995513303415916,-5.571482623795959e-07,-0.000722346387103139,-0.0005198949721192504,-0.0003448235511314124,-4.168325347109203e-07,-2.0110759858077706e-07,-0.0003097126025166472,-2.3447206309592237e-05
568,0.04776376346562919,0.0018521956373498583,0.049995316067294626,-7.237810192694726e-07,-0.0007736573229542259,-0.0005118421016931425,-0.00033835539943538606,-4.2968795810338634e-07,-2.785407595469742e-07,-0.00030143116449399016,-1.643604335392229e-05
569,0.04752044092231071,0.0015179573261211875,0.04999511361445377,-9.118630515104288e-07,-0.0008268320259381804,-0.0005040621744038229,-0.0003301660472061485,-4.6007789933355525e-07,-3.835763878821082e-07,-0.0002929869488210682,-1.051614755329162e-05
570,0.04724230069056628,0.0012305052307020727,0.04999490601577491,-1.1206053509023862e-06,-0.0008816913470888316,-0.000496555302683694,-0.00032092208857648075,-5.021158244744583e-07,-5.187504086464237e-07,-0.00028438983658921686,-5.8199304846984295e-06
571,0.04692914658792596,0.0009861765079347896,0.04999469336404043,-1.3489707313982172e-06,-0.0009381363950147763,-0.0004893219724990588,-0.0003113033017143607,-5.515104817277461e-07,-6.87120345849509e-07,-0.0002756498823854691,-2.48329964860557e-06
572,0.046580594726893076,0.0007809897038706012,0.04999447577310416,-1.595705545687384e-06,-0.000996160024463774,-0.0004823627229556867,-0.00030195238650776446,-6.06166224770277e-07,-8.922746533508522e-07,-0.00026677736771173687,-6.453673319097214e-07
573,0.04619611874947494,0.0006108112719672455,0.04999425337665675,-1.8593624491075291e-06,-0.001055848931821315,-0.0004756779667914206,-0.0002934500516857952,-6.656033519902849e-07,-1.1383300462795693e-06,-0.00025778285842055894,-4.485832228598168e-07
574,0.04577510040802411,0.00047149137222749063,0.049994026327093925,-2.138320998070138e-06,-0.0011173807378964836,-0.00046926773086680153,-0.0002863150439225137,-7.296482067431498e-07,-1.4299101355346242e-06,-0.0002486772654314319,-2.0392571183433213e-06
575,0.04531687901428306,0.00035897621557604855,0.0499937947945136,-2.4308060954580338e-06,-0.001181017834596101,-0.00046313141883998454,-0.0002810032747220248,-7.973673632477585e-07,-1.7721081601739993e-06,-0.00023947190955555758,-5.568424045537967e-06
576,0.0448207978390578,0.000269398034733271,0.04999355896595965,-2.73490280057371e-06,-0.0012471013993628393,-0.000457267658300565,-0.0002779035421553999,-8.682401926307648e-07,-2.1704645932164737e-06,-0.00023017858676024146,-1.1193001594209375e-05
577,0.04428624319481514,0.00019914334513645318,0.04999331904496221,-3.0485691193615253e-06,-0.0013160426589011887,-0.00045167422601421277,-0.00027733188471756876,-9.406388130628329e-07,-2.630917807982851e-06,-0.00022080963262525387,-1.9077184228275458e-05
578,0.04371269137196618,0.0001449055561056627,0.049993075251392315,-3.3696421553287145e-06,-0.0013883131514622062,-0.00044634824499278436,-0.0002795442705973983,-1.0122172398041585e-06,-3.159807778957702e-06,-0.00021137798352650582,-2.9394017959154936e-05
579,0.043099739566176874,0.00010371984725658598,0.04999282782152756,-3.695847408138449e-06,-0.0014644349605936998,-0.0004412864159716169,-0.0002847395953722298,-1.0807818853209028e-06,-3.7638838366229808e-06,-0.00020189723122406275,-4.2327112435198857e-05
580,0.04244713180571501,7.298160761196343e-05,0.04999257700803911,-4.024812479806558e-06,-0.0015449754381911102,-0.00043648529666649206,-0.0002930423943325877,-1.1448927352830651e-06,-4.450345638367154e-06,-0.00019238167151100822,-5.8072446030664e-05
581,0.0417547920476117,5.045083999945427e-05,0.04999232307993419,-4.354067572342218e-06,-0.0016305366545083947,-0.00043194202150690676,-0.00030452877399511635,-1.202357793772535e-06,-5.226927008094419e-06,-0.0001828463451855593,-7.684022231564967e-05
582,0.041022843663738685,3.42430325745174e-05,0.049992066322218594,-4.6810612292691395e-06,-0.001721750429537328,-0.000427654373905405,-0.00031919320463202894,-1.251071580554708e-06,-6.101965993614931e-06,-0.0001733070742691469,-9.885674571300642e-05
583,0.04025162986798309,2.2808250216092575e-05,0.0499918070353335,-5.003156304910408e-06,-0.001819270232255045,-0.000423621724577341,-0.00033698356128297746,-1.291266926273238e-06,-7.084610903995195e-06,-0.00016378049229814163,-0.00012436628496074868
584,0.03944172846264634,1.4901140424072567e-05,0.049991545534154,-5.317647007484061e-06,-0.0019237676504922424,-0.00041984523068549465,-0.00035777068114839494,-1.321855847891129e-06,-8.184936181275754e-06,-0.00015428407025033222,-0.0001536328876101799
585,0.03859396839535714,9.54505710492883e-06,0.04999128214658813,-5.621745773050719e-06,-0.0020359230874081187,-0.00041632839962426097,-0.00038137048250064254,-1.3435590062726988e-06,-9.414160993905183e-06,-0.0001448361427399763,-0.00018694211653845751
586,0.03770943840794778,5.9927985068511325e-06,0.04999101721206622,-5.912588061748755e-06,-0.0021564236873739787,-0.0004130769361522193,-0.00040752938366495073,-1.3568768508775975e-06,-1.078476074212095e-05,-0.00013545593690009202,-0.00022460269015610286
587,0.036789490409133555,3.687012845464285e-06,0.049990751080015786,-6.1872159343289506e-06,-0.002285956269594234,-0.0004100990509283194,-0.00043592421570792794,-1.3632574109578854e-06,-1.2310682339519001e-05,-0.00012616360587466496,-0.0002669479828716339
588,0.035835745977162416,2.222613259829688e-06,0.049990484108813876,-6.442561477683878e-06,-0.0024252017841390992,-0.00040740512939245726,-0.00046619688509963453,-1.365177809020679e-06,-1.4007408591455224e-05,-0.00011698026854073142,-0.0003143373810794552
589,0.03485009110893452,1.3127979018200628e-06,0.04999021666539631,-6.675431014627304e-06,-0.0025748330399910833,-0.0004050072642507755,-0.0004979059449397027,-1.3638594964504591e-06,-1.5891987583449553e-05,-0.00010792805950939522,-0.00036715746595491946
590,0.03383467271261762,7.598616118796699e-07,0.04998994912613791,-6.882476845457716e-06,-0.002735506654832377,-0.00040291865415696747,-0.0005305721424520016,-1.3616523801829317e-06,-1.798290508983936e-05,-9.903018962381797e-05,-0.0004258229733019606
591,0.03279190023190682,4.311116731232619e-07,0.049989681879646225,-7.06016517237168e-06,-0.0029078566009391026,-0.00040115304384607175,-0.0005636819405481219,-1.3599022850030451e-06,-2.030001683351114e-05,-9.031101520483294e-05,-0.0004907775504891535
592,0.03172442211792375,2.3985132159164483e-07,0.049989415331581466,-7.204775622705006e-06,-0.0030924929694023454,-0.00039972383977829036,-0.0005966527387499809,-1.359394673272618e-06,-2.2864301588491607e-05,-8.179611371225286e-05,-0.0005624942603693542
593,0.030635123075444526,1.309283814962111e-07,0.04998914991190612,-7.312376307118902e-06,-0.0032899901977414096,-0.0003986435982110065,-0.0006288722506724298,-1.3607073015009519e-06,-2.569754283050974e-05,-7.351236457656932e-05,-0.0006414757808921554
594,0.02952710827907658,7.017370886695842e-08,0.04998888608470061,-7.378849425608146e-06,-0.003500881801418232,-0.00039700256124242756,-0.0006596919265575707,-1.3662933042724035e-06,-2.8822074078781798e-05,-6.548803039993965e-05,-0.0007282542972625746
595,0.028386265709275424,3.665770866632001e-08,0.04998862436084369,-7.344734665531874e-06,-0.003712947499226132,-0.0003946074886426592,-0.0006913463003002107,-1.4299911299531232e-06,-3.114864202786063e-05,-5.7355381159662476e-05,-0.0008227491014049675
596,0.027206913417749223,1.8590300532258993e-08,0.04998834625653101,-7.168460991020587e-06,-0.00391727078110102,-0.00039576304588281885,-0.000724125187844038,-1.3163103176339064e-06,-6.029025100135299e-05,-4.978469758418026e-05,-0.0009264707293166288
597,0.026080871457905594,9.555849337747217e-09,0.049988069644928274,-7.1310590761827825e-06,-0.004184035676721383,-0.0003971695431987126,-0.0007443113718181849,-9.5646112185932e-07,-5.849970844696359e-05,-4.2563757075820626e-05,-0.001039685247115304
598,0.02494420220436584,4.825176292190249e-09,0.04998780341503678,-7.029305943823401e-06,-0.0044641152675891915,-0.00039914766161155865,-0.0007734712562523782,-2.332938493054826e-06,-5.906403732894334e-05,-3.580918947231729e-05,-0.0011632190317574322
599,0.023802360915374313,2.4009269595918865e-09,0.04998754716600996,-6.855458448536849e-06,-0.004757307966308128,-0.00040203226782240236,-0.0007913392037153244,-2.4693417799426243e-06,-6.203748066736911e-05,-2.9530773298568673e-05,-0.0012977046602426344
600,0.022661554630153145,1.1806472223454695e-09,0.04998730143183418,-6.600961122717493e-06,-0.005061404525349057,-0.00040568805184327747,-0.0008003390394151211,-2.1734929305239348e-06,-6.713736021222348e-05,-2.374651323991412e-05,-0.0014437732155827558
601,0.02152607840146553,5.754808521364348e-10,0.04998706734528438,-6.265901862935846e-06,-0.0053773816226187765,-0.00040768742471341635,-0.0008094055810943246,-2.464256340317661e-06,-0.0001583905326991749,-1.8314728483685485e-05,-0.0016013491852600117
602,0.020347821256519422,2.68218822236617e-10,0.04998683163953794,-5.657206496528881e-06,-0.0056432003294526675,-0.0004135763231742363,-0.0008388517308048904,-3.168400553477113e-06,-0.00011942037666787078,-1.3524071347067858e-05,-0.0017719775097020662
603,0.019253372274994587,1.3081012526912047e-10,0.04998660204784702,-5.219914770565951e-06,-0.006004313095924714,-0.00041962370833735984,-0.0008501531556248665,-2.5153074147965526e-06,-0.00012225494934913785,-9.363614627414502e-06,-0.0019561808792858903
604,0.018158684600088952,6.260873208303749e-11,0.049986395779668756,-4.651533003635965e-06,-0.006358102817058352,-0.0004257510711827087,-0.0008925815927796066,-5.098743258713512e-06,-0.00012725729179448517,-5.777009864630822e-06,-0.0021536899734423756
605,0.017064219205370098,2.9437065929432766e-11,0.049986190902015504,-3.9410458005780764e-06,-0.006694372435048743,-0.0004352651137709032,-0.0009474167018197477,-5.887937277293531e-06,-0.0001890905905184866,-3.053513044133945e-06,-0.0023669814374733156
606,0.016041918428224455,1.4527981561004118e-11,0.04998600944968023,-3.344089660861646e-06,-0.00711766663683324,-0.0004435219385607403,-0.000984943239018321,-4.874137630395126e-06,-0.0003343273884746653,-1.1075154359713915e-06,-0.0025950660373946625
607,0.014998901848612628,6.838375313595201e-12,0.04998584515896445,-2.54910704622762e-06,-0.007474123262320197,-0.00045608627167376153,-0.0010901275090873241,-8.721720405446831e-06,-0.00026692924128921875,-1.226776537220939e-07,-0.0028403317461832625
608,0.01404367654807042,3.472782416509424e-12,0.04998570630369107,-1.9334991615558857e-06,-0.007955830025012241,-0.00046799738735261304,-0.001157440128736198,-5.467496521305293e-06,-0.0004380986574360359,-1.5193747111229559e-07,-0.003102135881643755
609,0.013076680029308127,1.673831969434422e-12,0.04998559391411863,-1.2156398783561256e-06,-0.008368023168143368,-0.00048282670456684497,-0.0013077881885692477,-9.964780474547297e-06,-0.0005677993340566162,-1.2929053373985344e-06,-0.0033831554574265763
610,0.01216365439090927,8.340612267711808e-13,0.049985505632613614,-6.340992046526606e-07,-0.008842712680790092,-0.0005016816011266032,-0.0014568769838660955,-7.496077159885317e-06,-0.00043874770047608704,-3.724477946732502e-06,-0.003682386351240122
611,0.011325370154028899,4.4582474018222777e-13,0.049985456484443296,-2.548728320706601e-07,-0.009450419435126763,-0.0005210411186279145,-0.001579121919348836,-5.081058588984888e-06,-0.0006568811038635965,-7.538615529224106e-06,-0.004002385749793687
612,0.010502316783548814,2.3635269231680896e-13,0.049985449429431165,-1.4939866162583084e-08,-0.009996234368526716,-0.0005428252788775084,-0.0018058903515338898,-1.1585579159145709e-05,-0.0005307156181864844,-1.2892070768702553e-05,-0.004344430749282321
613,0.009814333135026016,1.754247013066775e-13,0.04998547725251817,-7.625925923385941e-08,-0.010658239269623235,-0.0005693246986199861,-0.001979852793738246,-6.077669240767136e-06,-0.0006286659366052577,-1.9592226351329662e-05,-0.004713017126919832
614,0.009211350013815197,1.295321012751973e-13,0.049985568511393436,-4.400807208029782e-07,-0.01147560419640041,-0.0005993848441139531,-0.00213542184792459,-4.3741179069911595e-06,-0.0006286579708909679,-2.803923842529523e-05,-0.0051072744735679715
615,0.008650202688079627,9.285455707910112e-14,0.049985745677548564,-1.1609353111152518e-06,-0.012378650477319925,-0.000631955597741946,-0.002306076930835843,-5.736914317822084e-06,-0.0008900650176148387,-3.816939941161405e-05,-0.005530544212194723
616,0.00807689010727716,6.700056292864653e-14,0.049985984095982906,-2.539885784800966e-06,-0.01321047985685623,-0.0006689288304280454,-0.0025584425311535597,-1.0646878763509449e-05,-0.0007364441047133457,-5.0276179156965153e-05,-0.005983895479895243
617,0.0075575962493054085,4.915725711235227e-14,0.0499862698947692,-4.5559511435747e-06,-0.014167118652476033,-0.0007104336288798631,-0.002751244930550456,-7.312298748729518e-06,-0.0008533534427696244,-6.448800581055544e-05,-0.006469929092469594
618,0.0070797461244681,3.568561417891347e-14,0.049986616676657936,-7.380152679065858e-06,-0.015221201826805973,-0.0007438213524221925,-0.002940658712759614,-8.279715984826908e-06,-0.0009789141600932518,-8.098341385413158e-05,-0.006991210672069356
619,0.006620850137911423,3.106889572565983e-14,0.04998702884486467,-1.0108462046710637e-05,-0.015988157182676196,-0.0007261398166491517,-0.0040457951836287975,-0.00016792053065728396,-0.0011964460602027673,-9.927570037790296e-05,-0.007526908626841933
620,0.0061052416261171034,8.190910396481928e-14,0.04998734308287557,-8.385199094190123e-06,-0.014954038621091532,-0.0007277303658891499,-0.004514390602707863,-7.306002953555435e-05,-0.001903868116179669,-0.00011883703603091873,-0.008063615989652453
621,0.005626128259933947,2.0297520927089502e-13,0.049987455807425696,-6.920338287310573e-06,-0.013876883206710162,-0.0007330743468321938,-0.003763232845813036,-0.0001017811955534853,-0.0023481518808583825,-0.0001394768828358105,-0.00860098416956887
622,0.005188508967609602,4.1307438426223044e-13,0.04998736130718582,-5.474398811469931e-06,-0.012975832404708142,-0.0007364443057850632,-0.0030909322667866945,-0.00016716150275897235,-0.0021526548075597937,-0.0001611110605015901,-0.009136705431970182
623,0.004792962071461026,6.555876004654148e-13,0.0499870688031507,-4.031254139619524e-06,-0.012286318776103297,-0.0007412230845106581,-0.002896171761676669,-0.00019129544671159238,-0.0027076583192103434,-0.00018321377465749944,-0.009672774176684638
624,0.004374045675413466,8.017907850598791e-13,0.04998655615980847,-3.2988075350965253e-06,-0.011412967234228957,-0.0007451532832926963,-0.0032301449682563543,-0.00013109022984281182,-0.002737424027596195,-0.00020571260128978916,-0.01020854270395941
625,0.004010987006635612,8.263881946004649e-13,0.04998580002565083,-2.391864083896448e-06,-0.010807866968175752,-0.000749774252014197,-0.00369897298514843,-9.130820399150252e-05,-0.0029303451176599274,-0.0002288171914115005,-0.01074237129642052
626,0.0036721944403160693,7.487704372007197e-13,0.04998482333854969,-1.6337877800083486e-06,-0.010287970675166664,-0.0007533599150140166,-0.004042746964842081,-3.525679494487122e-05,-0.003614371239215932,-0.0002521019262619095,-0.011274787159957106
627,0.003331335399503842,6.217980829864951e-13,0.04998355898133935,-1.228509197893325e-06,-0.009654285271601663,-0.0007662045949408415,-0.0043024648912250996,-2.3625405447091907e-05,-0.0035391258249956336,-0.00027520731627349396,-0.011805761149145624
628,0.0030365462095233915,5.320009148309129e-13,0.04998201011156791,-7.131637419652962e-07,-0.009262163250979522,-0.0007761953736197719,-0.00444707740098238,-2.624915578053333e-05,-0.004170184059404141,-0.0002984015763770418,-0.01233307114291441
629,0.0027417304680569556,4.442185349038885e-13,0.04998014020205871,-4.702879344889842e-07,-0.008736135928422,-0.0007920310311430906,-0.0045697628520429134,-2.0584644516929984e-05,-0.003973754650592086,-0.0003217011525355644,-0.012855312897859692
630,0.0024716693662262634,3.874040561902161e-13,0.04997788480173645,-2.70554646503769e-07,-0.008276530644107483,-0.0008178753645296307,-0.004697864409536123,-2.6801217245520093e-05,-0.004383670163615098,-0.0003436100677527904,-0.013375861148459576
631,0.0022315693514517146,3.6562707398684573e-13,0.049975243358568455,-9.410767878417035e-08,-0.00794553817279121,-0.0008381648765404195,-0.004884295631200075,-2.9864011594327167e-05,-0.005050364775454522,-0.000365872925521053,-0.013887781260267905
632,0.001997828179644345,3.4490936957864174e-13,0.04997215091466589,-3.959271256641005e-08,-0.0074902103927593465,-0.0008657975740206417,-0.0051972451619803905,-2.7819874958368018e-05,-0.0048795192946499396,-0.0003880153231174121,-0.014391327811554942
633,0.0017878966796809556,3.5031859052313436e-13,0.049968524947089074,-7.054645608494122e-09,-0.007101885093737548,-0.0009065299521425273,-0.005618453491479158,-3.1699310056865215e-05,-0.00531904640028101,-0.00040830612585874247,-0.014890636800169877
634,0.001605101538332138,3.9350521124551847e-13,0.04996435597330712,-6.665150824377191e-09,-0.006845616482630307,-0.0009502570987986032,-0.006192655768245459,-3.984904833487235e-05,-0.005505907144599739,-0.0004273158170676953,-0.015382940921262543
635,0.0014392136257977152,4.689647775699709e-13,0.049959597861423795,-4.718054399960652e-08,-0.00660312087645367,-0.0009885739301778561,-0.006955044809728861,-5.0472892326069996e-05,-0.005690583927803035,-0.00044589505364060896,-0.01586480604404386
636,0.0012855132044230708,5.769369962869617e-13,0.04995414534747479,-7.281952831778577e-08,-0.006310134560504055,-0.0010316893837664738,-0.007770696189254522,-5.197722930461168e-05,-0.006115965153354894,-0.00046343986200035207,-0.016337133510740006
637,0.001148910707268298,7.669314827061236e-13,0.04994790537575275,-9.408554396604872e-08,-0.006066162764181949,-0.0010937259262784745,-0.008591512218117714,-5.6501896324334666e-05,-0.006632107773986102,-0.00047870178152786325,-0.016802647656038252
638,0.0010318495290111316,1.1618576374564098e-12,0.04994084818668049,-1.4816674133028024e-07,-0.005941305028938303,-0.0011605937137815529,-0.009515948593616486,-6.43694365862757e-05,-0.006949138715694679,-0.000492286097340259,-0.01725876971962517
639,0.0009273567307391226,1.875624210654122e-12,0.04993292519656299,-1.8362479122949258e-07,-0.005838326543456296,-0.0012325077585244525,-0.010357762686908245,-4.6327757445396855e-05,-0.007327885534661608,-0.0005038103477613508,-0.01770600146487515
640,0.0008339742930272303,3.1874927821095836e-12,0.049924059977907054,-1.9628308951268484e-07,-0.005765059959323605,-0.0013106579753480315,-0.01092530321329832,-2.6447838536114432e-05,-0.007757262263932279,-0.0005133676184724185,-0.01814384673716222
641,0.000750036729642529,5.5865868472989606e-12,0.04991417229976927,-1.8982852118069726e-07,-0.00572568691311815,-0.001396871551962991,-0.011120886541903019,-1.615412656974513e-05,-0.008229100713698262,-0.0005210377300395032,-0.018572222590165163
642,0.0006740697521819782,1.007520725318305e-11,0.04990317670784945,-1.6956460329072e-07,-0.005720827532024572,-0.0014925386446967212,-0.010924020782113075,-1.688321935944259e-05,-0.008735669815945353,-0.0005268998105056064,-0.018991204242248972
643,0.0006047882936776755,1.871807996635495e-11,0.049890981948135155,-1.405752187735137e-07,-0.005747297201087749,-0.0015983555012549278,-0.010367765091359615,-2.3442733436240815e-05,-0.009270229738911593,-0.000531037919732895,-0.019400861501097363
644,0.0005412000036153454,3.544369424214462e-11,0.04987749078911776,-1.0768980292632165e-07,-0.005797791773354651,-0.0017147473533922052,-0.009551038034260273,-3.3562828321009874e-05,-0.009827328989287698,-0.0005335406426496567,-0.019801197216904057
645,0.0004825848632347529,6.721099345186662e-11,0.049862600007010593,-7.505573175359277e-08,-0.0058625513985403055,-0.0018420015883372444,-0.00858705211430788,-5.0516388000687584e-05,-0.01040137332228651,-0.0005345019950804788,-0.020192066051582844
646,0.000428386656708829,1.2600111756702522e-10,0.0498462002423149,-4.5796240272450615e-08,-0.005932645273891121,-0.0019733715539987586,-0.007554762996733189,-7.011403067735955e-05,-0.01095843769632044,-0.0005349916822197309,-0.020570277386520928
647,0.0003775324953733565,2.2327035833378677e-10,0.049828146573634435,-1.5965459523365953e-08,-0.005981905747439837,-0.00212572498506801,-0.00650262925773859,-8.421201346209273e-05,-0.011611486771090591,-0.0005329753590204245,-0.020941336667377682
648,0.0003311947202576449,3.950761202764096e-10,0.04980831982649465,-4.448722840389061e-09,-0.00603579330315043,-0.002289947906762815,-0.005646976176649332,-7.217312668217346e-05,-0.012184696829057845,-0.0005302810093807794,-0.021299420827133795
649,0.00028860072780551656,6.645280538269654e-10,0.049786629044852274,-3.128172109359933e-11,-0.006066212263495876,-0.0024664402354803105,-0.005059228744357824,-5.407325443229638e-05,-0.012757067613629037,-0.0005263292566487333,-0.021645585478931906
650,0.00024996143292947616,1.0678211302793734e-09,0.04976294029578333,-3.1690512264462996e-09,-0.006076488422551072,-0.001850373039528936,-0.00468415068462491,-3.712613397510722e-05,-0.009493901360580877,-0.0005273027593813587,-0.022006732271836957
651,0.0002091534490540952,1.3790700450877996e-09,0.049737913714544876,-5.665102698009077e-07,-0.006944354551664807,-0.001367942266383274,-0.005380832124501467,-0.0001624474098207429,-0.007685104852100135,-0.0005317912075425444,-0.02238242110163943
652,0.00017858813729388726,2.0285404344829316e-09,0.04971294946967828,-2.3402128783102245e-06,-0.007980969155036152,-0.0010657114424364698,-0.005978909321129322,-0.0003142637142445892,-0.006579636703119261,-0.0005461500681439732,-0.022800487041837614
653,0.00015532217044665516,2.7244922139157726e-09,0.0496877875244808,-5.285610616485542e-06,-0.008946778113830683,-0.0008843616841583898,-0.0071931444108486176,-0.0003120577021036297,-0.005677974326092123,-0.0005648383467403867,-0.02325223623465648
654,0.0001373311007613677,3.941523292314755e-09,0.04966227122536254,-8.799268232921184e-06,-0.00994303593334274,-0.0007674950291853717,-0.00802503153681755,-0.00018329729209654033,-0.005213252550511406,-0.0005869234955453356,-0.023732994571691368
655,0.00012215197283820626,5.9279826197795755e-09,0.04963635433476116,-1.3178107722506569e-05,-0.010918989284412726,-0.0006903909336524165,-0.008085298351943493,-7.01520693837665e-05,-0.004971822331384567,-0.0006112724383767748,-0.0242404194195278
656,0.00010853950059302635,8.521646784735585e-09,0.049609906835189815,-1.8269846190692878e-05,-0.011821660818289193,-0.0006384423500134254,-0.007751688361167908,-5.4597727284999564e-05,-0.004882532829012309,-0.0006373158254416066,-0.024771082822303225
657,9.598678956628952e-05,1.1495872967429217e-08,0.04958278360395488,-2.39044270941233e-05,-0.01263093590601577,-0.0006031473454110566,-0.007375036831945181,-4.0800077840685844e-05,-0.004897483891531475,-0.0006646458674950361,-0.02532178591868637
658,8.436209022624883e-05,1.4738471379115616e-08,0.04955483212058908,-2.9958990619299088e-05,-0.013353526690336869,-0.0005793062568669972,-0.007068427745252848,-2.44595230469713e-05,-0.004986145433763792,-0.0006929406266300959,-0.025889633847123724
659,7.36708581676015e-05,1.821961666832354e-08,0.04952590244836608,-3.6339986268955596e-05,-0.014002277696752333,-0.0005635623017827525,-0.006825269665569067,-1.3761646187049337e-05,-0.00513729459213905,-0.000721940969090883,-0.026472083112700093
660,6.393023274704853e-05,2.2032844922648852e-08,0.049495846349704824,-4.296280245031327e-05,-0.014586384646673134,-0.0005536243270694461,-0.0066256457939744,-8.266047188953962e-06,-0.00534611877580474,-0.0007513861100172758,-0.027066756334484555
661,5.512650962887538e-05,2.6315549915316148e-08,0.04946451312706031,-4.9729911816403304e-05,-0.015110619660527414,-0.0005479901996120921,-0.00645453343167901,-5.659121598000638e-06,-0.005606995096006819,-0.0007810202625345273,-0.027671467651606937
662,4.724152167824086e-05,3.122786100686847e-08,0.04943174895857628,-5.658381619249904e-05,-0.01558351170470558,-0.0005455488712107613,-0.0063003674149513245,-4.39336554336478e-06,-0.005910234730739787,-0.0008105927110446391,-0.028283361216842634
663,4.019729546407284e-05,3.656062048758847e-08,0.04939739837201116,-6.334909154403921e-05,-0.016006719770081113,-0.0005365793984431921,-0.006156969349831343,-3.6683102280221647e-06,-0.006443670278041768,-0.0008414749802172902,-0.028898238941418776
664,3.3929571392254536e-05,3.764650703519703e-08,0.04936116248723008,-7.12454699245764e-05,-0.016375234977165157,-0.0005429635725532377,-0.006003547925502062,-5.336642516340362e-06,-0.006699394594237443,-0.0008715541698630999,-0.029517282239364576
665,2.852432954620459e-05,4.478287553952675e-08,0.04932295416857647,-7.777368377281891e-05,-0.016754438243824284,-0.0005511808725334492,-0.005808583926409483,-3.3698452170938253e-06,-0.007084154669438518,-0.00090113813185797,-0.030139362425653606
666,2.3862660383644287e-05,5.2632844439173125e-08,0.04928278578560399,-8.448142897239316e-05,-0.017116402752591183,-0.0005606024813730249,-0.005734260659664869,-2.7633084300759947e-06,-0.007510961442830801,-0.0009296617051646315,-0.030764922793282447
667,1.987440089218145e-05,6.176530953851133e-08,0.04924054350016502,-9.142334577297339e-05,-0.017484624446329273,-0.0005773505453892026,-0.005715181585401297,-8.955307748692576e-07,-0.007978217334039308,-0.0009570330030601786,-0.031393767100593564
668,1.6456490546547084e-05,7.251530977217335e-08,0.049196122585861146,-9.822126864046318e-05,-0.01783414530072775,-0.000619356096122704,-0.005730247125029564,-1.7615362821743474e-06,-0.008603513980082057,-0.0009846966811067213,-0.03201575864059332
669,1.3433444969830378e-05,7.493821200289498e-08,0.049148931627006065,-0.00010473347985180907,-0.018045464662619044,-0.0006766260711225823,-0.005890490021556616,-1.1107798854936846e-05,-0.00900164368350559,-0.0010101865168615992,-0.03263268907806086
670,1.0947272109178643e-05,9.424477517253448e-08,0.04909873004499102,-0.00010947205218397761,-0.01833368728677539,-0.0007352195607106286,-0.006272499915212393,-3.99287928303238e-05,-0.009506898180612268,-0.001033815585025307,-0.033245293056280316
671,8.91143441391699e-06,1.1776039102733334e-07,0.04904554053595431,-0.00011485323385669117,-0.018728234405950738,-0.0007948579141617067,-0.007341076619923115,-0.00011662474571494386,-0.010049412377995497,-0.001057554242556489,-0.03385252591006482
672,7.258122169380378e-06,1.4907005877727192e-07,0.04898896380411916,-0.00012123630735153348,-0.019310308900593487,-0.0008658774934526761,-0.0086751077324152,-0.00013336804113350809,-0.010688241216925994,-0.0010766946684444554,-0.03446599714173221
673,5.925178626388364e-06,2.2271155714318253e-07,0.048928967343499365,-0.00012714409439213377,-0.020078812876285546,-0.0009517448780402042,-0.009853321127593517,-8.972098294179887e-05,-0.011321103527940683,-0.0010955700065959392,-0.03508200986774625
674,4.845926815457144e-06,4.031663039988193e-07,0.048865527113855986,-0.00013223302270246861,-0.021004768720474715,-0.000898810273122573,-0.010551822371780872,-4.4311480451142415e-05,-0.012349495730244334,-0.0011119241122984314,-0.03572173332432881
675,4.014935888676637e-06,5.838700409727571e-07,0.0487989042037778,-0.0001451672739564288,-0.0224470550355048,-0.0008603412701196942,-0.01077278982847929,-1.2278273061383516e-05,-0.013242199737481856,-0.0011239000322474573,-0.03638938218756554
676,3.3206668529995233e-06,1.0666607297534553e-06,0.048730002864709236,-0.00015681423911699703,-0.023956346054121853,-0.0008381296051131379,-0.010551903396844864,-2.969670049424167e-06,-0.014316362485112985,-0.0011322849485854972,-0.037098264293747234
677,2.7318881805052543e-06,1.7184201129831262e-06,0.048658794513555356,-0.00016919414958903488,-0.02545035256385901,-0.0008205357629822523,-0.010574664920568466,-8.237658221332822e-06,-0.015540849124552364,-0.0011392139316594512,-0.037838284693964754
678,2.229881921805467e-06,2.1030909653034555e-06,0.048584571594650225,-0.00018389998219756518,-0.026976625962792735,-0.0008293076923792184,-0.01037103496491909,-7.297509000636637e-06,-0.01673981343828002,-0.0011421789886462504,-0.03861172987377849
679,1.8075371842529328e-06,3.434072703867596e-06,0.04850743450659493,-0.00019491430161257877,-0.028429010000278643,-0.0008722003337014693,-0.009934021160006523,-9.379792572872248e-06,-0.018132425022090917,-0.0011419362720467483,-0.039410372569504415
680,1.446717367568404e-06,4.074698299759086e-06,0.04842702281556172,-0.00020690065537013475,-0.029777141166803012,-0.0009699874306557978,-0.009749007411301136,-7.053448825899977e-06,-0.01879234450658689,-0.0011352846521494524,-0.04024358131847802
681,1.144646880994373e-06,5.037241038207347e-06,0.048342472674453435,-0.00021616379261571109,-0.031006126481850985,-0.001076618854955519,-0.009131742641329765,-1.7156527974293567e-05,-0.019730426850065406,-0.00112706506835768,-0.041090601081032824
682,8.995590605756644e-07,5.9352319631656385e-06,0.04825344463487992,-0.00022543911372251764,-0.032228358627999325,-0.0011928289738299116,-0.008390912786126137,-2.8974603992537595e-05,-0.020692984718059797,-0.0011151719019675684,-0.04196000719762172
683,7.012849510776024e-07,6.772852590306131e-06,0.04815979545861093,-0.00023482502630556897,-0.03345270741666028,-0.001319176302160698,-0.007697786670178175,-3.9872360503068194e-05,-0.021768272707570816,-0.0011024437395361845,-0.0428499964257288
684,5.419451343016917e-07,7.596923019603188e-06,0.0480612174733816,-0.00024422521309483105,-0.034688501169671725,-0.0014531036885056096,-0.007081651594489813,-3.646227196441032e-05,-0.022704420245715264,-0.0010835605290210914,-0.04376760760369293
685,4.15262321576204e-07,7.544154212785228e-06,0.04795771999362486,-0.00025448672651760476,-0.035927019502047644,-0.0015916826663132221,-0.006497874855995178,-3.083754563704133e-05,-0.023750591001720514,-0.001061508664811006,-0.04471073193094946
686,3.148006073364896e-07,5.653137395947137e-06,0.04784879132707367,-0.000266652116743909,-0.03713838856021392,-0.0015253864063537966,-0.005843085236847401,-3.719677624758333e-05,-0.026433853658719537,-0.0010382141105549105,-0.045692897704630774
687,2.3788012281443335e-07,4.321900416963299e-06,0.047735117657754456,-0.0002839790460211444,-0.03864950730897569,-0.0014627758473628183,-0.005261718761175871,-2.2758193154004402e-05,-0.028962633209822553,-0.0010075668602841272,-0.04671716244644097
688,1.776236870931415e-07,2.585849523837508e-06,0.047618495422908406,-0.000302800781258529,-0.04005773927215825,-0.0015737428664210158,-0.005127470009028912,-3.107806696789339e-05,-0.03007990470689886,-0.0009713959805355862,-0.047784911025850786
689,1.3004291175483655e-07,1.2032271256806812e-06,0.0474974335661541,-0.000316497217848527,-0.040999471954360926,-0.0017187890529145055,-0.0049794334918260574,-2.5599558284739032e-05,-0.03159215202297282,-0.000933711605481946,-0.04888199114626376
690,9.388145474385685e-08,4.973637767813161e-07,0.04737015810478548,-0.0003284794712034544,-0.04183716934844092,-0.0018623254624446724,-0.00448300875723362,-0.00011617474956437945,-0.032857041570635646,-0.0008943084364901986,-0.049999497184410456
691,6.668553645040936e-08,1.6768518226926572e-07,0.04723646068920362,-0.0003398428077430761,-0.04254861684348685,-0.002010952850091432,-0.003927066922187805,-0.0001010507476166822,-0.03429968631464975,-0.0008527020509599517,-0.05114031158662581
692,4.691528940902415e-08,7.195709357432614e-08,0.04709651505687044,-0.00034701299151105734,-0.043114474637901246,-0.0021553535895638245,-0.003509562462568283,-6.217172631295398e-05,-0.035489662491514994,-0.0008034578389252717,-0.05230744877450804
693,3.2370462024412416e-08,1.4232115439520374e-08,0.046950432659622204,-0.00035671943899218757,-0.04334214631088121,-0.002300198341894375,-0.0030763617251068354,-7.1832058893051e-05,-0.036812298559015355,-0.0007533122354410948,-0.05349083148269165
694,2.1942071246000657e-08,1.9569539389937668e-09,0.046797344336646965,-0.0003652634563382696,-0.04325993770389951,-0.0024458781147163994,-0.002740951720625162,-7.082436786731705e-05,-0.03816199270593136,-0.0007008083930521754,-0.05468740484780225
695,1.4597820828301925e-08,1.8158020172363328e-10,0.04663703932435937,-0.0003723963642498646,-0.042845337997208466,-0.002600241845523151,-0.00249518733471632,-7.487649418180808e-05,-0.0398186562001578,-0.000646004310874319,-0.055891872812122614
696,9.629747538100645e-09,2.170536623690079e-11,0.0464697840921021,-0.000375146403622736,-0.042282660623442346,-0.0025513510614396323,-0.002322453074157238,-3.8962803955655545e-05,-0.04546429017656023,-0.0005839361150307018,-0.05710478391482783
697,6.115004510637488e-09,6.06764245571259e-13,0.04629646294075343,-0.00038597620468175625,-0.04155721479830307,-0.0025270890954289353,-0.002132339170202613,-6.648852286161855e-05,-0.04454394997788985,-0.0005161665163339763,-0.05834659140146924
698,3.78030331724978e-09,1.0266877486901573e-14,0.04611779631529975,-0.000394468811485834,-0.040488201535425886,-0.0026824455874878716,-0.002202440518885851,-0.00013037805911153555,-0.048180287432043535,-0.00044900856858728607,-0.05956746434373124
699,2.2982141757089303e-09,1.5370280279771258e-16,0.04593183331730453,-0.0003944590419898205,-0.038795273688470036,-0.0028406880005860946,-0.002341685350984335,-1.2635589882847853e-05,-0.04983322387627914,-0.0003811380716583479,-0.06077440328359765
700,1.3639550229275622e-09,1.5615640939748825e-18,0.045737827191340494,-0.000392194710532742,-0.03698560206337744,-0.003009945533125318,-0.0022444489877671003,-1.68005299201468e-05,-0.05206006201684717,-0.0003142703762910844,-0.06196034354592122
701,8.000531393612296e-10,2.6664415463144492e-20,0.04553616359120694,-0.0003861445142849907,-0.03539284927496407,-0.0031778064316870277,-0.0021900769788771868,-3.093879058724269e-05,-0.053427426824197245,-0.0002456419851398335,-0.0631279822931826
702,4.510336881287552e-10,1.3613724383250691e-22,0.045327119614983834,-0.0003796179603293848,-0.033369210580267115,-0.00335165145949052,-0.0022628449369221926,-4.701047146227211e-05,-0.05515263312548705,-0.0001824675327056596,-0.06426274658001228
703,2.4670361155268407e-10,4.866578520416396e-25,0.045109507436821177,-0.0003704649143288153,-0.031202605852978956,-0.0031973620267787433,-0.002371988957747817,-3.272932372055948e-05,-0.06420676308633948,-0.00012293551543008242,-0.06537852982678041
704,1.2928657006480753e-10,7.291459686494519e-28,0.04488533342600329,-0.0003674225781695041,-0.029544807774124174,-0.003375656693646262,-0.0024381643161177635,-3.976111111114733e-05,-0.06375590123069691,-7.043987030259549e-05,-0.06645588934338496
705,6.644043550576984e-11,1.2246317102665452e-30,0.04465497999130977,-0.00035312399218919295,-0.027180906820244367,-0.003555227640829653,-0.0032337624579668045,-0.00012166741362307221,-0.06563342365801618,-3.0463068603221773e-05,-0.06749113913831024
706,3.326243032575574e-11,1.6000785469049477e-33,0.044415687930560735,-0.0003359720535330612,-0.024752590845376836,-0.003739424296415673,-0.0029693937394768,-4.195945439278148e-05,-0.06836017900002746,-6.107825412285546e-06,-0.06847682976173507
707,1.646258640373957e-11,3.420552997383585e-36,0.044167878843165455,-0.00031624030830287603,-0.02261275730431929,-0.003916011000394306,-0.002974187023937702,-2.3614195015397854e-05,-0.06965631688196239,-7.820473328005919e-07,-0.06941734065745193
708,7.828417785834273e-12,3.4433066663805593e-39,0.04391185522643438,-0.0002947120583264781,-0.020384198062191976,-0.004098390459710508,-0.003068196354433894,-2.0091856640647165e-05,-0.07228629881969062,-1.924458520815743e-05,-0.07030539384279455
709,3.683384848549641e-12,5.26567750423167e-42,0.04364700882312464,-0.00027134368719668726,-0.018397582543225623,-0.00398840510711488,-0.0030718613415956497,-2.8446809665183537e-05,-0.08505707803629144,-6.715260195051997e-05,-0.07114624329605715
710,1.636497460849822e-12,1.2987353638272221e-45,0.04337508858133193,-0.00025224615299598765,-0.01667400247196358,-0.004157997678396055,-0.002910401439294219,-1.825779145292472e-05,-0.08026999739008331,-0.00015525393338428355,-0.07195704753250134
711,7.318550617406066e-13,1.1231132294130521e-48,0.043095762732320186,-0.00022570884332927455,-0.014839797692355237,-0.004323717997331405,-0.003302130149677396,-3.739071689778939e-05,-0.08195563595687194,-0.00028363924753781796,-0.0727129167166634
712,3.242243873234867e-13,1.114128224174071e-51,0.04280679260131776,-0.0001982569449191876,-0.013153031067533695,-0.00421873485991777,-0.0033278942573815584,-8.189609798137099e-05,-0.0957117060953894,-0.0004624675316099724,-0.07342126704468159
713,1.401141177647758e-13,2.0241903462537155e-55,0.042509895944983556,-0.00017506578823938616,-0.011752444850301942,-0.004398146522402119,-0.0033381078392267227,-4.5168594624556135e-06,-0.09133819397393292,-0.0007104410346543013,-0.07409876431667807
714,6.309838692925211e-14,1.6466905315810613e-58,0.04220678349306672,-0.00014748254782399764,-0.010238390589688999,-0.004553207226522515,-0.0039050511550158262,-4.2386243876535445e-05,-0.09295349717086203,-0.0010274866198844773,-0.07472558695033393
715,2.790189641921848e-14,1.936948085826469e-61,0.04189482643876308,-0.00012005498597164103,-0.00893502864163952,-0.004703298375790344,-0.004398254211992025,-3.614814340835437e-05,-0.0945712997183712,-0.0014191963450758,-0.07530925385191152
716,1.2549812943529458e-14,2.8108342877587993e-64,0.04157295964995751,-9.385040572540057e-05,-0.007752150643290161,-0.004875207113437143,-0.005012020003050566,-2.9854742024326697e-05,-0.09624238086902641,-0.0018949974520352326,-0.07583142551453331
717,5.8479727584008e-15,6.960102269333949e-68,0.04124190684359566,-7.025354909499981e-05,-0.006137571877226167,-0.004668280451091608,-0.005560236983001232,-2.063554711639881e-05,-0.10890155292673227,-0.0024835335500702637,-0.07630489118632192
718,2.5659503433886863e-15,3.559404268570548e-73,0.04090454885269894,-5.1514879423912295e-05,-0.004616831666959649,-0.004678525927226012,-0.006252502556890249,-5.914465509704314e-05,-0.11100879808965386,-0.003192669952707208,-0.07679937510203638
719,1.2761023611928813e-14,2.116892099864919e-77,0.040559744939910804,-3.089928001683616e-05,-0.004414914553000279,-0.004741489588756812,-0.0062883938662707806,-2.458327253407333e-05,-0.11580508358564881,-0.00405645303651652,-0.07720219177475646
720,1.4726050946939766e-13,6.226567145521689e-87,0.04021407728124359,-2.0480629888839174e-05,-0.0028336977582441554,-0.004900656061782373,-0.004520162474364042,-0.00047068551066331565,-0.12046016593914617,-0.0050989495693280935,-0.07753244937691353
721,1.1121093591634774e-12,2.7842174556114608e-95,0.0398710236937754,-1.4442305906061443e-05,-0.003401332262319848,-0.005142135657706436,-0.0049178702756762505,-0.0007425511721521616,-0.1247957160384182,-0.0063279819884241514,-0.07777474119840891
722,5.817216760131313e-12,1.4956868928540311e-102,0.03952931880027938,-1.0766758199697799e-05,-0.0052867905284580755,-0.005157367748484116,-0.005194380413740873,-0.0003217339690309018,-0.13390154989125322,-0.0077878510551653655,-0.07795038187303792
723,2.1084929685000797e-11,1.3950862417445987e-112,0.039189920833678005,-7.789448465467805e-06,-0.008158743614841205,-0.005489617751391899,-0.00564377149567008,-0.0004892637371085584,-0.13615821636950082,-0.009464656058016746,-0.07807348123889757
724,6.42009705120954e-11,1.7562662902972313e-118,0.03885192944671714,-6.5270886116302315e-06,-0.01109027298697042,-0.0058480628429828894,-0.005693498533219099,-0.0011843637330457568,-0.1397287008822343,-0.011391652287525436,-0.07816353661265737
725,1.611549499628778e-10,1.0196630778824975e-123,0.03851237211538911,-5.817725834474875e-06,-0.014069643860871082,-0.006211091727600784,-0.006369945593178272,-0.0005745867383666337,-0.1432173814115725,-0.013566674103947962,-0.07823180811416275
726,3.41787028686448e-10,3.206417429207999e-128,0.03817050909730616,-5.379066253218071e-06,-0.016938451859077927,-0.0065505333507495,-0.005597651470452547,-0.00026923909899778664,-0.14656053739453606,-0.015995498797763585,-0.07828475764618661
727,5.910230811932303e-10,1.228171548704117e-131,0.037825591717870935,-4.890287573600802e-06,-0.019389719509940954,-0.006793989500571271,-0.005006904248148203,-0.00031036342261359096,-0.1498591172454072,-0.018695164651253298,-0.07837330852090907
728,7.174028916960126e-10,1.43147183663946e-132,0.03747367018706374,-3.836120400842475e-06,-0.020574754366967013,-0.007032381743644587,-0.004918963182717562,-0.00015760578389745206,-0.15310012467694611,-0.02168058209359154,-0.07851482185801213
729,7.936526669039946e-10,2.6184801094138553e-133,0.037112946196283796,-3.001619175774994e-06,-0.021652654189024276,-0.0069876849420862286,-0.004910328891128302,-3.257044591009617e-05,-0.1650568671359253,-0.025046536936113212,-0.07870432658357687
730,9.019074266939971e-10,6.092334016192219e-139,0.036746980510589465,-2.5135308614594334e-06,-0.023679582364556417,-0.007299022985396038,-0.004563846625387669,-2.5480008844169788e-05,-0.16597572102050223,-0.028654162143946577,-0.0788221824093701
731,1.2054522868564782e-09,2.4816474220516165e-143,0.03638124824340624,-2.7737490568353772e-06,-0.02611050578275901,-0.007649341675083375,-0.004396522883325815,-1.5098531548574101e-05,-0.17046624934415947,-0.032623499545761894,-0.07891817576771828
732,1.422519404823408e-09,3.677769498121197e-146,0.03601291896482708,-2.885633503860113e-06,-0.02807561425935919,-0.007883881550208211,-0.004656914155930281,-0.00014612301310990006,-0.17376561727150702,-0.03684236173929273,-0.07901764379244254
733,1.2310791582439492e-09,8.033061809489691e-147,0.03563798787903458,-2.235349406738784e-06,-0.02868171631708106,-0.008116741415852781,-0.004842937923967838,-2.6531677576713264e-05,-0.1771381639627785,-0.04134144582277743,-0.07913936025598683
734,1.013219335137724e-09,1.335436944177718e-147,0.035254625274550394,-1.6943643877157824e-06,-0.029251147578615896,-0.008345772591803231,-0.004805042874068022,-2.7739883080357686e-05,-0.1806641864238194,-0.04610062356346972,-0.07927677808316824
735,7.976480899102778e-10,1.6292237310962237e-148,0.03486288592706072,-1.2552737417188036e-06,-0.029781561563732253,-0.00857037138457326,-0.004596354905515909,-4.451793574844487e-05,-0.1843747888159926,-0.0510934888288686,-0.07942635145161964
736,6.033720192021405e-10,1.4438124505010467e-149,0.03446283785393138,-9.045920716969746e-07,-0.03027946062068801,-0.008787894527474074,-0.004473254084587097,-2.731617132667452e-05,-0.188298731152923,-0.05628629865357109,-0.07958516911951952
737,4.4064885276002255e-10,9.121345934734946e-151,0.034054562719264256,-6.256293720545768e-07,-0.030765398839611897,-0.008637751778585485,-0.004407110624015331,-2.4765473426668905e-05,-0.19474244674369162,-0.06150328161156025,-0.07976139429770698
