frame,reward_tracking_lin_vel,reward_tracking_ang_vel,reward_tracking_height,cost_lin_vel_z,cost_ang_vel_xy,cost_joint_velocity,cost_action_nn,cost_action_rate,cost_feet_slip,cost_leg_base_angle,cost_orientation
0,0.0001930454136227711,0.05,0.04998478235575755,-0.0,-0.0,-1.7175840937876743e-07,-0.016060804948210716,-0.0,-8.984479674307239e-10,-2.3828852666093164e-09,-7.925037772298827e-09
1,0.00018678768912954046,0.04964955998523904,0.049984925819756325,-4.156474230936349e-07,-3.9644884212737814e-05,-5.688451830040254e-07,-0.012901023030281067,-0.00046207380364649,-2.0555918750983767e-09,-1.3206045224130482e-08,-1.125124969165353e-07
2,0.00018236997122515153,0.049030800914792234,0.04998531757114322,-1.3589887830772203e-06,-0.0001237088854200383,-1.2061074667763059e-06,-0.004323884844779968,-0.004722659010440111,-2.208577468019496e-09,-1.7264576660772467e-07,-4.475419101695261e-07
3,0.00018434114849778414,0.04915659381596864,0.0499858828360508,-2.151204163782778e-06,-0.00015629069586280673,-2.2491850093832626e-06,-0.0017542158020660281,-0.0016212553018704057,-1.6573987437522975e-09,-6.734755268944947e-07,-1.0528917711439677e-06
4,0.0001885961412032175,0.049558147767679424,0.049986558067771865,-2.8340327414439274e-06,-0.0001652962980650429,-3.6228431790338808e-06,-0.0013836543075740337,-0.00014810975699219853,-9.705955733730073e-10,-1.566558420887403e-06,-1.9473214367835404e-06
5,0.0001921643928858644,0.04978732933337085,0.0499873063611303,-3.499161669677056e-06,-0.00017971353544520973,-5.241221234225257e-06,-0.0014641444431617856,-0.00014653592370450497,-4.938690916447249e-10,-2.769874591343986e-06,-3.1802079686932026e-06
6,0.00019500494384568163,0.04988569299073655,0.04998810013447771,-4.109370009631358e-06,-0.00020050167045878578,-7.096746762268373e-06,-0.0014861013041809201,-4.74717489851173e-05,-2.2342363923896672e-10,-4.151883272586805e-06,-4.800697383080002e-06
7,0.00019784212439131698,0.049925326059868075,0.04998891473935946,-4.583189461417214e-06,-0.0002191006139937166,-9.219815476675987e-06,-0.0013012854615226388,-3.1286501325666904e-05,-1.270793376262945e-10,-5.588784859970918e-06,-6.8277301230187296e-06
8,0.00020107011188557497,0.04994194057882432,0.049989728709871034,-4.887824192095521e-06,-0.0002300865279285392,-1.1721070604495695e-05,-0.000986026949249208,-5.966253957012668e-05,-2.2284894615791468e-10,-6.969826319965395e-06,-9.233357394833698e-06
9,0.00020517639326283284,0.049955064754032816,0.04999052470860549,-5.0001142686807615e-06,-0.0002276620237241357,-1.4673271341575646e-05,-0.0008287692326121032,-3.6878402170259506e-05,-5.169118703148723e-10,-8.202511038684515e-06,-1.1951476664368884e-05
10,0.00021000463699868046,0.04996462521976827,0.049991290013863356,-4.961400015306529e-06,-0.00021638166748227242,-1.8103932995851593e-05,-0.0007843044586479664,-1.92246134247398e-05,-9.672683776101231e-10,-9.2255058259682e-06,-1.490946389622077e-05
11,0.00021540340235416235,0.04996964659035404,0.049992016380420556,-4.807205805812075e-06,-0.00020065086262776525,-2.200987533684984e-05,-0.0008028005249798298,-1.0843119525816292e-05,-1.5161167282155394e-09,-1.0011982074214952e-05,-1.80395006888182e-05
12,0.00022124583218460542,0.049969875317486305,0.0499926987687132,-4.567624963536195e-06,-0.00018381137994884277,-2.637551612256348e-05,-0.0008519684197381139,-7.523401563958032e-06,-2.1164392385461508e-09,-1.056420969738423e-05,-2.1284449392677268e-05
13,0.00022744302588732958,0.04996564722716947,0.04999333446287244,-4.266854596891581e-06,-0.0001679726825377609,-3.117051675888477e-05,-0.0009151236154139042,-5.866045285074506e-06,-2.742143056890628e-09,-1.090378183474509e-05,-2.4601489703531395e-05
14,0.0002338937460575575,0.0499570010842811,0.04999392246049236,-3.92679278207048e-06,-0.000154537314950372,-3.6348777336625344e-05,-0.0009805193403735757,-5.074953151051886e-06,-3.393832843464524e-09,-1.1061763899648793e-05,-2.7963358204118863e-05
15,0.00024051908769451045,0.04994421482047251,0.049994463005953976,-3.5640349245390778e-06,-0.00014401584590561633,-4.184863176782962e-05,-0.0010421887272968888,-4.595305654220283e-06,-4.117185893751448e-09,-1.1072726453026635e-05,-3.135617451200805e-05
16,0.00024725075325465794,0.04992807913313324,0.04999495720172906,-3.1915046891177073e-06,-0.0001364000489170729,-4.759599288472309e-05,-0.0010973879834637046,-4.376223841973115e-06,-4.887910739808345e-09,-1.0970893094528902e-05,-3.4776807660300625e-05
17,0.00025402984395428923,0.04991004309945549,0.049995406730957634,-2.8191452974953026e-06,-0.0001313680936349974,-5.351097536027245e-05,-0.0011460413224995136,-4.432955847732956e-06,-5.785300644722996e-09,-1.078760973079687e-05,-3.82304287576122e-05
18,0.0002607989522234715,0.04989207241434442,0.04999581366363215,-2.4552825537012346e-06,-0.00012847302170672858,-5.9520327226915275e-05,-0.0011888262815773487,-4.4643215915129986e-06,-6.879831206457433e-09,-1.054971246017399e-05,-4.172824750088934e-05
19,0.000267506555643603,0.04987595114742669,0.04999618029443677,-2.106754131040985e-06,-0.0001271878974574803,-6.555391126852636e-05,-0.0012274066684767604,-4.563631136988988e-06,-8.24683763784905e-09,-1.0279072441043762e-05,-4.528489486017623e-05
20,0.000274115133507837,0.049863423354785975,0.049996509033525545,-1.7790082091633764e-06,-0.00012698620266240977,-7.154813075796956e-05,-0.0012636297615244985,-4.4498947318061255e-06,-9.950391715621492e-09,-9.992732118018636e-06,-4.8916078593392506e-05
21,0.00028060098100955044,0.04985561424505322,0.04999680238562447,-1.4765359271637168e-06,-0.0001273867456680275,-7.744565742275316e-05,-0.0012979870662093163,-4.152416750002885e-06,-1.2042895768651933e-08,-9.703244968238811e-06,-5.2636932959924555e-05
22,0.000286950666897719,0.049853029204302235,0.04999706292598011,-1.2026545489607052e-06,-0.000127996550517133,-8.319746632643638e-05,-0.0013302325969561934,-3.7047143450763542e-06,-1.4544933343834143e-08,-9.419428611962964e-06,-5.64608345435073e-05
23,0.00029316142408700977,0.049855527104305616,0.04999729325700401,-9.594009143014504e-07,-0.00012851253433408003,-8.876273151972965e-05,-0.0013599281664937735,-3.209783926649834e-06,-1.7479895635027633e-08,-9.147119694699502e-06,-6.039862237690434e-05
24,0.00029923785025531743,0.049862464423785904,0.04999749595875133,-7.475967220563211e-07,-0.00012872064436897455,-9.410762969144582e-05,-0.0013862665509805083,-2.712140485527925e-06,-2.0839232914353137e-08,-8.889880182032398e-06,-6.44582833943138e-05
25,0.00030518946393525223,0.04987286578246792,0.049997673542989625,-5.670023526075892e-07,-0.00012848395280069195,-9.920246749295201e-05,-0.001408986747264862,-2.278739657413098e-06,-2.4559045023483498e-08,-8.649604239714568e-06,-6.864492466308142e-05
26,0.00031103042905883177,0.049885694186030255,0.04999782842176529,-4.164483744345228e-07,-0.00012772779317823686,-0.00010402369612610734,-0.0014278657035902143,-1.9065158767261892e-06,-2.8543584225650444e-08,-8.427028082384057e-06,-7.296094959573158e-05
27,0.0003167766095098936,0.04989993010378105,0.04999796288497536,-2.9405072415013706e-07,-0.00012642388324134046,-0.00010855517234736414,-0.0014429147122427821,-1.6001813492039219e-06,-3.270241849539526e-08,-8.222111860243868e-06,-7.740639471713942e-05
28,0.0003224435759001665,0.04991466958103178,0.049998079068456915,-1.9740012497890722e-07,-0.00012457773511588037,-0.00011278739280406405,-0.0014542742865160108,-1.352781396235514e-06,-3.6951785913149546e-08,-8.034358885374479e-06,-8.197925834579209e-05
29,0.0003280471906318807,0.04992918616866129,0.049998178933611456,-1.2376425813968344e-07,-0.00012221479078479693,-0.00011671635515138578,-0.0014621171867474914,-1.1493389138195198e-06,-4.121939427236299e-08,-7.863016075741296e-06,-8.667572698298776e-05
30,0.0003336044172490769,0.04994292795040877,0.04999826426253315,-7.02557384009407e-08,-0.00011937280676497424,-0.00012034294236892546,-0.0014665966155007482,-9.825270126384567e-07,-4.5449795611973646e-08,-7.70719174682212e-06,-9.149031053162581e-05
31,0.0003391338278969459,0.04995549834831859,0.04999833666287091,-3.3951686420832284e-08,-0.00011609591242734462,-0.00012367192100582282,-0.001467872760258615,-8.455882607449894e-07,-4.959725918912687e-08,-7.565921495923236e-06,-9.641590670859924e-05
32,0.00034465600590753834,0.04996662580065873,0.0499983975782088,-1.1995315290738327e-08,-0.00011243180088393826,-0.00012671077509875925,-0.0014660853194072843,-7.353128808063047e-07,-5.3628345592704366e-08,-7.43821220641945e-06,-0.00010144382874772867
33,0.00035019323898289933,0.04997614558825056,0.049998448301719345,-1.6724625824569104e-09,-0.00010842961708811151,-0.00012946970151664287,-0.0014614423271268606,-6.496796345345501e-07,-5.752317204720702e-08,-7.323065064190799e-06,-0.00010656382986791098
34,0.00035576961192147034,0.04998398262741452,0.04999848999038798,-4.686110104522099e-10,-0.00010413794010575512,-0.00013195977523405787,-0.0014542262069880962,-5.859237148797547e-07,-6.127010523184637e-08,-7.219492385873314e-06,-0.00011176416378326665
35,0.0003614097982671243,0.049990138436273306,0.049998523679686664,-6.1117875492035935e-09,-9.960516720110578e-05,-0.0001341929037666471,-0.0014447548892349005,-5.416981707639934e-07,-6.486907600114944e-08,-7.126533766668597e-06,-0.00011703168047246556
36,0.00036713901639681587,0.049994679597989894,0.0499985502978874,-1.659457332165267e-08,-9.487799623241284e-05,-0.00013618090458606397,-0.001433387165889144,-5.139175414115016e-07,-6.833195793807995e-08,-7.043264148290708e-06,-0.00012235194162704167
37,0.00037298235074849687,0.049997726262994154,0.04999857067898336,-3.018421876071296e-08,-9.000166959616033e-05,-0.00013793514384060276,-0.001420536544173956,-4.99227496675303e-07,-7.165746199278459e-08,-6.968803285075691e-06,-0.00012770935902435356
38,0.0003789645060031435,0.04999943729412898,0.04999858557456812,-4.542203367560669e-08,-8.501957641607518e-05,-0.00013946706192780734,-0.0014066192088648677,-4.940599183100858e-07,-7.488640123510461e-08,-6.902323256363169e-06,-0.00013308737025524955
39,0.00038510966040604123,0.0499999985699473,0.0499985956636824,-6.111694188839153e-08,-7.997405531940607e-05,-0.00014078688269375961,-0.0013919119955971837,-4.966124720340304e-07,-7.799629979508647e-08,-6.843048275890232e-06,-0.00013846861318328436
40,0.0003914412389994059,0.049999609276888755,0.04999860156202013,-7.632182559300699e-08,-7.490562294098734e-05,-0.00014190405407320584,-0.0013768961653113365,-5.03326816669869e-07,-8.111251173118718e-08,-6.7902591940879364e-06,-0.00014383512923096025
41,0.0003979815614305501,0.049998470488850255,0.04999860383019715,-9.031043496580291e-08,-6.985475514684435e-05,-0.00014282816678810103,-0.001361512579023838,-5.147928732185392e-07,-8.419299962582018e-08,-6.743288140635496e-06,-0.00014916849480499166
42,0.0004047541509488861,0.049996781792535125,0.04999860298048426,-1.0256291347014922e-07,-6.485889650625051e-05,-0.0001435673686483597,-0.0013463884824886918,-5.255943733573076e-07,-8.727234308986862e-08,-6.701519802618956e-06,-0.0001544499437531556
43,0.0004117813924521365,0.04999472204943686,0.04999859948227758,-1.1273586593846376e-07,-5.995562223398712e-05,-0.00014413046231674873,-0.001331434934400022,-5.396447022576467e-07,-9.039016107741437e-08,-6.664386786772132e-06,-0.00015966060352017128
44,0.0004190852901613226,0.049992463537283385,0.049998593766536675,-1.2063007949996076e-07,-5.518098432732743e-05,-0.00014452433586582318,-0.0013168558944016695,-5.53027632577141e-07,-9.356779922617179e-08,-6.631361574398546e-06,-0.00016478170534151262
45,0.0004266868883126833,0.049990149276963464,0.04999858623021725,-1.2616436668472338e-07,-5.057096486559041e-05,-0.00014475633992587378,-0.0013027045642957091,-5.660031092702411e-07,-9.683477355777038e-08,-6.60196240143982e-06,-0.0001697947320736321
46,0.0004346084796262781,0.049987903822516055,0.049998577239623754,-1.2936204113813885e-07,-4.6159078446248286e-05,-0.0001451498777197782,-0.0012890499783679843,-5.787264285572746e-07,-1.0014741201981719e-07,-6.575721422821293e-06,-0.00017467687564114742
47,0.00044301910039861857,0.04998562065819351,0.04999856704793221,-1.3159904050254443e-07,-4.1800734534182955e-05,-0.00014569485343799405,-0.0008844239637255669,-0.0003694524057209492,-9.184411435112667e-08,-6.5623011965313475e-06,-0.0001795467155074335
48,0.0004490059758310541,0.04996981589835217,0.04999855877291745,-8.718360576834821e-08,-4.275886080488137e-05,-0.00014737609038035382,-0.0010940413922071457,-0.00022992123558651656,-8.310223400397149e-08,-6.577039491013444e-06,-0.00018450845099818064
49,0.00045597696834544216,0.04994003681264945,0.049998557825373206,-3.4284438743976644e-08,-4.5949474570694594e-05,-0.00014829587301608412,-0.0012764355633407831,-0.00022717313549946994,-8.212605110422677e-08,-6.622135011281377e-06,-0.0001894438058214796
50,0.00046426000861455956,0.04984717790557575,0.049998564041403716,-1.6314557368187132e-08,-4.721921422991176e-05,-0.00014771747781433205,-0.001341798808425665,-0.00019745765894185752,-8.644059270946241e-08,-6.686574885440809e-06,-0.00019424669797789867
51,0.0004733663880663839,0.04971558493905544,0.049998572310875344,-1.5081654443122723e-08,-4.673576591663052e-05,-0.00014706057360754223,-0.0012081522727385163,-0.0003687102871481329,-9.98833740963269e-08,-6.750585293932808e-06,-0.00019884888691056046
52,0.00048472857325231565,0.04974564701074055,0.04999857930406867,-1.956556267028901e-08,-4.217769262144686e-05,-0.0001462302932692286,-0.0011664916528388858,-4.623792392521864e-06,-1.1253156773046542e-07,-6.801908476933462e-06,-0.00020319113319564616
53,0.000496296008285264,0.04979334302602373,0.049998584523567924,-2.27090992073241e-08,-3.839778787972453e-05,-0.00014526568689504684,-0.0011325784726068377,-5.408298875408946e-06,-1.2487615240054836e-07,-6.840396913789563e-06,-0.0002072414255157282
54,0.0005082288016197165,0.0498450413589606,0.04999858842186833,-2.4601601952444642e-08,-3.485914793736937e-05,-0.00014403081270901073,-0.0011276711011305451,-3.2280033792631002e-06,-1.3639789330676223e-07,-6.86654207413636e-06,-0.00021096524663688179
55,0.0005204182983232524,0.04988738994464978,0.0499985912276261,-2.6027863947797792e-08,-3.2005708295964235e-05,-0.00014264077381420965,-0.001129439566284418,-3.0166870601533446e-06,-1.4627389525717352e-07,-6.8826826443573474e-06,-0.0002143558402988296
56,0.0005330186045625967,0.049918238938116005,0.049998593042382966,-2.678262259238055e-08,-2.9902110942332892e-05,-0.00014103731987118268,-0.0011607655324041843,-4.1233611227653455e-06,-1.5468932974159272e-07,-6.891994880416899e-06,-0.00021742397883241688
57,0.0005459204023456518,0.049938271323358735,0.04999859395492732,-2.7072697158006608e-08,-2.8758681428149125e-05,-0.00013927765222551433,-0.0011785882525146008,-2.11660494642274e-06,-1.6212613458981915e-07,-6.896911862340189e-06,-0.00022018499648780826
58,0.000559254314446526,0.0499515480847173,0.049998594050599046,-2.6676273523820168e-08,-2.8383571664949162e-05,-0.00013743009855626568,-0.001181038562208414,-1.1182146408827975e-06,-1.6891044718141604e-07,-6.89884730268757e-06,-0.0002226502497521592
59,0.0005731508064773343,0.04996076937113284,0.04999859351559487,-2.5439639937453316e-08,-2.8632326456156968e-05,-0.000135546397438929,-0.00117260601837188,-7.802364052622579e-07,-1.7529611006768504e-07,-6.898461112987366e-06,-0.0002248274246357527
60,0.0005877360598572913,0.049967780927128086,0.0499985926064125,-2.3384042702513185e-08,-2.9349374745620396e-05,-0.0001336606327656413,-0.0011576346587389708,-7.637991075171158e-07,-1.815947247038652e-07,-6.895923105605605e-06,-0.00022671973509377072
61,0.0006031224327910681,0.049973580024987294,0.049998591607815196,-2.0672096591416637e-08,-3.0394878727636094e-05,-0.00013178841881856024,-0.0011397924972698092,-7.979403449098754e-07,-1.8782470240549765e-07,-6.891146035306339e-06,-0.00022832720734137108
62,0.0006193936970055906,0.049978680322056254,0.049998590800942,-1.752909258662807e-08,-3.167158148838534e-05,-0.00012993029037509086,-0.0011220647720620036,-7.906348287178844e-07,-1.9403260610896812e-07,-6.883971600559634e-06,-0.00022964878557688134
63,0.0006366016116106523,0.04998324990909758,0.049998590444861546,-1.418507973276995e-08,-3.31369870648528e-05,-0.00012808073271097992,-0.0011054743081331253,-7.55620760628517e-07,-2.002406774741276e-07,-6.874246788253579e-06,-0.00023068391341884276
64,0.0006547812641495602,0.0499873496885678,0.04999859076719027,-1.0857257990586553e-08,-3.477942962241214e-05,-0.00012622937923748313,-0.0010906776878982782,-6.998316735007393e-07,-2.0643097174485873e-07,-6.861859111143292e-06,-0.00023143338947907724
65,0.0006739576515255905,0.04999093300819558,0.04999859196038228,-7.739740561545672e-09,-3.660171932781879e-05,-0.00012436709341097685,-0.00107769132591784,-6.493268074336811e-07,-2.1257615826705832e-07,-6.8467550063127964e-06,-0.00023189965243571001
66,0.0006941571009565122,0.04999395096573946,0.049998594181076876,-4.99940382463063e-09,-3.860598379312865e-05,-0.00012248613516291276,-0.0010663120774552226,-6.060590180823056e-07,-2.186446326622859e-07,-6.8289296495833036e-06,-0.0002320866472334751
67,0.0007154089383784566,0.04999636438793381,0.04999859755187324,-2.7703436001673023e-09,-4.079117926728235e-05,-0.00012058103774645004,-0.0010561252711340785,-5.739549351346795e-07,-2.2460629308087793e-07,-6.808414279782408e-06,-0.00023199959150934578
68,0.000737748458821976,0.04999815890015774,0.049998602165110206,-1.1535889339639334e-09,-4.315040094587016e-05,-0.00011864874662018121,-0.0010468355612829328,-5.482963274516806e-07,-2.304336726890297e-07,-6.785261822826333e-06,-0.0002316446567348306
69,0.0007612171024668125,0.04999933924264415,0.04999860808638544,-2.2172722211149868e-10,-4.567181445188013e-05,-0.0001166874388172862,-0.001038162736222148,-5.271730856293289e-07,-2.3610163194145853e-07,-6.75953589948483e-06,-0.00023102866388814464
70,0.0007858622710840537,0.04999992364648151,0.049998615357854256,-1.960008838398157e-11,-4.833924966679811e-05,-0.00011469671482464749,-0.0010299569694325328,-5.072243425274792e-07,-2.415673186938651e-07,-6.73130316365526e-06,-0.00023015884399221563
71,0.0008117362669535869,0.04999993647935157,0.04999862400149565,-5.683602448304511e-10,-5.11349036893946e-05,-0.00011267636297019392,-0.0010221389820799232,-4.860791591454472e-07,-2.4685310985670084e-07,-6.700629962813043e-06,-0.0002290427543175883
72,0.0008388942619209785,0.04999940499394952,0.04999863402151567,-1.8688507264302177e-09,-5.404262754729048e-05,-0.00011062707627188709,-0.0010144902626052499,-4.693818596024357e-07,-2.5191197387103833e-07,-6.667579073630384e-06,-0.0002276881133651031
73,0.0008673978168470434,0.04999835527496635,0.04999864540674834,-3.903749786072348e-09,-5.704267267001034e-05,-0.00010854932708194206,-0.001007155398838222,-4.478442008348793e-07,-2.5671242282156264e-07,-6.632212782155798e-06,-0.0002261026304732094
74,0.000897310951029676,0.04999681924135441,0.04999865813143639,-6.636677215483317e-09,-6.011616334117569e-05,-0.00010644414413147283,-0.0009999795584008098,-4.2646840370252903e-07,-2.612267857179408e-07,-6.594591871133976e-06,-0.00022429406393704028
75,0.0009286996352798074,0.049994824210443975,0.049998672157084846,-1.0021042255387105e-08,-6.324967469723843e-05,-0.00010431156878713794,-0.0009929310763254762,-4.0375948628934566e-07,-2.654492688910044e-07,-6.554774650768354e-06,-0.00022227034994731036
76,0.0009616306751558867,0.04999240754156853,0.04999868743494567,-1.400067108638439e-08,-6.643117774223456e-05,-0.00010215241361488386,-0.0009858858538791537,-3.8436488125626056e-07,-2.6934077289813645e-07,-6.512820555067224e-06,-0.00022003954980001335
77,0.0009961767371754677,0.04998960512014621,0.04999870390706491,-1.8509507565670238e-08,-6.96477348372305e-05,-9.996675948333238e-05,-0.0009788930183276534,-3.625845863552968e-07,-2.72868520344712e-07,-6.468790409498079e-06,-0.0002176097400093082
78,0.0010324126781790064,0.04998646786572499,0.049998721507454394,-2.347396325845967e-08,-7.288695934986159e-05,-9.775592616724991e-05,-0.000971817527897656,-3.4218652444906184e-07,-2.760083605162277e-07,-6.422746206073569e-06,-0.00021498907377639635
79,0.0010704165851475069,0.04998304144339553,0.04999874016348007,-2.881858513634704e-08,-7.614034230623879e-05,-9.552009037892008e-05,-0.0009645772515796125,-3.221663291697041e-07,-2.787328385051763e-07,-6.374749569166186e-06,-0.0002121858538356421
80,0.0011102681957909772,0.049979385967104106,0.049998759797728394,-3.446858438350093e-08,-7.93994970542534e-05,-9.326003098135648e-05,-0.0009570926777087152,-3.041346303689352e-07,-2.810138337071309e-07,-6.324863891120139e-06,-0.00020920853418326067
81,0.0011520515986191075,0.04997556354921018,0.049998780329361135,-4.03484142854734e-08,-8.265705531812803e-05,-9.097651410139872e-05,-0.0009492794051766396,-2.8724610956487595e-07,-2.828236255817321e-07,-6.273153212685889e-06,-0.0002060656909755118
82,0.0011958543608140716,0.04997164238365453,0.04999880167513748,-4.6383643507504206e-08,-8.590579159065527e-05,-8.867041734439432e-05,-0.0009410677594132721,-2.7154734993928287e-07,-2.8413658333735877e-07,-6.219681899925672e-06,-0.00020276604111833481
83,0.0012417673350006344,0.049967693911282744,0.04999882375075568,-5.2506077935072726e-08,-8.91396903781789e-05,-8.634293844339016e-05,-0.0009323572157882154,-2.583197726835351e-07,-2.849266490368329e-07,-6.164514542719809e-06,-0.0001993184594912689
84,0.0012898850874730995,0.049963795056082054,0.04999884647180152,-5.8648522108189485e-08,-9.235302682441269e-05,-8.399508750133323e-05,-0.0009230808354914188,-2.459481436289934e-07,-2.8517014082229904e-07,-6.107715954541835e-06,-0.00019573200728158015
85,0.0013403051573747937,0.04996002297172683,0.04999886975481663,-6.47547686463474e-08,-9.554053232737486e-05,-8.162822147398909e-05,-0.0009131673723459244,-2.3637899460027256e-07,-2.848448353656615e-07,-6.049350680633969e-06,-0.0001920159369757243
86,0.0013931294642192697,0.0499564548769402,0.04999889351841791,-7.077235498737044e-08,-9.86973060816888e-05,-7.924376516009797e-05,-0.0009025312028825283,-2.2845202352073102e-07,-2.839317893820169e-07,-5.989482932454643e-06,-0.00018817970291968198
87,0.0014484629673580608,0.04995316875700311,0.0499989176838952,-7.665744354088296e-08,-0.00010181840907491857,-7.684320324472737e-05,-0.0008911170880310237,-2.2297062685083802e-07,-2.824102345505585e-07,-5.928176288368402e-06,-0.0001842329771382531
88,0.0015064147062075742,0.04995023848159054,0.04999894217603833,-8.237408396101285e-08,-0.00010489893607212263,-7.442845065306475e-05,-0.0008788701961748302,-2.1947064965388563e-07,-2.8026336585166376e-07,-5.865494032537395e-06,-0.00018018564429489044
89,0.0015670975633910432,0.04994773636683217,0.04999896692344011,-8.788983324394858e-08,-0.00010793359018815036,-7.200158717032688e-05,-0.0008657395956106484,-2.1811213457567646e-07,-2.774747750904171e-07,-5.801498817448346e-06,-0.0001760478312954046
90,0.0016306281705112892,0.0499457218599049,0.049998991859297744,-9.318880455773602e-08,-0.00011091733877395982,-6.956473579345595e-05,-0.0008516755769960582,-2.186621230748642e-07,-2.740358052603062e-07,-5.736252444670304e-06,-0.0001718299434373166
91,0.0016971261485526816,0.04994425177782829,0.04999901692215023,-9.826019486589506e-08,-0.00011384411712657477,-6.732247063335374e-05,-0.0008366493857465684,-2.215162595575748e-07,-2.7037940756096486e-07,-5.669590642663243e-06,-0.00016753357930396923
92,0.0017676183471507304,0.04994303220273646,0.049999042175321945,-1.0452429391135812e-07,-0.0001170413609177443,-6.330516986370962e-05,-0.00045018570381216705,-0.0002985867322422564,-2.528335006233168e-07,-5.605555905944991e-06,-0.00016345079818467636
93,0.0018302908035694948,0.049976425376247614,0.04999906806582141,-1.2538737127359525e-07,-0.00011013088563941375,-6.061567614950393e-05,-0.0005046533769927919,-9.611274435883388e-05,-2.3299827951059235e-07,-5.545192525518898e-06,-0.00015966425258489198
94,0.0019057525734666036,0.04999050105503881,0.04999909456733892,-1.3320226421586474e-07,-0.00010529709854333783,-5.7479938759236e-05,-0.0007721051224507391,-0.00010174751514568925,-2.033413992336074e-07,-5.4859673862125245e-06,-0.0001558699100520158
95,0.0019844804212131883,0.04999904174216629,0.049999120650108274,-1.2799876235542997e-07,-0.0001043328826992297,-5.571947925210977e-05,-0.0008436623029410839,-0.00035140468389727175,-1.9800574744639742e-07,-5.426128608681395e-06,-0.00015191004526887318
96,0.0020722084052724483,0.04999997339716111,0.04999914623995594,-1.3135799300509774e-07,-0.00010959506035265713,-5.3825887835342477e-05,-0.0007739331340417266,-3.2008392736315727e-06,-1.9364921340701844e-07,-5.362878902990894e-06,-0.00014775945404899623
97,0.0021629157836765877,0.04999937285657635,0.04999917192135791,-1.3556901776707647e-07,-0.00011394991869046064,-5.192553696048134e-05,-0.0007327814819291234,-1.3437628467727336e-06,-1.9017197993517193e-07,-5.296250669691464e-06,-0.00014348355260308048
98,0.002256977726436782,0.049996707863974914,0.04999919777872265,-1.422323079899074e-07,-0.00011818624856815981,-4.981921447941402e-05,-0.0006991889094933867,-1.4946519968361827e-06,-1.8732261720276145e-07,-5.226358740005494e-06,-0.00013913321066408245
99,0.002353828244487447,0.04999162727860149,0.04999922372615563,-1.4653176733130546e-07,-0.00012183316307936713,-4.782173170330583e-05,-0.000669509288854897,-1.3411896588877426e-06,-1.8306409476058556e-07,-5.1536399918249635e-06,-0.00013474417144371853
100,0.002455352379161502,0.049986620334865464,0.04999924970508032,-1.5331587823198168e-07,-0.00012531800893754026,-4.417608024901232e-05,-0.00033809986780397594,-0.00032999960239976645,-1.5828899663510817e-07,-5.081933210737152e-06,-0.00013052418873805632
101,0.0025491457107707557,0.04999771108970397,0.049999275771154233,-1.6559350745967168e-07,-0.00011593846853235407,-4.149182387384127e-05,-0.00038426744868047535,-6.369504262693226e-05,-1.4210134572081148e-07,-5.011569783854345e-06,-0.00012654068221615669
102,0.002655731721765038,0.04999998817396211,0.04999930170815764,-1.6976774742202268e-07,-0.00011017389898971633,-3.8654654073073284e-05,-0.0005928612663410604,-7.350310625042766e-05,-1.2061321648548473e-07,-4.939543866266636e-06,-0.0001226151929690285
103,0.002766319767781764,0.04999048691834082,0.04999932694272357,-1.6381876790845064e-07,-0.00010932845218687613,-3.6884880702823164e-05,-0.0006545090000145137,-0.00029246543999761343,-1.1372511078736392e-07,-4.866216905969813e-06,-0.00011864048488249206
104,0.002888543235986436,0.049994473277801266,0.04999935154225899,-1.6669732370164563e-07,-0.00011489666820140785,-3.509349031119814e-05,-0.0006167343235574663,-1.1537033515196526e-06,-1.0886958963895104e-07,-4.7911091992020375e-06,-0.00011458100883281902
105,0.0030160386390835825,0.04999790254971125,0.04999937594275672,-1.686972375593386e-07,-0.00012005236711851637,-3.334045695227751e-05,-0.000569344381801784,-1.8365799405728467e-06,-1.0473065034508116e-07,-4.713529778483422e-06,-0.0001104828661023288
106,0.003147940992298622,0.04999974657154038,0.04999940021371744,-1.742324654102302e-07,-0.00012437625592342437,-3.1480705653756074e-05,-0.0005247399094514549,-1.4766820868317154e-06,-1.0117090582980142e-07,-4.633379245965956e-06,-0.00010640246995141242
107,0.003283735824075831,0.04999973758084606,0.049999424363409595,-1.7834948468859743e-07,-0.00012769440984715632,-2.9611300914397307e-05,-0.000493838160764426,-1.1211868695681915e-06,-9.709832495441703e-08,-4.5510020316396195e-06,-0.00010237962366848788
108,0.0034243509601826374,0.049998099966479755,0.04999944829461336,-1.8300579481583951e-07,-0.0001302632211647162,-2.7729654218239388e-05,-0.00046794777153991163,-1.8874254692491377e-06,-9.21279893101051e-08,-4.467016986930789e-06,-9.843842404848023e-05
109,0.003570639756904189,0.04999627948791791,0.04999947195351299,-1.8654827089833645e-07,-0.00013230721830463207,-2.5864514463203492e-05,-0.0004481947689782828,-1.1590307167352876e-06,-8.650571899774172e-08,-4.381852070480938e-06,-9.458756566472403e-05
110,0.0037230650731736505,0.049995033218588614,0.049999495259619026,-1.891344557999646e-07,-0.00013408519492644674,-2.4044539507157362e-05,-0.0004332004173193127,-7.8168733352868e-07,-8.054865844063974e-08,-4.295752733210218e-06,-9.08290453297443e-05
111,0.0038822683072591946,0.049994468318362774,0.04999951815174111,-1.9064985641474493e-07,-0.00013583636579208943,-2.228641691226618e-05,-0.0004191952757537365,-6.397226570697967e-07,-7.44813295446169e-08,-4.2088298298500805e-06,-8.716047039292426e-05
112,0.004048674718691569,0.04999441682580902,0.04999954058498887,-1.9127339426196097e-07,-0.00013768277289204317,-2.060195210557346e-05,-0.0004062834777869284,-6.530345899591339e-07,-6.843601094138034e-08,-4.121117105064705e-06,-8.357769597956992e-05
113,0.004222766690162767,0.04999466569043197,0.049999562528911995,-1.9097638968661693e-07,-0.00013973539183888007,-1.8998687352456683e-05,-0.000393991416785866,-6.841256663392414e-07,-6.251602515391089e-08,-4.0326085218397265e-06,-8.007568467986509e-05
114,0.004404936337153057,0.049995036028969375,0.04999958396071156,-1.897972914394062e-07,-0.00014203658129521106,-1.7480776253315877e-05,-0.0003822773287538439,-7.241664548018889e-07,-5.6782499486780956e-08,-3.9432884102106165e-06,-7.665002514425543e-05
115,0.004595558806160435,0.04999541765436966,0.04999960486368929,-1.8776303574510768e-07,-0.00014460159600336792,-1.604967383987061e-05,-0.00037130722193978727,-7.617469464094029e-07,-5.125192649175912e-08,-3.853151561000654e-06,-7.329705507156211e-05
116,0.004795006047462691,0.04999576768441122,0.04999962522377985,-1.8483311661888967e-07,-0.00014744013357744008,-1.4705856918803925e-05,-0.0003614152083173394,-8.002905929060944e-07,-4.597178612308352e-08,-3.762213880343736e-06,-7.001367996591723e-05
117,0.005003663136429962,0.04999607465135744,0.04999964502647914,-1.8094917346871336e-07,-0.0001505674052661402,-1.3449771752929506e-05,-0.00035302049946039915,-8.41692042286013e-07,-4.092507232505753e-08,-3.6705103811104032e-06,-6.679715642677647e-05
118,0.005221935697208336,0.04999634144181295,0.04999966425554423,-1.7602363742831674e-07,-0.0001540183919243958,-1.2281078165850664e-05,-0.0003463407338131219,-8.85414578988275e-07,-3.612110979060968e-08,-3.578094760087118e-06,-6.364499230368246e-05
119,0.005450233688747013,0.0499965851804724,0.04999968289216963,-1.6996850885920732e-07,-0.00015783552535490842,-1.1199851527087775e-05,-0.0003415188693907112,-9.204678690366563e-07,-3.157590856201619e-08,-3.4850338130788887e-06,-6.055524555133919e-05
120,0.0056889559556472374,0.04999680650824791,0.049999700915647,-1.627484284084754e-07,-0.000162067073526788,-1.0205194657695814e-05,-0.0003385934978723526,-9.507643881079275e-07,-2.7323861140835823e-08,-3.3914035501074887e-06,-5.75267673691675e-05
121,0.0059385055923613685,0.04999701511073145,0.04999971830407388,-1.543324462464917e-07,-0.00016677287420988526,-9.29650256265365e-06,-0.0003378561814315617,-9.77322429207561e-07,-2.3364277449697447e-08,-3.297290230767444e-06,-5.455924062052381e-05
122,0.006199289073674102,0.0499972175401576,0.0499997350341353,-1.4470116887569103e-07,-0.00017203415616709255,-8.472909783952396e-06,-0.0003393406805116683,-1.0006923503169673e-06,-1.9705807230907484e-08,-3.2027872415144004e-06,-5.1653404485470496e-05
123,0.006471700107127033,0.04999742470861061,0.049999751081414724,-1.33872713388966e-07,-0.0001779367035874567,-7.73386963670435e-06,-0.00034287499147467315,-1.007294827104488e-06,-1.639945718086672e-08,-3.1079916322101326e-06,-4.881158446166559e-05
124,0.006756098149527188,0.049997635344672775,0.0499997664216198,-1.2194757120141385e-07,-0.00018455913660052694,-7.079000376498002e-06,-0.0003485176421236247,-1.0069298923554015e-06,-1.3366442381932831e-08,-3.0129998635712765e-06,-4.60379858582821e-05
125,0.007052839285942432,0.049997854865047896,0.04999978103128784,-1.0902702560984262e-07,-0.000192008190301975,-6.507586368719635e-06,-0.0003556394367478788,-1.005087938210636e-06,-1.0666751584665263e-08,-2.9179139712398924e-06,-4.333911012666139e-05
126,0.007362209915061361,0.04999809223197839,0.049999794888504284,-9.532900510323572e-08,-0.00020034276927340566,-6.020536301575862e-06,-0.0003638311754912138,-9.707308663564618e-07,-8.31329202861474e-09,-2.82283168730093e-06,-4.0724494522875224e-05
127,0.007684448141007218,0.04999832759970463,0.04999980797491286,-8.115174491586203e-08,-0.00020961968295978378,-5.617928328460628e-06,-0.0003731052565854043,-9.685636541689746e-07,-6.304450934385447e-09,-2.7278487837482206e-06,-3.8206594278848394e-05
128,0.00801982017093272,0.04999857816469913,0.049999820275581315,-6.678287569099399e-08,-0.00021993128361153544,-5.302054334648675e-06,-0.0003833971859421581,-9.749498985911487e-07,-4.652978144154408e-09,-2.633062363956796e-06,-3.5800832709626435e-05
129,0.008368521696244092,0.04999883995419688,0.04999983177849252,-5.26034851422828e-08,-0.00023134289680289903,-5.075976099291421e-06,-0.000394285045331344,-1.0011575568569242e-06,-3.378108828032992e-09,-2.538557719274422e-06,-3.3526085838144e-05
130,0.008730704884339772,0.04999910729631274,0.04999984247549381,-3.9058849876349235e-08,-0.00024390813710116317,-4.944200587475978e-06,-0.00040567913674749434,-1.062093019754684e-06,-2.484036344553773e-09,-2.4444100584527744e-06,-3.140477724289159e-05
131,0.009106482890580568,0.049999371760307054,0.049999852362364317,-2.66436968822765e-08,-0.00025767636058179254,-4.91276325048376e-06,-0.0004176847287453711,-1.1693842907334329e-06,-2.0049793895563605e-09,-2.350683266105199e-06,-2.946292739156877e-05
132,0.009495922831709904,0.04999962066487013,0.04999986143836828,-1.5905810540233686e-08,-0.00027268725265687613,-4.989885245434436e-06,-0.00043066591024398804,-1.3242299701232696e-06,-1.9776165931895323e-09,-2.257426767428573e-06,-2.7730187619737533e-05
133,0.009899058620140169,0.049999830797026426,0.04999986970578868,-7.444867044784145e-09,-0.0002889805957801667,-5.185942809443056e-06,-0.0004454861336853355,-1.532599867459794e-06,-2.4532211198175053e-09,-2.164673936162576e-06,-2.6239772628066662e-05
134,0.01031591478387391,0.049999970455654075,0.049999877168889574,-1.9064438384169124e-09,-0.0003066235304298613,-5.514114119131514e-06,-0.00046325611765496433,-1.7858186538433074e-06,-3.5032479525875943e-09,-2.0724413238897136e-06,-2.5028445107380714e-05
135,0.010746496678162623,0.04999998803986069,0.049999883832471205,-3.3469815356146692e-12,-0.00032570467661122507,-5.9905292514315955e-06,-0.0004852754937019199,-2.087168695652508e-06,-5.221175398934149e-09,-1.9807249317766236e-06,-2.4136680253692698e-05
136,0.01119080089680172,0.04999980685460512,0.04999988970041253,-2.5322819996826704e-09,-0.00034634830681813433,-6.634520750682412e-06,-0.0005129874334670603,-2.449441808494157e-06,-7.726051390179762e-09,-1.889498491879724e-06,-2.36089749536159e-05
137,0.01164881443367211,0.04999932062762,0.0499998947741953,-1.0397044102808183e-08,-0.0003687125326797935,-7.4686955603580935e-06,-0.0005479315877892077,-2.8984397886233637e-06,-1.116198346110625e-08,-1.7987113241659603e-06,-2.3494375848598994e-05
138,0.012120501867543041,0.049998398806957764,0.049999899051662314,-2.462483153742325e-08,-0.0003929784309317944,-8.518704984632633e-06,-0.0005915475194342434,-3.471455556791625e-06,-1.5690911369820973e-08,-1.7082857563145842e-06,-2.3847184630982256e-05
139,0.012605776030861358,0.04999691148854078,0.049999902526180334,-4.635958563144799e-08,-0.00041931348827989665,-9.812443304217482e-06,-0.0006451687659136951,-4.197063390165567e-06,-2.1477068362856546e-08,-1.6181154523284838e-06,-2.4727680440107114e-05
140,0.01310446615765579,0.04999478115361,0.04999990518665414,-7.681029402441725e-08,-0.0004478145198989463,-1.1378360552382077e-05,-0.000709860643837601,-5.073188731330447e-06,-2.867228139193208e-08,-1.5280658915814672e-06,-2.6202569046056845e-05
141,0.013616290921689235,0.04999206383026334,0.0499999070185508,-1.1713655116728437e-07,-0.00047843075142998433,-1.324251833868227e-05,-0.0007862852071411908,-6.051832770026522e-06,-3.73903696011225e-08,-1.4379793106759862e-06,-2.8344746423228824e-05
142,0.014140858892854324,0.049989029067279055,0.04999990800635315,-1.6824597500406266e-07,-0.0005108749124882918,-1.5423815200918496e-05,-0.0008744785445742309,-7.0230717028607614e-06,-4.767270094670998e-08,-1.3476878285834216e-06,-3.123192719802866e-05
143,0.014677726668829128,0.04998618440478744,0.04999990813775296,-2.3052349254674893e-07,-0.000544550751381934,-1.792752072932701e-05,-0.0009734335471875966,-7.843797902751248e-06,-5.9513965112786703e-08,-1.2570372899070707e-06,-3.494377424468234e-05
144,0.015226514527427404,0.049984192631356075,0.04999990740981115,-3.035009792837027e-07,-0.0005785055035195495,-2.0737904870475554e-05,-0.0010809029918164015,-8.358872946701013e-06,-7.286968257407145e-08,-1.1659231476325366e-06,-3.955747101637849e-05
145,0.01578709686460741,0.049983654009459255,0.049999905836871326,-3.8560183715959827e-07,-0.0006114778277078586,-2.3811935910372062e-05,-0.001193382078781724,-8.471512046526186e-06,-8.780588004569973e-08,-1.0743370279034466e-06,-4.514226167970664e-05
146,0.01635984205784094,0.04998482186545719,0.049999903459099056,-4.7407855997539447e-07,-0.0006420574050610713,-2.707802258008448e-05,-0.001306871767155826,-8.216509741032496e-06,-1.0428531411847923e-07,-9.824147801824015e-07,-5.1754228441935046e-05
147,0.016945775084476318,0.04998744273173238,0.04999990034936738,-5.653751300895927e-07,-0.0006689708326366842,-3.044096198420353e-05,-0.0014164075255393982,-7.712133083259687e-06,-1.2268425018728123e-07,-8.904759073861074e-07,-5.943263593120522e-05
148,0.017546563379336973,0.04999081968823691,0.04999989661676436,-6.556020564801465e-07,-0.0006912772815837787,-3.379641291790433e-05,-0.001518429140560329,-7.093795375112677e-06,-1.4341827343589936e-07,-7.990359062060397e-07,-6.819913962370309e-05
149,0.01816436672197306,0.04999416379609158,0.049999892404878774,-7.413834543292452e-07,-0.000708618663078098,-3.70491460713063e-05,-0.001610564417205751,-6.350509011099348e-06,-1.670648482153206e-07,-7.087918323028553e-07,-7.806078814684608e-05
150,0.01880160243901744,0.049996826860764176,0.04999988788241645,-8.207406176046083e-07,-0.0007213830571078197,-4.01263060571607e-05,-0.001692809397354722,-5.6305143516510725e-06,-1.941499485764027e-07,-6.205793012716372e-07,-8.90158598615677e-05
151,0.01946052723484119,0.049998568106962876,0.049999883228555184,-8.93269733356599e-07,-0.0007304709364996075,-4.298613442045541e-05,-0.001765346503816545,-4.884650479652919e-06,-2.2510694687689583e-07,-5.353059253576132e-07,-0.00010106044631487126
152,0.020142898267455148,0.0499994905667723,0.04999987861753994,-9.5997047461756e-07,-0.0007370383007382543,-4.5617927247518345e-05,-0.0018293567700311542,-4.118368451599963e-06,-2.5991293022162706e-07,-4.5388626638666e-07,-0.00011419431053549926
153,0.02084979641222949,0.04999987040400685,0.049999874204593904,-1.0229292378101653e-06,-0.0007422752243023286,-4.803520270462495e-05,-0.0018857036484405398,-3.403701839488349e-06,-2.9848707974936567e-07,-3.771889459509039e-07,-0.0001284245313266798
154,0.021581534415550812,0.04999997984759312,0.04999987011623208,-1.0845881852281436e-06,-0.0007471229500896593,-5.026732827598833e-05,-0.001934986561536789,-2.699497144931229e-06,-3.403344549393781e-07,-3.06000941474547e-07,-0.00014376634606748715
155,0.022337717411276815,0.049999998288059185,0.04999986644648816,-1.1473240231288553e-06,-0.0007521825079951027,-5.235190665826139e-05,-0.0019775975961238146,-2.110323976012296e-06,-3.8485575715507356e-07,-2.410142406097833e-07,-0.00016024244007464394
156,0.02311748066820396,0.0499999986061511,0.04999986325661272,-1.2133847618816205e-06,-0.0007578220060222266,-5.432671178105408e-05,-0.0020145762246102095,-1.6451455167043605e-06,-4.313455451630834e-07,-1.8282793171369558e-07,-0.0001778810530587218
157,0.023919616441394773,0.04999998974635477,0.049999860577917936,-1.284553146889491e-06,-0.0007641195484490075,-5.622617234555482e-05,-0.002046027686446905,-1.2823356883018278e-06,-4.789956840222541e-07,-1.3195611835796877e-07,-0.0001967131460674268
158,0.02474271027479416,0.04999995757791244,0.049999858417200414,-1.3622156128212054e-06,-0.0007709602475617135,-5.8079355867151174e-05,-0.0020718795713037252,-1.0224603101960383e-06,-5.272037193019208e-07,-8.884207574887748e-08,-0.00021676927400496977
159,0.025585264152139686,0.049999891277294456,0.04999985676296953,-1.4472501162616176e-06,-0.0007780635251016071,-5.9909979967126895e-05,-0.0020922550465911627,-8.206793040699267e-07,-5.753454131409585e-07,-5.386973727270713e-08,-0.00023807660801792652
160,0.02644578654267188,0.049999796185788536,0.04999985559162789,-1.5401770906781835e-06,-0.000785069099144241,-6.173796417555363e-05,-0.002107549225911498,-6.920581085978483e-07,-6.229722262608454e-07,-2.7373186698117702e-08,-0.0002606572117390165
161,0.027322924111074988,0.04999968528131106,0.0499998548716465,-1.641421671252071e-06,-0.0007916728833855455,-6.357870315824934e-05,-0.002118960954248905,-6.18138756180997e-07,-6.69664153480958e-07,-9.64237733217881e-09,-0.0002845271156623654
162,0.028215448354763764,0.04999957878132886,0.04999985456656188,-1.7512298423328034e-06,-0.0007975804251425363,-6.544465793352214e-05,-0.002126755192875862,-5.744904001403484e-07,-7.150774404751122e-07,-9.253062841233146e-10,-0.0003096954837025185
163,0.029122240972013838,0.049999496497798245,0.04999985463766522,-1.8697404092893632e-06,-0.000802531887632035,-6.734601972161097e-05,-0.0021313948091119528,-5.545841190723877e-07,-7.589067797360032e-07,-1.429154728229089e-09,-0.00033616423868913564
164,0.030042306409423666,0.04999945492839322,0.04999985504578744,-1.9970294712340563e-06,-0.000806316345189148,-6.929167855166918e-05,-0.0021333808545023203,-5.517923682418768e-07,-8.008816413053692e-07,-1.1320085935151587e-08,-0.0003639280915984694
165,0.030974751962284802,0.049999463896596374,0.04999985575240174,-2.133150870490095e-06,-0.000808776186724697,-7.128925065969442e-05,-0.0021330711897462606,-5.609905997516762e-07,-8.407485829586758e-07,-3.072258803781423e-08,-0.0003929747425717124
166,0.03191877288806539,0.04999952565490357,0.0499998567203309,-2.2781251688486614e-06,-0.0008097946733448757,-7.334556180875567e-05,-0.002130861859768629,-5.780460696769296e-07,-8.782538445196203e-07,-5.971894062401022e-08,-0.00042328519730125067
167,0.032873636188341916,0.04999963312948191,0.04999985791417483,-2.431976174467843e-06,-0.0008092986706053351,-7.546723215584155e-05,-0.0021269801072776318,-6.023153105161327e-07,-9.131850675433974e-07,-9.834878130681556e-08,-0.0004548340593419623
168,0.03383864675560294,0.04999976816240553,0.04999985930059643,-2.594681044995637e-06,-0.0008072372920044017,-7.766012692100211e-05,-0.002121582394465804,-6.279777267081954e-07,-9.453057667073698e-07,-1.4660898688685577e-07,-0.00048758976358856556
169,0.034813150913022374,0.04999990161227147,0.049999860848541716,-2.7662029980645104e-06,-0.0008035841342052798,-7.993054491048112e-05,-0.0021148030646145344,-6.587505367861013e-07,-9.74433461857333e-07,-2.0445373068917153e-07,-0.0005215149338543318
170,0.03579651411209898,0.04999998974169042,0.049999862529220576,-2.9464981133982363e-06,-0.0007983389206661656,-8.228433584296754e-05,-0.002106789965182543,-6.904301699250937e-07,-1.000370735436104e-06,-2.7179479648951295e-07,-0.0005565666668556465
171,0.03678812016530366,0.0499999750831627,0.049999864316112426,-3.1354763877418093e-06,-0.0007915103448735277,-8.47277416694807e-05,-0.002097597112879157,-7.244361199809646e-07,-1.0229616279274643e-06,-3.485022119462444e-07,-0.0005926968574239258
172,0.03778736421234253,0.0499997840754273,0.04999986618489227,-3.3330561230425554e-06,-0.0007831303226138155,-8.726743003256113e-05,-0.002087412402033806,-7.60526233989367e-07,-1.0420597382600126e-06,-4.344047710892844e-07,-0.0006298525808011764
173,0.038793634673192245,0.0499993267077553,0.04999986811322635,-3.539131315168348e-06,-0.0007732396750217653,-8.991005397341757e-05,-0.0020762786734849215,-7.982607144185749e-07,-1.0575493336450935e-06,-5.292911232673705e-07,-0.0006679763690704309
174,0.03980632441925968,0.04999849593727748,0.04999987008066867,-3.753570103404072e-06,-0.0007618885445695887,-9.266307072851598e-05,-0.0020642410963773727,-8.368018029614177e-07,-1.0693383428357177e-06,-6.329105482384574e-07,-0.0007070065489864804
175,0.04082481003892707,0.04999716678653022,0.04999987206845822,-3.976241361122756e-06,-0.0007491378473401439,-9.553409898828455e-05,-0.0020514014177024364,-8.785004297351406e-07,-1.0773661492713233e-06,-7.449740598961865e-07,-0.0007468775876834252
176,0.0418484654618241,0.049995197358383536,0.04999987405931817,-4.206987502715142e-06,-0.0007350547864104042,-9.853121128900471e-05,-0.0020378869958221912,-9.199349051414174e-07,-1.0815920978769419e-06,-8.65155630220017e-07,-0.0007875204871729276
177,0.04287666092317343,0.04999242800504428,0.0499998760372741,-4.445659668242068e-06,-0.0007197182169669265,-0.00010166335743794887,-0.0020237592980265617,-9.653222150518559e-07,-1.0820383094727714e-06,-9.930933408194725e-07,-0.0008288631179181135
178,0.04390874897550768,0.049988684080330484,0.04999987798751934,-4.692050189849238e-06,-0.0007032060498976278,-0.00010488110465465292,-0.0020091517362743616,-1.0065692777061486e-06,-1.0784457543645167e-06,-1.1283914482082676e-06,-0.0008708371454817061
179,0.04494109792884575,0.04998385538845562,0.049999879882376086,-4.9571474027678525e-06,-0.0006860359553885352,-0.0001081487748271736,-0.001929019927047193,-9.395346751261968e-06,-1.0890548815139235e-06,-1.2704636914369018e-06,-0.0009131972187616012
180,0.04596040440857847,0.04997929507596295,0.04999988178063926,-5.187171785555344e-06,-0.0006573562965496672,-0.00011350052039024787,-0.0010948370909318328,-0.00024366891011595726,-1.1048058607048793e-06,-1.4172708303524507e-06,-0.0009550665988303904
181,0.04687342930368674,0.04997991751473648,0.049999883914126624,-5.305476966612863e-06,-0.0005979073425634772,-0.00011916830662284065,-0.0012023308081552386,-9.34592608246021e-05,-1.0917814809607198e-06,-1.5695727756545693e-06,-0.00099591263161663
182,0.04781506752212475,0.04997525273140646,0.04999988641231841,-5.4401219390398934e-06,-0.0005484003160793031,-0.00012575135424674452,-0.0013320207362994552,-9.565103391651064e-05,-1.0941489955577924e-06,-1.728242995385202e-06,-0.0010357366112316716
183,0.04872031056355344,0.049973109409345684,0.049999889121633896,-5.599765494799216e-06,-0.0004961284247001858,-0.00012930808565404206,-0.002279046457260847,-0.00032150448532775044,-1.0598810804947416e-06,-1.8917415746994369e-06,-0.0010752963268050029
184,0.04981867008765962,0.04995800929249504,0.049999891754279505,-5.9032067828448e-06,-0.0004898585715426892,-0.00013259844856022208,-0.0022528914269059896,-4.081515271536773e-06,-1.0251330782671723e-06,-2.0600577263230695e-06,-0.0011155078341741165
185,0.050930407010170146,0.04993914010977612,0.04999989416303956,-6.216913335316489e-06,-0.00048456082142311473,-0.00013633442041731628,-0.002106399741023779,-4.871574219578179e-06,-9.868580004325902e-07,-2.2323956794333676e-06,-0.0011563016349456776
186,0.05202617338889796,0.04991526881411713,0.049999896339189914,-6.5410543740534645e-06,-0.0004767067811214339,-0.0001406776325699421,-0.0020255516283214092,-3.63546109838353e-06,-9.476988287468863e-07,-2.408399771027412e-06,-0.0011975815500172749
187,0.05310516026666323,0.04988654128388731,0.049999898217853785,-6.889775813177778e-06,-0.0004683738954517607,-0.00014557224861570605,-0.0019385566702112556,-4.47873208031524e-06,-9.056943625051205e-07,-2.587680998542282e-06,-0.0012392102283731703
188,0.054163674627244945,0.04985043178120996,0.04999989975992303,-7.235639697412988e-06,-0.0004557843985631992,-0.00015076808734482526,-0.0019016191363334656,-2.587590415714658e-06,-8.666590246387494e-07,-2.7696630219501477e-06,-0.0012809900406143791
189,0.055211711154124654,0.0498139179988194,0.04999990098813297,-7.5780322476371914e-06,-0.0004406191917101632,-0.00015623793916079464,-0.0018862122669816017,-2.0224849777150666e-06,-8.299045066497853e-07,-2.953283558581954e-06,-0.0013227833448161066
190,0.05625336279273749,0.049778372449642616,0.049999901922536893,-7.922694993124089e-06,-0.00042449234543044575,-0.00016199344955180963,-0.001879892311990261,-1.6095457340270514e-06,-7.943242904583286e-07,-3.1375474981188635e-06,-0.001364498692532858
191,0.0572894418489269,0.04974318493150955,0.04999990257073658,-8.270903814114152e-06,-0.000407956717558113,-0.00016806680388789278,-0.0018781450344249606,-1.6090816643554717e-06,-7.590939990891316e-07,-3.3215781115223487e-06,-0.0014060661215143664
192,0.05831967196096979,0.04970704345141824,0.049999902932605284,-8.624776868646194e-06,-0.00039144568927899416,-0.0001744781514141954,-0.0018751205643638968,-1.5906236967566656e-06,-7.238010578323352e-07,-3.504591865460668e-06,-0.0014474291505842348
193,0.05934354543657631,0.04966853267299882,0.04999990300165128,-8.984515718284181e-06,-0.00037512303108617833,-0.00018123249453587826,-0.0018742578104138374,-1.5836027387194918e-06,-6.884529131911969e-07,-3.685865939167709e-06,-0.0014885396917528062
194,0.060360981821027594,0.049627085159465775,0.049999902768959166,-9.350460702283528e-06,-0.0003591937528505077,-0.0001883293464758374,-0.0018764761043712497,-1.5871854657234508e-06,-6.53265073154228e-07,-3.864704084413962e-06,-0.0015293596846779848
195,0.06137198529430198,0.049582589112180706,0.04999990222378527,-9.722895868781522e-06,-0.00034384363393786356,-0.00019576373665357758,-0.001880935044027865,-1.5844403833398246e-06,-6.185931032190674e-07,-4.040408267270811e-06,-0.0015698591833148664
196,0.06237651400109574,0.04953533026556886,0.049999901354929994,-1.010142246516742e-05,-0.00032917284371547875,-0.00020353025960057232,-0.0018860532436519861,-1.5798832464497536e-06,-5.848035753746589e-07,-4.212260512324879e-06,-0.001610013294074914
197,0.06337444092275872,0.04948580152333373,0.049999900152282645,-1.048530552283952e-05,-0.00031523623026048856,-0.00021162504492319093,-0.0018916931003332138,-1.569801383993763e-06,-5.522508811481684e-07,-4.379515110182851e-06,-0.001649801757871517
198,0.06436562461760857,0.04943468494937454,0.0499998986068991,-1.0873990309315694e-05,-0.00030210192154920797,-0.00022004117392976832,-0.0018979639280587435,-1.5351021147580468e-06,-5.211300894478212e-07,-4.541404196761745e-06,-0.0016892099588106477
199,0.06534993612024308,0.04938265760213386,0.04999989671048536,-1.1267091286800885e-05,-0.0002898385657746551,-0.00022877038645760254,-0.0019044354557991028,-1.4899205780238844e-06,-4.917740071410986e-07,-4.697144565031847e-06,-0.0017282277136629312
200,0.06632720111821724,0.04933050375072443,0.04999989445596976,-1.1663599625526967e-05,-0.0002784594271521456,-0.00023805949004161768,-0.0019096011528745294,-1.4004039030623971e-06,-4.626261756213121e-07,-4.84611209672419e-06,-0.0017668329234987769
201,0.06728587495116871,0.04927068032748819,0.04999989180190666,-1.2076231089491897e-05,-0.00026765469050864823,-0.00025039580245803274,-0.0019383535254746675,-0.0002519412664696574,-4.784291298047152e-07,-4.982907792666126e-06,-0.0018040469919262875
202,0.06811876819202294,0.04935716590069343,0.04999988892150105,-1.2285276528402947e-05,-0.0002314850605859408,-0.00026190900989125145,-0.001931353472173214,-7.080053183017299e-05,-4.7477870952166e-07,-5.105260882356865e-06,-0.0018392774780152052
203,0.06901013762834446,0.049405246057674164,0.04999988603488577,-1.2525870823727658e-05,-0.00020897241437805924,-0.00027477747503739687,-0.0019940619822591543,-7.549616566393524e-05,-4.7142105139906255e-07,-5.214380329452028e-06,-0.0018723402501938475
204,0.06982668525884757,0.04941952211732964,0.049999883218049435,-1.2662430969345392e-05,-0.00017645443602124183,-0.0002840807380502085,-0.0020646569319069386,-0.0002814966137520969,-4.344560229432913e-07,-5.311992915415854e-06,-0.001904137692229
205,0.0708207349114916,0.049345641036518416,0.04999988028866556,-1.3072120597943666e-05,-0.00017897737530461565,-0.00029320795413899007,-0.002015338744968176,-3.090687187068397e-06,-4.025059901344765e-07,-5.4015664653120375e-06,-0.0019362085364042843
206,0.07181180476433581,0.04927264868098837,0.04999987697701129,-1.3496778453206873e-05,-0.00018282630978588168,-0.00030265307849347746,-0.0019358404679223895,-5.117349701322382e-06,-3.7352624186592396e-07,-5.482157695688303e-06,-0.001968522017347987
207,0.07278230420421479,0.049198930647574454,0.04999987329433303,-1.3905524119786495e-05,-0.00018538332254101919,-0.00031274940038924105,-0.0019241080153733492,-1.0454427865624893e-06,-3.48778090848834e-07,-5.553484128044304e-06,-0.002001005427066351
208,0.07372663995579891,0.049126823522621765,0.04999986920141286,-1.434299995573243e-05,-0.00018868018647950481,-0.00032619442239168546,-0.0019941392820328474,-0.00028828284121118486,-3.659566123593374e-07,-5.608870764674477e-06,-0.0020324646614511732
209,0.07452684188556517,0.049219267856635385,0.049999864888330955,-1.4529371980713592e-05,-0.0001654719522814339,-0.0003392457076531512,-0.001991205383092165,-0.00030420711846090853,-4.2940660763703114e-07,-5.6352506624938745e-06,-0.0020602886197056943
210,0.07527374868046992,0.04947941682026766,0.04999986130566954,-1.4260630219096158e-05,-0.00011735215419203063,-0.00035228293118360585,-0.001972115831449628,-8.329594129463658e-05,-4.738559762623729e-07,-5.62774940852575e-06,-0.0020834709622513633
211,0.07604154623862108,0.04964338981674202,0.04999985904191858,-1.4068126244651243e-05,-8.704400460272416e-05,-0.00036423950575516646,-0.002020040759816766,-0.0003042104362975806,-4.6374111529580134e-07,-5.595319714494846e-06,-0.00210381235709331
212,0.07689499735997041,0.04966122249511832,0.04999985750674602,-1.4202366575847612e-05,-8.295008630676002e-05,-0.0003725861873517369,-0.0018292717868462205,-0.0002512995561119169,-4.178997609768346e-07,-5.551433962867989e-06,-0.002124009382100087
213,0.07787742637202741,0.04959147021423677,0.049999855991375006,-1.4579198054088004e-05,-9.593218009872871e-05,-0.0003805003455049959,-0.0016525452956557274,-8.996466021926608e-06,-3.802360349811734e-07,-5.502036631767121e-06,-0.002145209528968938
214,0.07883869097732042,0.04951079485979685,0.04999985432335843,-1.4919627488476937e-05,-0.00010705161815411614,-0.00038863620183207236,-0.0015543232439085841,-5.061818228568882e-06,-3.4962913176938767e-07,-5.446439261135635e-06,-0.0021671591135123116
215,0.07976929416585758,0.049424611814291135,0.04999985256960609,-1.525253221845548e-05,-0.00011686644656907016,-0.0003970398801085156,-0.001503828796558082,-3.2999710128933657e-06,-3.281765591805329e-07,-5.383935393036071e-06,-0.0021896651795551034
216,0.0806694549624116,0.04934871195877383,0.04999985073178689,-1.5579862894779123e-05,-0.000125144038015677,-0.0004054528824208976,-0.0014211345696821809,-4.9124128054245375e-06,-3.149916160433262e-07,-5.313216221913709e-06,-0.0022124555282213316
217,0.08154054366061182,0.04928796413591302,0.04999984886778986,-1.5864737443013277e-05,-0.00013070869775279814,-0.0004137852885228539,-0.0013353148242458701,-5.56977511223522e-06,-3.114492752843598e-07,-5.232425524940018e-06,-0.00223519826869417
218,0.08238643087571346,0.049258096960133946,0.04999984709519064,-1.610989449341129e-05,-0.00013360433700687375,-0.0004220542052641261,-0.001258080592378974,-3.7400882320071105e-06,-3.156824940729467e-07,-5.139523640291444e-06,-0.0022576259124952487
219,0.08320929923035247,0.049256229957991865,0.049999845519189436,-1.6321725098501917e-05,-0.0001344731629299054,-0.00043024163957495164,-0.0011809690622612834,-2.711301704039215e-06,-3.260603150670688e-07,-5.033107714427356e-06,-0.002279524745855404
220,0.0840107776374418,0.04927579279262858,0.0499998442297796,-1.6502376268440896e-05,-0.00013374687212940736,-0.0004383216751136901,-0.0011018944205716252,-2.3851091555116e-06,-3.41355190190166e-07,-4.9123471686123485e-06,-0.0023007130940335165
221,0.08479196033074966,0.04930973654356961,0.04999984330888138,-1.665333347132243e-05,-0.00013179803960208702,-0.0004462536194627538,-0.0010212656343355775,-2.4118578494380927e-06,-3.6068122485233687e-07,-4.776863159088659e-06,-0.00232103197401628
222,0.08555371512311488,0.04935217242069703,0.04999984283144749,-1.677548123702037e-05,-0.00012890855967248488,-0.00045400031590892383,-0.0009420760325156152,-2.54210476668959e-06,-3.83471781789609e-07,-4.6266361164849145e-06,-0.0023403370865748745
223,0.08629649125951298,0.04939896411959393,0.04999984286610193,-1.6869196124892667e-05,-0.00012530356618154254,-0.0004615300805737349,-0.0008660741150379181,-2.6917507511825534e-06,-4.094186096090293e-07,-4.4619147812700686e-06,-0.0023584916987304427
224,0.08702044373466597,0.04944747605410335,0.049999843475414876,-1.693427486469018e-05,-0.00012116264842989958,-0.0004688197536638946,-0.0007945717661641538,-2.8147499051556224e-06,-4.383924620327563e-07,-4.283144150602887e-06,-0.0023753624572501806
225,0.08772552894167024,0.049496213996504834,0.049999844715410184,-1.697054341352722e-05,-0.00011665059942941412,-0.00047585494418369103,-0.0007283007143996656,-2.909172735598986e-06,-4.703650661629218e-07,-4.09092171100494e-06,-0.002390818412842288
226,0.08841158668383745,0.04954435318405277,0.04999984663388717,-1.6978041503626903e-05,-0.00011193259637835748,-0.00048263051622679303,-0.0006675978656858206,-2.978598786285147e-06,-5.053488579435367e-07,-3.8859803148895405e-06,-0.002404731646822529
227,0.08907837148367549,0.049591414620672,0.04999984926826338,-1.69571970529382e-05,-0.00010717970365065864,-0.0004891503465910624,-0.0006125869113020599,-3.0236365091695916e-06,-5.433934683492754e-07,-3.6691869721263885e-06,-0.0024169786409349537
228,0.08972559233973593,0.04963706835522128,0.049999852643354846,-1.6908750757436854e-05,-0.00010256906209737904,-0.0004954214792777166,-0.0005631771637126803,-3.0359517495526234e-06,-5.843827756644216e-07,-3.441554371025639e-06,-0.0024274429313534043
229,0.09035299142602779,0.04968097251730332,0.04999985676924337,-1.6834178801440022e-05,-9.828595466641952e-05,-0.0005014582894080312,-0.0005196959828026593,-3.0178302949934732e-06,-6.283133342949318e-07,-3.2042518329066236e-06,-0.0024360165791531066
230,0.09096026327579775,0.04972294717715428,0.049999861640014534,-1.6734823880169453e-05,-9.450455973772679e-05,-0.0005072766055229056,-0.0004815843130927533,-3.0288745165307773e-06,-6.751107768795126e-07,-2.9586253680641463e-06,-0.0024425991798041084
231,0.09154714477639254,0.04976259901597962,0.04999986723410294,-1.6611649127736776e-05,-9.139557578871602e-05,-0.0005128951618499,-0.00044873813749291003,-2.9781954253849108e-06,-7.245524027743428e-07,-2.706220126239801e-06,-0.0024471007881653323
232,0.09211347199944926,0.0497996401372722,0.04999987351375809,-1.646672327912167e-05,-8.912697220262366e-05,-0.0005183335781834062,-0.0004214835353195667,-2.8447830118238926e-06,-7.764203879330205e-07,-2.4487942469676172e-06,-0.00244944685644706
233,0.09265915419604552,0.04983390017070359,0.04999988042395023,-1.6302488766638346e-05,-8.784395200180327e-05,-0.0005236096939701073,-0.00039936540997587144,-2.7380804112908663e-06,-8.303844488633945e-07,-2.1883466990276835e-06,-0.002449578341065523
234,0.09318411039705733,0.04986510463182517,0.04999988789369078,-1.61209041240351e-05,-8.766772511841431e-05,-0.0005287448311174197,-0.0003822032595053315,-2.6206971597275697e-06,-8.861338212855082e-07,-1.9271374116219174e-06,-0.002447450319411456
235,0.09368825972546331,0.04989313285372382,0.04999989583821454,-1.592391111448847e-05,-8.869383627417746e-05,-0.0005337586154753175,-0.0003696833737194538,-2.466390924382722e-06,-9.432870510100406e-07,-1.6677061355530236e-06,-0.002443033036386287
236,0.09417161285722332,0.04991788884833234,0.04999990416061096,-1.5713625043188553e-05,-9.099031946592268e-05,-0.0005386712355076638,-0.0003614534216467291,-2.2970104964770144e-06,-1.0014338260420928e-06,-1.412902641259653e-06,-0.0024363131537875043
237,0.09463420895011165,0.04993933120493337,0.04999991275371873,-1.5492194454565124e-05,-9.459294480451417e-05,-0.0005435023772872707,-0.0003571047564037144,-2.1139828731975285e-06,-1.0601411398121897e-06,-1.1659166534918215e-06,-0.002427293978576071
238,0.09507612357296773,0.04995745790305734,0.04999992150246832,-1.526173250903096e-05,-9.950508497513075e-05,-0.0005482702173952721,-0.00035612061037681997,-1.9212272945878794e-06,-1.1189475200288053e-06,-9.303139044414649e-07,-0.0024159957230902845
239,0.09549748112115786,0.049972296881914235,0.049999930286508204,-1.5024350406932195e-05,-0.00010569410460990138,-0.0005529934097373794,-0.0003579925687517971,-1.721355374684208e-06,-1.1773999886147207e-06,-7.100782402786798e-07,-0.002402455652693601
240,0.09589843789909552,0.04998389922582194,0.04999993898295932,-1.4782037468488881e-05,-0.00011309287206119178,-0.0005575635786362188,-0.000361853715730831,-1.5164328033279162e-06,-1.2444276083201866e-06,-5.096614233988709e-07,-0.0023867400299506505
241,0.09627821659249719,0.04999236108283457,0.04999994746176326,-1.4556038620692835e-05,-0.00012145119481822953,-0.0005624551125613337,-0.0004213492793496698,-7.777027349220589e-06,-1.305051434963846e-06,-3.3378757172105e-07,-0.0023687008044371086
242,0.09663237328114506,0.04999868335678469,0.04999995564240822,-1.4256089308599001e-05,-0.00013338556513552187,-0.0005673214696389128,-0.0004297258274164051,-1.0406310138932895e-05,-1.3583438026058522e-06,-1.8821460518908874e-07,-0.0023481163784716576
243,0.09696631245743938,0.049999983273912446,0.04999996346469452,-1.3927724895880937e-05,-0.00014810111995779406,-0.0005724205200593453,-0.00041631804197095335,-3.8723478610336315e-06,-1.4137657093951565e-06,-7.940813126232809e-08,-0.002325203361789048
244,0.09728556682971926,0.049998130433362514,0.04999997078838993,-1.3638227813955189e-05,-0.0001612292271758625,-0.0005770168130902223,-0.0003556356532499194,-1.1417837413318921e-05,-1.4546810230856775e-06,-1.4741822604572407e-08,-0.002300587858785047
245,0.09759405241479406,0.049994393501238125,0.04999997742216453,-1.3442857141789082e-05,-0.00017005177256245314,-0.0005815738143500575,-0.0003643721283879131,-1.4244167232391192e-06,-1.4978898262789413e-06,-2.247641660132214e-09,-0.002274750839436962
246,0.09788349000003382,0.04998616551630459,0.049999983240850324,-1.326818227692815e-05,-0.0001777958309719206,-0.0005860930033370622,-0.0003817903925664723,-2.52745871875959e-06,-1.5344159196375949e-06,-5.0697509643193477e-08,-0.002247737911231272
247,0.09815114092741682,0.04997758514716577,0.0499999882090064,-1.307408105941811e-05,-0.0001872692173766451,-0.0005908866360582313,-0.0004116340714972466,-2.9067198283883044e-06,-1.5732743444500108e-06,-1.701173484539237e-07,-0.0022194598880968127
248,0.09839672857397384,0.04996519043108935,0.04999999231775394,-1.2861971436228995e-05,-0.00019821828888040121,-0.000595813904188027,-0.0004174468049313873,-4.746142110434448e-07,-1.6082713679828603e-06,-3.7228201302379855e-07,-0.0021899478772855366
249,0.0986233156999835,0.049950356116475525,0.049999995551354336,-1.2658133168452244e-05,-0.00020888358550239666,-0.0006008019733312721,-0.0004262767906766385,-4.124400163618702e-07,-1.6399627865618123e-06,-6.707949565524899e-07,-0.0021593379319477016
250,0.09883152658684992,0.04993233323490173,0.04999999789937159,-1.2460333062331063e-05,-0.00021910814589639517,-0.0006058390407023325,-0.000434376357588917,-3.3123646403510065e-07,-1.6678459232596446e-06,-1.0815238281898463e-06,-0.002127761714013477
251,0.09902158646486292,0.04991111263845197,0.049999999368159624,-1.2268396195635248e-05,-0.00022881672049993395,-0.000610935011889358,-0.00043936469592154026,-3.1768294661560503e-07,-1.6918398513690824e-06,-1.623077623679201e-06,-0.00209535972225901
252,0.09919384596509974,0.04988627514145978,0.049999999977944715,-1.2085390555443013e-05,-0.00023763553346238436,-0.000616110065794505,-0.00044288471690379083,-3.148819871512387e-07,-1.7114777196617796e-06,-2.317406417927837e-06,-0.0020622817743820077
253,0.09934845808485528,0.04985809724158575,0.04999999976293958,-1.1911963034807283e-05,-0.00024543482991014337,-0.0006213666329432518,-0.00044564050040207803,-3.099162313446868e-07,-1.7266734152313166e-06,-3.1905735839116014e-06,-0.0020286756116410973
254,0.09948561863603164,0.04982664482645369,0.049999998771174614,-1.1747999761139999e-05,-0.000252124309559842,-0.0006267082780074427,-0.0004479074850678444,-3.056513548926887e-07,-1.7374254710289868e-06,-4.273819312260522e-06,-0.00199468329648539
255,0.09960551651356138,0.0497919569098507,0.049999997062970376,-1.1593270892306497e-05,-0.00025765129102680266,-0.0006321342071234796,-0.00044990796595811844,-3.00978740597202e-07,-1.7437624290041042e-06,-5.604923787469952e-06,-0.001960439612674068
256,0.0997083632340285,0.04975408003969571,0.04999999470897871,-1.1447303546105155e-05,-0.00026199401542044485,-0.0006376452468949672,-0.0004518800415098667,-2.977093913614226e-07,-1.7457747267720348e-06,-7.230006233781937e-06,-0.0019260706696721992
257,0.09979437616055102,0.04971300555435948,0.04999999178797331,-1.1309450700382319e-05,-0.00026516452835389685,-0.0006432413767746576,-0.000453807704616338,-2.995294607899268e-07,-1.7435624189286e-06,-9.205932089205085e-06,-0.0018916935592690493
258,0.09986379426462084,0.04966874374843668,0.049999988384636956,-1.1179173807437607e-05,-0.0002671814212511074,-0.0006489219295662593,-0.00045576287084259093,-3.027357422524801e-07,-1.7372474086726294e-06,-1.160354806083353e-05,-0.001857416679384759
259,0.09991687561541597,0.049621257410116755,0.04999998458743447,-1.1055891023900463e-05,-0.00026807763530593457,-0.0006546857225687304,-0.0004578072694130242,-3.041309071249998e-07,-1.7269442387996502e-06,-1.4512098117165142e-05,-0.0018233394711102352
260,0.09995389439766099,0.04957056637084073,0.049999980486543284,-1.093897440590285e-05,-0.0002679058057232958,-0.0006605306716423754,-0.0004600613028742373,-3.053271768749255e-07,-1.7127796428631335e-06,-1.804533867066084e-05,-0.0017895520418569522
261,0.09997514481581972,0.049516684351850124,0.04999997617183755,-1.0827689019446324e-05,-0.0002667350460430484,-0.0006664543057422214,-0.00046249479055404663,-3.0575677101296606e-07,-1.6948783134268248e-06,-2.2350136642183653e-05,-0.0017561353339799572
262,0.09998094164810836,0.04945966158582799,0.04999997173108772,-1.0721405741112225e-05,-0.00026463728693939257,-0.0006724543594680723,-0.00046519748866558075,-3.0388082450372167e-07,-1.6733751297285337e-06,-2.7618785497281808e-05,-0.0017231612646079648
263,0.09997162033174135,0.04939953986743864,0.04999996724840545,-1.0619396337062102e-05,-0.0002616985604972023,-0.0006785266891836774,-0.00046814800589345396,-3.0065024247960537e-07,-1.6483889052115912e-06,-3.410696291864479e-05,-0.001690692882952661
264,0.09994753784138519,0.04933645088402319,0.04999996280282787,-1.0520981881040017e-05,-0.00025800519887544157,-0.0006846674272941896,-0.0004713831876870245,-2.97536075777316e-07,-1.6200655334665353e-06,-4.21604933656429e-05,-0.001658784975642928
265,0.09990907171659599,0.04927045674498321,0.049999958467250076,-1.0425559262116e-05,-0.00025364243762575166,-0.0006908705273746067,-0.00047486345283687115,-2.914793810759875e-07,-1.5885372293717697e-06,-5.225621125547958e-05,-0.0016274844772077275
266,0.09985661781203295,0.04920169434771924,0.04999995430752528,-1.0332481075574405e-05,-0.00024869739437993917,-0.0006971304912724332,-0.0004786717763636261,-2.8342921609691984e-07,-1.5539545958169527e-06,-6.506604604519584e-05,-0.0015968305965087329
267,0.0997905936291414,0.04913027903278481,0.049999950381686406,-1.0241086346341809e-05,-0.00024326235582665693,-0.0007034417935125503,-0.00048277885071001947,-2.74343079809114e-07,-1.5164744882647543e-06,-8.156074318963417e-05,-0.0015668550303246675
268,0.09971143810152011,0.04905633195264519,0.04999994673952144,-1.0150770806196102e-05,-0.00023742679369763667,-0.0007097977793479172,-0.00048716002493165433,-2.6389793106318393e-07,-1.4762515534228563e-06,-0.00010318371913175221,-0.0015375824153943806
269,0.09961960765527918,0.04897998696081351,0.04999994342231149,-1.006091228811535e-05,-0.0002312764296921933,-0.0007161918556895823,-0.0004918004851788282,-2.523291584566323e-07,-1.4334486466944046e-06,-0.00013215485932734214,-0.0015090307572860472
270,0.09951557913773126,0.04890137904667683,0.0499999404627682,-9.970950952633768e-06,-0.00022489331268745686,-0.0007226158602075969,-0.0004966520355083048,-2.40012894892061e-07,-1.3882285888327133e-06,-0.0001720279829295439,-0.001481211881796684
271,0.09939984211339795,0.04882064323383092,0.049999937885137846,-9.88031123827702e-06,-0.0002183534959094884,-0.000729062158713678,-0.0005016876384615898,-2.2703405022639345e-07,-1.3407575366083205e-06,-0.00022877541299993963,-0.0014541318968151976
272,0.0992729040005777,0.04873792938660067,0.049999935705444865,-9.788476601596745e-06,-0.0002117275777371488,-0.0007355229972418641,-0.0005068356404080987,-2.1383284831699712e-07,-1.2912091436942566e-06,-0.0003130548507018757,-0.001427791613081359
273,0.0991352880365071,0.048653385667032076,0.04999993393200135,-9.694983090915553e-06,-0.00020508024331447125,-0.0007419900813410951,-0.0005120799760334194,-2.0051086835337628e-07,-1.2397625122020588e-06,-0.00044539174190085624,-0.001402186917986533
274,0.09898752958269069,0.048567163336362074,0.049999932565922625,-9.59936154906993e-06,-0.00019847130626624742,-0.0007484551259288566,-0.0005173498648218811,-1.8755002884063288e-07,-1.1865979757877777e-06,-0.0006694831076656689,-0.0013773092049459536
275,0.09883017728060291,0.04847943979778029,0.04999993160175938,-9.5012297114444e-06,-0.00019195295888466528,-0.0007549093562519207,-0.0005226252833381295,-1.755188776542127e-07,-1.1319068345302733e-06,-0.001092141833853745,-0.001353145698234825
276,0.09866379029053811,0.04839036528265635,0.049999931028153796,-9.400173436524228e-06,-0.00018557449777207221,-0.0007613458109883298,-0.0005278968601487577,-1.640232483168802e-07,-1.0758875993632136e-06,-0.002033586689744556,-0.0013296794959283271
277,0.09848894408413529,0.048300128014969024,0.049999930828437504,-9.295708595837055e-06,-0.00017938508775752613,-0.0007677552109926556,-0.0005329923587851226,-1.5423368893152656e-07,-1.0187213958155463e-06,-0.0048384968270452355,-0.0013068905684098851
278,0.09830619971536299,0.04820904734953099,0.0499999309816256,-9.187699245751598e-06,-0.00017340693214365157,-0.0007741291445326425,-0.0005379364592954516,-1.4704346540383995e-07,-9.606288451045697e-07,-0.020695969717510407,-0.0012847568800983837
279,0.09811611926277453,0.04811718554479452,0.049999931463460594,-9.07601918303803e-06,-0.00016765780090728161,-0.000780459298373946,-0.000542624038644135,-1.3874056037366245e-07,-9.018173764139822e-07,-0.15637524279048515,-0.0012632542706630617
280,0.09791928140346341,0.04802489088060376,0.04999993224709368,-8.960492131743994e-06,-0.0001621614791505446,-0.000786738675851465,-0.0005472478806041181,-1.351892109369146e-07,-8.425262541248487e-07,-0.012871722765299149,-0.0012423560581366908
281,0.09771628349153993,0.04793237294335514,0.04999993330354029,-8.840865835659785e-06,-0.00015694601054752047,-0.0007929616405975839,-0.0005517212557606399,-1.3295901624132966e-07,-7.830009755219442e-07,-0.003941303510226593,-0.0012220332244168956
282,0.09750771823981352,0.04783986451575038,0.04999993460232682,-8.716954920554964e-06,-0.00015203007785824025,-0.0007991210693799951,-0.0005559402052313089,-1.315132749368786e-07,-7.234732192708499e-07,-0.0018768053520249112,-0.0012022554784724374
283,0.0972941545617139,0.047747764491243044,0.049999936112404865,-8.588799616705704e-06,-0.0001474152254345876,-0.0008052107214828216,-0.000559973472263664,-1.3256206443656993e-07,-6.64211652822341e-07,-0.0010941995313628887,-0.0011829920651005397
284,0.09707615748777232,0.04765623658338927,0.04999993780289331,-8.456477427372567e-06,-0.00014310036985766493,-0.0008112246266277879,-0.0005637308931909502,-1.3393045605880616e-07,-6.054787354684732e-07,-0.0007155444768379913,-0.0011642119899594626
285,0.0968542864513813,0.04756567006636921,0.049999939643629976,-8.320105333334985e-06,-0.00013908275765367294,-0.0008171579788812671,-0.0005673926207236946,-1.392002531019898e-07,-5.475645801524953e-07,-0.0005035632797068784,-0.0011458839029484694
286,0.09662911131199556,0.04747635275367357,0.049999941605438344,-8.179706124212944e-06,-0.00013536622110991414,-0.000823006453420614,-0.0005708888056688011,-1.4440823292716232e-07,-4.907616615191055e-07,-0.0003727730064219246,-0.0011279764155645844
287,0.0964011759382888,0.04738862971069392,0.0499999436605022,-8.035477179453972e-06,-0.00013194232830128472,-0.0008287666643660385,-0.0005742431967519224,-1.512114238266804e-07,-4.353786005802635e-07,-0.0002862701369719716,-0.001110458727594314
288,0.09617101955169399,0.04730283152868392,0.049999945782875234,-7.887667587014035e-06,-0.00012880166104568117,-0.0008344348863582405,-0.0005774869932793081,-1.5853827051159897e-07,-3.8173329868762703e-07,-0.00022599672667872586,-0.0010933007898343585
289,0.09593916316893196,0.047219308162168544,0.04999994794866214,-7.73651461284874e-06,-0.00012593407257898692,-0.0008400088459614512,-0.0005806651315651834,-1.6705834582353418e-07,-3.3015697177878984e-07,-0.00018226235233673654,-0.0010764735128690858
290,0.09570612232772795,0.047138406548514505,0.04999995013616812,-7.5823215246818064e-06,-0.00012332785997748344,-0.0008454858005218232,-0.0005837834905833006,-1.7589748324553511e-07,-2.809863230432903e-07,-0.00014948448038149854,-0.0010599490917997411
291,0.09547238052983444,0.047060487056048816,0.049999952326009296,-7.4254022729061515e-06,-0.00012096739303885626,-0.0008508632709179121,-0.0005868366570211947,-1.8410729296647332e-07,-2.3456969517402657e-07,-0.00012426069285252918,-0.0010437014900503796
292,0.09523839924653504,0.046985927329694414,0.04999995450120935,-7.26620576582456e-06,-0.00011883116351807445,-0.0008561391509262526,-0.0005898850504308939,-1.934426592242744e-07,-1.9127354181396062e-07,-0.00010442001807310717,-0.001027706510832132
293,0.09500464564546933,0.0469150226596792,0.04999995664724777,-7.105171943183972e-06,-0.00011690340268979011,-0.0008613157081183934,-0.000593136006500572,-2.0789251209407666e-07,-1.5145633664165928e-07,-8.852353136725382e-05,-0.0010119407749755297
294,0.09477162567976764,0.04684807625099329,0.04999995875169275,-6.9423701875971855e-06,-0.00011518933977277052,-0.000866390414482715,-0.0005963900475762784,-2.1779408143629553e-07,-1.15480682737139e-07,-7.558633772653564e-05,-0.0009963822540173396
295,0.09453974370166925,0.046785708660846366,0.04999996080414382,-6.778322381674369e-06,-0.00011366294354306177,-0.0008713616837883106,-0.0005997241823934019,-2.2474087302271073e-07,-8.372101153378546e-08,-6.491551093337987e-05,-0.0009810117125006095
296,0.09430936780325036,0.04672794025017298,0.04999996279645152,-6.613563714507883e-06,-0.00011229437107904513,-0.0008762268956833776,-0.0006028987700119615,-2.3268481186278223e-07,-5.654227758483462e-08,-5.60118113654954e-05,-0.0009658125831246427
297,0.09408085707394837,0.046675341659101865,0.04999996472255456,-6.448569096732196e-06,-0.00011105975879297584,-0.000880987108258278,-0.0006064259796403348,-2.4601931158940715e-07,-3.431802969980878e-08,-4.8507987968484206e-05,-0.0009507698743890655
298,0.0938546437721724,0.04662817011025328,0.049999966578030665,-6.283589282434402e-06,-0.0001099571838118753,-0.0008856418977714582,-0.0006100921309553087,-2.570531876244786e-07,-1.740780287975416e-08,-4.212889762260273e-05,-0.0009358698621061497
299,0.09363109084390592,0.04658677608919296,0.04999996835987319,-6.119006513588e-06,-0.00010897050410854945,-0.0008901905034122888,-0.0006139142788015306,-2.6756808324535086e-07,-6.166939682818643e-09,-3.6664996535722784e-05,-0.0009211006165063709
300,0.09341054833883312,0.046551514133474296,0.04999997006645886,-5.955195814080501e-06,-0.0001080846188935172,-0.0008946314922586595,-0.0006179536576382816,-2.783231991543289e-07,-9.38394264678906e-10,-3.195435219607997e-05,-0.0009064517912820118
301,0.09319335434399861,0.046522685771847545,0.049999971697278024,-5.7924419840711834e-06,-0.00010728827256703189,-0.0008989641554727409,-0.0006222419324330986,-2.891681845085259e-07,-2.040301434372223e-09,-2.787016835899291e-05,-0.0008919142609506843
302,0.09297985071631895,0.04650060857668925,0.04999997325268031,-5.630973585947019e-06,-0.00010657515262907263,-0.0009031868371743975,-0.0006267683347687125,-2.996173122937762e-07,-9.793037101841212e-09,-2.431196389331547e-05,-0.0008774800906926027
303,0.09277035386452687,0.04648559424599971,0.049999974733786666,-5.471090648591957e-06,-0.00010593455562216028,-0.0009072985828112418,-0.0006315837381407619,-3.0932071126699157e-07,-2.4458281753359342e-08,-2.1199241371170865e-05,-0.000863142428784223
304,0.09256517845872968,0.04647784513343861,0.04999997614233677,-5.312950966156457e-06,-0.00010536245641013734,-0.0009112961789623417,-0.000636588258203119,-3.1892119523035944e-07,-4.6321303990896996e-08,-1.8466856286199677e-05,-0.0008488954920171537
305,0.09236460354225424,0.04647775949076372,0.04999997748056017,-5.156825018321827e-06,-0.00010484806502885616,-0.0009151783313275538,-0.0006419866695068777,-3.27450834447518e-07,-7.557874709213667e-08,-1.606160208332587e-05,-0.0008347342964494723
306,0.09216893698822187,0.046485394169232364,0.049999978751002636,-5.002763717183292e-06,-0.00010439419736287096,-0.0009189408232529071,-0.0006475403788499534,-3.365398129062669e-07,-1.1244641105045292e-07,-1.393964719010312e-05,-0.000820654562878688
307,0.0919784273564911,0.046501169630146756,0.049999979956406565,-4.850958038030546e-06,-0.00010399220669805487,-0.0009225814211742463,-0.0006534909480251372,-3.4306526686123107e-07,-1.5707710655979395e-07,-1.2064590231254917e-05,-0.0008066527134612723
308,0.09179336060071928,0.04652508986381815,0.04999998109968053,-4.70148961535123e-06,-0.00010364454546442119,-0.0009260959887129607,-0.0006596623570658267,-3.5069604109594366e-07,-2.0959269051957136e-07,-1.0405975445806701e-05,-0.0007927255337046026
309,0.09161398990275173,0.046557397201783396,0.049999982183783265,-4.554428142832243e-06,-0.00010335150900777679,-0.0009294818400023539,-0.0006662578089162707,-3.584886769658624e-07,-2.7006396364533534e-07,-8.938138885873501e-06,-0.0007788698947452859
310,0.09144060716974078,0.04659816701181741,0.04999998321161559,-4.4097523709004955e-06,-0.00010312366272333743,-0.0009327344811956474,-0.0006732014007866383,-3.648905817499326e-07,-3.3852887226712924e-07,-7.639309300243804e-06,-0.000765082560655859
311,0.09127346357318727,0.04664746193491489,0.04999998418593106,-4.267444358092762e-06,-0.0001029670230124601,-0.0009358506447007027,-0.0006805185694247484,-3.7119622220416204e-07,-4.1493516511694753e-07,-6.4908981947901394e-06,-0.000751360205133615
312,0.09111282062330656,0.04670526694107631,0.04999998510931278,-4.12743239612865e-06,-0.00010289252393731422,-0.000938824399985936,-0.0006881164154037833,-3.756676107968815e-07,-4.99264644570489e-07,-5.476934485835752e-06,-0.0007376995470117049
313,0.09095889551045089,0.046771599499539455,0.04999998598420595,-3.989743855055254e-06,-0.00010290293590382366,-0.0009424462378201828,-0.0006961261969991028,-3.800496131134423e-07,-5.917296380315347e-07,-4.583559222916357e-06,-0.0007240863051514746
314,0.09081831021711062,0.04684287516628348,0.04999998682007419,-3.857170679357128e-06,-0.00010326304313607341,-0.0009430401965117106,-0.0009921465534716845,-0.00018502848979551345,-6.778277814832501e-07,-3.8054207536628344e-06,-0.0007101271661644256
315,0.09071583051544958,0.04678216161068404,0.0499999874650014,-3.57761424216482e-06,-0.00011537478133020496,-0.0009409468392246417,-0.0009937079157680273,-4.319905929150991e-05,-7.730213225939892e-07,-3.1368106859414575e-06,-0.0006953479863663694
316,0.09061467035999005,0.04675560831319694,0.04999998772514363,-3.2664880195581048e-06,-0.00013132309633906577,-0.0009397799555072181,-0.000883162603713572,-2.7302388843963854e-05,-8.918712068567191e-07,-2.561695409439479e-06,-0.0006799282665384428
317,0.09049524903342311,0.04665317888707862,0.04999998764135269,-3.0341919512769288e-06,-0.00013969094199200427,-0.0009421821204008965,-0.000701500044669956,-0.0003110591496806592,-1.0472661187915837e-06,-2.0594298994050675e-06,-0.0006645709288198359
318,0.09035039787091997,0.0467899706774157,0.0499999874884037,-2.9655059929605264e-06,-0.00013358203417764944,-0.0009449085997947351,-0.0007410116377286613,-2.630458538988023e-06,-1.2006297080190476e-06,-1.6194966823937837e-06,-0.0006496228103811903
319,0.09022706111926931,0.04696143631830422,0.04999998746149045,-2.8895283295730332e-06,-0.00013010262167951152,-0.0009475956113482669,-0.0007718022679910064,-2.6479860935069155e-06,-1.3537039637267423e-06,-1.2403820492942715e-06,-0.0006349505131466901
320,0.09012102925420817,0.04716570380746477,0.049999987545346604,-2.803041565474807e-06,-0.0001286775691799358,-0.0009500941798098012,-0.0007834817515686154,-1.1374980886103003e-06,-1.508648260898915e-06,-9.192091558688648e-07,-0.0006204981128696547
321,0.09002401320707942,0.04738637156981848,0.04999998772521086,-2.7165602532137006e-06,-0.00012737424927382628,-0.0009522888503860909,-0.0007900505443103611,-5.903448254684918e-07,-1.664862084694774e-06,-6.525286693715682e-07,-0.0006062676244488843
322,0.08993488180654802,0.04759976483523309,0.04999998799039976,-2.6279578213336906e-06,-0.0001261722362145404,-0.0009542476955117821,-0.000802790280431509,-1.0746139196271542e-06,-1.8214686552929507e-06,-4.3681248227854616e-07,-0.0005922360603816978
323,0.08985654916868135,0.04779081827120419,0.04999998832447107,-2.534902711621488e-06,-0.00012578199196749016,-0.000955970871216404,-0.0008169579668901861,-7.196405817921914e-07,-1.979286561101408e-06,-2.684770884238301e-07,-0.0005783620620742396
324,0.08978842583872335,0.047963409696141664,0.04999998871066943,-2.4383227864456574e-06,-0.0001260623015701716,-0.0009574455003379513,-0.0008307027746923268,-4.5908663537375105e-07,-2.138680903664215e-06,-1.4395835842195947e-07,-0.0005646152955733811
325,0.08972972869718294,0.04812302405458379,0.049999989134219325,-2.3391233129864843e-06,-0.000126845104997586,-0.0009586587686204202,-0.0008433159673586488,-3.907416612491943e-07,-2.2995177660817243e-06,-5.984108123334196e-08,-0.0005509739452257599
326,0.08968010697458578,0.048273345284214834,0.049999989582042714,-2.2378770350561693e-06,-0.00012806275931464804,-0.0009596039049846422,-0.0008550774655304849,-3.950542577513261e-07,-2.46141139742426e-06,-1.2914409091735708e-08,-0.0005374205140096964
327,0.08963946341235796,0.04841706505866297,0.049999990042624176,-2.1350322615683357e-06,-0.00012969509648997786,-0.0009602896742530605,-0.0008673862903378904,-4.367447274944425e-07,-2.6238669534731618e-06,-1.8662708428272418e-10,-0.0005239405124013507
328,0.08960788791173283,0.048556355637243656,0.0499999905061442,-2.031051174935609e-06,-0.0001317330846926778,-0.0009607268512702556,-0.0008807124686427414,-4.841878080696915e-07,-2.786228370949569e-06,-1.888269136935945e-08,-0.0005105220491684085
329,0.08958551982595225,0.04869228441914112,0.049999990964512284,-1.926337917948009e-06,-0.00013417807442449333,-0.0009609237996257641,-0.0008952398784458637,-5.23208029790112e-07,-2.9477393344796234e-06,-6.643055219777848e-08,-0.0004971553238491697
330,0.08957247899157683,0.04882502029563615,0.04999999141116492,-1.8212450566753535e-06,-0.0001370358982225525,-0.0009608865736060747,-0.0009110004757530987,-5.522169317373482e-07,-3.1076075403205752e-06,-1.404418603898197e-07,-0.0004838324399458767
331,0.08956883873998206,0.04895416950394505,0.049999991840850584,-1.7161023303009565e-06,-0.00014031146300467188,-0.0009606212170073878,-0.0009279749356210232,-5.717420776818471e-07,-3.2650453551814543e-06,-2.386925301150596e-07,-0.0004705473930149679
332,0.08957464315771245,0.049078972932085296,0.04999999224949612,-1.6112530059096827e-06,-0.00014400910913435578,-0.000960132418086115,-0.0009461771696805954,-5.860143801328377e-07,-3.4192858873842397e-06,-3.5910533187847676e-07,-0.00045729608365894787
333,0.08958989211105595,0.04919850122768257,0.049999992634088754,-1.5070328512780968e-06,-0.00014813167635287195,-0.000959424105188929,-0.0009655624744482338,-5.980148785056372e-07,-3.5695991373023474e-06,-4.99735171491518e-07,-0.000444076341335589
334,0.08961454585661754,0.04931180450305492,0.049999992992523105,-1.40377231249754e-06,-0.00015268058210712653,-0.0009584994046482848,-0.0009861545404419303,-6.08325763096218e-07,-3.71527618008704e-06,-6.587571081626466e-07,-0.0004308879618902105
335,0.08964852071517168,0.049417989812278955,0.04999999332344737,-1.3017864070864536e-06,-0.00015765499230439373,-0.000957358569221172,-0.0010078169871121645,-6.161575925034413e-07,-3.855775592452726e-06,-8.344573111128103e-07,-0.00041773292784829676
336,0.08969166668384747,0.04951627904667699,0.04999999362613619,-1.2014414802763015e-06,-0.00016304296579428747,-0.0009560058392801209,-0.0010307168122380972,-6.257314453250729e-07,-3.990446182150115e-06,-1.025224882264459e-06,-0.0004046151666641665
337,0.08974388968739674,0.049606000364959,0.049999993900376204,-1.1030245779240602e-06,-0.0001688514881095076,-0.0009544435345989494,-0.001054920838214457,-6.366873890328861e-07,-4.118766429367278e-06,-1.229544745059162e-06,-0.00039154027701994426
338,0.08980504192859323,0.04968671813286469,0.0499999941463397,-1.0068405140638987e-06,-0.00017507912017429418,-0.0009526738593347595,-0.001080222544260323,-6.374793315444549e-07,-4.240261995015297e-06,-1.4459923856369542e-06,-0.0003785158187471369
339,0.08987491878988393,0.049758055920387005,0.04999999436451593,-9.132263860038244e-07,-0.0001817136223440536,-0.0009506964327470263,-0.0011063831625506282,-6.382871902133047e-07,-4.354521792351106e-06,-1.6732294615404159e-06,-0.0003655516154376535
340,0.08995323694788168,0.04981984984788421,0.049999994555684185,-8.225393584048077e-07,-0.00018872866400330155,-0.0009485109231135284,-0.0011334550799801946,-6.363979991874658e-07,-4.461176058016633e-06,-1.910000150841124e-06,-0.00035265970055126713
341,0.09003972913699443,0.04987206878064815,0.049999994720816926,-7.350956263808486e-07,-0.00019610372338917364,-0.0009461179583005179,-0.0011613528477028012,-6.314068627943925e-07,-4.559912990234152e-06,-2.155126665411957e-06,-0.0003398540556170414
342,0.09013411218731607,0.04991482824171375,0.049999994861015855,-6.5122544506937e-07,-0.00020381362429492818,-0.0009435167644080991,-0.0011899042874574661,-6.233420890566777e-07,-4.650477370972316e-06,-2.407505774992459e-06,-0.00032715054287828227
343,0.09023607289032073,0.04994838477751361,0.04999999497749542,-5.712478332123668e-07,-0.00021182755059137665,-0.0009407065934636151,-0.00121899857185781,-6.121304636508285e-07,-4.73267032086185e-06,-2.666105819082852e-06,-0.00031456680875853455
344,0.09034528190698571,0.04997311897023557,0.04999999507154015,-4.954715964029133e-07,-0.00022010988255090648,-0.0009376855791396999,-0.0012484675971791148,-5.974605414849066e-07,-4.806330796177142e-06,-2.9299636096840777e-06,-0.0003021221182732173
345,0.09046139264777865,0.04998952293928219,0.049999995144458804,-4.2418176073229356e-07,-0.00022862171063945527,-0.0009344500705703052,-0.0012780353426933289,-5.790656132376171e-07,-4.871375763247638e-06,-3.198182020899807e-06,-0.00028983726276482724
346,0.09058402017253181,0.0499981847795658,0.0499999951975436,-3.5765934694830145e-07,-0.00023731296799559795,-0.0009309971363260096,-0.0013074962189421058,-5.589090505964123e-07,-4.92776628461525e-06,-3.4699276881165662e-06,-0.0002777344065645714
347,0.09071278316875597,0.049999771821332674,0.04999999523208099,-2.96174739927713e-07,-0.00024613213739635057,-0.0009273232213452148,-0.001336712739430368,-5.373982503442676e-07,-4.975508728408812e-06,-3.744428318099391e-06,-0.00026583677927020894
348,0.09084730412439324,0.04999501417864133,0.04999999524935138,-2.3996935611018437e-07,-0.0002550277167373571,-0.000923424963422399,-0.0013655240181833506,-5.14152191044559e-07,-5.014650193987299e-06,-4.020970044582887e-06,-0.00025416835683438266
349,0.09098721806088575,0.049984682847714595,0.04999999525059282,-1.8925773685437146e-07,-0.0002639497666669948,-0.0009192977538024278,-0.0013936813920736313,-4.895002234661661e-07,-5.045280987228547e-06,-4.298895092800037e-06,-0.00024275361251762723
350,0.09113214611409697,0.04996957218339868,0.04999999523697348,-1.4423364848532228e-07,-0.00027284406937673646,-0.0009149361879209206,-0.0014209463261067867,-4.6386244889617956e-07,-5.067542501472286e-06,-4.577600066573569e-06,-0.00023161733642532552
351,0.0912817015053192,0.049950481085034554,0.04999999520957176,-1.0507245840076982e-07,-0.0002816521663945374,-0.000910335906123529,-0.0014470944879576564,-4.3834617713400803e-07,-5.081593055755888e-06,-4.856533445951501e-06,-0.00022078435940057985
352,0.09143552486298695,0.04992819972752203,0.04999999516937739,-7.192608286221338e-08,-0.00029032172591157604,-0.0009054925842696192,-0.0014720245962962508,-4.1394741856493056e-07,-5.087621572018682e-06,-5.13519338771546e-06,-0.0002102792565804336
353,0.09159326028811766,0.04990348664090897,0.049999995117295123,-4.4924268385043653e-08,-0.0002988011083436186,-0.0009004018345976786,-0.0014953970676288009,-3.8804387259006035e-07,-5.085835767309615e-06,-5.413125883029743e-06,-0.00020012617647229285
354,0.09175454340170772,0.04987706733528227,0.049999995054139774,-2.4176604007539875e-08,-0.00030703389420220085,-0.0008950574453919865,-0.0015168575337156653,-3.6332446029518906e-07,-5.076497648964838e-06,-5.689922870845065e-06,-0.0001903487866228279
355,0.09191897741808641,0.04984961809267759,0.0499999949806509,-9.773886618086909e-09,-0.00031495141198343906,-0.0008894540395327668,-0.001536295865662396,-3.4155982575612143e-07,-5.0598684835578065e-06,-5.965220757293011e-06,-0.00018097005897963544
356,0.09208620149651627,0.04982176925450013,0.04999999489748494,-1.7751494489133492e-09,-0.0003224966280550947,-0.0008835876205735243,-0.0015536221908405423,-3.221221049898304e-07,-5.036224570750451e-06,-6.238697806107557e-06,-0.0001720119246369379
357,0.09225589012010031,0.049794073493547975,0.04999999480520059,-2.1456218213855062e-10,-0.0003296215138135891,-0.0008774546243906234,-0.001568702864460647,-3.0437072950917354e-07,-5.005865493543493e-06,-6.510071354065362e-06,-0.00016349503207917945
358,0.09242773416011563,0.049767033178328986,0.049999994704251864,-5.10173522793111e-09,-0.0003362828882520878,-0.0008710523613474511,-0.0015813794452697039,-2.897217825648113e-07,-4.969090109192843e-06,-6.7790955319883875e-06,-0.0001554385739414517
359,0.09260143861108805,0.0497410823752275,0.049999994594979745,-1.642294419645085e-08,-0.0003424426370505732,-0.0008643779967683331,-0.0015915222465991974,-2.775531982024404e-07,-4.926216428118672e-06,-7.045559500116647e-06,-0.00014786016922556998
360,0.09277671338003202,0.04971658970607637,0.04999999447760293,-3.414217494475572e-08,-0.0003480649393823804,-0.0008574288440308241,-0.0015989363892003894,-2.6878305448008177e-07,-4.8775695549721905e-06,-7.309285828363797e-06,-0.00014077577337735821
361,0.09295327243385647,0.049693876873872014,0.04999999435218958,-5.820211579456568e-08,-0.00035311544131313657,-0.0008502037932846832,-0.0016035307198762894,-2.641250773649517e-07,-4.823483197478076e-06,-7.5701282753211855e-06,-0.00013419959170904802
362,0.09313084299468301,0.049673202006145036,0.04999999421868238,-8.851793368839942e-08,-0.00035756425228992413,-0.0008427019912649347,-0.0016052026767283678,-2.632453970363713e-07,-4.76429686697223e-06,-7.827969775601248e-06,-0.00012814398800102764
363,0.09330916884611971,0.04965477726896375,0.049999994076913724,-1.249844068651115e-07,-0.0003613884428332651,-0.0008349237816548285,-0.0016038938192650676,-2.666158422925946e-07,-4.700357572637429e-06,-8.082721035573148e-06,-0.0001226194120344679
364,0.09348800285121323,0.04963876190280089,0.04999999392659171,-1.674723030245775e-07,-0.0003645688423695104,-0.0008268698127768992,-0.0015995551366358995,-2.743645097780245e-07,-4.632008525252724e-06,-8.334318564483763e-06,-0.00011763435587415514
365,0.09366711364123194,0.04962527186299724,0.049999993767291154,-2.1583524259143337e-07,-0.0003670927179649545,-0.0008185409514880728,-0.001592103741131723,-2.8676944907601865e-07,-4.559595643544124e-06,-8.582722669735304e-06,-0.00011319534064788725
366,0.09384626699431564,0.04961438340242566,0.04999999359842873,-2.6990715330293637e-07,-0.0003689475114578574,-0.0008099399183109268,-0.0015814874786883593,-3.050181192065793e-07,-4.483450792359563e-06,-8.827916401920704e-06,-0.00010930691274342545
367,0.09402524298889567,0.0496061406497616,0.04999999341927119,-3.2950461685655857e-07,-0.00037012717339611283,-0.0008010680291365657,-0.001567545346915722,-3.282471823240485e-07,-4.40397425762511e-06,-9.069904498793623e-06,-0.00010597168118216903
368,0.09420378719857403,0.049600558944661546,0.04999999322898372,-3.9438665243383355e-07,-0.00037060882727969996,-0.0007919297264697017,-0.0015505191404372454,-3.5976555068373273e-07,-4.321483695148294e-06,-9.308711288273774e-06,-0.00010319026697528608
369,0.09438172702282643,0.04959763516623118,0.0499999930266077,-4.643423929916221e-07,-0.0003704081160873513,-0.0007825291478516186,-0.0015304790576919913,-3.9254533135135716e-07,-4.236312369130724e-06,-9.544378886982495e-06,-0.00010096130515026803
370,0.0945588801334576,0.049597273092969255,0.04999999281098517,-5.391456895438907e-07,-0.0003695342103712602,-0.0007728706093820834,-0.0015072772512212396,-4.340799932833761e-07,-4.14880964723755e-06,-9.776965286857022e-06,-9.928151977116652e-05
371,0.09473504948108752,0.049599445055483304,0.04999999258073898,-6.18544974262407e-07,-0.0003679889944620436,-0.0007629588234510859,-0.0014809020794928074,-4.841069198846526e-07,-4.059313345670554e-06,-1.0006544422181399e-05,-9.814577841490396e-05
372,0.09491001693480078,0.04960405555034308,0.04999999233432249,-7.022546470467918e-07,-0.00036576964039885607,-0.0007527984898128321,-0.001451445510610938,-5.400075906436541e-07,-3.968158507921694e-06,-1.023320603636684e-05,-9.7547133148473e-05
373,0.0950835878522811,0.049610989906012926,0.04999999207002448,-7.89984138809488e-07,-0.00036288045358763896,-0.0007423961543081692,-0.0014191251248121262,-6.025911147844454e-07,-3.875660310042e-06,-1.045705295062913e-05,-9.747682586357887e-05
374,0.09525559103792486,0.04962013228328446,0.049999991785915784,-8.814435674163727e-07,-0.00035933581836760314,-0.0007317571518691669,-0.0013839710736647248,-6.727316872456868e-07,-3.782130797818741e-06,-1.0678199991102744e-05,-9.792433438246567e-05
375,0.0954258384473844,0.04963132630888134,0.04999999147982943,-9.763218083138414e-07,-0.0003551430186043041,-0.0007208877811962998,-0.0013462015194818377,-7.499112939512997e-07,-3.687870922495022e-06,-1.089677340488074e-05,-9.88774160347054e-05
376,0.09559416186215082,0.04964441981344514,0.04999999114929936,-1.07432348994284e-06,-0.0003503165569127664,-0.0007098821758754097,-0.001305914018303156,-8.354310239155893e-07,-3.5903581458958996e-06,-1.1112883061759686e-05,-0.00010032293570839103
377,0.09576030909192708,0.04965927920343906,0.049999990790376446,-1.1784396832496863e-06,-0.0003450549940041757,-0.0006983723096523548,-0.0012183977523818612,-3.6473627460509306e-06,-3.497040060665637e-06,-1.1326843685537562e-05,-0.0001022388667269751
378,0.09591495247907367,0.04967791381083872,0.04999999040767916,-1.2738118971499732e-06,-0.00033480623276568134,-0.0006865565151622276,-0.0011536856181919575,-2.4668420337548014e-06,-3.405202006368598e-06,-1.1539075701380639e-05,-0.0001045913771781249
379,0.09606420540599121,0.049702672623791716,0.049999990012377274,-1.3664250071283333e-06,-0.00032300197144508145,-0.0006743537637268783,-0.0011103538563475013,-1.629062012398208e-06,-3.312796742636073e-06,-1.1749931137255657e-05,-0.00010735175420745533
380,0.09621232136937584,0.049722423386356365,0.04999998960605187,-1.4566396430669288e-06,-0.000311152182368766,-0.0006623739013611724,-0.0011337421601638198,-5.993307695462136e-06,-3.2280066339891423e-06,-1.1959249395806726e-05,-0.00011050927481133079
381,0.09637344904169769,0.049741450197165124,0.04999998917057099,-1.561395474928706e-06,-0.0003054796685300238,-0.0006504873492055871,-0.0011661851312965155,-4.172351964371046e-06,-3.1741146771479737e-06,-1.2166495107417506e-05,-0.00011407983154366509
382,0.09654567724590779,0.049752241659334846,0.049999988671060765,-1.6813040175893737e-06,-0.0003051600781730114,-0.0006390185881708443,-0.001238591386936605,-9.588638022250962e-06,-3.1357291791110837e-06,-1.2371078461902568e-05,-0.00011810023591860304
383,0.09673183806162305,0.04976080052101578,0.04999998806358413,-1.8263483866768062e-06,-0.0003120310281018964,-0.0006279471814748331,-0.0012675980105996132,-3.188619984939578e-06,-3.0984671542233716e-06,-1.2572478264307417e-05,-0.00012262134189931258
384,0.09692682956156874,0.04976518813118644,0.049999987285848056,-2.002565527574574e-06,-0.00032346852189801166,-0.000615510677804042,-0.0011656539281830192,-0.00025029806420207024,-3.127387440875007e-06,-1.2774531060220633e-05,-0.00012781282178185894
385,0.09713761589751993,0.04987534203969066,0.04999998617716195,-2.2695662630803885e-06,-0.000346847869348389,-0.0006015167663774486,-0.0010085999965667725,-0.00015367633022833616,-3.1423066178639284e-06,-1.2980819217310668e-05,-0.00013393524092960513
386,0.09736590314312843,0.04995435980029043,0.04999998444095084,-2.6535577431481905e-06,-0.0003844448391118985,-0.000589343184543175,-0.0011442789109423757,-0.00016245902224909514,-3.1663950244530233e-06,-1.3191471817486468e-05,-0.00014112588271105893
387,0.09757978950392475,0.049998931021480994,0.04999998190428678,-3.026518193918283e-06,-0.0004174152247113678,-0.0005764449640201213,-0.001083308714441955,-1.1026032552763354e-05,-3.074686279662687e-06,-1.3408191840674014e-05,-0.00014932678457306808
388,0.09774016328742469,0.04998555893668484,0.049999978720591365,-3.290676106586543e-06,-0.0004322554017087194,-0.0005617674300129116,-0.0009097307338379323,-0.0003519413585308939,-2.9397560199871208e-06,-1.3630325737654979e-05,-0.00015841745216217142
389,0.09789422601548235,0.04998908879162245,0.0499999748643306,-3.6458699452459206e-06,-0.000450120087137382,-0.0005479595270650207,-0.0009198022307828069,-0.00028435420244932175,-2.8354675671214543e-06,-1.3859684592729311e-05,-0.0001682122486467828
390,0.09798922292168107,0.04995462042472772,0.049999970391097895,-3.8116859195477022e-06,-0.0004299191144827265,-0.0005317827573323693,-0.0006016484694555402,-0.00034187964047305286,-2.654488341093571e-06,-1.409488034725117e-05,-0.000178422851388893
391,0.09807753553784314,0.04998126211666444,0.049999965460467144,-4.0171909587367915e-06,-0.00040669378218336936,-0.0005179848751905113,-0.0007356644491665065,-7.375379209406674e-05,-2.527689864988289e-06,-1.4331786128092038e-05,-0.0001888851338697977
392,0.09815900143764995,0.04998803228847045,0.04999996013101994,-4.123235900948271e-06,-0.0003795803947618007,-0.0005040650693511309,-0.0005490306648425758,-0.00010144281259272248,-2.397478164021767e-06,-1.4569434500889912e-05,-0.00019937785652689722
393,0.09822220755635358,0.04999437309261192,0.049999954753716276,-4.138501251460384e-06,-0.00033620319390123923,-0.0004900506128178482,-0.0005176148260943592,-4.4343701119942125e-06,-2.2870406108557735e-06,-1.4805025393695252e-05,-0.00020968424116006744
394,0.09828911099826407,0.049997096103879715,0.04999994948605113,-4.157071240483092e-06,-0.00029762114957379137,-0.0004761639926942479,-0.0004997348296456039,-5.56092072656611e-06,-2.197065922013268e-06,-1.5039085867438835e-05,-0.0002197770093510002
395,0.09836104485920147,0.04999709010783465,0.049999944332659224,-4.18188153177302e-06,-0.0002644618034693922,-0.0004622124312605396,-0.0004841249901801348,-4.560254183161305e-06,-2.1205840194560237e-06,-1.527240049479402e-05,-0.00022963845441837622
396,0.09843408558826755,0.04999522938020186,0.049999939283663954,-4.20943855083153e-06,-0.00023454519229930404,-0.00044823500340179773,-0.0004739567229989916,-3.874032699968666e-06,-2.0547855393690285e-06,-1.5505695939921544e-05,-0.00023922838172744967
397,0.09850672018611478,0.04999062561202381,0.04999993431947333,-4.236883667755131e-06,-0.0002068767659988875,-0.0004341705474200971,-0.0004718090931419283,-3.995876340923132e-06,-1.995630388358285e-06,-1.5739650720471572e-05,-0.0002484950257048651
398,0.09857768650776798,0.04998253687766701,0.0499999294103552,-4.263905661058262e-06,-0.00018103500623655082,-0.0004200519217507376,-0.00047627135063521564,-4.028622242913116e-06,-1.9416725748942637e-06,-1.5974881163682998e-05,-0.0002573814344502785
399,0.09864650896400524,0.049969816741754734,0.0499999245176301,-4.2888038708750615e-06,-0.00015685003771913765,-0.0004059193032140899,-0.000487515761051327,-3.996191935584648e-06,-1.8917232381743218e-06,-1.6211989480590976e-05,-0.0002658311806466798
400,0.09871287679963053,0.04995147100685078,0.04999991960202472,-4.309898891401735e-06,-0.0001342397582333964,-0.0003918102170606343,-0.000505506934132427,-3.907950485881884e-06,-1.8447047702152635e-06,-1.6451537769457016e-05,-0.00027378886506259444
401,0.09877658803498174,0.04992677630944886,0.04999991462577731,-4.325623277230562e-06,-0.00011320120248253516,-0.00037776306378012824,-0.0005300086340866983,-3.7237525702948915e-06,-1.7996015449991404e-06,-1.6694025564807544e-05,-0.0002812006729079933
402,0.09883752596074,0.049895476396416304,0.049999909554191944,-4.334514006975791e-06,-9.378137679132408e-05,-0.0003638165777398771,-0.0005601277807727456,-3.479626457192353e-06,-1.7554725716913812e-06,-1.6939874442557255e-05,-0.0002880151649784494
403,0.09889566002238731,0.049857893918904134,0.04999990435687193,-4.335268584648009e-06,-7.605907208368167e-05,-0.0003500117454456121,-0.0005948112811893225,-3.173788854837767e-06,-1.711429790065203e-06,-1.7189417870909683e-05,-0.0002941843170437882
404,0.09895102435879721,0.049815046537807724,0.04999989900888682,-4.326704421926083e-06,-6.012543884617234e-05,-0.00033621336137116897,-0.0006328571471385658,-2.833188545992016e-06,-1.6682024080156403e-06,-1.7443070465485456e-05,-0.0002996444133499833
405,0.09900271827685003,0.04976424607361882,0.04999989344099387,-4.317716725836876e-06,-4.5389387399219415e-05,-0.00032301007500162295,-0.0013389101950451732,-0.00026902477839030325,-1.6899129686402855e-06,-1.7705977221467355e-05,-0.0003041912178129842
406,0.09902616062574142,0.04961988209311926,0.04999988793592015,-4.175728667085931e-06,-2.8571610479041404e-05,-0.0003092578699262125,-0.001124263508245349,-0.00010967029083985835,-1.6209011926824402e-06,-1.7979393125055572e-05,-0.00030769495814087335
407,0.09905923298374664,0.049546489301054764,0.04999988256926246,-4.116430564023085e-06,-1.856308822909126e-05,-0.00029851707410063176,-0.0010449131950736046,-8.979628910310566e-05,-1.5675791749771206e-06,-1.825961542980396e-05,-0.0003104391914667329
408,0.09911006612532536,0.04948388003193606,0.04999987724412123,-4.041074751305817e-06,-1.4491721585632611e-05,-0.00028627712979855134,-0.0007253563380800188,-0.00018015912792179734,-1.487091596634195e-06,-1.854374308348225e-05,-0.00031259040254708026
409,0.09916211777213281,0.049487420668205634,0.04999987191043294,-4.002364224451469e-06,-9.786396605111746e-06,-0.0002740183709976049,-0.0008166084880940616,-1.1390252439014148e-05,-1.4104466797023592e-06,-1.88287540140716e-05,-0.00031402316432624795
410,0.09920717886719504,0.04950834239264096,0.049999866330473944,-3.944279697077213e-06,-5.880712850046067e-06,-0.0002621342336259801,-0.0008701689657755196,-1.965885530808009e-06,-1.3393115802949986e-06,-1.9115536022070814e-05,-0.0003146907979996892
411,0.0992497574700052,0.04952399818634339,0.049999860530710906,-3.873152104911282e-06,-3.5081125014395714e-06,-0.0002506441446768852,-0.0009088064543902874,-1.5852889418965788e-06,-1.2693954034254499e-06,-1.940414743642803e-05,-0.00031459639044907357
412,0.0992904566252013,0.04954335215680422,0.04999985455032336,-3.788943746355283e-06,-2.6860800991115728e-06,-0.00023961756662008453,-0.0009433744708076119,-1.3674783758688136e-06,-1.2009898513841563e-06,-1.9694390002367947e-05,-0.0003137549141997878
413,0.09932946876342835,0.04956721121331447,0.04999984843624399,-3.6940158806452753e-06,-3.251396016127075e-06,-0.00022902975845895477,-0.000979916425421834,-1.7410368400305742e-06,-1.1316574110291003e-06,-1.9986049317654152e-05,-0.00031219364301127606
414,0.09936691676039211,0.049603151921901886,0.04999984223066001,-3.5910145910756033e-06,-5.037292762417739e-06,-0.00021887889407045283,-0.0010131422895938158,-1.6903749155972037e-06,-1.0614833356447858e-06,-2.0278757239551958e-05,-0.00030995180510012105
415,0.09940288154403618,0.04964893012479232,0.0499998359754846,-3.4812348605599282e-06,-7.816251506922601e-06,-0.00020915446085724724,-0.0010464845690876245,-1.6200222034967737e-06,-9.909774803589926e-07,-2.0572099483999427e-05,-0.00030707644120173756
416,0.09943736055721347,0.04970148463247608,0.04999982971199318,-3.3666966582990753e-06,-1.1357683959699017e-05,-0.0001998425267617953,-0.0010800872696563601,-1.495241122029256e-06,-9.208140952905961e-07,-2.0865675932948526e-05,-0.00030362038802197896
417,0.09947024581952472,0.04975714645074482,0.049999823476408654,-3.2491167225864257e-06,-1.544795452068439e-05,-0.00019092640796647238,-0.0011137980036437511,-1.3867163488612277e-06,-8.515658285778624e-07,-2.1159112668917993e-05,-0.0002996400579058948
418,0.0995013626518687,0.04981259200427076,0.049999817300085736,-3.1299741220161314e-06,-1.9904651002740513e-05,-0.00018238841550030022,-0.0011469071032479405,-1.25297708564176e-06,-7.838043676536279e-07,-2.145205779492016e-05,-0.00029519358158680087
419,0.09953050533877517,0.04986466131515235,0.04999981120946616,-3.0105334592866535e-06,-2.457380829170963e-05,-0.0001742098644349502,-0.001179120852611959,-1.1101784593847697e-06,-7.180386254695209e-07,-2.1744184459750148e-05,-0.00029033956902217874
420,0.09955744206276428,0.049910618803111366,0.049999805225819226,-2.8919293877788254e-06,-2.932939340384657e-05,-0.0001663713712751106,-0.001210308400914073,-9.644903684602468e-07,-6.547698952744081e-07,-2.2035196934348195e-05,-0.0002851357719003882
421,0.09958191234862063,0.049948315256664794,0.04999979936494413,-2.775058833636018e-06,-3.4077252237044585e-05,-0.00015885412736359788,-0.0012402307474985719,-8.332050356330001e-07,-5.942708434460037e-07,-2.2324834290513964e-05,-0.0002796379760635822
422,0.09960364424293038,0.04997632529811156,0.04999979363701862,-2.6606861996681424e-06,-3.8747473383781224e-05,-0.0001516394587196962,-0.0012688175775110722,-7.137046509342326e-07,-5.369460592296209e-07,-2.2612869561086283e-05,-0.0002738991166681858
423,0.09962236961493068,0.04999370237536632,0.049999788046743425,-2.549296862492708e-06,-4.3296184711763666e-05,-0.00014471198068468995,-0.0012957814615219831,-6.282732556428527e-07,-4.82922558799305e-07,-2.28991070336308e-05,-0.0002679690361429875
424,0.09963785448862557,0.04999997788793881,0.04999978259421653,-2.4413891153243688e-06,-4.7685031009607095e-05,-0.00013805676614190652,-0.0013211524346843362,-5.504866749106441e-07,-4.3232936393693827e-07,-2.31833798720382e-05,-0.0002618944552716938
425,0.09964986673837725,0.04999516734909812,0.04999977727530117,-2.337260181100887e-06,-5.189125556971534e-05,-0.00013166180656856716,-0.001344404648989439,-4.850405161960225e-07,-3.852162226351408e-07,-2.3465548424867778e-05,-0.00025571837110316967
426,0.0996582059458902,0.04997960815882968,0.04999977208282094,-2.2369724648635924e-06,-5.590713285972987e-05,-0.00012551566707801583,-0.0013656968949362636,-4.2810731315512385e-07,-3.416406927786969e-07,-2.3745498454690708e-05,-0.00024947976835766963
427,0.09966270145923789,0.04995397107207194,0.04999976700833736,-2.1404848432446505e-06,-5.9729530953703825e-05,-0.00011960912442678405,-0.0013847575755789876,-3.855548982301116e-07,-3.0158426867934467e-07,-2.4023143247412823e-05,-0.000243213777297489
428,0.09966322016767282,0.049919198147445165,0.04999976204316948,-2.047691468591355e-06,-6.335413811288679e-05,-0.00011393473482266617,-0.001401324407197535,-3.4922175018436974e-07,-2.6499071607212665e-07,-2.4298418333400235e-05,-0.00023695203960338211
429,0.09965965906143566,0.049876407890897825,0.04999975717945516,-1.958413104703371e-06,-6.677498538700318e-05,-0.00010848647692767817,-0.0014151016948744655,-3.172892490965751e-07,-2.3176637681314152e-07,-2.4571280381248715e-05,-0.00023072298175578167
430,0.09965194358070313,0.04982681547635563,0.04999975241136169,-1.872406569153272e-06,-6.998404154082963e-05,-0.00010325959234253175,-0.001425855210982263,-2.87621588768161e-07,-2.0178883010978164e-07,-2.4841705578567847e-05,-0.00022455204202407152
431,0.09964002627822821,0.04977167675346392,0.049999747736258114,-1.7893842087521278e-06,-7.297163732339579e-05,-9.82318284435505e-05,-0.0014333096332848072,-2.6032810751530633e-07,-1.8070669254998262e-07,-2.510969755232816e-05,-0.00021846107738533944
432,0.09962387920302117,0.049712212075336784,0.049999743158013636,-1.7076029585722268e-06,-7.575262170916229e-05,-9.344081380168633e-05,-0.0014376317849382758,-7.007936915215396e-07,-1.5503128800858764e-07,-2.5375191678065693e-05,-0.00021248887840268714
433,0.09960285570232605,0.04964844970842269,0.04999973866666429,-1.6338334362447583e-06,-7.778501803900493e-05,-8.886540901512895e-05,-0.0014380370266735554,-3.087324671469105e-07,-1.3268008460849032e-07,-2.5638170320128126e-05,-0.00020667120862682284
434,0.09957731973649085,0.04958079361066653,0.049999734249663724,-1.5626601548225465e-06,-7.954782508162035e-05,-8.452819837265179e-05,-0.0014213253743946552,-2.936500322903157e-07,-1.1327479986125484e-07,-2.589863797596788e-05,-0.0002010112123216204
435,0.09954797046382961,0.049515299701771244,0.04999972994287832,-1.4898383479172698e-06,-8.141093780750244e-05,-8.03658409926443e-05,-0.0014231096720322967,-6.011115942783363e-07,-9.656907160941371e-08,-2.6156746956259512e-05,-0.00019550005183472275
436,0.09951494311404252,0.049452604551929576,0.04999972580188711,-1.4165005138090128e-06,-8.31845961207051e-05,-7.640691514171264e-05,-0.0014124842127785087,-1.8184263694820402e-07,-8.214334129049391e-08,-2.641278364433064e-05,-0.00019013674002209212
437,0.09947785553763405,0.04939187230202535,0.049999721865584906,-1.3441987231832847e-06,-8.468661564202332e-05,-7.265426603829488e-05,-0.0013962264638394117,-1.707355039570757e-07,-6.971691591793879e-08,-2.6666859486926053e-05,-0.00018492957297190095
438,0.09943672008337986,0.049333594350372156,0.04999971817536581,-1.2726408475943977e-06,-8.590107359434578e-05,-6.910332347893994e-05,-0.0013776960549876094,-1.7629827198106796e-07,-5.909835567861497e-08,-2.6919105009106158e-05,-0.00017988507470818654
439,0.09939160234971403,0.04927834351052959,0.04999971478047186,-1.2016890654399397e-06,-8.685077392554108e-05,-6.563928240123583e-05,-0.0013559880899265409,-1.9582965649078687e-07,-4.940106653153436e-08,-2.7169559465690975e-05,-0.00017500461652725737
440,0.09934425862991152,0.04922106409383606,0.049999711754659566,-1.1289526612709671e-06,-8.779528042786078e-05,-6.296948194055727e-05,-0.0009681076626293361,-0.0003288438019808382,-4.1510079123329904e-08,-2.7417754773853886e-05,-0.0001699284490892253
441,0.09933454112235551,0.04923026074737446,0.04999971001012115,-9.560311389595955e-07,-9.422201576150287e-05,-6.04351223957078e-05,-0.0013223037822172046,-0.0003396778483875096,-4.201820790198259e-08,-2.7664723850028553e-05,-0.00016411537712204211
442,0.09935096640993454,0.04945799911379031,0.04999971080524398,-7.486203717135206e-07,-0.00010524521662431987,-5.884913240312024e-05,-0.0019309150520712137,-0.0002762898220680654,-4.9695562154357074e-08,-2.7911467269596443e-05,-0.0001572967827577576
443,0.09937333651755267,0.049752149131333086,0.049999714651362444,-5.462923092377132e-07,-0.00012619122399797005,-5.615962813769277e-05,-0.0016035214066505432,-0.0008060976979322731,-5.108241343659692e-08,-2.8161471223337034e-05,-0.00014975383402270813
444,0.09934694132004294,0.04981699297455032,0.04999972045052862,-4.512715142880338e-07,-0.00014029854847742032,-5.357030264994931e-05,-0.0014697795268148184,-0.00032971028122119606,-4.3971253668073787e-08,-2.8417066499118294e-05,-0.0001420565768900439
445,0.09929300161461699,0.04976138155384277,0.049999726618210096,-3.935509099510688e-07,-0.00014705393294404343,-5.098645754322549e-05,-0.0016029117396101356,-0.0002532541984692216,-3.4275961054801304e-08,-2.8674426234463628e-05,-0.00013467505044173806
446,0.09920569287639075,0.04962209270999268,0.04999973255636061,-3.671677645081103e-07,-0.0001393544324043007,-4.86854048696979e-05,-0.0014621472219005227,-1.0242690223094542e-05,-2.6641719966825043e-08,-2.8931695949078373e-05,-0.00012784849655949097
447,0.09911477046591444,0.049486041849666484,0.049999738156516926,-3.3754612537401955e-07,-0.00013278513481108185,-4.655950526295969e-05,-0.0013373171677812934,-6.060566647647647e-06,-2.0873353692498682e-08,-2.9188150073075622e-05,-0.00012156023619087527
448,0.09901844504579999,0.04936013609399596,0.049999743602905794,-3.0865799592526633e-07,-0.00012579895808744108,-4.457853790196403e-05,-0.0012458417331799865,-6.564990599144949e-06,-1.6703474541455243e-08,-2.9443525934788005e-05,-0.00011579513411542003
449,0.09891866735662577,0.04926347232646102,0.049999749019720825,-2.796723336711768e-07,-0.00011937208047257871,-4.273598626051727e-05,-0.0011808001436293125,-4.5647711885976605e-06,-1.3658466493436901e-08,-2.969795740676081e-05,-0.00011051181226993674
450,0.09881703862640608,0.04919759310870613,0.049999754522280206,-2.5018074450859535e-07,-0.00011405235454763779,-4.105004591433262e-05,-0.001131722703576088,-4.06723711421364e-06,-1.1341382813308216e-08,-2.9951841843178594e-05,-0.00010565235297882732
451,0.09871479404960198,0.04916385112975468,0.0499997602264341,-2.1958005376108853e-07,-0.00011020390962515516,-3.951495873382792e-05,-0.0010920290369540453,-2.8105537239753176e-06,-9.514541332491903e-09,-3.0205705962059e-05,-0.00010115492613636301
452,0.09861224225215147,0.049156576560134425,0.049999766242438265,-1.8857575381781874e-07,-0.00010762152892894114,-3.812290461131993e-05,-0.00106057059019804,-2.083746039716061e-06,-8.044044019726329e-09,-3.0460057765265925e-05,-9.696243393907709e-05
453,0.09850973709411127,0.04916931789870728,0.04999977265580729,-1.5792093968797736e-07,-0.00010618747514095997,-3.6864373693455335e-05,-0.0010340699227526784,-1.6740294768169406e-06,-6.757867319676571e-09,-3.071533802959315e-05,-9.302333455122607e-05
454,0.09840748002831176,0.04919643285425024,0.04999977952586607,-1.2839891147971862e-07,-0.00010575880117751056,-3.572988602070255e-05,-0.001011477317661047,-1.4678452089356142e-06,-5.644896030385893e-09,-3.097190475644116e-05,-8.929246161411205e-05
455,0.09830564824820769,0.04923344200460845,0.049999786888204494,-1.0067167422989119e-07,-0.00010623919483962335,-3.4710422874756565e-05,-0.0009919212898239493,-1.3485217777997605e-06,-4.6697956459419255e-09,-3.123003634472905e-05,-8.573100283461034e-05
456,0.09820433980034322,0.04927682054080697,0.04999979475836261,-7.533719296480022e-08,-0.00010755349183003882,-3.379659084640378e-05,-0.0009753946214914322,-1.2532183291114052e-06,-3.8234129697028e-09,-3.1489943147276474e-05,-8.230653121449608e-05
457,0.09810359656564611,0.0493237885529053,0.049999803133725235,-5.294995534849221e-08,-0.0001096491313705908,-3.297982069344061e-05,-0.0009613687288947403,-1.171086410067801e-06,-3.0517679742290527e-09,-3.175177223104805e-05,-7.899289608119498e-05
458,0.09800340414584419,0.04937227660228351,0.049999811994726175,-3.4006475253031455e-08,-0.00011249122643284004,-3.2123959746678856e-05,-0.0009498217259533703,-1.1147830036861706e-06,-1.812162959849423e-09,-3.201335440561117e-05,-7.57693366609801e-05
459,0.09790572947627595,0.04940212903067368,0.04999982135936295,-1.8830302459031186e-08,-0.00011606355542869074,-3.1377100318444925e-05,-0.0009390750783495605,-1.2451002930902177e-06,-1.0439643983285868e-09,-3.227451081426192e-05,-7.261930890791318e-05
460,0.0978092501376947,0.04943130495573863,0.04999983125098264,-7.92991250699472e-09,-0.00012048796606391855,-3.075212981249608e-05,-0.0009301725658588111,-1.1985325727437157e-06,-5.052651066201708e-10,-3.2532992563190695e-05,-6.952415058834569e-05
461,0.09771907857044332,0.04946132715410338,0.049999841642327264,-1.2141577280309285e-09,-0.0001262912190950171,-3.0645218140281557e-05,-0.0008195354603230953,-0.00041937391506507993,-2.2466973715506533e-10,-3.2788060582526095e-05,-6.623464223279626e-05
462,0.09769375199964633,0.04953257837464739,0.04999985270644385,-2.2738791131096887e-09,-0.00014322773179220277,-3.0005362504755988e-05,-0.001336886314675212,-0.00015772762708365917,-1.0142420686602113e-09,-3.304261165044575e-05,-6.262637617211133e-05
463,0.09764534263474955,0.049657847514716386,0.04999986411795368,-1.1007071322684772e-08,-0.00015736968767962375,-2.9870460255553837e-05,-0.0012402319116517901,-5.177033744985238e-05,-1.38444333397907e-09,-3.330402210484929e-05,-5.8792884131248006e-05
464,0.09760740086970032,0.04972807784847043,0.04999987551082232,-3.037810254343381e-08,-0.0001820270494719665,-2.9581526476952864e-05,-0.0009765370050445199,-0.0004058604536112398,-9.533546767348904e-10,-3.3566577340506976e-05,-5.4954464036913505e-05
465,0.09750062986428434,0.04972512842092332,0.04999988680967685,-5.145746079082392e-08,-0.00018886567790931029,-2.9323632941177704e-05,-0.0009916541166603565,-3.840545105049387e-06,-8.92581594904928e-10,-3.382826305217893e-05,-5.1347795597700223e-05
466,0.097392375244524,0.049732749409398425,0.049999897907565115,-7.77471985434806e-08,-0.00019591795550074646,-2.9093389767300907e-05,-0.0009747408330440521,-1.0944391988232383e-06,-8.128975914463591e-10,-3.408935634320396e-05,-4.798437864615e-05
467,0.09728559882417104,0.049740427531674535,0.04999990872467291,-1.0903725679150969e-07,-0.000203875252954551,-2.8804013283834093e-05,-0.0009652359294705093,-2.0338388821983244e-06,-3.165275973835808e-10,-3.4346282970779376e-05,-4.4874302490990966e-05
468,0.09718027667068767,0.04974957112901402,0.049999919217134155,-1.4556052319362144e-07,-0.0002122446307088538,-2.8531666188550852e-05,-0.000952841539401561,-4.6634545469714794e-07,-2.2627243623817019e-10,-3.459866724961135e-05,-4.203108499754189e-05
469,0.09707612466287407,0.04976009041044888,0.04999992934283391,-1.8600129206676398e-07,-0.00022079158099493637,-2.8359148927969147e-05,-0.0009502475149929523,-8.383310046156112e-07,-1.0358949888581418e-09,-3.484377969352071e-05,-3.946594990384628e-05
470,0.09697351590525688,0.04977819862360812,0.04999993897289416,-2.3080077190638824e-07,-0.00023022083790702558,-2.826149870042016e-05,-0.0009450946236029267,-6.127442020442686e-07,-1.7537542254098365e-09,-3.5088024970526196e-05,-3.7195386510352273e-05
471,0.09687207233956005,0.049800398976153765,0.049999947991877805,-2.802195052551275e-07,-0.00024034758937409103,-2.8185765627080935e-05,-0.000940802157856524,-4.6716724000361864e-07,-3.171573070191843e-09,-3.5329522676550946e-05,-3.5234862514139004e-05
472,0.09677228662832472,0.049822076257314864,0.04999995635398963,-3.346175605458048e-07,-0.0002510791540943889,-2.8138333897712373e-05,-0.0009359183022752404,-3.5388026731197897e-07,-4.578023595117313e-09,-3.556640707541334e-05,-3.3602417957242114e-05
473,0.09667409014932038,0.04984164933307313,0.04999996402817862,-3.939968799821118e-07,-0.0002623806750410328,-2.8113923201694596e-05,-0.0009303612750954926,-3.214654213934409e-07,-4.154079995707138e-09,-3.5806688786338115e-05,-3.23233159818466e-05
474,0.0965777598135526,0.04985916500215381,0.049999970987828705,-4.581341309996523e-07,-0.00027424002196717946,-2.806838472437626e-05,-0.0009230209398083389,-2.934254723641061e-07,-5.031053543058486e-09,-3.6039585146272106e-05,-3.1415536258750116e-05
475,0.09648391822623748,0.04987472205679496,0.049999977215846016,-5.264945858254449e-07,-0.0002865348532825446,-2.7985392511049153e-05,-0.0009140163892880082,-2.8915198413415055e-07,-5.5934430322601065e-09,-3.627080001920593e-05,-3.0907406864607585e-05
476,0.09639284875036133,0.04988872097009813,0.049999982711621815,-5.988139319597849e-07,-0.0002991746523925735,-2.7976251469491255e-05,-0.0009045242331922054,-3.276740869750938e-07,-8.362824356621971e-09,-3.649165310706306e-05,-3.08230473105132e-05
477,0.0963034517573525,0.04990204506394842,0.049999987452752276,-6.746915967699755e-07,-0.00031223449697455254,-2.7992581105045186e-05,-0.0008938458631746471,-3.0350082624863717e-07,-1.0483163196722478e-08,-3.670731503507191e-05,-3.119395287742663e-05
478,0.09621560803977908,0.04991416057031326,0.04999999141707856,-7.548416653337299e-07,-0.0003254510391210612,-2.8084460081275263e-05,-0.0008842163952067494,-2.98067590165374e-07,-1.2915694177108943e-08,-3.6916848569087946e-05,-3.2049012105525076e-05
479,0.09612888583202855,0.04992422486099529,0.0499999946025625,-8.394029621558509e-07,-0.00033889068288298963,-2.8214507637775665e-05,-0.0008736578747630119,-2.0901067898648762e-07,-1.546520555316541e-08,-3.7128564453007935e-05,-3.3423222901194926e-05
480,0.09604325355295429,0.04993216644603716,0.049999997019069146,-9.282448883113613e-07,-0.0003523025483174253,-2.828363128964763e-05,-0.0008627611096017063,-1.8188214312431228e-07,-1.6508772999033323e-08,-3.733874548552332e-05,-3.534550850836172e-05
481,0.09595975156464803,0.04993982667345824,0.04999999870302414,-1.021678559707755e-06,-0.000365547282873584,-2.8331748588009557e-05,-0.0008527482277713716,-1.9426964570357086e-07,-1.9111762956495134e-08,-3.7539493429680633e-05,-3.7840893343833645e-05
482,0.09587883334077252,0.049947399067187925,0.04999999968923205,-1.1184625197362114e-06,-0.00037876972049880433,-2.841023191561866e-05,-0.0008406016859225929,-2.1820270035277645e-07,-2.215048038756926e-08,-3.77330858363775e-05,-4.094106056337401e-05
483,0.09580001932097698,0.04995394893900228,0.0499999999997333,-1.2179006307179034e-06,-0.0003918706259032302,-2.854999800079083e-05,-0.000826859031803906,-2.4893580530260806e-07,-2.6780469841202845e-08,-3.791795262915136e-05,-4.4675240333325556e-05
484,0.09572264264552438,0.04995855404188418,0.049999999664634025,-1.321164767363919e-06,-0.00040475020319687426,-2.8710711264287906e-05,-0.0008137300028465688,-2.2150651091124018e-07,-3.10933598741611e-08,-3.809868818424582e-05,-4.907333628031456e-05
485,0.09564684529949224,0.04996225817765136,0.04999999872788949,-1.4282748450470163e-06,-0.0004172557900015707,-2.8889529806262596e-05,-0.0008006250718608499,-1.9567410447507427e-07,-3.587245066409631e-08,-3.827472915983259e-05,-5.416258096268223e-05
486,0.09557279281882575,0.0499648356793955,0.04999999723896935,-1.5391145870824272e-06,-0.0004293491500169359,-2.9057364779106325e-05,-0.0007868691463954747,-1.864233354353928e-07,-4.087926234952244e-08,-3.84477269665028e-05,-5.996863063190551e-05
487,0.09550068687554977,0.04996763430103853,0.049999995244411614,-1.653530454729499e-06,-0.00044091076399113905,-2.9223810054342673e-05,-0.000773556181229651,-1.9813194285234204e-07,-4.327621683690476e-08,-3.8613723033495304e-05,-6.651239447809456e-05
488,0.09543084147580322,0.04997077746822407,0.049999992786192264,-1.7712974691820154e-06,-0.00045201420795271574,-2.9435200974141956e-05,-0.0007594617200084031,-2.14094868056236e-07,-5.085751181206364e-08,-3.877131813290061e-05,-7.381473499131099e-05
489,0.09536321710243707,0.04997251870974636,0.049999989915779766,-1.891331571240079e-06,-0.0004626023869078277,-2.966450560358769e-05,-0.0007436056039296091,-2.282813937881656e-07,-5.740061820067727e-08,-3.892329126306573e-05,-8.189759555581006e-05
490,0.09529751138284638,0.04997361942512526,0.04999998669902452,-2.0142389333712124e-06,-0.0004724623118987145,-2.991300009967309e-05,-0.0007285783067345619,-2.1885837497848115e-07,-6.360852833338417e-08,-3.907247166211761e-05,-9.07797348899258e-05
491,0.0952338531744638,0.04997418843809566,0.04999998318886502,-2.1398553913896755e-06,-0.0004815776838299126,-3.016499483031217e-05,-0.0007136669592000544,-2.1615679202113824e-07,-7.212569598959344e-08,-3.921040816957629e-05,-0.00010047001089259072
492,0.09517222847495102,0.04997486206736616,0.049999979444182066,-2.2688475944035386e-06,-0.0004899271747409985,-3.0435737809080384e-05,-0.0006993197603151202,-2.1319615939319192e-07,-7.872062327350444e-08,-3.934843218057006e-05,-0.00011098703350659518
493,0.09511282128223317,0.049975208350488486,0.0499999755107829,-2.4010546223214754e-06,-0.0004975569752624038,-3.070442925872105e-05,-0.0006845431635156274,-2.2754461781460122e-07,-8.854933574330824e-08,-3.947355797490693e-05,-0.00012233296640934364
494,0.09505587336459373,0.049976706096594686,0.0499999714338391,-2.5355384868890587e-06,-0.0005044083232238538,-3.10032556576217e-05,-0.0006691283779218793,-2.4940410980889283e-07,-9.680494063549477e-08,-3.959278607098895e-05,-0.00013451889508871653
495,0.09500146182866998,0.04997761262751887,0.0499999672578873,-2.6719984701810403e-06,-0.0005104854096429812,-3.13564324414223e-05,-0.0006533497362397611,-2.5184135665767826e-07,-1.0424760745075178e-07,-3.9709794527322985e-05,-0.00014755137503679263
496,0.09494940589418172,0.04997585299657267,0.0499999630658769,-2.8104080872064385e-06,-0.0005156449991207722,-3.171776527832025e-05,-0.0006376439123414457,-2.565982128999167e-07,-1.1660793999392288e-07,-3.981957421050365e-05,-0.0001614279692149426
497,0.09489947938093041,0.04997414994934445,0.049999958918098976,-2.951643411722919e-06,-0.0005198058525786321,-3.2062466091495036e-05,-0.0006231747101992369,-2.436248678350239e-07,-1.3158622016230316e-07,-3.991895000016953e-05,-0.0001761444184811621
498,0.09485188064359092,0.049974966935258575,0.04999995483482559,-3.0955430721622015e-06,-0.0005230853387308005,-3.2424776583892366e-05,-0.0006093094125390053,-2.3988400243979413e-07,-1.4206708789780389e-07,-4.001411584180313e-05,-0.0001916997528198092
499,0.09480698903821738,0.04997630910871421,0.049999950829991896,-3.2413433828848757e-06,-0.0005255730799643138,-3.2827869416441526e-05,-0.0005946962046436965,-2.5385799062860315e-07,-1.5180958207288814e-07,-4.010317020007544e-05,-0.00020808638074668314
500,0.094764776075898,0.04997628714853941,0.04999994695828647,-3.3890759128386276e-06,-0.0005272060294612548,-3.327015703808485e-05,-0.0005797090125270188,-2.668602121502772e-07,-1.6485311867070962e-07,-4.0185031850137784e-05,-0.00022529396042197562
501,0.09472520584985633,0.04997466631347325,0.04999994328654672,-3.5383088750093358e-06,-0.0005278886538519106,-3.3728409606943124e-05,-0.0005646279896609485,-2.7785267775470857e-07,-1.8090220222919915e-07,-4.026115001970869e-05,-0.00024330979948684767
502,0.09468803714249968,0.04997315259051013,0.04999993985102064,-3.6897793037068674e-06,-0.0005276063598601318,-3.4204006048382925e-05,-0.0005508786998689175,-2.5969143280235585e-07,-1.972203954881466e-07,-4.033182258028189e-05,-0.00026211760801463026
503,0.09465342139404888,0.049971862816065464,0.049999936673309514,-3.8431669530872975e-06,-0.0005264109115918154,-3.46988098068295e-05,-0.000537659099791199,-2.5699051775518456e-07,-2.1395535783951387e-07,-4.039679866169171e-05,-0.0002816986529199719
504,0.09462146689046941,0.049970807222241106,0.049999933773176325,-3.998365477087283e-06,-0.0005243487363942341,-3.520547563804465e-05,-0.0005244939238764346,-2.5875166898003954e-07,-2.326946547648358e-07,-4.04535096780839e-05,-0.00030203141617698173
505,0.09459202290460433,0.049971447857085745,0.049999931157863546,-4.155708049617805e-06,-0.0005214834033735511,-3.573665062983233e-05,-0.0005117304972372949,-2.5220424504368566e-07,-2.4922438459448184e-07,-4.050460398364166e-05,-0.00032309404536797815
506,0.09456533483243229,0.049973055861279654,0.04999992882446172,-4.314581988446916e-06,-0.0005178789350424809,-3.631277240276195e-05,-0.0004986570565961301,-2.58745359360546e-07,-2.652581963913478e-07,-4.054898476908048e-05,-0.00034486178438828747
507,0.09454168812905311,0.049972652303617165,0.049999926814629614,-4.473993564635759e-06,-0.000513456776943752,-3.6915722727521304e-05,-0.0004851020930800587,-2.725418255522527e-07,-2.8590217096936364e-07,-4.0586802806721614e-05,-0.00036730704606630836
508,0.09452053594190218,0.049972453206365036,0.049999925148661396,-4.635031827024104e-06,-0.0005082017400103136,-3.7547712160798755e-05,-0.0004726829065475613,-2.5448159135521564e-07,-3.071838815902077e-07,-4.061864066571275e-05,-0.00039039960278401204
509,0.09450198053874748,0.04997250585897115,0.04999992382862142,-4.797638828637241e-06,-0.0005021971264102292,-3.8209517427612644e-05,-0.00046062376350164413,-2.467248521043075e-07,-3.292095133413685e-07,-4.064443409574825e-05,-0.00041410769261985387
510,0.09448607080452161,0.04997276545260589,0.04999992285408414,-4.961692606419578e-06,-0.0004954808163457724,-3.890308354208939e-05,-0.0004486726538743824,-2.469432445195707e-07,-3.520593503283988e-07,-4.066415320254206e-05,-0.00043839761294465937
511,0.09447275640153803,0.049973258289088565,0.049999922222246744,-5.12700623655718e-06,-0.00048807056262228395,-3.9630304786036224e-05,-0.00043691653991118073,-2.4501534312548756e-07,-3.7580587441622626e-07,-4.0677791165230176e-05,-0.0004632337850880826
512,0.09446202109354065,0.049973985596946546,0.04999992192786647,-5.293471639736362e-06,-0.0004800008501129516,-4.0393099013731565e-05,-0.00042537832632660866,-2.4218735461545293e-07,-4.005097054119635e-07,-4.068536649017121e-05,-0.0004885789922117707
513,0.09445384580901789,0.04997493944144243,0.049999921963208974,-5.460985081426635e-06,-0.00047130835887025267,-4.119335308799787e-05,-0.0004140548990108073,-2.393377656062512e-07,-4.2621972479255297e-07,-4.068692021224665e-05,-0.0005143945098243013
514,0.09444820693106389,0.04997610531018029,0.04999992231816222,-5.629439276414853e-06,-0.00046202993151004014,-4.2033080938066933e-05,-0.00040294756763614714,-2.3589801401158184e-07,-4.5297689674495096e-07,-4.0682512523216854e-05,-0.0005406402346624011
515,0.09444507441181584,0.04997746461450561,0.049999922980346674,-5.798737722803711e-06,-0.0004522037040639587,-4.2914386063309084e-05,-0.00039204602944664657,-2.3244970748237392e-07,-4.808159163195209e-07,-4.067222021044377e-05,-0.0005672748303173326
516,0.09444441356305368,0.04997899401551987,0.04999992393522086,-5.968791614284478e-06,-0.00044186882951676825,-4.383945895346525e-05,-0.0003813299408648163,-2.2967549284658162e-07,-5.097684881191401e-07,-4.065613512143615e-05,-0.0005942558124194022
517,0.09444617858267368,0.04998066730906385,0.04999992516628887,-6.139484457601506e-06,-0.0004310615176921831,-4.481071542405328e-05,-0.00037077939487062395,-2.2738329619187425e-07,-5.398642116190662e-07,-4.0634363145124076e-05,-0.0006215396158816342
518,0.09445031543008828,0.04998245465787579,0.04999992665530809,-6.310709132004709e-06,-0.0004198182078594529,-4.583068284051494e-05,-0.00036038755206391215,-2.25633684181048e-07,-5.711302325024844e-07,-4.060702304730963e-05,-0.0006490816904706357
519,0.09445676420904832,0.04998432553540291,0.0499999283824895,-6.482344450901403e-06,-0.000408174487327157,-4.6902134873098495e-05,-0.0003501523460727185,-2.2487897410883306e-07,-6.035934494675622e-07,-4.057424565424455e-05,-0.0006768365746260181
520,0.09446545845379137,0.049986247132766226,0.04999993032675124,-6.654253064669216e-06,-0.0003961650961284506,-4.802805029081354e-05,-0.00034007380600087345,-2.2404991284474818e-07,-6.372801994167311e-07,-4.0536173374906594e-05,-0.0007047580680055141
521,0.09447633670336308,0.0499881832731727,0.04999993246592665,-6.826327371615568e-06,-0.0003838302396363158,-4.921167895102643e-05,-0.0003301639517303556,-2.2448276126851852e-07,-6.722167579474947e-07,-4.049295958930974e-05,-0.000732799374804861
522,0.09448932521283537,0.04999010062655203,0.04999993477699721,-6.99843529643506e-06,-0.00037120648785776624,-5.0456433186461764e-05,-0.00032040869700722396,-2.259024398654219e-07,-7.084312212035345e-07,-4.0444768787626836e-05,-0.0007609131594433014
523,0.09450434998982155,0.04999196011719337,0.04999993723637167,-7.170437123009371e-06,-0.00035833089846917516,-5.1766102231946574e-05,-0.00031080434564501047,-2.2954536404995451e-07,-7.459522993000625e-07,-4.039177617584214e-05,-0.0007890516086989382
524,0.09452132392428812,0.04999372391834879,0.04999993982015743,-7.342173033257594e-06,-0.00034523761656712914,-5.3144884948811074e-05,-0.00030136838904581964,-2.3429670648056344e-07,-7.848104031521089e-07,-4.033416681816724e-05,-0.0008171665227164142
525,0.09454016116775023,0.04999535551790177,0.049999942504404565,-7.513491213892293e-06,-0.00033196299855721813,-5.459791434634805e-05,-0.00029210883076302707,-2.406536054877506e-07,-8.25031015263746e-07,-4.0272144738216905e-05,-0.0008452094889497057
526,0.09456078263929676,0.04999683676922481,0.04999994526548612,-7.684224918426192e-06,-0.0003185439199721758,-5.612987106794879e-05,-0.00028303120052441955,-2.4978405122055847e-07,-8.666351475100713e-07,-4.020592931730159e-05,-0.0008731319043295383
527,0.09458308508715196,0.04999810651618873,0.049999948080232316,-7.8542039523724e-06,-0.0003050132547425772,-5.774656456162482e-05,-0.00027415083604864776,-2.6116916274077084e-07,-9.096489124714406e-07,-4.0135754574680586e-05,-0.0009008850214850457
528,0.09460697148074249,0.049999110808531894,0.04999995092607551,-8.0232579159416e-06,-0.0002914053997473556,-5.9453552006175085e-05,-0.0002654978015925735,-2.7512518840921985e-07,-9.540942427525436e-07,-4.0061870213081094e-05,-0.0009284200277391063
529,0.09463233246752373,0.04999977055356376,0.0499999537812878,-8.191199846651123e-06,-0.00027775256738405254,-6.125673777098457e-05,-0.0002570911019574851,-2.923117676800757e-07,-1.0000026402882324e-06,-3.9984534522918856e-05,-0.0009556880373595218
530,0.09465904818437279,0.04999999979930067,0.04999995662502844,-8.357832130445069e-06,-0.0002640854553414387,-6.316262888832293e-05,-0.0002489911566954106,-3.1303596870202455e-07,-1.0474195533592845e-06,-3.990401175151784e-05,-0.0009826401267023224
531,0.09468699432792711,0.049999713593868844,0.04999995943751432,-8.522959455702527e-06,-0.00025043509028568396,-6.517826721458659e-05,-0.00024124929041136056,-3.3769799756555585e-07,-1.096396682919896e-06,-3.9820573215607624e-05,-0.0010092273344495066
532,0.09471603865066171,0.049998827993492055,0.04999996220022396,-8.686342489075716e-06,-0.00023682954224016618,-6.73112916548092e-05,-0.000233945669606328,-3.662046026420285e-07,-1.1470026052035677e-06,-3.9734497877933735e-05,-0.001035400734449819
533,0.09474605278195058,0.04999726057454881,0.04999996489606594,-8.847767783506017e-06,-0.00022330071620722531,-6.9569992760791e-05,-0.00022717959654983133,-3.9939004636835307e-07,-1.1993130196405452e-06,-3.964607271817839e-05,-0.0010611115100769466
534,0.09477689695973812,0.04999492957690539,0.04999996750949328,-9.006999304342596e-06,-0.00020987755785543082,-7.196319482548783e-05,-0.00022104254458099604,-4.3701393792616727e-07,-1.2534152841197123e-06,-3.955559305222192e-05,-0.0010863109403614986
535,0.09480843184399498,0.04999175623677293,0.04999997002662798,-9.163782867200984e-06,-0.00019658962914341144,-7.450049104034036e-05,-0.00021564436610788107,-4.811130907000916e-07,-1.3094069473643972e-06,-3.946336204006645e-05,-0.001110950380401671
536,0.09484050483546251,0.04998766236450275,0.04999997243535104,-9.317846657003664e-06,-0.00018346414160610154,-7.719205649073708e-05,-0.00021111208479851484,-5.304320325194567e-07,-1.3673972930866253e-06,-3.936969003467551e-05,-0.001134981224131707
537,0.09487296389280835,0.04998257349955278,0.04999997472536178,-9.468895357937844e-06,-0.00017052903712882724,-8.004874911796174e-05,-0.00020759944163728505,-5.853564175595238e-07,-1.427509975948065e-06,-3.927489512246503e-05,-0.0011583549613286793
538,0.09490565545964094,0.04997641956057072,0.049999976888199134,-9.616638973286946e-06,-0.0001578135104951283,-8.308196481561621e-05,-0.00020525102445390075,-6.461860948547837e-07,-1.4898785647871436e-06,-3.9179302414307286e-05,-0.0011810231362225792
539,0.09493841946925767,0.04996913753891143,0.04999997891724369,-9.76073970028291e-06,-0.00014534477882537368,-8.630388455724606e-05,-0.00020423867681529373,-7.13210340563819e-07,-1.554643832833293e-06,-3.908324336258633e-05,-0.0012029372840589943
540,0.09497109602221548,0.04996067401526507,0.04999998080770279,-9.900828678736183e-06,-0.00013315131471375725,-8.972703905010105e-05,-0.00020474218763411045,-7.838605711185664e-07,-1.6219829993798536e-06,-3.89870550256312e-05,-0.0012240491837057902
541,0.09500354084028959,0.0499509929032533,0.049999982556504244,-1.0036624875282696e-05,-0.00012126856461683663,-9.336443046227204e-05,-0.00020697266154456884,-8.611550015302782e-07,-1.6920744568623206e-06,-3.889107812023457e-05,-0.001244310732811651
542,0.09503558320678313,0.049940063364901775,0.0499999841622233,-1.0167707512194637e-05,-0.00010972276281839525,-9.722941959658708e-05,-0.00021108057990204543,-9.448656896893226e-07,-1.7651023648934376e-06,-3.879565650358294e-05,-0.0012636733068935061
543,0.09506704374384817,0.049927886421215095,0.04999998562506758,-1.0293501212827777e-05,-9.853662163381514e-05,-0.00010133621995654532,-0.0002173120592487976,-1.0349489230065956e-06,-1.841277859930904e-06,-3.870113490731783e-05,-0.0012820877590858986
544,0.09509775718333385,0.04991448524160796,0.04999998694671562,-1.0413488598989904e-05,-8.774194556701755e-05,-0.00010569884906744625,-0.00022587101557292044,-1.1215347512916196e-06,-1.9208181645773954e-06,-3.8607855659158346e-05,-0.0012995048975596938
545,0.09512758625827289,0.049899904585554045,0.04999998813005189,-1.0527172554154782e-05,-7.737688013657683e-05,-0.00011033069608131807,-0.0002368924906477332,-1.2044171171510243e-06,-2.0039602635158797e-06,-3.8516158267037776e-05,-0.0013158757973817919
546,0.09515641831937648,0.049884238771748246,0.04999998917893995,-1.0634045093350219e-05,-6.748340239051627e-05,-0.00011524517870149353,-0.00025055816513486207,-1.2898168506580987e-06,-2.0909419440292996e-06,-3.8426376884977844e-05,-0.0013311516691767425
547,0.09518412978404009,0.049867611988325164,0.049999990098028586,-1.0733461965892068e-05,-5.8100298092271674e-05,-0.00012045498184495688,-0.0002669869572855532,-1.3701229590878938e-06,-2.1820193638781526e-06,-3.833883620450281e-05,-0.0013452838227019533
548,0.0952106254411022,0.049850197383399755,0.049999990892519594,-1.0824784210699396e-05,-4.927229917954235e-05,-0.0001259721133771723,-0.000286311493255198,-1.4456984445132548e-06,-2.277441359587426e-06,-3.8253847274202276e-05,-0.0013582238120736002
549,0.0952358178016187,0.04983219365201622,0.0499999915678994,-1.0907285257716093e-05,-4.104484406259928e-05,-0.0001318070570486053,-0.0003085459175053984,-1.5105365491763223e-06,-2.377461177715726e-06,-3.817170382668548e-05,-0.0013699235625415714
550,0.0952596558335065,0.04981385125120062,0.0499999921296817,-1.0980205481487025e-05,-3.346865266905607e-05,-0.00013796905782648413,-0.00033373048063367605,-1.5663659951314912e-06,-2.4823200696951767e-06,-3.809267768236514e-05,-0.0013803357042981989
551,0.09528210951222074,0.04979543765670653,0.0499999925831369,-1.1042759776509633e-05,-2.6597647547023347e-05,-0.00014446512582539888,-0.0003617798211053014,-1.6069270714069717e-06,-2.5922476619205142e-06,-3.801701366846277e-05,-0.0013894140022470457
552,0.09530319184879074,0.04977725236653588,0.049999992933023825,-1.109417246264778e-05,-2.0490426223301907e-05,-0.0001513000598109601,-0.00039259364712052047,-1.633258989386377e-06,-2.707445400435098e-06,-3.7944925093465984e-05,-0.0013971138257196911
553,0.09532294403456501,0.04975958841185199,0.04999999318336429,-1.1133642297461179e-05,-1.5207343911873269e-05,-0.00015847607532908434,-0.00042599160224199295,-1.6444366792711662e-06,-2.8280880304754727e-06,-3.7876588720536643e-05,-0.001403392632243729
554,0.09534144536328859,0.04974274660231632,0.04999999333725744,-1.1160388315147207e-05,-1.0811016093014117e-05,-0.00016599252724877283,-0.0004617463273461908,-1.6385677099606255e-06,-2.954305038837318e-06,-3.7812140190596934e-05,-0.0014082106248621393
555,0.09535881264755433,0.04972699037496127,0.049999993396737,-1.1173664036140088e-05,-7.364687365855442e-06,-0.0001738457473221724,-0.0004995909403078258,-1.6176948065549368e-06,-3.0861793984320264e-06,-3.775166922061952e-05,-0.0014115314849782745
556,0.09537520038477802,0.049712539074364216,0.04999999336268518,-1.1172789210526994e-05,-4.930787165410188e-06,-0.00018202850216846814,-0.0005391499144025147,-1.5797335208844743e-06,-3.2237354773336353e-06,-3.7695215881963155e-05,-0.0014133232362194053
557,0.09539080499656656,0.04969955950377436,0.04999999323480517,-1.115719581320406e-05,-3.5687976551015598e-06,-0.00019053034982271656,-0.0005800697836093605,-1.5276536942110397e-06,-3.3669305541027824e-06,-3.7642768298578305e-05,-0.001413558996603968
558,0.09540585039884636,0.04968813617274115,0.04999999301168064,-1.112634051625167e-05,-3.332103401911696e-06,-0.00019933700573890168,-0.0006218755152076483,-1.4621792843172443e-06,-3.5156623226949198e-06,-3.759426176333438e-05,-0.0014122181267696916
559,0.09542061968224581,0.04967830381694723,0.04999999269087218,-1.107996361192332e-05,-4.266615658055786e-06,-0.00020843089557477133,-0.0006641835789196193,-1.3888637795389513e-06,-3.6697474818669712e-06,-3.754957762837839e-05,-0.001409287423954493
560,0.09543541339737319,0.04966997034072938,0.049999992269051136,-1.1017935248586968e-05,-6.4054469949523315e-06,-0.00021779019811711455,-0.0007064130040816963,-1.3049341305304551e-06,-3.828941801922545e-06,-3.750854644910264e-05,-0.0014047618803075933
561,0.09545056891576989,0.049663019247834964,0.049999991742233574,-1.0940276962838596e-05,-9.766765292102998e-06,-0.00022739065902686883,-0.0007482303190045059,-1.2202380048620398e-06,-3.992930857162861e-06,-3.7470951381855104e-05,-0.0013986454070287124
562,0.09546642362510696,0.049657229360594336,0.04999999110604719,-1.0847186097255847e-05,-1.4351036579199554e-05,-0.0002372045827915745,-0.0007891409914009273,-1.1331495670674485e-06,-4.1613451116481565e-06,-3.743653205591933e-05,-0.0013909515182823394
563,0.09548333740770731,0.04965233799058064,0.04999999035599643,-1.0739069766277323e-05,-2.013859055585411e-05,-0.0002472015322821212,-0.0008287105592899024,-1.0478609056008281e-06,-4.333766403904474e-06,-3.740499282174123e-05,-0.001381703957835474
564,0.09550167325581335,0.049648040918429295,0.04999998948774146,-1.0616522914343445e-05,-2.7087965099060005e-05,-0.00025734842554586386,-0.0008665979257784784,-9.674351986177498e-07,-4.509736886199019e-06,-3.7376011470661785e-05,-0.0013709369717025965
565,0.09552178789964022,0.04964401178888757,0.0499999884973798,-1.0480300326582306e-05,-3.5135653476085975e-05,-0.0002676101156021904,-0.000902423751540482,-8.918627258935885e-07,-4.688771676961124e-06,-3.734924866052675e-05,-0.0013586953230012057
566,0.09554402351553003,0.04963991975957299,0.04999998738171971,-1.0331297281111286e-05,-4.419648322291495e-05,-0.0002779499713049087,-0.0009359228424727917,-8.237186079895764e-07,-4.870378363642447e-06,-3.7324357999254634e-05,-0.0013450340426071604
567,0.09556869569527676,0.049635444874177974,0.049999986138528775,-1.0170521654192688e-05,-5.416585307891265e-05,-0.00028832982350476024,-0.0009668177808634937,-7.619164534844458e-07,-5.054052240739562e-06,-3.730099658012682e-05,-0.0013300180517055145
568,0.09559609594146899,0.04963029197341001,0.04999998476673915,-9.99912565213268e-06,-6.492027783679218e-05,-0.00029871165573231475,-0.0009949806844815612,-7.059540507725615e-07,-5.2393062386955275e-06,-3.7278834303939246e-05,-0.0013137212300034253
569,0.0956264497106653,0.04962417116713438,0.04999998326664965,-9.818214180438264e-06,-7.632660223643654e-05,-0.00030905663155071574,-0.001020215218886733,-6.537209173984593e-07,-5.425674152057341e-06,-3.7257563235000515e-05,-0.0012962250974521406
570,0.09565994190731456,0.04961686290222692,0.04999998164013985,-9.628896376028921e-06,-8.824394482903024e-05,-0.0003193271156245487,-0.0010424948995932937,-6.083961352487677e-07,-5.61271045042058e-06,-3.723690444172943e-05,-0.0012776178387164324
571,0.09569670774702843,0.049608148539516006,0.04999997989078059,-9.432347028255091e-06,-0.00010052432362541884,-0.0003294853622386839,-0.0010616349754855037,-5.670054292750137e-07,-5.800008077902941e-06,-3.721661413876926e-05,-0.0012579932356918048
572,0.09573684025325827,0.04959788711393305,0.049999978023891764,-9.229708517587693e-06,-0.00011301970553705748,-0.0003394949976522089,-0.0010776226408779621,-5.290584681461041e-07,-5.987191317360618e-06,-3.7196489131606476e-05,-0.001237449305103433
573,0.09578037270136208,0.04958596838691332,0.04999997604661694,-9.022075752387952e-06,-0.0001255864640866999,-0.00034932178621882327,-0.0010904562659561634,-4.925502139485616e-07,-6.173929916196564e-06,-3.717636892318358e-05,-0.0012160868390362735
574,0.09582727707980088,0.04957232722760662,0.049999973967946205,-8.810473024579462e-06,-0.00013808929033036282,-0.00035893294282112647,-0.0011001465609297156,-4.586193824707152e-07,-6.359926766450269e-06,-3.715613654255147e-05,-0.0011940080068908597
575,0.09587747841383652,0.04955694657073559,0.04999997179870683,-8.595853945840867e-06,-0.0001504035110525955,-0.0003682985340210218,-0.0011067661689594388,-4.2659641508180357e-07,-6.544930681884704e-06,-3.713571806825926e-05,-0.0011713151914806146
576,0.09593085660392589,0.049539851567041535,0.04999996955148878,-8.379133700396695e-06,-0.0001624143366044027,-0.000377391009365783,-0.001110409270040691,-3.982468115282245e-07,-6.728726759704013e-06,-3.711508087494406e-05,-0.0011481099007483824
577,0.09598724861659676,0.04952110585612205,0.04999996724050974,-8.161159986860886e-06,-0.00017402133962111206,-0.0003861858357612573,-0.0011111850617453456,-3.7139534470043145e-07,-6.911142105869301e-06,-3.709423147941208e-05,-0.0011244917760209676
578,0.09604645782025097,0.049500819796607344,0.049999964881441455,-7.942732269218506e-06,-0.00018513596949914032,-0.00039466152906796645,-0.0011092469794675708,-3.482099089069379e-07,-7.0920376140795265e-06,-3.7073212626343956e-05,-0.0011005578013409344
579,0.09610825791360278,0.04947914562147331,0.04999996249116976,-7.724606641827898e-06,-0.00019568306986364112,-0.0004027993253470379,-0.0011047919979318976,-3.2700313568057027e-07,-7.271299623558276e-06,-3.705209923320251e-05,-0.0010764016004782503
580,0.09617240156936699,0.049456269153300064,0.04999996008752913,-7.507482619691293e-06,-0.00020560012313499822,-0.0004105839735275463,-0.001098053646273911,-3.0848795518068073e-07,-7.4488434209688466e-06,-3.7030993929179645e-05,-0.001052112893157239
581,0.09623862186270461,0.04943240724114348,0.049999957688980676,-7.292036757307899e-06,-0.00021483611810160197,-0.0004180028683648172,-0.0010892207501456141,-2.9217719088592276e-07,-7.624602866026405e-06,-3.701002253107584e-05,-0.001027777085930215
582,0.09630664481701663,0.04940780629189351,0.049999955314268485,-7.078885486496769e-06,-0.00022335099088015306,-0.0004250468461454442,-0.001078536850400269,-2.7844075134453306e-07,-7.798540598456388e-06,-3.6989330885251566e-05,-0.0010034750293017674
583,0.09637619094456544,0.049382745487753545,0.04999995298204965,-6.86864187451839e-06,-0.0002311133144878578,-0.0004317097218880229,-0.001066271448507905,-2.664832834398112e-07,-7.970624131660545e-06,-3.696908016357458e-05,-0.000979282865424164
584,0.09644697693272741,0.0493575047298416,0.04999995071047625,-6.661882047754359e-06,-0.00023810086507465128,-0.0004379872406636676,-0.001052629086188972,-2.559213214681222e-07,-8.140828192039367e-06,-3.694944258826873e-05,-0.0009552718735193467
585,0.09651872846177811,0.04933239448891389,0.0499999485168746,-6.459113959368266e-06,-0.00024430046135021934,-0.00044387808617551977,-0.0010378783335909247,-2.4612879201413307e-07,-8.309133844392407e-06,-3.693059796539746e-05,-0.0009315084422474881
586,0.09659117487124667,0.049307719675882024,0.04999994641743165,-6.260831567654e-06,-0.0002497051867662832,-0.0004493825951476073,-0.0010222039418295026,-2.3782345692779927e-07,-8.475511396399716e-06,-3.691272922156022e-05,-0.000908054118359175
587,0.0966640593291529,0.04928378183762225,0.04999994442688204,-6.067474276449136e-06,-0.0002543144457807523,-0.00045450365142036647,-0.0010057943873107433,-2.298716026416514e-07,-8.63994229629852e-06,-3.68960195928532e-05,-0.0008849656292554032
588,0.09673713142562362,0.04926087803268861,0.04999994255827764,-5.879431028825609e-06,-0.00025813474584205785,-0.00045924613351017596,-0.0009888651547953486,-2.2247857600632415e-07,-8.802398985046776e-06,-3.688064976025641e-05,-0.0008622949994462524
589,0.0968101552422159,0.049239285621047575,0.04999994082273901,-5.6970724750347074e-06,-0.0002611759850448013,-0.0004636155633902693,-0.0009715513442642987,-2.1593790222596e-07,-8.962839947520886e-06,-3.686679469703376e-05,-0.0008400897505663106
590,0.0968829175658649,0.049219279266217636,0.0499999392293032,-5.520707885226668e-06,-0.00026345271953300274,-0.00046761896186332184,-0.0009539807215332985,-2.096771680726306e-07,-9.121215796265432e-06,-3.685462172686026e-05,-0.0008183930309253497
591,0.09695521668942922,0.04920110408716723,0.04999993778489167,-5.35059198230143e-06,-0.0002649841202166103,-0.0004712641317526775,-0.0009362978162243962,-2.0389357757721882e-07,-9.277459742984865e-06,-3.6844288336790054e-05,-0.0007972437666125187
592,0.09702687017405422,0.049184975671914,0.04999993649427674,-5.186941986922212e-06,-0.00026579243920828735,-0.000474562049688773,-0.0009185709059238434,-1.9847986720833433e-07,-9.431513155765112e-06,-3.683594737686863e-05,-0.0007766768464690493
593,0.09709771347213919,0.049170762085738284,0.04999993536020539,-5.029923238202878e-06,-0.00026590240490976147,-0.0004775232525495362,-0.0009009021450765431,-1.9346036594924954e-07,-9.583304257000853e-06,-3.682974725003807e-05,-0.0007567232699134103
594,0.09716759402729774,0.0491584306041652,0.04999993438351268,-4.879674620167033e-06,-0.00026534217978168916,-0.00048015703131471183,-0.0008833245374262333,-1.889539475996571e-07,-9.73271038507011e-06,-3.6825829084086995e-05,-0.00073741029799898
595,0.09723637076179358,0.04914817092355319,0.049999933563022694,-4.736270246531413e-06,-0.00026414328694004827,-0.00048247359239408954,-0.0008659046143293381,-1.8465475193352177e-07,-9.879623085644773e-06,-3.6824315426154324e-05,-0.0007187615610917156
596,0.09730391371201352,0.04914014486064962,0.049999932895667856,-4.5997492778883556e-06,-0.00026234002381888974,-0.00048448299342511317,-0.0008486488950438797,-1.81430081624967e-07,-1.0023925194508257e-05,-3.6825312190423057e-05,-0.0007007972401274511
597,0.09737011215328098,0.04913449226474133,0.04999993237669893,-4.470103869931019e-06,-0.0002599670908189841,-0.0004861962425825082,-0.0008316126768477261,-1.7855653311471542e-07,-1.0165499249093382e-05,-3.682890834582194e-05,-0.0006835342817401008
598,0.0974348655205248,0.049131321830872834,0.049999931999882424,-4.347311830694827e-06,-0.0002570603143113163,-0.000487624597738438,-0.0008148216875270009,-1.7608307700811565e-07,-1.030422559347388e-05,-3.683517561567077e-05,-0.0006669865923529454
599,0.09749808578735612,0.049130711051514474,0.04999993175767735,-4.231317772362572e-06,-0.0002536557222949645,-0.0004887787769191729,-0.0007982886745594442,-1.740205846090248e-07,-1.0439960159200002e-05,-3.684416823365055e-05,-0.0006511652102157677
600,0.09755969940899391,0.049132698644249906,0.04999993164148797,-4.122035611508592e-06,-0.00024978969340206254,-0.0004896696772722006,-0.0007820409955456853,-1.723566214195671e-07,-1.0572567266772292e-05,-3.6855922058756725e-05,-0.0006360784787758104
601,0.09761963984006247,0.0491373000740172,0.04999993164188055,-4.0193807193982444e-06,-0.0002454986710272954,-0.0004903090034457505,-0.0007660576957277954,-1.7064849089365453e-07,-1.0701881169678041e-05,-3.6870454895160756e-05,-0.0006217319501759137
602,0.09767783813136728,0.049144479784847234,0.049999931748892876,-3.923131063056138e-06,-0.00024082284511040458,-0.0004907075829009162,-0.0007503574597649276,-1.708859969085097e-07,-1.0827776787305794e-05,-3.688776818819199e-05,-0.0006081288217664308
603,0.09773426696776044,0.04915424640569987,0.04999993195216049,-3.833215553128863e-06,-0.00023579439294359617,-0.0004908762211374985,-0.0007351001258939505,-1.7056980539109645e-07,-1.095009294912912e-05,-3.6907846829543335e-05,-0.0005952706308512913
604,0.097788904655072,0.04916646116831694,0.04999993224082063,-3.7495760019803163e-06,-0.0002304429374446779,-0.0004908236028398297,-0.0007200556574389338,-1.717287290148306e-07,-1.106867000672251e-05,-3.693066079140229e-05,-0.0005831570128285406
605,0.09784172301701077,0.049181092510856346,0.04999993260386548,-3.6720214977803152e-06,-0.00022480992208266594,-0.0004905608711285278,-0.0007053057779558003,-1.7138710006747715e-07,-1.1183341231742291e-05,-3.695616573722155e-05,-0.0005717853846451409
606,0.09789268063551913,0.04919802384382099,0.04999993303051106,-3.600353142723205e-06,-0.00021893146998204374,-0.0004900983397055366,-0.0006908440846018493,-1.7221560710822814e-07,-1.1293938029720347e-05,-3.6984300928708286e-05,-0.0005611510548256244
607,0.09794175003230238,0.04921713286253935,0.04999993351026242,-3.5343743125689118e-06,-0.00021284184366180864,-0.0004894485680767173,-0.0006766627193428576,-1.73505128486795e-07,-1.140033966652548e-05,-3.701499728843271e-05,-0.0005512474757038173
608,0.09798891649719466,0.04923791450292309,0.049999934033111794,-3.4738969799769827e-06,-0.00020657208433881854,-0.0004886214357944069,-0.0006627551629208028,-1.7511226246824663e-07,-1.1502398863598025e-05,-3.7048179304218596e-05,-0.0005420664171291994
609,0.0980341661202486,0.0492601652624395,0.049999934589579985,-3.4187337729538214e-06,-0.00020015393473220386,-0.00048762547608172444,-0.0006491325329989195,-1.7713033173549775e-07,-1.1599945617955093e-05,-3.708376146697205e-05,-0.0005335981251142369
610,0.09807749049891573,0.049283779478632196,0.049999935170612825,-3.3687166772688668e-06,-0.0001936173994664951,-0.00048646977556674977,-0.0006357868551276624,-1.7898919679737446e-07,-1.1692837110489809e-05,-3.712164569598508e-05,-0.0005258312843862306
611,0.09811887057717507,0.049308644626446435,0.04999993576765563,-3.323636433581276e-06,-0.00018699363904495664,-0.00048516365994774136,-0.000622656662017107,-1.816347321437206e-07,-1.1780927887160244e-05,-3.716172254072635e-05,-0.0005187528291369658
612,0.09815828796714532,0.049334668960960615,0.04999993637284507,-3.2832111356734234e-06,-0.00018031323220125397,-0.00048371556312867586,-0.0006098553421907127,-1.8472631779786752e-07,-1.1864105760377717e-05,-3.720387161250652e-05,-0.0005123485391874426
613,0.09819576190917906,0.04936173900704514,0.04999993697890843,-3.2473348436276426e-06,-0.00017359833245724865,-0.00048213298426750124,-0.0005974427331238985,-1.861446747852824e-07,-1.1942246070860064e-05,-3.72479634629025e-05,-0.0005066035884109585
614,0.09823130885872873,0.0493896786251648,0.04999993757898276,-3.2158716807621685e-06,-0.00016687302823172251,-0.00048042224307695525,-0.0005852698814123869,-1.8826129632998345e-07,-1.201523781761561e-05,-3.729386232465073e-05,-0.000501502274819457
615,0.098264936012695,0.04941839515010176,0.04999993816685505,-3.188611178584561e-06,-0.00016016604677415993,-0.0004785912923872994,-0.0005734363803640008,-1.8995316963810183e-07,-1.2082964209218731e-05,-3.7341425503274976e-05,-0.0004970279005339832
616,0.09829664434829227,0.049447719585296604,0.04999993873706526,-3.1653713428259624e-06,-0.00015349865084604317,-0.0004766467680924612,-0.0005619112635031343,-1.9174827059487143e-07,-1.214532634604283e-05,-3.7390502693532904e-05,-0.0004931628878317667
617,0.09832644249035613,0.04947750586558075,0.04999993928484236,-3.145965528062192e-06,-0.00014689249250250907,-0.0004745956643777018,-0.0005507112364284694,-1.9331746159423346e-07,-1.2202236876303938e-05,-3.7440938189839714e-05,-0.0004898888970760681
618,0.09835433659907923,0.04950759275664508,0.049999939806082444,-3.130226752458525e-06,-0.00014036679176701716,-0.0004724449620261598,-0.0005398250068537891,-1.94435600064935e-07,-1.2253625662289606e-05,-3.7492570821616354e-05,-0.00048718684561445673
619,0.09838033311523475,0.049537817112293075,0.04999994029734982,-3.1179362161929138e-06,-0.0001339399705846092,-0.000470199114636773,-0.0005292964051477611,-1.9507602644353028e-07,-1.2299414123558744e-05,-3.754523643833211e-05,-0.0004850373574503009
620,0.09840446412648304,0.04956802349856162,0.0499999407557887,-3.1090335809126374e-06,-0.00012762772119779907,-0.00046809535514730156,-0.0005191182135604322,-1.9446736132522346e-07,-1.2345093250554188e-05,-3.759890534872541e-05,-0.000483427142494314
621,0.09842623164176413,0.0495981884237493,0.04999994117829918,-3.1036008188561085e-06,-0.00012133107936703372,-0.00046683300060687023,-0.0009990106336772442,-0.00020217712153680623,-1.2415059031031327e-05,-3.7657585567777165e-05,-0.0004824708009995624
622,0.09845307080649232,0.04952656785062868,0.04999994143072851,-3.155990402080914e-06,-0.00011015056478833139,-0.000466818652334978,-0.0017475615022704005,-0.00020172807853668928,-1.246553046150676e-05,-3.772446813206398e-05,-0.00048238591494151556
623,0.09848246305171171,0.04928489884368452,0.04999994118172128,-3.2908765786078394e-06,-9.385968563770424e-05,-0.0004681500208632802,-0.001581614138558507,-6.244215182960033e-05,-1.2537798473561345e-05,-3.779847808614531e-05,-0.00048293352695505165
624,0.09848191431333944,0.04903043854931671,0.04999994031105953,-3.3687492359495498e-06,-8.027048904379404e-05,-0.0004681947662825973,-0.0008677338482812047,-0.0002645683416631073,-1.2614880384738208e-05,-3.7879935423215694e-05,-0.00048362046032563317
625,0.09847015155805537,0.048999159401870176,0.04999993911445516,-3.359055681574709e-06,-7.499765804096774e-05,-0.0004648693989727995,-0.000439327210187912,-0.0002529314369894564,-1.2611600271106855e-05,-3.796625360036691e-05,-0.00048443642365551213
626,0.0984794006541147,0.04919277936641978,0.04999993797738919,-3.319290388852734e-06,-7.275883946308407e-05,-0.00046143754238363744,-0.00043760635890066624,-8.103464210762468e-07,-1.260321450907906e-05,-3.805367611470166e-05,-0.0004855477783350092
627,0.09848939331053704,0.049369187912751335,0.049999937051265445,-3.2916618401804403e-06,-7.042327808100949e-05,-0.0004579418162460102,-0.0004291555378586054,-2.8468816708482336e-06,-1.2592312839520496e-05,-3.8141050651397416e-05,-0.00048697924596230826
628,0.09849833942978087,0.049506100425120096,0.0499999363120865,-3.2696735501077877e-06,-6.819536722650099e-05,-0.00045448088057824964,-0.0004254750965628773,-2.2525262011185987e-06,-1.258149774749576e-05,-3.822753445514267e-05,-0.0004887326745473518
629,0.09850574791485062,0.049611189323913625,0.049999935744738516,-3.2536662912794396e-06,-6.591452229009119e-05,-0.0004510955165802982,-0.0004281136207282543,-1.654140760365408e-06,-1.2570947035298628e-05,-3.8312560148642865e-05,-0.000490812512249586
630,0.09851189057947603,0.04969209823512798,0.04999993532336972,-3.2462877546480107e-06,-6.34714006391671e-05,-0.0004477143913907627,-0.0004288099880795926,-1.1005898841176531e-06,-1.2558124710499957e-05,-3.839566897192481e-05,-0.0004932239749053734
631,0.09851685854224905,0.049754188423832196,0.049999935015783176,-3.2469415502112622e-06,-6.0852954868154e-05,-0.000444320807405719,-0.00042771530570462346,-5.790192858512455e-07,-1.2542934864266054e-05,-3.8476507210527656e-05,-0.000495963290351805
632,0.09852036432431109,0.04980255296252449,0.049999934795733926,-3.2535822714840584e-06,-5.81578187403164e-05,-0.0004409042825881154,-0.0004244305600877851,-3.1391709853778593e-07,-1.2524987373782193e-05,-3.855487622252009e-05,-0.0004990184600706326
633,0.09852218359701831,0.0498409808194221,0.04999993464562475,-3.264555198194042e-06,-5.545665776472485e-05,-0.0004374614638512531,-0.00041965124546550214,-2.262737410774207e-07,-1.2503608326399867e-05,-3.863067869171251e-05,-0.0005023723232795534
634,0.09852221086689135,0.04987210508562609,0.0499999345537975,-3.278941648871046e-06,-5.278332482310837e-05,-0.00043398949361913474,-0.00041367794619873166,-2.0803769018584717e-07,-1.2478013708023997e-05,-3.8703864142617216e-05,-0.0005060051371585492
635,0.09852039853887062,0.04989770245765237,0.04999993451230428,-3.296041073643173e-06,-5.015552267592312e-05,-0.0004304850151683232,-0.0004067932313773781,-2.0692299074198672e-07,-1.2447517796756492e-05,-3.877439739789045e-05,-0.0005098958424913017
636,0.09851673318826677,0.04991900137475019,0.049999934516140605,-3.3153042444911893e-06,-4.758776620719036e-05,-0.0004269462381754198,-0.0003994728031102568,-2.0885525486846745e-07,-1.2411611192537906e-05,-3.8842245389659356e-05,-0.0005140229902946805
637,0.09851122111915123,0.049936826717750044,0.049999934562477866,-3.3363516881683622e-06,-4.509086410961501e-05,-0.00042337335092250145,-0.0003920622111763805,-2.0851862814197375e-07,-1.2369970329975884e-05,-3.890737028540219e-05,-0.0005183653751210088
638,0.09850387467881035,0.049951736567332865,0.04999993464986123,-3.358936505509359e-06,-4.267244772636605e-05,-0.0004197675431841783,-0.00038478715578094125,-2.04310467211144e-07,-1.2322443139500011e-05,-3.896972712280193e-05,-0.0005229023769137124
639,0.09849470757461509,0.049964123880083144,0.049999934777621206,-3.3828902437786915e-06,-4.033860938506333e-05,-0.0004161299775436463,-0.0003777195233851671,-1.9895408343018062e-07,-1.2269004296466282e-05,-3.902926539118461e-05,-0.000527614133803166
640,0.09848373504610079,0.049974286381073825,0.04999993494557406,-3.408076188164615e-06,-3.809419314695814e-05,-0.0004124621480774114,-0.0003709063457790762,-1.9206984802622173e-07,-1.2209732729864276e-05,-3.9085931351723116e-05,-0.0005324816150038575
641,0.09847096949937226,0.0499824614877038,0.04999993515385918,-3.434385352387076e-06,-3.59432808710652e-05,-0.0004087652245894821,-0.0003643514646682888,-1.8511552468680748e-07,-1.2144776345859438e-05,-3.913967016905043e-05,-0.0005374866602034837
642,0.0984564240040753,0.049988849969795544,0.049999935402836045,-3.4617189556513184e-06,-3.3889230370177274e-05,-0.00040504054755368833,-0.00035802260390482843,-1.7853635370101983e-07,-1.207434667179513e-05,-3.919042903766287e-05,-0.0005426119923012299
643,0.09844010787901288,0.04999363059085455,0.049999935693024446,-3.489989896097694e-06,-3.193468868827682e-05,-0.0004012890863194073,-0.00035188766196370125,-1.722536069337366e-07,-1.1998677887055082e-05,-3.92381595540925e-05,-0.0005478412010889094
644,0.09842202951385631,0.049996968407260506,0.04999993602507085,-3.519109296554589e-06,-3.0081754825397305e-05,-0.00039751139934557855,-0.00034592041629366577,-1.6679433656463516e-07,-1.1918015282235259e-05,-3.928281844794737e-05,-0.0005531587444965581
645,0.09840219855303724,0.049999017544158315,0.04999993639976229,-3.548989335281638e-06,-2.8331874615951034e-05,-0.00039370797301267074,-0.00034009365481324494,-1.6181556361516414e-07,-1.1832618061188434e-05,-3.932436863804887e-05,-0.0005585499463079348
646,0.09838062299564249,0.04999992496939579,0.049999936817988935,-3.5795560102884654e-06,-2.668589252415729e-05,-0.0003898789102473515,-0.0003343710268381983,-1.576983805762211e-07,-1.1742747539030186e-05,-3.936278056319788e-05,-0.0005640009884085507
647,0.09835731264797119,0.04999983148589929,0.0499999372807486,-3.610718173996371e-06,-2.514412392414719e-05,-0.0003860242831124537,-0.00032873754389584064,-1.539964671337657e-07,-1.1648652469829656e-05,-3.939803272138706e-05,-0.0005694989718007252
648,0.09833227958992072,0.04999887256221194,0.049999937789106996,-3.642431389838423e-06,-2.370699545074714e-05,-0.00038214424663479256,-0.00032316744909621775,-1.5118335738861788e-07,-1.1550587017062535e-05,-3.943011147588892e-05,-0.0005750318616373845
649,0.09830552930633159,0.049997178940226136,0.04999993834412237,-3.6746281349498777e-06,-2.2373446565448436e-05,-0.0003782386658120467,-0.00031763603328727186,-1.4963855221594713e-07,-1.1448792040542303e-05,-3.945901099313875e-05,-0.0005805883728107812
650,0.09827706887331204,0.04999487433991062,0.04999993894689135,-3.707232669047092e-06,-2.1142073458406575e-05,-0.00037430785964167695,-0.0003121760382782668,-1.4811307380568906e-07,-1.1343513645909282e-05,-3.9484733073270114e-05,-0.000586158006977722
651,0.09824690770245192,0.04999207889968242,0.04999993959849984,-3.7401984495356026e-06,-2.001142685275525e-05,-0.00037035088581653376,-0.0003067274228669703,-1.4703796580306516e-07,-1.1234960846460387e-05,-3.950728719126633e-05,-0.0005917312001533789
652,0.09821506669149688,0.04998890765662947,0.049999940299952604,-3.7735049666067873e-06,-1.8981333148726406e-05,-0.0003663678563762859,-0.00030131955281831324,-1.4686679605802055e-07,-1.1123358463833745e-05,-3.952669030370906e-05,-0.0005972992554337322
653,0.09818155272239777,0.049985470123604776,0.049999941052144586,-3.8071200460703414e-06,-1.8049470851184556e-05,-0.00036235886343861825,-0.000295916834147647,-1.482187457213513e-07,-1.1008932787265994e-05,-3.954296646601198e-05,-0.0006028541080647597
654,0.09814637251752953,0.049981865025259926,0.049999941855886354,-3.840970919960159e-06,-1.7212958086703493e-05,-0.0003583236937207287,-0.000290562747977674,-1.490140704163423e-07,-1.0891883637267737e-05,-3.9556146830731844e-05,-0.0006083884924924831
655,0.09810954802146012,0.04997818901533596,0.04999994271185238,-3.875072206835661e-06,-1.6471262051906134e-05,-0.00035426202908543777,-0.0002852533070836216,-1.4988975749474776e-07,-1.0772404462822285e-05,-3.9566268721603855e-05,-0.0006138961108110487
656,0.09807110181821134,0.04997453607927179,0.04999994362044679,-3.909438102812058e-06,-1.5823356958330256e-05,-0.0003501729528170845,-0.0002799353387672454,-1.5265945307874063e-07,-1.0650677080410405e-05,-3.957337572398217e-05,-0.0006193715276409917
657,0.09803105644225435,0.049970984641719667,0.0499999445818817,-3.944047792189318e-06,-1.5267856704124472e-05,-0.00034605686508976433,-0.0002746842510532588,-1.5533038322246284e-07,-1.0526893747791006e-05,-3.957751790117198e-05,-0.0006248100399604915
658,0.09798942621976614,0.04996760929303539,0.049999945596183315,-3.978906212425105e-06,-1.4802495817216756e-05,-0.0003419138042264463,-0.0002694890717975795,-1.5887088977706298e-07,-1.0401231373210244e-05,-3.957875077701888e-05,-0.0006302076440944842
659,0.09794623284011994,0.04996447577894421,0.04999994666309691,-4.0140304624693196e-06,-1.442574271004346e-05,-0.00033774356314375965,-0.00026436473126523197,-1.6296688443162566e-07,-1.027385686183287e-05,-3.957713515138192e-05,-0.0006355610815816219
660,0.0979015015654572,0.04996164158115837,0.049999947782100894,-4.049435541105728e-06,-1.413623481382571e-05,-0.0003335460255220314,-0.0002593301178421825,-1.6727391027870908e-07,-1.0144924490232747e-05,-3.957273693478951e-05,-0.0006408678347084386
661,0.09785525738182504,0.04995915627788308,0.04999994895238957,-4.085169188907172e-06,-1.393279348765728e-05,-0.0003293219212558626,-0.0002544067392591387,-1.7246961192540766e-07,-1.0014606568946009e-05,-3.956562616551224e-05,-0.0006461258628387763
662,0.09780751129145966,0.049957056544716265,0.04999995017290898,-4.121189165405995e-06,-1.3811657690242091e-05,-0.0003250713594579823,-0.0002496004744898528,-1.7841578880961606e-07,-9.8830551221833e-06,-3.9555877221720905e-05,-0.0006513337164580632
663,0.09775830293984059,0.04995536912339852,0.049999951442354314,-4.15754737659395e-06,-1.3773364861025258e-05,-0.0003207946258680594,-0.00024497348931618035,-1.8263096990267513e-07,-9.750417035672151e-06,-3.954356857123992e-05,-0.000656491031581289
664,0.09770768233474439,0.049954134065380046,0.04999995275899525,-4.194364477225673e-06,-1.3819834647744905e-05,-0.00031649032846475523,-0.00024045712780207396,-1.8886321129230055e-07,-9.616805698739243e-06,-3.952878338717151e-05,-0.0006615985425930457
665,0.09765569689505138,0.04995336582959511,0.04999995412068878,-4.231749767548265e-06,-1.3951899418937283e-05,-0.000312160875060651,-0.0002361549559282139,-1.9640263815290382e-07,-9.48238186470218e-06,-3.951160874843165e-05,-0.0006666571064071133
666,0.09760233108119461,0.049953056998492534,0.04999995552514159,-4.269553733112966e-06,-1.4161495540414403e-05,-0.00030780614275739714,-0.0002320742787560448,-2.037734248006018e-07,-9.347254643850008e-06,-3.949213457957334e-05,-0.0006716679654865483
667,0.0975476531836195,0.04995319250633749,0.04999995696984472,-4.307934360953428e-06,-1.4452911412267939e-05,-0.00030342761705129265,-0.0002283429348608479,-2.078612197919938e-07,-9.211561965171133e-06,-3.947045289590191e-05,-0.0006766336309293019
668,0.0974917128615424,0.049953802534915714,0.049999958451748705,-4.347064484142495e-06,-1.482795696578368e-05,-0.0002990245011878784,-0.00022473189164884388,-2.1731828780957585e-07,-9.07540988673097e-06,-3.9446659458278574e-05,-0.0006815574439611389
669,0.09743456770290443,0.049954846370612184,0.049999959967507994,-4.386885036886601e-06,-1.528570404527015e-05,-0.0002946192708106476,-0.0002214669802924618,-2.2464938354005426e-07,-8.939642763358835e-06,-3.942084675349111e-05,-0.0006864428836397696
670,0.09737639020126715,0.04995630708341553,0.04999996151437583,-4.425383054823001e-06,-1.581817890474776e-05,-0.0002901127319660313,-0.00021750408632215112,-4.992215849597414e-07,-8.802122588216908e-06,-3.939314994809917e-05,-0.0006913249674268542
671,0.09731956159760097,0.04995859784232035,0.04999996308421222,-4.472907956680877e-06,-1.6748646980966827e-05,-0.0002855803519495546,-0.0002148263156414032,-2.731363508701179e-07,-8.664632840370282e-06,-3.936370092463458e-05,-0.0006962338923298073
672,0.09726125484654959,0.04996185176382368,0.04999996466733004,-4.521672182840417e-06,-1.7693421202351526e-05,-0.00028100018265181295,-0.00020963601127732545,-5.51159700989956e-07,-8.526382493415785e-06,-3.933265344481313e-05,-0.0007011549056637142
673,0.09720091538642886,0.04996403515049094,0.049999966265911015,-4.566800333882011e-06,-1.855135980149893e-05,-0.0002765073760553407,-0.00021307010320015252,-4.4777274865737127e-07,-8.389014830052573e-06,-3.930008547620757e-05,-0.000706061409594249
674,0.09713756419113471,0.049966480933115516,0.04999996788167063,-4.611443342087029e-06,-1.933455307442244e-05,-0.0002720031683664295,-0.00021215403103269637,-2.511600030175032e-07,-8.252067281874003e-06,-3.9266010060307466e-05,-0.0007109411124102119
675,0.0970732211880786,0.049969136843522,0.04999996950857133,-4.657349418012991e-06,-2.0199566207288508e-05,-0.0002674782074491748,-0.0002113412192557007,-2.899226672070654e-07,-8.11526452683338e-06,-3.9230544112538786e-05,-0.0007158020526581055
676,0.0970081027416836,0.04997201147642504,0.049999971141548194,-4.704467320162823e-06,-2.1157776203685837e-05,-0.00026293751554598446,-0.00021109604858793318,-2.751134502432251e-07,-7.978825010635423e-06,-3.9193802690993435e-05,-0.0007206545544705625
677,0.09694226901168403,0.04997500754837334,0.049999972775553306,-4.753235210470651e-06,-2.2212097734793098e-05,-0.00025838622106120774,-0.0002112552319886163,-2.733718531544582e-07,-7.842798406613604e-06,-3.915590115157781e-05,-0.0007255094311827899
678,0.096875687123643,0.04997808167910092,0.04999997440483263,-4.803775171024545e-06,-2.3352519739540725e-05,-0.0002538281354069941,-0.00021212846331764013,-2.7682784775606706e-07,-7.70732369194509e-06,-3.911695553403989e-05,-0.0007303767396054458
679,0.09680834386380774,0.049981122446607545,0.04999997602357082,-4.85604896636362e-06,-2.4571291882951134e-05,-0.00024926760812841157,-0.0002136819384759292,-2.7765653953792935e-07,-7.572460365449969e-06,-3.907708900928694e-05,-0.0007352664075795125
680,0.09674025605740622,0.04998408467271093,0.049999977626031755,-4.910201943711273e-06,-2.5865515379894293e-05,-0.0002447059927268715,-0.00021575285063590854,-2.8235578497515235e-07,-7.438239388172518e-06,-3.903642389486465e-05,-0.0007401888482779461
681,0.09667149046064769,0.04998691289798883,0.04999997920643236,-4.9663759775874334e-06,-2.723430857111676e-05,-0.00024014600038492793,-0.00021840892441105098,-2.849972986496141e-07,-7.304707651401718e-06,-3.899508388105847e-05,-0.0007451550853111978
682,0.09660208381635334,0.04998955933733254,0.04999998075907103,-5.0246855767015e-06,-2.8674191590169013e-05,-0.00023559080260339332,-0.00022163121320772916,-2.859463279492047e-07,-7.171921974553479e-06,-3.89531930220533e-05,-0.0007501764599699069
683,0.0965320660399897,0.04999197706162825,0.04999998227835654,-5.085248502284508e-06,-3.0180739830399057e-05,-0.00023104365566366746,-0.0002254296123282984,-2.8645487759604293e-07,-7.03993727101954e-06,-3.891087597688586e-05,-0.0007552646243771769
684,0.09646146949791468,0.049994125874843295,0.04999998375882994,-5.148196155735801e-06,-3.1749782935634934e-05,-0.00022650797583135442,-0.00022979451750870794,-2.857478591522522e-07,-6.908807678508908e-06,-3.886825817967514e-05,-0.0007604314914938652
685,0.09639031835363564,0.04999597132618941,0.049999985195218616,-5.213635903169877e-06,-3.337567357718244e-05,-0.00022198688858981303,-0.00023470928135793656,-2.84940568917591e-07,-6.778608740712452e-06,-3.882546598033804e-05,-0.0007656892245716436
686,0.09631864035607636,0.049997485978919606,0.04999998658248205,-5.281724471329784e-06,-3.5053474123051174e-05,-0.00021748479435916972,-0.00024014162772800773,-2.824958471592254e-07,-6.649339258883409e-06,-3.878262576069055e-05,-0.0007710497955429826
687,0.09624642110733875,0.049998650017159633,0.04999998791589738,-5.352440601531826e-06,-3.6771783910880196e-05,-0.000213004547902205,-0.0002460841496940702,-2.818748896515899e-07,-6.521071461900502e-06,-3.8739864520971625e-05,-0.000776525319428129
688,0.09617371849448193,0.04999945377826828,0.04999998919108622,-5.425983295893012e-06,-3.8528542935010015e-05,-0.00020855033372022826,-0.00025249182363040745,-2.774571896679845e-07,-6.3938650693088495e-06,-3.8697309350681355e-05,-0.0007821284703269362
689,0.09610054614828595,0.04999989873149533,0.04999999040397285,-5.502505713295364e-06,-4.0316718824350065e-05,-0.0002041240884083916,-0.00025930957053788006,-2.785324966225744e-07,-6.267735584159654e-06,-3.865508823529342e-05,-0.0007878721121586448
690,0.09602694266233153,0.049999990652191774,0.04999999155089755,-5.582090287878825e-06,-4.212881597875724e-05,-0.0001997300555359565,-0.00026656067348085344,-2.7471685370983323e-07,-6.142722766747946e-06,-3.861332981343926e-05,-0.0007937690303103352
691,0.09595289706183903,0.049999747206387835,0.049999992628702604,-5.664806830994464e-06,-4.395470406829027e-05,-0.00019537167499726323,-0.0002741881471592933,-2.720107374898362e-07,-6.0188646386837165e-06,-3.857216139741289e-05,-0.0007998317299504706
692,0.0958784179969431,0.04999919481971282,0.04999999363472461,-5.750741307916801e-06,-4.578534563787332e-05,-0.00019105217832926635,-0.0002821703674271703,-2.7065672725257173e-07,-5.896189559354848e-06,-3.853170987845166e-05,-0.0008060725919275106
693,0.09580351675027354,0.049998367988178444,0.04999999456682281,-5.839975086014969e-06,-4.761198354363962e-05,-0.00018677488383357784,-0.00029047089628875256,-2.6953145493280317e-07,-5.774731083636411e-06,-3.84921015012548e-05,-0.0008125038364634497
694,0.09572819973941463,0.04999730884536583,0.04999999542340679,-5.932575723336134e-06,-4.942548008604008e-05,-0.0001825425229675996,-0.0002990549837704748,-2.687783933197352e-07,-5.654507322073104e-06,-3.845346169936126e-05,-0.000819137468838561
695,0.09565247891310263,0.049996065193999406,0.04999999620345393,-6.028608587362081e-06,-5.1216767025889986e-05,-0.00017835788351457213,-0.0003079079033341259,-2.6881107828558015e-07,-5.535538986731169e-06,-3.8415914604992304e-05,-0.0008259852319302668
696,0.09557636387230908,0.04999468995219053,0.049999996906519774,-6.12812556707731e-06,-5.2977126400739415e-05,-0.0001742236099470167,-0.0003170026757288724,-2.692571285933809e-07,-5.417845204872358e-06,-3.837958305291523e-05,-0.000833058562716365
697,0.09549986506541214,0.04999323922055518,0.049999997532738205,-6.231177621490459e-06,-5.469824080411458e-05,-0.00017014217644675225,-0.0003263315593358129,-2.709946329559898e-07,-5.301443037241926e-06,-3.834458845394692e-05,-0.0008403685553571232
698,0.09542299369734068,0.049991770781030474,0.04999999808281518,-6.337802915638829e-06,-5.637230503120922e-05,-0.00016611609280385274,-0.00033586611971259117,-2.7277698677607987e-07,-5.186352628324802e-06,-3.831105068449178e-05,-0.0008479258924004243
699,0.09534575666955629,0.04999034261057203,0.0499999985580193,-6.448023219691221e-06,-5.79917937722601e-05,-0.00016214737288188278,-0.00034560132189653814,-2.7501570798449393e-07,-5.0725851894719175e-06,-3.827908797279892e-05,-0.0008557407697505819
700,0.0952681659549208,0.049989009293332304,0.04999999896015959,-6.5618588142397625e-06,-5.954982770931284e-05,-0.00015823794306716045,-0.00035552840563468635,-2.7819385195471114e-07,-4.960153336727388e-06,-3.824881692562765e-05,-0.0008638228674155032
701,0.0951902350523911,0.04998782230292084,0.04999999929155795,-6.679316089779766e-06,-6.104054371948647e-05,-0.00015438965451230135,-0.00036563820322044194,-2.814751383084513e-07,-4.849068693789674e-06,-3.822035245815941e-05,-0.0008721813041317127
702,0.0951119758052,0.049986827918111994,0.04999999955501568,-6.800394036592169e-06,-6.245870945601927e-05,-0.0001506042081392576,-0.00037593807792291045,-2.852241607342876e-07,-4.739344840553879e-06,-3.819380786414349e-05,-0.0008808245773767203
703,0.09503340128046221,0.049986064469852404,0.049999999753774116,-6.925076779108472e-06,-6.380015094135969e-05,-0.0001468834332929591,-0.000386412808438763,-2.8890630687783414e-07,-4.631001575933355e-06,-3.8169295106888145e-05,-0.0008897605355232194
704,0.09495452200216127,0.04998556155074837,0.04999999989147027,-7.053343186804325e-06,-6.506159308218989e-05,-0.00014322871702987495,-0.000397072231862694,-2.925804096776119e-07,-4.524050598556768e-06,-3.814692492822727e-05,-0.0008989963390396842
705,0.09487535315424284,0.04998533894584009,0.0499999999720884,-7.185168858155573e-06,-6.624070611525377e-05,-0.00013964149203739369,-0.0004079107311554253,-2.9607289775412937e-07,-4.41850530800523e-06,-3.8126806857641966e-05,-0.000908538413851576
706,0.09479590863844531,0.049985406355631506,0.04999999999991162,-7.320520733735989e-06,-6.73363424155852e-05,-0.00013612312596688618,-0.00041892711305990815,-2.9933039513707627e-07,-4.31438440945491e-06,-3.810904944961341e-05,-0.0009183924147687125
707,0.09471620094559258,0.049985761862649296,0.04999999997947274,-7.459353099736653e-06,-6.834798744667678e-05,-0.00013267507926995013,-0.00043012495734728873,-3.02334768775836e-07,-4.211710439515239e-06,-3.809376086339443e-05,-0.0009285632076607938
708,0.09463624136943977,0.049986392838713846,0.04999999991550449,-7.601621631195091e-06,-6.927638313219767e-05,-0.00012929880812586163,-0.0004415091243572533,-3.050158738915343e-07,-4.1105085537090156e-06,-3.808104906231992e-05,-0.0009390548644366989
709,0.09455604001311434,0.049987275462746415,0.04999999981289056,-7.74726483275071e-06,-7.012325710350178e-05,-0.00012599542621280184,-0.0004530556034296751,-3.069967249302863e-07,-4.010797433364268e-06,-3.807102208869589e-05,-0.0009498706113209053
710,0.09447560751047152,0.04998837639518769,0.049999999676619444,-7.896235406127946e-06,-7.08904227724464e-05,-0.00012276645661370758,-0.0004647760360967368,-3.0821107088740973e-07,-3.912605339726975e-06,-3.8063788055497904e-05,-0.0009610128382826502
711,0.0943949527853215,0.04998965349605136,0.04999999951174241,-8.048472885397808e-06,-7.158182132575303e-05,-0.00011961320718149166,-0.00047664830344729125,-3.095587430834712e-07,-3.815963122386754e-06,-3.80594555301466e-05,-0.0009724830981853695
712,0.09431407968215433,0.04999105693123422,0.04999999932333142,-8.203908809295525e-06,-7.220065619228647e-05,-0.00011653712524597844,-0.0004886679234914482,-3.0978932841208007e-07,-3.720882839123544e-06,-3.8058133885319776e-05,-0.000984282081905383
713,0.09423299493947482,0.04999253175828291,0.0499999991164407,-8.362463560482364e-06,-7.275171439905274e-05,-0.00011353952941472447,-0.0005008402513340116,-3.105618588961079e-07,-3.6274265805627298e-06,-3.805993338944269e-05,-0.0009964098449914574
714,0.09415171580259801,0.04999401927171488,0.049999998896075315,-8.52412289179791e-06,-7.324317763946648e-05,-0.00011062152495071792,-0.0005131210200488567,-3.103102415025205e-07,-3.5356188403722297e-06,-3.8064965205093185e-05,-0.0010088657296364225
715,0.09407023907059482,0.04999545821165795,0.04999999866716168,-8.68881221187736e-06,-7.367898647549898e-05,-0.00010778452148928663,-0.000525508017744869,-3.0955774832364114e-07,-3.4454893084673687e-06,-3.807334133125309e-05,-0.001021648077687732
716,0.0939885522486022,0.04999679094716364,0.049999998434503506,-8.856405047441056e-06,-7.406295326849001e-05,-0.00010502992203704925,-0.0005379505455493927,-3.066727174427797e-07,-3.3570690816427654e-06,-3.808517418765368e-05,-0.0010347542607330041
717,0.09390664453655369,0.049997958215824756,0.04999999820274182,-9.026792489495078e-06,-7.439980998317378e-05,-0.00010235896836725751,-0.0005504464497789741,-3.0531899142260954e-07,-3.270393440606912e-06,-3.810057595607368e-05,-0.0010481809080225624
718,0.09382452155521157,0.049998905134891226,0.049999997976333185,-9.19990202189601e-06,-7.469702679696561e-05,-9.977271168933483e-05,-0.0005630030645988882,-3.046850451937644e-07,-3.1854989216411222e-06,-3.811965927884216e-05,-0.0010619241211703735
719,0.0937421898033602,0.049999582308862235,0.04999999775952175,-9.37564769985576e-06,-7.496210721019182e-05,-9.727199988335466e-05,-0.0005755774327553809,-3.0302669529191917e-07,-3.1023793255928994e-06,-3.8142536922333805e-05,-0.0010759794715860525
720,0.09365966040451464,0.0499999465534958,0.049999997556305326,-9.553913988526563e-06,-7.520162007894744e-05,-9.485735319269612e-05,-0.0005881909164600074,-3.023047554506775e-07,-3.0211232767374717e-06,-3.8169320528595026e-05,-0.0010903424222609096
721,0.09357697275777861,0.04999996144004421,0.04999999737041852,-9.734743430876849e-06,-7.54294044386635e-05,-9.252960903961629e-05,-0.0006007620831951499,-3.0036605380701076e-07,-2.941725912210175e-06,-3.820012014488257e-05,-0.0011050079652644774
722,0.09349409539209516,0.049999598372615126,0.04999999720528303,-9.91790793578508e-06,-7.564431331468962e-05,-9.028898787400233e-05,-0.0006133408169262111,-2.971749495372933e-07,-2.8642082901025882e-06,-3.823504456541928e-05,-0.0011199702777706412
723,0.09341104576800713,0.049998833307835,0.04999999706393162,-1.0103237566335036e-05,-7.585271540175372e-05,-8.813634028387649e-05,-0.0006257744389586151,-2.9156421987863723e-07,-2.7886011357338734e-06,-3.8274199096522045e-05,-0.0011352231589968175
724,0.09332782316328209,0.049997651951806776,0.04999999694898506,-1.0290596760843064e-05,-7.605966881066523e-05,-8.607129035327487e-05,-0.0006381862913258374,-2.9054260153316136e-07,-2.7149124466160247e-06,-3.831768477685371e-05,-0.0011507602451171872
725,0.09324447440887497,0.04999604454357795,0.049999996862643045,-1.04798842667397e-05,-7.627329604213493e-05,-8.40937826123093e-05,-0.0006505263736471534,-2.866775901111396e-07,-2.6431581913756075e-06,-3.836559917534626e-05,-0.0011665752517559735
726,0.09316103421926203,0.04999400723259584,0.04999999680664283,-1.0670958139883216e-05,-7.650040759877872e-05,-8.22033643184506e-05,-0.0006627818220295012,-2.8268138407838705e-07,-2.573353702764081e-06,-3.841803485951279e-05,-0.001182661985049498
727,0.09307754734778112,0.04999154120035099,0.04999999678221668,-1.0863678954830396e-05,-7.674748153207106e-05,-8.039950940958487e-05,-0.0006749193416908383,-2.777295264877466e-07,-2.5055057744762756e-06,-3.8475078696584405e-05,-0.0011990143901925692
728,0.09299406068861417,0.049988651342446525,0.049999996790062326,-1.1057891991501196e-05,-7.701995026045198e-05,-7.868153149476983e-05,-0.0006869406788609922,-2.721393173032993e-07,-2.439624068428858e-06,-3.853681130402384e-05,-0.0012156265283855279
729,0.09291062075572082,0.04998534451202269,0.0499999968303082,-1.1253404045009453e-05,-7.732163833450937e-05,-7.704832882379607e-05,-0.0006988029927015305,-2.653155206644442e-07,-2.3757054758924403e-06,-3.860330614908447e-05,-0.0012324926465839567
730,0.09282729340658802,0.04998163088790141,0.049999996902496305,-1.1450060927210561e-05,-7.765697431717432e-05,-7.549893572882333e-05,-0.0007105171680450439,-2.582573301879165e-07,-2.3137500023412495e-06,-3.8674628854918716e-05,-0.001249607315399011
731,0.09274414705280275,0.04997752164508887,0.04999999700557578,-1.1647679141089898e-05,-7.803014169237854e-05,-7.403215059608925e-05,-0.0007220655679702759,-2.503975053969043e-07,-2.2537348180788245e-06,-3.875083708587031e-05,-0.0012669655704137493
732,0.09266127121876062,0.04997302830502265,0.04999999713789327,-1.1846062990772356e-05,-7.844586317839237e-05,-7.264617339071838e-05,-0.0007334639085456729,-2.431632708521647e-07,-2.1957077992273314e-06,-3.8831979332023254e-05,-0.0012845635607930093
733,0.092578795534353,0.04996816545530563,0.04999999729723242,-1.2045306632699501e-05,-7.891772535178358e-05,-7.133976931084016e-05,-0.0007446333183906972,-2.3454265374311944e-07,-2.139633278296674e-06,-3.891809499860026e-05,-0.0013023976397340156
734,0.09249672884118448,0.049962947301899555,0.04999999748078604,-1.224495800814235e-05,-7.943210449568177e-05,-7.011087311615197e-05,-0.0007555827032774687,-2.210619385323298e-07,-2.08549029403764e-06,-3.900921540780423e-05,-0.001320463788242329
735,0.09241518067460489,0.049957359260807604,0.04999999768513226,-1.2444792398173137e-05,-7.999108743531502e-05,-6.89585974330632e-05,-0.0007660951232537627,-2.0966312774817197e-07,-2.033272469996804e-06,-3.9105360490198584e-05,-0.0013387585049497322
736,0.0923342337006941,0.049951438222059774,0.049999997906323757,-1.2644640058801898e-05,-8.059522480039071e-05,-6.788061639413611e-05,-0.0007764956098981202,-2.015725470982943e-07,-1.9829747543708077e-06,-3.920653901750646e-05,-0.0013572793803941338
737,0.09225405394606266,0.04994518689135741,0.04999999813997441,-1.2844526385791684e-05,-8.12551317241512e-05,-6.68751648865592e-05,-0.000786611286457628,-1.9079804758348473e-07,-1.9345738588078673e-06,-3.931275125649136e-05,-0.001376024899243332
738,0.09217472826212836,0.0499386134911076,0.049999998381286825,-1.3044207455063654e-05,-8.196609268784176e-05,-6.59403310043902e-05,-0.0007964265532791615,-1.7841296084952774e-07,-1.8880530319241076e-06,-3.942398787326268e-05,-0.0013949939639619935
739,0.09209638072442372,0.04993171432642963,0.04999999862508691,-1.32435333882538e-05,-8.272959220210262e-05,-6.507429029232735e-05,-0.0008058428065851331,-1.670046998469843e-07,-1.84338790075916e-06,-3.9540228418085625e-05,-0.001414186156049351
740,0.09201912667722709,0.04992450898262833,0.04999999886591436,-1.3442399130125138e-05,-8.354449867176988e-05,-6.427507009285244e-05,-0.0008149467757903039,-1.5599719915826427e-07,-1.8005589135355032e-06,-3.966144164574932e-05,-0.0014336017508133029
741,0.09194309817109836,0.0499169975560045,0.04999999909810252,-1.3640700409973343e-05,-8.441180485818825e-05,-6.354080180146943e-05,-0.0008236775174736977,-1.4473040721441066e-07,-1.7595426581443685e-06,-3.9787586826923375e-05,-0.0014532417171739054
742,0.09186841440251538,0.04990918836491149,0.04999999931584913,-1.3838321373635916e-05,-8.532976586336225e-05,-6.286954457125468e-05,-0.0008320131455548108,-1.337205475238079e-07,-1.7203133430724885e-06,-3.991861307698854e-05,-0.0014731076604972252
743,0.0917952058347874,0.049901086544695605,0.04999999951330106,-1.4035186465239061e-05,-8.629803382158985e-05,-6.22595250770725e-05,-0.000839945103507489,-1.231682205116158e-07,-1.6828471478653266e-06,-4.005445968714806e-05,-0.001493201856242729
744,0.09172359483168503,0.04989269932881246,0.04999999968463928,-1.4231216261943242e-05,-8.731521473832502e-05,-6.170863508537153e-05,-0.0008474440546706319,-1.1275824363110587e-07,-1.647113419237307e-06,-4.0195055931923166e-05,-0.0015135271709965986
745,0.09165370671392636,0.049884032853834005,0.04999999982416585,-1.4426406933243755e-05,-8.837958016849235e-05,-6.121539881625558e-05,-0.0008544310112483799,-1.0210538192723106e-07,-1.6130829025571957e-06,-4.034032145131031e-05,-0.0015340865922719754
746,0.09158562806838327,0.049875094332420204,0.04999999992638088,-1.4620519682100982e-05,-8.948180719467333e-05,-6.077783628225246e-05,-0.0008609794895164669,-9.245479049013738e-08,-1.5807257155859613e-06,-4.0490166649237447e-05,-0.0015548837146279377
747,0.09151952412348635,0.04986588383915421,0.049999999986071186,-1.4813704381858019e-05,-9.062892457745929e-05,-6.039457351687328e-05,-0.0008670136448927224,-8.515061722391692e-08,-1.5500145516807777e-06,-4.064449205558083e-05,-0.0015759228428768954
748,0.09145548087915818,0.04985644128457866,0.04999999999838836,-1.5005874902044534e-05,-9.181339718753453e-05,-6.006367313971334e-05,-0.0008726610685698688,-7.606723073649846e-08,-1.5209172865378476e-06,-4.0803190381235484e-05,-0.0015972087267848664
749,0.09139364711369015,0.049846742967410235,0.04999999995891208,-1.5197079477911472e-05,-9.30386418918454e-05,-5.9783680090224086e-05,-0.0008777409675531089,-6.945645480982421e-08,-1.4933999391187537e-06,-4.0966145955874245e-05,-0.0016187468329845476
750,0.09133412674253275,0.049836831042705004,0.049999999863710606,-1.5387390753905446e-05,-9.430209476972724e-05,-5.955287500971009e-05,-0.000882372201886028,-6.269156216376359e-08,-1.4674298905247398e-06,-4.113323393148153e-05,-0.001640543079938655
751,0.09127702983389821,0.04982670969938974,0.049999999709387066,-1.557691283122879e-05,-9.560328158799448e-05,-5.936985424090549e-05,-0.0008864296833053231,-5.5392412434684957e-08,-1.4429779593665668e-06,-4.1304322368413115e-05,-0.0016626032272427382
752,0.09122240577736275,0.049816393085866384,0.04999999949313436,-1.576551085560938e-05,-9.693023389799296e-05,-5.923312621582206e-05,-0.0008898784290067852,-4.85774016567575e-08,-1.4200087466848477e-06,-4.1479271742873186e-05,-0.0016849324614149224
753,0.09117033284390018,0.04980588206204802,0.049999999212792946,-1.595316728848966e-05,-9.827651394823845e-05,-5.914179198052231e-05,-0.0008927008020691574,-4.394948760477746e-08,-1.3984965031762707e-06,-4.165793428377056e-05,-0.001707535886531749
754,0.0911208860545827,0.04979521451669314,0.049999998866884776,-1.6139917218517178e-05,-9.963906272153253e-05,-5.909424672461358e-05,-0.0008950248593464494,-3.9826897335615286e-08,-1.3784018559052689e-06,-4.184015447389223e-05,-0.0017304188032608307
755,0.0910741629861189,0.04978441391890426,0.0499999984546186,-1.632592131731465e-05,-0.00010101711389532546,-5.908951791902692e-05,-0.000896824523806572,-3.598847442276565e-08,-1.3596996096067513e-06,-4.202577072993463e-05,-0.0017535866330903715
756,0.09103022731308678,0.049773496941150415,0.04999999797589238,-1.6511235654058172e-05,-0.00010240740675738667,-5.912625090234744e-05,-0.0008980684797279537,-3.255336977758816e-08,-1.3423509688850258e-06,-4.221461544608428e-05,-0.0017770447017302277
757,0.09098914235906955,0.04976248665042491,0.04999999743130349,-1.669597507576199e-05,-0.00010380641547717059,-5.9203557639591745e-05,-0.000898731523193419,-2.9691776148865756e-08,-1.3263310054451214e-06,-4.240651488931248e-05,-0.001800797850548415
758,0.09095093590419316,0.0497514071573144,0.04999999682214751,-1.6880128672608868e-05,-0.00010520518559344219,-5.932033823185664e-05,-0.0008988076006062329,-2.718733149720265e-08,-1.311602962526956e-06,-4.26012896662611e-05,-0.0018248504294917371
759,0.09091565929596827,0.04974027391932259,0.04999999615041312,-1.7063808826203095e-05,-0.00010660098350170812,-5.947609693133396e-05,-0.0008982612635008991,-2.583869296302055e-08,-1.2981561229404154e-06,-4.279875447432597e-05,-0.001849206109010741
760,0.09088332329689,0.049729129027607524,0.049999995418761684,-1.724692629578224e-05,-0.00010798243305497812,-5.966968141336871e-05,-0.0008973082876764238,-2.5254610847014192e-08,-1.2859441634611095e-06,-4.299871892053453e-05,-0.0018738689239862776
761,0.09085405268861763,0.04971798814806225,0.049999994630438735,-1.7429944991195926e-05,-0.00010936536258274956,-5.990057045767727e-05,-0.0008958756225183606,-2.5787704416302404e-08,-1.2749418739147926e-06,-4.320098771803593e-05,-0.0018988435084828356
762,0.09082784468819742,0.04970693725016715,0.04999999378918459,-1.7612999815954397e-05,-0.00011074245143493721,-6.016740202369989e-05,-0.0008940139668993652,-2.3221312872578892e-08,-1.2651171521213192e-06,-4.3405362799414495e-05,-0.0019241337575366575
763,0.09080472605065315,0.04969592656890734,0.04999999289924223,-1.7796159691129705e-05,-0.000112108588299512,-6.047010262789164e-05,-0.0008914735517464578,-2.403339571799279e-08,-1.2564552471665861e-06,-4.361164305323627e-05,-0.001949742550532609
764,0.09078466753524095,0.049685010467009315,0.04999999196538292,-1.7979330085357453e-05,-0.00011345227223647518,-6.0807590360421535e-05,-0.0008884683484211564,-2.508993546257443e-08,-1.2489019368418892e-06,-4.381962147572643e-05,-0.001975672324970745
765,0.09076771259105043,0.04967422852522574,0.04999999099277703,-1.816292023496011e-05,-0.00011477810751653469,-6.117681618407281e-05,-0.000884933047927916,-2.5207723908238222e-08,-1.2424479110419197e-06,-4.402908759471337e-05,-0.0020019246517174872
766,0.09075381364850561,0.049664131972562066,0.04999998998693869,-1.834699319695522e-05,-0.00011607402345407892,-6.157008935575135e-05,-0.0008808891288936138,-2.561193035433007e-08,-1.2305817624529511e-06,-4.42391450289624e-05,-0.0020285011796798255
767,0.09074312950420522,0.049657133051125846,0.049999988948852186,-1.8532090009256533e-05,-0.0001173542454144766,-6.200349939826614e-05,-0.0008762775105424225,-3.1205306783022024e-08,-1.2226385872224252e-06,-4.4449300777816276e-05,-0.0020554030957313832
768,0.09073562307882996,0.04965070307621938,0.04999998788379234,-1.871709423505371e-05,-0.00011860166836304897,-6.247822318681081e-05,-0.0008706489461474121,-3.299236084330914e-08,-1.2169514122427756e-06,-4.4659490690532464e-05,-0.002082629685407054
769,0.09073110595974969,0.049644000670129806,0.04999998680011917,-1.8901973327551966e-05,-0.00011978534434943286,-6.299773214831449e-05,-0.0008645395864732563,-3.447723173621853e-08,-1.22052363568428e-06,-4.48702855138689e-05,-0.002110176081994439
770,0.09072933238566748,0.04963387017748718,0.049999985711121187,-1.9086320773279764e-05,-0.000120871945438244,-6.354854246669257e-05,-0.0008581668371334672,-3.343904708685841e-08,-1.2225428738213227e-06,-4.508181492928942e-05,-0.00213803585742801
771,0.09073028897249535,0.04962381876213909,0.049999984625559664,-1.9271574501523504e-05,-0.00012187304737319862,-6.412774046019014e-05,-0.0008520208648405969,-3.318889341130671e-08,-1.2261638694058418e-06,-4.529317879803783e-05,-0.0021662041953492573
772,0.09073412380721113,0.04961572636030104,0.049999983547869886,-1.945811518003303e-05,-0.0001228132434210513,-6.473624422637752e-05,-0.0008456470677629113,-3.5052661218060166e-08,-1.2269271000601526e-06,-4.550479275558864e-05,-0.002194675812498812
773,0.09074094460027268,0.049609802371092894,0.049999982481515416,-1.9646215724246224e-05,-0.00012371115740043612,-6.537667235527687e-05,-0.0008384655229747295,-3.965711670161909e-08,-1.2183017715213772e-06,-4.571544532056512e-05,-0.0022234478517122822
774,0.0907506046944481,0.04960628334887861,0.04999998143058726,-1.9835338401643952e-05,-0.00012453545925286704,-6.605143236590471e-05,-0.0008305684896185994,-4.446360080123668e-08,-1.2180107494625814e-06,-4.592469875092114e-05,-0.0022525131702088633
775,0.09076301072688146,0.04960314019922203,0.04999998040139781,-2.002492578338113e-05,-0.00012526651468663022,-6.676112628572066e-05,-0.0008220155723392963,-5.123565216536008e-08,-1.2192219976513173e-06,-4.613261672474977e-05,-0.0022818623182177564
776,0.09077803925132273,0.0496003795178062,0.04999997940117848,-2.0215208177731196e-05,-0.0001258944573797581,-6.750661807759112e-05,-0.0008131982758641243,-5.246786471957421e-08,-1.2318151504821124e-06,-4.6339044064097204e-05,-0.0023114843893124013
777,0.09079556061616088,0.04959475225815077,0.049999978437958656,-2.0405506208288495e-05,-0.00012639692104265024,-6.828527058780778e-05,-0.0008041206747293472,-5.412044856711873e-08,-1.2394741685066435e-06,-4.654446785627305e-05,-0.0023413661217540445
778,0.09081551058217209,0.04958829085689104,0.04999997752064706,-2.059662867430084e-05,-0.00012677879603673804,-6.909578928079624e-05,-0.0007950378931127489,-5.641526357180737e-08,-1.2373674328185057e-06,-4.6748992306558504e-05,-0.002371493795694289
779,0.09083791950455872,0.04958669813262048,0.049999976650900835,-2.0789432731984072e-05,-0.00012705446520130736,-6.993948299325914e-05,-0.0007859575562179089,-5.660205104618399e-08,-1.2417310173894855e-06,-4.6950865649020994e-05,-0.0024018572206597026
780,0.09086283272046858,0.04958548989463866,0.04999997583121449,-2.0983138882546064e-05,-0.00012722994336355326,-7.081780262291398e-05,-0.0007761312299408019,-6.323923429363276e-08,-1.2475283834274457e-06,-4.715042957970146e-05,-0.002432442867859715
781,0.09089007810120697,0.04958457206179229,0.049999975066247815,-2.1177695363713866e-05,-0.00012728495521107544,-7.180084803955993e-05,-0.000765887089073658,-6.930719109732308e-08,-1.3295869232755828e-06,-4.7350125602896043e-05,-0.002463220088039309
782,0.09092050730246479,0.049584178181553515,0.04999997436598871,-2.1345808057093033e-05,-0.0001269434749663334,-7.280046816331998e-05,-0.0007795721758157015,-3.0055396109673893e-06,-1.4131963195374756e-06,-4.7551999193332084e-05,-0.002494371693930784
783,0.09096686975377677,0.049586182631812525,0.0499999737161527,-2.157711363712533e-05,-0.0001299052444342201,-7.375629813625282e-05,-0.0008071791380643845,-2.569690650489065e-06,-1.3739056257067207e-06,-4.775207475265551e-05,-0.0025262480412645595
784,0.09102093564749196,0.0495973278580819,0.0499999730649672,-2.1890179076286676e-05,-0.00013513834654538072,-7.466747791951845e-05,-0.0007990239537321031,-2.1449309315357823e-06,-1.3557596717925886e-06,-4.794770535344278e-05,-0.0025588333293609018
785,0.0910683647494957,0.049598320363801546,0.04999997240161459,-2.2164933997652873e-05,-0.00013785569527355549,-7.5601081568917e-05,-0.0007512522861361504,-3.675934976854478e-06,-1.344583013276762e-06,-4.813963749538607e-05,-0.00259179996791797
786,0.09110889155732727,0.04958981119086261,0.04999997177594977,-2.238439274844419e-05,-0.00013781571023143154,-7.665904899794982e-05,-0.0007098562782630324,-3.568286047084257e-06,-1.3389557157107676e-06,-4.8327311649958397e-05,-0.00262487015485403
787,0.09114390341622064,0.04959008597661329,0.049999971231754446,-2.257564349482033e-05,-0.00013596098678504657,-7.775809644491784e-05,-0.000696227652952075,-9.389781752133786e-08,-1.3395241210705727e-06,-4.851033951850399e-05,-0.00265791869152306
788,0.0911808821830811,0.04959125066073963,0.04999997078302254,-2.276487773011335e-05,-0.0001339146506858291,-7.889903107946702e-05,-0.000684788916260004,-8.555542052590681e-08,-1.344510258632882e-06,-4.868886652058591e-05,-0.002690915281363679
789,0.09121962680173111,0.0495924400122469,0.04999997043194587,-2.295212425732889e-05,-0.00013168889527460426,-8.008682230241813e-05,-0.0006734537892043591,-9.178804560860954e-08,-1.3525658357220586e-06,-4.886294408330283e-05,-0.0027238392502062286
790,0.09126056410884446,0.04959416389293683,0.04999997017799162,-2.3140934840470834e-05,-0.00012944157302817382,-8.132353023135819e-05,-0.0006619243649765849,-1.1034762081862937e-07,-1.3628224124769802e-06,-4.903252060696445e-05,-0.0027566822346774523
791,0.0913036993051688,0.04959675168485728,0.04999997001736022,-2.3332501356645313e-05,-0.00012720635653108248,-8.261093559633757e-05,-0.0006502488977275789,-1.1449306214217359e-07,-1.3749788493805274e-06,-4.919751745617216e-05,-0.0027894316063868095
792,0.09134850314666897,0.04959974996270275,0.049999969945939575,-2.352474798414954e-05,-0.00012488815627038417,-8.394925502084989e-05,-0.0006385221495293081,-1.1960985091263865e-07,-1.3887338752270414e-06,-4.935786295078089e-05,-0.0028220672573023874
793,0.09139486615737719,0.0496031243809583,0.04999996996011738,-2.371743766322469e-05,-0.000122479239362769,-8.532349782226153e-05,-0.0006266382406465709,-1.2526174941740464e-07,-1.3882724733861338e-06,-4.95127424703136e-05,-0.0028545716949806626
794,0.09144246319468938,0.049606907016601885,0.04999997005460815,-2.3917192677264346e-05,-0.00012003959034634918,-8.675587894214963e-05,-0.0006108271772973239,-4.285491286282195e-07,-1.3932499645972949e-06,-4.966135312426199e-05,-0.002886870246050782
795,0.09148823098724466,0.04961051299131434,0.04999997022975266,-2.410163795522437e-05,-0.00011669825864945428,-8.824168007536698e-05,-0.0005932553904131055,-5.444420594358235e-07,-1.4007964164403967e-06,-4.980366952574771e-05,-0.002918842334195761
796,0.09153326888871673,0.04961242341904034,0.049999970492950616,-2.4273894336543552e-05,-0.00011273728944722559,-8.981003924749812e-05,-0.0005760478670708835,-7.241512207656342e-07,-1.4145721414996247e-06,-4.9939382299607137e-05,-0.0029503768756951824
797,0.09157647450933855,0.0496167448678518,0.049999970849500135,-2.4435317960061877e-05,-0.00010809783099915461,-9.148419408795015e-05,-0.0005606851191259921,-5.137760012985382e-07,-1.4395230282201418e-06,-5.0069555680484304e-05,-0.0029813468943461563
798,0.09161917515376192,0.049619834716127326,0.04999997130383707,-2.456534195388409e-05,-0.00010273234276049676,-9.322489718226629e-05,-0.000550714903511107,-5.65319510315021e-07,-1.4657275010695549e-06,-5.0195323635290004e-05,-0.00301176872311685
799,0.09166851095515038,0.049624100219102185,0.04999997184531269,-2.4718834274007167e-05,-9.866828936912751e-05,-9.504313537222963e-05,-0.0005469824536703527,-5.514045255949895e-07,-1.4923713406008228e-06,-5.031616054463769e-05,-0.003041791929804199
800,0.09172204603136712,0.04963450131382441,0.049999972443196275,-2.489885475475581e-05,-9.55362933017135e-05,-9.686847985802153e-05,-0.000542149820830673,-3.7547997067122196e-07,-1.5197135267618724e-06,-5.04319585782589e-05,-0.003071522707533189
801,0.0917800608153042,0.049640882489776855,0.04999997307145351,-2.509395004095327e-05,-9.304721320920351e-05,-9.876083278831556e-05,-0.0005307020037434995,-2.0545063250665407e-07,-1.5468343211649788e-06,-5.0542671388748076e-05,-0.0031009858738202025
802,0.09183839061583404,0.049647171043360847,0.04999997371935692,-2.5287369592917906e-05,-9.040720848983328e-05,-0.00010072438564175053,-0.0005182737368158996,-2.3800600956747076e-07,-1.5736633221059827e-06,-5.064800406480736e-05,-0.0031301435037353813
803,0.09189696268316755,0.04965386976966909,0.049999974383129114,-2.5478349330461902e-05,-8.76103428609406e-05,-0.00010275845754172748,-0.0005058315582573414,-2.3425710082847218e-07,-1.6003871639534185e-06,-5.074769616377098e-05,-0.0031589539654959115
804,0.09195568870570306,0.04966094742951033,0.04999997505964743,-2.5665762763579284e-05,-8.463997323027262e-05,-0.00010486810021690407,-0.0004935230826959014,-2.4115635710586503e-07,-1.627178758096015e-06,-5.0841537518841696e-05,-0.0031873710088802273
805,0.09201440243065617,0.049670099286511976,0.049999975746474995,-2.5848560445129494e-05,-8.148471288648747e-05,-0.00010705885279219774,-0.0004813224950339645,-2.5031667405528424e-07,-1.6544260927409867e-06,-5.092883546058497e-05,-0.003215346086867972
806,0.09207318173994225,0.04968320767313154,0.0499999764364651,-2.602710279894061e-05,-7.818285224715798e-05,-0.0001093334136037671,-0.00046913998085074127,-2.714303377615579e-07,-1.681036007710325e-06,-5.100969770690298e-05,-0.003242836817571307
807,0.09213194856250151,0.049695738252638816,0.049999977128413337,-2.6201082594382656e-05,-7.475670897089413e-05,-0.000111692058693794,-0.0004571570025291294,-2.9852728289370134e-07,-1.707726574581941e-06,-5.1084258679756286e-05,-0.0032698003068824077
808,0.09219056655335747,0.049701789700943855,0.04999997782345628,-2.6370484554566352e-05,-7.12259315360866e-05,-0.00011414856346636835,-0.0004457553441170603,-3.212687431641825e-07,-1.7373011463887168e-06,-5.115225491318464e-05,-0.0032961896110950575
809,0.09224879986595504,0.049708142393886434,0.04999997851936986,-2.653501927979707e-05,-6.75828533873619e-05,-0.00011670469307630036,-0.0004350805247668177,-3.318745882552321e-07,-1.767427550533981e-06,-5.121367295770356e-05,-0.003321959137079126
810,0.09230667568687634,0.049714822587494906,0.04999997921181865,-2.6694468599220146e-05,-6.385796849714859e-05,-0.00011936570950354181,-0.000424887373810634,-3.5246731044935586e-07,-1.7982375339686773e-06,-5.1268379878093565e-05,-0.0033470628839404764
811,0.09236404905597796,0.04972191937102429,0.04999997989678907,-2.6848297750269198e-05,-6.006049406201133e-05,-0.00012213773365387436,-0.00041531072929501534,-3.757887725441833e-07,-1.8298396741227602e-06,-5.1316258375209826e-05,-0.003371454071358665
812,0.09242082704378882,0.04972942630454297,0.04999998057042776,-2.69962556833929e-05,-5.62105775361509e-05,-0.00012502841659801017,-0.0004063493979629129,-4.1106588355432905e-07,-1.862329796384773e-06,-5.135720129754996e-05,-0.003395085753607532
813,0.09247687010575487,0.04973728964936858,0.049999981228925315,-2.7138037098751226e-05,-5.232436338746057e-05,-0.00012804580593659917,-0.00039810180896893144,-4.4550921529662446e-07,-1.895812194584316e-06,-5.139110947347637e-05,-0.0034179106036351377
814,0.09253205071414887,0.04974543707355086,0.049999981868515536,-2.7273339126547327e-05,-4.8421325097180177e-05,-0.00013119779639406468,-0.00039069014019332826,-4.831909450331295e-07,-1.9303769913794977e-06,-5.1417892423426653e-05,-0.003439881177654998
815,0.09258624465431237,0.04975380171675515,0.04999998248547623,-2.7401884932352017e-05,-4.452164099339732e-05,-0.00013449315715731457,-0.00038424701779149473,-5.23902315308078e-07,-1.9661221400035486e-06,-5.1437467679493984e-05,-0.0034609499236616472
816,0.09263931974687153,0.04976232073369607,0.0499999830761395,-2.752334142695718e-05,-4.064633860882865e-05,-0.00013794100649228676,-0.00037889668601565063,-5.683395443156769e-07,-2.00314260465766e-06,-5.1449760721602235e-05,-0.003481069126681474
817,0.0926911389993904,0.04977093992317312,0.049999983636916004,-2.7637349373402174e-05,-3.681674004908948e-05,-0.00014155080104365258,-0.00037477209116332233,-6.171841846480675e-07,-2.041684635925979e-06,-5.145471014989368e-05,-0.003500190871747385
818,0.09274157107742802,0.04977960689146498,0.049999984164288726,-2.7743508408747687e-05,-3.3055222250206975e-05,-0.00014533243792823312,-0.0003720445965882391,-6.686992719551199e-07,-2.0815386106267247e-06,-5.1452255958531715e-05,-0.003518267675800442
819,0.09279049136210427,0.04978827937441495,0.04999998465475345,-2.784167625459771e-05,-2.938908738231588e-05,-0.00014929629686192075,-0.00037086743395775557,-7.275273219420342e-07,-2.1229600968180622e-06,-5.1442337203597225e-05,-0.0035352519820223624
820,0.09283773770074259,0.04979691445338511,0.049999985104833576,-2.7931306537854423e-05,-2.5838819786008197e-05,-0.00015345318812564083,-0.00037138580228202045,-7.895486646702921e-07,-2.1660347318694615e-06,-5.142490649779564e-05,-0.0035510956428509996
821,0.09288317453734363,0.04980543094798212,0.04999998551112584,-2.8011945392525454e-05,-2.2430406863529657e-05,-0.0001577952182860547,-0.00037385456380434334,-8.610986697021872e-07,-2.217968812491626e-06,-5.1400423087647764e-05,-0.0035657520548199326
822,0.0929267681512305,0.0498056983422763,0.049999985872476484,-2.8082631708521718e-05,-1.919700320462009e-05,-0.00016235239144298127,-0.0003784463624469936,-9.303830665885471e-07,-2.269132352278237e-06,-5.136882962796474e-05,-0.0035791735954366455
823,0.0929682176809909,0.04980444708405171,0.04999998618835599,-2.8144020403891403e-05,-1.6159833766310942e-05,-0.00016713508276845944,-0.0003853553207591176,-9.736545507621486e-07,-2.3211966813749858e-06,-5.133051249032414e-05,-0.003591313917596408
824,0.09300748288976733,0.04980356004527029,0.04999998645301565,-2.8195466279937547e-05,-1.3350316328643305e-05,-0.0001721709478564794,-0.0003946855722460896,-1.0362541615904775e-06,-2.3672528923405267e-06,-5.128465899595428e-05,-0.0036021250430059203
825,0.09304439106467736,0.04980999325200657,0.04999998665893673,-2.823693741144952e-05,-1.0798499290756005e-05,-0.00017746099548118094,-0.0004065147659275681,-1.1180676438016235e-06,-2.4178160915059078e-06,-5.123129950467272e-05,-0.0036115628181953
826,0.09307893550042717,0.04982004652310923,0.04999998679904105,-2.826703955892667e-05,-8.53816974800546e-06,-0.00018299218085888062,-0.00042119668796658516,-1.2363182122498984e-06,-2.4758259626386646e-06,-5.1170251756421435e-05,-0.0036195839489930916
827,0.09311111829366187,0.04982270550557735,0.049999986871442,-2.8284836427077667e-05,-6.6071677701458834e-06,-0.00018879217326154757,-0.000439047027612105,-1.350179559267417e-06,-2.5335722261943153e-06,-5.110158842664415e-05,-0.0036261461089174083
828,0.0931406419294385,0.04982143502206123,0.04999998687484605,-2.8290465464637105e-05,-5.03187787162938e-06,-0.00019488769570225484,-0.0004600460233632475,-1.4095620599618996e-06,-2.594254304081917e-06,-5.1025877049070976e-05,-0.0036312093906367207
829,0.09316737228370053,0.04982168993116382,0.04999998680438531,-2.8283580129249706e-05,-3.84518406241569e-06,-0.00020129925407050273,-0.0004841480404138565,-1.463467015128117e-06,-2.649595389154965e-06,-5.094228303355799e-05,-0.0036347306972963596
830,0.0931912720546681,0.049828976780821724,0.04999998664879044,-2.826377820016603e-05,-3.083646816011678e-06,-0.0002079827777344757,-0.0005114872474223375,-1.5456715800610255e-06,-2.716773388581397e-06,-5.085109566070876e-05,-0.0036366771827626545
831,0.09321265215261475,0.04982585755491842,0.049999986405449226,-2.8229649166338062e-05,-2.785846158219962e-06,-0.00021499283261452686,-0.0005425298004411161,-1.6572923868807266e-06,-2.784452259296634e-06,-5.0752572849093707e-05,-0.00363701744922934
832,0.09323107725534202,0.049823734300255086,0.04999998606936706,-2.8181704472829694e-05,-2.980839989704729e-06,-0.00022233347367122612,-0.0005767682450823486,-1.6867096519490588e-06,-2.854512196843371e-06,-5.064609095190885e-05,-0.00363571587374854
833,0.09324662714864944,0.04982457014747716,0.049999985628373544,-2.811853625441632e-05,-3.702830857702299e-06,-0.00022997775584759716,-0.0006144411745481193,-1.7563860410518828e-06,-2.9246513541459472e-06,-5.053233450929549e-05,-0.003632751416273106
834,0.0932595716709832,0.04981762449804825,0.049999985077079895,-2.8039994105702444e-05,-4.981458515368828e-06,-0.0002379822590089147,-0.000655576994176954,-1.8175962850364158e-06,-2.9956120878095273e-06,-5.041057411123626e-05,-0.003628097285952809
835,0.09326956161627538,0.049817600686186625,0.049999984404103616,-2.794585472441576e-05,-6.850399923667117e-06,-0.00024627923805463353,-0.000699509575497359,-1.8297023416380398e-06,-3.0775609951873256e-06,-5.028137576112171e-05,-0.0036217400482876486
836,0.09327718133907084,0.04980664341737279,0.049999983600080594,-2.7834666535470624e-05,-9.327123389061298e-06,-0.00025490934091148773,-0.0007471615099348128,-1.9071818542215624e-06,-3.1605394142599973e-06,-5.014454560593819e-05,-0.0036136678648654476
837,0.09328219472573435,0.04979302463280344,0.049999982656577936,-2.7707444418556884e-05,-1.2435649503400492e-05,-0.00026386962661195245,-0.000797066546510905,-1.8708157085711719e-06,-3.2465072912722805e-06,-5.0000152462368904e-05,-0.003603875431123008
838,0.09328474554445253,0.049779061556710955,0.049999981560921385,-2.756298021778662e-05,-1.6198334984365282e-05,-0.00027315725095545124,-0.0008496506488882005,-1.8854819927582867e-06,-3.3348709777924846e-06,-4.9847578423989653e-05,-0.0035923583959643957
839,0.09328498788438486,0.04976713110475006,0.04999998029540614,-2.7401332161496605e-05,-2.062501511939286e-05,-0.0002827456628706379,-0.0009046364575624466,-1.88522085409204e-06,-3.424089814087885e-06,-4.9687064269548566e-05,-0.003579127370324386
840,0.09328318685618403,0.04975182351741897,0.04999997884774751,-2.7221921608815463e-05,-2.571779436917237e-05,-0.0002926011925324988,-0.0009621165809221566,-1.8922781919172849e-06,-3.5159467677875878e-06,-4.951878495282465e-05,-0.003564199872310426
841,0.09327963315453061,0.04972393124070301,0.04999997720886663,-2.7024909079466724e-05,-3.146375159751705e-05,-0.0003027407506138689,-0.0010216651717200875,-1.8619736010805354e-06,-3.6124332638036475e-06,-4.934249718790311e-05,-0.0035475963997599253
842,0.09327427300953257,0.04969106246406015,0.049999975366429424,-2.681083821444147e-05,-3.7863663689282656e-05,-0.00031317677341016954,-0.001082138391211629,-1.7881706071420922e-06,-3.7090590173801425e-06,-4.915783573004155e-05,-0.0035293435336414473
843,0.09326712721504922,0.04966601426037506,0.0499999733009062,-2.6579670888927804e-05,-4.4915375493049e-05,-0.00032380694268750737,-0.0011433932231739163,-1.7383225667799707e-06,-3.810881306171468e-06,-4.8965056905536296e-05,-0.0035094836545482284
844,0.09325905215257194,0.04962244432606702,0.049999970999948615,-2.633130091618325e-05,-5.2544853510740264e-05,-0.0003346966879746228,-0.0012062530731782317,-1.7040434840964735e-06,-3.9130334686346804e-06,-4.876358019969973e-05,-0.0034880595294405504
845,0.09324952909659383,0.049587583576313245,0.04999996844900528,-2.6067245733986514e-05,-6.0755978994479475e-05,-0.00034573086268574623,-0.001268173335120082,-1.5833635416129255e-06,-4.01791931330661e-06,-4.8553732564995096e-05,-0.003465130493615896
846,0.09323953028287528,0.049532102291241754,0.049999965636664256,-2.5786574733594724e-05,-6.945698948818152e-05,-0.00035695575975109244,-0.0013311323709785938,-1.549243506815401e-06,-4.123270156712756e-06,-4.8334923303618675e-05,-0.003440755803661915
847,0.09322866987208313,0.049478445499359036,0.04999996255313187,-2.5492051214970788e-05,-7.860561081575993e-05,-0.00036831416846552496,-0.0013916348107159138,-1.3976068657939322e-06,-4.228632307644413e-06,-4.810741206171668e-05,-0.003415012007809049
848,0.09321737784395184,0.04942388091114365,0.04999995918040922,-2.518283945723253e-05,-8.813822508494545e-05,-0.0003797680454850828,-0.0014512185007333755,-1.334449166279228e-06,-4.334363138581148e-06,-4.787062456593676e-05,-0.0033879752127151477
849,0.0932060154253972,0.0493644237047085,0.04999995551009457,-2.4860834135925143e-05,-9.793523677142074e-05,-0.00039127310879488644,-0.0015084597980603576,-1.2198206604807638e-06,-4.4397028883080645e-06,-4.762452761732303e-05,-0.0033597367002756798
850,0.09319488829955433,0.04929571532582808,0.04999995153887709,-2.4526718743537216e-05,-0.00010790024067297815,-0.0004028020840316027,-0.0015629623085260391,-1.1119932423753198e-06,-4.543567048107525e-06,-4.736919213073349e-05,-0.0033303950076244253
851,0.09318411771867807,0.049222895460307524,0.04999994726099773,-2.4181952480968667e-05,-0.00011792999996884837,-0.0004143127197919575,-0.0016137540806084871,-1.0026401469076518e-06,-4.645716977164986e-06,-4.7104384983428825e-05,-0.003300052276244185
852,0.09317396182141621,0.04914688996869886,0.04999994267288291,-2.3827633250887573e-05,-0.00012790782654766508,-0.00042576129447919177,-0.0016603900585323572,-9.076198921320611e-07,-4.745637579980786e-06,-4.683000013335779e-05,-0.0032688183365087234
853,0.09316468042747134,0.04906881950946494,0.04999993777373366,-2.3465053694211234e-05,-0.00013770648211192945,-0.0004371106383594974,-0.0017023455584421754,-8.147652010848105e-07,-4.842877926583425e-06,-4.65459493720076e-05,-0.003236808560044753
854,0.09315636895684101,0.04899579612386233,0.049999932560513514,-2.3095446691188167e-05,-0.00014721206416170595,-0.0004483060439124612,-0.0017391507280990481,-7.326295872189803e-07,-4.937795710534449e-06,-4.6251956249765605e-05,-0.003204141369017332
855,0.09314941543613481,0.04892326650748774,0.0499999270401494,-2.2719802890695633e-05,-0.0001562844178231657,-0.0004592986118501388,-0.0017709078965708613,-6.604295776924118e-07,-5.029404724698265e-06,-4.5948162797300754e-05,-0.003170942162545525
856,0.09314414207055562,0.04884585102771796,0.049999921229543894,-2.2339451210478225e-05,-0.00016478758946170106,-0.0004700520285150728,-0.0017971331253647804,-5.888502414563845e-07,-5.116430549847418e-06,-4.56348633986604e-05,-0.003137339007403313
857,0.09314051233011211,0.048770641616355824,0.04999991514161083,-2.195590790886746e-05,-0.00017262379298245875,-0.0004805208569233696,-0.001817589974962175,-5.323918230715208e-07,-5.198934364013144e-06,-4.531200889125876e-05,-0.0031034575795313535
858,0.09313864273587869,0.04869866180527288,0.049999908793299006,-2.1570181227287502e-05,-0.00017969859174469965,-0.0004906641106647141,-0.0018324394477531314,-4.866690801463847e-07,-5.276522652536701e-06,-4.4979751892504304e-05,-0.003069422943517192
859,0.09313859307844474,0.04863075030952017,0.049999902206055255,-2.1183116181101015e-05,-0.00018593640397848642,-0.0005004404573576701,-0.0018417027313262224,-4.522269136941759e-07,-5.349368249853409e-06,-4.4638260787527676e-05,-0.0030353587976446592
860,0.09314046242375973,0.048567704012076184,0.04999989540572885,-2.079589291553317e-05,-0.00019125306398988843,-0.0005098112074809557,-0.0018457508413121104,-4.3569480112637393e-07,-5.417146383185255e-06,-4.4287751056175075e-05,-0.0030013880913393478
861,0.09314430775661882,0.048510201794299275,0.04999988842210052,-2.0409982405123634e-05,-0.0001955759444525022,-0.0005187399320444702,-0.0018443095032125711,-4.130442619043606e-07,-5.479301895074552e-06,-4.392850653174554e-05,-0.0029676304502078924
862,0.09315009293928801,0.04845842816647871,0.049999881288900344,-2.0026149917608016e-05,-0.00019888097528475437,-0.0005272045125858028,-0.001838026917539537,-3.8902177834643226e-07,-5.535834813939795e-06,-4.3560867023525406e-05,-0.0029341988755957503
863,0.09315773914064607,0.048413973584652506,0.0499998740446697,-1.964489670237574e-05,-0.0002011673831968055,-0.0005351816075622006,-0.0018274954054504633,-3.799968624207395e-07,-5.5859388853590646e-06,-4.3185818743005685e-05,-0.0029012002720898975
864,0.09316783116817905,0.04836434006030056,0.04999986674430484,-1.9266875622761837e-05,-0.00020238514850086042,-0.0005426516067430267,-0.001813130103982985,-3.706976769990433e-07,-5.628113750333782e-06,-4.280323020303872e-05,-0.0028687339721412547
865,0.09317954974327365,0.04832403966462586,0.04999985944203786,-1.8894466193370385e-05,-0.00020257953230488508,-0.0005495807070598305,-0.001794133917428553,-3.67970017123298e-07,-5.664639714176593e-06,-4.241329148486918e-05,-0.0028368930315187282
866,0.09319198896442432,0.04830572508317953,0.04999985216522879,-1.852819042241122e-05,-0.00020185045138149203,-0.0005559480540233458,-0.00177172408439219,-3.8924704881537764e-07,-5.696705406264265e-06,-4.201712091451391e-05,-0.0028057620496261385
867,0.0932054984975847,0.04830128351131513,0.04999984493248841,-1.8168121205523743e-05,-0.00020019384657008136,-0.0005617686171658522,-0.001746732392348349,-3.989917729541048e-07,-5.72363011159e-06,-4.161514516432797e-05,-0.0027754208378928144
868,0.09322159761403277,0.04828552178414012,0.049999837831528886,-1.781386791374799e-05,-0.000197559427269209,-0.0005670176516286662,-0.001718786545097828,-3.782757289627625e-07,-5.740316823972414e-06,-4.120783905727295e-05,-0.0027459403968241626
869,0.09323856287007991,0.04827610158885776,0.049999830925323174,-1.7468094647656845e-05,-0.0001941018249638179,-0.0005716871854056053,-0.0016879849135875702,-3.796225769292505e-07,-5.749962174999147e-06,-4.079594329253449e-05,-0.0027173796523715715
870,0.09325615669855808,0.048272362988101176,0.04999982425531267,-1.7130611506769497e-05,-0.0001899113684154397,-0.0005757471725845467,-0.0016559185460209846,-3.954170608722052e-07,-5.754026757536391e-06,-4.0379213334722007e-05,-0.0026897933512994424
871,0.09327312862639775,0.048283455708291484,0.04999981784361017,-1.6803323431218607e-05,-0.00018508820394425526,-0.0005792559189123505,-0.0016211438924074173,-4.257580883404444e-07,-5.753041445141853e-06,-3.995971686597512e-05,-0.0026632203303947888
872,0.0932916532412296,0.0482892498315052,0.04999981173725161,-1.6483763302112524e-05,-0.00017960084499179694,-0.0005821854721400764,-0.0015854040393605828,-4.1993808963525225e-07,-5.7429474936433045e-06,-3.9536704777207015e-05,-0.002637705255492654
873,0.09331019880300016,0.0482987452485647,0.049999806001487235,-1.617474248765946e-05,-0.00017357438874952223,-0.0005845391609591264,-0.0015473923413082957,-4.2794550836333656e-07,-5.726054431846642e-06,-3.91111701172697e-05,-0.0026132747906810897
874,0.09332849755085916,0.048311388319976875,0.04999980067102487,-1.587571402431621e-05,-0.00016711445163858425,-0.0005863274532826123,-0.0015091286040842533,-4.3683257899829186e-07,-5.702544131086707e-06,-3.868359145715957e-05,-0.0025899500190911997
875,0.09334634122608879,0.04832661462815818,0.04999979577917576,-1.5587328909987572e-05,-0.00016028747443286198,-0.0005875589794864191,-0.001469594077207148,-4.5083626787345565e-07,-5.672526626977167e-06,-3.825443117777628e-05,-0.0025677457498687623
876,0.09336350823839805,0.048343961774849946,0.049999791356042156,-1.5309629751357258e-05,-0.0001531717717508135,-0.0005882450376058905,-0.0014291343977674842,-4.6382552909562946e-07,-5.6361486738020055e-06,-3.782413437995715e-05,-0.0025466697181092536
877,0.09337978240239445,0.04836304371616734,0.04999978742921426,-1.5042671052074142e-05,-0.0001458418899977974,-0.0005883976380177918,-0.0013880202313885093,-4.7569935190949764e-07,-5.593552426243923e-06,-3.7393128272163825e-05,-0.0025267231394377736
878,0.0933949540040519,0.04838350935764704,0.04999978402341643,-1.4786423202202058e-05,-0.00013836951525256002,-0.0005880316051575956,-0.001346339238807559,-4.890066520601977e-07,-5.544908241945156e-06,-3.6961820781489745e-05,-0.002507901055714466
879,0.09340880644655979,0.04840504840554772,0.04999978116009893,-1.454088771056894e-05,-0.00013082186761420987,-0.0005871610209923195,-0.0013042542850598693,-5.020118010179431e-07,-5.49038764378328e-06,-3.653060061944932e-05,-0.0024901926952266605
880,0.09342114505031672,0.048427418715784536,0.0499997788572553,-1.4305929290051007e-05,-0.00012326115163673653,-0.0005858022360329716,-0.0012618453474715352,-5.166499477127218e-07,-5.430187890975837e-06,-3.6099836901595186e-05,-0.0024735818729091754
881,0.09343176971353324,0.04845041429695,0.049999777129222565,-1.4081477697972038e-05,-0.0001157441449544582,-0.0005839709794811346,-0.0012192351277917624,-5.312713824423554e-07,-5.364523541770834e-06,-3.566987988012985e-05,-0.002458047419803329
882,0.0934405000871226,0.04847388553221015,0.04999977598647487,-1.3867346319207139e-05,-0.00010832272604782287,-0.0005816829706251303,-0.0011765005765482783,-5.471750341712323e-07,-5.293479650959831e-06,-3.524106133626344e-05,-0.0024435636338010973
883,0.09344716447536158,0.04849772976001961,0.04999977543578944,-1.3663368623129455e-05,-0.00010104199914972561,-0.0005789558560442464,-0.0011337031610310078,-5.63146102194878e-07,-5.2174698080846484e-06,-3.481369548826076e-05,-0.002430100173200174
884,0.093451574026541,0.04852183812711942,0.04999977548028948,-1.3469168669963261e-05,-9.39472053495556e-05,-0.0005758059763298877,-0.0010908966651186347,-5.819633770443033e-07,-5.136776012557062e-06,-3.4388080716328386e-05,-0.0024176224946983248
885,0.09345358948339444,0.048546141265566126,0.04999977611964754,-1.3284409404436691e-05,-8.707129592385582e-05,-0.0005722500620830871,-0.0010483732912689447,-5.967924607830355e-07,-5.051616756541037e-06,-3.396449948065431e-05,-0.0024060933313612906
886,0.09345309766642826,0.04857075432151044,0.04999977734977227,-1.3108971050502849e-05,-8.043680853872303e-05,-0.0005683032049105584,-0.0010059050982818007,-6.184126846164872e-07,-4.962336785784645e-06,-3.354322024913508e-05,-0.002395473194752584
887,0.09344999275343861,0.04859571944170796,0.04999977916284842,-1.2942504490413468e-05,-7.406781832341487e-05,-0.0005639801120820671,-0.0009636417962610722,-6.391258580151771e-07,-4.8692430215484665e-06,-3.312449954491411e-05,-0.0023857203679476073
888,0.09344418249628944,0.04862107150932926,0.04999978154806644,-1.2784606561972482e-05,-6.798240557980317e-05,-0.0005592975415063259,-0.0009217117913067341,-6.588358019143925e-07,-4.772671283659312e-06,-3.2708582585409194e-05,-0.0023767913082836014
889,0.09343557392222933,0.04864690104037941,0.049999784491487766,-1.263500070496381e-05,-6.219304734851337e-05,-0.0005542694080906275,-0.0008801232324913144,-6.807119916629745e-07,-4.6729379529851664e-06,-3.2295704048407554e-05,-0.002368641130129049
890,0.09342410611538805,0.048673296324915134,0.049999787976167824,-1.2493294021881686e-05,-5.670830526818783e-05,-0.0005489112521274642,-0.0008389116264879704,-7.037610316729115e-07,-4.570424307648332e-06,-3.1886089249889e-05,-0.0023612239289905017
891,0.09340971569067767,0.04870034020603329,0.04999979198245881,-1.2359146102126543e-05,-5.153338612306516e-05,-0.000543236932030197,-0.0007981536909937859,-7.273879418789875e-07,-4.465456952880317e-06,-3.147995533215405e-05,-0.0023544932395077587
892,0.09339236915356203,0.0487281280443525,0.04999979648803414,-1.2232219719980175e-05,-4.666883356663249e-05,-0.0005372602265370182,-0.0007579107186757028,-7.512014121857646e-07,-4.358390006629407e-06,-3.10775116361944e-05,-0.002348402532327557
893,0.09337204452071364,0.0487567553052782,0.04999980146817881,-1.2112174547059657e-05,-4.2112458225834846e-05,-0.0005309946525915029,-0.0007182170520536602,-7.765308396301407e-07,-4.249576639160571e-06,-3.067896080242499e-05,-0.002342905480258009
894,0.09334872975112105,0.048786297553928035,0.049999806895874604,-1.199870446093e-05,-3.785979816402026e-05,-0.0005244535459442812,-0.0006791685591451824,-8.008491931832395e-07,-4.139362617107399e-06,-3.028449895936439e-05,-0.0023379562868216957
895,0.0933224265644153,0.048816817472544065,0.04999981274201321,-1.1891478740585872e-05,-3.39039462415269e-05,-0.000517649913927782,-0.0006408264744095504,-8.257397894340102e-07,-4.028087054734378e-06,-2.9894316039324094e-05,-0.0023335100904200794
896,0.09329315254584608,0.04884836895391132,0.049999818975478616,-1.1790262386489224e-05,-3.023593087698139e-05,-0.0005105968911106453,-0.0006032426608726382,-8.508078508384642e-07,-3.9160812393886245e-06,-2.9508596036354783e-05,-0.0023295232985390906
897,0.09326093115403608,0.04888098337480305,0.04999982556313343,-1.1694828493478798e-05,-2.6845810564628277e-05,-0.0005033062394794159,-0.0005664976197294891,-8.757378964219242e-07,-3.803664353589331e-06,-2.91275177260484e-05,-0.002325953851766015
898,0.09322581232984792,0.04891467454556218,0.049999832470158045,-1.1604932520561698e-05,-2.3722168687031063e-05,-0.0004957914064491098,-0.000530701014213264,-8.984916348708794e-07,-3.691142484689552e-06,-2.8751254611517352e-05,-0.0023227615983621368
899,0.09318784268585506,0.04894943152313119,0.049999839660059456,-1.1520462579710498e-05,-2.0852881325234427e-05,-0.0004880639788803313,-0.0004959038342349231,-9.213463272317313e-07,-3.5788039241223274e-06,-2.837997476969722e-05,-0.0023199085720126424
900,0.09314709259766714,0.048985227509583514,0.049999847094793236,-1.144125459166287e-05,-1.822561364730294e-05,-0.00048013682836112295,-0.00046220404328778386,-9.429795682081021e-07,-3.4669211778811335e-06,-2.801384118484288e-05,-0.002317359224233856
901,0.09310363398876945,0.04902200517272471,0.04999985473495849,-1.1367259314820882e-05,-1.582764457158081e-05,-0.0004720229747643261,-0.0004296934639569372,-9.63108732321416e-07,-3.355748125476921e-06,-2.7653011205765158e-05,-0.0023150806977795787
902,0.09305754507377195,0.049059691089085866,0.049999862539773246,-1.129846144996215e-05,-1.3646407040784876e-05,-0.0004637344805653808,-0.0003984703798778355,-9.810473784455098e-07,-3.245520113600418e-06,-2.729763668938283e-05,-0.002313043061142432
903,0.09300892373276665,0.049098180485392155,0.04999987046738932,-1.1234854687255642e-05,-1.1669603669544085e-05,-0.00045528474370545104,-0.00036862827255390584,-9.97994334284158e-07,-3.1363802704893567e-06,-2.6947863881795876e-05,-0.0023112195612817765
904,0.09295785918569993,0.04913735207823658,0.04999987847502748,-1.1176571047097171e-05,-9.88528126480145e-06,-0.00044668703082764456,-0.0003402457805350423,-1.0125932021765038e-06,-3.028612861311983e-06,-2.6603833214863535e-05,-0.0023095864100244486
905,0.09290443469537309,0.04917703508539893,0.04999988651929901,-1.1123577580387343e-05,-8.283063244526536e-06,-0.00043795519598571606,-0.00031343355658464134,-1.027090661409602e-06,-2.9223807300351624e-06,-2.626567933083046e-05,-0.002308122980462507
906,0.09284875695873802,0.04921704165216181,0.04999989455651636,-1.1076037253972638e-05,-6.851797476263003e-06,-0.00042910367152389304,-0.00028835394186899066,-1.0347920351705397e-06,-2.817835909097561e-06,-2.5933530364363664e-05,-0.00230681261143982
907,0.0927909407582679,0.04925726320024115,0.04999990254266703,-1.103423061901511e-05,-5.580889475049483e-06,-0.0004201448317596367,-0.00026502794935368,-1.046758711709117e-06,-2.7151101435305845e-06,-2.5607508635731963e-05,-0.0023056429145869124
908,0.09273112262547156,0.049297516136852286,0.04999991043388353,-1.0998373963048893e-05,-4.4609869731742866e-06,-0.0004110936968026611,-0.00024358101654797792,-1.0557445193626336e-06,-2.6143104764480567e-06,-2.5287730784823623e-05,-0.0023046056591453385
909,0.0926694033966574,0.04933759260264801,0.04999991818690636,-1.0968758692890135e-05,-3.483646058482581e-06,-0.00040196436965685806,-0.0002241130277980119,-1.0628317568261991e-06,-2.5155244581464595e-06,-2.4974307005508704e-05,-0.002303696575234009
910,0.09260588658613313,0.049377284507471364,0.04999992575947562,-1.0945635175763666e-05,-2.6413100538029376e-06,-0.0003927719640802575,-0.0002067109599011019,-1.0713353049141006e-06,-2.41882284859864e-06,-2.466734134415908e-05,-0.002302915318548262
911,0.09254066266474537,0.049416370409333554,0.04999993311083011,-1.0929294936215663e-05,-1.9270805603008872e-06,-0.0003835318314738884,-0.00019146814884152263,-1.0793108913276228e-06,-2.3242569019087293e-06,-2.436693167564298e-05,-0.0023022654093916256
912,0.09247380956982992,0.049454629339976915,0.04999994020207524,-1.0920042710036985e-05,-1.3347349346848086e-06,-0.00037425845358344287,-0.00017848079733084887,-1.0884397170229931e-06,-2.231858839472482e-06,-2.4073169610654343e-05,-0.002301754202087934
913,0.09240540877177535,0.049491842684379096,0.049999946996711515,-1.0918146027381986e-05,-8.585497961391422e-07,-0.0003649673673807828,-0.00016782089369371533,-1.0982579397023073e-06,-2.141645254028907e-06,-2.3786140101411177e-05,-0.0023013927269515655
914,0.09233550920327194,0.04952779507726161,0.04999995346110122,-1.0923877974028742e-05,-4.934065928444545e-07,-0.0003556726732139142,-0.00015957429422996938,-1.110908101509267e-06,-2.05362205028323e-06,-2.3505921667247167e-05,-0.0023011954683445656
915,0.09226416377070722,0.04956228574119079,0.04999995956490556,-1.0937454758298781e-05,-2.345520298712938e-07,-0.00034638894642232445,-0.00015381693083327264,-1.1256438483542297e-06,-1.9677796177411688e-06,-2.32325865816013e-05,-0.002301180207229401
916,0.09219140209514856,0.049595128577111104,0.04999996528150171,-1.0959076565984314e-05,-7.751743424011937e-08,-0.00033713029338084234,-0.00015062480815686285,-1.142613996307773e-06,-1.884098003218082e-06,-2.2966200343313144e-05,-0.0023013677766842186
917,0.09211724056402008,0.04962615103362201,0.049999970588272505,-1.0988909163774668e-05,-1.807000818811408e-08,-0.0003279091633281486,-0.00015005988825578243,-1.1632965879471158e-06,-1.8025479271934666e-06,-2.270682194229662e-05,-0.002301781807348019
918,0.09204169409814027,0.04965520239783628,0.0499999754669199,-1.1027030413198545e-05,-5.216613268128056e-08,-0.0003187381925796579,-0.00015218390035443008,-1.1864234465974732e-06,-1.7230936858840486e-06,-2.2454503747582255e-05,-0.002302448446121723
919,0.09196475557461403,0.049682162887930946,0.04999997990364341,-1.1073495062008871e-05,-1.7591171210750794e-07,-0.00030962793487932996,-0.00015705857367720455,-1.2128521120757796e-06,-1.6456912631012886e-06,-2.2209291196826465e-05,-0.002303396070339519
920,0.09188642466774788,0.049706930518552045,0.0499999838892177,-1.112826813416761e-05,-3.8561680230258296e-07,-0.00030058848325672914,-0.00016473507275804877,-1.2424707165337168e-06,-1.5702954833130592e-06,-2.1971222833862063e-05,-0.0023046550267539086
921,0.09180669147509839,0.049729431079001324,0.04999998741898105,-1.1191274919918585e-05,-6.779092778388423e-07,-0.00029162874241440225,-0.0001752653333824128,-1.2741674026983674e-06,-1.4968593966838005e-06,-2.1740330129304006e-05,-0.0023062573794012642
922,0.09172554543995394,0.04974961935505102,0.04999999049268003,-1.1262385351504099e-05,-1.0498833204509444e-06,-0.0002827556963522731,-0.00018868989718612283,-1.3079411473881919e-06,-1.4253377551775195e-06,-2.151663747856003e-05,-0.002308236592783839
923,0.0916429854876173,0.04976746972061208,0.049999993114260004,-1.1341377682480212e-05,-1.499226311065647e-06,-0.000273975805259256,-0.0002050591865554452,-1.3436574590741657e-06,-1.3556820036236916e-06,-2.130016225715002e-05,-0.0023106273055140724
924,0.09155901239438716,0.04978297814999193,0.04999999529153041,-1.1428030022024466e-05,-2.0247046761181445e-06,-0.0002652938790868318,-0.00022440802422352135,-1.379759055453178e-06,-1.2878553933241022e-06,-2.109091499178147e-05,-0.0023134649779298993
925,0.09147363034882756,0.0497961517614078,0.049999997035751455,-1.1522005418480974e-05,-2.625854036142282e-06,-0.0002567141108282567,-0.0002467719605192542,-1.4171359907777514e-06,-1.2218225668916752e-06,-2.0888899786655944e-05,-0.0023167854902603024
926,0.09138685210328587,0.049807005068299076,0.049999998361156775,-1.1622954032680945e-05,-3.3036966746083605e-06,-0.0002482401695575186,-0.0002721756463870406,-1.4520798004014068e-06,-1.1575570215132486e-06,-2.069411447087307e-05,-0.002320624889130806
927,0.09129869119858153,0.049815570723393494,0.04999999928441179,-1.173049471374505e-05,-4.06071156042461e-06,-0.00023987446925560912,-0.0003006531042046845,-1.487076815465116e-06,-1.0950403412590036e-06,-2.0506551274880698e-05,-0.002325019042683558
928,0.0912091759065084,0.04982187520864979,0.04999999982406561,-1.184421036638828e-05,-4.9009759572848945e-06,-0.00023162000596549663,-0.00033221146441064775,-1.5190362319117412e-06,-1.0342631155493694e-06,-2.03261979076689e-05,-0.0023300032530105225
929,0.09111832431876549,0.04982593731244433,0.049999999999998754,-1.1963672727407384e-05,-5.830148841259946e-06,-0.00022347901066905197,-0.00036685034865513444,-1.546658381812449e-06,-9.752244624392285e-07,-2.0153038435950635e-05,-0.002335611911322586
930,0.09102616401400238,0.049827776453211486,0.049999999832901106,-1.208849064829704e-05,-6.855778613000701e-06,-0.00021545495794278717,-0.0004045280802529305,-1.568399852658331e-06,-9.179330097427405e-07,-1.9987054430251102e-05,-0.002341877854407621
931,0.09093268271748221,0.04982739406689879,0.04999999934380781,-1.2218204891524344e-05,-7.985569579571566e-06,-0.00020755188946246746,-0.00044522617827169597,-1.5846741234781803e-06,-8.624043246192264e-07,-1.9828226592240967e-05,-0.0023488317092591974
932,0.0908378599920198,0.04982477946742615,0.0499999985537054,-1.2352400026017478e-05,-9.228517302328242e-06,-0.000199774564241522,-0.0004887835821136832,-1.588942609487276e-06,-8.086519966259022e-07,-1.9676536061886726e-05,-0.0023565013764914903
933,0.09074165038296372,0.049819926137785575,0.049999997483233055,-1.2490650821764323e-05,-1.0593500016764225e-05,-0.00019212869820167382,-0.0005351228173822165,-1.5869849221417098e-06,-7.567121405877074e-07,-1.953196559882857e-05,-0.002364911799627136
934,0.09064399946052673,0.0498128309378269,0.04999999615251624,-1.2632734940372934e-05,-1.2091556339289095e-05,-0.0001846213167029064,-0.0005839912337251008,-1.5740957906018593e-06,-7.066122233264144e-07,-1.9394501281857235e-05,-0.0023740840960966734
935,0.09054476227737317,0.049803477681295,0.049999994581110985,-1.2778266639722824e-05,-1.3728950288230001e-05,-0.0001772609576424498,-0.0006352332420647144,-1.5542699429715867e-06,-6.583722434023988e-07,-1.9264134132714793e-05,-0.0023840342668861067
936,0.09044375241162045,0.04979182301479423,0.04999999278801209,-1.2926864555526502e-05,-1.5510560398481955e-05,-0.00017005772568695282,-0.000688370259013027,-1.5156518884396064e-06,-6.120100414208565e-07,-1.914086012048812e-05,-0.0023947727219015983
937,0.09034073091653533,0.04977787576332921,0.049999990791798454,-1.3078232476070457e-05,-1.7439411712458465e-05,-0.0001630218081603939,-0.0007431472185999155,-1.4781917343498208e-06,-5.675309995522653e-07,-1.902468063670888e-05,-0.0024063038894185447
938,0.0902354344161802,0.04976164563483952,0.049999988610896086,-1.3232073413597966e-05,-1.9516433744934854e-05,-0.00015616389754565408,-0.0007992347818799317,-1.4373295016412158e-06,-5.249665873973469e-07,-1.891560304388469e-05,-0.002418626256664086
939,0.09012757159845881,0.0497431572300985,0.049999986263940255,-1.3388292782791509e-05,-2.1743106768796588e-05,-0.00014949548365303356,-0.0008561377762816846,-1.3938520169176627e-06,-4.843013683769827e-07,-1.881364013586309e-05,-0.002431731338989134
940,0.09001673159047813,0.04972240655859589,0.04999998377011249,-1.3546465085418427e-05,-2.4111106060051793e-05,-0.0001430278293355839,-0.000913589377887547,-1.3527397868529079e-06,-4.4551959104494884e-07,-1.871880953377513e-05,-0.0024456028132890206
941,0.0899025071259501,0.04969934774457771,0.04999998114941434,-1.3706222813720339e-05,-2.6613481374969085e-05,-0.0001367722015915782,-0.0009709211881272495,-1.3062521020401618e-06,-4.086071712961448e-07,-1.863113104394554e-05,-0.0024602167925740197
942,0.08978444453614295,0.04967398614896948,0.049999978423035656,-1.3867225283690562e-05,-2.9241435566707336e-05,-0.00013073863546977663,-0.0010279942071065307,-1.275123167943093e-06,-3.73518190111207e-07,-1.855062511537516e-05,-0.002475541721302172
943,0.08966209334122054,0.049646231090387634,0.04999997561368452,-1.4029006253283872e-05,-3.1985877743848856e-05,-0.00012493617946224072,-0.0010844208300113678,-1.2458330047593336e-06,-3.402273840902447e-07,-1.8477311254957646e-05,-0.0024915389648517334
944,0.08953502263714813,0.04961596940875035,0.04999997274584349,-1.419119308771875e-05,-3.484251471588502e-05,-0.00011937254381393358,-0.0011397864436730742,-1.2234862651894218e-06,-3.086973714273563e-07,-1.8411205037956503e-05,-0.0025081632401226656
945,0.08940278702506367,0.04958305353986491,0.04999996984597865,-1.4353313674020368e-05,-3.780682468913526e-05,-0.00011405397718634131,-0.0011940153781324625,-1.2118184713472147e-06,-2.7888718060038883e-07,-1.8352316259778138e-05,-0.0025253628745856346
946,0.08926497481810375,0.04954721700268877,0.04999996694259103,-1.4514820303598475e-05,-4.0879124068537575e-05,-0.00010898557173471013,-0.0012467056512832642,-1.2014970707241446e-06,-2.507564093379274e-07,-1.8300646443900282e-05,-0.002543080481334097
947,0.08912119257184489,0.04950816454714746,0.04999996406615555,-1.4675120271958541e-05,-4.406338070539527e-05,-0.00010417033967293109,-0.0012977496953681111,-1.199952407660021e-06,-2.2426676172620405e-07,-1.8256186444756965e-05,-0.00256125382878161
948,0.08897111866171235,0.049465530735241195,0.04999996124902622,-1.4833639523479404e-05,-4.737039447430081e-05,-9.961005245066983e-05,-0.0013470156118273735,-1.204013301503437e-06,-1.9938441655138796e-07,-1.8218915025978392e-05,-0.0025798169855597002
949,0.08881448188724334,0.04941890173880584,0.04999995852521203,-1.4989761231814744e-05,-5.0816724957066765e-05,-9.530441539807437e-05,-0.00139446125831455,-1.2136626992287347e-06,-1.7608119765765888e-07,-1.818879755866368e-05,-0.0025987014796308733
950,0.08865109483704506,0.04936782223157596,0.04999995593005111,-1.5142915363943318e-05,-5.4424783720722074e-05,-9.12002887233181e-05,-0.0014400332001969218,-1.2262074733371264e-06,-1.6328919090061853e-07,-1.8165731666419844e-05,-0.0026178456549662606
951,0.08848021314416775,0.04931225741840467,0.04999995350312716,-1.5307428210759228e-05,-5.8277802372588027e-05,-8.743036998883432e-05,-0.0014882920077070594,-3.594535201045801e-06,-1.3878980095107835e-07,-1.8149688411942535e-05,-0.0026370416680488243
952,0.08829061528585216,0.049240936586443185,0.04999995125911693,-1.5416372751116736e-05,-6.134111027632142e-05,-8.38954472751377e-05,-0.0015355679206550121,-1.0849298632820137e-06,-1.1743468093473714e-07,-1.814064575600034e-05,-0.002656136580969631
953,0.08810045569214325,0.04915678855114661,0.04999994920923004,-1.5528665643295083e-05,-6.514389861212657e-05,-8.053058685061246e-05,-0.0015263915993273258,-2.625736442496418e-06,-9.917141597529922e-08,-1.8138547039723248e-05,-0.002675176973616563
954,0.08790808306599612,0.04908682056911903,0.04999994741161229,-1.5657649700151276e-05,-6.981381609916306e-05,-7.798469621127188e-05,-0.0019497884204611182,-0.000131995853735134,-8.545216566210091e-08,-1.8143746128277115e-05,-0.00269395989239836
955,0.08766634674962225,0.0490976585297675,0.04999994604064356,-1.5826204660233324e-05,-7.461251037451268e-05,-7.462531816715099e-05,-0.0020362155046314,-5.185941336094402e-05,-7.36266307862657e-08,-1.815681660210548e-05,-0.0027123303472875956
956,0.08745489556815274,0.04915321698392357,0.049999945050493294,-1.5864783591889908e-05,-8.122047002600977e-05,-7.222886904679456e-05,-0.002108586486428976,-4.0979095501825213e-05,-6.225467815207358e-08,-1.8177903512638413e-05,-0.0027306048917517547
957,0.08723909676890644,0.04919262830764334,0.049999944404769216,-1.6010782166184415e-05,-8.989591599863948e-05,-6.985311946460173e-05,-0.0017046623397618532,-0.0001826820516726002,-4.794808879265354e-08,-1.8206075417871548e-05,-0.002748915794980879
958,0.08703384436152205,0.04906334771692327,0.04999994420072816,-1.6114465858180687e-05,-9.55839753507457e-05,-6.767177599321746e-05,-0.001700745546258986,-1.29796762848855e-06,-3.590570843609807e-08,-1.8240298083780405e-05,-0.002767119740966715
959,0.0868242447124199,0.048917773040765784,0.049999944395426626,-1.621701047811781e-05,-0.00010124912363834137,-6.563758708317707e-05,-0.0017246900824829936,-1.439721700080554e-06,-2.610995955949892e-08,-1.828032003595236e-05,-0.002785158205251353
960,0.08660918089154553,0.04876629572279022,0.049999944985229,-1.6298418617565876e-05,-0.00010700599508359369,-6.369638245274792e-05,-0.001781942555680871,-2.490989345460548e-06,-1.8746101900622476e-08,-1.8326289200330835e-05,-0.002802982979005794
961,0.08638984247094865,0.048615510746443234,0.049999945977124836,-1.638592590768788e-05,-0.00011392632816668983,-6.209775562954156e-05,-0.002281476743519306,-0.00017095726798288524,-1.4382656956785938e-08,-1.8379125540351804e-05,-0.002820278491450276
962,0.08611579772709073,0.048596525480620156,0.049999947479150764,-1.6477926832172118e-05,-0.00012354850410936004,-6.001168975544229e-05,-0.0031452395487576723,-0.00019270398479420692,-1.124948162365254e-08,-1.84399256683968e-05,-0.0028364103744103857
963,0.08581410438691621,0.04874362101437162,0.04999994931917444,-1.6323137884166032e-05,-0.00013765804281981866,-5.801037587109843e-05,-0.0031157813500612974,-2.1966616259305738e-05,-8.69326616552632e-09,-1.850933900201861e-05,-0.00285131476621092
964,0.08554373283307123,0.048889444511602556,0.04999995121444129,-1.6163460361584805e-05,-0.00015260494213305961,-5.694203755959443e-05,-0.0023372629657387733,-0.00023115698422770947,-6.452115356459299e-09,-1.8586454144355312e-05,-0.002865757508771683
965,0.08531213270855607,0.04886584580287332,0.04999995332463086,-1.6201381520316258e-05,-0.00016252442657317798,-5.600612945232811e-05,-0.00190354126971215,-0.00021596158330794424,-9.34905637098349e-09,-1.8668930634878095e-05,-0.00288017618208591
966,0.08509745740585556,0.04861011841220686,0.0499999558022516,-1.623018253360932e-05,-0.00016740103463864828,-5.5140829077907887e-05,-0.0018688192358240485,-2.707882003960549e-06,-9.595483685806543e-09,-1.8755464641534265e-05,-0.002894520160973385
967,0.0848844189552198,0.04834339966355621,0.0499999585908077,-1.6255714521580367e-05,-0.00017170582822807965,-5.4300295567804476e-05,-0.0019109264248982072,-4.713735506811645e-06,-1.1850920360669733e-08,-1.884624766307218e-05,-0.002908767006268755
968,0.08466671835905543,0.048097341369545334,0.04999996165357148,-1.6275644041377235e-05,-0.0001771662517612299,-5.3569901669853305e-05,-0.0024430223274976015,-0.000200544876861386,-1.4813650275357549e-08,-1.8941840801112335e-05,-0.0029225240202378905
969,0.08439290004323777,0.048009230653150686,0.049999964928069116,-1.6204659358740675e-05,-0.00018743340945997307,-5.222671398581341e-05,-0.0024767762515693903,-4.121161327930167e-05,-1.819859701652482e-08,-1.9042838998359507e-05,-0.002935635570435493
970,0.08416393003073701,0.048006292153481095,0.04999996822188409,-1.60373693751879e-05,-0.00019912747653045285,-5.15177571194342e-05,-0.0025591296143829823,-3.396540705580264e-05,-2.4059526818143068e-08,-1.9149752252231768e-05,-0.0029485535567795548
971,0.08393664728906959,0.0479797225524295,0.049999971496507034,-1.5979912671821026e-05,-0.0002100155570813579,-5.1083978338995624e-05,-0.002471387619152665,-3.481697058305144e-05,-3.1306477283672875e-08,-1.926184390191115e-05,-0.0029611195482124025
972,0.08367172492442587,0.047876026072928166,0.04999997481015134,-1.585738610816141e-05,-0.00022023575430491816,-5.0034734864679676e-05,-0.0023961663246154785,-3.383198782103136e-05,-3.8526175874742396e-08,-1.9378707955078888e-05,-0.0029731033908172604
973,0.08345186200374596,0.04784015130895809,0.049999978039366386,-1.5678702093971893e-05,-0.00023101261798638066,-4.953694112612424e-05,-0.00321560469456017,-0.0001747520873323083,-4.5380574657576206e-08,-1.9501226070709863e-05,-0.002984382678196222
974,0.08316618238792023,0.04795073574958586,0.04999998109020737,-1.542467126159917e-05,-0.0002477031496348519,-4.8743262942197784e-05,-0.0023805436212569475,-0.0002066959859803319,-5.581198442585153e-08,-1.9629082774116444e-05,-0.002995042248906939
975,0.08296267020843497,0.04790106490439977,0.0499999839267203,-1.5204829415788128e-05,-0.0002559247609811037,-4.856920202935498e-05,-0.0024718947242945433,-2.901966763602104e-05,-6.858522992420634e-08,-1.976152362179382e-05,-0.003005687093286271
976,0.08276123447845464,0.047831446965242205,0.049999986584365164,-1.5079959941623718e-05,-0.000260952038092222,-4.8613821319051395e-05,-0.0020935814827680588,-0.00020923196279909462,-8.578372863265251e-08,-1.9897326161497587e-05,-0.003016523249612414
977,0.08257975253518365,0.04744517082059074,0.04999998910678839,-1.4976702299443466e-05,-0.00026024499684595243,-4.870924040335976e-05,-0.002073646057397127,-4.0663189793122e-06,-1.0296626748017468e-07,-2.003506250017537e-05,-0.0030275276627533404
978,0.08239854939786348,0.0470542776253126,0.04999999146163325,-1.4868549908668705e-05,-0.00025986311960747116,-4.877355961028571e-05,-0.0020921295508742332,-3.5762402603722876e-06,-1.194152642647853e-07,-2.0174596003343802e-05,-0.0030386780180980282
979,0.08221879938213983,0.0466731468698586,0.049999993598811805,-1.4734041323513442e-05,-0.00026042157782438474,-4.8853634119835716e-05,-0.0021317689679563046,-3.846344498015242e-06,-1.3538328016618204e-07,-2.0315881976211544e-05,-0.0030499860101815767
980,0.08204188870064721,0.04631351339272254,0.049999995473488656,-1.4591555909583403e-05,-0.000261962618956762,-4.890247860345449e-05,-0.002157939597964287,-1.8572224007584737e-06,-1.4114169665143535e-07,-2.0458813318529257e-05,-0.003061497896685115
981,0.08186884532077726,0.045972650323252665,0.049999997053721275,-1.444360191410142e-05,-0.0002640425190121119,-4.8981623503065405e-05,-0.002160962438210845,-1.5058111557664233e-06,-1.5885677245357312e-07,-2.0603232422486302e-05,-0.0030731892764764624
982,0.08169601960277934,0.045645098704184095,0.049999998310850856,-1.4266341321430968e-05,-0.00026663572754591494,-4.906259239957785e-05,-0.0021508324425667524,-8.129818525048904e-07,-1.7600235574669346e-07,-2.0748911555667244e-05,-0.003085069382730866
983,0.08153341057902697,0.04533659170241994,0.04999999922600218,-1.408705790020953e-05,-0.00026870186236046,-4.917263580546894e-05,-0.0021189702674746513,-1.5613559298799373e-06,-1.9286440460606103e-07,-2.089552695752648e-05,-0.003097223243920734
984,0.08137821162562,0.045074859335404005,0.04999999979037947,-1.391219855074235e-05,-0.00027000094788741635,-4.928046860376961e-05,-0.0021280546206980944,-2.679897193047509e-07,-2.0900971901866302e-07,-2.1042871298619567e-05,-0.0031097115268624584
985,0.08123178432088983,0.044835174371458994,0.04999999999879426,-1.3736449658550919e-05,-0.00027081719694433385,-4.940392018209041e-05,-0.0021182431373745203,-1.4019295235812024e-07,-2.247861035638817e-07,-2.119084509022712e-05,-0.0031225730059562216
986,0.08109212575173365,0.04461538150385003,0.04999999984936998,-1.3557334787166066e-05,-0.00027108168202775475,-4.954375042637633e-05,-0.0021033654920756817,-1.186985159051801e-07,-2.4030284560947514e-07,-2.1339258709121756e-05,-0.0031358243385254977
987,0.08095907027482341,0.044414664654266744,0.049999999345414235,-1.33751861243447e-05,-0.0002707653278940139,-4.970186750719424e-05,-0.002087971894070506,-1.0048145071550607e-07,-2.556348832143568e-07,-2.148791555363748e-05,-0.0031494758439766265
988,0.08083244997220891,0.044231552732833246,0.049999998495345054,-1.319097172636443e-05,-0.00026989478115749813,-4.987886470954854e-05,-0.002073602518066764,-7.204373986269275e-08,-2.7080387724203675e-07,-2.163662550782788e-05,-0.003163532424281022
989,0.08071187504940998,0.044063770085096376,0.049999997312283155,-1.3004407064193516e-05,-0.00026854681965322484,-5.0075015837208814e-05,-0.0020583353471010923,-7.11546093157267e-08,-2.858807907044096e-07,-2.1785204707993702e-05,-0.0031779952510047563
990,0.080597374758285,0.0439101695149747,0.04999999581360199,-1.2816663872326367e-05,-0.0002667317624058338,-5.029045483078197e-05,-0.002042598556727171,-6.879962199946021e-08,-3.008985972666971e-07,-2.1933466677773816e-05,-0.0031928643382430886
991,0.08048882512584214,0.043769713005905826,0.04999999402012034,-1.2628406310943842e-05,-0.00026448464211879417,-5.055095872096579e-05,-0.00202655466273427,-6.716956590935297e-08,-3.386036341557274e-07,-2.2081223172330714e-05,-0.0032081324214247435
992,0.08038684673849988,0.043639547078971185,0.04999999195663836,-1.2430270005767806e-05,-0.000261909276505079,-5.07691188257438e-05,-0.002002087188884616,-1.0240058827548637e-06,-3.7466091072737473e-07,-2.2228388221407656e-05,-0.0032238940101290445
993,0.08030246144465669,0.04352862514831105,0.04999998963987032,-1.2262531505839597e-05,-0.000258257259339536,-5.0902370975550316e-05,-0.002470755483955145,-0.00015994546993169934,-3.726164697570414e-07,-2.2375227376003552e-05,-0.003239917389344689
994,0.08016618832025682,0.04378443294054906,0.04999998709392056,-1.204231657263456e-05,-0.00026046954440345097,-5.047474143072132e-05,-0.0024013440124690533,-3.144061702187173e-05,-3.73350945833656e-07,-2.252256815087505e-05,-0.0032560194768118432
995,0.08007828882770379,0.044156174955447346,0.04999998442131493,-1.176808366960544e-05,-0.00026179204927784196,-5.0749208969008396e-05,-0.0024969056248664856,-3.832626680377871e-05,-3.8626187780827447e-07,-2.267105441228644e-05,-0.0032725115966630255
996,0.07998935537137752,0.04443454127291377,0.049999981673111815,-1.1568644199543988e-05,-0.00026021322987026976,-5.123973719382699e-05,-0.0019253668142482638,-0.00022756820544600487,-4.017726966205361e-07,-2.2819395692308844e-05,-0.003289497696417848
997,0.0799230067431946,0.04424403054801076,0.04999997880941983,-1.140220859774762e-05,-0.0002533081935268761,-5.175224624717318e-05,-0.001865559839643538,-1.0669502898963401e-06,-4.1833752987733747e-07,-2.2965946196327206e-05,-0.0033068732504578147
998,0.07985839396513678,0.04404940200006263,0.04999997583654415,-1.1241563260699377e-05,-0.0002460420256750048,-5.223830306342484e-05,-0.0018549179658293724,-6.637429237343895e-07,-4.342526074859923e-07,-2.3110482043759727e-05,-0.003324558385553836
999,0.07979572802017815,0.04386088559639698,0.04999997278450624,-1.1071240111196531e-05,-0.000239305757938988,-5.2750430296941295e-05,-0.0018799493554979563,-7.744013714727771e-07,-4.501899250802764e-07,-2.3252954657865492e-05,-0.003342523853037175
