frame,reward_tracking_lin_vel,reward_tracking_ang_vel,reward_tracking_height,cost_lin_vel_z,cost_ang_vel_xy,cost_joint_velocity,cost_action_nn,cost_action_rate,cost_feet_slip,cost_leg_base_angle,cost_orientation
0,0.0001930454136227711,0.05,0.04998478235575755,-0.0,-0.0,-3.1770382774929774e-07,-0.006501559168100357,-0.0,-1.0774938700364018e-10,-4.178021340513518e-10,-4.6405242943068415e-09
1,0.0001876320171248794,0.049970126629770927,0.04998490014477582,-2.420171556388277e-07,-2.3216563788069143e-05,-7.212318930512777e-07,-0.003147505223751068,-0.0008300845511257648,-3.3965578829683047e-10,-3.9613958554960985e-08,-5.921813765816992e-08
2,0.00018548324367521159,0.049915778680219056,0.04998522294718355,-7.86684869152716e-07,-5.729194492383003e-05,-8.830432652082635e-07,-0.0016058564651757479,-0.00046104236389510334,-1.6402777004054138e-09,-2.4812262523553505e-07,-2.3083062003529367e-07
3,0.00018494742176312134,0.04988488114163891,0.049985703073018126,-1.4517184683802874e-06,-8.469847080605427e-05,-8.882391164044123e-07,-0.0007657762034796178,-0.00023419361968990415,-1.0281215389625963e-06,-6.744651175255518e-07,-5.646045745142145e-07
4,0.00018594872475535782,0.049884848906533025,0.049986301447537136,-2.079713831904374e-06,-9.94379284881466e-05,-1.0542539993721572e-06,-0.00042505754390731454,-0.0002373204770265147,-4.745139699746095e-07,-1.2542242199834244e-06,-1.0854638714566803e-06
5,0.00018795559529212878,0.049904616640401675,0.049986983882132845,-2.7534389429751956e-06,-0.00011210145509037583,-1.4806805423072286e-06,-0.0008251556428149343,-0.00019561305816750973,-2.5416476302031605e-07,-1.927452940957634e-06,-1.8347692440616187e-06
6,0.00018890671297847012,0.04989926265358957,0.049987717865369034,-3.34951418494019e-06,-0.0001330427670489145,-1.8759610397130246e-06,-0.0017425696132704616,-0.0002944478183053434,-1.3825040227383015e-07,-2.7200662805695925e-06,-2.9148353642841516e-06
7,0.0001873109881489049,0.049901025992162354,0.0499884771703162,-3.9226003403606144e-06,-0.000180428205558447,-2.4628508315337873e-06,-0.0010562411043792963,-0.0001272071385756135,-7.940902843839004e-08,-3.571397106609915e-06,-4.429140482591253e-06
8,0.00018701475121397522,0.049914837626700174,0.049989243829079225,-4.3955565758306035e-06,-0.0002157144993537541,-3.2261001489865376e-06,-0.000979541684500873,-5.463896286528325e-06,-4.870424870877926e-08,-4.399477945557531e-06,-6.432855937219884e-06
9,0.00018680688335191465,0.04993007198356671,0.04999000507481393,-4.786741915389514e-06,-0.0002517958622992873,-4.166556978336475e-06,-0.0008694459684193134,-8.949868970375974e-06,-3.246905412958377e-08,-5.144259806691716e-06,-8.997587980479525e-06
10,0.0001868147132368879,0.04994805544558068,0.04999075050058508,-5.090250575657235e-06,-0.0002860739393753503,-5.300942255958188e-06,-0.0007840835605747998,-6.615555321332067e-06,-2.3623179000248422e-08,-5.760259178555945e-06,-1.2187309859747251e-05
11,0.0001870217178926838,0.0499650855887432,0.049991472386827454,-5.3150821701989135e-06,-0.0003187615225033005,-6.609827208322767e-06,-0.0007402983028441668,-3.761029802262783e-06,-1.8434996179952856e-08,-6.2255243444914165e-06,-1.606646700812488e-05
12,0.0001873322084342687,0.04997906136124951,0.04999216521177218,-5.469322476121535e-06,-0.00035102473653705554,-8.078675104864713e-06,-0.0006856109830550849,-4.4222938413440716e-06,-1.5017838445272423e-08,-6.53545445233288e-06,-2.069715151515667e-05
13,0.0001878069339395179,0.049989507888695384,0.04999282509140366,-5.556471182001703e-06,-0.00038165548635017737,-9.685133362909454e-06,-0.0006419558194465935,-3.6809942685067654e-06,-1.245183554473537e-08,-6.694738310780681e-06,-2.6133710093661584e-05
14,0.0001884416473692339,0.049996233151702485,0.049993449451214346,-5.58227843506204e-06,-0.00041046217279586475,-1.1403631631069753e-05,-0.0006073046824894845,-3.035158442799002e-06,-1.027120718158459e-08,-6.7167877706741655e-06,-3.242445038805049e-05
15,0.00018923452811171813,0.04999950397069563,0.04999403673774543,-5.552384250676237e-06,-0.0004372243516089434,-1.3208855231549948e-05,-0.0005787362460978329,-2.4542389382986585e-06,-8.327293987912455e-09,-6.620297242155545e-06,-3.961052285328104e-05
16,0.00019018810618410327,0.04999979379188738,0.04999458620768496,-5.472417338595626e-06,-0.0004616688450068333,-1.5077469707824466e-05,-0.0005545566673390567,-1.945766371136415e-06,-6.554559242510196e-09,-6.42630714714987e-06,-4.772502215317525e-05
17,0.00019130501916587932,0.04999767604840717,0.04999509777126561,-5.348379694703755e-06,-0.00048357618273827806,-1.6988602569945933e-05,-0.0005328307161107659,-1.5411357026096084e-06,-4.966460127128674e-09,-6.155943916725878e-06,-5.6792308568609704e-05
18,0.00019258928594839285,0.049993735638974496,0.04999557186141329,-5.1860739803569704e-06,-0.0005027172080482319,-1.8929325812853498e-05,-0.0005124328308738768,-1.220397621182201e-06,-3.604925450603165e-09,-5.82863683123842e-06,-6.682730473271729e-05
19,0.00019404327624728741,0.049988493969854136,0.049996009291589344,-4.991189165170635e-06,-0.0005189015416627055,-2.0889452087251867e-05,-0.0004924814566038549,-9.91143679129891e-07,-2.499471722077976e-09,-5.4615004202148046e-06,-7.783515110078938e-05
20,0.00019566954623575686,0.04998236817599472,0.049996411152342046,-4.769539712414949e-06,-0.0005319828612650688,-2.2857972915581176e-05,-0.0004724981845356524,-8.285381341011089e-07,-1.6533693599565274e-09,-5.069156707274499e-06,-8.981106919913706e-05
21,0.00019747095777073056,0.04997568760650301,0.04999677879007686,-4.5269713352207045e-06,-0.0005418769321426964,-2.4823652135666773e-05,-0.0004522271628957242,-7.20642901796964e-07,-1.0520441683952684e-09,-4.663913697731884e-06,-0.00010274051453176528
22,0.0001994505528856438,0.04996871442224701,0.049997113775704184,-4.269085719080645e-06,-0.000548553694934544,-2.6775522028788022e-05,-0.0004316579143051058,-6.468966944339627e-07,-6.74162338926479e-10,-4.255898032398399e-06,-0.000116599509363605
23,0.00020161082626914877,0.049961658305878794,0.04999741785651439,-4.001065863404538e-06,-0.000552043071724038,-2.8703471697778784e-05,-0.00041090496233664453,-5.96020413468068e-07,-4.990753860961829e-10,-3.8532591289629985e-06,-0.0001313551888362618
24,0.00020395371347886956,0.04995468759426416,0.049997692902823174,-3.727572884577481e-06,-0.0005524287474618718,-3.0598448180103816e-05,-0.0003901674353983253,-5.590031832980458e-07,-4.985459056760663e-10,-3.462382361211759e-06,-0.00014696653270619375
25,0.0002064802958254616,0.04994793670600824,0.04999794085703291,-3.4527628533077512e-06,-0.0005498479947479569,-3.245232512168928e-05,-0.00036965589970350266,-5.292632181408408e-07,-6.468089189951403e-10,-3.0881312823616525e-06,-0.00016338526766945826
26,0.00020919077227268213,0.04994151184496098,0.049998163688314154,-3.1802355102052207e-06,-0.0005444829641384605,-3.425670595366164e-05,-0.00034960213815793395,-5.032779881730676e-07,-9.225209225941367e-10,-2.7341009550574843e-06,-0.00018055689240514572
27,0.00021208480735351856,0.04993549526703467,0.04999836335906879,-2.9130906865615706e-06,-0.0005365544278276688,-3.6004968972775596e-05,-0.0003301737306173891,-4.801174782187445e-07,-1.3056292562089723e-09,-2.4027605174200673e-06,-0.00019842171588402809
28,0.00021516152546221685,0.04992995291223948,0.04999854179589132,-2.6538738385933854e-06,-0.0005263055476721992,-3.7693251131406814e-05,-0.0003115206491202116,-4.573844023525453e-07,-1.7835565008841842e-09,-2.0956021436701095e-06,-0.0002169158887113288
29,0.0002184192889333032,0.0499249246439657,0.04999870085632533,-2.404599996517255e-06,-0.0005139945676265268,-3.931954774338437e-05,-0.00029374490259215236,-4.3522808823581727e-07,-2.3377286439696667e-09,-1.8132951893040936e-06,-0.00023597239742415195
30,0.0002218559447864141,0.049920430647081605,0.0499988423062025,-2.1668700526002297e-06,-0.0004998860284590338,-4.0883292579078445e-05,-0.000276918348390609,-4.1316948795611097e-07,-2.951782933167901e-09,-1.5558669335514578e-06,-0.00025552201565184586
31,0.00022546909387800688,0.04991647906463017,0.04999896780702406,-1.9418918198860266e-06,-0.0004842442472217923,-4.238478311795312e-05,-0.0002610704686958343,-3.915800732556818e-07,-3.6093671187870078e-09,-1.322860702371578e-06,-0.000275494194148405
32,0.00022925618530591918,0.04991306712573541,0.04999907890987018,-1.7305477612835887e-06,-0.000467327469463178,-4.382477033143111e-05,-0.00024621174088679254,-3.703902109464252e-07,-4.295337043204974e-09,-1.1134717524373039e-06,-0.0002958178472017861
33,0.00023321476650076543,0.04991018641540641,0.04999917705366069,-1.5334145836206908e-06,-0.0004493811331115103,-4.520454451837166e-05,-0.00023231026716530323,-3.49923851672429e-07,-4.991568801517199e-09,-9.266602475239271e-07,-0.000316422031084306
34,0.00023734289875283578,0.04990782629889402,0.04999926356573674,-1.3507884671892352e-06,-0.0004306353783897984,-4.652508512241093e-05,-0.00021934907999821007,-3.297654984635301e-07,-5.671970914790269e-09,-7.612384396469458e-07,-0.00033723656826870855
35,0.0002416387225955948,0.04990597754859262,0.049999339664549884,-1.182756542162262e-06,-0.00041130520029019366,-4.778751134066932e-05,-0.0002073173673124984,-3.0971096975918044e-07,-6.347127308760266e-09,-6.15940287042649e-07,-0.00035819262267581587
36,0.0002461002378135769,0.049904625827850775,0.04999940646357229,-1.0291568331316019e-06,-0.0003915889183403428,-4.899321550238113e-05,-0.000196144450455904,-2.8997928325225075e-07,-7.001629908556583e-09,-4.894687212255127e-07,-0.0003792231283858992
37,0.00025072664056247285,0.04990375379107466,0.049999464975978264,-8.89685433347303e-07,-0.00037166343296949706,-5.014317712938806e-05,-0.00018571611144579947,-2.7170221983396914e-07,-7.62295600841788e-09,-3.805325728559137e-07,-0.0004002631029699216
38,0.00025551756786060676,0.04990335757096839,0.049999516119750474,-7.638789422102936e-07,-0.0003516858413624444,-5.123797399535012e-05,-0.00017603526066523045,-2.5543985771037114e-07,-8.202537516142177e-09,-2.8787507607752537e-07,-0.0004212500245443266
39,0.0002604726040356965,0.049903430034515556,0.0499995607227661,-6.511483625145015e-07,-0.00033180068879735546,-5.2277852225380314e-05,-0.00016707477334421128,-2.380108270472192e-07,-8.735213916922911e-09,-2.1028807098373371e-07,-0.0004421242022467003
40,0.00026559151727647824,0.04990395627176823,0.04999959952874839,-5.508328239296743e-07,-0.00031213631479484603,-5.32631005400322e-05,-0.00015878344129305333,-2.213896834746265e-07,-9.217978998243899e-09,-1.4662159716740248e-07,-0.0004628290120348583
41,0.0002708746745322562,0.049904918854487716,0.04999963320334088,-4.6219172883982073e-07,-0.0002928045952879705,-5.419385019781151e-05,-0.00015111378161236644,-2.0538958267479757e-07,-9.649843637444183e-09,-9.578949199346142e-08,-0.0004833110906226298
42,0.0002763227929780526,0.04990629772778273,0.04999966233988466,-3.8443889647546017e-07,-0.0002739027337108006,-5.506990690086305e-05,-0.00014401410589925945,-1.9053604205510055e-07,-1.0031223238296703e-08,-5.6771514106157704e-08,-0.0005035205002744434
43,0.0002819368304759646,0.049908072724058825,0.04999968746532384,-3.167591640344839e-07,-0.00025551382170581967,-5.589138545232167e-05,-0.00013744352327194065,-1.7649578865075455e-07,-1.0363821808636434e-08,-2.861298123554234e-08,-0.0005234108435156498
44,0.00028771850231370665,0.0499102190887562,0.049999709045731804,-2.5831357613990675e-07,-0.0002377074370522791,-5.665784076307484e-05,-0.00013136437337379903,-1.633655131172418e-07,-1.0650233399841025e-08,-1.0422799146758367e-08,-0.0005429393411070623
45,0.0002936695296448076,0.049912711607204306,0.04999972749190282,-2.0827553643111191e-07,-0.00022054103804028844,-5.736894835329285e-05,-0.00012574068387039006,-1.5090775207227125e-07,-1.0893899204435454e-08,-1.3704644295257994e-09,-0.0005620668931660526
46,0.0002997921470270692,0.049915519755238266,0.04999974316482998,-1.658267964839567e-07,-0.0002040611124907777,-5.802429926100983e-05,-0.00012053325917804614,-1.3952301003428147e-07,-1.1098372979732494e-08,-6.824936457405357e-10,-0.0005807580950900488
47,0.0003060890281641687,0.049918612738146004,0.04999975638078696,-1.3017549194781393e-07,-0.00018830311243856726,-5.862330134832221e-05,-0.00011571925278985873,-1.2855619502261106e-07,-1.1268985257214586e-08,-7.638707679318174e-09,-0.0005989812423912711
48,0.00031256293687581386,0.04992195661882437,0.04999976741630825,-1.0056207184605456e-07,-0.0001732939616755538,-5.9165857541134436e-05,-0.00011126547178719193,-1.1859727067076165e-07,-1.1410156044276786e-08,-2.1568313615953e-08,-0.0006167083011046817
49,0.0003192174411704794,0.04992551572318282,0.049999776512631544,-7.625799819222175e-08,-0.00015905090317502586,-5.9651634580221624e-05,-0.00010712630319176242,-1.0971946551308065e-07,-1.1525141439631796e-08,-4.184634099965844e-08,-0.0006339147781164811
50,0.00032605646396123084,0.04992925373915743,0.04999978387990745,-5.658275425308509e-08,-0.00014558181250425625,-6.008040340359979e-05,-0.00010326543269911781,-1.0213987167162486e-07,-1.1618371300311865e-08,-6.789018495919882e-08,-0.0006505796086346019
51,0.0003330847083561236,0.049933138581396114,0.04999978970123259,-4.090673665400219e-08,-0.00013288843130020698,-6.045157346134036e-05,-9.968160156859085e-05,-9.518451093981639e-08,-1.1694628910445093e-08,-9.91560017182912e-08,-0.0006666851129776196
52,0.0003403066403077733,0.049937138024579074,0.049999794136197935,-2.8646836573248657e-08,-0.00012096708230038312,-6.076458264227706e-05,-9.637232142267749e-05,-8.819462493647734e-08,-1.1757809630943158e-08,-1.351353205877471e-07,-0.0006822169179384701
53,0.00034772703572750574,0.04994121408185328,0.04999979732430807,-1.9272998336648767e-08,-0.00010980860779141993,-6.101969316998947e-05,-9.330221655545756e-05,-8.140326457350966e-08,-1.1809468598161206e-08,-1.7535277778036034e-07,-0.0006971638326094039
54,0.0003553515975266121,0.049945328404151744,0.04999979938792388,-1.2301534619414073e-08,-9.939923707987024e-05,-6.121660321181584e-05,-9.043952013598755e-05,-7.633573062548749e-08,-1.1857923979261206e-08,-2.1936364535494086e-07,-0.0007115176779268135
55,0.00036318652976731437,0.04994944815464738,0.04999980043486906,-7.303073244911603e-09,-8.972022584284595e-05,-6.135513878710915e-05,-8.778720803093165e-05,-7.108452848569868e-08,-1.190379676248763e-08,-2.6675128748346204e-07,-0.0007252731705157234
56,0.0003712377705522177,0.04995354303330032,0.04999980056082385,-3.893152569489102e-09,-8.075042737601088e-05,-6.143530623862232e-05,-8.534290100215003e-05,-6.623821491302806e-08,-1.1949604438736649e-08,-3.171251643182492e-07,-0.0007384277940418061
57,0.0003795120205517565,0.04995757875285586,0.04999979985137542,-1.7353274416257582e-09,-7.246510167071722e-05,-6.145742353237182e-05,-8.305416122311726e-05,-6.232745164425069e-08,-1.1998237895286315e-08,-3.701192366687134e-07,-0.0007509816162711484
58,0.0003880166160498526,0.04996152823498678,0.049999798383945034,-5.372341506010458e-10,-6.483735531535893e-05,-6.142181950705544e-05,-8.093407086562365e-05,-5.916551160112249e-08,-1.2052017658523022e-08,-4.2539001914755493e-07,-0.0007629370930704537
59,0.0003967594867694346,0.049965366288028334,0.049999796229081676,-4.724887085976832e-11,-5.783745581873231e-05,-6.132865788565205e-05,-7.897313480498269e-05,-5.5988131464346225e-08,-1.2113103293611036e-08,-4.826152641501138e-07,-0.0007742989194312503
60,0.00040574852312778403,0.04996906976462287,0.049999793451708574,-5.370247337769737e-11,-5.14353106887545e-05,-6.11783949510738e-05,-7.715983520029113e-05,-5.331792962692816e-08,-1.2183737349554484e-08,-5.41492769938374e-07,-0.0007850739063975185
61,0.0004149922711961468,0.04997261771781644,0.049999790112380094,-3.804765314096865e-10,-4.559969506198264e-05,-6.097154287408903e-05,-7.548925350420177e-05,-5.089910004585363e-08,-1.226388211380586e-08,-6.01739004005593e-07,-0.0007952708165387779
62,0.0004244996080370111,0.04997599112257488,0.04999978626809298,-8.843627601497318e-10,-4.029870487824429e-05,-6.070873555188381e-05,-7.394919521175325e-05,-4.8985413059199345e-08,-1.2351885030379697e-08,-6.63088457111995e-07,-0.00080490019234908
63,0.00043427987873911216,0.049979174211768555,0.04999978197307476,-1.4518860846235574e-09,-3.550002968836867e-05,-6.039100284918151e-05,-7.253218063851818e-05,-4.756608618095015e-08,-1.2451531793828075e-08,-7.252927754903454e-07,-0.0008139741819543577
64,0.0004443434282782866,0.04998215384344362,0.04999977727923254,-1.996750685022495e-09,-3.117129352854498e-05,-6.001892789417914e-05,-7.124033436411992e-05,-4.628239835824388e-08,-1.2562866205169103e-08,-7.881193719970678e-07,-0.0008225064118102815
65,0.0004547002704188642,0.049984919786802744,0.04999977223654389,-2.456163772418832e-09,-2.728078139396515e-05,-5.959346761027709e-05,-7.00732198311016e-05,-4.493062633059708e-08,-1.268530783637956e-08,-8.513512388882679e-07,-0.0008305118702247563
66,0.00046536111967459713,0.049987462186505384,0.04999976689346656,-2.7885056529327587e-09,-2.3797271542095632e-05,-5.911569611551861e-05,-6.902047607582062e-05,-4.4034418777982864e-08,-1.2819581675830698e-08,-9.147861190601042e-07,-0.0008380067820008263
67,0.0004763371483319702,0.04998977417103551,0.049999761297152744,-2.970250781542916e-09,-2.069043974484381e-05,-5.8586644068789226e-05,-6.807996396673843e-05,-4.3327990084662815e-08,-1.2966022900084241e-08,-9.782356815754267e-07,-0.0008450084697418962
68,0.00048763992530965664,0.04999185046881646,0.04999975549365953,-2.9935300787154535e-09,-1.7930557245822168e-05,-5.8007659789525005e-05,-6.7258755734656e-05,-4.270792075544705e-08,-1.3125644716889687e-08,-1.0415254245701135e-06,-0.0008515352350596062
69,0.0004992816555090248,0.04999368822119951,0.049999749527895154,-2.864733951158309e-09,-1.548915096482342e-05,-5.737990597072385e-05,-6.654638855252415e-05,-4.2159964408483575e-08,-1.3297348420377315e-08,-1.1044937203919296e-06,-0.000857606267352298
70,0.0005112746122098351,0.049995286000900176,0.04999974344364139,-2.600858317918172e-09,-1.3338833596063757e-05,-5.6704799166422374e-05,-6.594676960958168e-05,-4.179932489023486e-08,-1.3480097435875952e-08,-1.166991638394448e-06,-0.0008632415373945681
71,0.000523631723204686,0.04999664403663113,0.04999973728361862,-2.228745595310024e-09,-1.14534759977705e-05,-5.598382851038452e-05,-6.545666110469028e-05,-4.1561875718798547e-08,-1.3673356246670573e-08,-1.2288826638123369e-06,-0.0008684616895996967
72,0.0005363664239837074,0.04999776434278963,0.049999731089381105,-1.782734790792486e-09,-9.808143922276952e-06,-5.5218439032122755e-05,-6.507424404844642e-05,-4.1493109392831684e-08,-1.3876693551858294e-08,-1.2900419421850456e-06,-0.0008732879464393592
73,0.0005494924360460308,0.04999865081604033,0.04999972490131564,-1.303146378189185e-09,-8.379282334187456e-06,-5.44103895367213e-05,-6.480382580775768e-05,-4.151184995748736e-08,-1.4089387346546542e-08,-1.3503560414309245e-06,-0.0008777420276277511
74,0.0005630242753430825,0.04999930860338672,0.049999718758409924,-8.356133294552505e-10,-7.144707789987964e-06,-5.35612115176165e-05,-6.464454781962559e-05,-4.1492427271805354e-08,-1.431061995558155e-08,-1.4097224288604803e-06,-0.0008818460715677257
75,0.0005769765273898459,0.04999974428543658,0.049999712698165194,-4.2858088534747624e-10,-6.083664057959567e-06,-5.267267202002094e-05,-6.459319411078468e-05,-4.16022380989034e-08,-1.4539173187163326e-08,-1.4680492237431557e-06,-0.0008856225666030584
76,0.0005913644609385876,0.049999965882470465,0.049999706756597935,-1.3322888204283317e-10,-5.176810221124756e-06,-5.174656210136396e-05,-6.465479964390397e-05,-4.179258539238617e-08,-1.4773891666749319e-08,-1.5252550842910769e-06,-0.0008890942953688809
77,0.0006062037339461592,0.049999982885911565,0.04999970096807765,-2.1943588811811218e-12,-4.406306529310186e-06,-5.078462707091254e-05,-6.482557364506647e-05,-4.1989306254208714e-08,-1.501352857603367e-08,-1.5812685068311118e-06,-0.0008922842507252409
78,0.0006215105430505751,0.049999806120645175,0.049999695365272476,-8.892851563495787e-11,-3.7555553879100134e-06,-4.97888202151156e-05,-6.510725506814197e-05,-4.226547645203027e-08,-1.5273046408571463e-08,-1.636027873145356e-06,-0.000895215595477961
79,0.0006373020231902674,0.04999944772360398,0.049999689979017714,-4.472647768576283e-10,-3.209588050705299e-06,-4.876092318880682e-05,-6.549953104695305e-05,-4.224155247811723e-08,-1.5521230194645323e-08,-1.6894802590927151e-06,-0.0008979116451468142
80,0.0006535941963854513,0.04999892128949164,0.04999968483826716,-1.1302353639317318e-09,-2.7547020617186166e-06,-4.770329168189304e-05,-6.600104825338349e-05,-4.2401115507573195e-08,-1.5763198026642284e-08,-1.7415825614956222e-06,-0.0009003957403920408
81,0.0006704058113154559,0.04999824276121605,0.04999967997008384,-2.1901733548015737e-09,-2.3785037399670947e-06,-4.661818294517979e-05,-6.660806684521958e-05,-4.3883151334966897e-08,-1.600286912400925e-08,-1.7923013176759145e-06,-0.0009026911532753576
82,0.0006877560786875451,0.04999742690308488,0.049999675399440426,-3.677861703969697e-09,-2.0700666587649473e-06,-4.5507131837518926e-05,-6.733366899425164e-05,-4.3429785989701486e-08,-1.6240844871129515e-08,-1.8416107655995268e-06,-0.0009048210459863793
83,0.0007056634442467663,0.04999649051296756,0.04999967114909648,-5.6425532982269395e-09,-1.8194986970737028e-06,-4.4372431655875447e-05,-6.816200766479596e-05,-4.363651839867089e-08,-1.647595479278667e-08,-1.8894935252790001e-06,-0.0009068084682429608
84,0.000724147864108115,0.04999545206287363,0.04999966723961772,-8.131713812937495e-09,-1.6185228977005426e-06,-4.321615706767071e-05,-6.90947927068919e-05,-4.3903352064944556e-08,-1.670515540719545e-08,-1.9359398818681182e-06,-0.0009086763346657048
85,0.000743229555598066,0.04999433160787674,0.04999966368955029,-1.1191965113971091e-08,-1.4600978165969561e-06,-4.204054622071449e-05,-7.01306780683808e-05,-4.4240291430241996e-08,-1.6926128188348824e-08,-1.9809481202703056e-06,-0.0009104473828570316
86,0.0007629296486598763,0.04999315005423866,0.0499996605154424,-1.4867403363478118e-08,-1.338388311665731e-06,-4.084784518620049e-05,-7.126235868781805e-05,-4.441440282221265e-08,-1.7136543547361882e-08,-2.0245240947546075e-06,-0.0009121440946001279
87,0.0007832702956381537,0.04999192925865009,0.04999965773172981,-1.9199919208766838e-08,-1.2486275968070013e-06,-3.964022829869204e-05,-7.248708425322548e-05,-4.4505078733436676e-08,-1.7333949239295697e-08,-2.0666806625015193e-06,-0.0009137886092387336
88,0.0008042742980595591,0.04999069170457098,0.04999965535080019,-2.422973336416648e-08,-1.1871574982274593e-06,-3.8420134665103004e-05,-7.379728049272671e-05,-4.4462545645274076e-08,-1.7515868207537872e-08,-2.1074373748309963e-06,-0.0009154026586309394
89,0.0008259659412415445,0.04998946046237918,0.049999653382897746,-2.999270819277592e-08,-1.1513281121172537e-06,-3.7189788053987625e-05,-7.518431812059134e-05,-4.4322785441863743e-08,-1.7679746691669517e-08,-2.1468201275260864e-06,-0.0009170075061887639
90,0.0008483700066928553,0.04998825969554665,0.04999965183620784,-3.652492583694069e-08,-1.1394895660731158e-06,-3.5951504992309025e-05,-7.664484292035922e-05,-4.411360166045597e-08,-1.7823153084278457e-08,-2.1848609714180552e-06,-0.0009186239035564735
91,0.0008715124628959384,0.049987113061976354,0.04999965071697924,-4.385843032041686e-08,-1.150880438630732e-06,-3.47076410026485e-05,-7.816027209628373e-05,-4.365824324281675e-08,-1.7943529050539806e-08,-2.2215978835352923e-06,-0.000920271992599929
92,0.0008954208077748303,0.049986045473103716,0.04999965002945002,-5.2022428246811986e-08,-1.1854362963267693e-06,-3.346046641545823e-05,-7.972657476784661e-05,-4.3164057217381924e-08,-1.803867489047645e-08,-2.2570742636428115e-06,-0.0009219712363084618
93,0.000920123340345861,0.04998508068755462,0.04999964977596466,-6.104458210399603e-08,-1.2438653557928066e-06,-3.2212470146397503e-05,-8.132318907883018e-05,-4.231555905676032e-08,-1.8106311465706497e-08,-2.2913383575900865e-06,-0.0009237403321257816
94,0.000945650623861819,0.049984242062831974,0.04999964995692539,-7.094617653898714e-08,-1.3272904065465653e-06,-3.0965822551782396e-05,-8.293977589346468e-05,-4.139940301683964e-08,-1.8144275955096556e-08,-2.3244431329884514e-06,-0.0009255971187318411
95,0.0009720337386541514,0.04998355189203929,0.0499996505709471,-8.175062279547762e-08,-1.4373354441862984e-06,-2.9722960229490645e-05,-8.455556962871924e-05,-4.0291492808819385e-08,-1.8150669014858396e-08,-2.3564456621172673e-06,-0.0009275585108140226
96,0.0009993061948595878,0.049983031410516326,0.049999651614955384,-9.347346756790116e-08,-1.5758596806249766e-06,-2.8486173823089648e-05,-8.615580009063706e-05,-3.897558897847375e-08,-1.8123534162695373e-08,-2.3874066666374233e-06,-0.0009296403853345759
97,0.001027503012206153,0.04998269956420613,0.049999653084066245,-1.0612705232625928e-07,-1.7447912786937898e-06,-2.725771924394618e-05,-8.771356078796089e-05,-3.755213384692979e-08,-1.8061237749008575e-08,-2.4173901708098453e-06,-0.0009318574728648341
98,0.001056661180934521,0.04998257287280394,0.04999965497176471,-1.19721519987244e-07,-1.9459766218769822e-06,-2.603995034976441e-05,-8.920909749576822e-05,-3.590399089148377e-08,-1.796226777425216e-08,-2.446462805004812e-06,-0.0009342232596416296
99,0.001086820022297364,0.049982664304135976,0.04999965726992081,-1.342594084979226e-07,-2.181052431994441e-06,-2.4834909269934235e-05,-9.062619938049465e-05,-3.429009964861507e-08,-1.7825398303126705e-08,-2.474693445497182e-06,-0.0009367499090401417
100,0.0011180201882143507,0.049982982936385395,0.049999659968906034,-1.497438806318289e-07,-2.451292133619047e-06,-2.3644792718485254e-05,-9.193471487378702e-05,-3.2506086711237003e-08,-1.7649666559020628e-08,-2.502152465316123e-06,-0.0009394481508883794
101,0.0011503053949017585,0.04998353273087241,0.04999966305767347,-1.6616817052135385e-07,-2.7573240824701975e-06,-2.247167820676593e-05,-9.311120811617002e-05,-3.081742860899794e-08,-1.743376054147821e-08,-2.528911136342416e-06,-0.000942327164068934
102,0.0011837215615245551,0.04998431246019146,0.0499996665237121,-1.8352154246722255e-07,-3.0990559819218043e-06,-2.1317556858716127e-05,-9.413626685272902e-05,-2.9190491801500684e-08,-1.7177748606913472e-08,-2.5550409942005354e-06,-0.0009453944982049681
103,0.001218317043992184,0.04998531340943527,0.04999967035320685,-2.0178946067719097e-07,-3.475595713491297e-06,-2.018428929753493e-05,-9.498844156041741e-05,-2.7696874127514093e-08,-1.688159825965214e-08,-2.580613036904029e-06,-0.0009486559876566256
104,0.0012541427172586194,0.04998652021877159,0.0499996745310429,-2.2094790144485833e-07,-3.885048489436755e-06,-1.907352968619734e-05,-9.564327774569392e-05,-2.6437641409415846e-08,-1.6545799315502475e-08,-2.6056971786687927e-06,-0.0009521156674256458
105,0.0012912516482067316,0.049987908744405694,0.049999679040964695,-2.4097399234530145e-07,-4.3244943837385055e-06,-1.7986960030013745e-05,-9.6087773272302e-05,-2.548892830134264e-08,-1.6172251774032655e-08,-2.6303614428416144e-06,-0.0009557757244347041
106,0.0013296999784003418,0.04998944636659432,0.04999968386570408,-2.618348553959102e-07,-4.790008259796691e-06,-1.692617951257536e-05,-9.630404383642599e-05,-2.4807041754115744e-08,-1.5751415495053908e-08,-2.6546707942791163e-06,-0.0009596364279646649
107,0.0013695459445229865,0.04999109025030332,0.04999968898689333,-2.8348332062372745e-07,-5.2764513666493644e-06,-1.5892696576140305e-05,-9.628690168028697e-05,-2.5085412858061318e-08,-1.5292856348821337e-08,-2.678687220303448e-06,-0.0009636960649018339
108,0.001410852276454398,0.04999278844433097,0.04999969438524135,-3.0588018802968663e-07,-5.777713981934307e-06,-1.4887741215036792e-05,-9.602322825230658e-05,-2.498710749421207e-08,-1.4797523944310472e-08,-2.70246785420778e-06,-0.0009679509253885618
109,0.0014536829044382324,0.04999447595334702,0.0499997000405589,-3.289681449551654e-07,-6.286704156976215e-06,-1.3912192210123128e-05,-9.550951654091477e-05,-2.5421261540259366e-08,-1.4266683487205357e-08,-2.726063755881842e-06,-0.0009723953429848653
110,0.001498102615270341,0.049996082161976124,0.049999705931895566,-3.526960295256298e-07,-6.7957673339387855e-06,-1.2967216556724614e-05,-9.47522567003034e-05,-2.685957234405123e-08,-1.3702742279493492e-08,-2.749520054864304e-06,-0.0009770217478503429
111,0.0015441809344421435,0.0499975261272483,0.04999971203777162,-3.770027717759283e-07,-7.296669732145934e-06,-1.2053682013327071e-05,-9.37583899940364e-05,-2.8414408603794072e-08,-1.3104245737908314e-08,-2.7728741984164454e-06,-0.0009818207012732402
112,0.0015919881752275826,0.04999871971386229,0.04999971833615588,-4.018178627726793e-07,-7.780854920604855e-06,-1.1172300042804815e-05,-9.254132601199672e-05,-3.0666484462926746e-08,-1.248648095263562e-08,-2.796155546157444e-06,-0.0009867810092423148
113,0.001641598205191433,0.04999956914676179,0.04999972480467044,-4.2708718090866945e-07,-8.239932783284599e-06,-1.0323618507192598e-05,-9.110024984693155e-05,-3.2338320465896686e-08,-1.1846105412492773e-08,-2.8193827688139332e-06,-0.0009918898631261985
114,0.0016930838608835872,0.049999977686384624,0.04999973142070341,-4.5273328466621307e-07,-8.665724158231358e-06,-9.508043228270497e-06,-8.946993330027908e-05,-3.523107849900953e-08,-1.1188216336342576e-08,-2.8425639292443428e-06,-0.0009971330093957874
115,0.0017465197887593321,0.04999984934598655,0.04999973816165114,-4.786994708740164e-07,-9.050915683290085e-06,-8.726177600389648e-06,-8.768280531512573e-05,-3.829051564707697e-08,-1.0517769512082365e-08,-2.865696129067564e-06,-0.0010024949642560264
116,0.0018019835865168414,0.04999909123679592,0.04999974500513544,-5.049184449001403e-07,-9.389190942986975e-06,-7.978291985082963e-06,-8.575115498388186e-05,-4.122064112266344e-08,-9.839896018234225e-09,-2.8887630297719077e-06,-0.0010079592182353492
117,0.001859551757558353,0.049997618650574734,0.049999751928973345,-5.313256417493381e-07,-9.675361932820103e-06,-7.264693401499509e-06,-8.3712708146777e-05,-4.437477940655299e-08,-9.160179750372226e-09,-2.911734749131137e-06,-0.0010135084926571464
118,0.0019193017380576844,0.049995359435606734,0.049999758911390545,-5.578656586082622e-07,-9.905849288114435e-06,-6.585625451411443e-06,-8.159685967257246e-05,-4.774524953177206e-08,-8.48432772456487e-09,-2.934566501791509e-06,-0.001019125038292361
119,0.0019813104396827937,0.049992258852401134,0.04999976593122013,-5.844870862134194e-07,-1.0078882509640807e-05,-5.941267477970698e-06,-7.944244862301275e-05,-5.130453573087834e-08,-7.817866441041949e-09,-2.9571979829487573e-06,-0.001024790956734485
120,0.002045653675970854,0.04998828340306296,0.04999977296812211,-6.111539163576578e-07,-1.0194593329751674e-05,-5.3318976148187985e-06,-7.728399941697717e-05,-5.525611967982513e-08,-7.166279358942126e-09,-2.979552788648519e-06,-0.001030488536480051
121,0.002112407000695157,0.04998342593422803,0.04999978000272634,-6.378318783461446e-07,-1.0255110447618134e-05,-4.757761516648357e-06,-7.516448386013508e-05,-5.943776315575633e-08,-6.534698401074103e-09,-3.001537837179309e-06,-0.0010362006011671713
122,0.0021816439279617227,0.049977708690515675,0.04999978701668567,-6.6449897055455e-07,-1.0264492659375416e-05,-4.219205115107627e-06,-7.312557136174291e-05,-6.431900345660324e-08,-5.927755441100132e-09,-3.023043414904409e-06,-0.0010419108680243875
123,0.0022534366967499877,0.0499711847655066,0.049999793992881424,-6.911494745634211e-07,-1.0228708521570142e-05,-3.716622980762915e-06,-7.12068795110099e-05,-6.999183455036473e-08,-5.349635135113732e-09,-3.04394303570781e-06,-0.001047604296773172
124,0.0023278554132231265,0.04996394029270125,0.049999800915563476,-7.177883628199778e-07,-1.0155340496115063e-05,-3.250465410791095e-06,-6.945669883862138e-05,-7.642758959036655e-08,-4.803762557668143e-09,-3.064093822085727e-06,-0.0010532674461830632
125,0.002404966976013388,0.04995609353469021,0.04999980777050239,-7.444426404043234e-07,-1.0053559244342025e-05,-2.821332195797622e-06,-6.792102794861421e-05,-8.381672245150185e-08,-4.292551043870491e-09,-3.08333766584559e-06,-0.0010588887727057009
126,0.0024848371584617543,0.04994779014852572,0.049999814545014676,-7.711403843988788e-07,-9.933331890914345e-06,-2.429941568916836e-06,-6.664951797574759e-05,-9.228073594158559e-08,-3.817142717200526e-09,-3.1015024325186376e-06,-0.0010644589209051064
127,0.0025675285759016314,0.04993920119914258,0.049999821227957535,-7.979307076618704e-07,-9.805739508372228e-06,-2.077152874810382e-06,-6.569482502527535e-05,-1.0139073225445827e-07,-3.3758325168579e-09,-3.1184039277392294e-06,-0.0010699709980854426
128,0.0026531020194146006,0.04993051320813201,0.049999827809827604,-8.24873208320863e-07,-9.682107736839539e-06,-1.7638858432643136e-06,-6.510476669063792e-05,-1.111287275534778e-07,-2.978752681093471e-09,-3.133848453770914e-06,-0.0010754207885531862
129,0.0027416177328719957,0.04992192242379713,0.04999983428279628,-8.52059606984215e-07,-9.574078658162158e-06,-1.491175605997758e-06,-6.490227679023519e-05,-1.2219497591559048e-07,-2.6183235214617763e-09,-3.147634585183616e-06,-0.0010808068811994408
130,0.00283313083387171,0.04991362325693549,0.049999840640713035,-8.79573834000508e-07,-9.492448978783829e-06,-1.2602024793429734e-06,-6.51571317575872e-05,-1.314299993282475e-07,-2.292522653752772e-09,-3.159558024743203e-06,-0.001086130790211581
131,0.0029276963398740135,0.04990578579206478,0.04999984687904348,-9.075191642875025e-07,-9.448130472296045e-06,-1.0722479469514682e-06,-6.590575503651053e-05,-1.409245982131324e-07,-2.000221278952086e-09,-3.1694160666691066e-06,-0.0010913970443646038
132,0.0030253725056130745,0.04989857335040499,0.04999985299482559,-9.3601247296889e-07,-9.451263613535958e-06,-9.285570184763798e-07,-6.71493326080963e-05,-1.4868282960378565e-07,-1.7357986611047295e-09,-3.1770102905459196e-06,-0.0010966131041815342
133,0.0031262152953140825,0.049892109473647854,0.04999985898656583,-9.65169780613318e-07,-9.510638125289101e-06,-8.303296946678542e-07,-6.890780059620738e-05,-1.5441922585068824e-07,-1.5026569356443046e-09,-3.1821521305861692e-06,-0.0011017893149388065
134,0.003230283621149811,0.04988647794058826,0.04999986485413421,-9.95133305106005e-07,-9.63444505392775e-06,-7.786932262694834e-07,-7.116275082807988e-05,-1.5874859116138396e-07,-1.295384123319691e-09,-3.1846668741792543e-06,-0.0011069387659095448
135,0.003337637184584376,0.049881719778018085,0.04999987059870231,-1.026041473028991e-06,-9.829382375467917e-06,-7.746222930436005e-07,-7.389800884993747e-05,-1.601755172941921e-07,-1.112259825539735e-09,-3.184398481551132e-06,-0.001112077091600524
136,0.003448339336795274,0.04987781950272368,0.04999987622256588,-1.058037787109728e-06,-1.010137347250505e-05,-8.188922464177892e-07,-7.707963231950998e-05,-1.5974322309375566e-07,-9.457966747634108e-10,-3.1812145237502603e-06,-0.0011172222397182636
137,0.0035624595774236354,0.049874721562297414,0.04999988172898662,-1.0912647200346038e-06,-1.0455390990606142e-05,-9.119558350906765e-07,-8.064232679316774e-05,-1.5690636701037874e-07,-7.935040165595605e-10,-3.1750098409633147e-06,-0.001122394119208467
138,0.003680073943718592,0.04987232381510737,0.049999887122013593,-1.125863395061142e-06,-1.0895266526162007e-05,-1.0539099873649525e-06,-8.451937901554629e-05,-1.5347687565281376e-07,-6.549581592214438e-10,-3.165709326701364e-06,-0.0011276142123421266
139,0.0038012665074694586,0.04987049236999966,0.04999989240624614,-1.1619730420209157e-06,-1.1423888927158605e-05,-1.244482354938644e-06,-8.862488175509498e-05,-1.4968061634590413e-07,-5.2964962413679e-10,-3.153269600988552e-06,-0.001132905145725333
140,0.003926126705845094,0.04986905655050741,0.04999989758663087,-1.199726820003157e-06,-1.2042908639605229e-05,-1.4829920593450686e-06,-9.288440924137831e-05,-1.4654762026111712e-07,-4.18295598848859e-10,-3.1376804265503296e-06,-0.0011382902278748654
141,0.004054754360457225,0.049867823059412945,0.04999990266820852,-1.239242765865523e-06,-1.2753047857973782e-05,-1.7683725938815155e-06,-9.723231050884351e-05,-1.4458075270340487e-07,-3.2139497316026987e-10,-3.1189646662782288e-06,-0.0011437929597689792
142,0.004187257337919792,0.04986658059295724,0.049999907655837894,-1.2806217250190479e-06,-1.3554077422839884e-05,-2.0991850502747266e-06,-0.0001016062669805251,-1.442034118781521e-07,-2.3761034529590484e-10,-3.0971773771075505e-06,-0.0011494365452989607
143,0.00432375249804347,0.04986511072694247,0.04999991255392123,-1.3239381030233436e-06,-1.4444717965725486e-05,-2.4736516848715056e-06,-0.00010595915227895603,-1.4533998182741925e-07,-1.7069734633637736e-10,-3.072403859034245e-06,-0.001155243455100308
144,0.004464365322092044,0.04986319348506893,0.04999991736615092,-1.36925273209027e-06,-1.5422920070164532e-05,-2.8897861605846074e-06,-0.00011024788545910269,-1.4710468576595304e-07,-1.2308030469927018e-10,-3.0447561295391814e-06,-0.0011612349957037897
145,0.004609227932414031,0.0498606179453317,0.04999992209526236,-1.4165932743375582e-06,-1.6485203300066803e-05,-3.345411809341072e-06,-0.00011445124255260453,-1.496337631579081e-07,-9.653267968754978e-11,-3.014368857886831e-06,-0.001167430948953032
146,0.004758476984470638,0.04985717358229325,0.049999926742781316,-1.4659551438418936e-06,-1.7627146868502605e-05,-3.838244270782555e-06,-0.00011856835772050545,-1.522660539876597e-07,-1.0701002474327149e-10,-2.9813953192302375e-06,-0.0011738493873341147
147,0.0049122574511288744,0.049852662481093234,0.049999931308896614,-1.517347769144907e-06,-1.8843995966616097e-05,-4.366156724239362e-06,-0.00012258467904757708,-1.5241597850490507e-07,-1.5125824090636358e-10,-2.946001392176497e-06,-0.0011805064114669428
148,0.0050707095367825755,0.04984689148796816,0.04999993579226872,-1.5706906188950738e-06,-2.0128619933857027e-05,-4.927023630156843e-06,-0.0001265228056581691,-1.5378776652141823e-07,-2.3491805974336917e-10,-2.9083625714856487e-06,-0.0011874160642089363
149,0.005233975297960987,0.049839656887035295,0.049999940189980795,-1.6259260384518169e-06,-2.1474548635314904e-05,-5.518764618085137e-06,-0.0001304087054450065,-1.5291065835754125e-07,-3.631689469994126e-10,-2.868660398441835e-06,-0.0011945903538974042
150,0.00540220458106642,0.04983079043507559,0.049999944497649086,-1.6829680813883711e-06,-2.287525205652938e-05,-6.139571884353996e-06,-0.0001342034520348534,-1.4881727850024618e-07,-5.408223431869461e-10,-2.8270766806907394e-06,-0.001202039237740656
151,0.005575538867554734,0.0498201202396031,0.04999994870942459,-1.74170896249059e-06,-2.4322683218301953e-05,-6.7878416706170595e-06,-0.00013793025573249906,-1.4372106704740872e-07,-7.718722600001023e-10,-2.7837905891664877e-06,-0.0012097707687938044
152,0.005754118839436714,0.049807483303361606,0.04999995281811459,-1.8020388423421775e-06,-2.5809136502934942e-05,-7.46216449561476e-06,-0.00014159058628138155,-1.371105042835552e-07,-1.0593116400274754e-09,-2.7389757341508873e-06,-0.001217791200545045
153,0.005938083651462332,0.049792726249012875,0.0499999568153706,-1.8638317008870079e-06,-2.7326732941455174e-05,-8.161397162802019e-06,-0.00014518486568704247,-1.295605898121721e-07,-1.4049668842132227e-09,-2.692798106972103e-06,-0.0012261051438784123
154,0.0061275678216867946,0.04977570409308665,0.04999996069190676,-1.9269682341935357e-06,-2.8867845221923213e-05,-8.884642954070772e-06,-0.0001487055269535631,-1.2122964676564152e-07,-1.8092749068109131e-09,-2.645414505090256e-06,-0.0012347157479261248
155,0.006322702702106645,0.049756287951385036,0.04999996443778053,-1.991332530490678e-06,-3.0425034292757074e-05,-9.631170211108252e-06,-0.00015215617895592004,-1.1243420061646248e-07,-2.271244249530309e-09,-2.5969712134412164e-06,-0.001243624862025667
156,0.006523617199268524,0.049734362474592224,0.049999968042634346,-2.0568062249830835e-06,-3.199120052010584e-05,-1.040048480200832e-05,-0.00015552334662061185,-1.0348444590135841e-07,-2.7884970196555e-09,-2.547603317156721e-06,-0.001252833202913424
157,0.006730435992154268,0.04970983258774378,0.04999997149594643,-2.1232799731940317e-06,-3.355955921689345e-05,-1.11922699083488e-05,-0.00015880799037404358,-9.507437681577358e-08,-3.3568380192563117e-09,-2.4974344709384586e-06,-0.001262340518268642
158,0.0069432815378331824,0.0496826214962991,0.04999997478729329,-2.190658072909246e-06,-3.5123869326005776e-05,-1.2006362305316074e-05,-0.0001619959220988676,-8.652435923295343e-08,-3.971005573176449e-09,-2.4465765246897266e-06,-0.0012721457098974808
159,0.00716227344913009,0.04965267550185125,0.04999997790658,-2.2588452172777564e-06,-3.66779110920492e-05,-1.2842832907352504e-05,-0.00016508594853803515,-7.871508245216319e-08,-4.624235471883009e-09,-2.395129940286432e-06,-0.0012822469503261144
160,0.007387526950434985,0.04961996251409114,0.049999980844257004,-2.3277634012272243e-06,-3.821612177097192e-05,-1.3701789383494641e-05,-0.00016807693464215845,-7.148182845639894e-08,-5.308417075615838e-09,-2.3431843352254127e-06,-0.0012926417941407408
161,0.007619157935855082,0.04958447768941578,0.049999983591514016,-2.3973433973206965e-06,-3.9733347154147565e-05,-1.458354052289122e-05,-0.0001709545322228223,-6.47611315685026e-08,-6.014632792995291e-09,-2.29081870575546e-06,-0.001303327256699817
162,0.007857277582012724,0.04954623662174376,0.049999986140442015,-2.4675284280948854e-06,-4.122449959997605e-05,-1.5488543096987194e-05,-0.00017371586000081152,-5.866053953695882e-08,-6.733360936188893e-09,-2.2381022405485088e-06,-0.0013142998644639179
163,0.008101995491837944,0.0495052790987279,0.049999988484150736,-2.538260187701065e-06,-4.2684711775418634e-05,-1.6417293374771974e-05,-0.00017635540280025452,-5.312621809139273e-08,-7.454168144118804e-09,-2.18509493673764e-06,-0.0013255556870072236
164,0.008353420731861334,0.049461668097918056,0.049999990616869834,-2.6094960611388827e-06,-4.4109400834767444e-05,-1.7370515991905644e-05,-0.00017886850400827825,-4.819724708227113e-08,-8.163561126927581e-09,-2.131848135830661e-06,-0.0013370903976029289
165,0.008611658823638053,0.049415488858833505,0.04999999253403943,-2.681210931437816e-06,-4.54943174949721e-05,-1.8349036266510055e-05,-0.0001812443952076137,-4.370451023305577e-08,-8.851492743463544e-09,-2.0784049242971798e-06,-0.0013488992677948
166,0.008876812862880152,0.049366840738170666,0.04999999423235279,-2.7533662257004306e-06,-4.6834778994829816e-05,-1.935367031128859e-05,-0.00018348688900005072,-4.023528887842076e-08,-9.50609165118024e-09,-2.024801271782478e-06,-0.0013609771426850792
167,0.009148987490282682,0.04931583358046448,0.04999999570978852,-2.8259438186028078e-06,-4.8126399263812577e-05,-2.03855023637262e-05,-0.00018559068848844618,-3.689392258365842e-08,-1.0116800221509326e-08,-1.971066868040404e-06,-0.0013733184329889978
168,0.009428282575696948,0.04926260242224165,0.04999999696562227,-2.8989180575079763e-06,-4.936491918268632e-05,-2.144560075831176e-05,-0.00018754687334876508,-3.428582218134579e-08,-1.0671707138497102e-08,-1.9172253587923493e-06,-0.0013859171095211753
169,0.009714797732005898,0.04920728896486324,0.049999998000416254,-2.9722763713512208e-06,-5.0546049449188065e-05,-2.2535155474465323e-05,-0.00018935037951450795,-3.209499155332196e-08,-1.1171262370839103e-08,-1.863295143187834e-06,-0.0013987666769634628
170,0.010008626882175978,0.04915005164084249,0.049999998815996066,-3.04597578462704e-06,-5.1665244568210845e-05,-2.36553726516179e-05,-0.00019099802011623979,-3.042135432451687e-08,-1.158334970054651e-08,-1.8092904505734894e-06,-0.0014118602151361622
171,0.010309873064244916,0.04909106974101937,0.04999999941542815,-3.1200668086472266e-06,-5.271928900974191e-05,-2.4807797362011773e-05,-0.00019245335715822875,-2.9028143444520538e-08,-1.190575052928204e-08,-1.7552204756274553e-06,-0.001425190320125675
172,0.010618625277668908,0.049030524620843084,0.04999999980296662,-3.194509667229949e-06,-5.3702604450709044e-05,-2.5994411618210445e-05,-0.00019375752890482545,-2.9881395136044375e-08,-1.2134421897486071e-08,-1.7010907683202141e-06,-0.0014387489855672679
173,0.010934962062223956,0.04896853353143325,0.04999999998399666,-3.2692923075451795e-06,-5.4609998194286544e-05,-2.7216363968796496e-05,-0.00019494867592584342,-2.9057204642413126e-08,-1.2262804851522651e-08,-1.6469053734488906e-06,-0.0014525275439478788
174,0.011258988606475137,0.048905273503967395,0.049999999964982944,-3.344400824740529e-06,-5.5437627054510554e-05,-2.8475512521210602e-05,-0.00019595124467741698,-2.96977429314893e-08,-1.2285148430572096e-08,-1.5926658587719744e-06,-0.001466516662253453
175,0.011590784620479112,0.0488409342393378,0.049999999753401955,-3.419823288959495e-06,-5.618104329410896e-05,-2.9773675199655994e-05,-0.00019677721138577908,-3.089969524694425e-08,-1.2197257834088543e-08,-1.5383720578577303e-06,-0.0014807063946641467
176,0.011930433128637348,0.0487757002903237,0.049999999357674234,-3.4955465598796673e-06,-5.683557761788994e-05,-3.111269461243767e-05,-0.00019743536540772766,-3.271255977210785e-08,-1.1996932577154127e-08,-1.4840227614040656e-06,-0.001495086092334515
177,0.012278015827750996,0.04870975243618916,0.049999998787093256,-3.571557684047674e-06,-5.739662416228272e-05,-3.249472341847062e-05,-0.0001979306834982708,-3.509933677037225e-08,-1.1683866780648169e-08,-1.4296163431610004e-06,-0.0015096443825721062
178,0.012633606055456196,0.048643269725135656,0.049999998051751406,-3.6478396294778906e-06,-5.7859798038963074e-05,-3.392181668750835e-05,-0.00019827065989375114,-3.813016036247063e-08,-1.1259863605729798e-08,-1.3751516834461343e-06,-0.0015243691448335569
179,0.012997278222690981,0.04857642416263383,0.04999999716246225,-3.7243792731772518e-06,-5.822076819609462e-05,-3.539623215871486e-05,-0.0001984502887353301,-4.168221323652688e-08,-1.0728667982396293e-08,-1.3206287754760177e-06,-0.0015392474641462534
180,0.013369100906063755,0.04850939789488733,0.04999999613068517,-3.8011494443805085e-06,-5.847520953072657e-05,-3.692025971977264e-05,-0.00019848323427140713,-4.597446690013385e-08,-1.0096653304984716e-08,-1.266049270726754e-06,-0.0015542656256039835
181,0.013749138230912894,0.04844236600131555,0.049999994968451866,-3.878129495730408e-06,-5.861928939418622e-05,-3.849614511252164e-05,-0.00019838265143334866,-5.081922083149948e-08,-9.372891279890755e-09,-1.2114173394219188e-06,-0.0015694090695400052
182,0.01413745577612511,0.04837549199854968,0.04999999368828609,-3.955290456503146e-06,-5.8648882076603265e-05,-4.012646611698049e-05,-0.0001981475215870887,-5.62930395631156e-08,-8.568910068484781e-09,-1.156740519646732e-06,-0.0015846623572112377
183,0.014534107567523866,0.04830895471726472,0.04999999230312829,-4.032602664699587e-06,-5.856050837283344e-05,-4.181362782513107e-05,-0.00019780041475314647,-6.22565607955039e-08,-7.69934181780928e-09,-1.102030498956929e-06,-0.0016000091774422698
184,0.014939149043286405,0.04824291808268589,0.049999990826251006,-4.110040202703123e-06,-5.835092039290043e-05,-4.356022780769011e-05,-0.00019734988745767623,-6.88523300595989e-08,-6.781913563831249e-09,-1.0473041452587595e-06,-0.0016154323067679036
185,0.015352628570944377,0.04817754331530847,0.04999998927119111,-4.187555074709962e-06,-5.8017067842673676e-05,-4.5368814133189036e-05,-0.00019681161211337894,-7.586996275676938e-08,-5.837449761137588e-09,-9.925845519793768e-07,-0.001630913622954432
186,0.015774590046762845,0.0481129999551852,0.04999998765167785,-4.265114690460403e-06,-5.7556795002063566e-05,-4.724186578502144e-05,-0.000196201290236786,-8.344348145783442e-08,-4.890412008868232e-09,-9.379019834525869e-07,-0.0016464340873722978
187,0.01620507727266046,0.04804944520272341,0.04999998598154564,-4.342674285774981e-06,-5.696787199305077e-05,-4.918209557634379e-05,-0.00019553546735551208,-9.135536771509578e-08,-3.96803521217241e-09,-8.832951249515437e-07,-0.001661973716675034
188,0.01664412415968992,0.04798703907004086,0.04999998427466356,-4.420189822343249e-06,-5.624886722289109e-05,-5.119197622480444e-05,-0.00019483515643514693,-9.941778955635527e-08,-3.102353757694002e-09,-8.288123243253448e-07,-0.0016775116119564937
189,0.01709176397675417,0.04792593992411748,0.049999982544852266,-4.497617720550452e-06,-5.539911279880815e-05,-5.3274069167940105e-05,-0.00019411655375733972,-1.0778506265296528e-07,-2.329119339642323e-09,-7.745130125541915e-07,-0.001693025920933021
190,0.017548026181594296,0.04786629479324633,0.049999980805826766,-4.574891110000483e-06,-5.441807954917837e-05,-5.5430743097354025e-05,-0.00019339924619998783,-1.1619508910598597e-07,-1.6885154801386626e-09,-7.20469192053285e-07,-0.0017084938238897019
191,0.01801293722532983,0.047808254625791004,0.049999979071128034,-4.651957249010268e-06,-5.330628572969626e-05,-5.766412681751956e-05,-0.00019269928452558815,-1.2439245722362102e-07,-1.225120448037107e-09,-6.667670904596335e-07,-0.00172389156605091
192,0.01848652263582689,0.047751965575870914,0.04999997735403017,-4.728757904032243e-06,-5.206493897848459e-05,-5.9976520138984777e-05,-0.00019202593830414116,-1.3227594308773405e-07,-9.873465824578427e-10,-6.135088175568484e-07,-0.0017391944806361061
193,0.018968798203076374,0.047697584338594314,0.04999997566747846,-4.805228166780243e-06,-5.069634706915668e-05,-6.236975333399494e-05,-0.00019139834330417216,-1.3987400393489224e-07,-1.0279852019119298e-09,-5.60814235571716e-07,-0.0017543769926267217
194,0.019459784612523515,0.04764525516055076,0.049999974024019046,-4.881303712312529e-06,-4.9203384741557654e-05,-6.484559790344105e-05,-0.0001908296690089628,-1.4713005214161967e-07,-1.4040324901171076e-09,-5.088231264175355e-07,-0.0017694126122845017
195,0.019959496916655665,0.04759511531573503,0.049999972435734105,-4.956909908877812e-06,-4.758983325802534e-05,-6.740544026416337e-05,-0.00019032275304198265,-1.5344730286415142e-07,-2.1768546372766646e-09,-4.5769731895503816e-07,-0.0017842739747572303
196,0.020467950062244476,0.04754730581699267,0.04999997091418232,-5.031973862486802e-06,-4.586067373497015e-05,-7.005026736996004e-05,-0.00018989096861332655,-1.5918104168122227e-07,-3.4120763014501735e-09,-4.0762311764537274e-07,-0.001798932877223496
197,0.020985159939583827,0.047501955419766984,0.04999996947031755,-5.106425377902046e-06,-4.402180055849484e-05,-7.278088374901684e-05,-0.00018952695245388895,-1.6378764655655687e-07,-5.192650556548058e-09,-3.5881389592085644e-07,-0.001813360292273509
198,0.021511134757346475,0.04745919467178181,0.04999996811443878,-5.180163237182235e-06,-4.208009426908801e-05,-7.559757719271826e-05,-0.00018921634182333946,-1.6689294568550395e-07,-7.563952820343724e-09,-3.115128688108655e-07,-0.0018275264383383505
199,0.022045897327041063,0.04741915948733847,0.049999966856111806,-5.253153665475627e-06,-4.004403939254467e-05,-7.850046434249014e-05,-0.00018898106645792723,-1.7092419568598416e-07,-1.0622165095799543e-08,-2.659957784412003e-07,-0.001841400828104551
200,0.022589450228887347,0.047381958093695394,0.04999996570411373,-5.325287101875179e-06,-3.792242858415364e-05,-8.148908131650888e-05,-0.0001888307451736182,-1.7338861368898506e-07,-1.4447818715886482e-08,-2.2257434850860187e-07,-0.0018549522660502628
201,0.023141804901071227,0.04734765042670767,0.049999964666402844,-5.396478273588094e-06,-3.572531357860878e-05,-8.456178382047805e-05,-0.00018869030463974923,-1.7200518698246015e-07,-1.912570876997085e-08,-1.8159980856012217e-07,-0.0018681489140369842
202,0.02370298970301026,0.04731634771922251,0.04999996375004881,-5.466638973149489e-06,-3.3464507228374215e-05,-8.771735418554363e-05,-0.00018856576934922487,-1.7303186439221463e-07,-2.4743148208813864e-08,-1.4346613739719018e-07,-0.0018809583910114796
203,0.024273007678150302,0.04728814907987903,0.04999996296119277,-5.535680197837986e-06,-3.11524864992116e-05,-9.095366953187368e-05,-0.00018844683654606342,-1.7248522965473967e-07,-3.1389581448558236e-08,-1.0861403536403964e-07,-0.0018933478803264542
204,0.024851870730760436,0.047263130055157004,0.04999996230501981,-5.603509300187542e-06,-2.880298460956894e-05,-9.426817448342303e-05,-0.0001883117511169985,-1.7143499064786738e-07,-3.915500737432331e-08,-7.753506115764294e-08,-0.0019052841907988933
205,0.025439589094087528,0.04724135177293784,0.04999996178572298,-5.670033504923133e-06,-2.643069493973052e-05,-9.765772130845424e-05,-0.00018814222130458802,-1.7004285268740205e-07,-4.813084954022549e-08,-5.0775993456237216e-08,-0.001916733851275985
206,0.026036171223234435,0.04722286675826894,0.04999996140647825,-5.735157218096e-06,-2.4051439574933897e-05,-0.00010111866554286403,-0.00018792386981658638,-1.6867430474576395e-07,-5.8409657971609396e-08,-2.894355042309064e-08,-0.0019276632194294265
207,0.02664162214675187,0.047207709337658416,0.04999996116942524,-5.798783498916571e-06,-2.1681921693898824e-05,-0.00010464713356654529,-0.00018763658590614796,-1.6709289241134684e-07,-7.007642078349734e-08,-1.27094456612473e-08,-0.0019380385935543684
208,0.02725594161210501,0.047195902742609354,0.04999996107565356,-5.860822089440841e-06,-1.9339850483929795e-05,-0.00010823877694805811,-0.00018728314898908138,-1.6607459940587432e-07,-8.322238137435194e-08,-2.815755950511101e-09,-0.0019478263796607821
209,0.02787911706620287,0.047187460853023507,0.04999996112519986,-5.9211773138677034e-06,-1.7043912412959588e-05,-0.00011188897187245056,-0.00018686526163946837,-1.6540606395665236e-07,-9.79319559234323e-08,-8.078741498730464e-11,-0.001956993216867052
210,0.028511132323373895,0.04718236177364538,0.0499999613170545,-5.979752358060568e-06,-1.481322608799936e-05,-0.00011559265450365913,-0.00018636595632415265,-1.6495575039243704e-07,-1.142866099104806e-07,-5.405356755985238e-09,-0.0019655060843208816
211,0.029151964355085377,0.047180588106066484,0.049999961649179366,-6.036450103090207e-06,-1.2667666950855872e-05,-0.00011934460185545768,-0.00018580594041850418,-1.6553951809328282e-07,-1.3236321649922083e-07,-1.9779613700083843e-08,-0.0019733324578832226
212,0.02980157711614302,0.04718211136990097,0.04999996211853072,-6.091174420040941e-06,-1.062752106453247e-05,-0.0001231397862460195,-0.00018519519653636962,-1.6623992848963098e-07,-1.522339021631912e-07,-4.4290510410880805e-08,-0.001980440502917429
213,0.03045991215426644,0.04718688614312969,0.04999996272109223,-6.143831491445196e-06,-8.713586762714374e-06,-0.0001269728002407673,-0.00018455530516803265,-1.6781466172233195e-07,-1.7396438066297527e-07,-8.012995178606468e-08,-0.0019867992133722405
214,0.031126907215322887,0.04719485562930802,0.04999996345190856,-6.1943281853239005e-06,-6.946584933478778e-06,-0.00013083848931705932,-0.0001839069154812023,-1.6957861248556583e-07,-1.976148171272341e-07,-1.2860376351682773e-07,-0.0019923785913477264
215,0.03180247169818208,0.047205969130358225,0.04999996430513018,-6.2425749015576955e-06,-5.347513929629232e-06,-0.00013473159775311913,-0.00018328223086427897,-1.7190004086842237e-07,-2.2323758542406403e-07,-1.9114154763701923e-07,-0.001997149820358806
216,0.03248650662354706,0.0472201554507388,0.04999996527406842,-6.288480802542329e-06,-3.9369467377899785e-06,-0.00013864702383152672,-0.0001827132364269346,-1.7443088040636212e-07,-2.508756413264816e-07,-2.6930759295063325e-07,-0.0020010854173846846
217,0.033178889624599056,0.04723735400534282,0.04999996635124305,-6.331969069355825e-06,-2.7352483572386952e-06,-0.00014258037535764956,-0.00018224268569611013,-1.7711843725010112e-07,-2.8056628277552393e-07,-3.648130571261555e-07,-0.002004159439336017
218,0.03387946866688831,0.04725748840384481,0.04999996752845967,-6.37295152665267e-06,-1.762094220365149e-06,-0.00014652691806851695,-0.00018190566333942115,-1.79826358248647e-07,-3.123546101095355e-07,-4.795294380424697e-07,-0.0020063476126917557
219,0.0345880738404224,0.04728048971540988,0.04999996879688776,-6.411327473445996e-06,-1.036340384370528e-06,-0.00015048260157817593,-0.0001817120792111382,-1.8242498356357828e-07,-3.462590124005541e-07,-6.155033781325724e-07,-0.002007627458044272
220,0.035304518632969,0.0473063015693861,0.04999997014713059,-6.447015110017518e-06,-5.758870122557457e-07,-0.00015444355233284985,-0.00018169851682614535,-1.856881226558471e-07,-3.8228573896878484e-07,-7.749735432407718e-07,-0.0020079784870173224
221,0.036028593535752475,0.04733491901751332,0.04999997156929341,-6.479962249906276e-06,-3.973854250246941e-07,-0.00015840656531847502,-0.00018195409211330116,-1.8799862289142766e-07,-4.204515770060151e-07,-9.6038966512717e-07,-0.0020073824261990017
222,0.03676004361795314,0.04736629402461778,0.049999973053041796,-6.510100960262994e-06,-5.158711467616042e-07,-0.00016236877567402732,-0.00018249110144097358,-1.901123312109121e-07,-4.607569796758063e-07,-1.1744327831202865e-06,-0.0020058232662433745
223,0.03749861000925358,0.04740036349368364,0.0499999745876942,-6.537356125546064e-06,-9.448892064529186e-07,-0.00016632723708051044,-0.0001833108690334484,-1.9227543646138656e-07,-5.032049093194377e-07,-1.420038246419676e-06,-0.0020032873221504585
224,0.038244010739798495,0.04743711121298566,0.04999997616230752,-6.561656727478131e-06,-1.696213081696285e-06,-0.0001702802589819354,-0.00018445824389345944,-1.9448232535523857e-07,-5.477705936222448e-07,-1.7004217677792057e-06,-0.0019997633678022378
225,0.03899593920115585,0.04747653562124313,0.04999997776575194,-6.582962685706012e-06,-2.7796009162783507e-06,-0.0001742260851097643,-0.0001859802141552791,-1.9652075877729658e-07,-5.944307980248739e-07,-2.0191081764507684e-06,-0.0019952427522565517
226,0.0397540649255061,0.04751863244152682,0.0499999793867725,-6.601249536672568e-06,-4.202594364218318e-06,-0.00017816295754293507,-0.00018793277558870614,-1.9793586147898168e-07,-6.431910082464006e-07,-2.379963342278579e-06,-0.001989719431516681
227,0.04051802438495316,0.04756335089521935,0.04999998101407178,-6.616414452715194e-06,-5.970742932538164e-06,-0.00018208989258225125,-0.0001902344374684617,-1.9955650998326746e-07,-6.939782015865244e-07,-2.787227845454863e-06,-0.0019831898810050534
228,0.0412874904844761,0.04761068760832271,0.04999998263638866,-6.628473573629671e-06,-8.08782022545542e-06,-0.00018600554869095415,-0.00019297619292046875,-2.0230110919783328e-07,-7.468082303376707e-07,-3.2455578527985097e-06,-0.0019756531607200444
229,0.04206205289179382,0.04766065981892396,0.04999998424258335,-6.637304722230884e-06,-1.0555015303644478e-05,-0.0001899099294310557,-0.00019615462224464864,-2.032967785225992e-07,-8.016030327410991e-07,-3.7600682576241156e-06,-0.0019671108224262883
230,0.04284133995091244,0.04771324284867601,0.049999985821714756,-6.6429010469016904e-06,-1.3372157959419877e-05,-0.00019380162750937048,-0.00019973826420027763,-2.068736932869797e-07,-8.583172045489301e-07,-4.33637927922151e-06,-0.0019575668686724543
231,0.043624968173792245,0.047768455962301754,0.04999998736307732,-6.645237266107279e-06,-1.653673682227588e-05,-0.00019768107813965589,-0.000203848845558241,-2.0795926047867397e-07,-9.168882860156588e-07,-4.980671653909866e-06,-0.0019470277793864335
232,0.044412506542287324,0.04782624435631498,0.04999998885625295,-6.644291705865155e-06,-2.004418176359175e-05,-0.00020154738376118456,-0.00020839330682065338,-2.094911479844086e-07,-9.77245172164767e-07,-5.6997422446767515e-06,-0.001935502353723373
233,0.04520356103709806,0.04788651580979039,0.04999999029117646,-6.6400324898693535e-06,-2.3888970424436066e-05,-0.0002053997987048448,-0.0002133918460458517,-2.1077494238852523e-07,-1.0393041809876437e-06,-6.501067574499412e-06,-0.001923001574739898
234,0.045997728258738525,0.04794917903471318,0.04999999165817844,-6.632453746098964e-06,-2.8063849718498314e-05,-0.00020923762566617255,-0.00021884457964915782,-2.1204940026109398e-07,-1.1029769812893781e-06,-7.392875061268605e-06,-0.0019095385059560372
235,0.04679459999010769,0.0480141051759151,0.04999999294804114,-6.621529825918978e-06,-3.256052619712653e-05,-0.0002130591827098041,-0.00022473177523352206,-2.1257531557239417e-07,-1.168157216500659e-06,-8.384219884017107e-06,-0.001895128119251328
236,0.04759378901553943,0.04808114445274837,0.04999999415204301,-6.607255853915883e-06,-3.7369904948568474e-05,-0.00021686277117432181,-0.00023102811246644706,-2.125766371818827e-07,-1.2347294102489188e-06,-9.485069039164984e-06,-0.0018797871472454486
237,0.04839490733321897,0.04815010697149674,0.049999995261997256,-6.589620250169124e-06,-4.2482094521240455e-05,-0.000220646582347928,-0.0002377036726102233,-2.118853643651164e-07,-1.3025646427250857e-06,-1.0706396051690826e-05,-0.0018635339870965687
238,0.049197570886823305,0.04822078277387699,0.04999999627030145,-6.5686235531558315e-06,-4.788618123898506e-05,-0.00022440786662707957,-0.00024473981466144323,-2.1049179110832483e-07,-1.3715217924496421e-06,-1.2060284325042835e-05,-0.0018463885641174403
239,0.05000140987820324,0.04829291816308293,0.049999997169970556,-6.544264077342258e-06,-5.3571150027938016e-05,-0.00022814371756702727,-0.00025207659928128123,-2.0775496523128822e-07,-1.4414437044860027e-06,-1.3560040277087557e-05,-0.0018283721845276245
240,0.05080606429936592,0.04836623300112552,0.04999999795467076,-6.516550383864353e-06,-5.95253395245424e-05,-0.00023184987572231683,-0.00025967726833187044,-2.0496008801274002e-07,-1.5121576891121597e-06,-1.5220318234681613e-05,-0.0018095074182486915
241,0.05161120029856491,0.048440426409369686,0.04999999861874915,-6.48551007319145e-06,-6.573706722750373e-05,-0.00023552222712189708,-0.00026750151300802827,-2.0071470885341114e-07,-1.5834808726983205e-06,-1.7057259739646257e-05,-0.0017898180090628363
242,0.05241647705820836,0.04851516172594622,0.049999999157266134,-6.451170064220925e-06,-7.219372648505852e-05,-0.00023915562919566642,-0.00027547686477191746,-1.961793998361827e-07,-1.6552187675736243e-06,-1.908864821564158e-05,-0.0017693287505950951
243,0.05322156959399998,0.04859008346263369,0.04999999956603745,-6.413513395610788e-06,-7.88834613962499e-05,-0.0002427448645487566,-0.0002835210761986673,-1.9111310223252076e-07,-1.7271616477730777e-06,-2.1334078362810377e-05,-0.0017480653537796703
244,0.05402619277619484,0.048664845453968694,0.04999999984165773,-6.372634499295944e-06,-8.579385478811939e-05,-0.0002462843629582816,-0.00029165117302909493,-1.8658151645922771e-07,-1.7991022886814224e-06,-2.3815153600964123e-05,-0.0017260544901975643
245,0.054830020860405095,0.04873907719345326,0.04999999998153057,-6.328557572496159e-06,-9.291074203280497e-05,-0.00024976736569217025,-0.0002997776900883764,-1.79852904125255e-07,-1.8708017121585072e-06,-2.6555697375056925e-05,-0.001703323673569743
246,0.05563277397283372,0.04881237637990993,0.04999999998389928,-6.281344342949134e-06,-0.0001002214610975472,-0.00025318670160226465,-0.0003077985893469304,-1.750622260487944e-07,-1.9420297447199663e-06,-2.958198489080526e-05,-0.0016799011126118714
247,0.056434188174682015,0.04888437090045317,0.04999999984787959,-6.2310432386752755e-06,-0.00010771303702834139,-0.00025653571761930573,-0.0003157095634378493,-1.7045547906491265e-07,-2.0125553292114847e-06,-3.292302063258663e-05,-0.001655815657769479
248,0.05723399023858492,0.048954709968665806,0.04999999957348589,-6.177695527434365e-06,-0.00011537241890723855,-0.00025980731933513286,-0.00032344440114684403,-1.6612098363566474e-07,-2.082146860524011e-06,-3.6610845528647874e-05,-0.0016310967861474371
249,0.05803191321578976,0.049023069986237906,0.04999999916165006,-6.121383037204352e-06,-0.0001231851853623775,-0.0002629947787276341,-0.00033097341656684875,-1.623913732373694e-07,-2.150575320616408e-06,-4.068088338431198e-05,-0.0016057745913641232
250,0.05882768778473657,0.04908914088297403,0.04999999861423817,-6.062159903324306e-06,-0.000131136962696012,-0.00026609064435541757,-0.00033825080026872456,-1.5933289887470892e-07,-2.2176106699711963e-06,-4.517232999933773e-05,-0.001579879721448749
251,0.05962106214214165,0.049152647975512886,0.04999999793406293,-6.000112311699624e-06,-0.00013921294262639954,-0.0002690883870496803,-0.0003452424716670066,-1.5711798084794282e-07,-2.28304418497383e-06,-5.012859886088956e-05,-0.0015534433897505789
252,0.06041177583714026,0.04921334819465861,0.04999999712489843,-5.935339472782387e-06,-0.00014739691828166224,-0.0002719814054309037,-0.00035194275551475585,-1.5541603204383136e-07,-2.3466589009862702e-06,-5.559783787951467e-05,-0.0015264973699005817
253,0.06119954906808241,0.0492710325996244,0.049999996191472,-5.867883787067024e-06,-0.00015567240021066315,-0.0002747635269571501,-0.00035828480031341314,-1.543044021445894e-07,-2.408265298175275e-06,-6.163350834514359e-05,-0.0014990739358368037
254,0.06198412610811996,0.04932554712882943,0.04999999513945479,-5.797842022195579e-06,-0.00016402258790303671,-0.00027742942527766756,-0.000364287116099149,-1.547919907807227e-07,-2.4677017979048817e-06,-6.829506043400697e-05,-0.0014712058390784681
255,0.06276523534657079,0.04937679384302053,0.049999993975430534,-5.72527799100464e-06,-0.00017242999014385911,-0.00027997392024534877,-0.00036994947004131973,-1.5437483114055794e-07,-2.5248097327434337e-06,-7.564871230168844e-05,-0.0014429263560511306
256,0.06354259077654134,0.04942470682695582,0.049999992706869285,-5.650304321921407e-06,-0.000180874108903919,-0.00028239267567496304,-0.0003752432530745864,-1.5470611458567873e-07,-2.5794571190287e-06,-8.37683351268021e-05,-0.0014142693180834486
257,0.06431590539535091,0.049469255842153594,0.04999999134210475,-5.573010792933281e-06,-0.00018933431458245334,-0.0002846820819947484,-0.0003801716084126383,-1.5525044716468983e-07,-2.6315337879787677e-06,-9.273648826635343e-05,-0.0013852690760592467
258,0.06508488259634072,0.049510449703720705,0.04999998989026643,-5.493485475874873e-06,-0.00019778868597700516,-0.00028683905957735205,-0.00038473642780445516,-1.5590912028073944e-07,-2.680953231268866e-06,-0.0001026456202182298,-0.0013559604821974534
259,0.06584922278665743,0.04954833116775058,0.04999998836122424,-5.411832133756814e-06,-0.0002062142832917789,-0.0002888615068458739,-0.00038893663440831006,-1.5638092065728415e-07,-2.727655008600207e-06,-0.00011359946647943674,-0.0013263788814502709
260,0.06660861409731923,0.04958297650569674,0.04999998676551664,-5.328147384469687e-06,-0.00021458646806384626,-0.000290746964955519,-0.0003927790967281908,-1.5659323082672927e-07,-2.7715729714943832e-06,-0.00012571466714577308,-0.0012965600476475105
261,0.06736274571446751,0.04961448592518666,0.04999998511426622,-5.242502526786519e-06,-0.00022288103824645786,-0.0002924946522055559,-0.0003962436749134213,-1.5737263936443924e-07,-2.812707830089388e-06,-0.00013912266251045206,-0.0012665400663589975
262,0.06811132191654207,0.04964299109317045,0.04999998341909143,-5.155009822267296e-06,-0.00023107382078086134,-0.0002941046682846524,-0.0003993679420091212,-1.5727637503459846e-07,-2.851075978466582e-06,-0.00015397195438916807,-0.0012363553615638016
263,0.06885400963031603,0.0496686440298309,0.04999998169198379,-5.065761889240987e-06,-0.00023913694679000144,-0.0002955775510981942,-0.0004021446220576763,-1.562229812179794e-07,-2.8867001324096225e-06,-0.0001704307459748437,-0.0012060426803787913
264,0.06959048223334377,0.04969159560699029,0.049999979945220485,-4.974874302253209e-06,-0.00024704265294725166,-0.0002969143631830027,-0.00040458934381604195,-1.55638645082945e-07,-2.919628078940877e-06,-0.00018869003983667593,-0.0011756389398940195
265,0.07032042775907421,0.049711995613334226,0.049999978191261396,-4.882439508076035e-06,-0.00025476486153414555,-0.0002981162223352325,-0.0004067029512953013,-1.545184744600192e-07,-2.949921635144858e-06,-0.0002089673219037587,-0.0011451811005932977
266,0.07104354211758034,0.04973000868020527,0.04999997644263105,-4.788565785814753e-06,-0.00026227713285399576,-0.0002991853818435016,-0.0004084952233824879,-1.5300163624942797e-07,-2.9776672139664903e-06,-0.00023151095658691638,-0.0011147060784755698
267,0.07175951570594133,0.0497457935719659,0.04999997471180909,-4.69335323376932e-06,-0.0002695531679251044,-0.0003001247861643809,-0.000409974018111825,-1.5089111116139975e-07,-3.00296892573719e-06,-0.0002566054649844358,-0.001084250646471708
268,0.07246804191360935,0.0497595097211444,0.049999973011088536,-4.596897829594908e-06,-0.0002765671091817731,-0.00030093751570317334,-0.0004111461457796395,-1.4853263508030068e-07,-3.025941218193268e-06,-0.00028457783060863764,-0.0010538513004911567
269,0.07316883123136252,0.0497713100893465,0.04999997135246874,-4.499305911780517e-06,-0.0002832947165888835,-0.0003016274194162533,-0.0004120197263546288,-1.4584412610929576e-07,-3.046716723112148e-06,-0.0003158051221077562,-0.0010235441356380576
270,0.07386159480613141,0.0497813411018315,0.04999996974753584,-4.400670870176294e-06,-0.0002897122876788747,-0.00030219826013820313,-0.0004126141720917076,-1.425673161747909e-07,-3.065433779525925e-06,-0.0003507237246870271,-0.000993364722831572
271,0.07454606922827071,0.049789738479811496,0.04999996820736513,-4.301111749599489e-06,-0.00029579816521003104,-0.0003026543619926827,-0.00041293949470855296,-1.3906584683809342e-07,-3.0822357206558956e-06,-0.0003898405751464951,-0.0009633479650703464
272,0.0752219887304181,0.04979662979073037,0.0499999667424276,-4.200713451576719e-06,-0.00030153241036171143,-0.00030300053915833657,-0.00041297945426777005,-1.355836047878256e-07,-3.0972795232464543e-06,-0.00043374692933286196,-0.0009335279776979032
273,0.07588910947670993,0.04980213343262402,0.04999996536246545,-4.099578360429622e-06,-0.00030689676473156813,-0.00030324170327373015,-0.0004127672000322491,-1.315470257168272e-07,-3.110730389136484e-06,-0.00048313531180254205,-0.0009039379662304098
274,0.07654720262776095,0.04980636325734844,0.049999964076417026,-3.997807374012722e-06,-0.00031187567108788186,-0.000303383435559477,-0.00041229589260183275,-1.2703154084192647e-07,-3.122756829242087e-06,-0.0005388205395128512,-0.0008746101232780881
275,0.07719604281349295,0.04980942452694377,0.04999996289232577,-3.89549547016471e-06,-0.0003164542577583697,-0.0003034307553522907,-0.0004115886113140732,-1.2251766179360857e-07,-3.133522402159327e-06,-0.000601765857157407,-0.000845575516724748
276,0.077835436833366,0.04981141309309106,0.04999996181729221,-3.7927524766071527e-06,-0.00032062139460968536,-0.0003033892998754331,-0.00041065309778787196,-1.1777790831501989e-07,-3.143197487199863e-06,-0.0006731157478284144,-0.0008168639701073356
277,0.07846519987810817,0.049812417645360534,0.049999960857434717,-3.689674714740847e-06,-0.00032436797686109776,-0.0003032649576512577,-0.0004094888863619417,-1.128914846049156e-07,-3.1519518621442867e-06,-0.0007542374453442764,-0.0007885039874641665
278,0.07908516091225412,0.04981252282728728,0.04999996001782377,-3.586362435975485e-06,-0.0003276870508879589,-0.0003030633629161594,-0.0004081122751813382,-1.0794047966555809e-07,-3.159949769168938e-06,-0.0008467736984029957,-0.000760522673834967
279,0.07969517046273178,0.04981180936727583,0.04999995930246462,-3.4829162853642223e-06,-0.0003305741176964222,-0.00030279042465589367,-0.0004065323737449944,-1.0283752516215827e-07,-3.167359041634916e-06,-0.0009527105204313075,-0.0007329456575815301
280,0.08029508696979248,0.04981035398216127,0.04999995871425701,-3.3794153229493525e-06,-0.00033302739006821173,-0.00030245193315630334,-0.0004047432157676667,-9.792794486429557e-08,-3.1743343097740137e-06,-0.0010744647982833292,-0.0007057970338192211
281,0.08088480968964024,0.04980824079203566,0.04999995825502959,-3.275999342063476e-06,-0.0003350470286872676,-0.0003020537867293922,-0.00040279226959683,-9.24441962979472e-08,-3.181035279154552e-06,-0.0012149987832512975,-0.0006790993515081003
282,0.081464216922636,0.04980554106581897,0.049999957925564845,-3.1727493128023637e-06,-0.00033663395293636185,-0.00030160166171684465,-0.0004006463277619332,-8.781095317544896e-08,-3.1876008169266818e-06,-0.00137797101662417,-0.0006528735511047735
283,0.0820332304249511,0.04980232345973057,0.04999995772560509,-3.069773299153836e-06,-0.00033779334736437785,-0.00030110113038119566,-0.0003983450587838888,-8.27720896268147e-08,-3.1941792211125382e-06,-0.0015679373327100678,-0.0006271389023480962
284,0.08259178989653418,0.04979866441533788,0.04999995765387946,-2.96716127205583e-06,-0.0003385334122368462,-0.0003005580384999249,-0.00039587789797224104,-7.79639819370459e-08,-3.2009065604781516e-06,-0.0017906220393151496,-0.0006019130347310049
285,0.08313982963111166,0.04979464316839679,0.049999957708133404,-2.8650173762564147e-06,-0.0003388605634543052,-0.00025315044232463926,-0.00039327386184595525,-7.345878572095899e-08,-2.6318757920888262e-06,-0.001988544218799705,-0.0005784406147541157
286,0.08435823097491517,0.04974567285423337,0.04999996562049772,-3.3698376476472172e-06,-0.0003092976958630026,-0.0002356635896475405,-0.0014316316228359938,-0.0006057191058062017,-2.538504527082355e-06,-0.002188360112205183,-0.0005552131774515274
287,0.08539760649722167,0.048192568066116104,0.049999984597532465,-3.1911057910824173e-06,-0.00031269506568111803,-0.00022481762261494467,-0.0036382272373884916,-0.0007318339194171131,-2.316767738579288e-06,-0.00230708635585472,-0.0005332293568713101
288,0.08619636664702152,0.04657711878000198,0.049999997842527066,-2.6361994658272085e-06,-0.00032044334356494934,-0.00021698627065904345,-0.005503715947270393,-0.00034594497992657125,-2.037165532327801e-06,-0.002392178539964213,-0.0005114356681775742
289,0.08683638737004576,0.04580468067822126,0.049999998768969225,-2.0024485528705072e-06,-0.00033171519156973794,-0.0002128902218902308,-0.005690712947398424,-4.83015101053752e-05,-1.1877746934183772e-06,-0.002443154660013219,-0.0004896637019574141
290,0.08739384686921875,0.04551173538440316,0.04999998688039491,-1.4314128963490762e-06,-0.00034482293218250816,-0.00021086768268216763,-0.00510514946654439,-5.0850754632847384e-05,-8.753223580186552e-07,-0.0024629478852671687,-0.00046777357024961825
291,0.0879030931172192,0.045520219806900686,0.04999996412856069,-9.46464988611156e-07,-0.0003619838102077676,-0.00020914945619787212,-0.004278988111764193,-8.606962364865467e-05,-8.081703968867598e-07,-0.0024536053999640647,-0.0004456788856384757
292,0.08837166059656591,0.04565767939814291,0.049999933472350676,-5.604348730375901e-07,-0.00038331379671395526,-0.00020664631536401583,-0.0034522381611168385,-0.00010636087245075032,-8.524953032853549e-07,-0.0024207778142673335,-0.00042334599349594924
293,0.0887994956007566,0.04580281825351294,0.04999989837628715,-2.8004860030973546e-07,-0.00040662631784032583,-0.00021367188752318734,-0.002816583728417754,-9.04934640857391e-05,-1.4064549217989611e-06,-0.002363706712660554,-0.0004007664924901411
294,0.08912417052548076,0.046034716048811555,0.049999865066187886,-9.451812214106392e-08,-0.00043252424760193846,-0.00022640032968057044,-0.0021223898511379957,-0.0001693994563538581,-9.001744562019252e-07,-0.0022922684485316676,-0.00037810673681347396
295,0.08937726020382919,0.04604392101999502,0.049999843233341675,-1.3741689652913148e-08,-0.0004513908533525103,-0.00024556794749241566,-0.0018655244493857026,-0.00010131050657946616,-1.7091184795306404e-06,-0.002203937233968818,-0.0003555509627599112
296,0.08961020275044786,0.0456523819080475,0.049999835655451665,-1.816549630945312e-10,-0.00046270386066765115,-0.00027085296923449515,-0.0017751617124304175,-3.5550710890674964e-05,-3.0894202886749285e-06,-0.0020979655475348176,-0.0003334359348032112
297,0.08982068730874754,0.045007537434719934,0.04999984255529365,-6.6816623179564894e-09,-0.0004606573427255266,-0.000304146329643374,-0.001815174357034266,-5.067588062956929e-05,-6.992512875939764e-06,-0.0019728973434044277,-0.0003121853525152085
298,0.09001591462493298,0.04419705033210413,0.049999861942844094,-5.0927776776168086e-09,-0.0004379182521403596,-0.0003475721047990642,-0.002078394405543804,-9.771556506166235e-05,-1.0560580499966119e-05,-0.0018302369914100476,-0.0002922194608972348
299,0.09019860604322412,0.043453142196251134,0.049999890229645134,-3.230613069621718e-11,-0.00039977873925015566,-0.0004041771895955946,-0.0025925564114004374,-0.00012472290836740285,-1.5637681319470967e-05,-0.0016743413558867892,-0.0002738257996160804
300,0.09038975985078775,0.04281272454541112,0.049999922881205305,-2.2524931262851624e-08,-0.0003529882481126075,-0.00038523427760441177,-0.0031773019582033157,-0.00011345999519107863,-2.7920102145961235e-05,-0.001504483108008047,-0.0002572002066379621
301,0.09073156208737743,0.04177397108961709,0.04999995495379789,-1.4923030134473068e-07,-0.00029466977344524037,-0.00017764152547486856,-0.003237203462049365,-2.713026879064273e-05,-1.3260919038161354e-05,-0.0013596225897301428,-0.0002428784982900902
302,0.09144464256288325,0.0396635585353385,0.04999996075882741,-4.6928800331036123e-07,-0.00022428444683257346,-0.00011995259997992282,-0.0023478842340409756,-0.0003094887069892138,-9.381348308395381e-06,-0.001250126289112254,-0.00023051114104747663
303,0.09188237541136796,0.0393493155811728,0.04999994782413564,-5.422349670492688e-07,-0.00019302561916706708,-0.00010159980393467704,-0.001684202696196735,-0.0002957982651423663,-8.362073715643551e-06,-0.0011568434892972764,-0.0002193361806359322
304,0.09213604150477643,0.03955214417701064,0.04999992457428518,-4.5733406034528826e-07,-0.00017077137733935213,-0.00011271140815111078,-0.0020929935853928328,-0.0002560350694693625,-1.2122799224017676e-05,-0.001068910515140895,-0.0002089698262771284
305,0.09224010009262035,0.04071037158702548,0.04999989920650973,-3.141111230729506e-07,-0.00016615908225001564,-0.00013499723652688581,-0.002030999166890979,-0.0001553524925839156,-1.674296274480276e-05,-0.0009827988748273868,-0.0001993360826714634
306,0.09228372584859434,0.04138239627749463,0.04999988350036124,-2.3360762084762868e-07,-0.0001581378621104989,-0.00016626721137074355,-0.002126335632055998,-3.241170270484872e-05,-2.3997831550513134e-05,-0.000894141089051965,-0.00019050632336266066
307,0.09233292914457808,0.04156323729071296,0.049999879567157825,-2.073224293556031e-07,-0.00015201958945328396,-0.00020743949356215546,-0.0020484132692217827,-2.0349383703432977e-05,-3.3300416923477685e-05,-0.0008048664751897384,-0.00018254125832258694
308,0.09241768090112015,0.04141778281398176,0.04999988725926588,-2.3549067597630824e-07,-0.00014813561095928287,-0.00021476453338032178,-0.001990752061828971,-8.175734546966851e-05,-4.4970146160072975e-05,-0.000715065466094915,-0.0001754771101766639
309,0.09263153443957846,0.040816665597288054,0.04999990457053414,-3.5029342586977735e-07,-0.00014238492200825678,-0.00011878386750213368,-0.002072315663099289,-8.34358943393454e-05,-3.2620178807164316e-05,-0.000637778366622335,-0.00016955803925478713
310,0.09314155503836617,0.039475125646214776,0.04999990234355877,-5.763576831881794e-07,-0.00012996270764267407,-9.193767930413242e-05,-0.0021657925099134445,-0.00011104139412054792,-3.2209652728315445e-05,-0.0005745819536169966,-0.00016453174931286524
311,0.09351831128722848,0.03967265012421534,0.0499998816187629,-5.905817781084388e-07,-0.00012845043101032092,-8.744276456114802e-05,-0.001862801262177527,-0.00010835254943231121,-3.5706702811630704e-05,-0.0005173140117221389,-0.00016003147050248846
312,0.0937757376343068,0.03993606583210098,0.04999985094591092,-5.7300224152257e-07,-0.00012642677453937145,-0.00010982623738068495,-0.002351156435906887,-0.0001292683882638812,-4.987498574799605e-05,-0.000460709855517152,-0.000155893724568941
313,0.09388936734172838,0.041274963323782526,0.04999982580221557,-4.194138102536044e-07,-0.00013397356289694714,-0.00013899262842658632,-0.0022713690996170044,-0.0001953561877598986,-4.8236140674582135e-05,-0.00040593168505123346,-0.000152146341334324
314,0.09396062739893812,0.04203852827605645,0.049999815251507394,-3.4248048330513725e-07,-0.000143834724949668,-0.00017860402856374183,-0.0021747916471213102,-1.9471788618830033e-05,-6.440584025236117e-05,-0.0003533438691842924,-0.0001490616734326044
315,0.09406365546127253,0.042259924391737244,0.04999981967465737,-3.60696516053279e-07,-0.000150596715861503,-0.00013467971402166944,-0.0018764451378956437,-3.9922382711665705e-05,-5.4573320480351384e-05,-0.0003097021747706639,-0.00014678398134397024
316,0.09442354752514998,0.04154745258579722,0.04999982223173631,-4.7559074845264625e-07,-0.000154148287921196,-0.00010241822130750056,-0.002038296777755022,-0.00015867075126152486,-4.439916745784236e-05,-0.00026567036799810743,-0.00014491900907393686
317,0.09482499569639435,0.0415867248114504,0.04999980581598129,-5.049466805456621e-07,-0.00015803720882640634,-9.67037608684376e-05,-0.0018466372275725007,-4.112216629437171e-05,-4.200313410073937e-05,-0.00023250014922716064,-0.00014337378393324191
318,0.09511595196603587,0.04224901903333341,0.04999977731749086,-4.3851154825981076e-07,-0.00015799476377207838,-0.00011924149927143357,-0.0018517336575314403,-4.214078944642097e-05,-5.9658112996466625e-05,-0.00020015542779372106,-0.00014203065834050808
319,0.09527103654348765,0.04317994083989282,0.04999975737979117,-3.476418077167451e-07,-0.0001606261243026918,-0.00015093655010737985,-0.0018298825016245246,-0.00012531683023553342,-7.90789364329525e-05,-0.00016718090189150157,-0.00014106248631529916
320,0.09539892600543007,0.04349296704712238,0.04999975498377944,-3.2720444541648355e-07,-0.00016523760813012207,-0.00012824996462338536,-0.0018456338439136744,-1.8291368178324774e-05,-5.573868451326394e-05,-0.0001410072716345024,-0.0001406337428623986
321,0.09570052076275133,0.04335364982638776,0.0499997544617794,-3.6102262860311773e-07,-0.00017312217724706823,-0.00010820221894988934,-0.0019111617002636194,-0.00018009812629316002,-4.0510180740125527e-05,-0.00011492604968359581,-0.00014044822318616122
322,0.09605799571370915,0.04370803548566293,0.04999973855910325,-3.380732978097544e-07,-0.0001789231857002984,-0.00010588784822089531,-0.0017557748360559344,-3.6463366996031255e-05,-3.5045051904908195e-05,-9.669162973605689e-05,-0.00014030055144105075
323,0.09633700013877439,0.04439109966526006,0.049999713163115966,-2.724523662388113e-07,-0.0001794454924682174,-0.00012852697586399197,-0.0016560135409235954,-2.5012544938363135e-05,-5.354218661181359e-05,-7.908477011018598e-05,-0.00014021262244720168
324,0.09650262318813,0.045069443419258476,0.04999969894452739,-2.103009905064879e-07,-0.00017930036041262931,-0.0001452017117590492,-0.0015911704394966364,-0.00010470276902196929,-7.327278935103572e-05,-6.119580091066139e-05,-0.00014040424617843856
325,0.09667783723250661,0.045231842238748474,0.04999970426623784,-2.0054796027503302e-07,-0.0001816215575216102,-0.00012110838851933418,-0.0016399886226281524,-1.855748450907413e-05,-3.531799018458098e-05,-4.718472037777808e-05,-0.0001409476385803773
326,0.09698335811248411,0.045315574417456934,0.049999699975727216,-2.0067077867962708e-07,-0.00018872883701611076,-0.00012822767647931445,-0.0017405633116140962,-0.0001587949664099142,-5.179354225370897e-05,-3.6972407182829335e-05,-0.00014154370463804894
327,0.0972295122767049,0.04583380970598071,0.049999688510288146,-1.5761608444793727e-07,-0.00019178508783196428,-0.00013191007236704346,-0.0013918383046984673,-5.845499617862515e-05,-1.4406365377305936e-05,-2.636880437385416e-05,-0.00014212309223787383
328,0.09744588261061847,0.04616015367411469,0.04999968591234887,-1.3788067320152713e-07,-0.00019280061872244602,-0.00011952059567675259,-0.0015169018879532814,-1.5271050870069303e-05,-1.313208685360834e-05,-2.0023222349701457e-05,-0.0001428701450310428
329,0.09771175444627894,0.046520926780115934,0.04999967843984112,-1.0667470291175918e-07,-0.00020432581966687544,-0.00012878501441073925,-0.0015126940561458468,-2.1812655177200213e-05,-2.4932228698003228e-05,-1.4667353783320951e-05,-0.0001436592163085548
330,0.0979100842053362,0.047027279945854816,0.04999967343348041,-7.239006806034821e-08,-0.00020805777796427903,-0.00012046979509073629,-0.001275035785511136,-4.2633859266061336e-05,-4.075809776813404e-06,-1.126102503414356e-05,-0.00014456120630583293
331,0.09812862840101601,0.04741633344470211,0.04999966962120368,-4.3421675314057915e-08,-0.00021560136100350915,-0.00012187935200361777,-0.0014596163528040051,-7.576856296509504e-05,-1.1784606272017482e-06,-8.92412700226072e-06,-0.00014560203352646423
332,0.09832690568087721,0.0479345627646022,0.04999966405938987,-2.1652111089450736e-08,-0.00022069735016113864,-0.0001287881514663242,-0.0011603004531934857,-6.357375241350383e-05,-1.2736187574869268e-06,-6.54574889115673e-06,-0.00014679870718222116
333,0.09848228581831649,0.048292653130047714,0.04999966765566015,-1.3135117349947153e-08,-0.00021841804125245215,-0.000124615179093499,-0.0011228363728150725,-9.769152711669449e-06,-3.4722249389032634e-07,-5.3036271401138845e-06,-0.00014840453090014168
334,0.09866129198377672,0.04857623329960039,0.049999672120970645,-1.0496421532354364e-08,-0.00021864830240310473,-0.00012548122172541113,-0.001166934845969081,-5.6271994253620505e-05,-5.793846403418122e-07,-4.340130610554429e-06,-0.0001502728139888116
335,0.09884028542332667,0.04885074848445837,0.04999967456625673,-4.204204937512645e-09,-0.00022067356768529862,-0.00012806096974874177,-0.0010234228102490306,-6.620906788157299e-06,-7.854906667209171e-07,-3.5609281092716056e-06,-0.00015221655549718647
336,0.09899828719678913,0.04907693290915488,0.0499996777271188,-1.0935729885398085e-09,-0.0002190211254360489,-0.00013178916557359368,-0.0010107137495651841,-5.951294497208437e-07,-8.719602839779989e-07,-2.8756895088470163e-06,-0.00015426398187447666
337,0.09914031922514277,0.04927325507665873,0.0499996826132408,-2.096225898206583e-11,-0.00021733804867773385,-0.0001398887944419875,-0.0009707927820272744,-7.728336868240149e-07,-2.203776301148301e-06,-2.034221386577424e-06,-0.00015639389861537688
338,0.09925794778450243,0.04943044383342782,0.04999969127940869,-2.894945913561136e-10,-0.00021442093748481222,-0.00014269792348496862,-0.0009179535554721951,-3.3172677831316832e-06,-7.10609107660803e-07,-1.5807464323380841e-06,-0.00015867465723235367
339,0.09938076525409073,0.04951727936962666,0.04999970271184585,-8.107700138007015e-10,-0.00021402696890507702,-0.00014680816994424656,-0.0009604968945495784,-9.870722351479344e-06,-8.042526197341061e-07,-1.0798147009881181e-06,-0.0001610030197013122
340,0.09948996535341881,0.049614029819542986,0.04999971387576815,-2.2362880538513762e-09,-0.00021564661382807938,-0.0001554421507776883,-0.0008899019449017942,-2.575278813310433e-06,-2.1484378611926293e-06,-5.486574149124321e-07,-0.00016329685812430144
341,0.09957013372123408,0.049691980747037984,0.04999972740915859,-3.6738072348484203e-09,-0.00021530140122408034,-0.00015866502092643439,-0.0008555800886824727,-3.1011481951281894e-06,-6.739521969774296e-07,-2.965371613960375e-07,-0.00016565625968379996
342,0.09964818557849132,0.0497288709676649,0.049999742618245475,-4.39012781130743e-09,-0.00021775751605911217,-0.00016325940938306585,-0.0008961576386354864,-6.21802018940798e-06,-7.805417072471521e-07,-8.848963533041991e-08,-0.0001679932995760499
343,0.09970607409577309,0.04977875032360893,0.04999975683971647,-6.404572213645828e-09,-0.00022228385108279586,-0.00016840829296182807,-0.0008223871700465679,-2.6378756956546567e-06,-8.293625243854892e-07,-2.1123022001949645e-09,-0.0001702937455135913
344,0.09974099742752857,0.04981994404091233,0.049999771199671056,-8.517420913299315e-09,-0.0002259222932177093,-0.00018298442560074098,-0.0008081827545538545,-4.618918580945319e-07,-9.131168676119223e-07,-8.464525631198204e-08,-0.00017253618589667887
345,0.09973645739117297,0.049853939922102186,0.0499997908151625,-9.12611809771789e-09,-0.00022707976846130467,-0.00018512499512128968,-0.0007418272434733808,-1.2697404599748552e-05,-5.448491427535907e-07,-3.5558834667413346e-07,-0.00017484077144651263
346,0.09973938193770986,0.04983375633659117,0.049999810320699556,-7.227149549751209e-09,-0.000232375058339851,-0.0001899210794862687,-0.0008406761917285621,-1.9362660168553703e-05,-7.461904529272206e-07,-8.034049768750626e-07,-0.00017715994201730027
347,0.09971452553112342,0.04984629031415014,0.04999982638605699,-8.713803270638828e-09,-0.00024191003475412744,-0.00019562133004071095,-0.0007228716276586056,-7.524278316850541e-06,-8.584765105525831e-07,-1.430795593856598e-06,-0.00017943612772329442
348,0.09966137397402447,0.04985787424517486,0.04999984128439605,-1.038561490244926e-08,-0.0002483396499199091,-0.000202225996256114,-0.0007241706480272114,-3.351310908783489e-07,-9.125301217283477e-07,-2.2633831405521385e-06,-0.00018171373246256913
349,0.09958346511340394,0.049874081355072875,0.04999985600410477,-1.226920620426615e-08,-0.0002551329112699554,-0.00020935231430432405,-0.0006918088183738291,-1.4346314856084064e-06,-9.452337986009083e-07,-3.333071155818675e-06,-0.00018403606635993474
350,0.09948168344475555,0.049886752173353206,0.049999870920695196,-1.3809696728219346e-08,-0.00026151453877659383,-0.00022091954067996445,-0.0006681093364022672,-1.2279862176001188e-06,-2.271432809770266e-06,-5.018376986487332e-06,-0.0001863749920733784
351,0.09935022420615101,0.04989556076662721,0.04999988707078736,-1.3781719094463828e-08,-0.0002662517818636362,-0.00022733275160821237,-0.0006339483661577106,-3.6629626265494153e-06,-8.135617170475036e-07,-6.555531846023683e-06,-0.00018890965520660156
352,0.09920296453426872,0.04987896186648699,0.049999903542440334,-1.2282031568040486e-08,-0.0002725610631937123,-0.0002394219532626231,-0.0006544017815031111,-3.093048462687875e-06,-2.287160451610691e-06,-9.150369130242556e-06,-0.00019145599925548816
353,0.09902243799892237,0.049874582213178344,0.04999991949074406,-1.1009253046902419e-08,-0.00027901149392377424,-0.0002463825378425,-0.0005899551906622946,-5.968251571175642e-06,-8.435214554442425e-07,-1.14527539574385e-05,-0.00019422041974344768
354,0.09882363673731676,0.049840834622660535,0.04999993470377965,-8.726388547020873e-09,-0.00028498893217298097,-0.0002551825756810053,-0.000618963735178113,-2.2858207557874266e-06,-1.0064270918340042e-06,-1.4502885246532414e-05,-0.00019707507633381878
355,0.09859641857150069,0.049825932506438075,0.04999994795906257,-7.814163453892353e-09,-0.00029263950851335217,-0.0002672856702611097,-0.0005694234278053045,-4.131297373533016e-06,-1.0979608405820573e-06,-1.8051224854439678e-05,-0.00020006070693830516
356,0.09834149862549985,0.04981076387897139,0.04999995993650319,-6.281652197588511e-09,-0.00029664584988125256,-0.0002846348692494084,-0.0005569964414462447,-1.8258641603097203e-06,-2.44466255015198e-06,-2.326602920923097e-05,-0.00020310365543996312
357,0.0980577983144806,0.04977923428328676,0.04999997268680392,-3.2589267088746916e-09,-0.00029810049335643425,-0.00029363091464953696,-0.0005432773032225668,-3.2433956675959053e-06,-8.594460773696733e-07,-2.846940692797947e-05,-0.00020641317971374076
358,0.09775266448140812,0.04969205462641894,0.049999982455551664,-9.09259841046073e-10,-0.0003016863143201201,-0.00030510652226851595,-0.0005687342491000891,-7.529077265644446e-06,-1.1385848342447112e-06,-3.448579393419695e-05,-0.00020989101425899757
359,0.09741635705618001,0.049649856778535006,0.04999998887588908,-4.0634476113600226e-10,-0.0003062332709478565,-0.0003173553786241757,-0.000542118214070797,-4.377305231173523e-06,-1.3025285824260135e-06,-4.127227665521655e-05,-0.0002135209605446907
360,0.09705642839765238,0.049618232021956456,0.049999993222698186,-3.538601759664956e-10,-0.000307749863380775,-0.0003300193537173545,-0.0005558592383749783,-3.6913638723490294e-07,-1.3888803312363153e-06,-4.906206717974713e-05,-0.00021732360363931345
361,0.09667454263245098,0.04960096676168298,0.049999996182695065,-6.24858804111773e-10,-0.00030967446537915824,-0.00034265055475384844,-0.000558238651137799,-4.6917998020035157e-07,-1.4396733719466451e-06,-5.808778202652654e-05,-0.00022133484623551087
362,0.09627157938204176,0.049586469269087774,0.049999998142791685,-1.2591230026108552e-09,-0.00031094732966315875,-0.00035511994138524416,-0.0005620137671940029,-4.2225994434375025e-07,-1.4743346836319022e-06,-6.860185975830906e-05,-0.0002255860802589353
363,0.09584763033781465,0.049572650988373775,0.049999999333297344,-2.4021070892588443e-09,-0.0003116134263003001,-0.0003674147398711021,-0.0005641595926135778,-3.528502361405117e-07,-1.5022841266217997e-06,-8.090062531143989e-05,-0.00023010367779060872
364,0.09540316432078537,0.049557807514549586,0.04999999990583676,-4.205041342068033e-09,-0.00031159940725226535,-0.00037952713167077894,-0.0005654833512380719,-3.083691240135522e-07,-1.5277989011951455e-06,-9.534384195827838e-05,-0.00023490843534029832
365,0.09493890139810422,0.04954100189192079,0.049999999970748256,-6.819446848630344e-09,-0.0003108502388107984,-0.0003914542025425556,-0.0005661646719090641,-2.88004258663932e-07,-1.5493334755132445e-06,-0.00011238288901013658,-0.00024001647535716234
366,0.0944556049160265,0.049521736701901686,0.04999999961125004,-1.0367753689236274e-08,-0.000309332003507853,-0.00040330076789587584,-0.000566245464142412,-2.6703045818976534e-07,-1.5735829816008492e-06,-0.00013258383782096308,-0.00024543974420527826
367,0.09395341561955434,0.04950064012006859,0.04999999889428706,-1.4898148176616709e-08,-0.0003070071205914333,-0.00041504901080665225,-0.0005657004076056182,-2.574196287241648e-07,-1.5973613889126882e-06,-0.00015666106213835576,-0.00025118606764321566
368,0.09343320474452081,0.049477675369110706,0.04999999788421869,-2.0548334240240785e-08,-0.0003038632089794605,-0.000426684528611964,-0.0005650894017890096,-2.4608257831459923e-07,-1.6218623272842426e-06,-0.00018553909231156323,-0.00025725918705974576
369,0.09289565746106947,0.049453032284974635,0.04999999664636101,-2.7453455831105823e-08,-0.00029993641075293107,-0.00043814620083091455,-0.0005644057528115809,-2.2290615220299514e-07,-1.6438060757418738e-06,-0.00022043109503987947,-0.000263659629976357
370,0.09234192754593167,0.04942654025475712,0.04999999523531094,-3.5782687264714134e-08,-0.00029528589173072805,-0.00044944964447074347,-0.000563448469620198,-2.0298678293784178e-07,-1.6628222809065066e-06,-0.00026295475796017247,-0.0002703851974120332
371,0.09177268469430884,0.04939846108293682,0.04999999369394023,-4.558245477267649e-08,-0.0002899517095048669,-0.00046090394118122787,-0.0005620032898150384,-1.8776849231016968e-07,-1.6822917199142477e-06,-0.0003153033196464371,-0.00027742882486300155
372,0.09118955479200676,0.04937045253657981,0.04999999206900305,-5.628816597675353e-08,-0.0002838796351566049,-0.0004696739655276432,-0.0004901541979052126,-4.9359277909388766e-05,-1.7061947783434822e-06,-0.0003804204455126162,-0.00028471980704469893
373,0.0905832197653314,0.049354921164300174,0.049999990435379345,-6.219290413308767e-08,-0.0002684565505351201,-0.0004783133010915479,-0.0005450865719467402,-1.551591958559584e-05,-1.7452624317376537e-06,-0.0004622474603305608,-0.0002921914905641059
374,0.08998204447349649,0.04931399161823921,0.049999988872665595,-6.653524959284034e-08,-0.00024920670857617026,-0.0004872305608950744,-0.0005051611224189401,-1.0395488061476499e-05,-1.7697874318030275e-06,-0.0005664816042131058,-0.00029981628382504534
375,0.08938409367055344,0.04930822212506358,0.04999998743331002,-6.798298490585918e-08,-0.00022626649045101832,-0.0004980753680160129,-0.0005574867245741189,-6.171524000819772e-05,-1.778303088680348e-06,-0.0007017829478002251,-0.00030761909173740296
376,0.08874712849121777,0.049270189336918215,0.04999998607045544,-8.42255277543698e-08,-0.00022157630039268663,-0.0005087395216220663,-0.0005574129754677415,-1.5661137808820058e-07,-1.7902915120540163e-06,-0.0008812444816866197,-0.0003156565388022303
377,0.08809857887936884,0.04922985900989977,0.049999984702851885,-1.0217149746502327e-07,-0.00021640809982356496,-0.0005192229677242632,-0.0005526412278413773,-2.5855899821181083e-07,-1.801793194319092e-06,-0.0011251059498911726,-0.00032391542211186313
378,0.08744005048357423,0.049188479813552545,0.04999998333399335,-1.214015238213265e-07,-0.00021046330426237122,-0.0005295600025324757,-0.0005488985334523022,-2.517240034194401e-07,-1.8122153684060287e-06,-0.001466392673976972,-0.0003323787732556171
379,0.08677247295947987,0.04914487122699902,0.04999998196834604,-1.41908587959452e-07,-0.00020384920291135613,-0.0005401497043859589,-0.0005424199043773115,-2.0919888754633575e-07,-1.82016821223473e-06,-0.0019619370553430326,-0.0003410256785017035
380,0.08610032988881816,0.04910124106824427,0.049999980610655276,-1.6308453260818912e-07,-0.0001963964499631845,-0.0005476885142045308,-0.0005011838511563838,-5.615972258965485e-05,-1.8318774108750358e-06,-0.002714030222617246,-0.00034973866216814875
381,0.0853997194275772,0.049068955171136366,0.049999979330278936,-1.7461670187521713e-07,-0.00018209283548420685,-0.0005552738513560744,-0.0005618262803182006,-1.466915273340419e-05,-1.8650964587532611e-06,-0.003920821374633977,-0.0003584073818762917
382,0.08471257534569085,0.04901120766760957,0.04999997826359445,-1.8306460539675164e-07,-0.00016517431443978638,-0.0005630518340307217,-0.0005221660831011832,-1.1299318430246785e-05,-1.8737503886308284e-06,-0.006012661515719265,-0.00036699199311796015
383,0.0840374361116839,0.048999092921069395,0.04999997742358042,-1.8633585918166096e-07,-0.0001458070044283926,-0.0005729586369114036,-0.0005246074870228767,-6.213745655259117e-05,-2.0114304786628077e-06,-0.010060539057607107,-0.00037556657418750725
384,0.08333289140525238,0.04893711860960001,0.04999997667431072,-2.1449161602911832e-07,-0.0001405524333277273,-0.0005827710793932793,-0.000518740969710052,-3.4179785757260106e-07,-1.8820363370120327e-06,-0.019259604127999687,-0.0003842329956828495
385,0.08261955507486847,0.04886827119390488,0.04999997588323909,-2.394813251292329e-07,-0.0001347029540047064,-0.0005924173004050671,-0.000520311004947871,-4.843403189624951e-07,-1.8422945538185423e-06,-0.04576740870632234,-0.000392956429157366
386,0.08190633396836505,0.048796298273238975,0.049999974976416076,-2.6422612878980726e-07,-0.0001282596610006726,-0.0006022058195498224,-0.000511110934894532,-4.786414251611859e-07,-1.8341186900588489e-06,-0.14366311089783895,-0.00040172950039266933
387,0.08118846264529885,0.04873099889385111,0.04999997401649836,-2.8713468369122076e-07,-0.00012143707841141656,-0.0006118798804044044,-0.0005018023075535893,-3.704881521571224e-07,-1.8271691842878301e-06,-0.1343948343006988,-0.0004105295129972181
388,0.08046457963511428,0.04866614018431521,0.04999997304993665,-3.103901028155458e-07,-0.0001146222675282114,-0.0006214459144010319,-0.0004948870628140867,-1.9567383446883468e-07,-1.8183493628425633e-06,-0.046241635629125595,-0.00041932768329351806
389,0.07973807736224646,0.048599549573658724,0.04999997207222185,-3.3313175787742866e-07,-0.00010769729512816395,-0.0006309826398089309,-0.0004884718800894916,-1.8836766457752674e-07,-1.8062564741688647e-06,-0.021284246908285745,-0.0004281017078231171
390,0.07900899673303984,0.048531983857800644,0.049999971082885356,-3.550093435490256e-07,-0.00010073689563129538,-0.0006404801175400627,-0.0004821825714316219,-1.9132528450427344e-07,-1.7919175358165249e-06,-0.012061998915613274,-0.00043682927803258417
391,0.07827800114950717,0.04846344812849661,0.0499999700982075,-3.7595707375283516e-07,-9.379357539674987e-05,-0.0006499203873059995,-0.0004760616575367749,-1.8713073757226084e-07,-1.774357360875124e-06,-0.007783235562200341,-0.0004454884920134502
392,0.07754572191165496,0.04839397037103236,0.04999996912971572,-3.9590580231818027e-07,-8.692453548011925e-05,-0.0006592889598147124,-0.0004700199351646006,-1.861221363697041e-07,-1.7523904888448001e-06,-0.005469658338511747,-0.0004540578398228675
393,0.07681282570622301,0.048323438210203296,0.049999968176693436,-4.147368996396369e-07,-8.01793185697507e-05,-0.0006685912138337609,-0.000464149983599782,-1.868086627609955e-07,-1.7270638941726093e-06,-0.004079695879609076,-0.0004625164343008857
394,0.076079797665159,0.0482519890919528,0.049999967237454895,-4.3225627604699235e-07,-7.360168502457902e-05,-0.0006778288268306297,-0.00045844362466596067,-1.8914279564796743e-07,-1.6980237096942619e-06,-0.0031787712458034656,-0.0004708442325072555
395,0.07534714243304592,0.04817965633749362,0.04999996630876401,-4.48279539348171e-07,-6.722881475061555e-05,-0.0006870071323672627,-0.0004529203288257122,-1.9162844466791285e-07,-1.6659089821986629e-06,-0.0025606245801016183,-0.0004790218642774099
396,0.07461531185933952,0.048106489244606296,0.04999996538558242,-4.626397968374973e-07,-6.10959456941414e-05,-0.0006961526265450356,-0.00044757823343388736,-1.9373176485260046e-07,-1.6314661132080425e-06,-0.0021173448512580117,-0.00048703090301365816
397,0.07388454365986256,0.048032943588528214,0.049999964474318453,-4.751528507499197e-07,-5.523401147871583e-05,-0.0007052337365058041,-0.0004424792714416981,-1.9361959857633337e-07,-1.5938802194246509e-06,-0.0017881033493947235,-0.000494853657879043
398,0.07315556103413567,0.047958612016401087,0.04999996357488323,-4.858226780497785e-07,-4.9673160530068226e-05,-0.0007142806888873914,-0.0004376079887151718,-1.9303422504890477e-07,-1.553577503978402e-06,-0.0015364675042773756,-0.000502473649898294
399,0.07242853015235515,0.0478839428248075,0.04999996268643572,-4.944808334942509e-07,-4.4442078332347816e-05,-0.0007233132674774207,-0.00043297684169374406,-1.917980654297935e-07,-1.510688367701725e-06,-0.0013395535476072977,-0.0005098753976341583
400,0.07170376295536517,0.04780939030349482,0.04999996181335477,-5.011153008994423e-07,-3.9564917256031474e-05,-0.000732311056458322,-0.00042859456152655184,-1.880865454495506e-07,-1.4706580268781878e-06,-0.0011823401742757876,-0.0005170452471679713
401,0.07098162453725114,0.04773538239614146,0.049999961004277255,-5.058016758581089e-07,-3.506369548583761e-05,-0.0007410846909828861,-0.00042446950101293623,-1.792863173477599e-07,-1.4186004786688857e-06,-0.0010546875447719508,-0.0005239707529572761
402,0.07026395615671416,0.04765827769778796,0.04999996020288477,-5.08743419230239e-07,-3.095600022305685e-05,-0.0007497475591570152,-0.0004206279700156301,-1.8508511345771694e-07,-1.3631933440790137e-06,-0.0009495757690074018,-0.000530640335690413
403,0.06955016385545526,0.04757934529864877,0.049999959349328826,-5.091354978722995e-07,-2.7257277599104294e-05,-0.0007584443616211977,-0.00041690850048325956,-2.007949717608426e-07,-1.3045880439405114e-06,-0.0008619265164737995,-0.0005370442146303967
404,0.06883984326860852,0.04750069878120067,0.04999995841229687,-5.065559719656208e-07,-2.3968291837668498e-05,-0.0007673565396773747,-0.00041353158303536475,-2.1068080968689173e-07,-1.2566744305655304e-06,-0.0007879793100801921,-0.0005431736043716512
405,0.06813200836893389,0.047426696158816395,0.04999995750375273,-5.01104327855729e-07,-2.1094541527228392e-05,-0.000776144512968334,-0.00041040623909793794,-1.90478587569487e-07,-1.2003356999877126e-06,-0.0007249698193065871,-0.0005490196620969045
406,0.06742939911794764,0.047351913765819514,0.04999995665317041,-4.939816943190685e-07,-1.863885621863704e-05,-0.0007848373324326043,-0.00040770857594907284,-1.7257610807064339e-07,-1.1414566348305965e-06,-0.0006708362872167789,-0.0005545753084831608
407,0.06673182803355032,0.047276686460888714,0.04999995583429073,-4.85017725550356e-07,-1.662200120464493e-05,-0.0007934598700023772,-0.00040502409683540463,-1.701629201988908e-07,-1.0806438387360222e-06,-0.0006239763070667754,-0.0005598368554189895
408,0.06603949772561671,0.04720182350953972,0.04999995503156658,-4.741015841194931e-07,-1.5045640525486863e-05,-0.0008020211371772886,-0.0004026267270091921,-1.7468467206072091e-07,-1.018367046434288e-06,-0.00058313723917134,-0.0005648020673846176
409,0.06535264545384781,0.04712759386806531,0.049999954236284144,-4.6117919389721154e-07,-1.3902688124996766e-05,-0.0008105255210823075,-0.00040050712414085865,-1.734390338015146e-07,-9.55123291219448e-07,-0.0005473284615171624,-0.000569469661918166
410,0.06467146931374862,0.047054230750906006,0.04999995344393371,-4.4629854439735113e-07,-1.3187361636435175e-05,-0.0008189752644587533,-0.0003986216615885496,-1.713851816020906e-07,-8.911707918640829e-07,-0.0005157580309840102,-0.0005738395166283594
411,0.06399617407288188,0.04698192820350659,0.049999952652395034,-4.295505048964916e-07,-1.2892141079568015e-05,-0.0008273710545054497,-0.0003969621320720762,-1.6856502327300404e-07,-8.268234988444022e-07,-0.00048778683753226114,-0.0005779126971914379
412,0.06332697834954272,0.04691086054482606,0.04999995186083799,-4.1106652476079184e-07,-1.3007990561632452e-05,-0.0008357124432299296,-0.0003955261781811714,-1.6556634818698512e-07,-7.622294543490987e-07,-0.00046289436154821383,-0.0005816914815788465
413,0.06266409580860836,0.046841202909186405,0.049999951069100795,-3.9098828560060296e-07,-1.3524240751919043e-05,-0.0008439977294023922,-0.00039430675678886473,-1.6218811538237787e-07,-6.9800636989191e-07,-0.00044065303190214417,-0.0005851793635167929
414,0.06200774141060581,0.046773139493582604,0.04999995027733619,-3.694948908866676e-07,-1.4428676731612108e-05,-0.0008528331588319544,-0.0003932866675313562,-1.5899118466222717e-07,-6.344073479831197e-07,-0.00042069706347489335,-0.0005883709840781094
415,0.061368424512241095,0.04670234829160296,0.049999949480025986,-3.4642559549001906e-07,-1.582660202478186e-05,-0.0008581969994301411,-0.00039328387356363237,-5.147883712197654e-05,-5.781509781368423e-07,-0.0004027880830326098,-0.0005911395834199903
416,0.06068680409953824,0.04664206522958094,0.049999948732171146,-3.1761084345786904e-07,-1.6294417558441735e-05,-0.000863917789425968,-0.0004571564495563507,-1.2003531082882546e-05,-5.269699731831825e-07,-0.0003866984483525868,-0.0005933997468493725
417,0.06003794059701149,0.04654703027911483,0.049999948091944926,-2.868941416904466e-07,-1.848632423134138e-05,-0.0008696548552710172,-0.0004373821138869971,-1.4178042874846142e-05,-4.67955429179953e-07,-0.00037219453123469773,-0.0005951694905695688
418,0.059415626440979696,0.04656563588973685,0.049999947599691535,-2.484577513872878e-07,-2.2649958985504694e-05,-0.0008778533137919787,-0.0003960689646191895,-4.49531216872856e-05,-4.0653105182816013e-07,-0.0003590710229039408,-0.0005965876770044587
419,0.058794593437479975,0.04650420082723683,0.04999994718916914,-2.2523312560416263e-07,-2.553800331555701e-05,-0.0008859332255533504,-0.00039750683936290443,-1.245370384594935e-07,-3.49655213156573e-07,-0.00034713645723062966,-0.0005978148546852481
420,0.058180251487239446,0.046443227278332014,0.0499999467474731,-2.017415912705645e-07,-2.8619509092776065e-05,-0.0008939105210705886,-0.0003968123346567154,-1.810916074873603e-07,-2.9631030745930916e-07,-0.0003362623115489911,-0.0005988600805927232
421,0.057573783338142705,0.046387011232109684,0.049999946277059025,-1.781056237038967e-07,-3.1940074778337035e-05,-0.0009017791243619057,-0.00039711358840577304,-1.2752519751302316e-07,-2.467585117049203e-07,-0.0003263394065662721,-0.0005997310669659399
422,0.05697496836903208,0.04633493821567524,0.04999994578031494,-1.5481100339601957e-07,-3.545363984495106e-05,-0.0009095654592941893,-0.0003969769459217787,-1.4310344909063133e-07,-2.0125960351124916e-07,-0.00031727269780675607,-0.0006004365254688746
423,0.05638448371535897,0.046287566120893506,0.04999994525880532,-1.3206475873552517e-07,-3.917319621420511e-05,-0.0009172150569451605,-0.000396753748646006,-1.267365377088936e-07,-1.609096728573642e-07,-0.00030897529029390894,-0.0006009866738891593
424,0.055802274566809064,0.04624212603887498,0.04999994472985584,-1.1020129920030415e-07,-4.3053224616069874e-05,-0.0009211917691869615,-0.00039673721767030656,-1.2489130085668876e-07,-9.129729057720026e-08,-0.0003015249120518558,-0.0006013769540959533
425,0.055240196940926384,0.04612188976349643,0.04999994351328313,-8.915447602672115e-08,-4.6939818485343296e-05,-0.0009234335955429191,-0.0004010112024843693,-2.582556248853507e-07,-1.3064069587131471e-08,-0.0002949325453166947,-0.0006016098183577396
426,0.054690862421689274,0.04590658723665258,0.04999993945857812,-6.326520073788786e-08,-5.0919245729777636e-05,-0.0009367727064178389,-0.0004122653044760227,-9.23623986182065e-07,-1.8122496712936916e-06,-0.00029097174240303564,-0.0006014780289531137
427,0.05412770834291223,0.045563716395240476,0.049999928269376694,-2.7359341194020265e-08,-5.5526643118752355e-05,-0.0009556234373568224,-0.00044270811486057937,-4.572735178953735e-06,-7.601522551967836e-06,-0.00029042927356756496,-0.0006008349498867686
428,0.05354230592517914,0.04491252845957375,0.04999990681142277,-9.583002218146794e-10,-6.21078340325415e-05,-0.000952487841626078,-0.0004702508158516139,-9.014296665554866e-06,-4.177799922121022e-06,-0.000289105783457782,-0.0006000795730151873
429,0.05295626440209681,0.04393692950868819,0.04999987768540995,-1.4070188851311226e-08,-6.957051896020735e-05,-0.0009468001330661344,-0.000503969902638346,-1.2512950888776686e-05,-2.2034118069715546e-06,-0.00029059677383041577,-0.0005986957232931932
430,0.05236395058286783,0.043316749823174266,0.049999846484995884,-7.227371600099507e-08,-7.60164933478104e-05,-0.000947978959112304,-0.0005730484845116735,-9.132647392107174e-06,-1.997212054412253e-06,-0.0002889469493421109,-0.0005972800682741425
431,0.05178495244219106,0.0430357220461607,0.049999811687841685,-1.8330907854445923e-07,-8.383303055395399e-05,-0.0009598058924581726,-0.0006117524462752044,-1.740335733302345e-06,-7.219837275443179e-06,-0.00028867553762853084,-0.0005952604301241017
432,0.05120729726844642,0.042951540008128244,0.04999976495723342,-3.792845109329218e-07,-9.291145086430138e-05,-0.0009729499890839908,-0.0006797477835789323,-4.854939106735401e-06,-2.5809361527049787e-06,-0.0002913442008864556,-0.0005924625741210053
433,0.05063520872220461,0.042413972207101025,0.04999970191634695,-6.963939950043719e-07,-0.00010444704317292792,-0.0009878535362834882,-0.0007705636089667678,-1.0032073078036774e-05,-4.058040866147873e-06,-0.00029389697647264415,-0.000589235709139839
434,0.0500623882315315,0.04193685741217899,0.04999962615238451,-1.1561194464885469e-06,-0.00011717404218621515,-0.0010025792187843465,-0.0008884010021574795,-8.246344805229455e-06,-9.510453160889046e-06,-0.00029545130164219783,-0.0005856277612292208
435,0.049515494733725504,0.04136479159768952,0.04999954309313055,-1.7553007216418785e-06,-0.00013154880502000389,-0.0010210617235391155,-0.0009701389935798943,-4.5666383812204e-06,-1.892251538360791e-05,-0.0002983173278551259,-0.0005813589242959355
436,0.04899035709753124,0.04145889554563687,0.04999944693756311,-2.527676812880371e-06,-0.0001472483400354727,-0.0010496036528993646,-0.0010517851915210485,-8.407910172536504e-06,-1.1030382210371294e-05,-0.0003029368809512984,-0.000576370437886311
437,0.0484917394865191,0.041017779194247955,0.049999326859231946,-3.542436665496681e-06,-0.00016541905874463335,-0.0010829841563763098,-0.0011502354172989726,-7.722816917521413e-06,-1.4918873017997329e-05,-0.0003079792954906581,-0.0005707896393677821
438,0.048016334781931055,0.04062369083896053,0.04999918873895571,-4.817102662511483e-06,-0.0001854345268121232,-0.0011236406079848488,-0.0012504423502832651,-8.841751878208015e-06,-1.9681555195989555e-05,-0.0003137434834064468,-0.0005645874670496878
439,0.04758113865960492,0.040218060470099154,0.049999031077179686,-6.368303103091904e-06,-0.000206569153758525,-0.0011728524872462159,-0.0013264515437185764,-6.85170152792125e-06,-2.5529718683170022e-05,-0.0003202510003506192,-0.0005577870506541923
440,0.047193018151798626,0.039824868479874265,0.049998851882227274,-8.234821908161421e-06,-0.00022909569333598413,-0.0012333985091213667,-0.0013872034614905715,-6.358015525620431e-06,-5.50157964264253e-05,-0.0003275619258866312,-0.0005504401114299359
441,0.04687136737722533,0.03979797130084329,0.04999864161643183,-1.0493116330112951e-05,-0.0002539360934189355,-0.0013082107419365681,-0.001368424273096025,-1.5155499568209052e-05,-4.2802843133642426e-05,-0.00033781174580261165,-0.0005424428563804501
442,0.04664265841961149,0.03950582692709475,0.049998395204507044,-1.3042411498456534e-05,-0.00028434683648796596,-0.0014031401250065671,-0.001599100069142878,-3.2482948881806806e-05,-5.54793209966267e-05,-0.0003474435403941694,-0.0005341649273619963
443,0.04645378192224215,0.038667400222003684,0.049998121738819346,-1.619580302499371e-05,-0.0003096368448919675,-0.0012927535712782957,-0.0016535979229956865,-6.631045835092664e-05,-3.96453968238004e-05,-0.00035361535939201164,-0.0005250327595357755
444,0.04561028313774184,0.03677516598591065,0.04999792526345881,-2.0772423135730156e-05,-0.00035380458694538877,-0.0012182071814602297,-0.0018478436395525932,-8.038790110731497e-05,-2.6420543475927762e-05,-0.0003596028573030671,-0.0005146841308081386
445,0.04475755528047756,0.03591764740909883,0.04999798645115933,-2.4346484081512157e-05,-0.00042203941831117707,-0.0011994394138634572,-0.0026493880432099104,-0.000126455255667679,-1.7598325045599764e-05,-0.0003605874118662387,-0.0005030857589109122
446,0.04412236573858896,0.035620147929840695,0.04999822040502949,-2.6030267959843333e-05,-0.000499947280456041,-0.0012050543337973835,-0.002376152202486992,-7.56699446355924e-05,-1.2775909592687146e-05,-0.00035949676753910606,-0.000490565200709843
447,0.043490282523856505,0.03532815118061651,0.0499985488716477,-2.75768551590703e-05,-0.0005601901263695851,-0.0012181077653045866,-0.0020086229778826237,-6.38852798147127e-05,-1.0194824956216514e-05,-0.0003571293062673549,-0.0004775115435460954
448,0.04290989301983064,0.0356019711427479,0.04999890221414974,-2.622700744185337e-05,-0.0005866861728558834,-0.0012367240293942566,-0.0014065670548006892,-9.21171231311746e-05,-9.084090972016764e-06,-0.0003540810753542912,-0.0004644532815172161
449,0.04238162578067594,0.03582415481714007,0.04999922659787955,-2.4081779760616294e-05,-0.0005860181926444543,-0.0012550058212923124,-0.0009512421675026417,-8.412534225499257e-05,-8.801302219624924e-06,-0.0003507754003315986,-0.0004518644014224501
450,0.041932417690647324,0.036386910325690386,0.04999949793936282,-2.16873530885611e-05,-0.0005779932134786154,-0.0012731893307879013,-0.0007266596076078713,-6.668291462119669e-05,-8.966381213291628e-06,-0.00034747381832794366,-0.0004401727381364279
451,0.041551419529430624,0.037031584488849544,0.04999970678368508,-1.9142153998489193e-05,-0.0005573445945553573,-0.001288851735748112,-0.0006476491107605398,-2.0281597244320437e-05,-9.376649082540005e-06,-0.00034432798698619173,-0.00042965142111828035
452,0.04121662739128395,0.03773112222892707,0.04999985341065233,-1.66715531859072e-05,-0.0005310496228731845,-0.0013016240109667418,-0.0006149836117401719,-1.1035862371500116e-05,-9.92817567261801e-06,-0.0003414214447841539,-0.00042041429469732907
453,0.040915498793920944,0.03842196712995823,0.04999994442294779,-1.437460451399653e-05,-0.0005015683551793017,-0.0013114244285150148,-0.0006012004450894892,-5.981949925626395e-06,-1.0560412036815341e-05,-0.0003387948032224483,-0.0004124902021230487
454,0.040636857350439974,0.03906926956479218,0.049999989580917364,-1.230743583685302e-05,-0.00047057620653264055,-0.0013184381519703737,-0.0005924972356297076,-3.479099632386351e-06,-1.1238619394832245e-05,-0.0003364627378715381,-0.00040585418298891583
455,0.04037361941878312,0.0396634196339121,0.049999999708291554,-1.0496584000003825e-05,-0.00043944440982119265,-0.0013229808615888548,-0.0005847879801876843,-2.1016978735133307e-06,-1.195210440583969e-05,-0.00033442540957413173,-0.0004004528834298199
456,0.0401215191216172,0.040204914072191164,0.04999998528254701,-8.94491805650562e-06,-0.00040916767463515476,-0.0013255071375925685,-0.0005761305219493806,-1.3360968296183273e-06,-1.2575024993795745e-05,-0.0003326665964236995,-0.00039622187738530686
457,0.039877816278227576,0.040701650854202236,0.04999995558368555,-7.645592728033275e-06,-0.00038048657001297007,-0.0013262828435316489,-0.0005686466465704143,-1.015400357573526e-06,-1.3320975984564877e-05,-0.00033117217876838044,-0.00039309166810036684
458,0.039642368477162335,0.04116067257632609,0.04999991827450407,-6.566692577762285e-06,-0.00035372109679896656,-0.0013257204676551996,-0.000557159713935107,-7.336647058764356e-07,-1.406499565848336e-05,-0.0003299338147077578,-0.0003909894171147649
459,0.0394135978289807,0.041591238857268384,0.04999987928586841,-5.68762465121367e-06,-0.0003290780011192179,-0.0013241042268387817,-0.0005469895550049841,-4.987422812519071e-07,-1.4806123411545349e-05,-0.0003289315717007678,-0.0003898443357964555
460,0.03919147273919682,0.041998879096685676,0.0499998428916759,-4.981505805591075e-06,-0.0003066553034679864,-0.0013230199026462363,-0.0005372366867959499,-5.040310497861356e-07,-1.5576477288083786e-05,-0.0003281512316547952,-0.0003896072366187963
461,0.038980841633886154,0.04239643510296229,0.049999812407942636,-4.316168735731819e-06,-0.00028547779258219553,-0.0013181909098755864,-0.0004871090059168637,-4.653900032280944e-05,-1.6253113939511968e-05,-0.00032757218646712206,-0.0003900587402991531
462,0.038741292666301545,0.0427771149815766,0.049999789432082435,-3.895549719004724e-06,-0.0002681636155852566,-0.0013139582278724274,-0.0005531646893359721,-7.482643013645429e-06,-1.691551334285616e-05,-0.0003271612859001803,-0.0003910184136526037
463,0.038526530208655464,0.043049313733753654,0.04999977402593172,-3.5700809950854374e-06,-0.00025308660774642146,-0.0013092646934020496,-0.0004754099063575268,-1.8500792066333815e-05,-1.762948233533486e-05,-0.000326906180497234,-0.0003925490860685499
464,0.03833571253309815,0.04343515767379019,0.04999976601578349,-3.3569339378563043e-06,-0.00024252765089301565,-0.0013054283152631248,-0.0005011901957914233,-2.1609512259601615e-05,-1.8350031993588275e-05,-0.00032680103836086233,-0.00039472797887870226
465,0.03815389623549037,0.043750674368212436,0.049999764782908136,-3.1966793480072623e-06,-0.0002284861619830579,-0.0013026344810596955,-0.000493717729113996,-2.2105552943685325e-07,-1.909993314390213e-05,-0.0003268336529721448,-0.0003975779579832249
466,0.03798339328853737,0.04405358432996475,0.04999976990277746,-3.037448169484155e-06,-0.00021529003493929064,-0.0012970899547930755,-0.0004480599600356072,-4.4191332563059404e-05,-1.9752133859748965e-05,-0.00032698760381357026,-0.00040089795745574576
467,0.03779103059842909,0.044391973156242326,0.04999978022929538,-2.995529086984227e-06,-0.00020425604048790685,-0.0012923308879026767,-0.0005104191950522363,-7.01880799169885e-06,-2.0627547400263834e-05,-0.00032724702347518395,-0.00040451551739115904
468,0.037622167141274004,0.044634671729595926,0.049999794265367305,-2.984262888103309e-06,-0.00019429801234066525,-0.001287391832665492,-0.0004417664895299822,-1.8068192730424926e-05,-2.1254246213562983e-05,-0.0003276021491471139,-0.000408501734123647
469,0.037478501131437955,0.04498637766594979,0.04999981089753156,-3.045803934768468e-06,-0.00018819006317709786,-0.001283164364221808,-0.00046119673061184585,-1.856321068771649e-05,-2.189568084440625e-05,-0.00032803575830938654,-0.00041293730886344474
470,0.037341809882435205,0.04527366786657657,0.04999982912223798,-3.1241343651842817e-06,-0.00017868012100062552,-0.0012789441286896904,-0.0004560795787256211,-1.753234926127334e-07,-2.253833429049525e-05,-0.00032853782647817355,-0.0004178201715753313
471,0.037214767526543895,0.04556477925972527,0.04999984816383436,-3.2330035886973297e-06,-0.0001698046125677582,-0.0012746781736973473,-0.0004482124641072005,-2.515242272238538e-07,-2.317626216012912e-05,-0.00032909879140868625,-0.00042309823199938694
472,0.03709589963242673,0.045861565192229364,0.04999986730039431,-3.368323276852033e-06,-0.0001613276086106787,-0.0012703567141465289,-0.00044044104288332164,-1.7470870261604432e-07,-2.380636598175832e-05,-0.00032970962004061116,-0.0004287177592528237
473,0.03698586417699622,0.04615687321359375,0.04999988594986157,-3.5271690629128115e-06,-0.000153235651608695,-0.0012659267934310757,-0.00043316720984876156,-1.7102638594224118e-07,-2.4425307171645434e-05,-0.00033036205066484006,-0.0004346294846897079
474,0.03688467579442616,0.04644855104922684,0.049999903668066836,-3.70664259920247e-06,-0.00014543624140247544,-0.0012613470641564838,-0.00042645560461096466,-1.6638868771678972e-07,-2.5029348293349264e-05,-0.0003310483405894428,-0.0004407853774496973
475,0.03679240378507514,0.04673373651648613,0.049999920138733514,-3.904169092353805e-06,-0.0001378678947142677,-0.0012565952254580094,-0.0004200541879981756,-1.6042112349623494e-07,-2.5615089294108065e-05,-0.00033176125875558214,-0.00044713919952026255
476,0.036709142867983754,0.04701077597162245,0.04999993514725686,-4.11781853492242e-06,-0.00013050384619521865,-0.0012516650677700718,-0.00041389610851183534,-1.55565444970307e-07,-2.6179654924631587e-05,-0.0003324939693734264,-0.0004536470496523245
477,0.03663491440574792,0.04727831401210098,0.04999994855859449,-4.34584271215521e-06,-0.0001233282452316567,-0.001246560028450093,-0.0004079515056218952,-1.5113219831164315e-07,-2.6720574417349012e-05,-0.00033323998169443927,-0.00046026721989146353
478,0.03656967024224616,0.04753526526339116,0.04999996030245397,-4.586544517728236e-06,-0.00011633119390219724,-0.0012412899388827706,-0.00040222471579909325,-1.470986745744085e-07,-2.7236007898647653e-05,-0.00033399314100472405,-0.00046696006200848617
479,0.03651332040100878,0.04778076917967101,0.04999997036243933,-4.838186200155672e-06,-0.00010950712906757604,-0.0012358673948057578,-0.00039670406840741634,-1.4318140983959893e-07,-2.77245727147163e-05,-0.00033474764740736127,-0.0004736879177615885
480,0.03646574466742182,0.04801417551231968,0.04999997876740005,-5.098982124949565e-06,-0.00010285368051159018,-0.001230305650767868,-0.0003914179396815598,-1.389937551721232e-07,-2.818579494043139e-05,-0.0003354980893532421,-0.00048041507537946345
481,0.0364268054329035,0.0482350066491965,0.04999998558389417,-5.367037184410523e-06,-9.637081289339976e-05,-0.0012246190244429196,-0.0003863522142637521,-1.349258837990419e-07,-2.8620005468452968e-05,-0.00033623948543313965,-0.00048710775822469676
482,0.03639635687792073,0.04844293969374553,0.04999999090898555,-5.640367514355915e-06,-9.006163409436812e-05,-0.0012188161120079925,-0.00038151125772856176,-1.309403359073258e-07,-2.9027303814291913e-05,-0.0003369672998170126,-0.0004937341468758424
483,0.036374249968321996,0.04863777881966053,0.049999994863683186,-5.916936796435593e-06,-8.393022342575201e-05,-0.001212899607804402,-0.00037691486068069935,-1.2613314481768612e-07,-2.9407922224614662e-05,-0.0003376774356370277,-0.0005002644910087937
484,0.036360375326171826,0.048819409924350264,0.049999997586625516,-6.194693154711243e-06,-7.79843063047674e-05,-0.001206868326208984,-0.0003725484712049365,-1.2158696449660056e-07,-2.976202408342156e-05,-0.00033836622126126527,-0.0005066712579338507
485,0.03635464285961482,0.04898779093275349,0.04999999922741413,-6.471628273911321e-06,-7.223247260837913e-05,-0.0012007181712064276,-0.0003683884860947728,-1.1728194948545934e-07,-3.008971456672896e-05,-0.00033903037631063504,-0.0005129291896020889
486,0.036356978350352814,0.049142929751352434,0.04999999994023719,-6.7458438969061455e-06,-6.66843539716677e-05,-0.0011944434954216851,-0.00036440262920223176,-1.1360535978610642e-07,-3.0391113853426918e-05,-0.00033966697828377086,-0.0005190153240300846
487,0.036367320639233806,0.04928486926588549,0.04999999987828588,-7.015540808646978e-06,-6.134962910087976e-05,-0.0011880391845700763,-0.000360557489329949,-1.1004586042417941e-07,-3.066581486909571e-05,-0.00034027342424510333,-0.0005249090826729762
488,0.0363856295077264,0.049413669662636675,0.0499999991891887,-7.27920381122546e-06,-5.6239683116533556e-05,-0.0011814991873359024,-0.0003568342071957886,-1.0722375520799687e-07,-3.0913640640240564e-05,-0.00034084739265533666,-0.0005305923230560248
489,0.03641187508503258,0.049529411514397215,0.049999998011544027,-7.535435270466024e-06,-5.136392663468542e-05,-0.0011748190748073735,-0.0003531891561578959,-1.0520499671429207e-07,-3.1133961874024455e-05,-0.0003413868055381545,-0.0005360493069100023
490,0.03644603367646381,0.04963218305847569,0.04999999647249334,-7.783112300147014e-06,-4.673075156322935e-05,-0.0011679919591685874,-0.00034961968776769936,-1.037758607935757e-07,-3.132707697099351e-05,-0.0003418897948414794,-0.0005412665807950021
491,0.036488091194706966,0.04972209325803224,0.04999999468620231,-8.02108454615941e-06,-4.2344837338546075e-05,-0.0011610133302541834,-0.00034605085966177285,-1.034709740110884e-07,-3.1492631610940215e-05,-0.00034235468017553336,-0.0005462328289354463
492,0.03653802329207805,0.04979924402612021,0.04999999275310556,-8.248510034782822e-06,-3.8210111688016076e-05,-0.001153878863044322,-0.00034245874849148095,-1.0294831298551799e-07,-3.163026550953906e-05,-0.000342779947460012,-0.000550938866206329
493,0.03659581670796446,0.0498637265694953,0.04999999075980439,-8.46473649502488e-06,-3.432944574435413e-05,-0.0011465860342876307,-0.0003388421318959445,-1.0312115961141899e-07,-3.1739761881662314e-05,-0.000343164230386395,-0.0005553776561612571
494,0.03666148036264479,0.04991563116882648,0.049999988779453004,-8.669279751694833e-06,-3.070438487354733e-05,-0.001139133034712703,-0.0003351785708218813,-1.0410049355868978e-07,-3.182091013431728e-05,-0.00034350629453141135,-0.0005595442138090324
495,0.036735007840670006,0.0499550575995639,0.0499999868724829,-8.86178669267122e-06,-2.7333211120607694e-05,-0.0011315188112362361,-0.00033144711051136255,-1.0545666384587093e-07,-3.187358198199174e-05,-0.00034380501885945244,-0.0005634354255764795
496,0.03681639307300873,0.04998210838101591,0.04999998508756063,-9.042035605906311e-06,-2.421253145944801e-05,-0.0011237432938516175,-0.0003276409406680614,-1.073062705359007e-07,-3.18977593900041e-05,-0.00034405938911757716,-0.0005670499345298983
497,0.03690562444960172,0.04999689037375509,0.04999998346266732,-9.209901216053803e-06,-2.13370946708706e-05,-0.0011158073513331684,-0.00032374539296142757,-1.096220572094353e-07,-3.189351134910494e-05,-0.00034426849190702754,-0.0005703880230468549
498,0.037002690832771155,0.049999517101823814,0.04999998202623759,-9.365363479974256e-06,-1.8700180955696527e-05,-0.0011077123282726246,-0.0003197619807906449,-1.1224882712213002e-07,-3.186099005572775e-05,-0.0003444315083340486,-0.0005734514828270615
499,0.03710757188304884,0.04999011176819475,0.04999998079831233,-9.508481382879596e-06,-1.6293634150442486e-05,-0.0010994604187689807,-0.0003156695456709713,-1.1522390508389435e-07,-3.180043269407284e-05,-0.0003445477084552482,-0.0005762434942651636
500,0.037220247771716036,0.04996881046244509,0.049999979791645256,-9.639387136421596e-06,-1.410830642338963e-05,-0.0010910543703541622,-0.000311483396217227,-1.1850097791921144e-07,-3.1712171003337505e-05,-0.00034461644671453294,-0.0005787685072256915
501,0.037340691616645966,0.049935765275256006,0.04999997901274589,-9.75827395071713e-06,-1.2134070748799896e-05,-0.0010824974879962194,-0.0003071918326895684,-1.2200791843497427e-07,-3.159662888644955e-05,-0.00034463716099732275,-0.0005810321075288769
502,0.03746886888053991,0.049891146948991355,0.049999978462813184,-9.865362385924162e-06,-1.0360111579082138e-05,-0.0010737935149310299,-0.0003028071951121092,-1.2545955030418554e-07,-3.145430688924246e-05,-0.0003446093712320927,-0.0005830408892748189
503,0.037604737953875124,0.04983514975857521,0.04999997813856696,-9.960909687019045e-06,-8.775052181238915e-06,-0.0010649462589056413,-0.0002983227896038443,-1.294173586074976e-07,-3.1285780645674354e-05,-0.00034453267884814874,-0.0005848023387592714
504,0.03774825143597374,0.04976799025538387,0.04999997803300471,-1.0045205033734566e-05,-7.367310651615779e-06,-0.0010559600086922443,-0.0002937473473139107,-1.3311181135122752e-07,-3.109167724823388e-05,-0.0003444067640442563,-0.0005863247136704963
505,0.03789935457353541,0.04968991719050883,0.049999978136064376,-1.0118554336454096e-05,-6.125129061093196e-06,-0.001046839227161057,-0.0002890883188229054,-1.371547284634289e-07,-3.087269814262872e-05,-0.0003442313829180558,-0.0005876169026359998
506,0.03805798254605831,0.04960120453257263,0.049999978435195734,-1.0181272705089469e-05,-5.036706336595782e-06,-0.0010375887447405395,-0.0002843547845259309,-1.409330110391238e-07,-3.0629498479466256e-05,-0.00034400636694968526,-0.0005886883209191247
507,0.03822406389786876,0.04950216235022006,0.049999978915849355,-1.0233699652404707e-05,-4.090643926008922e-06,-0.0010282126439043425,-0.0002795475593302399,-1.4473519627244968e-07,-3.0363133170160724e-05,-0.0003437316265186708,-0.0005895487787731757
508,0.03839751745140233,0.04939313128604139,0.04999997956188194,-1.0276095342667885e-05,-3.275630705779697e-06,-0.001018715728730991,-0.00027467182371765375,-1.4847269369511196e-07,-3.0074363019053803e-05,-0.0003434071514963003,-0.000590208345065333
509,0.038578251407278344,0.04927448877419202,0.04999998035592962,-1.0308795298055747e-05,-2.5810394015603187e-06,-0.0010091030067556754,-0.0002697357558645308,-1.5191889701782202e-07,-2.9763962486950033e-05,-0.0003430330022598549,-0.0005906772737960186
510,0.03876616996504492,0.04914665410022621,0.049999981279747696,-1.0332137611742174e-05,-1.996809925048176e-06,-0.0009993792854171319,-0.00026475268532522023,-1.551798476384647e-07,-2.9432936651365188e-05,-0.0003426093091788533,-0.0005909659197878138
511,0.03896117494964012,0.04901009068214758,0.04999998231448498,-1.034641473485297e-05,-1.5134421308951628e-06,-0.0009895494523457782,-0.0002597257262095809,-1.5829795074751019e-07,-2.9082260258721716e-05,-0.00034213627586560113,-0.0005910846031730223
512,0.0391631483658309,0.04886528666655782,0.04999998344091674,-1.0351907075568936e-05,-1.1221378543798412e-06,-0.0009796183135750236,-0.0002546577015891671,-1.6088056042917742e-07,-2.871292663098499e-05,-0.0003416141771743107,-0.0005910435009668959
513,0.039371971493101704,0.048712781389599266,0.049999984639668496,-1.0348896864149173e-05,-8.149338017169382e-07,-0.0009695910201683458,-0.0002495588851161301,-1.633674742151925e-07,-2.8325975999881385e-05,-0.0003410433571495832,-0.0005908525710019621
514,0.03958751631581396,0.04855314897106207,0.04999998589141949,-1.0337642430931492e-05,-5.846071096203325e-07,-0.0009594726352948098,-0.0002444325073156506,-1.6507547684341262e-07,-2.7922474343046878e-05,-0.0003404242273060776,-0.0005905214551991445
515,0.039809648631641416,0.04838701116857603,0.04999998717708339,-1.03183880542217e-05,-4.2476934352152227e-07,-0.0009492682304416524,-0.0002392809692537412,-1.6677014968990989e-07,-2.750354347889215e-05,-0.00033975726472375566,-0.0005900594075470023
516,0.040038232251266785,0.04821502531279478,0.049999988477989504,-1.0291367241635527e-05,-3.298501600154353e-07,-0.0009389838753182655,-0.00023410904395859689,-1.676869345601517e-07,-2.7070094031258796e-05,-0.00033904300700043644,-0.0005894752412702607
517,0.04027312078039763,0.04803789405859662,0.04999998977604317,-1.025684722234257e-05,-2.9505159349323167e-07,-0.0009286248701291951,-0.00022893075947649777,-1.68070386052932e-07,-2.6623395408755376e-05,-0.0003382820521120313,-0.0005887772703963147
518,0.040514171266984735,0.0478563591868712,0.049999991053864386,-1.0215003131194498e-05,-3.1631795530200034e-07,-0.0009181970723206655,-0.00022374077525455505,-1.6806724545403995e-07,-2.6164589821716186e-05,-0.00033747506117874377,-0.0005879732337278761
519,0.04076123142318739,0.04767118890707297,0.04999999229492541,-1.0166024297030324e-05,-3.90343093190061e-07,-0.0009077064497466906,-0.0002185327757615596,-1.6762683685556112e-07,-2.5694812793125415e-05,-0.00033662275144776563,-0.0005870702300434871
520,0.04101414338501692,0.047483180481071335,0.04999999348368297,-1.0110085468086885e-05,-5.145402744497229e-07,-0.000897159333318276,-0.00021331888274289668,-1.6651316059324017e-07,-2.5215236454914735e-05,-0.0003357258929081257,-0.0005860747009176149
521,0.04127275894430024,0.04729318108054526,0.04999999460570686,-1.00473630768293e-05,-6.868818516640225e-07,-0.0008865623728322733,-0.0002080981939798221,-1.6478077213832876e-07,-2.472705554906113e-05,-0.0003347853083614713,-0.0005849924363981609
522,0.04153692831209171,0.04710205834130455,0.049999995647789564,-9.978010539943733e-06,-9.058921559787634e-07,-0.0008759224940157062,-0.00020287207735236734,-1.626257102316231e-07,-2.4231443532927707e-05,-0.000333801869747275,-0.0005838285390025465
523,0.04180650103330857,0.046910692022795346,0.049999996598043696,-9.902171815675483e-06,-1.1706254905263304e-06,-0.0008652468240842669,-0.00019764208991546184,-1.5989438395536126e-07,-2.372960108965371e-05,-0.0003327764948852132,-0.0005825874189514041
524,0.04208133355538893,0.04671999838467016,0.049999997445997243,-9.819987420205675e-06,-1.4805207126606016e-06,-0.0008545429917607884,-0.00019241431436967105,-1.5668651087707985e-07,-2.3222707908217142e-05,-0.00033171014403929794,-0.0005812728213076555
525,0.04236129037123327,0.0465308936961791,0.049999998182674726,-9.731591345310047e-06,-1.8353604057559696e-06,-0.0008438187415335393,-0.00018718514184001833,-1.530372770730537e-07,-2.2711943996460485e-05,-0.0003306038146577624,-0.0005798878394482314
526,0.04264624248317478,0.04634429616007964,0.049999998800666745,-9.637120594589346e-06,-2.2351968817161285e-06,-0.0008330822855230638,-0.00018196568998973817,-1.4883471521898173e-07,-2.2198493082845963e-05,-0.00032945853958803894,-0.0005784349502250298
527,0.042936072326637806,0.04616113962234117,0.04999999929418294,-9.536705156659398e-06,-2.6802593084030346e-06,-0.0008223420508552531,-0.00017675550770945847,-1.444099098080187e-07,-2.1683514338235372e-05,-0.0003282753834893267,-0.0005769160693143543
528,0.04323067390648074,0.045982329401518335,0.04999999965909028,-9.430480031026037e-06,-3.1708691391736515e-06,-0.0008116066496998228,-0.00017156368994619697,-1.394076747374129e-07,-2.1168144707858575e-05,-0.00032705543796865996,-0.0005753326093730671
529,0.04352995668227775,0.04580877416480599,0.04999999989293917,-9.318594072316725e-06,-3.7073556220864694e-06,-0.0008008849843701391,-0.00016639383102301508,-1.3430812373371737e-07,-2.0653503315186092e-05,-0.0003257998172121407,-0.0005736855471911492
530,0.04383384485041575,0.04564134387890572,0.04999999999496914,-9.20119976929218e-06,-4.289995868770989e-06,-0.0007901862252379697,-0.00016126340779010206,-1.2874316723809898e-07,-2.0140656597220313e-05,-0.00032450965221244053,-0.0005719755089324358
531,0.044142282385684586,0.045480866214870894,0.04999999996609551,-9.078471057614189e-06,-4.918877268627713e-06,-0.0007795197674034265,-0.00015617859025951475,-1.2281246597467543e-07,-1.9630676604366295e-05,-0.00032318608716468806,-0.0005702028660732392
532,0.04445523403503753,0.04532815220835444,0.049999999808877045,-8.950591344082826e-06,-5.593804949143731e-06,-0.0007688949958458667,-0.00015115270798560232,-1.1685428091823269e-07,-1.912457020194458e-05,-0.00032183027615639425,-0.0005683678350757672
533,0.04477268401154225,0.04518394787410561,0.04999999952746357,-8.817767981157603e-06,-6.314299102118437e-06,-0.0007583214519030611,-0.00014619609282817692,-1.1072813776991097e-07,-1.8623301273097345e-05,-0.0003204433766834211,-0.0005664705722462548
534,0.045094636476551875,0.04504893585146712,0.049999999127522954,-8.680226302899216e-06,-7.079430507403575e-06,-0.0007478086899670142,-0.00014132315118331462,-1.0441707587460769e-07,-1.812778865708534e-05,-0.00031902654502996406,-0.0005645112934892477
535,0.045421125071828085,0.044923748620974945,0.049999998616147685,-8.538221963713653e-06,-7.887574509296699e-06,-0.0007373661502709048,-0.0001365463831461966,-9.826921143485379e-08,-1.763889011127384e-05,-0.0003175809310287919,-0.0005624903768828869
536,0.045752196124855336,0.044808933027762086,0.049999998001742214,-8.392026162830827e-06,-8.736714571001199e-06,-0.0007268194908047061,-0.00013187879812903702,-9.220898533612853e-08,-1.6432332628079016e-05,-0.0003160424848187269,-0.0005596972457166959
537,0.045833941202796415,0.04380580803697337,0.04999999746344086,-7.70391566268508e-06,-1.0826234140026006e-05,-0.0007162711833541271,-0.00012870893988292664,-3.747197467873775e-07,-1.5481612253729174e-05,-0.00031441865301765396,-0.000556026042468783
538,0.04588784299183063,0.042611474851982266,0.04999999740265068,-6.96642676596354e-06,-1.5288820229322088e-05,-0.0007057959109835828,-0.0001258189877262339,-4.17658810647481e-07,-1.4648612283877936e-05,-0.0003126533410108171,-0.0005508212325219706
539,0.04596906591070382,0.041434572772129405,0.04999999780873529,-6.301072613698764e-06,-2.1614983544942915e-05,-0.000695440449502816,-0.0001209909314638935,-4.625745191333408e-07,-1.393900207592769e-05,-0.0003107917058049041,-0.0005444546678566593
540,0.046076823687302065,0.040307522345702285,0.04999999853466616,-5.702081590380825e-06,-2.9296239824532373e-05,-0.0006852779736430968,-0.00011748688848456368,-3.896125235769432e-07,-1.3314228886799239e-05,-0.0003088477634379065,-0.0005370421103325715
541,0.04621122271935417,0.03925306689263868,0.0499999993368451,-5.163522062005041e-06,-3.784089715814368e-05,-0.0006753369824401898,-0.00011477780208224431,-3.417004847960925e-07,-1.2748757261769831e-05,-0.00030683257554311896,-0.0005287009624451607
542,0.04637188989192674,0.038283300529766084,0.04999999990766595,-4.680215578583225e-06,-4.6836922672499564e-05,-0.0006656339990997628,-0.00011260068276897073,-3.0023485919628e-07,-1.2225647791495965e-05,-0.00030475507269881006,-0.0005195472640443525
543,0.04655831166038073,0.0374043431628937,0.04999999990458886,-4.247210529239777e-06,-5.594794206290698e-05,-0.0006561839211777368,-0.00011091870692325756,-2.633995563883218e-07,-1.1733632764632831e-05,-0.0003026225575808386,-0.0005096941533219662
544,0.04676991098584337,0.03661807769726488,0.04999999897573137,-3.859683431607438e-06,-6.490881678858303e-05,-0.0006469982692936045,-0.00010963420936604962,-2.339041458299107e-07,-1.1265112236845365e-05,-0.000300441043066197,-0.000499250720667278
545,0.04700601686357647,0.03592328946420064,0.049999996781032466,-3.5130137121859837e-06,-7.352041243503444e-05,-0.0006380852896110122,-0.00010868600656976923,-2.0972154857190617e-07,-1.081492868269642e-05,-0.00029821549583570697,-0.0004883211699163828
546,0.047265890238102654,0.03531640233028118,0.04999999300872527,-3.2028612421983117e-06,-8.164033863833754e-05,-0.0006294504416048234,-0.00010801292228279635,-1.9035964271552075e-07,-1.0379570785851042e-05,-0.00029595001957736996,-0.0004770042389104444
547,0.0475487284913977,0.03479212007116094,0.049999987387273626,-2.9251983681237926e-06,-8.917578131395586e-05,-0.0006210964844572776,-0.00010754194954643026,-1.7574414812315808e-07,-9.956650083050973e-06,-0.0002936479963092508,-0.0004653927772684836
548,0.047853675720156426,0.0343440259873491,0.04999997969313176,-2.676327057322993e-06,-9.607531070257911e-05,-0.000613023724509541,-0.00010723049490479752,-1.6567651073273737e-07,-9.544548042939308e-06,-0.0002913121980587726,-0.0004535734826065179
549,0.04817982143938723,0.03396499419467704,0.049999969754806466,-2.4528749953156374e-06,-0.00010232158691252278,-0.0006052301662249405,-0.00010703598672989756,-1.5870051583988243e-07,-9.142190088263316e-06,-0.0002889448786611644,-0.00044162677873396954
550,0.0485262175343053,0.03364752022879705,0.0499999574537939,-2.2517989024431704e-06,-0.00010792368031985856,-0.0005977119849384835,-0.00010693445801734924,-1.549580019855057e-07,-8.748882413640004e-06,-0.00028654785103465123,-0.0004296268048976194
551,0.04889187667706931,0.0333839937843796,0.04999994272297213,-2.0703592188290117e-06,-0.00011291127931832123,-0.0005904635417912761,-0.00010690758790588006,-1.5311584888877405e-07,-8.364197250886724e-06,-0.00028412255240316324,-0.0004176414970922653
552,0.04927578481999826,0.03316686225626494,0.049999925543023974,-1.9061121217541893e-06,-0.00011732851786567726,-0.000583486264376943,-0.00010694764932850376,-1.5242315498653625e-07,-7.979897284767808e-06,-0.00028166916301397094,-0.00040572261753044444
553,0.04967128676804132,0.03296350781821051,0.04999990592062092,-1.7517715297984262e-06,-0.0001215367151244567,-0.0005767731965839499,-0.00010711787035688758,-1.4963401895329298e-07,-7.587974275043899e-06,-0.000279186394565133,-0.0003938996620376097
554,0.05007135959567438,0.0327407102663956,0.049999883812957224,-1.600760861010873e-06,-0.0001259032208967802,-0.0005703024671642625,-0.00010750234650913626,-1.4226860400867736e-07,-7.195607442790987e-06,-0.0002766716169381765,-0.0003821826454671561
555,0.050475707908439915,0.032496525937326624,0.04999985914976082,-1.4533036760842301e-06,-0.00013042231941263988,-0.0005640544219483797,-0.0001080838410416618,-1.3702286594252655e-07,-6.8066712469248106e-06,-0.0002741230237733432,-0.00037058378020426714
556,0.05088400360726907,0.03222960848404088,0.049999831850019605,-1.3097540615924013e-06,-0.00013509625284255906,-0.000558012892596734,-0.00010889960685744882,-1.357960854875273e-07,-6.423937670996636e-06,-0.00027153921150783935,-0.0003591151155156527
557,0.05129593868214888,0.0319391685203028,0.04999980182033002,-1.170533911785086e-06,-0.00013992381113766885,-0.0005521646546506657,-0.00010998905781889334,-1.3537587051359878e-07,-6.0492932554540686e-06,-0.0002689190348774794,-0.0003477883302957302
558,0.05171122332896786,0.03162464777813636,0.049999768953744535,-1.0361224936857336e-06,-0.0001449007012546214,-0.0005464983917663881,-0.00011135273234685883,-1.345964477650341e-07,-5.683948341021417e-06,-0.0002662615399206461,-0.00033661485692022065
559,0.05212954684858426,0.03128548430535311,0.049999733128825455,-9.070382782699045e-07,-0.0001500229681194409,-0.0005410043568016611,-0.00011296983575448394,-1.3293775680267572e-07,-5.328646428109085e-06,-0.0002635659156236357,-0.00032560592607676554
560,0.05255058876032975,0.030921152655026447,0.04999969420885919,-7.838379835904793e-07,-0.00015528622120504097,-0.0005356741203445534,-0.00011483357957331464,-1.3078440019853588e-07,-4.9838038922341264e-06,-0.00026083146102192116,-0.00031477260336466124
561,0.05297401039713892,0.030531159339001707,0.0499996520412088,-6.671079345707472e-07,-0.0001606869781116514,-0.0005305004311439877,-0.00011693113629007712,-1.2798500392818823e-07,-4.649618147445688e-06,-0.00025805756175538186,-0.0003041258078531912
562,0.05339946117589881,0.030115068555117565,0.049999606456745144,-5.574626680960196e-07,-0.0001662226099833582,-0.000525476699737715,-0.0001192442505271174,-1.2430358253823215e-07,-4.326141167982586e-06,-0.0002552436744060504,-0.0002936763248766706
563,0.053826571392696504,0.029672485790889026,0.049999557269361644,-4.5554164880691547e-07,-0.00017189202517798916,-0.0005205972163132896,-0.00012176047312095761,-1.202525652388431e-07,-4.013338458115711e-06,-0.00025238931591955245,-0.00028343481008665737
564,0.05425495520097956,0.02920308076229656,0.04999950427545703,-3.620043917854584e-07,-0.00017769602971738358,-0.0005158566591818172,-0.000124455415061675,-1.1545235878429594e-07,-3.7111289862673734e-06,-0.00024949405682384175,-0.00027341179763267203
565,0.054684211090216456,0.02870659076422687,0.0499994472534002,-2.775327315384807e-07,-0.0001836371734347879,-0.0005112501629000972,-0.00012731277092825621,-1.1040672376338989e-07,-3.4194158968846576e-06,-0.0002465575172182209,-0.00026361772239353476
566,0.05511392751589577,0.028182846907071193,0.049999385963018936,-2.0282966447755958e-07,-0.00018971941269716364,-0.0004998091271529942,-0.00015920687292236835,-1.5583709682687186e-05,-3.323987327943098e-06,-0.00024360265866767836,-0.0002542448172881036
567,0.055857095196958376,0.029395229430837173,0.04999932758645695,-3.262832016848272e-07,-0.0001854243304864276,-0.0004894551770470961,-0.00016494827286805958,-4.432812602317426e-06,-3.2245793913199353e-06,-0.00024065283257691217,-0.0002454747983315427
568,0.05658887476687831,0.03068083283047875,0.049999280139041855,-4.60674841137334e-07,-0.0001798484452681418,-0.0004801858438474309,-0.0001559189986437559,-1.2341508409008384e-05,-3.1272585668302413e-06,-0.00023770821617939003,-0.0002373500564420199
569,0.05734002549446457,0.031853069255126834,0.0499992440793384,-6.079300315103288e-07,-0.00016970839583017357,-0.00047117896129524007,-0.00010986400593537837,-9.987487828766461e-06,-3.025131663522323e-06,-0.0002347732729521911,-0.00022991373811705992
570,0.058090342684932406,0.03290788701391857,0.049999219549121884,-7.625221544189714e-07,-0.00015698484091110308,-0.0004628247775732745,-0.00010953268792945892,-2.8911159688504995e-07,-2.9206462131916872e-06,-0.00023185124585934649,-0.0002231363445140089
571,0.058822361330840484,0.0339404402734168,0.04999920612062832,-9.09614902889552e-07,-0.0001447234126764227,-0.00045501830753976114,-0.00011055164941353723,-2.323574079809987e-07,-2.8159891588419267e-06,-0.00022894329654348061,-0.00021697523844988413
572,0.059536464390233884,0.03494735649322542,0.04999920288890829,-1.0440931844502068e-06,-0.00013308249423486448,-0.00044766871166622635,-0.0001124219415942207,-2.079694780832142e-07,-2.712431710856329e-06,-0.0002260506898421238,-0.00021138731901420207
573,0.06023332737461795,0.03592301960823708,0.049999208755611764,-1.1624604568864397e-06,-0.00012214846567590816,-0.0004406897258552782,-0.00011449369048932567,-1.6229579102855496e-07,-2.6110417704665303e-06,-0.0002231747041464933,-0.00020633070576808916
574,0.06091437684211844,0.03686184126634983,0.049999222523304465,-1.2630499343382284e-06,-0.00011190543087579174,-0.00043401782018400624,-0.00011690245446516201,-1.4235654077765503e-07,-2.5124041959056577e-06,-0.00022031660869812052,-0.00020176573812094833
575,0.06158090046153593,0.037759414547783976,0.049999242967029185,-1.345058065032919e-06,-0.00010233724612929816,-0.00042760419844097903,-0.00011964107397943735,-1.2507928204286145e-07,-2.417022938272049e-06,-0.00021747758939671242,-0.00019765468131831924
576,0.0622340234298393,0.03861314050616989,0.04999926888092688,-1.4084527681183095e-06,-9.343231438809876e-05,-0.0004214101315231269,-0.00012263856478966773,-1.1102378039140604e-07,-2.3252765726426915e-06,-0.0002146587367756798,-0.0001939618425193376
577,0.06287480315842185,0.03942140413363892,0.04999929911561001,-1.4538633991968111e-06,-8.517109468166831e-05,-0.00041540592365494234,-0.0001258592092199251,-9.957202706800672e-08,-2.2374750916442026e-06,-0.000211861033553265,-0.00019065364986748702
578,0.0635042240596389,0.04018347398532617,0.04999933260535564,-1.4824216369591874e-06,-7.75281624080506e-05,-0.0004095659495369799,-0.00012929548393003643,-9.093916020219694e-08,-2.153716663698844e-06,-0.00020908535617941931,-0.0001876986125560325
579,0.06412317423041443,0.040899123793153,0.049999368385089935,-1.4954681938723896e-06,-7.047877170113718e-05,-0.00040386940562700166,-0.00013284484157338738,-8.319962319092156e-08,-2.074071543199757e-06,-0.00020633248186173458,-0.0001850671909026508
580,0.06473240895295165,0.04156873516238477,0.04999940559952993,-1.4945769821693784e-06,-6.39964705438069e-05,-0.0003982990509450023,-0.00013644898717757314,-7.748590036271708e-08,-1.998528740264062e-06,-0.00020360308988157038,-0.00018273168139925435
581,0.06533259444475184,0.04219315199097779,0.04999944350627769,-1.481397391210003e-06,-5.805361902099829e-05,-0.0003928422695489164,-0.0001400958135491237,-7.274233126963736e-08,-1.9271020272575603e-06,-0.00020089776526381237,-0.00018066620334896425
582,0.06592436850644513,0.04277371566729954,0.04999948147415689,-1.4576505676709428e-06,-5.2617034783323724e-05,-0.00038748809020694886,-0.00014378676132764667,-6.9751138198626e-08,-1.8596921380545343e-06,-0.0001982170045714164,-0.00017884667907405293
583,0.06650829558835285,0.04331196051071441,0.049999518978044624,-1.4249673597048784e-06,-4.765544983662866e-05,-0.00038222771990940847,-0.00014749501133337617,-6.766126148249896e-08,-1.796186349247793e-06,-0.00019556122320163363,-0.00017725070669212572
584,0.06708486248850958,0.04380964381557942,0.04999955559124156,-1.3849071309338217e-06,-4.31373560654703e-05,-0.0003770526936067345,-0.0001511889131506905,-6.666038387947992e-08,-1.7364234811094379e-06,-0.00019293076045034902,-0.0001758574373300181
585,0.06765446046502231,0.04426865617213472,0.049999590976488296,-1.3389017805226605e-06,-3.903313686940976e-05,-0.0003719573905776759,-0.00015487345808651298,-6.622839521241985e-08,-1.6803198864906834e-06,-0.00019032588607024276,-0.00017464749745501227
586,0.068217469134989,0.04469105003376957,0.049999624876483614,-1.2883137731605524e-06,-3.531120413722832e-05,-0.000366935746140742,-0.0001585653080837801,-6.672851782241196e-08,-1.6276721722642725e-06,-0.00018774680465257962,-0.0001736029417208572
587,0.06877420286947188,0.04507888748770548,0.04999965710400393,-1.2343113951963928e-06,-3.194199980148595e-05,-0.0003619832186458728,-0.00016224697174038738,-6.749870351541176e-08,-1.5783161818791236e-06,-0.00018519366261372138,-0.00017270715460226325
588,0.06932494740613605,0.04543423554318761,0.04999968753220958,-1.1779517374286581e-06,-2.889692098435756e-05,-0.00035709542979612993,-0.0001659166009631008,-6.945438002503579e-08,-1.5320726136995645e-06,-0.00018266655304359532,-0.00017194473288573153
589,0.06986991716589558,0.0457591181070945,0.049999716085527175,-1.1201463988438204e-06,-2.6149494544253144e-05,-0.0003522685158445229,-0.0001695861719781533,-7.108474875394677e-08,-1.488770683567198e-06,-0.00018016552014360162,-0.00017130141925142219
590,0.0704093244880829,0.04605557788249843,0.04999974273119301,-1.0616936555656637e-06,-2.367308012123956e-05,-0.00034749081750836655,-0.00017325782391708344,-7.307130545086693e-08,-1.4474907435401206e-06,-0.00017769058421520094,-0.0001707639322698493
591,0.07094334185809166,0.04632544698362007,0.04999976747092049,-1.002934712641503e-06,-2.1448145430740626e-05,-0.0003427154699193706,-0.00017655588453635573,-7.226633869095167e-08,-1.4078517311058194e-06,-0.0001752412324929161,-0.0001703207756489386
592,0.07147326461116119,0.04657593609476321,0.04999979036219758,-9.477022140299998e-07,-1.933052628900173e-05,-0.0003376760272970522,-0.00019834590784739703,-2.3491606043535285e-05,-1.371945899280533e-06,-0.00017281646080537742,-0.0001699083291209416
593,0.07192020896937247,0.046860562670915706,0.04999981134352487,-8.672130327789792e-07,-2.0651848594185897e-05,-0.00033242196844417886,-0.00024852491333149374,-2.213949483120814e-05,-1.351387882313449e-06,-0.00017041770763944725,-0.00016943835450009684
594,0.07229929363920727,0.04718736515150967,0.04999983020244114,-7.625993544082366e-07,-2.5171686852744728e-05,-0.00032766283334059,-0.0002732643624767661,-1.9000399333890527e-05,-1.332568870307579e-06,-0.00016804512380986527,-0.00016894878787586257
595,0.07274295544187089,0.04747520981677732,0.04999984705309731,-6.837131581675475e-07,-2.6802330747569868e-05,-0.00032322112808756025,-0.00024903035955503583,-1.8343895135330968e-05,-1.3140849416998023e-06,-0.00016569695561413473,-0.0001685326102198877
596,0.07324533336893425,0.04765876913429751,0.04999986228291179,-6.269103312117439e-07,-2.548681083536891e-05,-0.000318787980885167,-0.00019722722936421633,-1.13676560431486e-05,-1.2976374348453305e-06,-0.00016337501577332058,-0.0001682048943928117
597,0.07377638796129368,0.04778113140841178,0.04999987616347249,-5.819470514135998e-07,-2.2662302809293296e-05,-0.00031442077575990373,-0.00020193462842144072,-8.980647692169441e-08,-1.2789002844239806e-06,-0.00016108037753245497,-0.00016795014800166674
598,0.07430182658311112,0.04788803250765378,0.04999988882861342,-5.394108410137596e-07,-2.0111641723320456e-05,-0.0003101182303728966,-0.00020678949658758938,-7.281585823193382e-08,-1.2591084340704353e-06,-0.00015881200303013033,-0.00016775859467166776
599,0.07482056105091163,0.04798320527700318,0.0499999003508831,-4.988911128039718e-07,-1.7865030924084097e-05,-0.00030586641115461607,-0.00021130513050593436,-8.145500629552771e-08,-1.23898452272506e-06,-0.00015656913117951458,-0.00016762040196322567
600,0.07533240580502609,0.04806764714251568,0.049999910802639824,-4.6047036508055383e-07,-1.5897972214599185e-05,-0.000301646829526326,-0.00021507873316295445,-9.470493722574247e-08,-1.2190090863411597e-06,-0.0001543511796245499,-0.00016752660815259033
601,0.0758375809669056,0.04814193003716505,0.0499999202594197,-4.2434045124302365e-07,-1.4168050866302858e-05,-0.00029745355543262886,-0.00021872238721698523,-9.89228396974795e-08,-1.1995401345268518e-06,-0.00015215769888642775,-0.00016746933826456103
602,0.07633637621229591,0.04820689853019571,0.049999928797754764,-3.905502339710141e-07,-1.2635603802720508e-05,-0.0002932862419656543,-0.00022246774460654706,-9.93750504107993e-08,-1.1807008697114133e-06,-0.00014998830207417922,-0.00016744166575116795
603,0.0768289245012172,0.0482633427430826,0.04999993649184842,-3.590154468278689e-07,-1.1274852673866187e-05,-0.00028914526376928385,-0.0002263261703774333,-9.918553445231737e-08,-1.1625808056089568e-06,-0.00014784263505766715,-0.0001674374116970345
604,0.07731534188250588,0.048311981890498665,0.04999994341232922,-3.296526850051897e-07,-1.0063291371171712e-05,-0.0002850305878526856,-0.0002302844077348709,-9.95141959947432e-08,-1.1452143034198755e-06,-0.00014572036478339772,-0.0001674510409910615
605,0.07779568246636517,0.04835342553629542,0.049999949625972484,-3.02366332176796e-07,-8.982468631148101e-06,-0.0002809425322457201,-0.00023433419119101018,-9.934620237572744e-08,-1.128609214559392e-06,-0.0001436211730393767,-0.00016747758131675482
606,0.0782700152177599,0.048388233130991394,0.049999955195577844,-2.7706432000939843e-07,-8.015759685406645e-06,-0.00027688161167433145,-0.00023848377168178558,-9.92848896430587e-08,-1.1127761074991127e-06,-0.00014154475066931806,-0.0001675125863018726
607,0.07873837966938273,0.04841689196698798,0.04999996017995145,-2.5365755438653796e-07,-7.148749466782536e-06,-0.00027284781227900886,-0.00024273617600556463,-9.92183259995727e-08,-1.097621966716226e-06,-0.00013949079545285095,-0.0001675520804859437
608,0.07920081744659696,0.0484398259914658,0.04999996463389164,-2.3203754140975463e-07,-6.369356748496342e-06,-0.00026884185702246,-0.0002470562467351556,-9.905820519406916e-08,-1.0831363937540275e-06,-0.00013745901204338003,-0.00016759250896255517
609,0.0796573462901583,0.048457431113591964,0.0499999686082567,-2.1211371148008504e-07,-5.667001931123678e-06,-0.0002648643681973214,-0.00025145927793346345,-9.875368789380445e-08,-1.0692814483705578e-06,-0.00013544910856482412,-0.000167630693113584
610,0.08010796834082995,0.048470058018979856,0.049999972150052883,-1.9378991344624427e-07,-5.0325366365943656e-06,-0.00026091680634478546,-0.00025594542967155576,-9.748674045795269e-08,-1.0560592878843966e-06,-0.00013346079497062697,-0.00016766382552897498
611,0.08055270372626806,0.0484780485772072,0.049999975302572316,-1.769828429023396e-07,-4.457620722568703e-06,-0.00025699879053127297,-0.00026053350302390754,-9.703828851570506e-08,-1.043320121784772e-06,-0.00013149378483191576,-0.000167689434587954
612,0.08099153250518411,0.048481665037190896,0.04999997810551425,-1.61579278313392e-07,-3.935999123312149e-06,-0.0002531117295712868,-0.0002651613613124937,-9.629307129443987e-08,-1.031085307467784e-06,-0.0001295477962166787,-0.00016770532084657165
613,0.08142442965390317,0.04848117297677705,0.049999980595158776,-1.4749959932524826e-07,-3.462024095171188e-06,-0.0002492567152766071,-0.0002698565076570958,-9.542257117800546e-08,-1.0193093591609162e-06,-0.00012762255025355976,-0.00016770952586115512
614,0.08185136844553054,0.048476812341651826,0.04999998280456981,-1.3465367167561424e-07,-3.0309817128617336e-06,-0.00024543495414832393,-0.0002746166428551078,-9.342939222278801e-08,-1.0079537994217321e-06,-0.00012571777167022277,-0.00016770034597901238
615,0.08227233939945996,0.04846882585999075,0.04999998476377611,-1.2295912047073268e-07,-2.6384371362608235e-06,-0.0002416472893429108,-0.000279436499113217,-9.249362165064667e-08,-9.969790387951415e-07,-0.0001238331893495223,-0.00016767631031939788
616,0.08268728700431395,0.04845740388899904,0.04999998649996879,-1.1233179728900041e-07,-2.2813685315628667e-06,-0.00023789469977349796,-0.0002843103720806539,-9.102274844963176e-08,-9.86345817158133e-07,-0.00012196853605188881,-0.00016763611976521663
617,0.08309616087478539,0.048442736084425266,0.04999998803768317,-1.0269225521398693e-07,-1.9570153332755645e-06,-0.00023417779019047408,-0.00028922976343892515,-8.93983767014106e-08,-9.75969526145875e-07,-0.00012012354994602065,-0.0001675786380648342
618,0.08349891819558415,0.048425002447257545,0.04999998939899838,-9.395810111191426e-08,-1.66333650941572e-06,-0.0002304989728274573,-0.00029414735035970807,-8.766907910739974e-08,-9.659500385280668e-07,-0.00011829797494097892,-0.0001675028778989874
619,0.08389550474272611,0.04840439799337918,0.04999999060376345,-8.607686645266461e-08,-1.398432114246754e-06,-0.0002268587530792674,-0.0002991527726408094,-8.569512743861196e-08,-9.561753380171153e-07,-0.00011649155861168818,-0.00016740800900825694
620,0.08428587332617113,0.04838107863019307,0.049999991669760775,-7.897034001775188e-08,-1.1609205335018912e-06,-0.0002232581800286156,-0.00030417213565669954,-8.33267463917764e-08,-9.466275284666538e-07,-0.00011470405481732243,-0.00016729336106423686
621,0.08466997481019245,0.04835521529096372,0.049999992612873245,-7.25770599739235e-08,-9.497740892732809e-07,-0.00021969776178958436,-0.0003092180995736271,-8.22420531676471e-08,-9.372761641635325e-07,-0.00011293522418694818,-0.00016715834626885987
622,0.08504770979311428,0.04832692937059298,0.04999999344726108,-6.683442075279517e-08,-7.646823672272722e-07,-0.00021617898803377614,-0.00031425789347849786,-7.937473611718815e-08,-9.28105242057148e-07,-0.00011118483331184143,-0.00016700245293906944
623,0.08541904861131455,0.0482964084199475,0.04999999418552326,-6.168979251018277e-08,-6.049425135650824e-07,-0.0002127029251343276,-0.00031930339173413813,-7.720453254478343e-08,-9.190960685679456e-07,-0.00010945265591633376,-0.0001668252913371746
624,0.08578393639916719,0.048263808035137745,0.049999994838860466,-5.709240518287733e-08,-4.7033285138758975e-07,-0.00020927045539631184,-0.00032434388413093984,-7.478777064306996e-08,-9.102286771194223e-07,-0.00010773847256581931,-0.00016662656218041934
625,0.0861423128189707,0.04822928534504507,0.04999999541720423,-5.299469308165508e-08,-3.607766827606807e-07,-0.00020588249728239149,-0.00032936964998953044,-7.230101317645676e-08,-9.014876664150026e-07,-0.00010604207073194129,-0.00016640605472030803
626,0.08649412648016849,0.04819300420898992,0.049999995929349915,-4.9354056174002654e-08,-2.763268833676582e-07,-0.00020253985839371901,-0.00033436762169003487,-6.971241361952707e-08,-8.928566081830249e-07,-0.00010436324511801916,-0.00016616364148388857
627,0.08683932338773437,0.04815512677777141,0.0499999963830757,-4.6130465488553565e-08,-2.171375638899069e-07,-0.0001992434930936943,-0.00033933899248950183,-6.7208809184649e-08,-8.843208427537784e-07,-0.00010270179723250476,-0.00016589927451591635
628,0.08717785994159256,0.04811581548489922,0.049999996785250474,-4.328841571419724e-08,-1.8343523584832068e-07,-0.00019599426850741374,-0.0003442736342549324,-6.463780266585673e-08,-8.758682139040583e-07,-0.00010105753599922206,-0.00016561298420605692
629,0.08750969617853524,0.048075231336997065,0.049999997141938146,-4.079558221276518e-08,-1.7550752505966798e-07,-0.00019279284461091735,-0.00034915932337753475,-6.200802715738973e-08,-8.674845113603566e-07,-9.943027751987881e-05,-0.00016530488143882453
630,0.08783479006918354,0.048033548252740095,0.049999997458483936,-3.8622565263690884e-08,-1.9364398526565323e-07,-0.0001896398824130047,-0.000353988230926916,-5.93822804262345e-08,-8.591587436980222e-07,-9.781984481627299e-05,-0.00016497515573474006
631,0.08815310521913311,0.04799093010596985,0.049999997739594695,-3.6743066822592236e-08,-2.381623339211657e-07,-0.0001865359146520524,-0.0003587572427932173,-5.6787115454426385e-08,-8.508795041062161e-07,-9.62260681097644e-05,-0.0001646240707804825
632,0.08846460785043275,0.047947554834714454,0.049999997989412105,-3.513352804876697e-08,-3.093546504089094e-07,-0.00018348159796803868,-0.0003634541353676468,-5.424503868312058e-08,-8.426369851082474e-07,-9.464878452291638e-05,-0.00016425196719581798
633,0.08876927667074909,0.0479035887305597,0.049999998211580896,-3.3773890838081146e-08,-4.074858727781911e-07,-0.0001804775003989438,-0.0003680751833599061,-5.1672863321527984e-08,-8.344215237214281e-07,-9.308783818475332e-05,-0.0001638592658601105
634,0.08906709320761289,0.04785920598857789,0.049999998409310055,-3.264647880103765e-08,-5.32761724805078e-07,-0.00017752397171169243,-0.0003726087452378124,-4.9156550829820844e-08,-8.262241587811407e-07,-9.154308000067457e-05,-0.0001634464712391081
635,0.0893580401227947,0.04781458765576211,0.04999999858542085,-3.1735494443631466e-08,-6.853448999705409e-07,-0.00017462135743046453,-0.0003770506882574409,-4.675449005731025e-08,-8.180366292456327e-07,-9.001436768772386e-05,-0.00016301416689537012
636,0.08964210676647004,0.047769906408827716,0.04999999874239236,-3.102765132258177e-08,-8.653254100493093e-07,-0.00017176933368428696,-0.00038140008109621704,-4.4342595373336735e-08,-8.098164124321924e-07,-8.850156646264059e-05,-0.00016256301141975133
637,0.08991928656641018,0.04772533307199824,0.049999998882401676,-3.050719154976105e-08,-1.072648003554899e-06,-0.00016896900648579,-0.00038561454857699573,-4.214641435851263e-08,-8.016170679286715e-07,-8.700454774121635e-05,-0.0001620937410745276
638,0.09018957762931423,0.04768106114371253,0.049999999007368255,-3.017278938590539e-08,-1.3072567073736298e-06,-0.00016622072857479215,-0.0003897447313647717,-3.979481633109572e-08,-7.934156949369787e-07,-8.552318778795419e-05,-0.00016160718052662932
639,0.09045300032051401,0.04763725864562586,0.04999999911898517,-3.0016132420920845e-08,-1.5690967450217674e-06,-0.0001635244675196228,-0.0003937725559808314,-3.7332590352434636e-08,-7.851977262705474e-07,-8.405736864078557e-05,-0.00016110427297531693
640,0.09070957140387964,0.04759409850603006,0.04999999921874315,-3.003200177776728e-08,-1.857953931448978e-06,-0.00016087994142314748,-0.000397704541683197,-3.562759687270045e-08,-7.769492488613094e-07,-8.260697780523678e-05,-0.0001605860402530855
641,0.09095928429093925,0.047551713458800375,0.04999999930795328,-3.0214034869028685e-08,-2.1732918787307162e-06,-0.00015828706445972853,-0.0004015067243017256,-3.3586559311515884e-08,-7.686644853161093e-07,-8.11719081973479e-05,-0.0001600535521607696
642,0.09120216253819886,0.04751027615085536,0.04999999938776728,-3.055960713457963e-08,-2.514680916188532e-06,-0.00015574591582757512,-0.00040519246249459684,-3.1632129804393117e-08,-7.603373233180762e-07,-7.97520580956021e-05,-0.00015950796457443007
643,0.09143823743736489,0.04746994482224718,0.04999999945920178,-3.10678875123258e-08,-2.8815361664933967e-06,-0.00015325645820520072,-0.00040873922989703715,-2.985033376035062e-08,-7.519657882537919e-07,-7.834733122856861e-05,-0.0001589505159774159
644,0.09166754776363047,0.04743087606083751,0.049999999523155855,-3.173958665475201e-08,-3.2732241631126896e-06,-0.0001508185047814708,-0.00041217595571652055,-2.8141462493636027e-08,-7.435409375050683e-07,-7.695763600452617e-05,-0.00015838252650499465
645,0.0918901286847866,0.047393217788335606,0.04999999958042391,-3.257587568825923e-08,-3.689025783695933e-06,-0.00014843180714915324,-0.00041547990986146033,-2.6474049619196194e-08,-7.350580832978573e-07,-7.558288476402755e-05,-0.0001578053984185582
646,0.09210602278284445,0.047357112512374525,0.049999999631708376,-3.357937231827495e-08,-4.1280604458463595e-06,-0.00014609604902051198,-0.00041865845560096204,-2.4957740762943104e-08,-7.26512103094406e-07,-7.422299424756807e-05,-0.0001572206069508776
647,0.09231527608914919,0.04732269151802718,0.049999999677630524,-3.4753020815187215e-08,-4.589394076988746e-06,-0.00014381100597473097,-0.0004217156383674592,-2.3500486889815875e-08,-7.178975490665233e-07,-7.287788499193926e-05,-0.00015662969644198284
648,0.09251794292067074,0.04729007886352845,0.049999999718740466,-3.610153484226872e-08,-5.071997831213418e-06,-0.0001415764439308008,-0.0004246454336680472,-2.2147991884935436e-08,-7.092092032971688e-07,-7.154748088843492e-05,-0.00015603427802644897
649,0.09271408334581954,0.04725938802800468,0.04999999975552673,-3.7630290640931395e-08,-5.574804245855133e-06,-0.00013939191538460066,-0.0004274505190551281,-2.084379779887513e-08,-7.004422988128514e-07,-7.023170896081085e-05,-0.00015543602720486177
650,0.0929037555991365,0.04723072757922572,0.0499999997884225,-3.934501656014306e-08,-6.096578740065992e-06,-0.0001372570227863097,-0.00043012728565372527,-1.9651313465374187e-08,-6.915935819442745e-07,-6.893049942720691e-05,-0.00015483667837171307
651,0.0930870280423734,0.04720419705991743,0.049999999817811724,-4.1252226281176826e-08,-6.636093557313216e-06,-0.00013517131525575703,-0.0004326925554778427,-1.854055931005405e-08,-6.826566593985638e-07,-6.76437849945548e-05,-0.00015423801818286904
652,0.09326396801156166,0.04717988788068078,0.049999999844034554,-4.335882552933295e-08,-7.192108896446632e-06,-0.00013313441128697255,-0.00043512784759514034,-1.743810251753075e-08,-6.736287884710219e-07,-6.637150052538204e-05,-0.00015364188334037268
653,0.09343465292068674,0.04715787124441111,0.04999999986739275,-4.567269417173092e-08,-7.763195357665395e-06,-0.00013114588264178208,-0.0004374480922706425,-1.648312597524182e-08,-6.645059269483556e-07,-6.51135834422011e-05,-0.00015305015102074849
654,0.0935991641050419,0.04713821264347394,0.049999999888154845,-4.8202360881785895e-08,-8.347971611444026e-06,-0.00012920520486808164,-0.0004396557342261076,-1.556021267390406e-08,-6.552834563308729e-07,-6.386997286606384e-05,-0.00015246473575893918
655,0.09375758163429142,0.04712097701458284,0.049999999906558845,-5.0956066547715907e-08,-8.945007658296874e-06,-0.00012731188390684067,-0.00044174716458655894,-1.4722303376402124e-08,-6.459579200397644e-07,-6.264060927564542e-05,-0.00015188758066186328
656,0.09390999113187201,0.0471061989841213,0.049999999922814946,-5.394241274737008e-08,-9.552771781321358e-06,-0.00012546534638528892,-0.0004437278548721224,-1.386193027030913e-08,-6.36525589329957e-07,-6.142543422994966e-05,-0.00015132065470995892
657,0.09405647909740761,0.04709392688475926,0.04999999993710878,-5.7170396971316817e-08,-1.0169779980429288e-05,-0.00012366513619725913,-0.00044560214155353606,-1.3167418266846198e-08,-6.2698560458658e-07,-6.022439072029816e-05,-0.00015076594496468408
658,0.094197145609156,0.04708417578185154,0.04999999994960433,-6.064953581948873e-08,-1.0794553360304686e-05,-0.00012191075777777585,-0.00044737287680618465,-1.2442322727679311e-08,-6.173333835831211e-07,-5.9037423023888716e-05,-0.00015022544786029332
659,0.09433208679307852,0.04707696126567282,0.049999999960446545,-6.438993353698299e-08,-1.1425549258911797e-05,-0.00012020163069648338,-0.0004490477149374783,-1.1764551999249306e-08,-6.075651951797733e-07,-5.786447552056365e-05,-0.0001497011653593562
660,0.09446139796178266,0.047072286034626966,0.049999999969762336,-6.839980714712882e-08,-1.2061098477140166e-05,-0.00011853719056341335,-0.000450617604656145,-1.1212612172073477e-08,-5.97679403436508e-07,-5.6705492918162545e-05,-0.00014919509296770482
661,0.09458518318203168,0.047070144863779834,0.049999999977662246,-7.268903415836389e-08,-1.2699764658183756e-05,-0.00011711895023002227,-0.0004520935472100973,-1.0615577750172633e-08,-5.880026464780059e-07,-5.556194077261319e-05,-0.00014871040991392618
662,0.09471462748326302,0.047117332418417736,0.049999999984652564,-7.760899864174204e-08,-1.3359469375758908e-05,-0.00011572338943041422,-0.000453783170087263,-1.1149436929258627e-08,-5.770929846151801e-07,-5.4433968997942465e-05,-0.00014824826580015017
663,0.09484140263508271,0.047170752070017474,0.04999999999101304,-8.26674522456574e-08,-1.4027754529447956e-05,-0.00011432249977989273,-0.000455762492492795,-1.2712554564586753e-08,-5.644722924220893e-07,-5.332288527989265e-05,-0.00014781193654863042
664,0.09496355716983404,0.04722052605391788,0.04999999999594086,-8.78436942343543e-08,-1.4719386128931965e-05,-0.00011292561837389904,-0.000456921145087108,-7.98927413114825e-09,-5.485216350511363e-07,-5.222775288809097e-05,-0.0001474023438333999
665,0.09508120915395488,0.047267208890087536,0.04999999999898451,-9.308606349149437e-08,-1.5420657225460572e-05,-0.0001115482910220423,-0.000457707152236253,-9.766763398033618e-09,-5.347394955184979e-07,-5.1148422996385605e-05,-0.0001470208474808108
666,0.09519453592047265,0.04731147174394815,0.049999999999999975,-9.868350125404633e-08,-1.613482270509759e-05,-0.00011019282890605122,-0.00045892479829490185,-7.647527944243393e-09,-5.201815166030594e-07,-5.0084956982063056e-05,-0.00014666910848270265
667,0.09530356195367759,0.04735346920125892,0.049999999999051574,-1.0457780161601673e-07,-1.6859940938631995e-05,-0.000108862853927618,-0.0004598809464368969,-6.5638814383817135e-09,-5.050501045632941e-07,-4.903719737537415e-05,-0.00014634947546147357
668,0.09540835392801221,0.04739344841184472,0.04999999999632601,-1.1083340021892868e-07,-1.7589936093542078e-05,-0.0001075580597048767,-0.0004610979522112757,-7.527266809859157e-09,-4.894993010204448e-07,-4.800502145922342e-05,-0.00014606372535538412
669,0.09550884574759846,0.04743145088469132,0.04999999999207064,-1.1743382368679708e-07,-1.8308839276673405e-05,-0.00010628304223190996,-0.0004620477557182312,-6.624889525852495e-09,-4.7362620999292585e-07,-4.6988317247026756e-05,-0.00014581320958983296
670,0.09560518351224667,0.047467960460606085,0.049999999986548915,-1.244403804179085e-07,-1.902044385227194e-05,-0.00010503993306213273,-0.0004629255854524672,-6.3660396953935106e-09,-4.5751333037512223e-07,-4.598697933001924e-05,-0.00014559963000284777
671,0.09569743947749862,0.047503206465565134,0.049999999980003804,-1.3187803091502543e-07,-1.9721516566643637e-05,-0.00010383020284744004,-0.0004637594392988831,-6.193142443322586e-09,-4.412101613978406e-07,-4.50009033404965e-05,-0.00014542463849525722
672,0.09578568573022525,0.047537378419530776,0.049999999972640985,-1.397662480645934e-07,-2.0409685506172962e-05,-0.00010265507512581816,-0.0004645391018129885,-5.997645047273181e-09,-4.2476909067777035e-07,-4.402998317381628e-05,-0.00014528984317097268
673,0.09587000162785464,0.047570649648271277,0.04999999996461938,-1.481237788626396e-07,-2.108305555691937e-05,-0.00010151542536063503,-0.0004652775533031672,-5.77524472689106e-09,-4.082305959635153e-07,-4.3074110256008534e-05,-0.00014519680246106496
674,0.09595046983684244,0.04760317006397008,0.04999999995604893,-1.569630240227224e-07,-2.1739987458718136e-05,-0.00010041176378893885,-0.0004659522383008152,-5.5157900469282595e-09,-3.9163254946259476e-07,-4.2133172546996315e-05,-0.00014514700894632896
675,0.09602717831162953,0.04763507917778819,0.04999999994699461,-1.662924114032232e-07,-2.237925364381253e-05,-9.9344335836709e-05,-0.0004665923479478806,-5.288831594896237e-09,-3.7500919319239443e-07,-4.1207054414288464e-05,-0.00014514188870307193
676,0.09610021684765385,0.047666495193949956,0.04999999993748186,-1.7611891603495245e-07,-2.2999840520318305e-05,-9.831315146709603e-05,-0.00046718312660232186,-5.04900432574118e-09,-3.5839376037630884e-07,-4.029563656621721e-05,-0.00014518278755446285
677,0.09616967914366926,0.047697521427312754,0.049999999927503064,-1.8644521422211455e-07,-2.360074680312239e-05,-9.731813636793229e-05,-0.0004677314718719572,-4.818387022709203e-09,-3.4181879837926203e-07,-3.939879655760946e-05,-0.00014527097010873545
678,0.096235664584122,0.04772824102405762,0.04999999991702372,-1.9727525747719624e-07,-2.4181418153239235e-05,-9.63590639257195e-05,-0.00046824460150673985,-4.581961032812387e-09,-3.2531419617938265e-07,-3.851640884557404e-05,-0.000145407619288987
679,0.09629827220432992,0.04775872866236994,0.04999999990598726,-2.0861037407969126e-07,-2.4741217399347672e-05,-9.543556744160732e-05,-0.0004687122709583491,-4.344849369175563e-09,-3.0890176568250857e-07,-3.7648344107903856e-05,-0.00014559383030699358
680,0.0963576051338752,0.04778904744414405,0.049999999894321245,-2.2044776459865084e-07,-2.5279554691389022e-05,-9.454731406224399e-05,-0.0004691524081863463,-4.160465749691866e-09,-2.9263049475199356e-07,-3.6794471552589355e-05,-0.00014583060719039657
681,0.09641376706075731,0.04781924792191554,0.04999999988194163,-2.3278867328422486e-07,-2.579618996655476e-05,-9.369379523960862e-05,-0.00046955732977949083,-3.937460579805929e-09,-2.765243982787509e-07,-3.5954659727627036e-05,-0.00014611886430475595
682,0.0964668618875505,0.04784937018388409,0.049999999868755654,-2.456304108388378e-07,-2.629087052145891e-05,-9.287460182022089e-05,-0.00046992916031740606,-3.6961560478943056e-09,-2.6060963657041724e-07,-3.512877414548582e-05,-0.00014645943388147503
683,0.09651699611695236,0.04787944415242945,0.04999999985466462,-2.589706670676312e-07,-2.6763399066305325e-05,-9.208920871201657e-05,-0.00047027994878590107,-3.548075611092827e-09,-2.449150675103465e-07,-3.4316678317288265e-05,-0.00014685304735483843
684,0.09656427742469141,0.04790948411377752,0.049999999839565525,-2.7280590123949594e-07,-2.721330153168674e-05,-9.133709075342959e-05,-0.000470606901217252,-3.3566116552918857e-09,-2.2946956379619912e-07,-3.3518233967686317e-05,-0.00014730033031321155
685,0.09660880851881404,0.047939509454464284,0.049999999823352986,-2.8713198562137665e-07,-2.764033470965357e-05,-9.061780914623372e-05,-0.0004709057102445513,-3.188894481809257e-09,-2.14314312635179e-07,-3.2733303350945525e-05,-0.00014780181965461304
686,0.09665069931802948,0.04796953191422096,0.049999999805919654,-3.0194930251834015e-07,-2.8044548578733235e-05,-8.99306526432616e-05,-0.00047118845395743847,-3.014018590263845e-09,-1.9945378131456359e-07,-3.196174551557642e-05,-0.00014835796183913493
687,0.09669005104668532,0.04799955651900164,0.04999999978715816,-3.1724569326340046e-07,-2.8425469361435433e-05,-8.927513882113799e-05,-0.00047144826385192573,-2.9050164496169373e-09,-1.8492486568889556e-07,-3.120341439935819e-05,-0.00014896909947112805
688,0.09672697294014937,0.04802957741515167,0.04999999976696232,-3.3301736485575767e-07,-2.878284720449001e-05,-8.86321183087036e-05,-0.0004716940748039633,-2.8387592276857276e-09,-1.7005497624539584e-07,-3.045771452996051e-05,-0.00014963537378333156
689,0.09676138359458145,0.04805944013706637,0.04999999974532883,-3.4844474498718494e-07,-2.908695344703423e-05,-8.799345983962213e-05,-0.0004710950597655028,-2.0791141253084788e-08,-1.613258730123901e-07,-2.97235913900692e-05,-0.00015035575761590753
690,0.09679351932432316,0.048089760545078124,0.04999999972234247,-3.63434828830034e-07,-2.9318096096143503e-05,-8.74280281239957e-05,-0.00047005488886497915,-5.164888605690976e-08,-1.4585749077748136e-07,-2.900176062326384e-05,-0.000151128501377455
691,0.09682431532364377,0.0481219764611288,0.04999999969761558,-3.8126376448828353e-07,-2.960395104774999e-05,-8.691353030246055e-05,-0.0004709025379270315,-4.8799915219888135e-08,-1.3201869548102434e-07,-2.8293371341702744e-05,-0.00015195719284882684
692,0.0968527957826876,0.048154026989262216,0.04999999967065141,-3.9979079103072985e-07,-2.9967800354814486e-05,-8.643531072177636e-05,-0.00047060666838660836,-2.1142742667734638e-08,-1.1916090203131117e-07,-2.759798435258573e-05,-0.00015284792922073268
693,0.09687916718667233,0.04818475399822522,0.049999999641279894,-4.1882802129131366e-07,-3.0312576609379676e-05,-8.596595272302395e-05,-0.0004726727493107319,-7.561381920595522e-08,-1.0709866778425124e-07,-2.6915304132739225e-05,-0.00015379810642523472
694,0.09690369198749653,0.04821421577568275,0.04999999960955369,-4.3764514884351996e-07,-3.053256321510195e-05,-8.55236731130739e-05,-0.0004729282227344811,-2.300844847979988e-09,-9.56694921000385e-08,-2.6245074186210655e-05,-0.00015480290739858062
695,0.0969264948161412,0.048243528314332096,0.049999999575568964,-4.56843414313478e-07,-3.072478278165387e-05,-8.510851902128562e-05,-0.00047310497029684484,-2.13786477409883e-09,-8.486623171829627e-08,-2.5587096219046752e-05,-0.0001558617066049438
696,0.09694767881049357,0.04827276881169587,0.049999999539247636,-4.7640255389723686e-07,-3.0888850074270185e-05,-8.472015467701981e-05,-0.0004732742963824421,-2.06298955696127e-09,-7.468931632047917e-08,-2.4941178667560368e-05,-0.00015697388057156543
697,0.09696734040842044,0.048301902626151694,0.04999999950051464,-4.963443960759455e-07,-3.102783104277033e-05,-8.435805797437203e-05,-0.0004735045658890158,-2.199574522521175e-09,-6.515676841294799e-08,-2.4307143471941653e-05,-0.00015813884507296332
698,0.09698557259581075,0.048330883696702666,0.04999999945928028,-5.166808994721504e-07,-3.114296261556536e-05,-8.402250502745211e-05,-0.0004737227864097804,-2.018497147204812e-09,-5.6291462841570563e-08,-2.3684821341040406e-05,-0.0001593559698204534
699,0.0970024671833911,0.04835970905233381,0.04999999941544711,-5.374135357132107e-07,-3.123504305126856e-05,-8.371311179749794e-05,-0.00047393442946486175,-2.0145705104113176e-09,-4.812264463206263e-08,-2.3074049544392246e-05,-0.00016062455455549316
700,0.0970181160538438,0.04838836765328514,0.049999999368918795,-5.585363184321056e-07,-3.130440973734359e-05,-8.342956927087484e-05,-0.00047415378503501415,-2.0228350106066273e-09,-4.0680067024763686e-08,-2.247467079878747e-05,-0.0001619438157659934
701,0.09703260976941068,0.04841684298759808,0.049999999319599385,-5.800461942668405e-07,-3.135133907087072e-05,-8.317153477539273e-05,-0.00047438099863938987,-2.0456252247669227e-09,-3.3991766335469797e-08,-2.1886531990839527e-05,-0.00016331289216785997
702,0.09704603403709391,0.04844511824430356,0.04999999926739047,-6.019386250506813e-07,-3.137619474575097e-05,-8.293904189674765e-05,-0.0004746143822558224,-2.0535457778692034e-09,-2.8023567098736375e-08,-2.1309489991766175e-05,-0.00016473085275762095
703,0.0970584797636872,0.04847317709709334,0.04999999921218757,-6.242279387196719e-07,-3.137999269620232e-05,-8.27312690541274e-05,-0.00047487407573498785,-1.9644692539344533e-09,-2.29516666880589e-08,-2.0743395284256527e-05,-0.00016619670555154651
704,0.0970700203244117,0.04850097670261119,0.04999999915388664,-6.468645413784957e-07,-3.1361912941679895e-05,-8.254794784147591e-05,-0.00047511383309029043,-2.2030937074646317e-09,-1.8718804787557166e-08,-2.018809247454166e-05,-0.0001677093549782209
705,0.09708074732860204,0.048528528703262006,0.04999999909238417,-6.698618036353122e-07,-3.1322120021383866e-05,-8.238882924805157e-05,-0.00047539229854010046,-2.3116280001289624e-09,-1.5329819344135266e-08,-1.9643441530340462e-05,-0.00016926760381064904
706,0.09709074221246297,0.048555820364012674,0.04999999902757185,-6.932157786196483e-07,-3.1261611891279945e-05,-8.225366178556543e-05,-0.00047566331340931356,-2.108279106849409e-09,-1.2866683965109552e-08,-1.9109300599234048e-05,-0.0001708702618395115
707,0.09710007356246916,0.048582837831078904,0.04999999895933963,-7.169116226055284e-07,-3.118156991596803e-05,-8.214205549102997e-05,-0.00047595115029253066,-2.2795338949777033e-09,-1.1340885887761129e-08,-1.8585525797325522e-05,-0.00017251609970143794
708,0.09710882342106224,0.048609559759765254,0.049999998887576357,-7.40938249083011e-07,-3.108156324086708e-05,-8.205382648302938e-05,-0.0004762657918035984,-2.407056776121408e-09,-1.074556318344956e-08,-1.8071978803909235e-05,-0.00017420378071535773
709,0.09711706872516634,0.04863597785681401,0.049999998812165235,-7.652962328211605e-07,-3.0962272572633964e-05,-8.191349623814626e-05,-0.0004765841586049646,-2.3528354820001596e-09,-1.1115575594525138e-08,-1.756854487281316e-05,-0.0001759294034844349
710,0.09712510693712982,0.04865825895807801,0.04999999873318161,-7.89431840797437e-07,-3.0811172121865514e-05,-8.229026027879835e-05,-0.0004104156687390059,-1.869094376161229e-05,-1.0744053895202547e-08,-1.707528939058385e-05,-0.0001776379522095388
711,0.09713962246169577,0.048720113202370054,0.04999999867290683,-7.846361081468312e-07,-2.8279948222385778e-05,-8.245187442916127e-05,-0.0004546375130303204,-8.305933079100214e-06,-1.2251888206180454e-08,-1.659258854330188e-05,-0.00017932986922465503
712,0.09715296882747636,0.048808623695774406,0.04999999863781654,-7.99723865379416e-07,-2.7361165362715028e-05,-8.27504489943934e-05,-0.0004994302289560437,-6.638094873778755e-06,-1.5598292027694638e-08,-1.6119950114082525e-05,-0.000181069721639453
713,0.09716347681917786,0.04885451800142656,0.04999999860949545,-8.159473085477357e-07,-2.6569776893492703e-05,-8.278092653704012e-05,-0.0004772587271872908,-1.0935383215837646e-05,-2.0458194145155135e-08,-1.5657727304542586e-05,-0.00018285036734968555
714,0.0971791914573507,0.04887919951311291,0.04999999857875004,-8.44073608421677e-07,-2.6601932075014818e-05,-8.282893012772757e-05,-0.00047689658822491765,-6.849928180230336e-09,-2.653750140190539e-08,-1.5205889579385094e-05,-0.0001846561812360099
715,0.09719502877132277,0.04890191491422855,0.049999998536302104,-8.718637665506553e-07,-2.6600384684804223e-05,-8.289619937374433e-05,-0.0004765721969306469,-4.072841175428721e-09,-3.389947242538478e-08,-1.476427261226881e-05,-0.00018648761911886234
716,0.09721069863437161,0.04892404853304882,0.04999999848363568,-8.998765316140508e-07,-2.660464501644815e-05,-8.297919044208037e-05,-0.0004777878930326551,-2.8440014787634027e-09,-4.262337393984675e-08,-1.4332715506572107e-05,-0.00018834727182014788
717,0.09722622993909744,0.048945407361666325,0.0499999984215834,-9.281504339174459e-07,-2.6613315731230654e-05,-8.30781993225244e-05,-0.00047880844795145094,-3.1371765185639333e-09,-5.274760436398119e-08,-1.3911056977631781e-05,-0.00019023609681528735
718,0.09724176989522934,0.0489658685326505,0.0499999983506551,-9.566778828047066e-07,-2.6603289848564508e-05,-8.319433042224896e-05,-0.0004795151762664318,-3.1854210380544146e-09,-6.431381428651258e-08,-1.3499141821238925e-05,-0.00019215343426505165
719,0.09725744215880283,0.04898553100942715,0.04999999827122815,-9.853176773641858e-07,-2.656709629992115e-05,-8.332808797147554e-05,-0.00048019466339610517,-3.2722053955325237e-09,-7.736336401868577e-08,-1.309681636761194e-05,-0.0001940979498809902
720,0.09727328150638893,0.04900449967998116,0.04999999818364078,-1.0140728490007609e-06,-2.6505841069574417e-05,-8.347994628136745e-05,-0.00048089554184116423,-3.3806653032542044e-09,-9.193408165146335e-08,-1.2703926438802074e-05,-0.0001960682338879318
721,0.09728931579155249,0.04902285881196017,0.04999999808809959,-1.0429616035094687e-06,-2.642135400967652e-05,-8.357770354781545e-05,-0.00048163245082832873,-3.491474442895992e-09,-1.0769179585555704e-07,-1.2320368000411613e-05,-0.0001980603354022961
722,0.09730641492319275,0.0490384367170891,0.04999999798455906,-1.071767029573089e-06,-2.630723191229214e-05,-8.422028841169744e-05,-0.00041429357952438295,-1.9115486793452874e-05,-1.255232729300609e-07,-1.194597062226306e-05,-0.00020000956948893695
723,0.0973298468963284,0.04908478000305735,0.04999999790194916,-1.0660295969505031e-06,-2.4062568047319592e-05,-8.458931003377971e-05,-0.0004587221483234316,-8.006226380530279e-06,-1.4468807512335279e-07,-1.1580486423148252e-05,-0.0002019146923653509
724,0.09734608140645545,0.04914814586179333,0.04999999785255341,-1.08282262186417e-06,-2.323504657504921e-05,-8.509072940877905e-05,-0.0005044921417720616,-6.713308721373323e-06,-1.6719493813863398e-07,-1.122351605923046e-05,-0.00020384720475751978
725,0.09735854063381587,0.049175389579886986,0.049999997817761536,-1.1013026111363122e-06,-2.2492171042741278e-05,-8.529540791648872e-05,-0.0004843506030738354,-1.0950580872304272e-05,-1.9038009614808303e-07,-1.0874989234866578e-05,-0.00020580639411962068
726,0.09737628536407478,0.04918646703779574,0.0499999977824917,-1.1343423133506134e-06,-2.2515951776504476e-05,-8.55276423320059e-05,-0.0004843233327846974,-9.557437508078692e-09,-2.152406534811019e-07,-1.0535029868958742e-05,-0.00020778037086636184
727,0.09739445434533994,0.0491967941195257,0.049999997732395794,-1.1670710358853448e-06,-2.2511925313908444e-05,-8.578624341248487e-05,-0.00048431428149342537,-3.1036062608791326e-09,-2.417364877284094e-07,-1.0203473529605862e-05,-0.00020976882995399948
728,0.09741273127139008,0.049207393563085844,0.04999999766774725,-1.1999768691264434e-06,-2.2505678865749794e-05,-8.606596163774813e-05,-0.00048582564340904355,-3.98280342039925e-09,-2.6989489045975444e-07,-9.880156499511343e-06,-0.00021177361988132927
729,0.0974311518277062,0.04921807629222241,0.049999997588436595,-1.2330063467560773e-06,-2.249577512760245e-05,-8.636517630881617e-05,-0.0004871640994679183,-4.918402130016375e-09,-2.9972289111765874e-07,-9.564914650994572e-06,-0.00021379506318287947
730,0.09744985615774171,0.04922868408594469,0.04999999749427243,-1.266079731500244e-06,-2.246353798943457e-05,-8.668335720051474e-05,-0.0004882170760538429,-5.149860093922598e-09,-3.312295741453418e-07,-9.257590302842472e-06,-0.00021583195194162954
731,0.0974689615265206,0.04923923466677996,0.049999997385145184,-1.2989787843128663e-06,-2.2403652696979894e-05,-8.70201500042564e-05,-0.0004892247379757464,-5.057115171069881e-09,-3.6442995501229244e-07,-8.958029056224457e-06,-0.00021788247470246044
732,0.09748849489620519,0.049249756027983385,0.0499999972610871,-1.3316692457311807e-06,-2.2317401505484774e-05,-8.737510641834677e-05,-0.0004902420332655311,-5.011426829071297e-09,-3.9933592777211635e-07,-8.666078324075225e-06,-0.00021994483277094974
733,0.09750847409177088,0.049260273417207776,0.04999999712212768,-1.3641375189294757e-06,-2.220676371320738e-05,-8.774792377870208e-05,-0.000491284066811204,-4.9546473590567075e-09,-4.3595796497646797e-07,-8.381587291488493e-06,-0.0002220172989048716
734,0.09752891461495561,0.049270802309470375,0.04999999696828891,-1.3963753055657968e-06,-2.2073710584620323e-05,-8.813811268776548e-05,-0.0004923348897136748,-4.914598061844799e-09,-4.743021542325923e-07,-8.104406814580169e-06,-0.0002240981930896158
735,0.09754983301095801,0.04928135737912382,0.049999996799607205,-1.4283607613951652e-06,-2.1919852801326143e-05,-8.854556363877792e-05,-0.000493394851218909,-4.856470336989105e-09,-5.143759621135831e-07,-7.834389380341736e-06,-0.0002261858616346694
736,0.0975712425475444,0.049291941785398266,0.049999996616146236,-1.4600851680279733e-06,-2.1746682011813847e-05,-8.8970005733283e-05,-0.0004944637767039239,-4.814977305755974e-09,-5.561844738799442e-07,-7.5713891842115395e-06,-0.000228278680752941
737,0.09759315570948915,0.049302562810081316,0.04999999641799415,-1.491540546464906e-06,-2.1555785875202187e-05,-8.941113439989685e-05,-0.0004955367185175419,-4.769709516239118e-09,-5.997859721761663e-07,-7.315262340043379e-06,-0.0002303750544218576
738,0.0976155848861762,0.0493132217385248,0.04999999620527066,-1.5227096644528996e-06,-2.1348455318654592e-05,-8.986908647817795e-05,-0.0004966118722222745,-4.812734655246231e-09,-6.450434644071399e-07,-7.065867059816412e-06,-0.0002324734087160553
739,0.09763854277903261,0.04932391934799843,0.04999999597811816,-1.5536215324932004e-06,-2.112600626729159e-05,-9.034345452660629e-05,-0.0004976998316124082,-4.66713379054795e-09,-6.920556931557524e-07,-6.823063349815436e-06,-0.00023457222022846768
740,0.09766203198784176,0.04933465538909853,0.04999999573671274,-1.5842491495993329e-06,-2.0890033583330234e-05,-9.083417636919548e-05,-0.0004987879074178636,-4.687637833455938e-09,-7.408092715154066e-07,-6.586713003044139e-06,-0.00023666999793525817
741,0.09768606083323607,0.04934542240790549,0.049999995481270765,-1.6145946996130845e-06,-2.064116430037514e-05,-9.13409660997715e-05,-0.0004999010125175118,-4.821718135872288e-09,-7.912727844033186e-07,-6.356679858437134e-06,-0.0002387652242762784
742,0.09771063911034752,0.04935621719775618,0.049999995212038205,-1.6446571841495759e-06,-2.038032180969055e-05,-9.18637022931414e-05,-0.0005010140594094992,-4.705444478503296e-09,-8.435060060800594e-07,-6.132829786924401e-06,-0.00024085640129920894
743,0.09773576718628492,0.04936703407847706,0.049999994929293134,-1.6744290930111014e-06,-2.010880729923932e-05,-9.240231094983595e-05,-0.0005021299002692103,-4.776592454902584e-09,-8.974674079122528e-07,-5.915030824882537e-06,-0.00024294206281607348
744,0.09776145083706778,0.049377866745218574,0.049999994633335154,-1.7039195280943707e-06,-1.9827293485446393e-05,-9.295645137915211e-05,-0.0005032630288042128,-4.794633579052743e-09,-9.531500473633889e-07,-5.703153056357875e-06,-0.000245020748928032
745,0.09778769033409007,0.04938871796859843,0.049999994324489726,-1.7331231840797535e-06,-1.9536839403586404e-05,-9.352620103750057e-05,-0.0005043941200710833,-4.738026415651575e-09,-1.0105497224571655e-06,-5.4970686038743514e-06,-0.00024709103763916014
746,0.09781448424792105,0.04939957369221945,0.04999999400310743,-1.7620455414242188e-06,-1.9238382260262575e-05,-9.411138690544336e-05,-0.0005055299261584878,-4.765990269106624e-09,-1.0696599807445602e-06,-5.296651679478689e-06,-0.0002491515322488913
747,0.09784183068153517,0.04941043121833915,0.049999993669556826,-1.790683928738265e-06,-1.893266076415449e-05,-9.471184825483331e-05,-0.0005066819721832871,-4.81664708118501e-09,-1.1304727134123645e-06,-5.101778574946612e-06,-0.0002512008468310278
748,0.09786972722210688,0.049421280060672486,0.04999999332422286,-1.8190400689771827e-06,-1.8620352545501535e-05,-9.532757037862071e-05,-0.0005078332033008337,-4.812336751314206e-09,-1.19298127768573e-06,-4.912327832164869e-06,-0.00025323761738103786
749,0.09789816961572856,0.04943211247540714,0.049999992967494966,-1.847118750602544e-06,-1.8302251913757065e-05,-9.595825856477955e-05,-0.0005089977639727294,-4.84205964212947e-09,-1.2571733030616922e-06,-4.728180075922384e-06,-0.0002552604968078345
750,0.09792715169040112,0.0494429258671594,0.04999999259977819,-1.8749101520343053e-06,-1.797891232985971e-05,-9.660386629043378e-05,-0.0005101640126667917,-4.845121193142177e-09,-1.3230381221299828e-06,-4.549217973580015e-06,-0.00025726815827884197
751,0.09795666554306215,0.04945371052357248,0.04999999222148965,-1.9024200843008807e-06,-1.765113066011298e-05,-9.726445485858988e-05,-0.000511333579197526,-4.8586010770179655e-09,-1.390567721801072e-06,-4.37532636176988e-06,-0.0002592593008975123
752,0.09798670181478264,0.04946445861731553,0.04999999183304496,-1.929647191130158e-06,-1.73194066346004e-05,-9.79396362127373e-05,-0.0005125149036757648,-4.886837601247862e-09,-1.459743711059486e-06,-4.2063922068216795e-06,-0.00026123263766548923
753,0.09801725193084765,0.049475168740921775,0.049999991434870245,-1.9565843774395673e-06,-1.6984289029179664e-05,-9.862961242505438e-05,-0.0005136983236297965,-4.899616268261298e-09,-1.5305583295540575e-06,-4.042304661901719e-06,-0.00026318690779038854
754,0.09804830300630486,0.04948582897852944,0.049999991027382125,-1.983243705618403e-06,-1.6646466389874335e-05,-9.933390234035278e-05,-0.0005148827331140637,-4.9113810796086455e-09,-1.6029896191282104e-06,-3.8829550325828005e-06,-0.0002651208732981269
755,0.09807984423550842,0.049496439162860215,0.049999990611002326,-2.0096053653594576e-06,-1.6306330511344838e-05,-0.00010005273207934801,-0.0005160795408301055,-4.9400425972123685e-09,-1.6770281324157106e-06,-3.7282366600745916e-06,-0.0002670333145066666
756,0.09811185892268864,0.049506985578400046,0.04999999018615837,-2.0356796246356314e-06,-1.5964451005743197e-05,-0.00010078587969246864,-0.0005172702949494123,-4.94880625367955e-09,-1.7526592039482929e-06,-3.57804497449135e-06,-0.000268923029179509
757,0.09814433300124636,0.049517468126813666,0.04999998975326456,-2.0614570272329e-06,-1.56211495014166e-05,-0.0001015332729484649,-0.0005184659385122359,-4.928303987128402e-09,-1.8298701938937026e-06,-3.4322775340362337e-06,-0.0002707888414592401
758,0.09817724898851761,0.04952787955887462,0.04999998931273858,-2.0869353400359614e-06,-1.527709169000391e-05,-0.00010229485344843248,-0.0005196685087867081,-4.985444945759809e-09,-1.9086422460677613e-06,-3.2908340069044984e-06,-0.00027262959800122366
759,0.09821058962055242,0.049538213642163084,0.049999988864986494,-2.1121143416055768e-06,-1.4932513940543869e-05,-0.00010307049160093735,-0.0005208668299019337,-4.990690971595768e-09,-1.9888901989888724e-06,-3.153616212183561e-06,-0.0002744441720366781
760,0.09824433577260772,0.04954846748800062,0.049999988410405316,-2.13699901099705e-06,-1.4588015142860234e-05,-0.0001038602093572759,-0.0005220715538598597,-4.957974031327694e-09,-2.0706503089489646e-06,-3.0205279586871255e-06,-0.0002762314779314555
761,0.09827846403412231,0.04955863208669627,0.049999987949392796,-2.1615766534342565e-06,-1.4243914145369835e-05,-0.0001046638839779462,-0.000523277441971004,-4.980780232699544e-09,-2.1539711709469696e-06,-2.8914749221627397e-06,-0.00027799044744335465
762,0.09831295260111937,0.04956870079065203,0.04999998748234083,-2.1858333945132974e-06,-1.3900508681952362e-05,-0.00010548097239188578,-0.0005244865897111595,-5.0781707727765024e-09,-2.2388385841846615e-06,-2.7663648170452596e-06,-0.0002797199883555644
763,0.09834778431701154,0.04957867733348365,0.04999998700964717,-2.2097481119037637e-06,-1.3557894007100967e-05,-0.00010631191228969643,-0.0005256934091448784,-5.071488118346679e-09,-2.3251657596052133e-06,-2.6451075124879698e-06,-0.00028141900822166785
764,0.09838293369516571,0.049588554897810916,0.04999998653169481,-2.233343584892144e-06,-1.3216580766756752e-05,-0.00010715629362763196,-0.0005268783424980938,-4.964594513268139e-09,-2.412967259170925e-06,-2.5276148878605648e-06,-0.00028308649565818625
765,0.09841837233207013,0.04959833941393075,0.04999998604885331,-2.2566026021986348e-06,-1.287721642945029e-05,-0.00010801452810466148,-0.0005280650220811367,-4.99050800684131e-09,-2.5021494239134797e-06,-2.413800760043557e-06,-0.00028472150766171034
766,0.09845407303318954,0.04960801943447314,0.04999998556148206,-2.2795451893025177e-06,-1.2540065916689454e-05,-0.00010888635729717446,-0.000529250770341605,-4.989849422543102e-09,-2.5927379512348305e-06,-2.3035809042319863e-06,-0.0002863231220238479
767,0.09849000849396829,0.04961759185620045,0.0499999850699285,-2.302149554706661e-06,-1.2205324842520287e-05,-0.00010977161155778033,-0.0005304416990838945,-5.0091006897901025e-09,-2.684768904903535e-06,-2.196872867744803e-06,-0.0002878904282132818
768,0.09852614961162923,0.0496270502049663,0.04999998457454879,-2.3244014444205475e-06,-1.1873194075256516e-05,-0.00011067035264419269,-0.000531631289049983,-5.072763542557368e-09,-2.778092065049223e-06,-2.0935962264065426e-06,-0.0002894225132353551
769,0.0985624713697793,0.049636395127981105,0.049999984075688904,-2.3463142126285672e-06,-1.1543888318947885e-05,-0.00011158245038012227,-0.0005328035913407803,-4.9903965404496375e-09,-2.8727659485018103e-06,-1.9936724404511294e-06,-0.00029091849149575223
770,0.09859893847527902,0.049645623332743645,0.04999998357369531,-2.3678683368970305e-06,-1.1217768989454086e-05,-0.00011250790616933144,-0.000533976242877543,-5.002108949270223e-09,-2.968767479572607e-06,-1.897024631994035e-06,-0.0002923775291793783
771,0.0986355186282658,0.04965472750148783,0.04999998306891406,-2.389061400309082e-06,-1.089503227380026e-05,-0.00011344665414409566,-0.0005351563449949026,-5.0721227218275544e-09,-3.066074024172819e-06,-1.8035777646982006e-06,-0.00029379878752295295
772,0.0986721818488973,0.049663708011795656,0.04999998256168092,-2.4098846187533053e-06,-1.057578562055601e-05,-0.00011439848639235417,-0.0005363156669773161,-5.022717353142525e-09,-3.1646577407110104e-06,-1.7132586290887529e-06,-0.00029518143550961475
773,0.09870889425715147,0.04967256729409791,0.049999982052337424,-2.430327388943675e-06,-1.0260288780969517e-05,-0.0001153636922642387,-0.0005374690517783165,-5.0049866473500515e-09,-3.2645048479632016e-06,-1.6259958378385108e-06,-0.0002965246951308442
774,0.09874562029384852,0.04968129719292639,0.049999981541210436,-2.4503974693858857e-06,-9.948904620425532e-06,-0.00011634185190019385,-0.0005386191187426448,-5.0278372576428865e-09,-3.3655534295263996e-06,-1.5417197393307822e-06,-0.00029782781416430636
775,0.09878232555907962,0.04968990391536058,0.04999998102862517,-2.47007806630901e-06,-9.641679880929737e-06,-0.00011733301642316103,-0.0005397530039772391,-4.977479317602729e-09,-3.4678962416551085e-06,-1.4603622935861145e-06,-0.000299090065424681
776,0.09881897208249679,0.04969838108238684,0.04999998051492205,-2.4893529394310503e-06,-9.338903007025504e-06,-0.00011833741735829174,-0.0005408806609921157,-5.041638662106607e-09,-3.5713762201094133e-06,-1.381857226380366e-06,-0.0003003107373039898
777,0.09885552557792955,0.049706727426958246,0.04999998000042066,-2.5082390698807564e-06,-9.040667182949099e-06,-0.00011935475747062855,-0.0005419980152510107,-4.984218815451413e-09,-3.676024955590903e-06,-1.3061399854024524e-06,-0.00030148913589874706
778,0.0988919468727675,0.04971494546509326,0.04999997948543962,-2.5267169622952183e-06,-8.747214999558417e-06,-0.00012038541732010198,-0.000543096219189465,-4.954294308134877e-09,-3.7818296163018214e-06,-1.2331476169207608e-06,-0.00030262463269968326
779,0.09892819558155469,0.0497230277454388,0.04999997897028807,-2.54479449656231e-06,-8.458774925168413e-06,-0.00012142882715177277,-0.0005442007095552981,-5.009690440260783e-09,-3.8887524595436354e-06,-1.1628188178480706e-06,-0.0003037166076349578
780,0.09896423641370106,0.04973097870244862,0.049999978455284505,-2.5624447446135258e-06,-8.175349763991577e-06,-0.00012248519980232557,-0.0005452841287478805,-4.990900581702817e-09,-3.996778151728528e-06,-1.0950938557418771e-06,-0.0003047644429702602
781,0.09900002762383786,0.049738794775219246,0.04999997794075675,-2.5796747493914807e-06,-7.897174092911403e-06,-0.00012355468536134347,-0.0005463567795231938,-4.95677321410426e-09,-4.105903558718533e-06,-1.0299145390635967e-06,-0.0003057675615958941
782,0.09903552815481066,0.04974647488766464,0.049999977427012406,-2.596476298918121e-06,-7.624387856271441e-06,-0.000124637044931964,-0.0005474097561091185,-4.957451338327701e-09,-4.216071804601785e-06,-9.67224225912186e-07,-0.000306725407554608
783,0.09907069824105103,0.04975402139348941,0.04999997691436818,-2.6128429391478486e-06,-7.3571417644822825e-06,-0.00012573258456378012,-0.000548451382201165,-4.938427000666934e-09,-4.327280451145163e-06,-9.069678561311057e-07,-0.00030763746181298914
784,0.09910549558713595,0.04976143108585457,0.049999976403131835,-2.6287779987020757e-06,-7.095592359419375e-06,-0.0001268414754833788,-0.0005494847428053617,-4.9487622888477745e-09,-4.4395150513917384e-06,-8.49091529960167e-07,-0.00030850322130272003
785,0.09913987021723242,0.049768597459487,0.04999997589358688,-2.6442632828736245e-06,-6.839763576685658e-06,-0.00012796506920116976,-0.0005505018634721637,-4.924896934710432e-09,-4.552729822318238e-06,-7.935419455807908e-07,-0.0003093221803866665
786,0.09917376038639072,0.04977529434130896,0.04999997538586859,-2.6593031676545056e-06,-6.589774851212961e-06,-0.00012910302994382266,-0.0005515048396773636,-4.945668763411959e-09,-4.66687614629375e-06,-7.402668305479265e-07,-0.0003100938457186117
787,0.09920712082237204,0.049781548717218765,0.04999997488008679,-2.673884992826641e-06,-6.345746806522861e-06,-0.00013025480436810902,-0.0005524837179109454,-4.896830940737118e-09,-4.781903067540303e-06,-6.892156644140069e-07,-0.00031081774802772875
788,0.09923990794732233,0.04978740216812864,0.04999997437645577,-2.6879891269452067e-06,-6.107857712642014e-06,-0.00013136248595243202,-0.0005534543888643384,-4.871628878078127e-09,-4.895486955090125e-06,-6.403523847789908e-07,-0.00031149072124701544
789,0.09927257189719918,0.04979247079566178,0.04999997387385796,-2.7017387646855096e-06,-5.871244489086072e-06,-0.0001332973918249779,-0.0004803838673979044,-2.3351358322543092e-05,-5.033556141192645e-06,-5.935781752507594e-07,-0.0003120153095437668
790,0.09930641213629231,0.049815725331786714,0.04999997347933375,-2.658986531695123e-06,-5.195588702255829e-06,-0.00013491416641574883,-0.0005243601626716554,-5.831888302054722e-06,-5.167839241731614e-06,-5.48777733465074e-07,-0.0003123777735513875
791,0.09933592765834987,0.04984387294417738,0.04999997324439811,-2.649064687246933e-06,-4.763522401335431e-06,-0.00013664072303682816,-0.0005733438883908093,-6.955676781217335e-06,-5.3036054996605486e-06,-5.058878162125088e-07,-0.0003126757797806872
792,0.09936274708421455,0.04985588263283053,0.04999997310335985,-2.6435072127668626e-06,-4.27823440757039e-06,-0.0001378007709912528,-0.0005566946347244084,-1.1727735909516923e-05,-5.421122328977705e-06,-4.6495837559669933e-07,-0.00031293150356689496
793,0.09939245745842028,0.04986012602167808,0.0499999729900546,-2.6627859210837985e-06,-4.176036283719793e-06,-0.0001389898848745963,-0.000556112383492291,-4.900523542517021e-09,-5.539947204024476e-06,-4.260442772446787e-07,-0.00031314960966224704
794,0.09942137645247873,0.049863476478790386,0.049999972845970825,-2.6807930485151794e-06,-4.079552592396344e-06,-0.00014020189836566437,-0.0005561042344197631,-1.1811749800472171e-08,-5.6596505535716734e-06,-3.890976067172739e-07,-0.00031332993683288925
795,0.09944933508855522,0.04986628673491081,0.049999972673214176,-2.6980821517560055e-06,-3.9731495995322215e-06,-0.00014143209391832717,-0.000557157676666975,-8.404242635151604e-09,-5.78012751292419e-06,-3.5407341012780057e-07,-0.0003134740604212971
796,0.0994762807836178,0.049868675284495595,0.04999997247288203,-2.714743577405173e-06,-3.862134880692746e-06,-0.00014267828617956085,-0.0005584176979027689,-9.10046527025088e-09,-5.901260281917804e-06,-3.2092811427620483e-07,-0.00031358258296773
797,0.09950221039079354,0.049870665997438474,0.04999997224594341,-2.7307035851047315e-06,-3.7468841498195603e-06,-0.00014393653265977788,-0.0005594384856522083,-6.77800304771381e-09,-6.022827643174539e-06,-2.896210339528886e-07,-0.00031365445884160275
798,0.09952713462224544,0.049872323305014676,0.04999997199383863,-2.7456900807927346e-06,-3.631506734244361e-06,-0.0001452070943662588,-0.0005603590980172157,-6.484421000152452e-09,-6.144825861201463e-06,-2.6011380893191673e-07,-0.00031368799425638403
799,0.09955100713438475,0.049873714359197366,0.049999971718578756,-2.7596834070426816e-06,-3.5170330676833677e-06,-0.0001464896167287791,-0.0005612151580862701,-6.1560401221072425e-09,-6.267258025886032e-06,-2.3236954727671815e-07,-0.0003136816457741009
800,0.09957377704750021,0.049874897907823665,0.049999971422278924,-2.7726890907809184e-06,-3.4043456731319285e-06,-0.00014773074738387183,-0.0005620415322482586,-5.946918957278058e-09,-6.387835116943875e-06,-2.063595265691871e-07,-0.0003136317802395151
801,0.09959569920718636,0.0498757004616224,0.0499999711045927,-2.7853547893014394e-06,-3.2955359494657e-06,-0.000149840022386461,-0.0004911869182251394,-2.380312798777595e-05,-6.533514846476757e-06,-1.8202144574660415e-07,-0.0003134393980296659
802,0.09961724843880455,0.049891472621280186,0.04999997087872457,-2.73989589888896e-06,-3.1127459725087104e-06,-0.00015162262976799117,-0.0005342303193174303,-5.461581167764962e-06,-6.676085756063671e-06,-1.5928550423228295e-07,-0.0003130883914656577
803,0.09963536496590805,0.049910813648306455,0.049999970801270215,-2.7265575647580687e-06,-2.902117970069931e-06,-0.00015352050861001173,-0.0005833268514834344,-6.916865004313877e-06,-6.8192741723784365e-06,-1.3811506542413395e-07,-0.0003126764669047322
804,0.09965086290487617,0.04991799094165325,0.049999970805741784,-2.717619031962942e-06,-2.603216794244077e-06,-0.0001548059229943609,-0.0005642032483592629,-1.1925624676223379e-05,-6.93930992396701e-06,-1.1853769057456176e-07,-0.00031222798145490475
805,0.09966796167976433,0.049919143002329004,0.049999970823489726,-2.7337235372673743e-06,-2.569112001105667e-06,-0.0001561217576617369,-0.0005632801330648363,-4.29344160224332e-09,-7.059281213181912e-06,-1.0057699849799019e-07,-0.00031174848193195125
806,0.09968370323279796,0.04991966061854265,0.0499999707948492,-2.748123606350027e-06,-2.5414391483833214e-06,-0.00015746125029684175,-0.0005631090607494116,-1.3662912579093245e-08,-7.179025001174834e-06,-8.419875323737987e-08,-0.0003112372044511164
807,0.0996979641290141,0.04991979623990564,0.049999970724032214,-2.76138092363866e-06,-2.504138663807633e-06,-0.0001588191307021971,-0.0005638912552967668,-9.659472333112262e-09,-7.298654018421411e-06,-6.937014626437655e-08,-0.0003106950573551011
808,0.09971069014490126,0.04991966121280923,0.04999997061400427,-2.773661063835219e-06,-2.4611488579849643e-06,-0.0001601934488647873,-0.000564908143132925,-9.938005085530222e-09,-7.418167741912844e-06,-5.605927299842063e-08,-0.00031012227974203034
809,0.09972185739602082,0.04991927646580092,0.04999997046740333,-2.7849186476487614e-06,-2.415565130331963e-06,-0.00016157925518791975,-0.000565693189855665,-7.060908302491953e-09,-7.5374523710761715e-06,-4.4235978463714195e-08,-0.0003095175452829851
810,0.09973145660322133,0.04991869284632927,0.04999997028722003,-2.7949055395717667e-06,-2.3727834801239707e-06,-0.0001629768022822499,-0.0005663747433573008,-6.643106953418965e-09,-7.656634628678054e-06,-3.387160359223762e-08,-0.0003088789197346262
811,0.09973944501937419,0.04991796212475008,0.04999997007690718,-2.803619475969759e-06,-2.3337135453342643e-06,-0.00016438625162955398,-0.0005669874954037368,-6.333931601432141e-09,-7.775836812080939e-06,-2.4938684383322713e-08,-0.00030820467248857537
812,0.09974577955762642,0.04991712666215822,0.049999969839901695,-2.8110989536546057e-06,-2.2988428448547082e-06,-0.00016580753351907825,-0.000567547685932368,-6.018200604529511e-09,-7.895159914677359e-06,-1.7410959030068663e-08,-0.0003074933173767872
813,0.09975041790442543,0.0499162272771467,0.04999996957957918,-2.8173667699258417e-06,-2.2687149495986082e-06,-0.0001672410889765746,-0.0005680732429027557,-5.7902300731882406e-09,-8.014707002898967e-06,-1.126339283322079e-08,-0.0003067435609638002
814,0.09975331995248665,0.049915291929671785,0.04999996929924132,-2.8224620735256877e-06,-2.2438080330163975e-06,-0.0001686867066563707,-0.0005685529904440045,-5.574223305160331e-09,-8.134547428471147e-06,-6.472196380339346e-09,-0.00030595428778451295
815,0.09975444508596043,0.04991434996406877,0.04999996900208497,-2.8264178085571156e-06,-2.2245203742193786e-06,-0.00017014475364982013,-0.0005689925164915621,-5.402916336549879e-09,-8.254755413870802e-06,-3.014834266224483e-09,-0.0003051245403879136
816,0.09975375545537646,0.04991342270811767,0.049999968691191,-2.829274918254519e-06,-2.211243041895499e-06,-0.00017164238982821095,-0.0005693889688700438,-5.2454369736665285e-09,-8.39462622130464e-06,-8.679696216796967e-10,-0.00030425514029006734
817,0.09975125157270909,0.04991253179212905,0.049999968368714,-2.8343763686659332e-06,-2.1967867830283734e-06,-0.000173156889183625,-0.0005707729724235833,-2.9323230066324868e-08,-8.527874307815518e-06,-1.6679504851288296e-11,-0.00030334853704759037
818,0.09974683641063255,0.04991133159671189,0.04999996803700563,-2.837331353549777e-06,-2.180142602129206e-06,-0.00017471232297910032,-0.0005725231603719294,-2.300570223212617e-08,-8.696257858100872e-06,-4.5194636067309774e-10,-0.0003024058358286056
819,0.0997402101681635,0.049909240489253465,0.04999996769581787,-2.842454155610507e-06,-2.1607540539436762e-06,-0.00017627254167602039,-0.0005764064262621105,-4.9128175305668265e-08,-8.868962191273482e-06,-2.1738996158298703e-09,-0.00030142463480299533
820,0.09973144266990891,0.04990664920184901,0.04999996734652777,-2.8450965333003313e-06,-2.1614711936527185e-06,-0.00017779123325055806,-0.0005783300148323178,-3.581976315558677e-08,-9.034015849210684e-06,-5.183628954500374e-09,-0.000300399546175406
821,0.09972064075753768,0.0499032206590475,0.04999996699217018,-2.8461072684088635e-06,-2.172228146800503e-06,-0.00018015742826412888,-0.0005132518126629293,-2.482451054675039e-05,-9.261547759455785e-06,-9.488282197072662e-09,-0.0002992244082712229
822,0.09970732865190957,0.04990794114328183,0.049999966754246006,-2.7886140728345427e-06,-2.661072870182837e-06,-0.00018298468555895322,-0.0005006782594136894,-1.2862701623816974e-05,-9.378888585415086e-06,-1.5078248133916595e-08,-0.0002977835709338245
823,0.0996922741643343,0.049928220400443,0.049999966819299184,-2.700271725220018e-06,-3.3107824310321085e-06,-0.00018565807437320326,-0.000570938631426543,-1.2240901014592964e-05,-9.522822234261181e-06,-2.1933885922411994e-08,-0.0002961640066590611
824,0.09967564016684954,0.04994098801353407,0.049999967170684514,-2.6523854134371577e-06,-3.3682790528744762e-06,-0.00018776743515451502,-0.0005991067155264318,-1.2270451406948268e-05,-9.619751116674999e-06,-3.0045885816815804e-08,-0.00029447993814878077
825,0.0996571803350383,0.04994220862294597,0.049999967659985066,-2.6307050893079526e-06,-3.461528999570793e-06,-0.00018925015628778774,-0.0005680291797034442,-1.2111463547626045e-05,-9.713594395137477e-06,-3.936052764662793e-08,-0.00029276044181740095
826,0.09963817572866003,0.049938382408767794,0.049999968145674825,-2.6373528866600317e-06,-3.5372842555323383e-06,-0.00019081004056454337,-0.0005656593712046742,-9.792295863064737e-09,-9.854069434242131e-06,-4.985489485890978e-08,-0.0002910237692480258
827,0.09961688512648492,0.04993388686264776,0.049999968559381325,-2.64482199997695e-06,-3.5977195049474257e-06,-0.00019244257910688522,-0.0005648808437399566,-7.157488113307409e-08,-1.003736157014045e-05,-6.15587567104751e-08,-0.00028927759898978095
828,0.09959335050369217,0.04992866862932924,0.04999996890217072,-2.654221835772957e-06,-3.6045578289264322e-06,-0.00019411091367776357,-0.0005678057787008584,-5.8879766839936565e-08,-1.0249450854455216e-05,-7.450848333291584e-08,-0.0002875290485421541
829,0.09956738394294701,0.04992262781299209,0.049999969175062886,-2.663720603710632e-06,-3.5967435912658126e-06,-0.00019578299237452495,-0.0005720074404962361,-5.650261059031436e-08,-1.0465776211443916e-05,-8.872834388042435e-08,-0.0002857763835824359
830,0.0995388627143837,0.04991584800474907,0.049999969382694964,-2.6710474410039645e-06,-3.610570176399077e-06,-0.00019743653010332384,-0.0005757392500527203,-4.74433896613391e-08,-1.0664822788662831e-05,-1.0421919078198692e-07,-0.00028401148644758184
831,0.09950773154455722,0.04990859279969562,0.049999969532898744,-2.674771830209707e-06,-3.6670015828056967e-06,-0.00019898119442534321,-0.000578071631025523,-2.6545578180048324e-08,-1.0662944524511412e-05,-1.208539301609421e-07,-0.00028222027308509915
832,0.09947441744195991,0.04990187625306433,0.04999996963959249,-2.6663230041465043e-06,-3.80420302649542e-06,-0.0002005080281005404,-0.0005756584578193724,-1.665860054345103e-07,-1.070612889649965e-05,-1.3848933097420618e-07,-0.00028038711713922383
833,0.0994383263744319,0.04989617116858248,0.049999969713817455,-2.6569176414332454e-06,-4.002464344046347e-06,-0.00020209401299385428,-0.0005708312382921576,-9.244492815696503e-08,-1.0794746306247938e-05,-1.5714990956595495e-07,-0.00027850845505176017
834,0.09939991851047997,0.049891542340921226,0.04999996975900912,-2.6484027298933034e-06,-4.193369041836794e-06,-0.00020376529091159078,-0.0005642013857141137,-2.319064691391759e-07,-1.0900880911498544e-05,-1.7685566767677037e-07,-0.0002765988653895755
835,0.09935987646746945,0.049887206529924205,0.04999996977449163,-2.6424777399023822e-06,-4.2794070773899776e-06,-0.00020544998844475613,-0.0005645297351293266,-8.044291455178154e-09,-1.1018339993572823e-05,-1.9760989801123566e-07,-0.000274670633837594
836,0.09931737066260304,0.049882951004847915,0.049999969760140164,-2.6359486171649454e-06,-4.368733748374114e-06,-0.00020714264877209196,-0.0005651844548992813,-6.507945737865839e-09,-1.1143891013954394e-05,-2.1941909339208118e-07,-0.0002727227048900665
837,0.09927231873725145,0.04987887451195851,0.04999996972011407,-2.6283855201104384e-06,-4.472721310116217e-06,-0.0002088483200376056,-0.0005652282852679491,-5.228238730836665e-09,-1.1275817145157052e-05,-2.422900268027298e-07,-0.0002707537461942148
838,0.09922477441521181,0.04987503473461228,0.04999996965869777,-2.6199525425800654e-06,-4.584143562013064e-06,-0.00021056650398864623,-0.0005651495885103941,-5.386968648934953e-09,-1.1412224065143084e-05,-2.6622910171040033e-07,-0.0002687630591453377
839,0.09917471957223163,0.04987147538108128,0.04999996957992015,-2.6105186624805523e-06,-4.705511061870918e-06,-0.00021229567335374932,-0.0005650798557326198,-5.339770847712089e-09,-1.1551955668302174e-05,-2.912418634016427e-07,-0.00026674980042070556
840,0.09912214301055865,0.04986821019364007,0.04999996948773271,-2.6000893348508712e-06,-4.836727094194747e-06,-0.00021403564852075436,-0.0005649844533763826,-5.200404551430893e-09,-1.1694385282035497e-05,-3.1733376270729034e-07,-0.00026471325383559433
841,0.09906703631208269,0.04986525046904815,0.04999996938582739,-2.588689012136468e-06,-4.977787111819102e-06,-0.00021578680402226016,-0.000564834859687835,-5.104529687827153e-09,-1.1839180968814158e-05,-3.445106943829261e-07,-0.00026265285929679896
842,0.0990093956550917,0.04986260189508798,0.04999996927762894,-2.57636587844731e-06,-5.128202790446074e-06,-0.00021754899785174334,-0.0005646538338623941,-5.102639644150031e-09,-1.1985943107115936e-05,-3.7277898311344164e-07,-0.00026056822815633435
843,0.09894921486893002,0.04986026444668519,0.0499999691662954,-2.563154820381557e-06,-5.287686030515892e-06,-0.0002193222682623355,-0.000564456800930202,-5.094123345372736e-09,-1.2134328289502485e-05,-4.0214504659756175e-07,-0.0002584590859350126
844,0.0988864888496389,0.04985823367329628,0.04999996905472816,-2.549091678980074e-06,-5.45619611659435e-06,-0.00022110620463736092,-0.00056423683417961,-5.069158870441015e-09,-1.2284129503552111e-05,-4.3261547097081103e-07,-0.0002563252435807405
845,0.09882120939445375,0.04985650688501879,0.04999996894557398,-2.5342149459672004e-06,-5.633659549727552e-06,-0.00022290094829033764,-0.0005639918963424861,-5.040333483918857e-09,-1.2435206247326503e-05,-4.641971934480721e-07,-0.0002541666021590089
846,0.09875337281383195,0.049855075523203805,0.04999996884123003,-2.5185679252329607e-06,-5.819919774254667e-06,-0.00022470654001020623,-0.0005637255380861461,-5.073361286633826e-09,-1.2587412652404599e-05,-4.968974087450517e-07,-0.0002519831585439826
847,0.09868297676123823,0.049853930106092216,0.04999996874384443,-2.502193091491715e-06,-6.014771847597985e-06,-0.0002265227711747165,-0.000563431007321924,-5.043649053959598e-09,-1.274066338376136e-05,-5.307235730733164e-07,-0.00024977500097472354
848,0.09861001746875872,0.049853062372648374,0.049999968655329505,-2.4851300440441832e-06,-6.218030047020744e-06,-0.0002283498021036644,-0.0005631220410577953,-5.08176167812735e-09,-1.2894886834032114e-05,-5.65683448864783e-07,-0.0002475422983291737
849,0.09853449464527826,0.04985245800013853,0.049999968577377325,-2.4674178182234375e-06,-6.429541111043164e-06,-0.00023018727534470518,-0.0005627874052152038,-5.063235164470825e-09,-1.3050020718229736e-05,-6.017850816243733e-07,-0.00024528530270553293
850,0.09845640624069006,0.04985210790239667,0.04999996851147011,-2.4490936031813885e-06,-6.649024750583839e-06,-0.0002320353395111607,-0.0005624365294352174,-5.1051172178517845e-09,-1.3206123498260048e-05,-6.390370057868968e-07,-0.0002430043436444046
851,0.09837575272960847,0.049851996636171125,0.049999968458888655,-2.4301986647387206e-06,-6.8763303792839025e-06,-0.00023389380497013955,-0.0005620676092803478,-5.1128119515908566e-09,-1.3362926341230284e-05,-6.774477860781085e-07,-0.0002406998179130255
852,0.09829253804322194,0.04985211196515503,0.049999968420731844,-2.41075424988755e-06,-7.111238891676037e-06,-0.00023576239392558942,-0.0005616832058876753,-5.11398656755091e-09,-1.3520517779349574e-05,-7.170259695804294e-07,-0.00023837217760304445
853,0.09820676120065104,0.04985244157000321,0.04999996839793172,-2.3907956030895588e-06,-7.3536657632565426e-06,-0.0002376411970060545,-0.0005612847744487226,-5.113509615739531e-09,-1.3678847078243764e-05,-7.577805502287398e-07,-0.00023602192314440144
854,0.09811842763847549,0.04985297359612898,0.04999996839126825,-2.370348213750413e-06,-7.603449322630164e-06,-0.00023952975407281297,-0.0005608627689071,-5.167024141883303e-09,-1.383780867550538e-05,-7.997204972718716e-07,-0.00023364961464328435
855,0.09802754108007858,0.049853696831559616,0.04999996840137831,-2.3494379212835334e-06,-7.860321199429463e-06,-0.00024142799286476255,-0.0005604177713394165,-5.147937631733157e-09,-1.3997337398497743e-05,-8.42854687428371e-07,-0.00023125586105043514
856,0.0979341081075486,0.04985459900710073,0.04999996842876699,-2.3280852544217854e-06,-8.124195377297508e-06,-0.00024333622141115642,-0.0005599602009169757,-5.175007977697987e-09,-1.4157962849700808e-05,-8.871931169563914e-07,-0.00022884132270599314
857,0.09783813365799987,0.04985566565727973,0.049999968473801774,-2.306344959630199e-06,-8.394738417055176e-06,-0.0002452538409508616,-0.0005594951217062771,-5.20701659567635e-09,-1.431923019428988e-05,-9.327463689297585e-07,-0.0002264067231644213
858,0.09773962804864371,0.04985688531220348,0.049999968536732595,-2.2842165397201267e-06,-8.671703076693541e-06,-0.00024718072625407446,-0.0005590252112597227,-5.248077972197507e-09,-1.448112258183312e-05,-9.79524123235493e-07,-0.000223952826870585
859,0.09763860122315758,0.04985824319243055,0.04999996861771488,-2.2617227613887472e-06,-8.954935445509756e-06,-0.00024911620572463776,-0.0005585575709119439,-5.1927666611106815e-09,-1.4643616248328175e-05,-1.027536225157945e-06,-0.0002214803922578663
860,0.09753505460638953,0.049859732834777085,0.04999996871682468,-2.2388698282493137e-06,-9.244809571228362e-06,-0.00025106033751267335,-0.000558061059564352,-5.241389100518745e-09,-1.4806699575188493e-05,-1.076792635617309e-06,-0.00021899019542141274
861,0.0974290045379707,0.049861344825158666,0.04999996883405977,-2.2156837073689274e-06,-9.540832364252144e-06,-0.00025301294467125794,-0.0005575594841502607,-5.2360862312639256e-09,-1.4970357735991396e-05,-1.1273033413551513e-06,-0.00021648307023202515
862,0.09732046387804905,0.04986306811639797,0.04999996896932826,-2.1921815627080507e-06,-9.84282506341339e-06,-0.0002549735387254505,-0.0005570411449298263,-5.236470812519656e-09,-1.5134563437321596e-05,-1.1790783568539544e-06,-0.00021395987721857174
863,0.09720944398864184,0.049864895450881325,0.04999996912246859,-2.168378134167507e-06,-1.015066230235261e-05,-0.00025694206176963435,-0.0005565230967476964,-5.249989776245911e-09,-1.5299304122976308e-05,-1.2321276907551128e-06,-0.00021142150219101297
864,0.09709596103175472,0.04986681621710616,0.049999969293256584,-2.144288831362331e-06,-1.0464173399996918e-05,-0.00025891794552942966,-0.000555996026378125,-5.221877596994773e-09,-1.5464554204404536e-05,-1.2864613666406103e-06,-0.00020886886238109196
865,0.096980028794385,0.049868824292881926,0.04999996948140825,-2.1199287895272424e-06,-1.0783103262894243e-05,-0.00026090097765003206,-0.000555453123524785,-5.2297126629241575e-09,-1.563028243523409e-05,-1.342089370485419e-06,-0.00020630289966476413
866,0.09686166437356657,0.04987091259329206,0.04999996968658196,-2.0953120526343504e-06,-1.1107341617575456e-05,-0.0002628909582717998,-0.0005549152265302837,-5.2398632099937e-09,-1.5796474499063595e-05,-1.399021581631578e-06,-0.0002037245702103931
867,0.09674088567304345,0.049873072456672544,0.049999969908390784,-2.070449717249759e-06,-1.1436792964878963e-05,-0.0002648873255971698,-0.0005543684237636626,-5.20595122566192e-09,-1.5963106699657915e-05,-1.4572678388871546e-06,-0.00020113484892972388
868,0.0966177096508221,0.0498752990225657,0.04999997014640709,-2.045355088627894e-06,-1.1771241723171442e-05,-0.0002668899795016984,-0.0005538173136301339,-5.23485921277711e-09,-1.6130162790245303e-05,-1.5168378917719322e-06,-0.00019853472969640464
869,0.09649215774806158,0.04987758514447693,0.04999997040016335,-2.020039933347043e-06,-1.2110582906842679e-05,-0.000268898279074365,-0.0005532679497264326,-5.1719539762018485e-09,-1.6297615387726285e-05,-1.577741393932713e-06,-0.00019592522345150996
870,0.09636424828356316,0.04987992543752533,0.049999970669158414,-1.9945155483616845e-06,-1.2454590945223663e-05,-0.00027091200196503534,-0.0005527136381715536,-5.171004513471189e-09,-1.6465443618759497e-05,-1.639987920442808e-06,-0.00019330735965821758
871,0.0962340042584436,0.04988231449883884,0.049999970952860844,-1.9687931560112654e-06,-1.2803093211726709e-05,-0.00027293084716776075,-0.0005521553684957325,-5.160788241198588e-09,-1.6633622781766836e-05,-1.7035868456461414e-06,-0.00019068218219916324
872,0.09610144919485351,0.0498847467465087,0.04999997125071068,-1.9428844953890603e-06,-1.3155954705332146e-05,-0.00027495429877859165,-0.0005515956436283886,-5.104426215041258e-09,-1.6802143147740558e-05,-1.7685474280328433e-06,-0.00018805075246617245
873,0.09596660603800461,0.049887218511612846,0.04999997156212439,-1.916799892851643e-06,-1.3512886901283485e-05,-0.00027698205843789406,-0.0005510479677468538,-5.086843390955664e-09,-1.697097540184483e-05,-1.8348788059263278e-06,-0.00018541414605821566
874,0.09582949998030707,0.049889723425700985,0.04999997188649916,-1.890549861865257e-06,-1.3873800290058888e-05,-0.0002790135113495667,-0.0005504987784661353,-5.0663171435871845e-09,-1.7140070822524022e-05,-1.9025898783969473e-06,-0.00018277344751721402
875,0.09569015478896004,0.04989225884165541,0.04999997222321384,-1.8641432951753605e-06,-1.4238506577949432e-05,-0.0002810483735690408,-0.0005499492981471121,-5.018668591816322e-09,-1.7309403789556614e-05,-1.9716893108522597e-06,-0.00018012975031584836
876,0.09554859805045596,0.049894820822545045,0.04999997257163746,-1.8375884541207387e-06,-1.4606869687165993e-05,-0.0002830865045130989,-0.0005494079669006169,-4.9762540754727524e-09,-1.747895050624684e-05,-2.0421854837678143e-06,-0.00017748415510822552
877,0.0954048600972548,0.049897403785510816,0.04999997293113255,-1.810894984459087e-06,-1.4978703857622886e-05,-0.0002851267129467233,-0.0005488664610311389,-4.92715512834252e-09,-1.7648522342824418e-05,-2.1140861732592378e-06,-0.00017483776866424495
878,0.09525896389490485,0.04990000762574416,0.049999973301051964,-1.7840672666950753e-06,-1.535386490081691e-05,-0.0002871691952380442,-0.0005483247223310173,-4.8796802154527086e-09,-1.7818117923995365e-05,-2.1873984779449477e-06,-0.0001721917030738571
879,0.09511094495736067,0.0499026269394157,0.04999997368074432,-1.757114790112201e-06,-1.573216335786351e-05,-0.00028921307857104,-0.0005477866507135332,-4.810639442354159e-09,-1.7988122641073774e-05,-2.2621303858671977e-06,-0.00016954709001152068
880,0.09496082533958933,0.04990526152799016,0.049999974069541736,-1.730064844806238e-06,-1.6113208314421444e-05,-0.0002912585465795977,-0.0005472598131746054,-4.777040096826113e-09,-1.81583362868438e-05,-2.3382904533766337e-06,-0.00016690508721761582
881,0.09480864617834711,0.04990790390217498,0.04999997446676799,-1.7029199964433721e-06,-1.649668000248627e-05,-0.0002933046724130713,-0.0005467519513331354,-4.748959447908874e-09,-1.8328589995303296e-05,-2.4158859602920814e-06,-0.0001642668612230926
882,0.09465443659471037,0.049910549954564294,0.04999997487175177,-1.6756862897606538e-06,-1.688247170259147e-05,-0.00029535069785120645,-0.0005462655681185424,-4.62798022127231e-09,-1.8498826422496752e-05,-2.4949235255206446e-06,-0.00016163356080324068
883,0.09449822272050969,0.049913198042134316,0.04999997528382822,-1.6483664029715528e-06,-1.7270718728203444e-05,-0.00029739638284714175,-0.0005457803490571678,-4.588583291109671e-09,-1.866903911199189e-05,-2.5754094814681813e-06,-0.00015900631980799175
884,0.09434004034812116,0.04991584564762273,0.049999975702349715,-1.6209682958498848e-06,-1.766122821846391e-05,-0.0002994410826756957,-0.0005452962359413505,-4.5130206238752635e-09,-1.883922374300808e-05,-2.657349957926133e-06,-0.00015638628568091691
885,0.09417992358622673,0.0499184917056128,0.049999976126671335,-1.5935052970997467e-06,-1.805362112197495e-05,-0.0003014844377567951,-0.0005448262090794742,-4.4340402460818495e-09,-1.9009483091447417e-05,-2.7407512447169933e-06,-0.0001537746264912429
886,0.09401790878474646,0.049921132735454815,0.04999997655614158,-1.5659927874230128e-06,-1.844750836675655e-05,-0.00030352600764894195,-0.0005443849950097501,-4.387579632947336e-09,-1.917938001376854e-05,-2.8256185431775035e-06,-0.00015117250769253917
887,0.09385403519973257,0.049923763529255746,0.049999976990124886,-1.538423655122256e-06,-1.884300533793547e-05,-0.00030556465649077806,-0.0005439475062303245,-4.272777243130577e-09,-1.9349116562971407e-05,-2.911956094657236e-06,-0.00014858108585130648
888,0.09368833044023388,0.04992638559983781,0.04999997742799641,-1.5108164350196808e-06,-1.9239787288971124e-05,-0.0003076005115176611,-0.0005435210769064724,-4.1724423915923126e-09,-1.9518670062509406e-05,-2.9997686014368958e-06,-0.00014600151783785036
889,0.09352083710127938,0.04992899396531059,0.04999997786913916,-1.4831777252351648e-06,-1.963771506361758e-05,-0.0003096324358224255,-0.0005431099561974406,-4.112786999854734e-09,-1.9688010809915407e-05,-3.0890604124024048e-06,-0.0001434349722305413
890,0.09335158993091675,0.0499315888897803,0.04999997831293896,-1.455523712039923e-06,-2.0036257616715408e-05,-0.0003116603529362647,-0.0005427185678854585,-4.029220956880408e-09,-1.9857017748746103e-05,-3.179835316084645e-06,-0.00014088262217454279
891,0.09318063053797251,0.04993416542989798,0.04999997875879185,-1.427855805913359e-06,-2.0435456023182595e-05,-0.0003136836738517538,-0.0005423484253697097,-3.932739911505223e-09,-2.0025953374634083e-05,-3.2720972067627775e-06,-0.00013834563644922625
892,0.09300799500182215,0.04993672067516425,0.04999997920611074,-1.4001943508342838e-06,-2.0834920836564014e-05,-0.00031570140883080584,-0.0005420018569566309,-3.833548589682323e-09,-2.0194337316307163e-05,-3.365849346372949e-06,-0.00013582518681009732
893,0.09283372346444549,0.04993925302789852,0.0499999796543201,-1.3725354031145675e-06,-2.1234495735177054e-05,-0.0003177131381134743,-0.000541675603017211,-3.752843813487061e-09,-2.036230267203658e-05,-3.4610936176892652e-06,-0.0001333224287576275
894,0.09265785263272897,0.049941759525180734,0.04999998010286638,-1.344890611096615e-06,-2.1634178344342627e-05,-0.00031971818161044964,-0.0005413654143922031,-3.6163381178511145e-09,-2.0529837452741603e-05,-3.557832202544376e-06,-0.00013083850685785312
895,0.09248042082075883,0.04994423872530794,0.04999998055121221,-1.317269977559258e-06,-2.203368816150406e-05,-0.00032171597542728043,-0.0005410785088315606,-3.5326963576665094e-09,-2.0696887598946863e-05,-3.656066936649867e-06,-0.00012837457501978054
896,0.09230147262859542,0.04994668843974585,0.049999980998825744,-1.2896874888918614e-06,-2.243250523406413e-05,-0.00032370620978712733,-0.0005408157594501972,-3.4433604856332067e-09,-2.0863412448352188e-05,-3.7557990857177334e-06,-0.00012593178669390037
897,0.09212104948077544,0.04994910449055793,0.049999981445192514,-1.2621480797074188e-06,-2.2830669288152602e-05,-0.00032568765155848876,-0.0005405800766311586,-3.3322014036940573e-09,-2.1029351467537506e-05,-3.857029467517483e-06,-0.0001235112815075214
898,0.09193918601610385,0.04995148688370833,0.04999998188981573,-1.2346635485310644e-06,-2.322790332323165e-05,-0.0003276602547183383,-0.0005403698887676001,-3.2237292835191056e-09,-2.1194684997109955e-05,-3.959758503957132e-06,-0.00012111419266593446
899,0.09175592930325005,0.04995383159471539,0.0499999823322153,-1.2072410202465018e-06,-2.3624022652949537e-05,-0.00032962278487792346,-0.0005401820526458323,-3.129953851654932e-09,-2.1359340555256633e-05,-4.0639861511885045e-06,-0.00011874164874576251
900,0.09157131526429668,0.04995613740793392,0.04999998277192909,-1.179892178620251e-06,-2.4018732484272766e-05,-0.0003315748102667013,-0.0005400282680056989,-3.0182474297646422e-09,-2.1523265899759988e-05,-4.169711884546686e-06,-0.00011639477121851705
901,0.0913853871637061,0.04995840166577124,0.04999998320850921,-1.1526246276246513e-06,-2.441187460710901e-05,-0.00033351599837993585,-0.0005399048677645624,-2.9071538509839456e-09,-2.1686424426319348e-05,-4.276934643368005e-06,-0.00011407466889761322
902,0.09119819019894287,0.049960621260812334,0.04999998364152879,-1.1254486335432698e-06,-2.4803242639982677e-05,-0.00033544517556368503,-0.0005398069624789059,-2.817346578254387e-09,-2.1848746841594578e-05,-4.385652910638945e-06,-0.00011178244164183208
903,0.09100976059296906,0.049962795399119,0.04999998407057728,-1.0983731864533177e-06,-2.519263070483472e-05,-0.0003373622109327527,-0.0005397400818765163,-2.7085389486813938e-09,-2.201019953048584e-05,-4.495864676293824e-06,-0.0001095191823549112
904,0.0908201472693746,0.04996492087365827,0.04999998449526313,-1.0714083157317344e-06,-2.5579750467324196e-05,-0.00033926582129786706,-0.0005397028871811926,-2.60639665405904e-09,-2.2170709538059877e-05,-4.607567433676676e-06,-0.00010728596922697468
905,0.09062938346987182,0.04996699682278316,0.04999998491521192,-1.0445629434244241e-06,-2.5964544132705464e-05,-0.0003411556096786376,-0.0005397064960561693,-2.510779806286223e-09,-2.2330231768886592e-05,-4.7207582175449845e-06,-0.00010508386812498306
906,0.09043751579513844,0.04996902080109346,0.049999985330067415,-1.017846626314626e-06,-2.6346708295050783e-05,-0.00034303123733401956,-0.0005397328059189022,-2.3969461970807515e-09,-2.2488731269761723e-05,-4.835433544080264e-06,-0.000102913934969074
907,0.09024458981641105,0.04997099037198066,0.049999985739494414,-9.912691613007043e-07,-2.6726032556052084e-05,-0.0003448913876486727,-0.0005398017237894237,-2.3170414475970347e-09,-2.264613905239095e-05,-4.951589505088483e-06,-0.00010077721351909582
908,0.09005064085568418,0.04997290464250376,0.04999998614317189,-9.648413402202767e-07,-2.7102294056406787e-05,-0.00034673605906971775,-0.0005399010260589421,-2.2203878735638227e-09,-2.2802446671182795e-05,-5.06922181147938e-06,-9.86747346561643e-05
909,0.08985571772443161,0.049974760732199836,0.04999998654079865,-9.385716017146068e-07,-2.747534547407318e-05,-0.00034856390670753054,-0.0005400434019975364,-2.1267716476813803e-09,-2.2957583416251078e-05,-5.188325804570045e-06,-9.660751341545199e-05
910,0.08965985495644568,0.04997655790183241,0.049999986932092046,-9.124710346252361e-07,-2.7844945320775936e-05,-0.0003503745394528978,-0.0005402188980951905,-2.0394588240435496e-09,-2.3111466981743696e-05,-5.308896299238696e-06,-9.457655370619675e-05
911,0.08946309943797193,0.04997829445136007,0.049999987316785316,-8.865481913034598e-07,-2.8210808262684727e-05,-0.0003521674510401536,-0.0005404424155130982,-1.9658601413397037e-09,-2.3263997616875516e-05,-5.430927289114081e-06,-9.258283674359355e-05
912,0.0892654922198176,0.04997996796743174,0.049999987694637274,-8.608095050646408e-07,-2.8573047019512892e-05,-0.0003539414167472882,-0.0005406960262916982,-1.8828616443755664e-09,-2.3415096005285365e-05,-5.554412091658361e-06,-9.062732522572217e-05
913,0.08906707128991022,0.04998157822646171,0.049999988065421386,-8.35267373387058e-07,-2.8931245909897247e-05,-0.00035569643830943477,-0.0005409966688603163,-1.8134939105962644e-09,-2.3564866407184027e-05,-5.6793440257770315e-06,-8.871097109748057e-05
914,0.08886788304649629,0.04998312353926629,0.04999998842892818,-8.09931631589387e-07,-2.9285273249457012e-05,-0.0003574312027638731,-0.0005413288599811494,-1.7368491089797544e-09,-2.371311648341464e-05,-5.80571610934484e-06,-8.683470838218568e-05
915,0.08866796338445322,0.04998460344465719,0.0499999887849652,-7.848121618584404e-07,-2.9634890711404164e-05,-0.000359145324666385,-0.0005417069769464433,-1.686186634763942e-09,-2.3859862569053703e-05,-5.933520642539381e-06,-8.499945523843727e-05
916,0.08846735618532664,0.049986016108151496,0.04999998913335392,-7.599186549962372e-07,-2.997990299235271e-05,-0.0003608383883043084,-0.000542131660040468,-1.6368693067647655e-09,-2.4005049457606316e-05,-6.062749665354344e-06,-8.320611062431424e-05
917,0.08826610412698119,0.0499873608400019,0.049999989473938876,-7.35259624992713e-07,-3.03202072926764e-05,-0.00036250914127935227,-0.0005426009302027524,-1.585740427856308e-09,-2.4148594053438812e-05,-6.193394757070802e-06,-8.145555375402613e-05
918,0.08806424141587983,0.049988637201159064,0.04999998980657797,-7.108461280501136e-07,-3.065556361966536e-05,-0.0003641574999292091,-0.0005431188619695604,-1.5562403588020857e-09,-2.4290510769999707e-05,-6.325447227178442e-06,-7.974864678740682e-05
919,0.08786181405453694,0.049989844243481574,0.04999999013114709,-6.866864007964548e-07,-3.098581459622318e-05,-0.0003657822597600937,-0.0005436787032522261,-1.5129636432575921e-09,-2.4430691374558042e-05,-6.458898066085947e-06,-7.808622914257519e-05
920,0.08765885451168456,0.04999098189124061,0.04999999044753864,-6.627909331100959e-07,-3.1310846323251135e-05,-0.00036738304850304434,-0.0005442901747301221,-1.5093134519972295e-09,-2.4569334103275253e-05,-6.593738554159102e-06,-7.646912346518135e-05
921,0.08745540383415384,0.04999204944291219,0.0499999907556531,-6.391737188451833e-07,-3.163035577967049e-05,-0.00036895941618752984,-0.0005449542077258229,-1.4867722608613576e-09,-2.470613644268067e-05,-6.7299596332294345e-06,-7.489813550469515e-05
922,0.08725150593016595,0.0499930461689189,0.04999999105541098,-6.158385981086014e-07,-3.1944261572228895e-05,-0.0003705101815684489,-0.0005456669605337083,-1.4986593077637167e-09,-2.484107088361578e-05,-6.8675510661759155e-06,-7.337404450962292e-05
923,0.087047190799227,0.04999397275979438,0.04999999134674979,-5.927959373423837e-07,-3.225250627156415e-05,-0.0003720348227342827,-0.0005464451969601214,-1.5267513919781095e-09,-2.497360651264382e-05,-7.006500840663538e-06,-7.189759489731973e-05
924,0.08684250042035338,0.04999482944310249,0.049999991629631285,-5.700435645704792e-07,-3.255527122921614e-05,-0.0003735325136952731,-0.0005472536431625485,-1.5233000416614573e-09,-2.5104192385565e-05,-7.146796456142329e-06,-7.046950541050494e-05
925,0.08663746577717119,0.0499956173184041,0.049999991904027485,-5.476035319457229e-07,-3.285205425914373e-05,-0.000375002981613947,-0.0005481065600179136,-1.5358495586426102e-09,-2.523277749019155e-05,-7.288427054432956e-06,-6.909048403915113e-05
926,0.08643212905920881,0.04999633662187608,0.049999992169912584,-5.254840346621471e-07,-3.314261743369846e-05,-0.00037644596482471165,-0.0005490097100846469,-1.560415463508491e-09,-2.5359318253825144e-05,-7.431381237157876e-06,-6.776122858751299e-05
927,0.08622653602581576,0.04999698731924185,0.049999992427276825,-5.036960487815567e-07,-3.342646814889261e-05,-0.00037786021529501016,-0.0005499840481206775,-1.6440715455701138e-09,-2.548373443142116e-05,-7.575647287748664e-06,-6.648241496770422e-05
928,0.08602070940716033,0.04999757055492912,0.04999999267612025,-4.822475877935796e-07,-3.370386436095003e-05,-0.0003792456019021217,-0.0005510125774890184,-1.715615760566891e-09,-2.5605989378015363e-05,-7.721213227222306e-06,-6.525468595062277e-05
929,0.08581469024414774,0.04999808724101159,0.049999992916458846,-4.6114609536671825e-07,-3.397465375785344e-05,-0.0003806010717156065,-0.0005520989070646465,-1.7893384551825875e-09,-2.572601786866716e-05,-7.868066804908912e-06,-6.407866010017987e-05
930,0.08560850699119547,0.0499985387021332,0.04999999314831903,-4.4040246695685077e-07,-3.4238703633445034e-05,-0.0003819262129557328,-0.0005532411742024124,-1.8869215079320156e-09,-2.5843775149023006e-05,-8.016195518801223e-06,-6.295493157008833e-05
931,0.08540219586009508,0.04999892604506037,0.04999999337173406,-4.200249926967433e-07,-3.4495855606998575e-05,-0.0003832207477279634,-0.000554444151930511,-2.0001256206825246e-09,-2.5959229847440797e-05,-8.165586582246774e-06,-6.188406973033997e-05
932,0.08519579284632446,0.049999250724885674,0.04999999358675289,-4.000216490790155e-07,-3.4746071914415573e-05,-0.0003844839939763432,-0.0005557049298658967,-2.1124424431917532e-09,-2.607296111308687e-05,-8.316229276864135e-06,-6.0866626171870834e-05
933,0.08498932243184909,0.04999951444874155,0.04999999379342651,-3.8041126757731563e-07,-3.498894685068582e-05,-0.0003857152809798674,-0.0005570460925810039,-2.2489796691615993e-09,-2.6183701420135112e-05,-8.468110962193817e-06,-5.990312626263815e-05
934,0.08478282969374441,0.04999971886038169,0.04999999399182001,-3.6118513866507557e-07,-3.522468020589077e-05,-0.0003869136039474127,-0.0005584479658864439,-2.4521289443413252e-09,-2.6291800688852226e-05,-8.621215371191702e-06,-5.899405796923732e-05
935,0.08457633147076,0.04999986622122377,0.049999994182011426,-3.4235842748238655e-07,-3.5453324303694936e-05,-0.0003880788018974968,-0.0005598997231572866,-2.622831507537171e-09,-2.639742766339104e-05,-8.775528605088861e-06,-5.813987211026864e-05
936,0.08436985384302413,0.049999958600139026,0.04999999436408348,-3.239389606694798e-07,-3.567512742988718e-05,-0.0003892110180381421,-0.000561393448151648,-2.6839868105810183e-09,-2.6500593991730497e-05,-8.931037355962048e-06,-5.7341004960119506e-05
937,0.08416344844065234,0.049999998097465796,0.0499999945381244,-3.059406132274326e-07,-3.588887553610168e-05,-0.00039030911767153287,-0.0005629697116091847,-2.9366280518416943e-09,-2.6601201654761836e-05,-9.087728169035002e-06,-5.6597886172248565e-05
938,0.08395713337157734,0.04999998705144769,0.04999999470421837,-2.8837172256671055e-07,-3.609477476856954e-05,-0.00039137309243444636,-0.0005646126810461283,-3.16279136214348e-09,-2.6699293210513557e-05,-9.245587609336023e-06,-5.5910913744715015e-05
939,0.08375094052247503,0.04999992792431053,0.04999999486245559,-2.712400401517062e-07,-3.629281535990855e-05,-0.0003924023772457837,-0.0005663245101459324,-3.3863998272209983e-09,-2.6795465076149172e-05,-9.40460475363015e-06,-5.528045907025358e-05
940,0.08354488695321821,0.04999982337732682,0.049999995012925694,-2.5456148757548e-07,-3.648280477688904e-05,-0.00039339596533589493,-0.0005681230104528368,-3.6302851835756655e-09,-2.688811964163357e-05,-9.564765710390139e-06,-5.470686644786346e-05
941,0.08333901453856822,0.04999967613454512,0.049999995155726326,-2.3832823588807515e-07,-3.6664807207643053e-05,-0.00039435397559709574,-0.0005699826288037002,-3.953543270540649e-09,-2.6978158094987597e-05,-9.726053430147684e-06,-5.419044096860932e-05
942,0.0831333362317924,0.04999948909251642,0.04999999529096574,-2.225561959760437e-07,-3.683918570726526e-05,-0.00039527572050469524,-0.0005719041801057756,-4.227173722171074e-09,-2.7065532557581167e-05,-9.888454872143403e-06,-5.373145113019896e-05
943,0.08292787289950021,0.04999926474766234,0.04999999541875185,-2.0725291673187598e-07,-3.700573549583936e-05,-0.0003961613088314019,-0.0005738806794397533,-4.381480067650045e-09,-2.7149827561827426e-05,-1.0051955322947046e-05,-5.333015107995697e-05
944,0.08272267268433287,0.04999900620250364,0.04999999553918926,-1.9242720333820718e-07,-3.716367583408445e-05,-0.00039701013330825934,-0.0005759437917731702,-4.8016715048504466e-09,-2.7231787287772908e-05,-1.021654123796704e-05,-5.298677908531424e-05
945,0.0825177387167138,0.04999871638782191,0.04999999565237195,-1.7809290048001274e-07,-3.7313287072033435e-05,-0.00039782193214648904,-0.0005780759966000915,-5.077235964989768e-09,-2.7310875614116232e-05,-1.0382200609869294e-05,-5.27015406513923e-05
946,0.08231310500759972,0.04999839846660261,0.04999999575839402,-1.642532384451791e-07,-3.745426984259358e-05,-0.0003985967128368603,-0.0005802827654406428,-5.403680169990821e-09,-2.7387236372552716e-05,-1.0548919788870087e-05,-5.247461870660472e-05
947,0.08210879799753118,0.0499980558681694,0.0499999958573504,-1.5091835749814966e-07,-3.7586466951518856e-05,-0.00039933363055299283,-0.0005825812695547938,-5.847581974194327e-09,-2.746084144592269e-05,-1.0716686090406876e-05,-5.230616375348146e-05
948,0.08190482393725651,0.04999769140839315,0.04999999594933123,-1.3809476233810054e-07,-3.771030195082867e-05,-0.00040003295365930325,-0.0005849474109709263,-6.1712164267646585e-09,-2.753165332404453e-05,-1.088548689849081e-05,-5.219629356018554e-05
949,0.08170121516304507,0.04999730867846308,0.049999996034425245,-1.257903420061645e-07,-3.78254494989301e-05,-0.00040069396202743306,-0.0005873992340639234,-6.581533540384044e-09,-2.759964056545981e-05,-1.1055309609842062e-05,-5.214510191538327e-05
950,0.08149798346156488,0.0499969107175396,0.049999996112713205,-1.1401357602710183e-07,-3.793193806428957e-05,-0.0004013166612743526,-0.0005899200332351029,-6.978727817852359e-09,-2.7664797592065034e-05,-1.1226141860043842e-05,-5.215265314639873e-05
951,0.08129515266658985,0.04999650073228454,0.04999999618426758,-1.0277183878886032e-07,-3.8029547574774326e-05,-0.000401901116884639,-0.0005925305304117501,-7.408327729052644e-09,-2.772713054724258e-05,-1.1397971505381013e-05,-5.221898267726979e-05
952,0.08109274231475565,0.04999608210748559,0.04999999624915894,-9.207203329516368e-08,-3.8118381435871946e-05,-0.0004024468020546267,-0.0005952190840616822,-7.823703462861431e-09,-2.778661370169878e-05,-1.1570786713759346e-05,-5.234409778018674e-05
953,0.08089076558303976,0.04999565782624373,0.0499999963074486,-8.192250879283198e-08,-3.8198368276416215e-05,-0.0004029539736698422,-0.0005979830748401582,-8.276845875343497e-09,-2.78432566063688e-05,-1.1744575880508988e-05,-5.252797705943968e-05
954,0.08068924337192042,0.04999523132943374,0.04999999635918906,-7.232985595847219e-08,-3.826952983598605e-05,-0.00040342212260033994,-0.0006008331547491252,-8.743522350584954e-09,-2.7897041779086054e-05,-1.1919327692806142e-05,-5.277057224346781e-05
955,0.08048818990223959,0.04999480542443254,0.04999999640442178,-6.330262555029966e-08,-3.8331525821257856e-05,-0.00040385135099909946,-0.0006037681014277041,-9.22257914481861e-09,-2.794797667174147e-05,-1.2095031212938206e-05,-5.307180565411337e-05
956,0.08028761911321615,0.04999438325932754,0.04999999644317529,-5.484718204958982e-08,-3.838457184859549e-05,-0.0004042418522936282,-0.0006067903595976532,-9.696224267941034e-09,-2.7996073990493844e-05,-1.2271675846464368e-05,-5.3431570660280014e-05
957,0.08008755041040388,0.04999396804857259,0.04999999647547194,-4.697050529235777e-08,-3.842854942143526e-05,-0.00040459390779283203,-0.0006098963203839958,-1.0220470691990613e-08,-2.8041334710824122e-05,-1.2449252060716909e-05,-5.3849733753860676e-05
958,0.07988798401886778,0.04999357413750415,0.04999999650131369,-3.968000387458519e-08,-3.8463576959407666e-05,-0.0004049087877190971,-0.0006130858673714101,-1.0701694641568338e-08,-2.808380204748445e-05,-1.2627752663467679e-05,-5.4326128699124974e-05
959,0.07968892846318573,0.04999322466112466,0.04999999652065712,-3.29818019212546e-08,-3.848973739058585e-05,-0.00040518593474519484,-0.0006163543439470232,-1.11739213437545e-08,-2.812342632350346e-05,-1.2807171835549527e-05,-5.486056263963094e-05
960,0.07949039191998913,0.049992923893522404,0.04999999653344772,-2.6882475614851712e-08,-3.850716891825485e-05,-0.00040542518710755563,-0.0006197217153385282,-1.1724337056762124e-08,-2.816020856976483e-05,-1.2987504644726902e-05,-5.545281839913531e-05
961,0.07929238719964117,0.049992673899821066,0.04999999653963449,-2.1388468693814848e-08,-3.851593343269567e-05,-0.0004056266161508552,-0.0006231730803847313,-1.222762247010678e-08,-2.8194092812145225e-05,-1.3168746094683356e-05,-5.61026531289344e-05
962,0.07909493127971162,0.04999247662378639,0.049999996539168194,-1.6506143037786763e-08,-3.851592483666118e-05,-0.00040578991587430477,-0.0006266913842409849,-1.2685318573346649e-08,-2.8225124788956632e-05,-1.3350891549073584e-05,-5.680979846789888e-05
963,0.07889802852671851,0.04999233208621945,0.049999996531994884,-1.2242254738295967e-08,-3.850735094372963e-05,-0.0004059154144808079,-0.0006303108530119061,-1.3293596445862477e-08,-2.8253418146186196e-05,-1.3533937439277586e-05,-5.757396013660645e-05
964,0.07870169235787595,0.049992241025007114,0.049999996518052564,-8.603388689941182e-09,-3.849014604992345e-05,-0.0004060029778523934,-0.0006340140243992209,-1.3796650044639591e-08,-2.827920555485488e-05,-1.371788204789972e-05,-5.8394818639192896e-05
965,0.07850592736891006,0.04999220275448766,0.04999999649726374,-5.5965919303578405e-09,-3.846413374136395e-05,-0.0004060528708473975,-0.0006378102698363364,-1.4352365518277566e-08,-2.8302535131854398e-05,-1.3902725361314182e-05,-5.927203123271257e-05
966,0.07831074220428108,0.04999221666451459,0.04999999646953364,-3.227707922238448e-09,-3.8429431606359255e-05,-0.00040606511890401277,-0.0006417038384824991,-1.492934664781842e-08,-2.8322729967431408e-05,-1.4088465265837562e-05,-6.0205225902278814e-05
967,0.07811614886395776,0.04999228207636886,0.04999999643476012,-1.5020121201462734e-09,-3.838628530167368e-05,-0.0004060397190742428,-0.0006456806440837681,-1.5577500178665105e-08,-2.8340367468711743e-05,-1.4275099361385474e-05,-6.119399792017219e-05
968,0.07792213758413874,0.04999239632807764,0.049999996392824736,-4.2622673533950963e-10,-3.83350319795919e-05,-0.0004059777826549367,-0.0006497471476905048,-1.610515987238159e-08,-2.835643329855713e-05,-1.4462632241890674e-05,-6.223792080116894e-05
969,0.07772871755444849,0.049992557514218036,0.049999996343583916,-6.206156910935974e-12,-3.827520069518234e-05,-0.00040587846809207604,-0.0006538945017382503,-1.6476146669219816e-08,-2.8368539950328017e-05,-1.4651063673555392e-05,-6.333654083793882e-05
970,0.07753591248759481,0.049992763747551516,0.04999999628688301,-2.472983903003049e-10,-3.8206925623170146e-05,-0.0004057423673591682,-0.0006581481429748237,-1.7365165305704977e-08,-2.837825740238092e-05,-1.484038928082356e-05,-6.448937282770652e-05
971,0.07734369994646717,0.049993011052200775,0.049999996222549775,-1.1554406568034006e-09,-3.813076117386061e-05,-0.00040557023622157356,-0.0006624777452088892,-1.7925897211057418e-08,-2.838562957952964e-05,-1.5030612642202214e-05,-6.569589899261947e-05
972,0.07715208429253997,0.04999329554791599,0.04999999615039372,-2.7361966993641685e-09,-3.804685591683008e-05,-0.00040536272911128777,-0.000666850886773318,-1.8060513085060848e-08,-2.839085001626567e-05,-1.5221738174930878e-05,-6.695558370983295e-05
973,0.0769610929500976,0.0499936145699342,0.049999996070197034,-4.993583522300891e-09,-3.795371924730338e-05,-0.0004051200290405649,-0.0006713588372804224,-1.8883881125475455e-08,-2.8393608946648095e-05,-1.541377019013766e-05,-6.826787497451904e-05
974,0.07677071608381497,0.04999396503841208,0.049999995981718004,-7.933138729889437e-09,-3.7852312010631886e-05,-0.0004048424170850172,-0.0006759478128515184,-1.9435631770647888e-08,-2.8394160319283832e-05,-1.5606713043106167e-05,-6.9632184992316e-05
975,0.07658094807315446,0.04999434252483988,0.049999995884704086,-1.1559209002208491e-08,-3.774272784045721e-05,-0.000404530521745116,-0.0006806236924603581,-1.9984517152238368e-08,-2.839256072988554e-05,-1.5800572834994677e-05,-7.104790145607018e-05
976,0.0763917906045763,0.049994742752964116,0.04999999577888288,-1.5876257852130324e-08,-3.762510374283515e-05,-0.0004041850528381413,-0.0006853882223367691,-2.0504266728949005e-08,-2.838887687157565e-05,-1.5995356380197205e-05,-7.251438903871283e-05
977,0.07620324766735598,0.04999516157365919,0.049999995663966346,-2.0888529292494663e-08,-3.7499380542031556e-05,-0.00040380628771361594,-0.0006902412860654294,-2.104612306652598e-08,-2.8383287906999865e-05,-1.6191071869581797e-05,-7.403098887493175e-05
978,0.0760153116066659,0.0499955939776382,0.04999999553964604,-2.659938081762661e-08,-3.736569906642734e-05,-0.00040339496272047653,-0.0006951831164769828,-2.15502815592572e-08,-2.8375552831337598e-05,-1.6387727600134406e-05,-7.559701662022234e-05
979,0.07582798781855635,0.04999603547375772,0.04999999540559731,-3.3013745301465546e-08,-3.722412806994494e-05,-0.0004029513885164988,-0.0007002077181823552,-2.2070487659675564e-08,-2.8365725553279506e-05,-1.6585331175314512e-05,-7.721176223000195e-05
980,0.07564126886424768,0.04999648057805879,0.04999999526148227,-4.0135303878810615e-08,-3.7074840543914024e-05,-0.0004024765229951658,-0.0007053141598589718,-2.2569441426867343e-08,-2.8354288282176125e-05,-1.6783892784378827e-05,-7.887449372622153e-05
981,0.07545514999863685,0.04999692387955298,0.049999995106945715,-4.796637480093328e-08,-3.691795951259025e-05,-0.0004019711514492661,-0.000710497610270977,-2.29699512743764e-08,-2.834106800277333e-05,-1.6983424257647717e-05,-8.058445611452205e-05
982,0.07526963728928078,0.04999736019067088,0.049999994941619275,-5.651071468837201e-08,-3.675330595074444e-05,-0.0004014356658003489,-0.0007157641812227666,-2.341806926153822e-08,-2.8326156106580156e-05,-1.7183937137221704e-05,-8.234087344655446e-05
983,0.0750847205245233,0.049997783719643696,0.04999999476511815,-6.577080618920007e-08,-3.6581158520038595e-05,-0.0004008708480788018,-0.0007211235933937132,-2.3958762085385388e-08,-2.83095535718092e-05,-1.7385443651759136e-05,-8.414295052369306e-05
984,0.07490039491348087,0.04999818859254565,0.04999999457704529,-7.575050032408461e-08,-3.640182478150821e-05,-0.00040027729749701003,-0.0007265551248565316,-2.4325649050638276e-08,-2.8291349406271613e-05,-1.7587956601312326e-05,-8.598986816282413e-05
985,0.07471665467599443,0.049998568665040724,0.049999994376993546,-8.645194459082345e-08,-3.621527382918353e-05,-0.0003996559222251217,-0.0007320566801354289,-2.470235394014253e-08,-2.82716437125279e-05,-1.779148984407384e-05,-8.788078480598412e-05
986,0.07453349660714761,0.04999891774038644,0.04999999416454296,-9.787748675297601e-08,-3.60216241398751e-05,-0.00039900759159805965,-0.0007376410649158061,-2.5093914501894687e-08,-2.825051950754318e-05,-1.7996058077715866e-05,-8.981484235175689e-05
987,0.07435091465562838,0.0499992296110887,0.0499999939392662,-1.100296151664389e-07,-3.582115788765849e-05,-0.0003983328462844706,-0.000743292854167521,-2.5456362351405915e-08,-2.822800002320127e-05,-1.8201676649099982e-05,-9.179116366704846e-05
988,0.07416889990121689,0.0499994976515366,0.04999999370072519,-1.229099067929116e-07,-3.561392444925903e-05,-0.00039763283219065957,-0.0007490185089409351,-2.577580460183526e-08,-2.820434082807934e-05,-1.8408362263949677e-05,-9.380885325879394e-05
989,0.073987447216967,0.04999971540803858,0.04999999344847392,-1.3651977929196678e-07,-3.5400132524934616e-05,-0.0003969079954495344,-0.0007548193680122495,-2.6095902327938347e-08,-2.817927042204845e-05,-1.861613182821757e-05,-9.586699889084179e-05
990,0.07380654577835866,0.04999987615769548,0.04999999318206206,-1.508629115391602e-07,-3.5180068357674195e-05,-0.00039615979195915774,-0.0007606827421113849,-2.6373465189521994e-08,-2.8157297040425377e-05,-1.8825024961713357e-05,-9.796471214365203e-05
991,0.07362617239782807,0.04999997345670979,0.04999999290099277,-1.6594642859351963e-07,-3.495482692565734e-05,-0.000395389274721074,-0.0007666071760468185,-2.6651576945369015e-08,-2.8138383347023837e-05,-1.9035091149788384e-05,-0.00010010110618959535
992,0.07344631732359899,0.049999998860244976,0.0499999926047181,-1.817749399574576e-07,-3.4724572029659644e-05,-0.0003945969958568123,-0.0007725883042439818,-2.684446442913213e-08,-2.812146328351316e-05,-1.924639253103519e-05,-0.00010227529876186208
993,0.07326697123334897,0.049999943464154956,0.049999992292710314,-1.983485431846522e-07,-3.448914177900277e-05,-0.0003937847893872668,-0.000778624031227082,-2.69848303702247e-08,-2.8102863199943717e-05,-1.945896510786661e-05,-0.00010448635670159651
994,0.07308811635016535,0.049999798007018634,0.0499999919644458,-2.1566449321009446e-07,-3.4248419256446625e-05,-0.0003929535937580702,-0.000784713716711849,-2.7142348812958517e-08,-2.8080839920624285e-05,-1.9672834322259592e-05,-0.00010673332264213908
995,0.07290973419870343,0.04999955266726131,0.04999999161936905,-2.3372108592258069e-07,-3.400236662415937e-05,-0.00039210413444121884,-0.0007908499101176858,-2.7224610121834303e-08,-2.8056117202691217e-05,-1.9888010615084227e-05,-0.00010901521131952907
996,0.07273181664318296,0.04999919754262944,0.04999999125696544,-2.525233427479463e-07,-3.3751618345024614e-05,-0.0003912370865440382,-0.0007970312726683915,-2.728068260182681e-08,-2.8029183805200456e-05,-2.0104514405888483e-05,-0.00011133105189277727
997,0.07255435437665796,0.049998722832265426,0.049999990876774356,-2.7207383121810225e-07,-3.3496645126596437e-05,-0.00039035296430838575,-0.0008032568148337305,-2.7408445291143835e-08,-2.800042373212491e-05,-2.0322369532032543e-05,-0.00011367987139986567
998,0.07237733718813676,0.049998119035391475,0.04999999047837195,-2.923735028592153e-07,-3.323751489551465e-05,-0.00038945283369704514,-0.0008095282246358693,-2.7377959455066048e-08,-2.7970157778732643e-05,-2.0541602617212572e-05,-0.0001160606930365623
999,0.07220075601378566,0.049997376590618585,0.04999999006136943,-3.1342466286510517e-07,-3.297470167815881e-05,-0.00038853718096937864,-0.0008158424752764404,-2.7533705093674143e-08,-2.7938620116880245e-05,-2.076224242943913e-05,-0.00011847254139940591
