frame,reward_tracking_lin_vel,reward_tracking_ang_vel,reward_tracking_height,cost_lin_vel_z,cost_ang_vel_xy,cost_joint_velocity,cost_action_nn,cost_action_rate,cost_feet_slip,cost_leg_base_angle,cost_orientation
0,1.1253517471925913e-08,0.05,0.04998478235575755,-0.0,-0.0,-3.122050635730692e-07,-0.0010808203369379044,-0.0,-3.535485298329728e-11,-4.266290459059881e-09,-9.64055106198058e-10
1,1.2489734650580104e-08,0.04999294503718085,0.04998489146553652,-1.0345929112547403e-06,-4.8158234816502075e-06,-1.075562559866394e-06,-0.0013048885157331824,-6.530456448672339e-05,-3.246072481902971e-10,-7.08637306555795e-10,-1.6562142454818287e-08
2,1.3918820404851553e-08,0.0499475369171957,0.049985186904544066,-3.2050058745678667e-06,-2.2243985870438573e-05,-1.9949506009454865e-06,-0.0007889014086686075,-0.00010662789281923324,-7.54433393771194e-10,-2.4041959419092548e-08,-8.296657854084948e-08
3,1.5240224991629298e-08,0.04987997392707172,0.04998562267039342,-6.0301481774240525e-06,-4.30171576315298e-05,-3.0173759985986927e-06,-0.00043208649731241167,-0.00012963578046765178,-1.1855601219501938e-09,-9.013822254734838e-08,-2.3916456733634967e-07
4,1.641208923845149e-08,0.04977094766920085,0.04998616386528913,-9.336169464651317e-06,-5.878702194508163e-05,-4.22983554196979e-06,-0.0003777200763579458,-1.7871645468403585e-05,-1.5849420603404795e-09,-1.9698590424341814e-07,-5.149801582716952e-07
5,1.754328266748561e-08,0.04962313573776797,0.04998678064279798,-1.2572154541685541e-05,-7.256614055592649e-05,-5.7046794344648605e-06,-0.0003578451578505337,-9.965140634449199e-06,-1.9452617929567226e-09,-3.361406614856405e-07,-9.361338398082816e-07
6,1.86549635233542e-08,0.04944934395304022,0.04998744658622268,-1.5497642155907683e-05,-8.449164100326199e-05,-7.499316805049365e-06,-0.00035189746995456517,-6.516675966850016e-06,-2.262414130034714e-09,-4.943004775363219e-07,-1.523198213716851e-06
7,1.9755310443148967e-08,0.049263295597780254,0.04998814037673273,-1.7993963946643215e-05,-9.450107564945809e-05,-9.643144684554587e-06,-0.00035292134271003306,-3.6830494991590967e-06,-3.302528828640359e-08,-6.559805333078785e-07,-2.291073939566293e-06
8,2.08536797005125e-08,0.0490734508958837,0.04998884521932806,-2.009335403223595e-05,-0.00010245659107724017,-1.2246228789861321e-05,-0.00044478249037638307,-6.505979399662465e-06,-1.9750159614025307e-08,-8.053612167475067e-07,-3.260253420298189e-06
9,2.2053277998339665e-08,0.04884198868891473,0.04998954715208911,-2.132004437287355e-05,-0.00011312340193069884,-1.5086694245466112e-05,-0.00038526099524460733,-1.4465163076238241e-05,-1.267594753856731e-08,-9.310883832986281e-07,-4.44094470899343e-06
10,2.3125620905820716e-08,0.04864965561930431,0.04999023617883571,-2.2341534740479627e-05,-0.00011766238097060546,-1.830640077230038e-05,-0.00038308618240989745,-7.480696694983635e-06,-8.835632210603785e-09,-1.0235325569610433e-06,-5.821949244322626e-06
11,2.419493310610268e-08,0.04844129249102011,0.049990905752817415,-2.2954145414858266e-05,-0.00011972329723737381,-2.1806525935855923e-05,-0.00033028729376383126,-4.688431999966269e-06,-6.861139336116818e-09,-1.0783450171648168e-06,-7.401446904796249e-06
12,2.529547062569018e-08,0.04829996319066818,0.049991550189503096,-2.3064225374196148e-05,-0.0001215714158185537,-2.5572044482256222e-05,-0.00031554524321109056,-1.0723757668529288e-06,-5.912417285145383e-09,-1.0990577084656518e-06,-9.179734062688742e-06
13,2.6414225296434205e-08,0.0481829861692885,0.04999216526673258,-2.2786280526150583e-05,-0.0001224637732572419,-2.95662780843044e-05,-0.0002987560292240232,-1.2371451703074854e-06,-5.560622959070763e-09,-1.0884773275520993e-06,-1.1153020755232785e-05
14,2.7557510603921756e-08,0.04809265728624745,0.049992748343209444,-2.217466737584117e-05,-0.00012258197101347432,-3.3748714866665723e-05,-0.0002825337287504226,-1.2871432772953995e-06,-5.626130791652915e-09,-1.050919409702574e-06,-1.3316935456180987e-05
15,2.8731011906652577e-08,0.04802600180755416,0.04999329785926643,-2.128078978418965e-05,-0.00012211550337075912,-3.808474855415482e-05,-0.00026903703110292554,-1.2437416216926067e-06,-5.9887530392556805e-09,-9.91520922465584e-07,-1.5667241223753508e-05
16,2.994191270893973e-08,0.04798039147384126,0.04999381309910296,-2.0156449013727958e-05,-0.00012126926198121578,-4.253918865005855e-05,-0.0002583508030511439,-1.1162081818838487e-06,-6.584364044715817e-09,-9.156252895058355e-07,-1.8200580121819623e-05
17,3.119711720633486e-08,0.04795171176657542,0.049994294007866494,-1.8850153219362664e-05,-0.0001202540179347225,-4.707924450605538e-05,-0.00025014099082909524,-9.447612683288753e-07,-7.376633077165887e-09,-8.283913778884671e-07,-2.091465978217808e-05
18,3.2500889259966325e-08,0.047935947596073086,0.049994741043125644,-1.7411787643700126e-05,-0.00011919265020223947,-5.168010948938267e-05,-0.00024392826890107244,-7.612779313603824e-07,-8.362620126101443e-09,-7.34469126874803e-07,-2.3808044851704185e-05
19,3.3855778314944026e-08,0.047927547795666214,0.049995155021174326,-1.5887654537361775e-05,-0.0001181782126168324,-5.6318520006503405e-05,-0.00023916449572425336,-5.903436886001145e-07,-9.551479486026618e-09,-6.378839280222433e-07,-2.6880092599292112e-05
20,3.526371608475559e-08,0.047921764632005766,0.049995537003285434,-1.4321483462790747e-05,-0.0001172746901086456,-6.09701559517522e-05,-0.00023530992621090263,-4.483752604755864e-07,-1.0950654998711209e-08,-5.420096041616522e-07,-3.0130844023069444e-05
21,3.672665861380678e-08,0.04791582978960904,0.04999588827401884,-1.2753177942356247e-05,-0.00011651924980342077,-6.561020224118185e-05,-0.00023190805222839117,-3.393958252217999e-07,-1.2564924759406536e-08,-4.4961610356426055e-07,-3.3560858232695954e-05
22,3.8246657925000283e-08,0.047908578453020045,0.04999621030922781,-1.1217250983792973e-05,-0.00011592804828530386,-7.02141219910355e-05,-0.00022863845515530556,-2.598367530026735e-07,-1.4394684844954412e-08,-3.629175450298805e-07,-3.7171066582489095e-05
23,3.9825983906202665e-08,0.047899905238873955,0.04999650472899882,-9.741985842807693e-06,-0.00011550239152149877,-7.475852874638742e-05,-0.00022529154375661165,-2.0406403677952767e-07,-1.643518274749917e-08,-2.836270350287966e-07,-4.0962628465575864e-05
24,4.1467165138785647e-08,0.04789032704939224,0.04999677324678948,-8.349473415240404e-06,-0.00011523091904159111,-7.922132872684507e-05,-0.00022175021877046674,-1.6591872054050327e-07,-1.8676109912935088e-08,-2.1301475252317517e-07,-4.493677889258192e-05
25,4.3172984463349165e-08,0.0478807088248464,0.049997017622140615,-7.056078040244278e-06,-0.0001150931078421523,-8.358080727481801e-05,-0.0002179531438741833,-1.4069324549836892e-07,-2.1097939941349145e-08,-1.5197021315253113e-07,-4.909467627307134e-05
26,4.494679928689949e-08,0.047872221247544255,0.04999723962395593,-5.872961420062577e-06,-0.00011506165798262508,-8.781622137092268e-05,-0.00021389043831732124,-1.2435852170256112e-07,-2.3665114022273896e-08,-1.0105660489715882e-07,-5.343725691795508e-05
27,4.679246644428442e-08,0.04786623672077298,0.04999744100725245,-4.806709834543157e-06,-0.00011510462896615948,-9.191080921059985e-05,-0.00020957074593752623,-1.1407028210896897e-07,-2.6346599150720016e-08,-6.055935938098351e-08,-5.796510123406989e-05
28,4.871397104418489e-08,0.04786390501785213,0.04999762347716178,-3.859747635366652e-06,-0.00011518904130198459,-9.585172927704748e-05,-0.00020503850828390568,-1.0749950263289065e-07,-2.9114238287891704e-08,-3.053017378783406e-08,-6.267833670331493e-05
29,5.0715614051427736e-08,0.047866140962896736,0.04999778865636024,-3.031362898052788e-06,-0.00011528231034332048,-9.962885103577079e-05,-0.00020033586770296097,-1.0335997302490796e-07,-3.194043224742397e-08,-1.0831485697796583e-08,-6.757656749060004e-05
30,5.2802079482202106e-08,0.04787366928519249,0.04999793806765489,-2.3185033633819826e-06,-0.00011535439721005038,-0.00010323453566935227,-0.0001955123443622142,-1.0063380528890775e-07,-3.480481225511509e-08,-1.178937719865846e-09,-7.265882461525016e-05
31,5.497866856626141e-08,0.047887052922115037,0.04999807312658963,-1.7163794823203441e-06,-0.0001153779416541917,-0.00010666325229026708,-0.00019065133528783917,-9.793611610575681e-08,-3.7682388832561916e-08,-1.1776901413457175e-09,-7.792356796560476e-05
32,5.725153514476362e-08,0.04790667301769289,0.04999819514018889,-1.2188244441961627e-06,-0.00011533247117487447,-0.00010991062235942804,-0.00018576944421511143,-9.58840260523175e-08,-4.0550819304770517e-08,-1.035309368991684e-08,-8.336870266237e-05
33,5.962750550111468e-08,0.04793278970174298,0.04999830530979556,-8.187825697566884e-07,-0.00011520014173216503,-0.00011297411695486805,-0.0001809289096854627,-9.313954052458939e-08,-4.3381563364933935e-08,-2.817556452293276e-08,-8.899159718407022e-05
34,6.211445267807454e-08,0.04796549090154373,0.04999840473540032,-5.084458787234401e-07,-0.00011496896525671375,-0.00011585127442944636,-0.00017611663497518748,-9.097942665903247e-08,-4.616917936593253e-08,-5.408006501468134e-08,-9.478908118625592e-05
35,6.472103381140797e-08,0.04800478873417441,0.04999849442194762,-2.7979042392889677e-07,-0.0001146267302076466,-0.00011854151387854593,-0.00017146629397757351,-8.639794657483435e-08,-4.888393259392731e-08,-8.748159301076676e-08,-0.00010075755095655117
36,6.745752199667245e-08,0.04805044373787848,0.04999857528603395,-1.244357262765452e-07,-0.000114174687895827,-0.00012104421432002618,-0.00016689336916897446,-8.36293878592187e-08,-5.150519349423221e-08,-1.2778674150691821e-07,-0.00010689305239915153
37,7.033482115234426e-08,0.04810220656819138,0.04999864816254363,-3.410166764729982e-08,-0.00011360951375519772,-0.00012335939727958433,-0.00016247283201664686,-7.920888123180703e-08,-5.401309797148856e-08,-1.7440237931131643e-07,-0.00011319124925236165
38,7.336513009410112e-08,0.048159623711188766,0.04999871381192389,-6.163831768545063e-10,-0.00011293191094501428,-0.0001254877209957934,-0.00015815462393220514,-7.607789598296222e-08,-5.639241049386795e-08,-2.2674293552761278e-07,-0.00011964745854378128
39,7.656184551020831e-08,0.04822225500996265,0.049998772926012056,-1.605221427942148e-08,-0.00011214265635913388,-0.00012742982630714657,-0.0001539753284305334,-7.21526944857942e-08,-5.8624465151436404e-08,-2.842352906658994e-07,-0.000126256692194599
40,7.993970214138195e-08,0.04828952239748389,0.04999882613399796,-7.283271421593238e-08,-0.00011124618767791113,-0.00012918697855367558,-0.00014992640353739262,-6.865091251029298e-08,-6.069358295315952e-08,-3.4632193956364197e-07,-0.00013301370348267128
41,8.351484057521586e-08,0.04836081281356569,0.04999887400846256,-1.6379518304688663e-07,-0.00011024650997707113,-0.0001307605725202016,-0.0001459968334529549,-6.53541150086312e-08,-6.25862881555928e-08,-4.124638251371631e-07,-0.0001399129830504687
42,8.730479585397614e-08,0.048435452387077776,0.04999891707058391,-2.822442597123276e-07,-0.00010914750961438286,-0.00013215205901919518,-0.00014218252908904105,-6.231893934227628e-08,-6.429076647348012e-08,-4.821426561877796e-07,-0.0001469487698252978
43,9.132867941740819e-08,0.048512752470407594,0.04999895579518831,-4.219735157883551e-07,-0.00010795354260875361,-0.00013336369860013372,-0.0001384764036629349,-5.966377614186058e-08,-6.579761097505527e-08,-5.548623879818695e-07,-0.00015411505958377164
44,9.560736785568319e-08,0.04859201291106713,0.049998990614751604,-5.773673142606741e-07,-0.00010666855705694933,-0.00013439728364172946,-0.00013486811076290905,-5.7306674960955206e-08,-6.709899957170472e-08,-6.301500689473126e-07,-0.00016140560414293099
45,1.001634279110691e-07,0.048672534691502616,0.04999902192337727,-7.433162943535447e-07,-0.00010529632636531973,-0.00013525510795855437,-0.00013134993787389249,-5.528382374109242e-08,-6.818990576621531e-08,-7.075563342386324e-07,-0.00016881390504328985
46,1.0502145809820556e-07,0.04875362589898426,0.04999905008095098,-9.152663463155273e-07,-0.00010383995694831904,-0.00013593958840603428,-0.00012791319750249386,-5.3623104179223446e-08,-6.90679202993743e-08,-7.866561927285567e-07,-0.00017633319782944272
47,1.1020816329676559e-07,0.04883462998474063,0.049999075416375084,-1.0892056649748448e-06,-0.0001023019679619459,-0.0001364530083663326,-0.00012454747047740966,-5.237283673409365e-08,-6.973330713769378e-08,-8.670496060852821e-07,-0.00018395643460708465
48,1.1575248443269572e-07,0.048914919784681515,0.049999098230743534,-1.2616158880136791e-06,-0.00010068429538333353,-0.00013679844639436327,-0.000121251679956913,-5.1296321856852956e-08,-7.018873747595789e-08,-9.483609515219205e-07,-0.00019167628120434423
49,1.2168608518471217e-07,0.048993906750729024,0.049999118799626895,-1.4295899483317722e-06,-9.898921635058149e-05,-0.000136978490242085,-0.00011801942309830338,-5.057377094885851e-08,-7.04397173706691e-08,-1.030239348874294e-06,-0.0001994851069581155
50,1.2804321447534222e-07,0.04907105195651104,0.049999137375494065,-1.5906032644532681e-06,-9.721811654298966e-05,-0.00013699651417631555,-0.00011484518472570926,-5.005615122399831e-08,-7.047794177499789e-08,-1.1123590993528336e-06,-0.00020737498029226847
51,1.3486105763197025e-07,0.04914586886490757,0.04999915419004685,-1.742746302114475e-06,-9.537311925251647e-05,-0.0001368548545140832,-0.00011166190233780071,-5.157464144645019e-08,-7.032318328603584e-08,-1.1944189495053189e-06,-0.00021533750851176472
52,1.4217927342395384e-07,0.04921798729972935,0.04999916945635034,-1.8842072982260025e-06,-9.344812324955769e-05,-0.00013655660477209238,-0.0001085421463358216,-5.16029103891924e-08,-6.998523965432822e-08,-1.2761421838118196e-06,-0.0002233638137183865
53,1.5004204723945203e-07,0.04928702765194563,0.04999918337068991,-2.0137549826996895e-06,-9.144549925732837e-05,-0.00013610528299383488,-0.00010544022370595485,-5.2888008639229156e-08,-6.947104229281965e-08,-1.357275769069423e-06,-0.0002314446560006541
54,1.5849711793536482e-07,0.0493527218367108,0.04999919611328614,-2.130597018934167e-06,-8.93657256968583e-05,-0.00013550384269513568,-0.00010237408423563465,-5.3868166816073426e-08,-6.880113423619362e-08,-1.4375896844553332e-06,-0.0002395703346050402
55,1.6759634452075476e-07,0.0494148146516138,0.04999920784988091,-2.2340202545039813e-06,-8.720727446477928e-05,-0.00013475601319942122,-9.93583380477503e-05,-5.477806652720574e-08,-6.798504414343044e-08,-1.5168770062050951e-06,-0.0002477307144911895
56,1.773966765912522e-07,0.04947310876807504,0.04999921873295524,-2.3238221306706876e-06,-8.497284806872672e-05,-0.0001338651750629237,-9.63578640948981e-05,-5.680216830228346e-08,-6.703723645643605e-08,-1.5949530623226198e-06,-0.0002559152232911972
57,1.8795951186759287e-07,0.04952750284063265,0.049999228902481804,-2.3999051357007954e-06,-8.266158090334977e-05,-0.0001328347411784648,-9.338903328171e-05,-5.8794935142714166e-08,-6.597335027864741e-08,-1.6716547123507397e-06,-0.00026411275548586977
58,1.9935183228129215e-07,0.0495779190174021,0.049999238487236516,-2.4623388864308377e-06,-8.027329222560521e-05,-0.00013166855264376502,-9.043952741194516e-05,-6.154679255132578e-08,-6.480953281460996e-08,-1.7468399960509706e-06,-0.00027231166478097583
59,2.1164652608074907e-07,0.0496243628388187,0.04999924760512872,-2.511508754415078e-06,-7.780822973503797e-05,-0.00013036999128954705,-8.751699351705611e-05,-6.438142463593977e-08,-6.356216352508309e-08,-1.8203870863911132e-06,-0.0002804997508832071
60,2.249229360426661e-07,0.04966687178108719,0.04999925636378527,-2.547807345751011e-06,-7.526710743821498e-05,-0.0001289428367881337,-8.4625520685222e-05,-6.745196401425346e-08,-6.224625801695056e-08,-1.892193437039682e-06,-0.0002886642562270977
61,2.392675533841556e-07,0.04970552743495382,0.04999926486135925,-2.5718270562360685e-06,-7.265148509615185e-05,-0.00012739072876149593,-8.17620093584992e-05,-7.118017464335935e-08,-6.087820849635164e-08,-1.962174755249097e-06,-0.0002967918413600897
62,2.547743771001635e-07,0.04974045477850856,0.04999927318688076,-2.5841965212892835e-06,-6.996267115343549e-05,-0.00012571733355527895,-7.894001464592293e-05,-7.489936848514844e-08,-5.947311405416529e-08,-2.0302641380307062e-06,-0.00030486857485610865
63,2.715460584438882e-07,0.04977180661571021,0.049999281420970654,-2.5855855139275067e-06,-6.720345729326852e-05,-0.00012392673974322857,-7.61572300689295e-05,-7.917255118172761e-08,-5.804601775839409e-08,-2.096411044698139e-06,-0.00031287994567885034
64,2.8969423416929965e-07,0.049799760776084806,0.04999928963588099,-2.5768457643633755e-06,-6.43771891027573e-05,-0.00012202257413200797,-7.342476601479575e-05,-8.365110915065088e-08,-5.661115270811702e-08,-2.160580396276582e-06,-0.00032081085639875105
65,3.0934043270167904e-07,0.049824514892958915,0.04999929789581955,-2.5587281432401566e-06,-6.14880325547843e-05,-0.00012000876307370079,-7.075130997691303e-05,-8.85542519313276e-08,-5.518196129300213e-08,-2.2227519755047203e-06,-0.00032864562816351694
66,3.3061705635156663e-07,0.04984628485560089,0.049999306257560265,-2.532053179263121e-06,-5.854112627733769e-05,-0.00011788928942222591,-6.814516382291913e-05,-9.369934872438535e-08,-5.377067279768106e-08,-2.282918870723512e-06,-0.0003363680122493645
67,3.536683498548184e-07,0.04986529110618931,0.04999931477062155,-2.4976281708727594e-06,-5.55426603252003e-05,-0.00011566793167315795,-6.561793270520866e-05,-9.929277666742564e-08,-5.238785525432428e-08,-2.3410863415567884e-06,-0.0003439612112938967
68,3.7865121421232165e-07,0.04988176015789256,0.04999932347772028,-2.456231172605679e-06,-5.250006067141573e-05,-0.00011334908649540752,-6.317887891782448e-05,-1.0526535021426753e-07,-5.1042837787295135e-08,-2.3972708397833053e-06,-0.00035140789416531187
69,4.0573647507613625e-07,0.0498959193397663,0.04999933241484208,-2.4087104147337704e-06,-4.942158192829977e-05,-0.00011093660597739556,-6.0843736719107255e-05,-1.1186686066366747e-07,-4.974380604860258e-08,-2.451499367039563e-06,-0.0003586902002991112
70,4.3510963213462914e-07,0.04990798835969482,0.049999341611575765,-2.3557850087209536e-06,-4.631647301633359e-05,-0.00010843460585612357,-5.8625388192012906e-05,-1.1891317086565323e-07,-4.8498719649715685e-08,-2.503808292258086e-06,-0.0003657897551808101
71,4.6697251835503786e-07,0.049918180386220305,0.04999935109158599,-2.29817694125122e-06,-4.319519887505032e-05,-0.00010584729245680838,-5.654288179357536e-05,-1.263529867401303e-07,-4.731416431309894e-08,-2.554241740779772e-06,-0.00037268770765710324
72,5.015448341554418e-07,0.04992669312729178,0.04999936087279175,-2.236561597537549e-06,-4.00697802784987e-05,-0.00010317883001185029,-5.461633190861903e-05,-1.3389127673235635e-07,-4.619395579509444e-08,-2.6028508439305345e-06,-0.0003793648161107544
73,5.39065803407291e-07,0.04993370853826776,0.049999370967760005,-2.171587070583284e-06,-3.695447358231692e-05,-0.00010043382552679718,-5.286438317853026e-05,-1.421465469775285e-07,-4.5143931903630774e-08,-2.6496928996640886e-06,-0.0003858014945347396
74,5.797953646786041e-07,0.04993938881447907,0.04999938138385009,-2.1038764996056987e-06,-3.3863954591902125e-05,-9.76166798542975e-05,-5.1314949814695865e-05,-1.502559712207585e-07,-4.416557736615797e-08,-2.694830640855479e-06,-0.00039197788486809346
75,6.240166198159709e-07,0.04994387571855446,0.04999939212350616,-2.0340019633293683e-06,-3.081558406688388e-05,-9.473197222118309e-05,-4.9984304496319965e-05,-1.5921196450108255e-07,-4.326133550977017e-08,-2.7383309683972557e-06,-0.0003978739417731681
76,6.720369110810724e-07,0.04994729405843319,0.04999940318469237,-1.962471527189021e-06,-2.7827207033691856e-05,-9.178474812964377e-05,-4.8903813876677305e-05,-1.6785232048732723e-07,-4.242744164271846e-08,-2.7802640793120407e-06,-0.0004034695352164091
77,7.241906834722057e-07,0.049949740320302194,0.04999941456101405,-1.8898727151963976e-06,-2.491940061971331e-05,-8.877938802965738e-05,-4.809184611076489e-05,-1.790657080391611e-07,-4.166602609583074e-08,-2.8207029566767193e-06,-0.0004087444466058228
78,7.808391293240113e-07,0.049951308173787,0.04999942624235336,-1.816497187877175e-06,-2.2111207721384803e-05,-8.572139319999272e-05,-4.759182775160298e-05,-1.8829402392839256e-07,-4.097486771443414e-08,-2.8597225655663325e-06,-0.00041367848205932064
79,8.423781800558612e-07,0.049952051837045264,0.049999438214978,-1.7428722146612855e-06,-1.942648459168785e-05,-8.261584991074441e-05,-4.742110104416497e-05,-1.9914132565190812e-07,-4.0348227653903666e-08,-2.8973990982680693e-06,-0.0004182517016838701
80,9.092354776315582e-07,0.04995202506391821,0.04999945046165921,-1.6693780930415502e-06,-1.68889420628872e-05,-7.946766415189894e-05,-4.761735181091353e-05,-2.1092253632559732e-07,-3.9788044188031216e-08,-2.9338089495999453e-06,-0.0004224443607945358
81,9.81876343915197e-07,0.049951257865752066,0.04999946296250693,-1.5961662258233904e-06,-1.4522133346391874e-05,-7.628318500195776e-05,-4.8212616093223915e-05,-2.1801299965318321e-07,-3.928594794749463e-08,-2.9690289114515226e-06,-0.0004262373396485158
82,1.0608133542265881e-06,0.0499497436091922,0.04999947569460059,-1.5238481349357377e-06,-1.2355927996151114e-05,-7.306779185049049e-05,-4.9218891945201904e-05,-2.3032303886338923e-07,-3.883619249592765e-08,-3.003135317691228e-06,-0.0004296123102303748
83,1.1465951511132109e-06,0.04994749540003446,0.04999948863244414,-1.4525672889011916e-06,-1.041511582023935e-05,-6.982802794466845e-05,-5.069008329883218e-05,-2.397302978351945e-07,-3.843527818446818e-08,-3.0362043754435104e-06,-0.0004325516562817901
84,1.2398239041627683e-06,0.04994447275358621,0.04999950174852086,-1.3826647982054374e-06,-8.727434273213733e-06,-6.656974041910571e-05,-5.265020809019916e-05,-2.5073686060750333e-07,-3.8076409401369736e-08,-3.0683123847562454e-06,-0.0004350387988807526
85,1.341154349612191e-06,0.049940654748177576,0.049999515013369876,-1.3143157938949279e-06,-7.320252033770115e-06,-6.330013495833331e-05,-5.511255585588515e-05,-2.5807219117268687e-07,-3.775258862534144e-08,-3.0995350391199952e-06,-0.00043705854728277985
86,1.4513030186433087e-06,0.04993597380895268,0.0499995283957073,-1.2479634714723825e-06,-6.221651421223122e-06,-6.0025639865391794e-05,-5.812343442812562e-05,-2.699643175674282e-07,-3.745793593399504e-08,-3.129948237808152e-06,-0.00043859714227255804
87,1.5710427748521128e-06,0.04993037592334343,0.04999954186290394,-1.1836512548817037e-06,-5.4561299181414524e-06,-5.675349732805987e-05,-6.171085260575637e-05,-2.771263609702146e-07,-3.71884210781723e-08,-3.159629028179543e-06,-0.00043964242311240754
88,1.7012277570592867e-06,0.049923745536689115,0.04999955538138804,-1.121653141962292e-06,-5.049128498330551e-06,-5.349124471397221e-05,-6.587177631445229e-05,-2.8422249442883185e-07,-3.693804920109745e-08,-3.1886561790955343e-06,-0.00044018439650845984
89,1.842791544457776e-06,0.049915965262636426,0.04999956891623957,-1.0622549924592375e-06,-5.022975272918212e-06,-5.024679193217853e-05,-7.06186838215217e-05,-2.890534176458459e-07,-3.670435806521141e-08,-3.217111209305609e-06,-0.00044021550598021604
90,1.996759778649786e-06,0.04990684744141228,0.04999958243155512,-1.0056865103239051e-06,-5.396249881723959e-06,-4.702831194546339e-05,-7.596275099785998e-05,-2.9362510645114526e-07,-3.64855545980676e-08,-3.2450807330309726e-06,-0.0004397309201727372
91,2.1642592571403424e-06,0.04989615833528278,0.04999959589078564,-9.521843579042431e-07,-6.182995109399161e-06,-4.3844421462030554e-05,-8.19005144876428e-05,-2.9695317493860784e-07,-3.6282735654022236e-08,-3.27265806102549e-06,-0.0004387289029760918
92,2.3465324438832516e-06,0.049883582248245455,0.0499996092566569,-9.02048512908525e-07,-7.391402062114709e-06,-4.0703867529378446e-05,-8.843141404213384e-05,-3.0030651032575406e-07,-3.609818746177006e-08,-3.2999453508898034e-06,-0.00043721117508695894
93,2.5449516921333957e-06,0.049868718017845926,0.04999962249136497,-8.555229621601242e-07,-9.022447121565724e-06,-3.761607583084174e-05,-9.553466225042939e-05,-3.0336124723362445e-07,-3.5937735259409166e-08,-3.3270557083952744e-06,-0.0004351832741247751
94,2.761040277755617e-06,0.04985103299397881,0.04999963555661469,-8.129366943444239e-07,-1.1068405090730643e-05,-3.459036487578803e-05,-0.00010318587737856433,-3.078881718465709e-07,-3.5808351687256575e-08,-3.3541149768791036e-06,-0.00043265497245293196
95,2.9964906348390875e-06,0.04982985456150087,0.049999648413724354,-7.745844172094679e-07,-1.35111093623365e-05,-3.163672961969108e-05,-0.0001113520484068431,-3.1453978976969665e-07,-3.571993254446787e-08,-3.381263042157524e-06,-0.0004296406357532078
96,3.2531893659843174e-06,0.0498043265725557,0.049999661023760106,-7.408337780330417e-07,-1.6320604192966677e-05,-2.87651951128741e-05,-0.00012000095011899248,-3.251041107432684e-07,-3.5682263681719865e-08,-3.408654191284928e-06,-0.0004261595044263067
97,3.533237694139781e-06,0.04977340775861468,0.04999967334751109,-7.120588100636528e-07,-1.9454151711052145e-05,-2.5985898210495893e-05,-0.00012908193457406014,-3.404202857382188e-07,-3.5704537796012866e-08,-3.4364552646115446e-06,-0.00042223593310681835
98,3.838986087638529e-06,0.04973584516126518,0.0499996853457336,-6.886604345406493e-07,-2.2854909638844658e-05,-2.3309102112523342e-05,-0.0001385381619911641,-3.610845169532695e-07,-3.5793026473122624e-08,-3.4648418791736064e-06,-0.00041789954483197517
99,4.173057281138612e-06,0.049690201421075796,0.04999969697921064,-6.711065933040211e-07,-2.645186162120594e-05,-2.074480613748638e-05,-0.00014829593419563025,-3.8700906657140877e-07,-3.594784353365181e-08,-3.4939914503092035e-06,-0.0004131852291219357
100,4.538378985712746e-06,0.04963490277434487,0.04999970820902703,-6.598734483287524e-07,-3.0160017473718838e-05,-1.8302899307911013e-05,-0.00015828989853616804,-4.188407842775632e-07,-3.616110276852257e-08,-3.524073184810295e-06,-0.0004081329758810644
101,4.938208791170675e-06,0.04956833402319505,0.04999971899687517,-6.55521512253613e-07,-3.388228143883269e-05,-1.5992688950316453e-05,-0.000168456113897264,-4.570995031372149e-07,-3.6414538394865575e-08,-3.5552352252233847e-06,-0.0004027875105599461
102,5.376160503262562e-06,0.0494889851507753,0.049999729305177244,-6.586571452612828e-07,-3.7512001068575644e-05,-1.382312193097648e-05,-0.00017873183242045343,-5.052582423559215e-07,-3.6677893597170114e-08,-3.587589536402627e-06,-0.0003971978999626534
103,5.856242706185584e-06,0.049395627251497945,0.04999973909720302,-6.700554710627119e-07,-4.093401256879394e-05,-1.1802530521957938e-05,-0.00018914170505013317,-5.664927584803081e-07,-3.690775197260236e-08,-3.621196095721404e-06,-0.00039141696588501694
104,6.382856560292528e-06,0.04928756198448219,0.04999974833708406,-6.90612741895148e-07,-4.403170216330307e-05,-9.938795024279275e-06,-0.00019979833450634032,-6.461036150540167e-07,-3.7051523635401524e-08,-3.6560477785492345e-06,-0.0003855004650524076
105,6.960843538314641e-06,0.049164798033883066,0.04999975699006381,-7.213275953136007e-07,-4.669185745718707e-05,-8.239822012823625e-06,-0.0002108889602823183,-7.48743616441061e-07,-3.705022149256862e-08,-3.6920576986043066e-06,-0.0003795063895537927
106,7.595534965894987e-06,0.04902823779157318,0.049999765022490025,-7.634609983872138e-07,-4.880796828316887e-05,-6.713767937696428e-06,-0.00022270144836511463,-8.738987276046828e-07,-3.6843479398665584e-08,-3.729050591469881e-06,-0.00037349428766549205
107,8.292797995898554e-06,0.04887974220005612,0.049999772401684496,-8.184766596824784e-07,-5.028727905992026e-05,-5.369567831098371e-06,-0.0002355270553380251,-1.0112726158695295e-06,-3.6376570504128054e-08,-3.766759710072122e-06,-0.0003675245104299174
108,9.059144073178139e-06,0.048722097820470614,0.049999779096370586,-8.879775678677897e-07,-5.105706693250448e-05,-4.217135731025844e-06,-0.00024955690605565906,-1.142104338214267e-06,-3.560849456803218e-08,-3.804829752096369e-06,-0.000361657481291143
109,9.901861431221215e-06,0.04855886938454296,0.04999978507746947,-9.736446470940994e-07,-5.1070646867036346e-05,-3.267310078030702e-06,-0.00026475227787159383,-1.2434614973244607e-06,-3.451828735969333e-08,-3.842825673161062e-06,-0.00035595300617989644
110,1.0829216736385167e-05,0.04839412715707628,0.04999979031942272,-1.077050653502939e-06,-5.0312215767996456e-05,-2.531362026348478e-06,-0.00028072248096577823,-1.2918339962197933e-06,-3.310667167360412e-08,-3.8802469360029745e-06,-0.0003504695884544767
111,1.1850677184044147e-05,0.04823214049246378,0.04999979480191727,-1.1995392694594679e-06,-4.880088253913677e-05,-2.021513910490771e-06,-0.0002966946631204337,-1.2731952665490098e-06,-3.1586917607271365e-08,-3.916676659512174e-06,-0.0003452677089127252
112,1.2975397385595686e-05,0.04806712349504765,0.04999979848297386,-1.3532502970059663e-06,-4.6577844329572036e-05,-1.8736753611899254e-06,-0.00020619670976884663,-3.1483192287851125e-05,-3.237715853066618e-08,-3.952954550507738e-06,-0.00034025506621711396
113,1.4248455971200796e-05,0.04780168252206296,0.04999980175024642,-1.342636579067381e-06,-4.702198775883177e-05,-1.9069701294074096e-06,-0.0002628944057505578,-1.5122422155400272e-05,-3.322750899233882e-08,-3.990465935612946e-06,-0.0003352524661156116
114,1.559809166746623e-05,0.04746045996276803,0.049999804986894346,-1.3304924741201847e-06,-4.755050392003564e-05,-2.080271109879303e-06,-0.0002877008228097111,-2.5679581085569225e-05,-3.274182986291762e-08,-4.027572311343933e-06,-0.00033030198007227797
115,1.7095026168006853e-05,0.04714045781845818,0.04999980801246226,-1.395215796198804e-06,-4.687713533640562e-05,-2.3582137773398042e-06,-0.00033051377977244556,-4.2186638893326744e-05,-2.927403103645784e-08,-4.061274978039116e-06,-0.0003257045598196302
116,1.8781867339074983e-05,0.04704365768966559,0.04999981041730841,-1.6205366209589205e-06,-4.1558786109451064e-05,-2.8722523151015266e-06,-0.0003351264458615333,-7.958323635648412e-07,-2.593888810951254e-08,-4.090482542125995e-06,-0.0003216730353537633
117,2.0653304953029707e-05,0.04698161743689662,0.04999981196332146,-1.8619995405128481e-06,-3.6345098550633174e-05,-3.6133214306064284e-06,-0.0003424659080337733,-8.581723704992328e-07,-2.2825403780456542e-08,-4.114734347732529e-06,-0.00031823207053387236
118,2.2731173098067035e-05,0.046945695788822045,0.04999981270505304,-2.1200753630708716e-06,-3.1393256678001874e-05,-4.559541626065589e-06,-0.00034106208477169275,-7.869537625992962e-07,-1.9984856308034222e-08,-4.133694266129398e-06,-0.0003154009325797695
119,2.5041005275867494e-05,0.046931046214125666,0.04999981270853482,-2.3857827404649717e-06,-2.6908210875542035e-05,-5.6832244672773965e-06,-0.0003365537850186229,-9.4981470510902e-07,-1.7391079087966226e-08,-4.1471047199692805e-06,-0.0003131930149781121
120,2.7613063687509474e-05,0.04693761574811469,0.0499998120555675,-2.6564579637397647e-06,-2.2979363521995463e-05,-6.9574068170965195e-06,-0.00033037716639228165,-1.0148872888748883e-06,-1.5027393225959005e-08,-4.154729307319661e-06,-0.0003116196675200393
121,3.0477290004547394e-05,0.046963719131405436,0.04999981083230497,-2.928227304566955e-06,-1.9715599813658686e-05,-8.35643989517276e-06,-0.0003240914084017277,-1.038031200550904e-06,-1.2886412950475164e-08,-4.156353934992865e-06,-0.0003106882281882706
122,3.3666274924605196e-05,0.04700832474210608,0.04999980912671595,-3.198825942137918e-06,-1.719780017134774e-05,-9.856375637420219e-06,-0.0003184708475600928,-1.0316546195099363e-06,-1.0962723444137636e-08,-4.1517989344868495e-06,-0.00031040350695236475
123,3.721518058585002e-05,0.047070428793005124,0.04999980702530202,-3.4667618612413837e-06,-1.5486075914926218e-05,-1.1435579607631396e-05,-0.00031387494527734816,-9.950211961040623e-07,-9.251230671847573e-09,-4.140918781947047e-06,-0.0003107681165394634
124,4.116173361969005e-05,0.04714888970583629,0.049999804611758514,-3.7310662650757854e-06,-1.461841255320182e-05,-1.307506177099995e-05,-0.00031049034441821277,-9.355241559205751e-07,-7.736517973458502e-09,-4.123603298531385e-06,-0.00031178263858769984
125,4.554637801512163e-05,0.047242323299565445,0.049999801966221204,-3.991218986906182e-06,-1.4611095504632165e-05,-1.4758381543094761e-05,-0.0003083207702729851,-8.613452564532054e-07,-6.458478576808209e-09,-4.099778995954238e-06,-0.00031344578875923623
126,5.041249316510567e-05,0.04734909051698505,0.04999979916473872,-4.246954456187625e-06,-1.5459193286206267e-05,-1.6471487033566517e-05,-0.00030734087340533733,-7.840562830097042e-07,-5.393553092146565e-09,-4.069411899600222e-06,-0.0003157547427271525
127,5.580664208798071e-05,0.04746716874880025,0.04999979627864778,-4.498633176779784e-06,-1.713924311662664e-05,-1.8202437349570414e-05,-0.0003073007974307984,-7.040757168397249e-07,-4.535672861578379e-09,-4.032509522232202e-06,-0.000318705368730482
128,6.177864786532579e-05,0.04759446162806628,0.049999793374358066,-4.7465855394654876e-06,-1.9609325565453524e-05,-1.9941172039328504e-05,-0.0003080239985138178,-6.301050916590611e-07,-3.9032351646970796e-09,-3.989121606304569e-06,-0.00032229228343594763
129,6.838192934974773e-05,0.0477286298461346,0.04999979051344541,-4.991262983397907e-06,-2.2812935568932012e-05,-2.16792660036233e-05,-0.00030937299015931785,-5.648711862704658e-07,-3.5028189362286155e-09,-3.939339476144219e-06,-0.0003265091266067182
130,7.567382062621668e-05,0.04786736750094272,0.049999787752487285,-5.233346932974221e-06,-2.668288948903709e-05,-2.340953671502704e-05,-0.00031117707840166986,-5.063797061666264e-07,-3.318629088469131e-09,-3.883294652543211e-06,-0.00033134881817843144
131,8.371567133435662e-05,0.048008428801142,0.04999978514284568,-5.4737406228003995e-06,-3.1143658619198204e-05,-2.5125902265940154e-05,-0.0003132651618216187,-4.567008033973252e-07,-3.3471596188454252e-09,-3.8211575581982366e-06,-0.00033680363205504165
132,9.25731079486207e-05,0.0481497083270345,0.04999978273067089,-5.713282287977337e-06,-3.611320581867115e-05,-2.6823163571305064e-05,-0.0003155447484459728,-4.1523389882058837e-07,-3.582592933917295e-09,-3.753134484310531e-06,-0.0003428652745229427
133,0.00010231642037348301,0.04828931367834236,0.04999978055702294,-5.952902095608926e-06,-4.150740539796151e-05,-2.849686523009718e-05,-0.00031793885864317417,-3.806658241956029e-07,-3.987029095249789e-09,-3.6794641903792687e-06,-0.00034952503302771365
134,0.00011302071045229825,0.04842564713677497,0.049999778657832075,-6.193701236102046e-06,-4.724244140499938e-05,-3.0143532660857465e-05,-0.00032034527976065874,-3.5156915600964567e-07,-4.6207366561672585e-09,-3.600412942061757e-06,-0.0003567737606785829
135,0.00012476620074298704,0.04855741142309231,0.049999777064128885,-6.436395214816516e-06,-5.323365340457892e-05,-3.175988932489382e-05,-0.0003228720452170819,-3.2788634030112007e-07,-5.414329112122728e-09,-3.5162713296547736e-06,-0.0003646020668484316
136,0.00013763871015098412,0.04868346154059219,0.04999977580184647,-6.682499940316319e-06,-5.9406398826596186e-05,-3.334353317824929e-05,-0.0003253080358263105,-3.055467630019848e-07,-6.397715885500106e-09,-3.4273510714788926e-06,-0.0003730003301185555
137,0.00015172935172878913,0.048803124171335636,0.04999977489194282,-6.932837912198221e-06,-6.568313815394327e-05,-3.4892237166019744e-05,-0.0003277814539615065,-2.8827091114180803e-07,-7.530460624781964e-09,-3.3339818810990156e-06,-0.00038195860785985507
138,0.0001671353380070122,0.048915734026920676,0.04999977435064294,-7.188783016700304e-06,-7.19973012663786e-05,-3.6404388160532985e-05,-0.000330190930981189,-2.7181692985323025e-07,-8.813002259069295e-09,-3.236507655388341e-06,-0.0003914667274182353
139,0.00018395996608188542,0.049021071801050246,0.04999977418952275,-7.451359382424428e-06,-7.828498800480207e-05,-3.7878788724937953e-05,-0.00033258600160479546,-2.580125908480113e-07,-1.022774179039164e-08,-3.1352824318760233e-06,-0.00040151420824862945
140,0.00020231281190822632,0.04911895840241062,0.04999977441583444,-7.721775566514649e-06,-8.448990046593647e-05,-3.931433753232477e-05,-0.0003349429171066731,-2.4500261019966274e-07,-1.172030750007633e-08,-3.0306690485126633e-06,-0.00041209030194596253
141,0.0002223100893828756,0.04920946430831018,0.0499997750325924,-8.001330108907356e-06,-9.056221941401093e-05,-4.0710639933574835e-05,-0.00033719546627253294,-2.33778138181151e-07,-1.3371560716343391e-08,-2.9230350012492204e-06,-0.00042318381303026967
142,0.00024407509296459008,0.04929277757887979,0.04999977603922487,-8.29057664988949e-06,-9.645260927017883e-05,-4.2067379798816483e-05,-0.0003395708336029202,-2.2258393528318265e-07,-1.5132328253848205e-08,-2.8127513078934733e-06,-0.0004347833004208656
143,0.000267738748306457,0.049369065950240786,0.04999977743147061,-8.591183538436636e-06,-0.00010213094172437765,-4.338472569615161e-05,-0.00034187198616564274,-2.111431314233414e-07,-1.6988399196073183e-08,-2.7001910938299836e-06,-0.0004468772127044312
144,0.00029343871447157113,0.04943872409717668,0.049999779201428306,-8.904207764874852e-06,-0.00010756388013520265,-4.4663038812041914e-05,-0.0003441489825490862,-2.0190377369999624e-07,-1.892895302932301e-08,-2.585728332232988e-06,-0.0004594535958455659
145,0.0003213201759393685,0.04950203644723197,0.049999781338287974,-9.230691622590263e-06,-0.00011272334883711039,-4.5902733998102826e-05,-0.0003464130568318069,-1.929600301764367e-07,-2.0948090870972135e-08,-2.4697368300238527e-06,-0.00047250013071354133
146,0.0003515367403144672,0.049559418274328165,0.04999978382861386,-9.571672712675682e-06,-0.00011758796603709884,-4.710454555767173e-05,-0.00034866732312366366,-1.8432659487643832e-07,-2.3040391364715137e-08,-2.3525878730938856e-06,-0.00048600418110289375
147,0.00038425015179146193,0.0496112793887096,0.04999978665669564,-9.92813812894041e-06,-0.00012214086574492323,-4.826935048156024e-05,-0.00035091949393972754,-1.7616251568597363e-07,-2.5201308867051874e-08,-2.234650077333208e-06,-0.0004999528078390747
148,0.00041963055412573975,0.04965802900802095,0.04999978980480723,-1.0301127348524768e-05,-0.000126369882395229,-4.939821773207838e-05,-0.00035316645517013967,-1.684089738773764e-07,-2.7426784637268297e-08,-2.116289002945602e-06,-0.0005143327820821967
149,0.00045785698267395976,0.04970006159634737,0.049999793253544936,-1.0691547046816066e-05,-0.00013026640850437687,-5.049248809411545e-05,-0.00035541088436730206,-1.6096184651814838e-07,-2.9713826514591555e-08,-1.997866551960577e-06,-0.0005291305900790671
150,0.0004991170366077833,0.04973776018783866,0.04999979698216764,-1.1100332865664156e-05,-0.00013382533177668592,-5.155337475574496e-05,-0.00035765531356446445,-1.5401091957301105e-07,-3.2059434362054415e-08,-1.879740852575951e-06,-0.0005443324579674873
151,0.0005436082017091556,0.04977148984220902,0.04999980096889393,-1.1528326883600814e-05,-0.00013704490091887104,-5.2582284124386615e-05,-0.0003599047486204654,-1.4737635467554355e-07,-3.4461563362057885e-08,-1.762266267752794e-06,-0.0005599243741774896
152,0.0005915372330889126,0.04980159575278289,0.04999980519123243,-1.197634751637824e-05,-0.0001399259234939307,-5.3580644241690525e-05,-0.00036215357249602675,-1.4113284407812898e-07,-3.691856974133102e-08,-1.6457928666872355e-06,-0.0005758921040036917
153,0.0006431205896713127,0.04982840158617291,0.049999809626200764,-1.2445201871698562e-05,-0.00014247150726236297,-5.454999734800953e-05,-0.0003644075186457485,-1.3510810958905495e-07,-3.942886068915742e-08,-1.5306667294499093e-06,-0.000592221215942713
154,0.0006985849489983262,0.04985220534878064,0.049999814250595576,-1.2935604315924324e-05,-0.00014468700618951047,-5.549197319533455e-05,-0.0003666701086331159,-1.2962645712377707e-07,-4.1991959729367206e-08,-1.417229916292786e-06,-0.0006088971131750316
155,0.0007581671417257385,0.04987328797712462,0.0499998190412553,-1.3448239148749405e-05,-0.00014657957171775434,-5.6408093948231145e-05,-0.0003689361910801381,-1.2427170759110595e-07,-4.4606785564451094e-08,-1.3058204776698878e-06,-0.0006259050587448617
156,0.0008221147803603044,0.049891903937506366,0.049999823975258206,-1.3983741216862503e-05,-0.00014815777103465927,-5.729993521626072e-05,-0.00037120937486179173,-1.192892540302637e-07,-4.7272928803899653e-08,-1.1967729751489455e-06,-0.0006432301989557447
157,0.0008906864447894837,0.04990829066733124,0.04999982903014208,-1.4542658645843468e-05,-0.00014943135882393004,-5.8169217856991377e-05,-0.00037348424666561186,-1.1448093317767416e-07,-4.999077584195231e-08,-1.090418373950748e-06,-0.0006608575855714964
158,0.0009641508124495033,0.04992266761809591,0.04999983418402046,-1.5125580112238466e-05,-0.00015041097475615393,-5.901735714661518e-05,-0.00037577637704089284,-1.1016402368113631e-07,-5.2759668196553814e-08,-9.870843140072416e-07,-0.0006787722090310559
159,0.0010427892266469685,0.04993523071914763,0.04999983941572949,-1.57329560560658e-05,-0.0001511083981075058,-5.9846099066671285e-05,-0.00037806612090207636,-1.0581527476460906e-07,-5.558062049906205e-08,-8.870953034320993e-07,-0.0006969590232213565
160,0.0011268930043305972,0.04994616474720626,0.04999984470496955,-1.6365246839399262e-05,-0.00015153561144616074,-6.065688689316378e-05,-0.00038037204649299383,-1.0192216137738797e-07,-5.845342805797795e-08,-7.907730254539085e-07,-0.000715402972060784
161,0.001216766385536547,0.04995563511772894,0.0499998500323842,-1.7022825583381387e-05,-0.00015170546851448263,-6.145128412002452e-05,-0.0003826791071332991,-9.815013157776775e-08,-6.137892572839028e-08,-6.984368303757544e-07,-0.0007340890142609963
162,0.0013127249098621142,0.04996379528368533,0.0499998553796813,-1.770599405796538e-05,-0.00015163067634504308,-6.223090479193698e-05,-0.00038500010850839317,-9.453179217189245e-08,-6.435783827030901e-08,-6.104037800807621e-07,-0.0007530021508499154
163,0.0014150953653033207,0.04997078332224692,0.04999986072962593,-1.8415116640876268e-05,-0.00015132465588765163,-6.29971144999766e-05,-0.000387331354431808,-9.120527266759382e-08,-6.739077450073565e-08,-5.269890793782416e-07,-0.0007721274558695554
164,0.0015242178540007321,0.04997672764487223,0.04999986606608148,-1.915041123454015e-05,-0.00015080056370000918,-6.375156823833637e-05,-0.00038966393913142383,-8.786860661302853e-08,-7.048248171347562e-08,-4.4850635914399e-07,-0.0007914500825232752
165,0.0016404430744478863,0.04998174374234912,0.049999871374056974,-1.99120793635075e-05,-0.00015007131442281563,-6.449558326349676e-05,-0.0003920209128409624,-8.485076818942616e-08,-7.362925764357399e-08,-3.7526812989619954e-07,-0.0008109553176402674
166,0.0017641354701555712,0.04998593625882883,0.049999876639677435,-2.070036125428516e-05,-0.0001491509437092836,-6.523048826452396e-05,-0.0003943731135223061,-8.1876031288175e-08,-7.683309082698963e-08,-3.075861470539956e-07,-0.0008306285929292638
167,0.0018956710723375472,0.0499894025924881,0.04999988185021675,-2.1515345321503542e-05,-0.00014805170234436852,-6.595786651726059e-05,-0.0003967340162489563,-7.912647248531357e-08,-8.00938449091739e-08,-2.4577165793862515e-07,-0.0008504554646553113
168,0.0020354366464451538,0.04999222949767611,0.049999886994083184,-2.235713869058937e-05,-0.00014678601130105706,-6.667901967335824e-05,-0.0003990992554463446,-7.64798855357185e-08,-8.34178803935288e-08,-1.901358981497011e-07,-0.0008704216478790062
169,0.002183833201832083,0.04999449753045292,0.04999989206079439,-2.322571520178333e-05,-0.00014536608092576407,-6.739537750716324e-05,-0.00040148841799236834,-7.375960819899774e-08,-8.680050841773997e-08,-1.409904673831185e-07,-0.0008905130944556332
170,0.0023412719523368034,0.04999627820160967,0.04999989704088454,-2.4121318926048217e-05,-0.00014380549866917325,-6.810819469701257e-05,-0.00040386366890743375,-7.13637717808524e-08,-9.02439283255855e-08,-9.864778674657001e-08,-0.0009107159748480821
171,0.002508176489223756,0.04999763811149653,0.04999990192589388,-2.5043843470847292e-05,-0.00014211465633215268,-6.88186322975383e-05,-0.00040623583481647074,-6.911255923114368e-08,-9.375046566114865e-08,-6.342163018509818e-08,-0.0009310166128207553
172,0.0026849826549233333,0.049998635764448185,0.04999990670840157,-2.599319351579508e-05,-0.00014030416249003852,-6.952819217294897e-05,-0.0004086167609784752,-6.674395791606003e-08,-9.732402124082308e-08,-3.562752480900611e-08,-0.0009514015455632297
173,0.0028721359102106183,0.049999324777062676,0.04999991138192413,-2.696930792400085e-05,-0.00013838499647776342,-7.02380494338955e-05,-0.0004109993751626462,-6.444803091198992e-08,-1.0096600370331024e-07,-1.5583263386265635e-08,-0.0009718575866265964
174,0.003070095360039876,0.049999752817293214,0.04999991594085018,-2.797211850619446e-05,-0.00013636831797742105,-7.094957837712278e-05,-0.0004133809416089207,-6.226797921726757e-08,-1.0467921770504387e-07,-3.609509965908869e-09,-0.0009923718305888715
175,0.0032793276465760603,0.049999962507074974,0.04999992038036889,-2.900157252167288e-05,-0.00013426400279648696,-7.166393136677589e-05,-0.00041575750219635665,-6.00458491817335e-08,-1.084616186054474e-07,-3.033887173693956e-11,-0.0010129316696728748
176,0.0035003114156627172,0.04999999195609028,0.04999992469640374,-3.0057677152663637e-05,-0.00013208245055834066,-7.238229468346301e-05,-0.00041810344555415213,-5.819844162147092e-08,-1.1232556716911173e-07,-5.17380583022127e-09,-0.001033524710667891
177,0.0037335359833154235,0.04999987488314478,0.04999992888565872,-3.113986891092755e-05,-0.00012983021900179965,-7.31061534859899e-05,-0.0004204869328532368,-5.577564365921717e-08,-1.1627078532215555e-07,-1.9372549622372654e-08,-0.0010541388868341617
178,0.003979499283770459,0.049999641706495714,0.049999932945484195,-3.224831313244667e-05,-0.00012751958373010642,-7.383655015936173e-05,-0.00042285272502340376,-5.362821298149356e-08,-1.2029081558416937e-07,-4.29644052783852e-08,-0.0010747626599396933
179,0.004238706853715182,0.049999318899377976,0.04999993687371547,-3.3383279398828335e-05,-0.00012516087607397132,-7.457487325542443e-05,-0.0004251484351698309,-5.20441112428216e-08,-1.2439703065644908e-07,-7.629307339629192e-08,-0.0010953846846204118
180,0.0045116674347211805,0.04999892970559361,0.04999994066879952,-3.454403277951819e-05,-0.00012275680303430308,-7.532215687743815e-05,-0.00042746702092699707,-5.003220238108952e-08,-1.2858730880882783e-07,-1.197087239207324e-07,-0.001115993801820474
181,0.0047989036444463905,0.04999849601074747,0.049999944329753986,-3.573059439151863e-05,-0.00012031680677980104,-7.607950525039717e-05,-0.0004297465493436903,-4.813997023234151e-08,-1.3286970855584973e-07,-1.73568810718752e-07,-0.0011365792577303737
182,0.005100944113597608,0.049998032925631056,0.049999947856054223,-3.694270688014547e-05,-0.00011784790076440634,-7.684845264776667e-05,-0.00043199918582104146,-4.620007132416504e-08,-1.3724900370112988e-07,-2.3823893479866574e-07,-0.0011571306168034424
183,0.0054183187274534465,0.049997557176725355,0.04999995124761115,-3.818005855901789e-05,-0.00011535653226542858,-7.762999341206444e-05,-0.0004342501924838871,-4.407775477943687e-08,-1.4172136032617691e-07,-3.1409340375629056e-07,-0.0011776379290879414
184,0.005751564461353841,0.049997082002344484,0.04999995450464589,-3.9443097444617366e-05,-0.00011285254462658736,-7.842551410915585e-05,-0.00043640105286613107,-4.2608558459278356e-08,-1.4629774418915448e-07,-4.015162511950889e-07,-0.001198091528030375
185,0.006101213611359767,0.04999661634943745,0.04999995762774288,-4.07310250581478e-05,-0.00011033681240775028,-7.923614362345564e-05,-0.00043854114483110607,-4.076114379358842e-08,-1.509786026980854e-07,-5.009019554945787e-07,-0.0012184819129528125
186,0.006467808227205184,0.0499961724602038,0.04999996061785569,-4.20437432476644e-05,-0.0001078159917749643,-8.006301145808452e-05,-0.00044063362292945385,-3.881352128587423e-08,-1.5577125104863143e-07,-6.126564367256743e-07,-0.0012388000447771347
187,0.006851892475208597,0.04999575410091664,0.04999996347618497,-4.338118745620175e-05,-0.00010529666548962901,-8.090759008853244e-05,-0.0004426657687872648,-3.711313567578145e-08,-1.6067940280625655e-07,-7.371982814629923e-07,-0.0012590372635774673
188,0.007254001167660541,0.049995368885354934,0.04999996620416866,-4.474313011499434e-05,-0.00010278291496807335,-8.177104613373145e-05,-0.00044463551603257656,-3.539598125712473e-08,-1.6570765761825868e-07,-8.749593193290165e-07,-0.001279185220448031
189,0.00767467278352503,0.04999502146035351,0.04999996880347542,-4.612934206963919e-05,-0.0001002791479533593,-8.265477445030457e-05,-0.0004465397505555302,-3.3641143204476975e-08,-1.7086157750205171e-07,-1.026385920458896e-06,-0.0012992359281884297
190,0.00811443732263918,0.04999471548606096,0.04999997127595812,-4.753975153764365e-05,-9.77898637376705e-05,-8.355999628224712e-05,-0.00044837043969891965,-3.193767028619732e-08,-1.7614616258388244e-07,-1.1919401014706205e-06,-0.0013191817587271718
191,0.008573821701144584,0.049994453244665955,0.0499999736236305,-4.8974194518709444e-05,-9.531877430018099e-05,-8.448784123487301e-05,-0.00045011198380962014,-3.0360826741571145e-08,-1.8156722939794255e-07,-1.3721004966649917e-06,-0.0013390154038941985
192,0.009053343862341207,0.04999423630968755,0.049999975848668936,-5.043257579957695e-05,-9.28690215202443e-05,-8.543995198263626e-05,-0.00045175032573752105,-2.883984961954411e-08,-1.871321241029794e-07,-1.5673640517126069e-06,-0.0013587297648362594
193,0.00955351148996118,0.04999406441990685,0.04999997795342533,-5.191416744221594e-05,-9.044172841011654e-05,-8.641748709222792e-05,-0.0004533368337433785,-2.711559332624347e-08,-1.9284454569445457e-07,-1.7782470319852522e-06,-0.0013783181313745264
194,0.010074828135815018,0.04999394025404345,0.049999979940361594,-5.341938553191371e-05,-8.80430378512331e-05,-8.742205535336769e-05,-0.00045477630919776857,-2.557558786975278e-08,-1.9871504404974655e-07,-2.005286735495229e-06,-0.0013977742197919562
195,0.010617772836030192,0.049993859374752064,0.0499999818120186,-5.494787295480451e-05,-8.567417643849403e-05,-8.845493743005921e-05,-0.0004561259993351996,-2.4167844614453315e-08,-2.047461433586626e-07,-2.2490427247722996e-06,-0.001417091994141052
196,0.011182815038781699,0.04999382572956937,0.04999998357104142,-5.6499554071729065e-05,-8.333757976154347e-05,-8.951743678251424e-05,-0.0004573458863887936,-2.2717383529879953e-08,-2.10947290685709e-07,-2.510097780229991e-06,-0.0014362657036864363
197,0.011770407291510616,0.0499938351892908,0.04999998522016891,-5.807419078263705e-05,-8.103475609378151e-05,-9.061122917290243e-05,-0.0004584353882819414,-2.1357415391776158e-08,-2.173263042725634e-07,-2.789060633932751e-06,-0.0014552898449978202
198,0.012380976401915647,0.04999388696714129,0.049999986762228305,-5.967158651605973e-05,-7.87672268140075e-05,-9.173771045641879e-05,-0.00045938719995319843,-2.0039198744825626e-08,-2.2389150475509298e-07,-3.0865674457285506e-06,-0.001474159179874979
199,0.013014934476235472,0.049993978290167856,0.04999998820012418,-6.129153446523535e-05,-7.653651244794797e-05,-9.289851521387761e-05,-0.000460190320154652,-1.8761282305490568e-08,-2.306516755639677e-07,-3.4032836901948896e-06,-0.0014928687304957635
200,0.01367266307965647,0.04999410690578904,0.04999998953682793,-6.29338746122441e-05,-7.434378848704889e-05,-9.409514107249678e-05,-0.0004608425952028483,-1.7559477427653292e-08,-2.3761562397485446e-07,-3.739906224376012e-06,-0.0015114137580875438
201,0.014354519945720973,0.049994270093354026,0.04999999077536618,-6.459844024332935e-05,-7.21899812009838e-05,-9.532909065090578e-05,-0.00046132816351018846,-1.6445856232394362e-08,-2.447925183295015e-07,-4.097165182630303e-06,-0.0015297897460405602
202,0.015060834536316993,0.04999446503533577,0.04999999191882044,-6.62850458794454e-05,-7.007579354427285e-05,-9.660222723621463e-05,-0.0004616344813257456,-1.540948701972411e-08,-2.5219325113026284e-07,-4.475826647047044e-06,-0.0015479923835812505
203,0.015791898840886,0.049994688813362616,0.04999999297032421,-6.799347438914771e-05,-6.800173722775106e-05,-9.791612944897316e-05,-0.00046176399337127805,-1.4470299625202188e-08,-2.5982776371673154e-07,-4.876695087321179e-06,-0.0015660175533374386
204,0.01654797719468063,0.04999493842182817,0.049999993933060094,-6.972351304152533e-05,-6.5968176048716e-05,-9.927266480048768e-05,-0.000461694085970521,-1.358538437301604e-08,-2.677078205649483e-07,-5.300616090031497e-06,-0.0015838613107687226
205,0.017329290626986335,0.049995210510651304,0.04999999481025458,-7.147494567986305e-05,-6.397518579914416e-05,-0.00010067355032508379,-0.0004614235367625952,-1.2783887726186549e-08,-2.7584544864098946e-07,-5.748479252354083e-06,-0.0016015198612735603
206,0.01813602452885507,0.04999550161210323,0.04999999560517368,-7.324757454161591e-05,-6.20227028226851e-05,-0.00010212059864763395,-0.00046093249693512917,-1.2167450158528936e-08,-2.8425012893068593e-07,-6.221220809218397e-06,-0.0016189895191788307
207,0.018968325187601484,0.04999580846006623,0.04999999632112473,-7.504098089452178e-05,-6.011017196749345e-05,-0.00010361581755644484,-0.0004602370026987046,-1.1552753420573936e-08,-2.929379749156923e-07,-6.71982738342746e-06,-0.0016362667627157668
208,0.01982628979516347,0.04999612808456052,0.04999999696144579,-7.685520490590894e-05,-5.823827964701968e-05,-0.00010516113913183982,-0.0004592925834003836,-1.1186669368612456e-08,-3.019225969026937e-07,-7.245339840109169e-06,-0.001653348179165408
209,0.020709969469509912,0.04999645599396767,0.04999999752950756,-7.868975300506208e-05,-5.6405650909195344e-05,-0.00010675868474202585,-0.0004581099492497742,-1.0871042732674141e-08,-3.112169486618654e-07,-7.798856786734942e-06,-0.0016702303644602478
210,0.021619364300167955,0.049996789763218356,0.04999999802871477,-8.054432894912076e-05,-5.461162413469443e-05,-0.00010841045437176667,-0.00045668179518543184,-1.066279953221283e-08,-3.208379842615958e-07,-8.381538787712463e-06,-0.0016869099993956844
211,0.022554430543437698,0.04999712492208959,0.04999999846249627,-8.241869611147065e-05,-5.2855883487953506e-05,-0.00011011858383060652,-0.00045498344115912914,-1.0693923080395962e-08,-3.3079990409757115e-07,-8.994612949246278e-06,-0.0017033838076388184
212,0.023515067383662748,0.049997457958418194,0.04999999883430468,-8.431241567461676e-05,-5.113728044950968e-05,-0.00011188543768354258,-0.0004530291189439595,-1.079513367585605e-08,-3.4112172838293655e-07,-9.639377816808804e-06,-0.001719648538138558
213,0.02450111498161189,0.04999778558891636,0.04999999914761176,-8.622526185816167e-05,-4.945530253809383e-05,-0.0001137139888361643,-0.00045078006223775446,-1.1144266842677553e-08,-3.51786756384813e-07,-1.0317209596678673e-05,-0.0017357009516570942
214,0.025512370548058133,0.049998125693584514,0.04999999940591397,-8.815653722556369e-05,-4.7808565003021433e-05,-0.00011560724074543884,-0.000448265258455649,-1.1597512283856304e-08,-3.6277009147851445e-07,-1.1029567345936565e-05,-0.0017515378694497909
215,0.0265485693714411,0.04999849440513644,0.04999999961273485,-9.010609866588135e-05,-4.619711194398325e-05,-0.00011756737241972824,-0.000445445446530357,-1.2298544405098255e-08,-3.740853449259397e-07,-1.1778000614294265e-05,-0.001767156173621901
216,0.027609362289192016,0.04999886881316183,0.04999999977157886,-9.207362482097309e-05,-4.461950371133731e-05,-0.00011959667883837177,-0.00044231541687622666,-1.321732145953547e-08,-3.857478030997405e-07,-1.2564155058848552e-05,-0.001782552645288953
217,0.028694344033504612,0.04999922590105505,0.04999999988593155,-9.40587181481301e-05,-4.3074436108739095e-05,-0.00012169790439723585,-0.0004388668166939169,-1.430733398422035e-08,-3.977810467430598e-07,-1.338978242113786e-05,-0.0017977239833532428
218,0.029803039918119403,0.049999541046739884,0.049999999959268716,-9.606094533062678e-05,-4.156073233518141e-05,-0.00012387374159571389,-0.0004350974631961435,-1.5625868599045134e-08,-4.1020457573468015e-07,-1.4256750412291185e-05,-0.0018126668200404577
219,0.030934926403625326,0.04999979024792947,0.04999999999506122,-9.807971618673506e-05,-4.0077423114188654e-05,-0.0001261270410123249,-0.00043102112249471247,-1.7203458213543854e-08,-4.230570218934679e-07,-1.5167051195779896e-05,-0.001827377813148132
220,0.03208940032037231,0.04999995041954983,0.04999999999677624,-0.00010011514910197872,-3.8624429693655835e-05,-0.0001284606853446875,-0.0004265685274731368,-1.9340740564643966e-08,-4.363630797556754e-07,-1.6122812669186217e-05,-0.0018418534369713164
221,0.033265798943905855,0.04999999929203949,0.04999999996787703,-0.00010216593931043242,-3.719864606736852e-05,-0.0001308776748798287,-0.00042179995216429234,-2.1538744121585296e-08,-4.5014878182877734e-07,-1.7126307923224887e-05,-0.001856089917344244
222,0.0344633999258599,0.0499999163680111,0.04999999991181574,-0.00010423170027515938,-3.5799438524326424e-05,-0.0001333813686639894,-0.0004166920843999833,-2.399984033729652e-08,-4.644534813398835e-07,-1.817996934651579e-05,-0.0018700834759344453
223,0.035681420163372335,0.049999683013260604,0.04999999983202793,-0.00010631182630295306,-3.442642924538306e-05,-0.00013597512267009035,-0.00041123872506432235,-2.708241986226767e-08,-4.793098604850588e-07,-1.9286403231617396e-05,-0.0018838302558527701
224,0.03691900304224188,0.04999928227983586,0.04999999973192507,-0.00010840563325228839,-3.307843074615593e-05,-0.0001386628251299248,-0.00040544368675909936,-3.0454966548632e-08,-4.947562844208162e-07,-2.0448402742564655e-05,-0.0018973262604996028
225,0.03817522364016158,0.049998696151131936,0.049999999614885986,-0.00011051240135426925,-3.175450658234049e-05,-0.00014144930296334076,-0.00039930987986736,-3.423162198146201e-08,-5.10742399871923e-07,-2.1668974774635274e-05,-0.0019105674512866749
226,0.03944912210870554,0.04999786326077645,0.04999999948422419,-0.00011263137488284945,-3.045410287095751e-05,-0.00014433804944957645,-0.0003928276419173926,-3.8529613277660246e-08,-5.273078481676167e-07,-2.2951348869390134e-05,-0.0019235497029337475
227,0.040739634840262426,0.04999673791365658,0.04999999934317598,-0.0001147619805267178,-2.917630384855591e-05,-0.00014733292525766228,-0.00038600299740210176,-4.3236770608245934e-08,-5.444831310832393e-07,-2.429900093563929e-05,-0.0019362687905809684
228,0.04204563453165936,0.049995279451735354,0.04999999919491802,-0.00011690357365009923,-2.792045520132332e-05,-0.00015043789026464576,-0.0003788441827055067,-4.844939738291032e-08,-5.622997300299679e-07,-2.5715671927930525e-05,-0.0019487203263239426
229,0.04336595398115209,0.04999345114772682,0.04999999904255792,-0.00011905491395945662,-2.668556927605444e-05,-0.00015365686388799042,-0.00037139863707125187,-5.382659651331778e-08,-5.80828898656319e-07,-2.7205394427478357e-05,-0.001960900019304966
230,0.04469935244389201,0.04999121902506409,0.04999999888913747,-0.0001212167631100913,-2.547328889194098e-05,-0.00015699404048015542,-0.0003635570756159723,-6.087051218628403e-08,-6.001130431610977e-07,-2.8772522037984863e-05,-0.0019728033738913913
231,0.04604454119019585,0.04998856279040537,0.04999999873760683,-0.0001233866530601158,-2.4280182408157028e-05,-0.0001604540168647977,-0.00035544807906262577,-6.777693073445334e-08,-6.202029907874891e-07,-3.0421757875427978e-05,-0.0019844255395704198
232,0.0474001749631192,0.04998545371961864,0.049999998590804305,-0.00012556431746988813,-2.3106685623447118e-05,-0.00016404174340732864,-0.0003470300871413201,-7.534575985346237e-08,-6.411670557065626e-07,-3.215819352938495e-05,-0.001995761764062781
233,0.04876488246577306,0.04998188937422186,0.04999999845145742,-0.00012774870180894536,-2.1953279956644934e-05,-0.00016776201225668458,-0.0003383570583537221,-8.366853165853172e-08,-6.630652707240087e-07,-3.3987348203096515e-05,-0.0020068073319252327
234,0.050137239179412596,0.04997785832703719,0.04999999832215833,-0.00012993907132305565,-2.0820175998354624e-05,-0.00017162010513968297,-0.00032942797406576574,-9.271644074715368e-08,-6.859704111969269e-07,-3.5915206633766884e-05,-0.0020175575675143633
235,0.05151577428115989,0.049973364492492345,0.049999998205347465,-0.00013213457766188467,-1.9707770347528893e-05,-0.0001756208065332344,-0.00032027094857767224,-1.0265182481816737e-07,-7.099525576187882e-07,-3.794826731429295e-05,-0.002028007800039822
236,0.052898993945206,0.04996841740948649,0.049999998103288396,-0.0001343342404754735,-1.861609913468077e-05,-0.00017976964593127264,-0.0003109051031060517,-1.1340166850004607e-07,-7.350901628705697e-07,-4.009359289772202e-05,-0.0020381533381073577
237,0.05428535465805745,0.049963037407903206,0.049999998018044195,-0.00013653708731959334,-1.7545437466278116e-05,-0.00018407238436029277,-0.00030136771965771914,-1.2493821088810364e-07,-7.614642883054581e-07,-4.23588736290448e-05,-0.002047989524990074
238,0.05567328886631454,0.04995725205804282,0.04999999795145375,-0.00013874209765942506,-1.649628802915681e-05,-0.0001885346904221942,-0.0002916919474955648,-1.372887794559574e-07,-7.891596578317713e-07,-4.475249275957575e-05,-0.0020575117854497262
239,0.057061214313739755,0.0499511004823234,0.049999997905103795,-0.00014094823478191633,-1.5469301796145322e-05,-0.00019316263354140188,-0.0002819190267473459,-1.503992592688519e-07,-8.182660822086486e-07,-4.728360096779257e-05,-0.002066715663465496
240,0.058447522551390886,0.0499446306336972,0.04999999788030225,-0.00014315450956697522,-1.4465291719524511e-05,-0.00019796175911623222,-0.00027208516257815063,-1.6442656658455235e-07,-8.488735349962133e-07,-4.996219687103456e-05,-0.002075596848703859
241,0.059830614429139166,0.0499378999062359,0.04999999787804669,-0.00014535982816277706,-1.3485106733067892e-05,-0.0002029381073322876,-0.0002622493775561452,-1.78982034526598e-07,-8.810808649373717e-07,-5.279921778236023e-05,-0.002084151224791619
242,0.06120886988972846,0.04993097397677457,0.04999999789899254,-0.0001475632969900881,-1.2529866333292901e-05,-0.00020809811065998225,-0.00025244514108635485,-1.9468939171929378e-07,-9.149859395060942e-07,-5.5806650619885584e-05,-0.0020923748573265055
243,0.06258066349990558,0.04992392973483246,0.049999997943416905,-0.00014976347534213246,-1.1600334853506044e-05,-0.0002134476949178438,-0.00024275120813399553,-2.104432468286177e-07,-9.506941004849748e-07,-5.899764931432698e-05,-0.002100264084575808
244,0.0639443957158116,0.049916848068169706,0.04999999801118266,-0.00015195955956903934,-1.069811948167255e-05,-0.00021899316695463508,-0.00023320017498917878,-2.2713105352067942e-07,-9.883176057732498e-07,-6.238666952809773e-05,-0.002107815577491683
245,0.06529845843063467,0.04990982594294454,0.04999999810170054,-0.00015415030435405694,-9.824296511676448e-06,-0.00022474010398546184,-0.00022386234195437282,-2.443796063289483e-07,-1.0279631322257737e-06,-6.598961824492293e-05,-0.0021150262456679303
246,0.06664128270308328,0.049902959845785244,0.04999999821388229,-0.00015633436598980676,-8.979919503374452e-06,-0.00023069449216596828,-0.00021480162104126066,-2.617499035295623e-07,-1.069745468944855e-06,-6.982402289721081e-05,-0.0021218932982727985
247,0.06797131273676138,0.04989635641649776,0.049999998346099715,-0.00015851043256930476,-8.166289290651363e-06,-0.00023686239195241365,-0.0002060798287857324,-2.7932409807363e-07,-1.113776006373283e-06,-7.390923460920407e-05,-0.002128414268129083
248,0.0692870257667768,0.04989012554393729,0.04999999849614142,-0.00016067669326037278,-7.3845665236580245e-06,-0.00024324846664251247,-0.00019778679416049272,-2.9564753845079395e-07,-1.160189989996776e-06,-7.826664541431505e-05,-0.0021345872239774957
249,0.0705869387461226,0.04988437466790552,0.04999999866117845,-0.00016283320397277729,-6.63689315845056e-06,-0.0002498586121228783,-0.0001899084891192615,-3.1466205996366625e-07,-1.2091019789249248e-06,-8.291994889064211e-05,-0.002140410362881748
250,0.07186957112640581,0.04987923548100417,0.04999999883770116,-0.00016497621172419045,-5.922705163928987e-06,-0.0002566969754231564,-0.00018260029901284724,-3.3121887099696323e-07,-1.2606209605726456e-06,-8.789542424977778e-05,-0.0021458819492220084
251,0.0731335366625381,0.049874794930319696,0.04999999902148358,-0.00016710487824947746,-5.243761657550094e-06,-0.00026376777811785957,-0.00017586413014214486,-3.473018352906365e-07,-1.3148801300110837e-06,-9.322226930268774e-05,-0.0021510006753861994
252,0.07437748896243924,0.04987119762532451,0.04999999920755862,-0.00016921665448427892,-4.601072180121349e-06,-0.00027107455245510196,-0.00016979013162199408,-3.612093166793784e-07,-1.371986221993205e-06,-9.893299149149249e-05,-0.0021557654022394974
253,0.07560012646891766,0.049868521607257646,0.04999999939017896,-0.00017130934865813776,-3.99561326693902e-06,-0.0002786200344639584,-0.00016441020125057548,-3.744586365428404e-07,-1.4320517039928309e-06,-0.00010506383764789017,-0.002160175099665028
254,0.07680022528440583,0.04986686973091862,0.04999999956279586,-0.00017337972257763142,-3.4282199877884795e-06,-0.000286406068891968,-0.00015978356532286853,-3.8454959394584876e-07,-1.495181290819196e-06,-0.00011165530743898649,-0.0021642288496032096
255,0.07797661185992988,0.049866310399058825,0.04999999971805172,-0.00017542527614391461,-2.9000664265034497e-06,-0.00029443291379199895,-0.00015592049749102443,-3.9304515553340025e-07,-1.5614717792558669e-06,-0.00011875273317771214,-0.0021679257600604996
256,0.07912819673390159,0.04986691110743714,0.0499999998477839,-0.00017744229597597782,-2.411963091700855e-06,-0.00030270020524519095,-0.00015285791596397758,-3.9858056766206573e-07,-1.6310066083417447e-06,-0.00012640695616306238,-0.002171264769971583
257,0.08025393872052747,0.04986870256693132,0.049999999943044965,-0.0001794270949402512,-1.9648136665834274e-06,-0.00031120655652620984,-0.0001505954860476777,-4.018386903226201e-07,-1.7038637335876811e-06,-0.00013467512613428824,-0.002174244514803003
258,0.08135285417286056,0.049871705248441485,0.04999999999414809,-0.00018137533657033752,-1.5594749490866404e-06,-0.0003199490369024979,-0.0001491333096055314,-4.016325476641214e-07,-1.7800994382943876e-06,-0.00014362162748929438,-0.0021768631656046496
259,0.08242405327676311,0.049875906892575574,0.04999999999073286,-0.00018328187084210845,-1.1970178598304443e-06,-0.00032892305293316274,-0.00014845748955849558,-3.974228945935465e-07,-1.8597586682967673e-06,-0.00015331915953389506,-0.002179118480111397
260,0.08346669374269498,0.04988126759344713,0.04999999992185875,-0.00018514266666521602,-8.789248948745282e-07,-0.0003381224643137209,-0.00014851491141598672,-3.9177129451672954e-07,-1.9428654277806613e-06,-0.00016385001131968187,-0.0021810074994978172
261,0.08448001199308491,0.049887730493737056,0.04999999977612433,-0.00018695110938183636,-6.064228664162662e-07,-0.00034754010785247535,-0.00014928825839888304,-3.82269092824572e-07,-2.0294145994130998e-06,-0.00017530756019854538,-0.0021825263165610293
262,0.08546330063141433,0.049895187287943815,0.04999999954182002,-0.00018870143720110976,-3.8138150560597033e-07,-0.0003571670340032686,-0.00015071539382915944,-3.6962742910873203e-07,-2.1193925833347575e-06,-0.00018779806740709987,-0.0021836702542804543
263,0.08641591528602105,0.04990352453712371,0.049999999207096635,-0.00019038796484907355,-2.0610239638132146e-07,-0.00036699264469469684,-0.00015271590382326394,-3.545526112702646e-07,-2.2127511830625147e-06,-0.00020144280733336647,-0.002184433697022376
264,0.08733728194857844,0.049912588897028744,0.049999998760166475,-0.00019200378750476753,-8.317287707078814e-08,-0.00037700534932380374,-0.00015523441834375262,-3.376255790499272e-07,-2.3094165128013584e-06,-0.0002163806062254403,-0.002184809971195537
265,0.0882268638451737,0.04992219879111804,0.0499999981895229,-0.00019354258610462121,-1.5706529172772505e-08,-0.0003871912708381579,-0.0001581893302500248,-3.190644690675981e-07,-2.409288105950743e-06,-0.00023277090044266586,-0.0021847914167342944
266,0.08908420477835358,0.04993216147878579,0.04999999748416989,-0.00019499771812148624,-7.323078676395692e-09,-0.00039753582161240964,-0.00016149521979968995,-2.992119050304609e-07,-2.5122373302426118e-06,-0.000250797428401132,-0.0021843693941251143
267,0.08990887902435435,0.049942259309089784,0.04999999663386842,-0.00019636283793202574,-6.213947147213925e-08,-0.00040802394937628845,-0.0001650860212976113,-2.7934618174185744e-07,-2.618114868220388e-06,-0.00027067273562295314,-0.0021835342694909183
268,0.09070050862418116,0.0499522598091591,0.049999995629375765,-0.00019763108450689818,-1.8481850683540895e-07,-0.00041863845753221794,-0.00016887648962438107,-2.5724534680193756e-07,-2.726731570767045e-06,-0.000292643648765591,-0.002182275731488508
269,0.09145878990544078,0.04996192050962219,0.04999999446267144,-0.00019879708056253412,-3.8029906827323784e-07,-0.00042936137871707074,-0.00017277633014600724,-2.3579157470976497e-07,-2.8378707621799174e-06,-0.0003169980022669204,-0.0021805830772455327
270,0.09218343243924909,0.04997099641086347,0.0499999931271565,-0.00019985619245708157,-6.538114403191794e-07,-0.00044017410715168704,-0.00017673395632300526,-2.165997585734658e-07,-2.9512905018092394e-06,-0.00034407294457201415,-0.0021784450145210976
271,0.09287419769881243,0.04997924113519602,0.04999999161787185,-0.00020080250733345816,-1.0111750410835652e-06,-0.00045105802059657854,-0.0001807099615689367,-1.9771736958773545e-07,-3.0667205130499084e-06,-0.000374265265573771,-0.0021758498312857474
272,0.0935308765015612,0.04998641169642497,0.04999998993166577,-0.00020163208918244494,-1.458240874761204e-06,-0.00046199422714548024,-0.00018463564629200846,-1.7989530931572517e-07,-3.1838849483281954e-06,-0.0004080443733430965,-0.0021727857199345412
273,0.09415329908032884,0.04999228036802986,0.049999988067297975,-0.00020234088422464185,-2.001081483782049e-06,-0.00047296258491131795,-0.00018845527665689588,-1.6188634788250056e-07,-3.302454963111298e-06,-0.00044596858960716803,-0.002169241080975023
274,0.09474135157928557,0.049996627334396804,0.049999986025529804,-0.00020292661509242074,-2.645271382317583e-06,-0.0004839440665894378,-0.00019213200721424073,-1.465854637672237e-07,-3.4221150909626836e-06,-0.0004887058658303319,-0.0021652046609845783
275,0.09529493757459445,0.04999925383107179,0.04999998380918035,-0.00020338620184126894,-3.3967828185119153e-06,-0.0004949182171079799,-0.0001956366904778406,-1.312352821969398e-07,-3.542494650949222e-06,-0.0005370603019998298,-0.0021606657879272213
276,0.09581402271185158,0.04999998164587027,0.04999998142312767,-0.0002037188636773262,-4.260443770061266e-06,-0.0005058655798257778,-0.0001989340380532667,-1.1820289103070536e-07,-3.6632345442753436e-06,-0.000592006410931205,-0.0021556146668704665
277,0.09629858923015756,0.049998659409588454,0.0499999788742722,-0.0002039235983474985,-5.24111626374096e-06,-0.0005167675314518022,-0.00020201616280246526,-1.0626143165382018e-07,-3.783970259531807e-06,-0.0006547338698138824,-0.0021500423234098284
278,0.09674866151477989,0.04999516469186484,0.04999997617148455,-0.00020399959676849525,-6.343171383879277e-06,-0.0005276037109505842,-0.00020483935077209026,-9.445239612659861e-08,-3.9042661275724305e-06,-0.0007267063752461169,-0.002143941091748948
279,0.09716430539608861,0.04998940789159331,0.049999973325432066,-0.0002039497466212353,-7.568875498444675e-06,-0.0005383570532197602,-0.00020743871573358774,-8.735735690379443e-08,-4.023772472718016e-06,-0.0008097401557290804,-0.0021373043002839197
280,0.09754559878186415,0.04998132605852334,0.04999997034850168,-0.00020377292225064352,-8.922959581305517e-06,-0.0005490092564141628,-0.0002098134282277897,-7.906598398221831e-08,-4.142073229105756e-06,-0.0009061097037552893,-0.002130126131178003
281,0.09789269257412275,0.04997090094588912,0.04999996725469221,-0.00020347095939211293,-1.040741614592964e-05,-0.0005595625169618895,-0.00021193579596001655,-7.24857684986091e-08,-4.258795215184792e-06,-0.001018692112223762,-0.002122402127448671
282,0.09820629248271098,0.04996072869942055,0.04999996405938467,-0.00020305072411603265,-1.2017676402409154e-05,-0.0005700589266275434,-0.00021382146223913878,-6.552615161581343e-08,-4.345352012004838e-06,-0.001151041608103414,-0.0021141368981304073
283,0.09848893868936043,0.04996267887385088,0.0499999607488096,-0.00020252513197414453,-1.372945277747679e-05,-0.0005803878093811571,-0.00021560727327596396,-6.043606504135823e-08,-4.440331607497474e-06,-0.0013078207896312856,-0.0021053320810978477
284,0.09873804304261102,0.049964561798339475,0.04999995733564355,-0.00020185197755053202,-1.5575875333981872e-05,-0.0005905418080795745,-0.0002172295789932832,-6.133549135256544e-08,-4.537995757035859e-06,-0.001495230683897245,-0.0020959851835168383
285,0.09895366861392878,0.049966118912120466,0.04999995385244399,-0.00020104067286204564,-1.756350859604762e-05,-0.000600507288940419,-0.00021840783301740885,-5.5685518418613356e-08,-4.637576702803418e-06,-0.001721518807126113,-0.002086094045264304
286,0.0991360484160359,0.04996713070715,0.04999995033121246,-0.0002001022062146243,-1.9689642997453985e-05,-0.0006102752244533746,-0.00021940770966466516,-5.3309094028008985e-08,-4.738360564557306e-06,-0.0019978431559214377,-0.0020756580609014117
287,0.09928548539039789,0.04996747487752804,0.049999946802474854,-0.00019904794498390904,-2.1951359832529096e-05,-0.0006198365314181027,-0.00022019240714143962,-5.139798986419919e-08,-4.839618261664252e-06,-0.0023395809932515183,-0.0020646780980680545
288,0.09940238370553904,0.04996710514543931,0.04999994329461272,-0.00019788762258529874,-2.43461803787869e-05,-0.0006291816486946217,-0.00022079898917581886,-4.9853760231144406e-08,-4.940794198944472e-06,-0.002768369432819587,-0.0020531562149691744
289,0.0994872424386185,0.049965998330199574,0.04999993983362118,-0.00019662902192976118,-2.6871701470891695e-05,-0.0006383240966122704,-0.0002212326944572851,-4.8379867223502515e-08,-5.041444624567674e-06,-0.0033153805292977304,-0.0020410955998482454
290,0.09954148314795802,0.04996698873068356,0.04999993644300631,-0.00019527717332938112,-2.951759274586346e-05,-0.0006473247600196682,-0.0002214783598901704,-4.74278536444217e-08,-5.081529864562906e-06,-0.004026093942885622,-0.0020285064214317764
291,0.09956889709189985,0.049979381928608235,0.04999993310125149,-0.00019382754867872535,-3.2248717359940445e-05,-0.0006560681046699383,-0.00022143284149933606,-5.187215634805398e-08,-5.147930152652257e-06,-0.0049702212093067945,-0.0020153956158143935
292,0.099565633654105,0.049987484181818496,0.04999992982286069,-0.00019227148504224426,-3.5102716290361074e-05,-0.0006645501324421499,-0.00022103659284766763,-6.139201502719516e-08,-5.225820591724205e-06,-0.006258551730326182,-0.002001765306048357
293,0.09953238411066456,0.04999259385515823,0.049999926646827106,-0.00019061502608951712,-3.809277109111434e-05,-0.0006727667791065722,-0.00022045608784537762,-5.847163109251596e-08,-5.311980047934524e-06,-0.008073814085255643,-0.0019876175630650123
294,0.09946995633733369,0.049995665054642965,0.049999923607331194,-0.00018887050254003189,-4.120786367119316e-05,-0.0006807169412115198,-0.00022004386119078845,-5.6625964361955994e-08,-5.403753835850851e-06,-0.010732725155499194,-0.001972955964160922
295,0.09937923043202744,0.049997445073277816,0.0499999207328824,-0.0001870478327510333,-4.4449775417580224e-05,-0.0006883961954637873,-0.00021968770306557417,-5.380989165360006e-08,-5.4989315150841486e-06,-0.014817040282512909,-0.001957784757582462
296,0.0992611457131156,0.04999844825633815,0.04999991804654491,-0.00018515440959804944,-4.7817951792433035e-05,-0.0006958001700779629,-0.00021934563119430095,-5.160810090387713e-08,-5.595759823204958e-06,-0.021469504642664602,-0.001942109320546039
297,0.09911667997413359,0.049998999390336474,0.04999991556621578,-0.00018319741044966367,-5.130905846547023e-05,-0.0007029246647612038,-0.00021899880084674805,-5.107055400799254e-08,-5.692876513422037e-06,-0.03310515424004875,-0.001925936150433219
298,0.09894684013994504,0.04999929130938489,0.04999991330504478,-0.00018118211391708115,-5.49208020627038e-05,-0.0007097656043888699,-0.000218625835259445,-5.096336153087577e-08,-5.7891954692275825e-06,-0.05516138970995913,-0.001909272638167402
299,0.0987526521044998,0.04999943438145694,0.04999991127210038,-0.00017911243142612355,-5.86502425761871e-05,-0.0007163202409678578,-0.00021823335555382073,-5.1277250889825154e-08,-5.883877702614056e-06,-0.09979591873661506,-0.0018921269456536743
300,0.09853515778600097,0.04999948805016365,0.049999909472994125,-0.0001769914566952682,-6.249492203930577e-05,-0.0007225858865601082,-0.00021781733084935695,-5.1740801865207686e-08,-5.976255609259947e-06,-0.18741455746900315,-0.0018745078385182792
301,0.09829540348778021,0.04999948314947849,0.04999990791053851,-0.00017482101471371378,-6.64525989596341e-05,-0.0007285613899926651,-0.0002173825923819095,-5.228017840863686e-08,-6.065816581147278e-06,-0.18141150888228122,-0.0018564245542496223
302,0.09803444507807939,0.049999435913059616,0.04999990658533074,-0.00017260272821653292,-7.052147366212905e-05,-0.0007342466549246368,-0.00021693469898309559,-5.2628109870056505e-08,-6.15217088822784e-06,-0.09839703142199606,-0.0018378867241654801
303,0.0977533417413951,0.04999935605503241,0.04999990549615041,-0.00017033802800630078,-7.469956891039526e-05,-0.0007396422122027173,-0.00021648139227181673,-5.284998749743863e-08,-6.235013700704919e-06,-0.05628589306550607,-0.0018189043360469052
304,0.0974531520180349,0.04999925144919619,0.049999904640349556,-0.00016802808201968797,-7.898501359960311e-05,-0.0007447498182816712,-0.00021602593187708408,-5.2929920002497965e-08,-6.3141383915479e-06,-0.03508554443457926,-0.0017994876918389175
305,0.09713493396655265,0.049999130281021154,0.04999990401416606,-0.0001656739331155054,-8.337602369591366e-05,-0.0007495708570098112,-0.00021557012223638594,-5.272956471458201e-08,-6.389332901940003e-06,-0.023620216418392497,-0.0017796474584214706
306,0.09679973761522566,0.04999900190122572,0.049999903612974315,-0.00016327713273740904,-8.786948529851753e-05,-0.0007541086369874895,-0.000215132167795673,-5.2519052218258366e-08,-6.46050694380155e-06,-0.016900572729214258,-0.0017593946345993506
307,0.09644861358373297,0.049998876345476506,0.049999903431490564,-0.00016083862754251663,-9.246392329417238e-05,-0.0007583666438643702,-0.00021471353829838336,-5.200208264000139e-08,-6.527581749156815e-06,-0.012677576270972943,-0.001738740525887882
308,0.09608260465264966,0.049998764388787545,0.04999990346383486,-0.00015836011872172906,-9.715638720258139e-05,-0.0007623481491614249,-0.00021431397181004286,-5.1366367159744186e-08,-6.590461718210878e-06,-0.00986768048587313,-0.0017176968556411008
309,0.09570274732185892,0.04999867566960352,0.049999903703574045,-0.00015584386621591287,-0.00010194331261498947,-0.000766058702363124,-0.00021395702788140625,-5.059998997580806e-08,-6.649228366204889e-06,-0.00790948245107321,-0.0016962756448122562
310,0.09531006744384461,0.049998618378102724,0.04999990414382798,-0.00015329053228517215,-0.00010682353195977208,-0.0007695019447268191,-0.00021360917889978737,-4.9326320805676005e-08,-6.703854148592261e-06,-0.006492315947968082,-0.0016744893575865725
311,0.09490555714891223,0.04999859982087229,0.049999904777303456,-0.00015070247998950166,-0.00011179040068970575,-0.0007726825025965471,-0.00021326782007236034,-4.808979525705581e-08,-6.7543555792073215e-06,-0.00543423381959149,-0.001652351108496207
312,0.09449020680999586,0.049998623308377274,0.04999990559628359,-0.00014808206974984602,-0.0001168383214628739,-0.0007756052003986409,-0.00021292516612447798,-4.656699914562523e-08,-6.800760661797615e-06,-0.004623405889441784,-0.0016298746489499278
313,0.09406498353147685,0.04999869043815133,0.04999990659259026,-0.00014543204360384918,-0.00012195963210420507,-0.0007782755172209028,-0.00021260930225253105,-4.50184032274592e-08,-6.843128799345566e-06,-0.0039882138784925626,-0.0016070743519784579
314,0.0936308476537624,0.04999879865758097,0.04999990775757143,-0.00014275494032674457,-0.0001271482069706856,-0.0007806983472229008,-0.00021230844140518457,-4.328132519049177e-08,-6.881522534703392e-06,-0.00348114891724384,-0.0015839651517910104
315,0.09318872680576268,0.04999894204689076,0.04999990908216549,-0.00014005326986149476,-0.00013239659721086747,-0.0007828782138508344,-0.00021201033086981624,-4.138771814155007e-08,-6.916006034448111e-06,-0.0030697239173603542,-0.0015605626274519545
316,0.0927395135028206,0.04999911183849112,0.04999991055699111,-0.00013732945870634263,-0.0001376958087496802,-0.000784820380674288,-0.00021170396939851344,-3.935207004701624e-08,-6.94666310081347e-06,-0.002731129554369962,-0.001536883058189198
317,0.09228408280205341,0.049999296808003864,0.04999991217236167,-0.00013458626798017263,-0.0001430357175904245,-0.0007865300365416834,-0.00021138328884262592,-3.715081930977249e-08,-6.973582360202864e-06,-0.002448976703409027,-0.0015129434659013619
318,0.09182328056331357,0.04999948409158991,0.049999913918241976,-0.0001318266857005422,-0.00014840473858852916,-0.0007880124964394527,-0.0002110320929205045,-3.4909991342146895e-08,-6.996855750382742e-06,-0.0022112467409308866,-0.0014887616467421654
319,0.09135792364205314,0.0499996598981859,0.04999991578427356,-0.00012905369350124201,-0.00015379009877546795,-0.0007892727978392462,-0.00021063948224764317,-3.2638446612054395e-08,-7.0165966053013745e-06,-0.002008965077485217,-0.001464356153011768
320,0.09088878827626891,0.04999981052544491,0.049999917759874814,-0.00012626985268301554,-0.00015917839373250133,-0.0007903147314479461,-0.00021017952531110495,-3.0243565873888656e-08,-7.032840230152843e-06,-0.001835320974254201,-0.0014397463846189127
321,0.09041660883391975,0.04999992337142075,0.04999991983433111,-0.0001234785851941662,-0.00016455232327492998,-0.0007911435040313473,-0.00020966643933206797,-2.8075746172362415e-08,-7.045698214167282e-06,-0.0016850701600681828,-0.0014149525323198962
322,0.08994210753790413,0.049999987802589574,0.049999921996865454,-0.00012068248994084836,-0.00016989748927244492,-0.0007917640148132845,-0.00020907951693516225,-2.5760636290783623e-08,-7.055269068412833e-06,-0.0015541212322429877,-0.0013899954741980497
323,0.08946596507328476,0.049999996275256836,0.049999924236660415,-0.00011788460338185607,-0.00017519648044423696,-0.0007921812298660509,-0.00020840929937548935,-2.3690910566642742e-08,-7.0616412704936435e-06,-0.0014392440282989,-0.0013648967941620883
324,0.0889888393218678,0.04999994502175463,0.049999926542889664,-0.00011508793553272658,-0.00018043197183411215,-0.0007923995973364118,-0.00020763739303220063,-2.1660417459656855e-08,-7.0649102251009825e-06,-0.0013378605712047013,-0.001339678735480812
325,0.08851133531520507,0.049999834589584846,0.04999992890483204,-0.00011229516543549367,-0.0001855849587545298,-0.0007924224899128111,-0.00020674346887972206,-1.9825055375122247e-08,-7.065131487431582e-06,-0.0012478929344496292,-0.0013143642233605672
326,0.08803401111070443,0.04999966985883317,0.049999931312007605,-0.00010950905089925857,-0.00019063456864058695,-0.000792254881879994,-0.00020573011715896428,-1.8199202145297022e-08,-7.0623886883780376e-06,-0.0011676509055014962,-0.0012889767916592128
327,0.0875574266587237,0.049999460319547044,0.049999933754187195,-0.00010673262993157464,-0.00019556092386592019,-0.0007919010621166222,-0.000204589290660806,-1.6816366965599627e-08,-7.056751744027926e-06,-0.0010957480560767562,-0.001263540462271357
328,0.08708210119712655,0.04999921921997926,0.04999993622138291,-0.00010396877564466752,-0.00020034380158736882,-0.0007913656166598735,-0.0002033184136962518,-1.5669201047785464e-08,-7.048290129998301e-06,-0.0010310383120457228,-0.0012380796586906064
329,0.08660853228351344,0.04999896320641701,0.0499999387039214,-0.00010122032906859422,-0.0002049632355136664,-0.0007906523090098558,-0.0002019106032093987,-1.4778609447319013e-08,-7.037058839918049e-06,-0.0009725674698325914,-0.0012126191100427083
330,0.086137176496302,0.049998711378639836,0.04999994119251755,-9.848992333984291e-05,-0.00020939923334023573,-0.0007897643860986969,-0.0002003625122597441,-1.4144286630823899e-08,-7.023095764291928e-06,-0.000919535764364994,-0.0011871837645542488
331,0.08566845257784371,0.049998483617269586,0.049999943678394596,-9.577987946336654e-05,-0.00021363212357338688,-0.0007887064061845233,-0.00019868412346113473,-1.3774045903858223e-08,-7.00645807768995e-06,-0.0008712686722538185,-0.0011617986590555906
332,0.0852027867429247,0.04999829947896667,0.049999946153276034,-9.309286010496296e-05,-0.00021764391021615134,-0.0007874822329736247,-0.0001968635042430833,-1.3657134978473096e-08,-6.987194110832201e-06,-0.0008271939936921347,-0.0011364888146456716
333,0.08474056591099792,0.049998176668498505,0.04999994860934249,-9.043141154505274e-05,-0.00022141634417205378,-0.0007860960826002773,-0.00019491607963573188,-1.374182811986202e-08,-6.965345572704373e-06,-0.0007868236852116988,-0.0011112791323440415
334,0.08428216602591225,0.04999812892185908,0.049999951039272905,-8.779791077776598e-05,-0.00022493327764333462,-0.0007845514641990747,-0.00019283797882962972,-1.4059263087062845e-08,-6.940945804673864e-06,-0.0007497393528562424,-0.0010861942660707394
335,0.08382793079184861,0.04999816542929212,0.0499999534362843,-8.519457894354988e-05,-0.0002281792941576565,-0.0007828512385347468,-0.00019063879153691232,-1.4570654016665685e-08,-6.914015218424689e-06,-0.0007155806019765033,-0.001061258513669982
336,0.0833781738650381,0.04999828852468563,0.04999995579421079,-8.262323585225346e-05,-0.00023114091572143337,-0.0007809995552823744,-0.00018832548812497407,-1.5213078796705304e-08,-6.884590593608558e-06,-0.0006840355824519714,-0.0010364957079979432
337,0.0829332173917382,0.049998492739759266,0.04999995810746545,-8.008609247705654e-05,-0.000233805933206177,-0.0007790000886957479,-0.00018591004482004791,-1.595088683359336e-08,-6.852707464896722e-06,-0.0006548333018310812,-0.0010119291117287623
338,0.08249336224247683,0.04999876436541494,0.0499999603709708,-7.758512765927762e-05,-0.00023616426393680795,-0.0007768567925454167,-0.00018339559028390795,-1.6841669392420044e-08,-6.818398221717502e-06,-0.0006277373264044592,-0.0009875813041659355
339,0.08205889933959867,0.049999080213991035,0.04999996258017709,-7.512216395330601e-05,-0.00023820765249312829,-0.0007745729369226722,-0.00018080242443829775,-1.7705339416806964e-08,-6.781689820051082e-06,-0.0006025405881403414,-0.0009634740737189521
340,0.08163009771428044,0.04999940776527314,0.049999964731077734,-7.269876685538712e-05,-0.00023993030168755999,-0.0007721512493435679,-0.0001781281753210351,-1.868166066287813e-08,-6.742605708831044e-06,-0.0005790610944616618,-0.0009396283415650152
341,0.08120719768449945,0.049999705296459064,0.04999996682024465,-7.031623159682093e-05,-0.00024132745027424113,-0.0007695957332627735,-0.0001753929245751351,-1.9596585687509105e-08,-6.701187150017193e-06,-0.0005571383407304088,-0.0009160640871730355
342,0.08079045795112852,0.04999992211057979,0.049999968844773236,-6.797606525092439e-05,-0.00024239706969338994,-0.0007669098610752002,-0.00017260039749089628,-2.052611236535995e-08,-6.657474784346533e-06,-0.000536630316265477,-0.0008928002696636247
343,0.08038011608963952,0.049999999544514694,0.049999970802212586,-6.567958804888227e-05,-0.00024313871877274445,-0.000764097482439692,-0.00016976600454654545,-2.1360865076758273e-08,-6.611509400745368e-06,-0.0005174109857008758,-0.0008698547632060988
344,0.07997640806089396,0.04999987210630674,0.04999997269055611,-6.342796991048206e-05,-0.0002435542503582005,-0.0007611616607995308,-0.00016689099720679224,-2.2221591677862307e-08,-6.563334470050663e-06,-0.0004993681681067526,-0.0008472443198737587
345,0.07957954006413254,0.049999468855684404,0.049999974508238385,-6.122216340491815e-05,-0.0002436463622566122,-0.0007581051879174316,-0.00016399497690144926,-2.2916557540497706e-08,-6.5129892295085475e-06,-0.00048240174413601515,-0.0008249845289195495
346,0.07918970794870756,0.04999871517092098,0.04999997625415292,-5.906280772473438e-05,-0.0002434204429468533,-0.0007549319493424156,-0.00016107612464111298,-2.3596316012231e-08,-6.460534420193627e-06,-0.00046642211754694616,-0.0008030897722121121
347,0.07880711858620573,0.04999753436092169,0.049999977927593024,-5.695076150658697e-05,-0.00024288303506655564,-0.0007516453182784186,-0.00015814909420441836,-2.413632138598132e-08,-6.406031570088283e-06,-0.0004513489130856717,-0.0007815732196098662
348,0.0784319601592542,0.04999585000899364,0.04999997952818221,-5.4886720192585855e-05,-0.00024204197812727841,-0.0007482489793927971,-0.00015521806199103594,-2.4632644368693946e-08,-6.3495435281900525e-06,-0.00043710985437853524,-0.0007604468069514676
349,0.07806442069140355,0.04999358680757171,0.04999998105586125,-5.287121517784133e-05,-0.00024090690309249986,-0.0007447460702606932,-0.0001522919483250007,-2.496225626202886e-08,-6.291138765573097e-06,-0.00042363979943977286,-0.0007397212207148804
350,0.07770466701210632,0.04999067432104615,0.049999982510880524,-5.0904536338649267e-05,-0.00023948865923289066,-0.0007411394224639586,-0.0001493762101745233,-2.5217332222382538e-08,-6.230880087402762e-06,-0.0004108799123017017,-0.0007194059170160306
351,0.07735284965119806,0.049987047408264644,0.04999998389379987,-4.8986812570585675e-05,-0.00023779863199599214,-0.0007374327543952735,-0.0001464737142669037,-2.5448803953054266e-08,-6.16885139126602e-06,-0.0003987769401840729,-0.0006995091366807683
352,0.07700913040529496,0.049982649408088095,0.049999985205437796,-4.7118298042546547e-05,-0.0002358493086051282,-0.0007336294998180984,-0.00014359118358697742,-2.551985112120292e-08,-6.105138108286123e-06,-0.0003872825926178893,-0.0006800379207556506
353,0.07667365730795891,0.04997743139862105,0.049999986446816996,-4.5299108068665725e-05,-0.00023365398358938855,-0.0007297333095395504,-0.00014073452621232718,-2.551774080927771e-08,-6.039831261418126e-06,-0.00037635299772467983,-0.0006609981211510401
354,0.07634657799328329,0.049971356919394125,0.04999998761915015,-4.352921053461738e-05,-0.00023122710310305168,-0.0007257474104102983,-0.000137908777105622,-2.542171806396709e-08,-5.97301898675923e-06,-0.0003659482260071924,-0.0006423944201696243
355,0.07602802258444837,0.04996439919752534,0.04999998872383011,-4.180841640457475e-05,-0.00022858342716633066,-0.0007216745348891588,-0.00013511568249668926,-2.5255554092495913e-08,-5.904785232679093e-06,-0.0003560318728056922,-0.0006242303695319824
356,0.0757181039129579,0.04995654750913021,0.0499999897624307,-4.013632584585523e-05,-0.00022573816378796096,-0.0007175185153272881,-0.00013235924416221678,-2.5040156614863918e-08,-5.83523739379802e-06,-0.00034657069398117833,-0.0006065084279094999
357,0.07541694896565045,0.04994780240243256,0.049999990736665535,-3.851270157149312e-05,-0.00022270671842512465,-0.0007132827621302198,-0.000129640509840101,-2.4774427842544355e-08,-5.764478745733416e-06,-0.00033753428745384866,-0.0005892299926526029
358,0.0751246728306974,0.049938179940684044,0.04999999164834521,-3.693715541415525e-05,-0.00021950504008056695,-0.0007089709345008294,-0.000126966493553482,-2.442272339919782e-08,-5.692614915297853e-06,-0.00032889480749985993,-0.0005723954337618932
359,0.07484138793092757,0.049927709636359036,0.04999999249936826,-3.540921001293544e-05,-0.00021614919612924566,-0.0007045862775572804,-0.00012433799565769732,-2.4007869470210608e-08,-5.619751374731485e-06,-0.0003206267137489582,-0.0005560041359637399
360,0.0745671928464493,0.0499164374209257,0.04999999329171173,-3.3928246533386145e-05,-0.00021265537969938835,-0.0007001317138261654,-0.00012175812298664823,-2.3578676788815756e-08,-5.54599132606858e-06,-0.0003127065492491116,-0.0005400545405903354
361,0.07430217148821187,0.04990442248130772,0.04999999402743315,-3.24934407928884e-05,-0.0002090397626491355,-0.0006956106043804388,-0.00011921883560717106,-2.3198436949201096e-08,-5.47141802339825e-06,-0.00030511273904628854,-0.0005245442279058405
362,0.07404642207990396,0.04989173772965038,0.049999994708630764,-3.1104532635528435e-05,-0.00020531638973205176,-0.0006910274678793254,-0.00011675536370603368,-2.2436504210077146e-08,-5.396200977194948e-06,-0.0002978254208158349,-0.0005094698605102747
363,0.07380005463714569,0.04987846649025904,0.04999999533743032,-2.9760086425719645e-05,-0.00020150633075846758,-0.0006863851988706673,-0.00011432507744757459,-2.2157385259902185e-08,-5.320415316176717e-06,-0.0002908262867863252,-0.000494827285500439
364,0.07356312430399002,0.04986471194995218,0.04999999591597001,-2.8459747675630707e-05,-0.00019762061312221003,-0.0006816871404985282,-0.00011195197294000536,-2.1627398538726084e-08,-5.244176616926006e-06,-0.000284098439555566,-0.0004806116545741566
365,0.07333571697064172,0.04985057686680274,0.049999996446384726,-2.7202522742875802e-05,-0.0001936758215481814,-0.0006769361382859514,-0.00010962777741951868,-2.11783941495014e-08,-5.167579390149057e-06,-0.0002776262682021603,-0.00046681741436244915
366,0.07311787896436256,0.049836187525689996,0.04999999693081345,-2.598749780197226e-05,-0.00018968504788398062,-0.0006721360371990279,-0.00010737101547420025,-2.055691616931199e-08,-5.090736105588104e-06,-0.00027139533126615677,-0.0004534383595914226
367,0.07290969935667406,0.04982166521081191,0.04999999737137475,-2.4813749248111634e-05,-0.0001856642072886459,-0.0006672903899214224,-0.00010517116606933996,-2.0081772689195532e-08,-5.013767266027524e-06,-0.0002653922614900337,-0.000440467633131535
368,0.07271124048075799,0.04980714164584106,0.049999997770153126,-2.3680208399469482e-05,-0.00018162770766335659,-0.0006624025878147951,-0.00010302426380803809,-1.9695653108442457e-08,-4.936766485758807e-06,-0.00025960467215989163,-0.0004278978348811786
369,0.07252255266424053,0.04979275454629558,0.049999998129188324,-2.2586033678902552e-05,-0.00017758733494861636,-0.0006574757465889771,-0.00010093705350300297,-1.9274329687846148e-08,-4.859835954984148e-06,-0.00025402107280946435,-0.0004157210842949915
370,0.0723436828605985,0.049778641467151635,0.049999998450470956,-2.1530168722009554e-05,-0.00017355576740631402,-0.0006525126467949625,-9.890515502775088e-05,-1.8959429581855147e-08,-4.783066297509411e-06,-0.0002486307953683097,-0.00040392905153203854
371,0.07217465912815842,0.04976494442987065,0.04999999873594384,-2.0511537092171645e-05,-0.00016954424255738378,-0.0006475168393445937,-9.69273824011907e-05,-1.870256838287787e-08,-4.706558737440957e-06,-0.00024342392478702158,-0.00039251302015386684
372,0.07201552002863877,0.04975179949324346,0.04999999898748702,-1.9529190080652673e-05,-0.0001655632991944142,-0.0006424913818833137,-9.500652231508866e-05,-1.8495651232797172e-08,-4.630404405970346e-06,-0.00023839123995098865,-0.0003814639394982695
373,0.07186628962977676,0.049739337299564076,0.04999999920690804,-1.8582150212592594e-05,-0.00016162266850324218,-0.0006374394557368592,-9.31375179789029e-05,-1.838239604978753e-08,-4.554690072852594e-06,-0.0002335241569497641,-0.00037077248920920386
374,0.07172698266416791,0.04972768797818686,0.04999999939593998,-1.7669506431692345e-05,-0.0001577305183706092,-0.0006323637531420777,-9.132438572123647e-05,-1.829540430264842e-08,-4.479492982406431e-06,-0.00022881467736621686,-0.00036042912909360815
375,0.07159760454971062,0.04971696995734774,0.04999999955624068,-1.67903023819658e-05,-0.00015389481595908666,-0.0006272666459421921,-8.956688543548808e-05,-1.8297493298291556e-08,-4.4048824164122794e-06,-0.00022425534026584154,-0.0003504241340163133
376,0.07147814799552608,0.049707294751788124,0.04999999968939607,-1.594351971215465e-05,-0.00015012276829380502,-0.0006221512218831313,-8.786246326053515e-05,-1.833921281502171e-08,-4.3309369732980214e-06,-0.00021983918037370498,-0.00034074764815754106
377,0.07136860788903952,0.0496987578721234,0.04999999979691405,-1.5128314827287686e-05,-0.00014642025567719434,-0.0006170200803228984,-8.621595043223351e-05,-1.841314478667755e-08,-4.257725009753551e-06,-0.00021555969094122311,-0.0003313897229210592
378,0.07126897087833654,0.04969144422355009,0.0499999998802222,-1.4343770848733863e-05,-0.0001427933082353077,-0.000611875967188459,-8.46206457936205e-05,-1.8614139563055687e-08,-4.185314643068589e-06,-0.0002114107879550932,-0.00032234036200989304
379,0.07117920870322154,0.0496854249285379,0.04999999994067119,-1.3589029961105104e-05,-0.00013924606066231945,-0.000606721103576168,-8.307836105814204e-05,-1.884452949241222e-08,-4.113764347453799e-06,-0.00020738677805444327,-0.00031358957641919804
380,0.07109927628795808,0.049680757573785005,0.04999999997953703,-1.2863236170219044e-05,-0.000135781996476747,-0.0006015568131481144,-8.158574200933799e-05,-1.9129386075178445e-08,-4.0430959362106604e-06,-0.0002034823250979971,-0.00030512744118632357
381,0.07102911751854535,0.04967748116582083,0.04999999999802404,-1.2165754915838842e-05,-0.0001324026669265763,-0.0005963866214927577,-8.016192441573367e-05,-1.9273391771434945e-08,-3.973405600244591e-06,-0.00019969242526206535,-0.00029694406819364826
382,0.070968703808317,0.0496756203167105,0.04999999999726724,-1.1495421925593184e-05,-0.00012911394139463315,-0.0005912122554674586,-7.877616008045152e-05,-1.9668169315423256e-08,-3.904734321139571e-06,-0.00019601238592158426,-0.00028902967377371114
383,0.07091792797548167,0.04967518980283904,0.049999999978334646,-1.0851603262012657e-05,-0.00012591422268396472,-0.000586035680685744,-7.743146124994382e-05,-2.026090939466485e-08,-3.837129413215671e-06,-0.00019243780101856729,-0.0002813746840614495
384,0.0708766993181291,0.04967618230372183,0.04999999994223323,-1.0233602651557416e-05,-0.00012280298466747173,-0.0005808583585098398,-7.611861656187102e-05,-2.078559369067534e-08,-3.7706208392814935e-06,-0.00018896452865256778,-0.0002739697597422445
385,0.07084488328802761,0.04967858650331612,0.04999999988991617,-9.640831208706488e-06,-0.00011977696993743881,-0.0005756815635938971,-7.48461316106841e-05,-2.1289276119773604e-08,-3.7052409496596514e-06,-0.000185588669669321,-0.00026680583091635265
386,0.07082235291659157,0.04968237691935151,0.04999999982228906,-9.072615478276294e-06,-0.00011683414499685769,-0.0005705071349860313,-7.361877214862034e-05,-2.1703682406837288e-08,-3.6410258233688707e-06,-0.00018230655230373866,-0.0002598740758880654
387,0.07080898997803113,0.04968750499651927,0.049999999740216246,-8.528369343887086e-06,-0.00011397251570123802,-0.0005653364122854833,-7.243212166940793e-05,-2.2176747549451648e-08,-3.578003186665448e-06,-0.0001791147162049917,-0.00025316593425698007
388,0.07080465621976242,0.049693916136279964,0.049999999644528975,-8.007491166206602e-06,-0.00011118939193400307,-0.0005601708849521748,-7.128524885047227e-05,-2.2617443917738456e-08,-3.516198894933805e-06,-0.00017600989680226003,-0.00024667313197143914
389,0.07080920288834634,0.049701538674317425,0.04999999953603296,-7.509437024271454e-06,-0.0001084811730913964,-0.0005550116193986388,-7.017930329311639e-05,-2.3017685535364762e-08,-3.4556327405529645e-06,-0.00017298901129579613,-0.0002403876828840117
390,0.07082247746303999,0.049710292925504926,0.049999999415514765,-7.0336156645489374e-06,-0.00010584491383981794,-0.0005498594846984642,-6.911253876751289e-05,-2.3406634852563002e-08,-3.3963182590126825e-06,-0.00017004914469687972,-0.0002343018972766878
391,0.07084430474385703,0.04972009071023431,0.04999999928374492,-6.579464467793747e-06,-0.00010327636274709757,-0.000544715757366954,-6.808688340242952e-05,-2.3768508938815103e-08,-3.338274918681757e-06,-0.00016718753868340586,-0.00022840839567775677
392,0.07087451711732695,0.049730833443234645,0.0499999991414862,-6.146472726606431e-06,-0.00010077147774464575,-0.0005395814441939731,-6.70989029458724e-05,-2.412313904187613e-08,-3.281514688472561e-06,-0.00016440158181127944,-0.00022270010764319253
393,0.07091293217499074,0.04974241597742138,0.049999998989502345,-5.734123237736671e-06,-9.832571220432959e-05,-0.0005344576016585523,-6.615102029172704e-05,-2.4454079650126914e-08,-3.2260486020409384e-06,-0.0001616887988310986,-0.00021717027155535433
394,0.0709593667964513,0.04975473176074944,0.049999998828563534,-5.341909185792677e-06,-9.593464693930118e-05,-0.0005293449078547279,-6.524045602418482e-05,-2.4788887387217073e-08,-3.171881251484156e-06,-0.00015904684145782045,-0.0002118124284890824
395,0.07101362280576372,0.04976766680258175,0.04999999865945128,-4.969316938787362e-06,-9.359357955924057e-05,-0.0005242440044743545,-6.436958210542798e-05,-2.5031491546201323e-08,-3.11901361133206e-06,-0.00015647347855394242,-0.0002066204226901209
396,0.07107549523739785,0.049781105711515,0.04999999848295936,-4.615823862583353e-06,-9.12975814001767e-05,-0.0005191558398083429,-6.353676872095093e-05,-2.531826304164042e-08,-3.067450340329902e-06,-0.0001539665886833774,-0.00020158839248156086
397,0.07114478543478882,0.049794928200016894,0.04999999829990007,-4.280942376165627e-06,-8.904204329128597e-05,-0.0005140811299053937,-6.274284532992169e-05,-2.5600101594136504e-08,-3.017191549979829e-06,-0.0001515241539242278,-0.00019671075372131334
398,0.07122128850649388,0.049809020555680095,0.04999999811111019,-3.964163065030371e-06,-8.682246862327928e-05,-0.0005090208011370587,-6.198882329044864e-05,-2.5836314421212592e-08,-2.9682356382359407e-06,-0.00014914425246329843,-0.0001919821900664907
399,0.07130479927190504,0.04982326243260056,0.04999999791745291,-3.664985676240841e-06,-8.463427310528312e-05,-0.0005039753752152252,-6.127521191956475e-05,-2.6132543240464656e-08,-2.9205772877981807e-06,-0.00014682505248790086,-0.00018739764691737067
400,0.07139509902186818,0.04983754352368226,0.049999997719820756,-3.3829054448050723e-06,-8.247275422746148e-05,-0.0004989453437201461,-6.0600548749789596e-05,-2.6366818062228958e-08,-2.8742063376457935e-06,-0.00014456480564644723,-0.00018295231232027073
401,0.07149197486851995,0.04985175001449369,0.04999999751913123,-3.117382474079707e-06,-8.033397134969139e-05,-0.0004939315617909445,-5.9966616390738636e-05,-2.667623810737041e-08,-2.8291177577753287e-06,-0.00014236184170193976,-0.0001786415958750168
402,0.07159521751239331,0.04986577446445992,0.049999997316328475,-2.867909404138809e-06,-7.821393462873021e-05,-0.0004889347165510422,-5.937540117884055e-05,-2.700543966227542e-08,-2.7853014182422363e-06,-0.00014021456444058544,-0.00017446111617948508
403,0.07170461378907615,0.049879514221090646,0.04999999711238692,-2.633958980052858e-06,-7.610888119012812e-05,-0.0004839556318343755,-5.88271432206966e-05,-2.730905634962255e-08,-2.7427472284286734e-06,-0.00013812144655960584,-0.00017040668032625216
404,0.0718199587804432,0.0498928711060617,0.04999999690830869,-2.4150003749168366e-06,-7.40156791636186e-05,-0.0004789948905427231,-5.8323570556240156e-05,-2.7655810086457677e-08,-2.7014416180663837e-06,-0.00013608102578967497,-0.00016647426757128675
405,0.07194104070665153,0.049905752550891344,0.049999996705120335,-2.210488981667277e-06,-7.193128030061409e-05,-0.00047405302718884525,-5.786747715319507e-05,-2.8020508580084424e-08,-2.6613668604209526e-06,-0.00013409189965334894,-0.00016266000849909858
406,0.07206765377586738,0.049918074062789024,0.04999999650386275,-2.0198585921318907e-06,-6.985341325872138e-05,-0.0004691309419748796,-5.745709131588228e-05,-2.8438160271093693e-08,-2.622511667077683e-06,-0.0001321527223295092,-0.00015896016368740769
407,0.07219960020365812,0.049929754916898834,0.04999999630558991,-1.8425648893746964e-06,-6.778002236030894e-05,-0.00046422981269946055,-5.709689139621332e-05,-2.8847271238419125e-08,-2.5848644928346895e-06,-0.00013026220362480104,-0.00015537110425891816
408,0.07233668177073128,0.04994072371687191,0.04999999611136494,-1.677988853501158e-06,-6.570999618787829e-05,-0.0004593495479515437,-5.677851368091069e-05,-2.966667445036819e-08,-2.5483983590666074e-06,-0.00012841910254396565,-0.0001518893221576459
409,0.0724786812227371,0.04995091375398284,0.049999995922263014,-1.5257142516656124e-06,-6.363967587288861e-05,-0.0004544915251577396,-5.6525175750721246e-05,-2.9617963193118158e-08,-2.5131012714003296e-06,-0.00012662222367479763,-0.00014851138147465475
410,0.07262545971656524,0.049960263441968904,0.04999999573935674,-1.3850819062120309e-06,-6.15715576800076e-05,-0.00044965648952607294,-5.632749162032269e-05,-3.0059933209258816e-08,-2.4789490373850104e-06,-0.00012487041600135903,-0.00014523388479826966
411,0.07277682717326527,0.04996872262764558,0.049999995563693986,-1.255503487493904e-06,-5.950550429187203e-05,-0.00044484539129120124,-5.6192813644884154e-05,-3.033664697227323e-08,-2.4459270716522156e-06,-0.00012316257000001516,-0.0001420534812989608
412,0.07293263564029238,0.04997624069975831,0.04999999539629715,-1.136408849516497e-06,-5.744311791724378e-05,-0.0004400595173736299,-5.611397136817686e-05,-3.0712396181797885e-08,-2.4140166837696516e-06,-0.00012149761717766778,-0.0001389668402159605
413,0.07309272073722653,0.049982778916924125,0.049999995238153544,-1.0271946956962484e-06,-5.538587576898724e-05,-0.000435299579697125,-5.609464642475359e-05,-3.1336568895312666e-08,-2.383195479089926e-06,-0.00011987452630158533,-0.00013597066718639537
414,0.07325690932368296,0.04998830390980532,0.049999995090215556,-9.273399136038563e-07,-5.333432143595767e-05,-0.00043057422010967373,-5.613824396277778e-05,-3.158410422088309e-08,-2.353443039101909e-06,-0.00011829230063053317,-0.00013306168914513678
415,0.07342513759544554,0.04999275231910383,0.04999999495338944,-8.362444594536565e-07,-5.1291362398112727e-05,-0.0004259066170884847,-5.624579716823064e-05,-3.1894494156858855e-08,-2.3221071554825568e-06,-0.00011675084459313614,-0.0001302372387509782
416,0.07359763248529758,0.04999604477385912,0.0499999948257552,-7.533805841197707e-07,-4.925867316866893e-05,-0.00042125741780887975,-5.641546522383578e-05,-3.1951952195186095e-08,-2.2918626246102084e-06,-0.00011524960028247284,-0.0001274943606877427
417,0.07377389452056758,0.04999836802300907,0.049999994707786724,-6.786055210797214e-07,-4.724061276790745e-05,-0.0004166298653217905,-5.6630164181115106e-05,-3.188544894783263e-08,-2.2624155734672253e-06,-0.0001137875834602721,-0.00012482981814553935
418,0.07395378983510213,0.04999968535076247,0.04999999460147061,-6.112287101397005e-07,-4.523986945678758e-05,-0.00041202666911553876,-5.6932909501483664e-05,-3.2304704689067876e-08,-2.233810471572919e-06,-0.00011236385957774406,-0.00012224037190934782
419,0.07413718299860765,0.04999997462871569,0.04999999450845077,-5.506214962234958e-07,-4.325963487186847e-05,-0.0004074501852874156,-5.730248085455969e-05,-3.2430943264216694e-08,-2.206081834546705e-06,-0.00011097753662993738,-0.00011972277538447955
420,0.0743239532200066,0.049999222469260515,0.04999999443004401,-4.96199538772877e-07,-4.130439622105286e-05,-0.0004029028930410915,-5.7740278862183914e-05,-3.2053719678515336e-08,-2.179244998663137e-06,-0.00010962775781542666,-0.00011727376346570986
421,0.07451401122964386,0.04999742329316962,0.04999999436725247,-4.4741629486391915e-07,-3.937953276030091e-05,-0.0003983873231901126,-5.824549589306116e-05,-3.16341264294806e-08,-2.153303495848663e-06,-0.00010831369629696487,-0.0001148900597966682
422,0.07470727613283307,0.049994578395353796,0.04999999432078985,-4.0378233751465864e-07,-3.749036387374615e-05,-0.00039390567835715306,-5.881586184841581e-05,-3.1100721997745495e-08,-2.128246981067375e-06,-0.00010703455040352963,-0.00011256838283772572
423,0.07490367355283077,0.04999069424857831,0.04999999429110978,-3.6484085498247167e-07,-3.564244836301063e-05,-0.00038946010231091967,-5.944971417193301e-05,-3.0394947003742345e-08,-2.104060434244213e-06,-0.00010578954042688998,-0.00011030545299250551
424,0.07510314287743207,0.04998578236670213,0.04999999427842818,-3.301730267135444e-07,-3.384144647705441e-05,-0.0003850523206515525,-6.014380414853804e-05,-2.9661874734188132e-08,-2.080721983317268e-06,-0.00010457790662711767,-0.00010809800278929738
425,0.07530562092667817,0.04997985667090675,0.049999994282744716,-2.99387675761923e-07,-3.209284718193037e-05,-0.0003806839897966066,-6.089383896323852e-05,-2.8690882558635167e-08,-2.0582091045542217e-06,-0.00010339890638710799,-0.00010594278536581318
426,0.07551105904878827,0.0499729345532577,0.04999999430386011,-2.721216847142398e-07,-3.0402271777149252e-05,-0.0003763568622704177,-6.169702828628942e-05,-2.764182305270424e-08,-2.0365021259331037e-06,-0.00010225181377392285,-0.00010383658698681293
427,0.07571941838039428,0.04996503687164047,0.049999994341400684,-2.4804307376038557e-07,-2.877497897231758e-05,-0.00037207237515660976,-6.255206244532019e-05,-2.655477082669222e-08,-2.0155788514218257e-06,-0.00010113591942258977,-0.00010177624244601617
428,0.07593066158978626,0.04995618482512568,0.04999999439483925,-2.2684410766572063e-07,-2.721591255888354e-05,-0.00036783223715799665,-6.345012661768124e-05,-2.531660925342294e-08,-1.995502024556686e-06,-0.00010005053754231226,-9.97586499164921e-05
429,0.07614475880674526,0.049946403215337866,0.04999999446351227,-2.082354658701721e-07,-2.5729643232900497e-05,-0.0003636370472413597,-6.438911077566445e-05,-2.4291878730764438e-08,-1.975985100357803e-06,-9.899498021215948e-05,-9.778078662036154e-05
430,0.07636166025450816,0.04993571637667545,0.04999999454664697,-1.9199180130694437e-07,-2.4319382000743045e-05,-0.0003594888410896206,-6.536076398333535e-05,-2.2434878843569095e-08,-1.9573307397400367e-06,-9.796857590465516e-05,-9.58397141362463e-05
431,0.07658138257150493,0.04992415323034028,0.04999999464335833,-1.7782734292058272e-07,-2.299025486217644e-05,-0.00035538802422645623,-6.636455509578809e-05,-2.1623847601404123e-08,-1.939229464774197e-06,-9.697067403289828e-05,-9.39326057162819e-05
432,0.0768038512618809,0.04991174013325758,0.04999999475268066,-1.6557777399671645e-07,-2.1743342957565418e-05,-0.00035133942490556006,-6.738929369021207e-05,-1.9676670959256626e-08,-1.9219861080080773e-06,-9.600063682358128e-05,-9.20567485199371e-05
433,0.07702913623772197,0.049898697920705504,0.04999999487357449,-1.5498438506324925e-07,-2.0582249045095738e-05,-0.000347351726299538,-6.84325277688913e-05,-1.89813071926892e-08,-1.903772313680424e-06,-9.50581588963096e-05,-9.020996186982634e-05
434,0.07725730273450962,0.04988588748480091,0.04999999500343307,-1.4591692030163063e-07,-1.9503412931014116e-05,-0.0003434109450525057,-6.947668589418754e-05,-1.7371364791074484e-08,-1.8863473019961101e-06,-9.414276638685901e-05,-8.838998282747904e-05
435,0.07748814101867792,0.049872480995859725,0.049999995141097445,-1.3834143253187802e-07,-1.8511387046880768e-05,-0.00033951852535549703,-7.053400622680783e-05,-1.640253621815191e-08,-1.8694910774160854e-06,-9.325386373598574e-05,-8.659447327563338e-05
436,0.07772159685529773,0.04985846292543622,0.04999999528623031,-1.320887365473485e-07,-1.760588218786585e-05,-0.0003356758926514489,-7.160328823374584e-05,-1.495440038468132e-08,-1.8532017541874985e-06,-9.239086253183053e-05,-8.482126443730114e-05
437,0.07795767630337103,0.0498438359692072,0.049999995438268156,-1.269919760359433e-07,-1.6787377265117906e-05,-0.0003318843856307137,-7.266704778885469e-05,-1.3695081513276364e-08,-1.8374711130212007e-06,-9.155318847968333e-05,-8.30683570037287e-05
438,0.07819634016781622,0.04982862223146072,0.04999999559646365,-1.2292413219729356e-07,-1.6054723787382048e-05,-0.0003281453554816404,-7.372430263785645e-05,-1.2589000064622269e-08,-1.8222880936468818e-06,-9.074027971631721e-05,-8.133393422261989e-05
439,0.07843753599978251,0.04981285469657516,0.049999995759945626,-1.1977976953827905e-07,-1.5405870197142096e-05,-0.00032445941723222114,-7.476866448996589e-05,-1.1512553577119888e-08,-1.807639424984695e-06,-8.99515856862481e-05,-7.961636575101562e-05
440,0.07868119023498477,0.049796568940884585,0.04999999592775854,-1.1747159253339386e-07,-1.4838310571039298e-05,-0.00032082749122041703,-7.579634984722361e-05,-1.043337771733377e-08,-1.793508668981858e-06,-8.91865656748528e-05,-7.79142068948197e-05
441,0.07892723565388664,0.04977980734862354,0.0499999960988984,-1.1592317140728156e-07,-1.4349138878231304e-05,-0.000317250392935279,-7.680398266529664e-05,-9.520364940840409e-09,-1.7798827189428545e-06,-8.844468840822829e-05,-7.622619667006752e-05
442,0.07917559165377348,0.04976261382184107,0.049999996272345276,-1.150728098576037e-07,-1.3934892263200134e-05,-0.00031372882830513064,-7.778871076880023e-05,-8.61901838788981e-09,-1.7667474114494656e-06,-8.772543233013098e-05,-7.455125258066104e-05
443,0.0794261780476862,0.04974503695523695,0.04999999644708869,-1.1486651328850237e-07,-1.3591888214321152e-05,-0.00031026361416862814,-7.874704169807956e-05,-7.821333802837671e-09,-1.7540896582821592e-06,-8.702828493646506e-05,-7.288846743474923e-05
444,0.07967890699024477,0.049727127820960226,0.049999996622149226,-1.152603729216394e-07,-1.3315985933825135e-05,-0.00030685492036168667,-7.967565761646256e-05,-7.077935126886814e-09,-1.7418945266573645e-06,-8.63527426762031e-05,-7.12371038615412e-05
445,0.07993366987330275,0.04970893691497537,0.0499999967965947,-1.1621611022542944e-07,-1.3102889149912119e-05,-0.00030350306804397773,-8.057301602093503e-05,-6.408999109197566e-09,-1.7301486592844101e-06,-8.569831040346968e-05,-6.959658554308399e-05
446,0.0801903563775475,0.04969051417313783,0.04999999696955334,-1.1770279377417933e-07,-1.2948121649830175e-05,-0.0003002084191300838,-8.143783634295687e-05,-5.784819734344637e-09,-1.718840288809071e-06,-8.506450160995957e-05,-6.796649160177671e-05
447,0.08044885328320871,0.04967191536988214,0.04999999714022545,-1.1969403133808544e-07,-1.284702491628375e-05,-0.00029697131568597035,-8.226572390412912e-05,-5.242903444724334e-09,-1.7079467797429232e-06,-8.445083915992959e-05,-6.634654786279546e-05
448,0.08070903292684248,0.04965319425426047,0.049999997307886575,-1.2215703457493798e-07,-1.2794960178690602e-05,-0.0002937915266565548,-8.306366362376139e-05,-4.8394381835237255e-09,-1.6974795620751507e-06,-8.385685474169662e-05,-6.473662241554006e-05
449,0.080970743130994,0.04963440169704429,0.04999999747190149,-1.2510522858244872e-07,-1.2786869806135564e-05,-0.00029066936364398923,-8.381553197978064e-05,-4.238834616643317e-09,-1.6874146277520115e-06,-8.328208880879108e-05,-6.313670771078819e-05
450,0.0812338977507997,0.049615598645951185,0.049999997631713776,-1.2849282343556962e-07,-1.2818725917286781e-05,-0.0002876046546150476,-8.453027840005234e-05,-3.819234262181226e-09,-1.677736606377205e-06,-8.272608988393364e-05,-6.154691567448369e-05
451,0.08149833583903926,0.04959683124997222,0.049999997786841235,-1.3231078258640067e-07,-1.2885553619753534e-05,-0.00028459745653577494,-8.52043813210912e-05,-3.4701472806375477e-09,-1.6684375496435669e-06,-8.218841535008367e-05,-5.996746542096947e-05
452,0.08176393293537698,0.04957816817770547,0.049999997936883235,-1.3653971372942906e-07,-1.2983314537089158e-05,-0.00028164753340114616,-8.584195893490687e-05,-3.1693205837513005e-09,-1.6595054127950934e-06,-8.166863243408747e-05,-5.8398666205686326e-05
453,0.08203051900077195,0.0495596543696396,0.04999999808151469,-1.4117257160486074e-07,-1.3107559909415071e-05,-0.0002787546685372652,-8.643932233098894e-05,-2.861883618976435e-09,-1.6509286107678887e-06,-8.11663169329889e-05,-5.684092011944103e-05
454,0.08229794032155276,0.04954134418541431,0.04999999822048448,-1.4619830267462816e-07,-1.3254166400638581e-05,-0.0002759186298727338,-8.699832687852904e-05,-2.5931143898816345e-09,-1.6426951208666825e-06,-8.068105310729853e-05,-5.529470878078312e-05
455,0.08256603891360145,0.04952328633416694,0.049999998353607716,-1.516054866338111e-07,-1.3419250599932556e-05,-0.00027313901515850926,-8.751811401452869e-05,-2.365279971883183e-09,-1.6347927022415918e-06,-8.021243368531697e-05,-5.37605810000782e-05
456,0.08283464846404434,0.049505530229911644,0.049999998480760525,-1.5738450587424293e-07,-1.359921078450379e-05,-0.0002704155270326011,-8.800120849628001e-05,-2.1547814643696483e-09,-1.6272117355920635e-06,-7.976006031420611e-05,-5.2239144217741427e-05
457,0.08310360230407275,0.04948811983286415,0.049999998601875,-1.6352811558934088e-07,-1.3790616473808052e-05,-0.0002677476954993945,-8.844826515996829e-05,-1.9789807570447238e-09,-1.619943417884251e-06,-7.932354344456006e-05,-5.073105439780648e-05
458,0.08337273649508453,0.04947109898553486,0.049999998716932045,-1.7002821349507543e-07,-1.3990404556209943e-05,-0.0002651350935338269,-8.885583520168439e-05,-1.8033207149770192e-09,-1.6129796413529254e-06,-7.890250211536368e-05,-4.923700709018335e-05
459,0.08364188746695601,0.04945451028294904,0.049999998825955544,-1.7687904415397358e-07,-1.41956542706972e-05,-0.0002625772220412544,-8.92264288268052e-05,-1.647793901327077e-09,-1.606311696885491e-06,-7.84965636124931e-05,-4.7757729779796554e-05
460,0.0839108981358604,0.04943839756085952,0.04999999892900566,-1.840703264837941e-07,-1.440375320038096e-05,-0.00026007365089578816,-8.955968223745003e-05,-1.5177656909060033e-09,-1.5999291190996881e-06,-7.810536325405132e-05,-4.629397103231586e-05
461,0.08417961741692341,0.04942279997171237,0.04999999902617164,-1.9158736366937575e-07,-1.461231826428606e-05,-0.0002576239625896325,-8.985691965790465e-05,-1.4129191150402676e-09,-1.5938224666325276e-06,-7.772854471984307e-05,-4.484649288788348e-05
462,0.08444789159726855,0.04940775496991559,0.04999999911756773,-1.994176266384923e-07,-1.4819196474966367e-05,-0.000255227605542255,-9.012255031848326e-05,-1.314177988653853e-09,-1.5879822109376675e-06,-7.736576015128155e-05,-4.3416064878256385e-05
463,0.08471556401301437,0.04939329827612872,0.04999999920332826,-2.0754690156113049e-07,-1.5022455691668183e-05,-0.00025288402346612795,-9.035375842358917e-05,-1.2353378320284492e-09,-1.5823995054089031e-06,-7.7016670064002e-05,-4.200345771727371e-05
464,0.08498247373164314,0.049379459202546036,0.04999999928360376,-2.1596507945153438e-07,-1.52204481294624e-05,-0.000250592560324225,-9.055705595528707e-05,-1.1672794952843901e-09,-1.5770648133551711e-06,-7.668094275367976e-05,-4.060943823462654e-05
465,0.08524846683129521,0.04936626155179303,0.049999999358557486,-2.2465866747922597e-07,-1.5411650842554596e-05,-0.0002483526175818638,-9.07285648281686e-05,-1.1058939319852357e-09,-1.5719698690863446e-06,-7.635825386718497e-05,-3.923476540059666e-05
466,0.08551338661593032,0.04935373042917993,0.04999999942836254,-2.3361942565688234e-07,-1.559478794253534e-05,-0.00024616355220916705,-9.08732254174538e-05,-1.05743280798265e-09,-1.5671074114284306e-06,-7.604828692085861e-05,-3.7880184077890365e-05
467,0.08577708915516219,0.04934188822233858,0.049999999493198014,-2.4283187112605044e-07,-1.5768784926883966e-05,-0.00024402477016160067,-9.09897280507721e-05,-1.022743889578237e-09,-1.5624700446902603e-06,-7.575073324648325e-05,-3.654642071591328e-05
468,0.08603943095743145,0.049330750238775777,0.049999999553245286,-2.5228376143655286e-07,-1.593270362280783e-05,-0.00024193561996167722,-9.108168160310015e-05,-9.926123256676078e-10,-1.5580507847651085e-06,-7.546529167513752e-05,-3.523417998979444e-05
469,0.08630027562017392,0.049320332385272295,0.04999999960868621,-2.61960119489672e-07,-1.6085787171406294e-05,-0.0002398954182311527,-9.11472161533311e-05,-9.706753179017369e-10,-1.553842460207442e-06,-7.519166838667877e-05,-3.394414072649506e-05
470,0.08655948612702323,0.049310646779862244,0.049999999659701144,-2.7184843722944967e-07,-1.6227444166885416e-05,-0.00023790345213180734,-9.11903553060256e-05,-9.529873556957114e-10,-1.549838225132093e-06,-7.492957632474592e-05,-3.2676953815645874e-05
471,0.08681693275992329,0.04930169916797973,0.04999999970646727,-2.8193333518203443e-07,-1.6357172740340003e-05,-0.00023595901478077726,-9.121284529101104e-05,-9.433511749534773e-10,-1.5460326939912746e-06,-7.467873552837224e-05,-3.14332389370708e-05
472,0.08707249173749647,0.04929349507720323,0.04999999974915671,-2.921985602443835e-07,-1.647464820024541e-05,-0.00023406148732064443,-9.121388575294986e-05,-9.378360310563494e-10,-1.54242021452931e-06,-7.44388733366973e-05,-3.0213582254698022e-05
473,0.08732604559187743,0.049286041058473895,0.04999999978793599,-3.026292983593974e-07,-1.6579621246977545e-05,-0.00023221014783007143,-9.119444439420477e-05,-9.404174106109053e-10,-1.538995068810003e-06,-7.420972390672984e-05,-2.9018535798240864e-05
474,0.08757747768775036,0.04927933475045822,0.04999999982296555,-3.132107249300613e-07,-1.6671951626748123e-05,-0.00023040432706675055,-9.115818102145568e-05,-9.400755729416232e-10,-1.5357521225505987e-06,-7.399102790754835e-05,-2.784861537578321e-05
475,0.08782668011671567,0.04927337365819111,0.04999999985439903,-3.23926780070304e-07,-1.6751616024044397e-05,-0.00022864323443571086,-9.110412065638229e-05,-9.453243743351436e-10,-1.5326856356627652e-06,-7.37825321585161e-05,-2.670429966527149e-05
476,0.08807354900429623,0.04926815642378399,0.04999999988238273,-3.347603134351479e-07,-1.6818581448205946e-05,-0.00022692625018819868,-9.103480988414958e-05,-9.497592712293113e-10,-1.5297924207728136e-06,-7.358398987131038e-05,-2.558602971316799e-05
477,0.08831798673576602,0.049263673996909015,0.04999999990705569,-3.456957616126899e-07,-1.6872988899533e-05,-0.00022525268821222801,-9.094857523450628e-05,-9.66966506865674e-10,-1.5270684736277925e-06,-7.339516067624295e-05,-2.4494207347229938e-05
478,0.08855990396012227,0.04925992012299652,0.0499999999285498,-3.5671644186130597e-07,-1.6914988783196157e-05,-0.00022362179970217326,-9.085131023311988e-05,-9.696669023284699e-10,-1.524510149515516e-06,-7.321581031720951e-05,-2.3429196978602892e-05
479,0.08879920855303952,0.04925688589886727,0.04999999994698996,-3.678085318379521e-07,-1.694475152341999e-05,-0.00022203290615842886,-9.073995897779241e-05,-9.839309367265514e-10,-1.5221154048975743e-06,-7.304571031326127e-05,-2.239132384566462e-05
480,0.08903582504129964,0.049254556671124064,0.04999999996249424,-3.78954892685206e-07,-1.6962592696498527e-05,-0.0002204852993637472,-9.061730088433251e-05,-9.979851389729788e-10,-1.5198826765756528e-06,-7.288463754823633e-05,-2.1380873313264504e-05
481,0.0892696807630107,0.04925292400974803,0.049999999975174306,-3.90140620031464e-07,-1.6968703273097314e-05,-0.00021897838112746316,-9.047984349308535e-05,-1.0153552443270542e-09,-1.5178091678752919e-06,-7.273237453471847e-05,-2.039809128339854e-05
482,0.08950071474473076,0.04925197938309198,0.049999999985135775,-4.0134225263760875e-07,-1.6963403076864377e-05,-0.00021751157146185644,-9.033408423420042e-05,-1.0288077056941347e-09,-1.5158868407030798e-06,-7.258870952429102e-05,-1.9443183166584886e-05
483,0.08972886672762459,0.04925170803609195,0.049999999992478804,-4.125302690879055e-07,-1.6946947129067805e-05,-0.00021608422860826357,-9.017943375511095e-05,-1.047417597099809e-09,-1.5141135588155715e-06,-7.24534363086844e-05,-1.8516316471574854e-05
484,0.0899540701604886,0.049252093231829414,0.04999999999729915,-4.2369415765183986e-07,-1.691981501604488e-05,-0.0002146955993930249,-9.002032311400399e-05,-1.0387746218754046e-09,-1.5124861661382734e-06,-7.232635384519506e-05,-1.7617623015804278e-05
485,0.09017626208683766,0.04925311609375713,0.04999999999968868,-4.3481813683794554e-07,-1.6882448298920652e-05,-0.0002133450280689813,-8.985387103166431e-05,-1.0514910053771587e-09,-1.5110018070149445e-06,-7.22072655080687e-05,-1.674720088386307e-05
486,0.09039538734772651,0.04925475156146475,0.049999999999735645,-4.458907859938664e-07,-1.683525564428221e-05,-0.00021203188932315036,-8.968286419985816e-05,-1.0626691748782946e-09,-1.5096592098426691e-06,-7.209597944148329e-05,-1.5905115388624123e-05
487,0.09061139708329047,0.04925698041483386,0.049999999997525094,-4.568994428167872e-07,-1.6778675153068006e-05,-0.00021075553545921112,-8.950427582021803e-05,-1.063026444647619e-09,-1.5084559015208798e-06,-7.19923087374243e-05,-1.5091398655101797e-05
488,0.09082425041941689,0.049259786036128544,0.04999999999313922,-4.678275968920464e-07,-1.6713157898181964e-05,-0.0002095153151663215,-8.932340278988704e-05,-1.0704376274262017e-09,-1.5073906295510125e-06,-7.189607129367328e-05,-1.4306051227278047e-05
489,0.09103390627204277,0.04926314132928544,0.049999999986657884,-4.786624277072124e-07,-1.6639138793847845e-05,-0.00020831061548022393,-8.913801866583526e-05,-1.0710067277486246e-09,-1.506461068230142e-06,-7.180708953755176e-05,-1.3549043633638817e-05
490,0.09124033174716516,0.049267027246713696,0.049999999978159106,-4.893910612871969e-07,-1.6557077992523343e-05,-0.00020714084918951474,-8.894944767234847e-05,-1.0828519192429553e-09,-1.505666002444859e-06,-7.172518965489712e-05,-1.2820316811127634e-05
491,0.09144349948090742,0.04927142028173867,0.049999999967719276,-5.000026534260462e-07,-1.64673696073546e-05,-0.00020600546209539425,-8.875983621692285e-05,-1.0759094726253693e-09,-1.5050004932617827e-06,-7.165020227011196e-05,-1.211978303538456e-05
492,0.09164338388838007,0.04927629702944405,0.04999999995541377,-5.104741858321224e-07,-1.6370496812741182e-05,-0.00020490391697577777,-8.856885688146576e-05,-1.0813531181597114e-09,-1.504458116923149e-06,-7.15819624054391e-05,-1.144732904737292e-05
493,0.09183995389336282,0.04928163094799255,0.049999999941317236,-5.207962050793972e-07,-1.6266926221386395e-05,-0.0002038351133060938,-8.838198846206069e-05,-1.0728230526169114e-09,-1.5040653257213572e-06,-7.152030881686545e-05,-1.0802822108170921e-05
494,0.09203317925899651,0.049287393829764416,0.04999999992550223,-5.310203846442176e-07,-1.6157303313715403e-05,-0.0002027990414764363,-8.818011701805517e-05,-1.0679980233518904e-09,-1.5038009229713423e-06,-7.146508383336708e-05,-1.0186101101913581e-05
495,0.09222308860118739,0.04929358386911262,0.049999999908041874,-5.410611037934779e-07,-1.6041686397807595e-05,-0.00020179505208183152,-8.798361523076892e-05,-1.0954461782120006e-09,-1.5036629899955763e-06,-7.141613308080557e-05,-9.596976864288625e-06
496,0.09240966035547434,0.04930016642618143,0.04999999988901086,-5.50923082256636e-07,-1.5920349229575424e-05,-0.00020082269664277054,-8.778682968113571e-05,-1.0612338785520592e-09,-1.5036544028761657e-06,-7.137330641291863e-05,-9.035237457438052e-06
497,0.09259289576623961,0.049307137442884785,0.04999999986848386,-5.605890464027466e-07,-1.5794056102908606e-05,-0.0001998813250818046,-8.759358752286062e-05,-1.0631707736408202e-09,-1.5037722341694252e-06,-7.133645775676539e-05,-8.500651229943608e-06
498,0.092772774130691,0.04931445981759545,0.049999999846535886,-5.700653273792022e-07,-1.566314830997903e-05,-0.00019897041495700875,-8.740027260500938e-05,-1.050913800426656e-09,-1.5040159551358377e-06,-7.130544378680159e-05,-7.992973062847672e-06
499,0.09294929576096914,0.04932211083907262,0.049999999823241735,-5.793438525855343e-07,-1.5528033142057367e-05,-0.0001980894546334465,-8.720815822016448e-05,-1.0473691913759353e-09,-1.5043847814759117e-06,-7.12801243201606e-05,-7.511940999756871e-06
500,0.09312246344949009,0.04933007302201248,0.049999999798676656,-5.884189183119201e-07,-1.5389054211071048e-05,-0.0001972379210670487,-8.702039485797286e-05,-1.0345164724867573e-09,-1.5048783042934608e-06,-7.126036209365552e-05,-7.057277613921535e-06
501,0.09329228182501037,0.04933831820223687,0.049999999772916096,-5.972862858629472e-07,-1.5246621791875808e-05,-0.000196415349992246,-8.68312272359617e-05,-1.0346093981539184e-09,-1.5054965601119969e-06,-7.124602293418498e-05,-6.628691042500928e-06
502,0.09345876043076383,0.04934683133947357,0.049999999746035605,-6.059412731375284e-07,-1.5101073894687874e-05,-0.00019562124981061164,-8.664784400025383e-05,-1.0130463135027412e-09,-1.5062392512444417e-06,-7.123697583437567e-05,-6.225876043007646e-06
503,0.09362191104033116,0.04935558726669598,0.04999999971811117,-6.143775587753551e-07,-1.495277869825404e-05,-0.00019485514781563868,-8.646545029478148e-05,-1.0006262485262596e-09,-1.5071060974519259e-06,-7.123309279616917e-05,-5.848515195754001e-06
504,0.09378174711970622,0.049364571290747644,0.04999999968921934,-6.225913000903445e-07,-1.4802088318605764e-05,-0.0001941165877395504,-8.62857123138383e-05,-9.972541681335656e-10,-1.5080962294706733e-06,-7.123424846882871e-05,-5.496280444958607e-06
505,0.09393828564781126,0.04937375963150595,0.04999999965943675,-6.305794100544134e-07,-1.464929094198102e-05,-0.00019340509821603931,-8.610938675701618e-05,-9.795771971354839e-10,-1.5092093404899887e-06,-7.124031979465296e-05,-5.168834328474894e-06
506,0.09409154350390347,0.04938313625913718,0.04999999962883975,-6.383415156000391e-07,-1.449474048513555e-05,-0.00019272027694058736,-8.593644452048466e-05,-9.684673063503624e-10,-1.5104456247931395e-06,-7.125118635956618e-05,-4.865831453178548e-06
507,0.09424154243371505,0.04939268201815253,0.04999999959750433,-6.458748006866715e-07,-1.433868818553469e-05,-0.00019206169233741262,-8.576844265917316e-05,-9.571511361272655e-10,-1.511805120686993e-06,-7.126673041668676e-05,-4.58691890692038e-06
508,0.0943883063749945,0.049402376207221474,0.04999999956550635,-6.531768704367767e-07,-1.4181443634499273e-05,-0.00019142891155488512,-8.560193236917257e-05,-9.433063219432825e-10,-1.5132874732672537e-06,-7.12868367900534e-05,-4.331737306572474e-06
509,0.09453185944794465,0.04941220395776308,0.04999999953292152,-6.602456218928692e-07,-1.402327124353306e-05,-0.00019082149841997533,-8.544142474420369e-05,-9.276554524539904e-10,-1.5148917276748869e-06,-7.131139243031915e-05,-4.099922499244765e-06
510,0.09467222720214602,0.04942214851953853,0.04999999949982472,-6.670837092894402e-07,-1.386442874811481e-05,-0.00019023912761054077,-8.52829180075787e-05,-9.146796098313814e-10,-1.5166187881994966e-06,-7.134028624358476e-05,-3.891105516633752e-06
511,0.09480944134841758,0.04943219352527667,0.04999999946628945,-6.736894187422443e-07,-1.3705200231188528e-05,-0.00018968132431325575,-8.513095963280648e-05,-8.964273767730901e-10,-1.5184680821731583e-06,-7.137340955642275e-05,-3.7049144754549918e-06
512,0.09494352808251635,0.049442323273410485,0.04999999943238861,-6.800633646210169e-07,-1.3545788193343304e-05,-0.00018914778921050172,-8.498101669829339e-05,-8.907414250636236e-10,-1.5204397900404422e-06,-7.141065574871242e-05,-3.5409756536559454e-06
513,0.09507452156830533,0.049452522609103544,0.04999999939819333,-6.862096978986995e-07,-1.3386451152856817e-05,-0.00018863803932920198,-8.483813144266605e-05,-8.710633325748063e-10,-1.5225334978295359e-06,-7.145192029384131e-05,-3.398913531382507e-06
514,0.09520245320656211,0.049462776190199786,0.04999999936377369,-6.921241548463865e-07,-1.322734812924176e-05,-0.0001881517675226793,-8.469830936519429e-05,-8.580750554543215e-10,-1.5247490720681482e-06,-7.14971007464186e-05,-3.2783516192960327e-06
515,0.09532735963020184,0.04947307057128164,0.04999999932919898,-6.978098287961843e-07,-1.3068685181328922e-05,-0.0001876886377676169,-8.45635004225187e-05,-8.440623200378639e-10,-1.5270865744209169e-06,-7.154609619300566e-05,-3.178913130178931e-06
516,0.0954492761816202,0.049483393232531724,0.0499999992945353,-7.032726536409959e-07,-1.2910685575758056e-05,-0.00018724826090478917,-8.443358092335984e-05,-8.241959892352213e-10,-1.5295459287517444e-06,-7.159880748403534e-05,-3.1002223980104673e-06
517,0.0955682392755444,0.049493729936393484,0.04999999925984703,-7.085102935845554e-07,-1.2753504195911121e-05,-0.00018683054491930537,-8.430727029917762e-05,-8.159092290682679e-10,-1.5321138193273701e-06,-7.165513741275217e-05,-3.0419042163978926e-06
518,0.09568428624477013,0.049504067282269984,0.049999999225198044,-7.134965127453052e-07,-1.259732922269785e-05,-0.00018643451039199372,-8.419679215876386e-05,-8.031862397395173e-10,-1.5348163906697907e-06,-7.17149905207874e-05,-3.0035947038938026e-06
519,0.09579743362861512,0.04951437949453589,0.0499999991906442,-7.183303648182462e-07,-1.2442502974855305e-05,-0.00018606023127941003,-8.407601126236841e-05,-7.756165709693619e-10,-1.5376453020661318e-06,-7.17782729443914e-05,-2.9849317160972058e-06
520,0.0959077547747081,0.04952467836305329,0.04999999915624025,-7.229429942912396e-07,-1.2288986340556536e-05,-0.00018570737643297075,-8.396408520638943e-05,-7.869652707270802e-10,-1.5405937785146487e-06,-7.18448918870466e-05,-2.9855457835266747e-06
521,0.09601528357600914,0.04953494116559005,0.049999999122043816,-7.273411802299281e-07,-1.2136634011886201e-05,-0.00018537578574775014,-8.385458204429597e-05,-7.621295816662155e-10,-1.5436673368677533e-06,-7.191475634960993e-05,-3.005068485108675e-06
522,0.09612007332084038,0.04954516639788136,0.04999999908810945,-7.315151500398614e-07,-1.1985835264104557e-05,-0.00018506554494579616,-8.375156176043674e-05,-7.432887638714192e-10,-1.5468802237927181e-06,-7.198778249406683e-05,-3.043135644544152e-06
523,0.09622215156717884,0.04955516526740747,0.04999999905449597,-7.354856587181074e-07,-1.1836664583093215e-05,-0.0001847765877053598,-8.36500694276765e-05,-7.33599514468608e-10,-1.5502126048632125e-06,-7.2063891468405e-05,-3.0993876185299725e-06
524,0.09632156485796194,0.049564896271350356,0.049999999021268234,-7.392091991069062e-07,-1.1689138562221499e-05,-0.00018450821526709509,-8.356395119335502e-05,-7.205855356851032e-10,-1.5536691230144713e-06,-7.214300785785108e-05,-3.17347376753214e-06
525,0.09641833844348273,0.049574356958379744,0.04999999898848145,-7.427515351166837e-07,-1.1543520002975315e-05,-0.00018426005912543494,-8.347693074028939e-05,-7.00023650157533e-10,-1.557247638502759e-06,-7.222505630704976e-05,-3.265055657881656e-06
526,0.0965125219827694,0.04958356724633435,0.04999999895617959,-7.461066247361612e-07,-1.1400014000050157e-05,-0.0001840317165201062,-8.3393526438158e-05,-6.890736314879575e-10,-1.5609443040105216e-06,-7.230996229171959e-05,-3.3738008670264703e-06
527,0.0966041546354463,0.04959253433353579,0.049999998924400706,-7.492900106973279e-07,-1.1258559943670239e-05,-0.00018382288751549454,-8.331106801051646e-05,-6.689704346030112e-10,-1.5647593842658524e-06,-7.239765213449096e-05,-3.499382039425145e-06
528,0.09669328860695918,0.0496012796017462,0.04999999889317723,-7.522937166629939e-07,-1.1119258335237506e-05,-0.0001836332568679572,-8.323277143063024e-05,-6.623766535263087e-10,-1.568692856323374e-06,-7.248805386080715e-05,-3.6414753613897415e-06
529,0.09677996841957583,0.0496098140698894,0.04999999886253833,-7.551220755973165e-07,-1.0982182129104127e-05,-0.00018346253318346034,-8.315726154251024e-05,-6.45888120764937e-10,-1.5727446116245557e-06,-7.258109684428426e-05,-3.7997639038364756e-06
530,0.09686423941680412,0.04961815086773705,0.04999999883250891,-7.577771700050553e-07,-1.0847433082164907e-05,-0.00018331045596307446,-8.308554242830724e-05,-6.347428693764812e-10,-1.5769145909490425e-06,-7.267671113993502e-05,-3.973937667174612e-06
531,0.09694614734925854,0.049626300422075977,0.04999999880310979,-7.602637157074673e-07,-1.0715035581731241e-05,-0.00018317666817714727,-8.301976777147502e-05,-6.15793582792179e-10,-1.581203585071889e-06,-7.277482786430087e-05,-4.163694670062816e-06
532,0.0970257344273004,0.04963427152281369,0.049999998774358435,-7.625843215811056e-07,-1.0585073190033069e-05,-0.00018306096656991417,-8.29558412078768e-05,-6.107592764870162e-10,-1.5856126067319029e-06,-7.287537941789831e-05,-4.368740989580133e-06
533,0.09710304759484223,0.04964207476378193,0.049999998746269834,-7.647413533609613e-07,-1.0457582883820019e-05,-0.000182963075807638,-8.289433753816411e-05,-6.01901750663103e-10,-1.5901424915221565e-06,-7.297829921543714e-05,-4.588790211303162e-06
534,0.09717813101721702,0.049649717132448035,0.0499999987188559,-7.667389943511983e-07,-1.033258788575751e-05,-0.00018288271140326249,-8.283997158287093e-05,-5.865984920028211e-10,-1.5947937739859738e-06,-7.308352168139846e-05,-4.823563886062369e-06
535,0.09725102960149123,0.04965720338126908,0.049999998692126804,-7.685770654601386e-07,-1.0210112269467064e-05,-0.0001828196520651393,-8.279113535536453e-05,-5.832210825396089e-10,-1.5995675209500464e-06,-7.319098195791717e-05,-5.072791832131289e-06
536,0.09732178786303046,0.04966453854094838,0.04999999866609019,-7.702631614622983e-07,-1.0090194871568873e-05,-0.00018277366749118868,-8.274237916339189e-05,-5.719348328270257e-10,-1.6044649048548545e-06,-7.330061602089859e-05,-5.336212242685088e-06
537,0.09739045068964118,0.04967173009119814,0.0499999986407504,-7.718000295673892e-07,-9.972838676895515e-06,-0.00018274450050943146,-8.270068792626262e-05,-5.650672152412994e-10,-1.6094869238844016e-06,-7.341236080347288e-05,-5.613571747248685e-06
538,0.09745706175410793,0.04967877999486333,0.04999999861611045,-7.731896755903002e-07,-9.85806084826285e-06,-0.00018273191282427854,-8.266021905001253e-05,-5.578811856921106e-10,-1.6146347177351075e-06,-7.35261541804435e-05,-5.904625562469137e-06
539,0.09752166573160412,0.049685693289675,0.049999998592172135,-7.74434835062204e-07,-9.745902544527197e-06,-0.00018273567343722534,-8.26261384645477e-05,-5.456813334525634e-10,-1.6199087987483344e-06,-7.364193472841021e-05,-6.209136875607773e-06
540,0.09758430677017614,0.04969247229644779,0.04999999856893573,-7.7553809633961e-07,-9.63632575743081e-06,-0.00018275557454694,-8.259574678959325e-05,-5.42909495138133e-10,-1.6253103221320153e-06,-7.375964156381443e-05,-6.526876841256075e-06
541,0.09764502892611708,0.0496991202049951,0.04999999854639972,-7.765035143951346e-07,-9.529338545047075e-06,-0.00018279130949686945,-8.257020817836747e-05,-5.361053823094153e-10,-1.6308438093657496e-06,-7.387921458403164e-05,-6.857626395329519e-06
542,0.09770387415104341,0.049705638512416356,0.04999999852455991,-7.773466428353335e-07,-9.424982648298202e-06,-0.00018284284792589216,-8.254460408352315e-05,-5.305816341838465e-10,-1.636502784769489e-06,-7.400059456237157e-05,-7.2011715356865706e-06
543,0.09776089135689531,0.04971203364516371,0.04999999850341354,-7.780342373186699e-07,-9.323162786266114e-06,-0.00018290984534223695,-8.252885163528845e-05,-5.287367210726757e-10,-1.642291431882628e-06,-7.412372297748803e-05,-7.557307130167627e-06
544,0.09781611436758664,0.049718301202008826,0.049999998482955034,-7.786035496498941e-07,-9.223933217315535e-06,-0.00018299214982403026,-8.251529652625322e-05,-5.236828748422795e-10,-1.6482070696483153e-06,-7.424854209883683e-05,-7.925840492782206e-06
545,0.09786958815186413,0.049724443916649715,0.04999999846317607,-7.790341390763122e-07,-9.127347082231558e-06,-0.00018308927633394433,-8.250949758803472e-05,-5.215557985494002e-10,-1.6542594670395865e-06,-7.437499462740014e-05,-8.306591516018394e-06
546,0.09792134633620996,0.04973045661009937,0.04999999844406447,-7.793843054795266e-07,-9.033370387308121e-06,-0.0001832012645455669,-8.249878010246903e-05,-5.157418381251944e-10,-1.6604447266498334e-06,-7.450302369639686e-05,-8.699385526229379e-06
547,0.09797144415176026,0.049736350240817045,0.04999999842560835,-7.796039445841372e-07,-8.941929912967123e-06,-0.0001833278288497803,-8.249556412920356e-05,-5.073777509245758e-10,-1.6667618373463145e-06,-7.463257310202662e-05,-9.104048160521201e-06
548,0.0980199175917686,0.04974212419904709,0.04999999840779895,-7.797093768080669e-07,-8.852916166711117e-06,-0.00018346880760657298,-8.249526581494138e-05,-5.10033848488689e-10,-1.6732138681350757e-06,-7.476358767736318e-05,-9.520414759071758e-06
549,0.09806680872978601,0.049747784010123135,0.04999999839062533,-7.796963403651848e-07,-8.766456493351843e-06,-0.00018362402281451294,-8.249942766269669e-05,-5.079417442210854e-10,-1.6797995253821142e-06,-7.489601292055193e-05,-9.948329586105702e-06
550,0.09811215515333459,0.04975332376330787,0.049999998374075705,-7.795738233620335e-07,-8.682465961574937e-06,-0.00018379366749880164,-8.250749669969082e-05,-5.012178450058968e-10,-1.6865094100510362e-06,-7.50298024182371e-05,-1.0387641799259026e-05
551,0.09815598446300518,0.04975870670024657,0.04999999835815403,-7.793382407943917e-07,-8.600743151336458e-06,-0.00018397754262745782,-8.251782855950296e-05,-5.025533877933697e-10,-1.6933716276845382e-06,-7.516491500192692e-05,-1.0838207531372165e-05
552,0.09819833054521077,0.049763924560198985,0.04999999834288035,-7.789987000857898e-07,-8.521257829486321e-06,-0.00018417530339594017,-8.253317355411127e-05,-5.01792551954594e-10,-1.7003702799624108e-06,-7.530131874519089e-05,-1.1299889274290071e-05
553,0.09823923197029849,0.049768984438528126,0.04999999832826044,-7.7856766360646e-07,-8.444032576475035e-06,-0.00018438885898501705,-8.254878775915131e-05,-5.003391589930573e-10,-1.7074959511175713e-06,-7.543897813881679e-05,-1.1772557513998185e-05
554,0.09827877159875184,0.049772499720519954,0.049999998314286885,-7.780692911726715e-07,-8.370611677126536e-06,-0.0001846246227070865,-8.256953879026696e-05,-4.923989549432406e-10,-1.714269217502228e-06,-7.55776047517663e-05,-1.2256283120660047e-05
555,0.09831715214308989,0.049768989635494754,0.0499999983003276,-7.775352252081231e-07,-8.306733298921003e-06,-0.0001848710697299978,-8.259040623670444e-05,-4.64970034697032e-10,-1.7216669294584534e-06,-7.571706679045811e-05,-1.275105022987641e-05
556,0.09835416564017799,0.04976588255630245,0.04999999828634108,-7.767588327052925e-07,-8.243990206990912e-06,-0.00018512926879305392,-8.257676381617785e-05,-4.628225858116508e-10,-1.729487251745016e-06,-7.585739109351334e-05,-1.3256739026784203e-05
557,0.09838985782889387,0.0497632975294017,0.049999998272629465,-7.75800737162745e-07,-8.182539717049579e-06,-0.00018540022168197525,-8.25173847260885e-05,-5.010438730579381e-10,-1.7376842019010204e-06,-7.599859975321305e-05,-1.3773236159395213e-05
558,0.09842425479119964,0.04976115768073687,0.04999999825942725,-7.746948151553033e-07,-8.122714582745323e-06,-0.00018568374436830472,-8.245332719525322e-05,-4.997101621384559e-10,-1.7461955567147201e-06,-7.614071173415062e-05,-1.4300437930988377e-05
559,0.09845739277039982,0.04975949155165958,0.04999999824691294,-7.73473566673787e-07,-8.06463454618623e-06,-0.00018597955329287705,-8.240908937295899e-05,-4.748338944260411e-10,-1.7549766266393712e-06,-7.628374195168297e-05,-1.4838248454474772e-05
560,0.09848930758511859,0.04975828654378373,0.04999999823519693,-7.721728332281338e-07,-8.00835750198582e-06,-0.00018628731205946804,-8.237943984568119e-05,-4.647389972856075e-10,-1.763995151028948e-06,-7.642769797983644e-05,-1.538658005488117e-05
561,0.09852003323622026,0.04975751761473633,0.04999999822433182,-7.708149794425213e-07,-7.953926777654726e-06,-0.00018660662918079966,-8.236279973061755e-05,-4.511084839009527e-10,-1.773225861544382e-06,-7.65725827699545e-05,-1.594535355716863e-05
562,0.09854960267569772,0.0497571568746458,0.049999998214326304,-7.694146201102281e-07,-7.901372072295834e-06,-0.00018693721778962092,-8.235716086346656e-05,-4.593427027632657e-10,-1.782651515962588e-06,-7.671839574713072e-05,-1.6514497617453386e-05
563,0.0985780479738589,0.04975716974304488,0.04999999820515548,-7.67981856020101e-07,-7.850680120413038e-06,-0.00018727891986893347,-8.235935092670843e-05,-4.5714329544033205e-10,-1.7922589924046224e-06,-7.686513361951503e-05,-1.709394788627029e-05
564,0.09860540251184227,0.049757525108934636,0.04999999819677084,-7.66516792238299e-07,-7.801851615563813e-06,-0.00018763153527863514,-8.237192378146574e-05,-4.551639898320303e-10,-1.8022464245494814e-06,-7.70128048536599e-05,-1.7683643181648888e-05
565,0.09863169202570612,0.04975818260139708,0.049999998189111626,-7.649785970462154e-07,-7.754726601643464e-06,-0.00018799433271582226,-8.240096212830395e-05,-4.687231158762017e-10,-1.8123391305201386e-06,-7.716141363211452e-05,-1.8283539935850734e-05
566,0.09865693723802582,0.04975909567759595,0.04999999818209862,-7.634591690553168e-07,-7.70955075732443e-06,-0.00018836713704310036,-8.242835610872135e-05,-4.722952584579332e-10,-1.8225458206987252e-06,-7.731094289957876e-05,-1.889361196776691e-05
567,0.09868117282720626,0.049760239066384764,0.04999999817564388,-7.619272956388384e-07,-7.666261487575105e-06,-0.00018874974244695734,-8.24612652650103e-05,-4.5579603979994943e-10,-1.8328671072539547e-06,-7.74613763992345e-05,-1.951382962973878e-05
568,0.09870442752308739,0.0497615770742546,0.04999999816966477,-7.603805483703668e-07,-7.624623221407244e-06,-0.0001891421733562262,-8.249541133409366e-05,-4.712338852463915e-10,-1.8433096432980973e-06,-7.76126977323512e-05,-2.0144161332730502e-05
569,0.09872673528781108,0.04976309131756815,0.04999999816408506,-7.587906769108501e-07,-7.584676913125467e-06,-0.00018954411943696034,-8.253304986283183e-05,-4.712982781818198e-10,-1.853873061385721e-06,-7.776489086343095e-05,-2.0784578293255858e-05
570,0.09874812030001395,0.04976475841228357,0.04999999815883686,-7.571582476935801e-07,-7.546370919354359e-06,-0.00018995508039794083,-8.257522131316364e-05,-4.739183490087839e-10,-1.8643298736196115e-06,-7.79179240644732e-05,-2.1435061076079446e-05
571,0.09876861044683466,0.04976655396376639,0.04999999815385378,-7.555239410379755e-07,-7.509785135668665e-06,-0.00019037541379322173,-8.260853792307898e-05,-4.75183614678798e-10,-1.874965609596816e-06,-7.807176728653534e-05,-2.2095583880204068e-05
572,0.0987882394927425,0.049768471316058084,0.0499999981490853,-7.537873396387703e-07,-7.474658601455335e-06,-0.00019080482808242583,-8.26528703328222e-05,-4.657573771105206e-10,-1.885761093293198e-06,-7.822641026306055e-05,-2.2766113727395626e-05
573,0.09880702401862947,0.04977048213860911,0.04999999814449285,-7.519755202625348e-07,-7.440908526699236e-06,-0.00019124336337853547,-8.270086254924536e-05,-4.920484020232152e-10,-1.8967117579666022e-06,-7.838183994045533e-05,-2.3446632473120147e-05
574,0.09882498862681305,0.04977257621997475,0.04999999814004006,-7.500820790601082e-07,-7.408734794721235e-06,-0.00019169058578970575,-8.275433356175199e-05,-4.745623338742178e-10,-1.9078012457156348e-06,-7.853804139561514e-05,-2.4137133122983932e-05
575,0.09884215036356865,0.0497747259166045,0.04999999813569516,-7.481262101525289e-07,-7.3779665480581155e-06,-0.00019214627592438645,-8.28110714792274e-05,-4.814910137262984e-10,-1.919024671469858e-06,-7.869499746021569e-05,-2.4837615149630615e-05
576,0.09885853018489187,0.04977691510892074,0.04999999813142827,-7.461115196968023e-07,-7.348592153887402e-06,-0.00019261028233166745,-8.286869706353173e-05,-4.814808551856231e-10,-1.930377022045187e-06,-7.885269019494595e-05,-2.554808227995269e-05
577,0.09887415146263694,0.04977913384404369,0.0499999981272151,-7.440362481860077e-07,-7.320580879961996e-06,-0.0001930824097509821,-8.292710117530078e-05,-4.819302734659914e-10,-1.941854557367406e-06,-7.901110060413104e-05,-2.626854175386269e-05
578,0.09888903478450423,0.049781370066290326,0.04999999812303629,-7.419045530059982e-07,-7.293904509162739e-06,-0.0001935626420288023,-8.298915054183453e-05,-4.777965245672533e-10,-1.9534566107781335e-06,-7.917020910279979e-05,-2.6999003624098035e-05
579,0.0989032028949453,0.049783615356134264,0.049999998118877335,-7.397128459239268e-07,-7.268510589274499e-06,-0.00019405064116734925,-8.305126539198682e-05,-4.826933297508162e-10,-1.9651786388388126e-06,-7.932999552215e-05,-2.773948070441825e-05
580,0.09891667448680201,0.04978586199100983,0.0499999981147276,-7.374675766563652e-07,-7.244386840893086e-06,-0.00019454621112922405,-8.31145080155693e-05,-4.775910777965464e-10,-1.977018840006551e-06,-7.949043900025779e-05,-2.8489988821391587e-05
581,0.0989294696499917,0.0497881027193942,0.0499999981105788,-7.351695889041047e-07,-7.221486513487615e-06,-0.00019504895708381288,-8.317994797835127e-05,-4.813870413400423e-10,-1.988973788488693e-06,-7.965151822266033e-05,-2.9250546277898194e-05
582,0.09894160566359317,0.04979033051578767,0.04999999810642502,-7.328243252869383e-07,-7.199790673134017e-06,-0.00019555889450429553,-8.324435475515202e-05,-4.79055461966027e-10,-2.0010453459912996e-06,-7.981321158815604e-05,-3.0021173786988716e-05
583,0.09895310305116102,0.04979254164853881,0.04999999810226289,-7.304298530725573e-07,-7.179258530577968e-06,-0.00019607597767743823,-8.331107528647408e-05,-4.772368611405398e-10,-2.0132350894885285e-06,-7.997549754864072e-05,-3.080189448291538e-05
584,0.09896397931964257,0.049794732812486496,0.04999999809809132,-7.279910858431491e-07,-7.159847976974937e-06,-0.00019659983820842172,-8.337692997884005e-05,-4.740663972491177e-10,-2.0255395891619013e-06,-8.013835437691301e-05,-3.1592733400891075e-05
585,0.09897425253834236,0.04979690241860253,0.049999998093910626,-7.255076880217784e-07,-7.14154908699022e-06,-0.00019713026938389047,-8.344565139850602e-05,-4.75342043504412e-10,-2.0379586816222047e-06,-8.030176005185941e-05,-3.239371704186098e-05
586,0.09898393835378999,0.04979904579387949,0.049999998089722254,-7.229851168805359e-07,-7.124318164560032e-06,-0.0001976668794493007,-8.35124374134466e-05,-4.692989330479236e-10,-2.050488762288022e-06,-8.046569223434092e-05,-3.320487347835885e-05
587,0.09899305234790613,0.04980116288887821,0.04999999808552742,-7.204281754361071e-07,-7.108108538542461e-06,-0.00019820993390271032,-8.35797909530811e-05,-4.740220438392839e-10,-2.0629046654224264e-06,-8.063011514059708e-05,-3.402623384109203e-05
588,0.0990016079204815,0.04980324705013873,0.049999998081332535,-7.178225821409724e-07,-7.092993218301863e-06,-0.00019875967368912005,-8.364936365978792e-05,-4.645926421353863e-10,-2.075175187148918e-06,-8.07949986376348e-05,-3.485782890098162e-05
589,0.09900960576618954,0.049805278144030074,0.049999998077168976,-7.151715514310766e-07,-7.078825110601897e-06,-0.00019931563701284044,-8.371684089070186e-05,-4.669539754864616e-10,-2.0876910361106335e-06,-8.096031615618872e-05,-3.569968786521322e-05
590,0.0990170560642678,0.049807244078992535,0.049999998073078804,-7.124964402893916e-07,-7.065425078288385e-06,-0.00019987745943523695,-8.378570055356249e-05,-4.6189171931665385e-10,-2.1003801823105512e-06,-8.112608646028832e-05,-3.655183131761997e-05
591,0.09902397260992953,0.04980914721555366,0.049999998069089405,-7.09806063362575e-07,-7.052762381120404e-06,-0.0002004446052857906,-8.385330875171348e-05,-4.578166457047672e-10,-2.113207428804467e-06,-8.129231261649932e-05,-3.7414282153181256e-05
592,0.09903036915311009,0.04981099169878146,0.04999999806521309,-7.071065836046838e-07,-7.040803981933442e-06,-0.00020101699089042566,-8.392068411922082e-05,-4.577074275147197e-10,-2.126154552509133e-06,-8.145899407013627e-05,-3.8287064166356054e-05
593,0.099036259722302,0.049812783038420565,0.04999999806145008,-7.044042003861179e-07,-7.029537905013399e-06,-0.00020159440443497136,-8.398755016969517e-05,-4.4811671040534407e-10,-2.139207260252447e-06,-8.162612821585744e-05,-3.917020285928415e-05
594,0.09904165713477463,0.04981452655141638,0.04999999805779378,-7.016968665663447e-07,-7.018924876815594e-06,-0.00020217643157965446,-8.405611879425123e-05,-4.486050142471498e-10,-2.152349949552954e-06,-8.17937103792637e-05,-4.006372484103255e-05
595,0.09904657354770537,0.04981622504708964,0.049999998054233497,-6.989890628494982e-07,-7.008968594290476e-06,-0.00020276310240701316,-8.412019087700173e-05,-4.457294533466438e-10,-2.1655729204608305e-06,-8.196173466687925e-05,-4.096765644478948e-05
596,0.09905101989979634,0.0498178883977209,0.04999999805075824,-6.962388264818773e-07,-6.999650832225118e-06,-0.00020335343961650162,-8.419667574344203e-05,-4.575642920112699e-10,-2.1788674765948706e-06,-8.213019348621818e-05,-4.188203489295252e-05
597,0.09905500029851327,0.049819500878952955,0.049999998047347574,-6.935439138048484e-07,-6.9909936650473964e-06,-0.00020395078980072,-8.426223212154582e-05,-4.4270564991677475e-10,-2.192236247997259e-06,-8.229907753420972e-05,-4.2806901870221566e-05
598,0.09905860953071349,0.04981943304482558,0.0499999980439777,-6.908563859037856e-07,-6.984409190959487e-06,-0.00020456479321506626,-8.431939204456285e-05,-4.187704905067591e-10,-2.2047084797381157e-06,-8.246804370929921e-05,-4.37426781541363e-05
599,0.09906213820277404,0.04981117852168314,0.04999999803985587,-6.880938460316001e-07,-6.985590448713118e-06,-0.00020517929876330386,-8.434253686573356e-05,-4.589661983800397e-10,-2.2181062474218956e-06,-8.263695807506519e-05,-4.4689588440830966e-05
600,0.09906520796416013,0.049803687218043506,0.049999998034964625,-6.851460540367422e-07,-6.987130431291212e-06,-0.0002057955937800228,-8.434543997282162e-05,-5.504898203945174e-10,-2.2320951327874826e-06,-8.280589698658121e-05,-4.564765717147671e-05
601,0.09906783150553057,0.04979697054432933,0.049999998029735426,-6.820653276057884e-07,-6.989313948082667e-06,-0.0002064140365542884,-8.430667367065325e-05,-6.935821916798091e-10,-2.2465773636138557e-06,-8.297492099265133e-05,-4.661693368871578e-05
602,0.09907001321508935,0.04979110018540808,0.049999998024488394,-6.78920431927726e-07,-6.992430749950205e-06,-0.00020703506693754432,-8.425834676017985e-05,-6.951004771771352e-10,-2.261476567494404e-06,-8.314408273032865e-05,-4.759747813199125e-05
603,0.09907176660317529,0.04978608462004286,0.04999999801945401,-6.757322063025916e-07,-6.99630394152311e-06,-0.00020765864618312943,-8.422933024121448e-05,-5.926003576739447e-10,-2.2767238826192397e-06,-8.331342658164707e-05,-4.85893396423147e-05
604,0.09907310084547023,0.04978187330267645,0.04999999801479202,-6.725353944787553e-07,-7.000696143599641e-06,-0.00020828436726815587,-8.421616803389043e-05,-5.224082277877073e-10,-2.2922595784595973e-06,-8.348298842208762e-05,-4.959255963554384e-05
605,0.09907402407565888,0.04977841424795971,0.049999998010598644,-6.693605434109404e-07,-7.0054315834083205e-06,-0.00020891191330754886,-8.421629900112748e-05,-4.704372447150718e-10,-2.3080399474529546e-06,-8.365279665949567e-05,-5.0607173160445006e-05
606,0.09907454598965888,0.04977565467592013,0.04999999800692008,-6.662249494648045e-07,-7.01036279740324e-06,-0.00020954078807132508,-8.423030521953478e-05,-4.298095768184851e-10,-2.324027072355683e-06,-8.382287347318195e-05,-5.16332084114208e-05
607,0.09907467494753618,0.04977353771876956,0.049999998003764534,-6.631436486184669e-07,-7.015351284211236e-06,-0.00021017094724970088,-8.425531996181235e-05,-4.150122190349492e-10,-2.340199456007341e-06,-8.399323614711416e-05,-5.2670688315977866e-05
608,0.09907442125072595,0.04977200868899878,0.04999999800111247,-6.601213771628618e-07,-7.020314519660656e-06,-0.0002108021805888856,-8.428777800872922e-05,-3.9713926591744553e-10,-2.356535723956774e-06,-8.416389817552769e-05,-5.3719631388171806e-05
609,0.09907379419784368,0.04977101517101843,0.049999997998926626,-6.571590604675006e-07,-7.025167617480658e-06,-0.00021143412590588406,-8.43277302919887e-05,-3.869914666498886e-10,-2.3730153212634907e-06,-8.433486924147022e-05,-5.478005190609649e-05
610,0.0990728019904815,0.049770509304006234,0.04999999799715779,-6.542600016168163e-07,-7.029855561928679e-06,-0.0002120665382341621,-8.437499491265044e-05,-3.828992678478471e-10,-2.3896233246868356e-06,-8.45061557844269e-05,-5.5851961984755544e-05
611,0.09907145131457377,0.04977044158166377,0.049999997995749085,-6.514266141833844e-07,-7.03432510013436e-06,-0.0002126991104752011,-8.442738180747256e-05,-3.7802780350482124e-10,-2.406344953094031e-06,-8.467776165679878e-05,-5.693537123210984e-05
612,0.09906974953408022,0.04977076660365649,0.049999997994642505,-6.486429808064849e-07,-7.038555410659435e-06,-0.00021333162876388336,-8.448681182926521e-05,-3.83867687636652e-10,-2.4231708924441623e-06,-8.484968824960469e-05,-5.8030290799132094e-05
613,0.09906770285622951,0.04977144115351221,0.04999999799377861,-6.459430383682278e-07,-7.042542951857612e-06,-0.00021396410114063875,-8.454546332359314e-05,-3.741923160216487e-10,-2.440094993300388e-06,-8.502193511237627e-05,-5.9136729440689265e-05
614,0.09906532184314265,0.04977243110593358,0.04999999799310258,-6.433006164675149e-07,-7.046237781315725e-06,-0.00021459642911186697,-8.460354729322717e-05,-3.6777619838446185e-10,-2.4571065414993433e-06,-8.519450040118675e-05,-6.025468541308295e-05
615,0.09906261255082112,0.04977370206891791,0.049999997992570495,-6.406904499757655e-07,-7.049580397241352e-06,-0.0002152283206363188,-8.466948929708451e-05,-3.734055842308237e-10,-2.4741982344110584e-06,-8.536738089426703e-05,-6.138415764296892e-05
616,0.09905957876850727,0.04977522000361193,0.04999999799214358,-6.381299846571047e-07,-7.052630258451188e-06,-0.00021585948341399752,-8.473572233924642e-05,-3.801080006304858e-10,-2.4913590670276834e-06,-8.55405718395739e-05,-6.252515120265232e-05
617,0.09905622623906024,0.049776955278418224,0.04999999799178742,-6.356185630590772e-07,-7.055429519696928e-06,-0.0002164898870039146,-8.480253018205985e-05,-3.7523967266750446e-10,-2.5085842287852334e-06,-8.571406700464399e-05,-6.367767102314827e-05
618,0.09905255913042216,0.04977887808050645,0.04999999799147348,-6.331579915582652e-07,-7.057911795517675e-06,-0.00021711957981440652,-8.487141894875094e-05,-3.696816464060504e-10,-2.5258722493138014e-06,-8.588785966453045e-05,-6.484171833341854e-05
619,0.0990485848895625,0.04978096592430521,0.0499999979911806,-6.307401355638942e-07,-7.060080135424224e-06,-0.00021774827368266442,-8.493784116581082e-05,-3.7082806270127833e-10,-2.5432125030053378e-06,-8.606194218237171e-05,-6.601729248889054e-05
620,0.09904430789236182,0.04978319859783183,0.049999997990894676,-6.283670916093902e-07,-7.061951743629514e-06,-0.000218375813086174,-8.500715921400115e-05,-3.6484187893037756e-10,-2.5606006374779783e-06,-8.623630589848221e-05,-6.720439166955486e-05
621,0.09903973228118254,0.04978555463442946,0.049999997990606816,-6.260391116504976e-07,-7.0635000468287715e-06,-0.00021900188778424965,-8.50733122206293e-05,-3.634372247596218e-10,-2.5780270895217313e-06,-8.64109413425424e-05,-6.840301134251016e-05
622,0.09903486290379312,0.04978801804076072,0.04999999799031331,-6.237567584404515e-07,-7.064736437675676e-06,-0.00021962653431067698,-8.513987995684147e-05,-3.604487264219358e-10,-2.595491093376072e-06,-8.658583819661864e-05,-6.961314719278973e-05
623,0.09902970448236861,0.04979057524142441,0.04999999799001401,-6.215241813044928e-07,-7.065688483898708e-06,-0.00022024970189583705,-8.520434494130313e-05,-3.5941311038456547e-10,-2.6129907017947726e-06,-8.676098620920621e-05,-7.083479354069163e-05
624,0.09902426127940457,0.049793213020686886,0.04999999798971211,-6.193422045222114e-07,-7.066317500079142e-06,-0.00022087108281633236,-8.52693265187554e-05,-3.4718575236958316e-10,-2.6305166646816925e-06,-8.693637456951601e-05,-7.20679405676148e-05
625,0.09901853842753007,0.04979592049822132,0.04999999798941541,-6.172104887979472e-07,-7.066635289594314e-06,-0.00022149103703580412,-8.532841457054019e-05,-3.43386125090106e-10,-2.648071111618987e-06,-8.711199248335864e-05,-7.33125716482517e-05
626,0.0990125399300506,0.04979869152727599,0.04999999798913989,-6.150660298424309e-07,-7.066630765955027e-06,-0.0002221086763058034,-8.540523413103074e-05,-3.750179333739112e-10,-2.665638275701861e-06,-8.728782877175423e-05,-7.456867978990328e-05
627,0.09900625971069257,0.04980149503407966,0.049999997988895706,-6.130018531098327e-07,-7.066379712597958e-06,-0.00022272411593675346,-8.547356992494315e-05,-3.671115911263456e-10,-2.683222040866848e-06,-8.746387142856947e-05,-7.583626993768025e-05
628,0.09899970479183681,0.049804331303832945,0.049999997988686706,-6.110042058952042e-07,-7.065892945819606e-06,-0.00022333726488959343,-8.554098167223856e-05,-3.603694842535532e-10,-2.700814818835018e-06,-8.76401083961377e-05,-7.711533777820934e-05
629,0.09899287864976446,0.04980718515966918,0.04999999798852055,-6.09077873368743e-07,-7.0650580115768995e-06,-0.00022394789277429183,-8.56033802847378e-05,-3.5116340391105894e-10,-2.718413817636434e-06,-8.781652701906004e-05,-7.84058726517421e-05
630,0.09898578572544264,0.049810059641856745,0.04999999798840748,-6.072150070189236e-07,-7.063922137027639e-06,-0.0002245558899873176,-8.566665928810835e-05,-3.4827057904252e-10,-2.7360159082219517e-06,-8.799311477362772e-05,-7.970786170514406e-05
631,0.09897842957287478,0.04981294922019691,0.04999999798835988,-6.054196946734488e-07,-7.062485883324e-06,-0.00022516096166540312,-8.572930528316647e-05,-3.4162481177268944e-10,-2.7536141201736127e-06,-8.816985876437876e-05,-8.102129020412594e-05
632,0.09897081259704944,0.04981584965418648,0.04999999798838919,-6.036943133380622e-07,-7.060755450429748e-06,-0.00022576305318154234,-8.579219138482586e-05,-3.438817841594499e-10,-2.771208397302274e-06,-8.834674603416027e-05,-8.234614224292112e-05
633,0.09896293734942566,0.04981875669363116,0.049999997988507634,-6.020395209716607e-07,-7.058727428380835e-06,-0.000226362145745719,-8.585015166318044e-05,-3.439148132944325e-10,-2.788796541607192e-06,-8.852376383537339e-05,-8.368240045298768e-05
634,0.0989548075594111,0.04982166830014756,0.049999997988727986,-6.004565055509858e-07,-7.056406850749972e-06,-0.00022695798774892103,-8.591109508415684e-05,-3.417962579632672e-10,-2.806372694772262e-06,-8.870089914539376e-05,-8.503004668346226e-05
635,0.09894642426769804,0.04982457840791171,0.04999999798906188,-5.989519229773838e-07,-7.053788960395171e-06,-0.0002275507689629486,-8.596952829975635e-05,-3.432092388067076e-10,-2.8239389390049353e-06,-8.887813937626609e-05,-8.638906079482964e-05
636,0.09893778984413454,0.0498274865036535,0.04999999798952271,-5.974871108523754e-07,-7.050895101850235e-06,-0.00022813934623101305,-8.603801688877866e-05,-3.675617310516799e-10,-2.8414738341661336e-06,-8.905547073240018e-05,-8.775943073620561e-05
637,0.0989289004869919,0.049830376743957676,0.049999997990113655,-5.961816085287956e-07,-7.0477326347500865e-06,-0.00022872438268748928,-8.608869393356144e-05,-3.2638552971420154e-10,-2.858992284042423e-06,-8.923287885693692e-05,-8.914113949741062e-05
638,0.09891977026637466,0.04983326737555494,0.049999997990839984,-5.949398655930096e-07,-7.044276317308776e-06,-0.0002293056593385105,-8.614533726358786e-05,-3.329119202533093e-10,-2.876485050835836e-06,-8.941035059714062e-05,-9.053415185201012e-05
639,0.09891039542775094,0.049836144852843434,0.04999999799171578,-5.937830205156635e-07,-7.040392478491572e-06,-0.00022988307740807605,-8.619991422165185e-05,-3.3532249199552666e-10,-2.8939550000640242e-06,-8.958787299938815e-05,-9.193843610386213e-05
640,0.09890078032020722,0.04983901917954548,0.049999997992752614,-5.926968138571503e-07,-7.036267318506518e-06,-0.00023045659792341255,-8.625989721622318e-05,-3.548542293341228e-10,-2.9113957317652867e-06,-8.976543358150964e-05,-9.335396917836466e-05
641,0.09889092199183978,0.04984187575989181,0.04999999799396121,-5.916850860942085e-07,-7.031891771075459e-06,-0.00023102522895946558,-8.632347453385592e-05,-3.701313422421748e-10,-2.9287904639692586e-06,-8.994301808745955e-05,-9.478073818701837e-05
642,0.09888082012452978,0.04984470833113128,0.04999999799533938,-5.908495651714355e-07,-7.0272920702463365e-06,-0.00023158958500786527,-8.63688692334108e-05,-3.229684020222834e-10,-2.946150853118666e-06,-9.01206119375763e-05,-9.621871729311365e-05
643,0.09887048805471702,0.049847534461949616,0.04999999799689187,-5.900858785166603e-07,-7.022345089654368e-06,-0.00023214954076600713,-8.64204193931073e-05,-3.355302979901609e-10,-2.963471303503774e-06,-9.029820168265064e-05,-9.766786213793321e-05
644,0.09885992206740193,0.04985034466832611,0.04999999799863096,-5.894231563612479e-07,-7.017011392000978e-06,-0.00023270494274464922,-8.647128561278805e-05,-3.3283192868438505e-10,-2.9807539864660003e-06,-9.047577434483698e-05,-9.91281349628775e-05
645,0.09884912691984343,0.04985314915922318,0.049999998000565316,-5.888489085292204e-07,-7.01144284613352e-06,-0.00023325560714879974,-8.652405085740611e-05,-3.465839837346607e-10,-2.997988724591083e-06,-9.065331694622114e-05,-0.00010059950265457556
646,0.0988381009836387,0.04985593617966818,0.04999999800270372,-5.883811935101578e-07,-7.005594484613477e-06,-0.00023380130083260512,-8.657723810756579e-05,-3.496169187489073e-10,-3.0151719578755197e-06,-9.083081579335324e-05,-0.00010208193222523775
647,0.09882684500294586,0.049858706116663064,0.0499999980050508,-5.880225192309655e-07,-6.999469203069082e-06,-0.00023434201412331354,-8.663217886351049e-05,-3.5099112505321273e-10,-3.0323027079923837e-06,-9.100825743001602e-05,-0.00010357538992972517
648,0.09881536139629375,0.049861454968052055,0.04999999800761174,-5.877701119304159e-07,-6.993082431668165e-06,-0.00023487785041313727,-8.668541704537347e-05,-3.585181040932639e-10,-3.0493830570728214e-06,-9.118562903380606e-05,-0.00010507984193492415
649,0.09880365029388617,0.0498641821970536,0.04999999801039218,-5.876183741638347e-07,-6.9864363102152424e-06,-0.00023540815592164316,-8.674471609992906e-05,-3.76753739317337e-10,-3.066398775477389e-06,-9.136291726366079e-05,-0.00010659526019597035
650,0.0987917114437969,0.049866881205354735,0.04999999801338998,-5.876356208042372e-07,-6.979571786199024e-06,-0.00023593323601753236,-8.679088932694867e-05,-3.4313155095055947e-10,-3.0833552576866225e-06,-9.154010824755097e-05,-0.00010812160985047131
651,0.09877955394405319,0.049869563638890044,0.04999999801660609,-5.877584024731871e-07,-6.972410796444276e-06,-0.0002364527358817027,-8.6840613221284e-05,-3.5729658121042007e-10,-3.100243019975851e-06,-9.171718856411834e-05,-0.0001096588438390188
652,0.0987671748333563,0.04987222335274541,0.049999998020047495,-5.880044299011327e-07,-6.964933828173684e-06,-0.00023696678203394386,-8.689087553648278e-05,-3.589107899770738e-10,-3.1170682244551274e-06,-9.189414517212851e-05,-0.00011120691892299684
653,0.09875457861476462,0.04987486526184655,0.04999999802371881,-5.883687763685576e-07,-6.957236099062109e-06,-0.000237475250008619,-8.694212010595948e-05,-3.7041256173431236e-10,-3.133825940834516e-06,-9.207096586081451e-05,-0.00011276579573281912
654,0.09874176367712628,0.04987748626511301,0.04999999802762498,-5.888612318571646e-07,-6.949306533681465e-06,-0.00023797801926916614,-8.699253521626815e-05,-3.728751196696578e-10,-3.150509562650874e-06,-9.224763795230768e-05,-0.0001143354346082152
655,0.09872873234657502,0.049880083462243485,0.04999999803176858,-5.894874926220722e-07,-6.941139071117575e-06,-0.00023847499509579872,-8.704418723937124e-05,-3.7410960440631413e-10,-3.167117756819401e-06,-9.242414859411139e-05,-0.00011591579333874979
656,0.09871548632826967,0.04988265662607435,0.04999999803615178,-5.902465625663137e-07,-6.93273465396791e-06,-0.00023896590463544473,-8.709532994544134e-05,-3.835628759052412e-10,-3.183642924060248e-06,-9.260048492363018e-05,-0.0001175068297605971
657,0.0987020260179729,0.04988520502572102,0.049999998040777364,-5.911443858578887e-07,-6.924120139991392e-06,-0.00023945087866065153,-8.714639989193529e-05,-3.804307702193199e-10,-3.200087589401677e-06,-9.277663406462246e-05,-0.0001191085017431005
658,0.09868835425971961,0.04988772895030957,0.04999999804564653,-5.92185058136131e-07,-6.915292875274573e-06,-0.00023992982246275095,-8.71971933520399e-05,-3.9500500093048174e-10,-3.2164500455773334e-06,-9.295258380234157e-05,-0.00012072076633485921
659,0.09867447199881786,0.04989022798264131,0.04999999805076064,-5.933683839540042e-07,-6.906271192433859e-06,-0.0002404026445970169,-8.724694635020569e-05,-3.936463655040967e-10,-3.2327251984341566e-06,-9.312832204909966e-05,-0.00012234357979237667
660,0.09866038039515901,0.04989270170272111,0.049999998056121084,-5.947012051657766e-07,-6.897042856694817e-06,-0.00024086937074219216,-8.729837281862274e-05,-3.978673779325703e-10,-3.248911620809382e-06,-9.330383679985789e-05,-0.00012397689542558416
661,0.0986460810615295,0.04989514886834384,0.04999999806172987,-5.961664707006752e-07,-6.887609746519507e-06,-0.00024132947830965862,-8.735675510251895e-05,-4.242407258825409e-10,-3.2649993118760983e-06,-9.347911580950483e-05,-0.0001256206735181146
662,0.09863157248025795,0.049897564164177594,0.04999999806758602,-5.978141452252924e-07,-6.87808045101422e-06,-0.00024178321887504181,-8.740463817957789e-05,-4.0641964793586283e-10,-3.280991982853947e-06,-9.365414667977983e-05,-0.00012727487454353059
663,0.09861686086235937,0.049899955292041144,0.049999998073688275,-5.996162493762093e-07,-6.868373623219439e-06,-0.0002422306106193512,-8.745525701669976e-05,-4.1340861289818065e-10,-3.29688744651793e-06,-9.382891763080393e-05,-0.00012893944812913767
664,0.09860194614051082,0.04990231809521407,0.04999999808003831,-6.015790464618501e-07,-6.858457161761477e-06,-0.00024267149894430956,-8.750502456678078e-05,-4.2181219628290023e-10,-3.312683474929654e-06,-9.400341729440206e-05,-0.00013061434469923365
665,0.09858683086406192,0.049904656468325224,0.04999999808663811,-6.036990375060503e-07,-6.84840517708732e-06,-0.00024310584209761503,-8.755708404351026e-05,-4.2688444445992957e-10,-3.3283756763459584e-06,-9.417763448434265e-05,-0.00013229951781546526
666,0.09857151580955506,0.049906968400609306,0.049999998093489754,-6.059848537712952e-07,-6.8382282579937724e-06,-0.0002435334522134767,-8.760861965129152e-05,-4.369740125298449e-10,-3.3439578811130193e-06,-9.435155768385345e-05,-0.00013399492119295513
667,0.09855600163181946,0.04990925311005035,0.04999999810059379,-6.084403811665945e-07,-6.827929810649383e-06,-0.00024395441226753527,-8.76613994478248e-05,-4.439769107911218e-10,-3.3594315491021187e-06,-9.452517551107381e-05,-0.00013570050952808603
668,0.09854029016727608,0.04991150947214911,0.04999999810795064,-6.110695882057985e-07,-6.817541921059964e-06,-0.00024436897740300745,-8.771515422267839e-05,-4.535613828959839e-10,-3.3747983387423566e-06,-9.469847754439015e-05,-0.0001374162354305945
669,0.09852438157809351,0.04991373595044965,0.049999998115562605,-6.138416179086203e-07,-6.807033392832719e-06,-0.00024477645668213676,-8.777853508945554e-05,-4.856284263610178e-10,-3.390045466694026e-06,-9.487145320455817e-05,-0.00013914206047696938
670,0.09850827300847537,0.0499159265666479,0.04999999812342514,-6.168445067671959e-07,-6.796551149651492e-06,-0.00024517709437360633,-8.782897930359468e-05,-4.61547772223625e-10,-3.405176583145819e-06,-9.504409150033375e-05,-0.00014087794896622784
671,0.09849197381969832,0.04991809065139158,0.049999998131533274,-6.200350675619544e-07,-6.786011857405812e-06,-0.0002455707180481131,-8.788024570094422e-05,-4.684319043768426e-10,-3.420180753248095e-06,-9.521638135313823e-05,-0.00014262384818982584
672,0.09847548329215218,0.04992022406164913,0.0499999981398885,-6.234157586298048e-07,-6.775319665195007e-06,-0.00024595749314321576,-8.793109736870974e-05,-4.711541712332235e-10,-3.435066717156004e-06,-9.538831204996165e-05,-0.00014437970465196905
673,0.09845880542610723,0.04992233325707565,0.0499999981484929,-6.269786054232306e-07,-6.7645913057181125e-06,-0.000246337424695463,-8.798556518740952e-05,-4.833905498102808e-10,-3.449831320577105e-06,-9.555987413408633e-05,-0.0001461454709791805
674,0.09844194000085195,0.04992441614168356,0.04999999815734922,-6.307323144170413e-07,-6.753832751916978e-06,-0.0002467104220231109,-8.804014214547351e-05,-4.966947408924227e-10,-3.464466960602648e-06,-9.573105773154327e-05,-0.00014792110083446369
675,0.09842488810748437,0.0499264698935265,0.0499999981664573,-6.346861185834124e-07,-6.74305858077472e-06,-0.0002470764186709753,-8.809760765871033e-05,-5.050447837717797e-10,-3.478973683970463e-06,-9.590185294902383e-05,-0.00014970654965259524
676,0.09840765019004327,0.04992849467808658,0.04999999817581645,-6.38842394554345e-07,-6.732297016091181e-06,-0.0002474353119657578,-8.815358160063624e-05,-5.131821634307698e-10,-3.4933445923250807e-06,-9.60722500393235e-05,-0.00015150177339970703
677,0.09839022737229647,0.049930489571326585,0.049999998185426164,-6.432085070661506e-07,-6.72154683220214e-06,-0.00024778713049988766,-8.821253140922636e-05,-5.257791424462255e-10,-3.5075807139747697e-06,-9.624223920024092e-05,-0.00015330672830691093
678,0.09837262179625993,0.049932454162607304,0.04999999819528576,-6.477863696711478e-07,-6.7108360793276225e-06,-0.00024813192184466106,-8.827167766867206e-05,-5.350593301756135e-10,-3.5216814044213938e-06,-9.641181127428315e-05,-0.00015512137118915486
679,0.09835483430316067,0.04993438850057888,0.049999998205394545,-6.525824573946558e-07,-6.700167465277133e-06,-0.0002484696343924565,-8.833075116854161e-05,-5.364447774880432e-10,-3.5356430748067665e-06,-9.658095737447179e-05,-0.0001569456570845819
680,0.09833686730498127,0.0499362931897273,0.04999999821575188,-6.57598092557557e-07,-6.689535562561106e-06,-0.0002488002553724862,-8.839059591991827e-05,-5.447560180726896e-10,-3.549462417612909e-06,-9.674966854759474e-05,-0.0001587795415060499
681,0.09831872246277817,0.04993816755649857,0.049999998226357305,-6.628391848353686e-07,-6.678978508412914e-06,-0.0002491236854270372,-8.845060801832005e-05,-5.631405897155162e-10,-3.563135638792516e-06,-9.69179357777336e-05,-0.00016062298432327666
682,0.09830039946313246,0.049940011861090115,0.04999999823720962,-6.683127577639382e-07,-6.668537415140652e-06,-0.0002494399496036675,-8.851204620441422e-05,-5.748449494191732e-10,-3.5766620938720505e-06,-9.70857502681118e-05,-0.00016247594693454703
683,0.0982819002537728,0.04994182540589386,0.04999999824830734,-6.740232221414332e-07,-6.6582107131992334e-06,-0.00024974915199853226,-8.857565262587741e-05,-5.757185284060995e-10,-3.590043217876939e-06,-9.725310383923146e-05,-0.0001643383893815252
684,0.09826322612983089,0.04994360872264733,0.04999999825964886,-6.799757934522972e-07,-6.648000942757009e-06,-0.00025005120857188475,-8.863984112394974e-05,-5.896362287316492e-10,-3.6032734225290456e-06,-9.741998855074385e-05,-0.00016621027198934898
685,0.09824437950963825,0.04994536044405884,0.04999999827123298,-6.861728769649152e-07,-6.637931367309318e-06,-0.00025034610938445156,-8.870442979969084e-05,-5.999258867461776e-10,-3.616350921476518e-06,-9.758639641212105e-05,-0.00016809155638138404
686,0.09822536049158126,0.04994708194139579,0.04999999828305876,-6.926215868399307e-07,-6.628016472159457e-06,-0.00025063381339512003,-8.876786887412891e-05,-6.037126909497204e-10,-3.6292703323701132e-06,-9.775231925868849e-05,-0.00016998220484123756
687,0.09820617134000725,0.0499487733699053,0.049999998295124706,-6.993275654644894e-07,-6.618268269618371e-06,-0.0002509143563411706,-8.883546252036467e-05,-6.208284997200053e-10,-3.642034403871939e-06,-9.791774915289498e-05,-0.00017188218131666946
688,0.09818681322553101,0.04995043382201393,0.049999998307429405,-7.062949876605091e-07,-6.6087169122097375e-06,-0.00025118804854124167,-8.890123717719689e-05,-6.238647376477502e-10,-3.654646594985371e-06,-9.808267904363691e-05,-0.00017379144937743212
689,0.09816728911695005,0.04995206545152622,0.049999998319970526,-7.135350152847891e-07,-6.599343795733689e-06,-0.0002514545961845908,-8.896841609384865e-05,-6.381264960886313e-10,-3.6670976070383396e-06,-9.824710194069598e-05,-0.00017570997255643344
690,0.09814759961744587,0.04995366686664002,0.04999999833274622,-7.210456791329483e-07,-6.590183966326557e-06,-0.0002517140337093693,-8.903750858735293e-05,-6.444244582404224e-10,-3.6793860052481347e-06,-9.841101071041041e-05,-0.000177637716776583
691,0.09812774602312152,0.04995523902735665,0.049999998345755615,-7.288363208457376e-07,-6.581251683618305e-06,-0.0002519662667157073,-8.910514588933438e-05,-6.559567888864137e-10,-3.6915063077947044e-06,-9.857439803973604e-05,-0.00017957464804145318
692,0.09810772954967649,0.04995678220547258,0.04999999835899728,-7.369124657196882e-07,-6.572547830024435e-06,-0.00025221138267110044,-8.917481318349019e-05,-6.673728791817268e-10,-3.7034614214337113e-06,-9.873725673153077e-05,-0.00018152073485480766
693,0.09808755196001363,0.049958296589821316,0.04999999837247011,-7.452827743727686e-07,-6.564119233816748e-06,-0.0002524501752353761,-8.924473513616249e-05,-6.727189361122043e-10,-3.715259213239589e-06,-9.88995811151232e-05,-0.00018347594216228322
694,0.09806721483531228,0.04995978253448746,0.0499999983861783,-7.538722601722451e-07,-6.555878836237949e-06,-0.0002526818166270293,-8.933501521823928e-05,-7.334026164151908e-10,-3.726883038718348e-06,-9.90613655748764e-05,-0.00018544024930618582
695,0.09804670669366501,0.04996122978435866,0.04999999840011701,-7.628092359262511e-07,-6.548136179978488e-06,-0.00025290637959345363,-8.941687701735646e-05,-7.225688936074448e-10,-3.73833629509471e-06,-9.92226036949663e-05,-0.00018741365470130144
696,0.0980260358386276,0.049962643424845465,0.04999999841427512,-7.720695482297266e-07,-6.540854157235608e-06,-0.0002531237830523014,-8.950017945608124e-05,-7.376134703029891e-10,-3.7496081963988205e-06,-9.938328880211305e-05,-0.0001893961434060868
697,0.09800520053293423,0.049964019046579294,0.049999998428645685,-7.816717373567845e-07,-6.533909576556427e-06,-0.0002533341841477259,-8.957825775723904e-05,-7.318083361518291e-10,-3.7607086008905316e-06,-9.954341445043219e-05,-0.00019138769221723305
698,0.09798420699117312,0.0499653642938525,0.049999998443222754,-7.916031458934436e-07,-6.527327922769292e-06,-0.00025353787868964033,-8.966068708105013e-05,-7.445420946439185e-10,-3.771642190075756e-06,-9.970297581675581e-05,-0.0001933882825134525
699,0.0979630578026224,0.0499666784769274,0.04999999845800429,-8.018683603846566e-07,-6.5211489891163915e-06,-0.0002537346500530669,-8.974230877356604e-05,-7.554025183154067e-10,-3.7823984617460952e-06,-9.986196806726015e-05,-0.00019539789941825877
700,0.09794175270874182,0.049967962929162175,0.04999999847298797,-8.124765516903132e-07,-6.515391712080321e-06,-0.00025392458691666885,-8.982468716567382e-05,-7.571984150800404e-10,-3.792976744620413e-06,-0.00010002038588862106,-0.000197416527142553
701,0.097920292785319,0.04996921776102186,0.04999999848817067,-8.234358707089329e-07,-6.510035104714644e-06,-0.00025410765057091875,-8.99091173778288e-05,-7.761055131894068e-10,-3.803374948566804e-06,-0.00010017822405976415,-0.00019944415378778192
702,0.09789867911113088,0.04997044368192821,0.04999999850354955,-8.34751285441182e-07,-6.5051588523072e-06,-0.0002542838911428562,-8.999604324344546e-05,-7.933833034989846e-10,-3.81359238095859e-06,-0.00010033547750689189,-0.00020148077059935245
703,0.09787691167983831,0.04997163966392615,0.0499999985191222,-8.464320069491774e-07,-6.500732553940992e-06,-0.0002544536432791747,-9.008297638501972e-05,-8.016399211108194e-10,-3.823636599698422e-06,-0.00010049214194185582,-0.00020352636903219097
704,0.09785499237430634,0.049972807292792604,0.04999999853488509,-8.584883336764964e-07,-6.49680287535688e-06,-0.00025461667419329775,-9.017223055707291e-05,-8.129075190765889e-10,-3.833497365272619e-06,-0.00010064821331260952,-0.000205580942741235
705,0.0978329212067587,0.049973946102457006,0.049999998550835006,-8.709250269150277e-07,-6.4933587603696925e-06,-0.0002547730618555874,-9.026363113662228e-05,-8.244971927418021e-10,-3.843174594039499e-06,-0.0001008036871967671,-0.00020764448749024424
706,0.09781069888565169,0.04997505620249395,0.04999999856696958,-8.837481757918619e-07,-6.490440375007562e-06,-0.00025492307581818376,-9.035641414811835e-05,-8.329127942907633e-10,-3.852667373577394e-06,-0.00010095855935416524,-0.00020971700206742335
707,0.09778832492357842,0.049976137618842426,0.04999999858328704,-8.969368374632475e-07,-6.488045812654826e-06,-0.00025506604433640507,-9.046049672178924e-05,-8.726752098731083e-10,-3.8619712719449314e-06,-0.00010111282518899846,-0.00021179849723626388
708,0.09776579616635014,0.04997718687405169,0.049999998599777336,-9.106284930611411e-07,-6.486389471708182e-06,-0.0002552028788874136,-9.054410475073382e-05,-8.23911716629766e-10,-3.871102231465876e-06,-0.00010126648099491171,-0.00021388897705729333
709,0.09774312977310783,0.04997821331958496,0.04999999861643545,-9.247002195399424e-07,-6.485127614393427e-06,-0.00025533325571044555,-9.063569450518116e-05,-8.634379322636221e-10,-3.88003666137102e-06,-0.00010141952328613481,-0.00021598842540635299
710,0.09772031276631804,0.04997921277986073,0.04999999863326579,-9.391552855416553e-07,-6.484296807447514e-06,-0.00025545729500522907,-9.073942055692896e-05,-8.896426928473034e-10,-3.888789713731724e-06,-0.0001015719483012048,-0.00021809684901659662
711,0.0976973457656503,0.04998018541360167,0.04999999865026519,-9.54054472511952e-07,-6.4842070038655235e-06,-0.0002555750114443666,-9.08437286852859e-05,-8.927429351324179e-10,-3.897354325585541e-06,-0.00010172375288842252,-0.0002202142738398161
712,0.0976742302595079,0.04998112952841817,0.04999999866742737,-9.694049046114263e-07,-6.484807974714203e-06,-0.0002556867738998417,-9.095061977859586e-05,-9.220706975732185e-10,-3.905730908681016e-06,-0.00010187493369745172,-0.00022234071581365554
713,0.0976509614587278,0.04998204382235472,0.04999999868474872,-9.851638054984783e-07,-6.486027832327997e-06,-0.00025579235953393097,-9.107097866944969e-05,-9.615054308298454e-10,-3.914471878248383e-06,-0.00010202556373901533,-0.0002244771469026135
714,0.0976273858935391,0.049982811159754066,0.04999999870231885,-1.0011499070039143e-06,-6.499797064632471e-06,-0.00025509422512210063,-7.767864735797048e-05,-1.1242437722103205e-05,-3.906856568406922e-06,-0.00010217510676677979,-0.00022662943139665576
715,0.09759350181978561,0.04999103817624562,0.04999999872743725,-1.0012320668791324e-06,-6.6117564793657405e-06,-0.00025481454021218566,-7.803490734659135e-05,-3.959085461247014e-06,-3.903338094446584e-06,-0.00010232231122355039,-0.00022881091291757018
716,0.09755566969750061,0.0499944654192316,0.049999998758689046,-1.0455543374413682e-06,-6.927419638902453e-06,-0.00025456416911503354,-8.168771455530077e-05,-3.2423708944406826e-06,-3.905654439084071e-06,-0.00010246739808052416,-0.00023100371403020228
717,0.09751972188917533,0.04999795812566001,0.049999998786736326,-1.0899135788167857e-06,-6.9196880137105705e-06,-0.0002547174914790126,-9.238366328645498e-05,-7.83174891694216e-06,-3.919440264300499e-06,-0.00010261165997537301,-0.00023319182859364644
718,0.09749856070798488,0.04999789038254676,0.04999999881218199,-1.1139537685087789e-06,-6.877767441058777e-06,-0.0002548498881211325,-9.255164331989363e-05,-5.7345803661235095e-09,-3.930705155347136e-06,-0.0001027554925487811,-0.00023538601231561353
719,0.0974770334416201,0.04999773219499964,0.049999998836541625,-1.137512920351076e-06,-6.841219835224315e-06,-0.0002549726249786999,-9.212648001266643e-05,-2.661424636229981e-09,-3.940439797444978e-06,-0.00010289875733181938,-0.00023758628083447674
720,0.09745535314913795,0.049997572723536686,0.049999998860142114,-1.1604918879269683e-06,-6.801514071543941e-06,-0.0002550820863780934,-9.231860167346895e-05,-3.0694740082992666e-09,-3.94898363545302e-06,-0.00010304140905425671,-0.0002397926058052897
721,0.09743314791133019,0.049997395601569246,0.049999998883189484,-1.1837070094765387e-06,-6.769098187581921e-06,-0.00025518612086604804,-9.235421748599038e-05,-1.914119307500073e-09,-3.956686427263925e-06,-0.00010318343234494885,-0.00024200545916637026
722,0.0974105389390186,0.04999722584373286,0.04999999890572233,-1.2074505265331223e-06,-6.742690015932667e-06,-0.0002552825258280958,-9.232848242390901e-05,-1.79984560588764e-09,-3.964116111035227e-06,-0.00010332487651862419,-0.0002442261289199103
723,0.09738756377475731,0.04999705109475449,0.04999999892783156,-1.2311068264149614e-06,-6.730210264508226e-06,-0.0002545808422156403,-8.086641173576936e-05,-1.1263972737651784e-05,-3.95474714217988e-06,-0.00010346519846042108,-0.0002464636886346247
724,0.0973518660643974,0.04999944974002886,0.049999998955463226,-1.2423311155428738e-06,-6.902806356170982e-06,-0.000254303855740455,-8.104423613986e-05,-3.850747816613875e-06,-3.949442228871997e-06,-0.00010360316975042523,-0.00024873468861392843
725,0.09731261566274779,0.04999992114268212,0.04999999898690206,-1.3007017900248748e-06,-7.31938594219301e-06,-0.000254047104612806,-8.444222476100549e-05,-3.174268613292952e-06,-3.949767056432872e-06,-0.00010373902444593374,-0.00025102089300173307
726,0.09727497512583246,0.049999768009378776,0.04999999901404666,-1.3598089043417227e-06,-7.400349225776343e-06,-0.00025418931629330013,-9.325076825916767e-05,-7.871448360674549e-06,-3.961550131721816e-06,-0.00010387406554305062,-0.00025330335765433586
727,0.09725403493120853,0.0499998809780129,0.04999999903816605,-1.391292346457251e-06,-7.314365061920431e-06,-0.00025431047602111944,-9.336444054497406e-05,-5.649995582501788e-09,-3.9706180436728415e-06,-0.00010400869134104421,-0.0002555904096022857
728,0.09723258294315244,0.04999996414318922,0.049999999061289685,-1.4222095290929657e-06,-7.239043180544282e-06,-0.00025442306169093436,-9.289028093917295e-05,-3.5277463172889156e-09,-3.9780593762329875e-06,-0.00010414276102891653,-0.00025788225101243525
729,0.09721086320459117,0.04999999789285156,0.049999999083731386,-1.4522576975641466e-06,-7.16414608041119e-06,-0.00025452148586047876,-9.310100722359493e-05,-3.776623902496112e-09,-3.9842345059632484e-06,-0.00010427622963585955,-0.0002601790588314912
730,0.0971884738392284,0.049999991339247575,0.04999999910567787,-1.482736383720108e-06,-7.102437342050763e-06,-0.00025461626714242677,-9.310151654062793e-05,-2.6430775346142354e-09,-3.989559403384154e-06,-0.00010440908435957188,-0.00026248151298525075
731,0.0971655784883567,0.04999995246318673,0.04999999912717157,-1.5134111226519732e-06,-7.050229008466613e-06,-0.0002547046353635399,-9.313657938037068e-05,-2.1481942891199424e-09,-3.994143948337009e-06,-0.00010454131806740432,-0.00026479018832637223
732,0.09714222165007377,0.049999890364928,0.04999999914822473,-1.54452038934637e-06,-7.006626511578187e-06,-0.000254787039977251,-9.31754766497761e-05,-2.045380975701505e-09,-3.998165896062681e-06,-0.00010467292475086112,-0.0002671056462082637
733,0.09711844060332815,0.049999814864168865,0.04999999916885235,-1.5760159007300487e-06,-6.970424708600709e-06,-0.0002548635631586109,-9.325038263341412e-05,-1.7546473163321252e-09,-4.0017234473084345e-06,-0.00010480390371694784,-0.0002694283708888313
734,0.09709424430716347,0.049999732903347194,0.04999999918907304,-1.607975759561141e-06,-6.94078304540287e-06,-0.0002549341313033764,-9.333358320873231e-05,-1.6929790902509012e-09,-4.004911480361162e-06,-0.00010493425599184263,-0.0002717587926625555
735,0.09706965448484367,0.049999651989287616,0.04999999920890358,-1.640401715063431e-06,-6.917071980587778e-06,-0.0002549990140154696,-9.343395504401997e-05,-1.5836985056694175e-09,-4.007804909208121e-06,-0.00010506398509016774,-0.0002740973204797828
736,0.09704468872369845,0.04999957741129714,0.049999999228361104,-1.6733669106303039e-06,-6.898803533276921e-06,-0.00025505838906364367,-9.354393114335835e-05,-1.5149178578255373e-09,-4.010455695068398e-06,-0.00010519309543281915,-0.0002764443310817497
737,0.09701936419491558,0.04999951331289004,0.0499999992474618,-1.706872038148231e-06,-6.885407509362369e-06,-0.0002551114085767956,-9.366928861709312e-05,-1.4616388099852884e-09,-4.012907314478742e-06,-0.00010532159132322136,-0.00027880017989140456
738,0.09699369652806931,0.049999462275797546,0.04999999926621595,-1.7411785060370578e-06,-6.8767534906235005e-06,-0.00025516214108259436,-9.375800436828285e-05,-1.3483876237785353e-09,-4.015200947498056e-06,-0.00010544947951120223,-0.0002811651422922583
739,0.09696771306085789,0.04999942825259948,0.04999999928465715,-1.7754349311973163e-06,-6.870807777520397e-06,-0.00025520538811242137,-9.399168629897758e-05,-1.6933728863577358e-09,-4.017318978649994e-06,-0.00010557676531006283,-0.0002835395506695889
740,0.09694134281797229,0.049999404101709756,0.04999999930278969,-1.8109614129555854e-06,-6.870891696032435e-06,-0.00025524443759073205,-9.410245547769591e-05,-1.2821906869575628e-09,-4.019340843552547e-06,-0.00010570345306856254,-0.00028592378317186736
741,0.09691469955209991,0.049999397130244344,0.04999999932060997,-1.8469928594417955e-06,-6.873927815161306e-06,-0.0002552781887570712,-9.427847544429824e-05,-1.4340856280270486e-09,-4.021204251416937e-06,-0.00010582954607014145,-0.0002883180768883457
742,0.09688772521117746,0.049999400426707856,0.04999999933813534,-1.8838484624208347e-06,-6.880357525081672e-06,-0.00025530750790754916,-9.442064765607938e-05,-1.3154393130321296e-09,-4.022983711179587e-06,-0.00010595504646144896,-0.0002907226721138892
743,0.09686046985959662,0.049999418347422754,0.049999999355373706,-1.92137421881315e-06,-6.889788200331083e-06,-0.0002553324956716669,-9.458930435357615e-05,-1.3124842324074848e-09,-4.024663251028135e-06,-0.00010607995974675142,-0.00029313783090981725
744,0.09683292442534458,0.049999446606933035,0.04999999937234095,-1.959668379352365e-06,-6.902215529133094e-06,-0.00025535294163178186,-9.476199193159118e-05,-1.3182359648311603e-09,-4.0262372873128795e-06,-0.00010620428856442019,-0.00029556380120019266
745,0.09680508981935605,0.04999948351340759,0.04999999938904576,-1.9987712933362617e-06,-6.917578529621913e-06,-0.00025536922079487395,-9.49386740103364e-05,-1.29711907881358e-09,-4.027714453495922e-06,-0.00010632803479602705,-0.0002980008298198522
746,0.0967769758227024,0.04999952693147233,0.04999999940549566,-2.0387093738177274e-06,-6.935736611130786e-06,-0.00025538136276802206,-9.511948155704886e-05,-1.308156138968286e-09,-4.029092007645393e-06,-0.00010645119976410438,-0.0003004491589212918
747,0.09674858540920993,0.04999957497981666,0.04999999942169793,-2.0795119974342305e-06,-6.9566031258495756e-06,-0.00025538958055432696,-9.530431998427957e-05,-1.2981311581228283e-09,-4.030375410531932e-06,-0.00010657378453320856,-0.0003029090267268617
748,0.09671992237420582,0.049999625797487963,0.049999999437659044,-2.1212139518188683e-06,-6.98009976499656e-06,-0.0002553941536193569,-9.549047535983846e-05,-1.293094076260104e-09,-4.031567762740758e-06,-0.00010669579055312614,-0.00030538066794411387
749,0.09669099245801137,0.04999967774990659,0.0499999994533845,-2.163841020342675e-06,-7.00612993989706e-06,-0.0002553948566576093,-9.56816365942359e-05,-1.3001557608305347e-09,-4.032657382742069e-06,-0.00010681721865381884,-0.0003078643167986042
750,0.09666179483336182,0.04999972920295717,0.049999999468879425,-2.2074272327079437e-06,-7.0346619533766e-06,-0.000255392022569183,-9.587241220287979e-05,-1.2956817840859003e-09,-4.033646907752189e-06,-0.00010693806873221778,-0.00031036020858705255
751,0.09663233474979158,0.04999977883206808,0.04999999948414836,-2.2520019634337116e-06,-7.065637833623816e-06,-0.00025538598242399617,-9.606758976588026e-05,-1.2969421092634548e-09,-4.034540634324097e-06,-0.00010705834061164652,-0.0003128685776569046
752,0.09660261702052332,0.04999982541423933,0.04999999949919518,-2.297592337435161e-06,-7.098999911600835e-06,-0.0002553764320227171,-9.626373503124341e-05,-1.2982077635115274e-09,-4.035327767319255e-06,-0.00010717803388201992,-0.0003153896618493235
753,0.09657263826272247,0.0499998679237853,0.049999999514023584,-2.344231228867252e-06,-7.134753468663594e-06,-0.00025536409826979644,-9.64611244853586e-05,-1.2934389115315525e-09,-4.036023354364211e-06,-0.000107297148446643,-0.0003179236977157744
754,0.09654240725960551,0.04999990553877586,0.04999999952863697,-2.391940381833324e-06,-7.172784946282105e-06,-0.00025534834574039705,-9.666184632806107e-05,-1.30390931385449e-09,-4.036603428849328e-06,-0.00010741568382964501,-0.0003204709235592584
755,0.09651191472215893,0.04999993748930428,0.049999999543037944,-2.440766315840176e-06,-7.213178013603945e-06,-0.0002553299576529593,-9.686307021183893e-05,-1.2964446183261202e-09,-4.037084927150933e-06,-0.00010753363887473667,-0.0003230315832555613
756,0.09648117077976094,0.04999996325927649,0.049999999557228364,-2.490729347254049e-06,-7.255845435268014e-06,-0.00025530876711197354,-9.706699347589165e-05,-1.3057285253026407e-09,-4.0374581091639e-06,-0.00010765101264105708,-0.00032560592233012723
757,0.09645017244441102,0.049999982420610135,0.049999999571210145,-2.5418602737871375e-06,-7.300804244996605e-06,-0.0002552849668172813,-9.727224096423015e-05,-1.29557131689495e-09,-4.0377263086680376e-06,-0.00010776780395034466,-0.00032819418779932353
758,0.09641892171640451,0.049999994679333484,0.049999999584984856,-2.594190649093112e-06,-7.3479800486533015e-06,-0.00025525880027202916,-9.747896547196433e-05,-1.3066897563973612e-09,-4.037891566023474e-06,-0.00010788401209861685,-0.00033079663074265554
759,0.09638741756109143,0.049999999831038644,0.04999999959855334,-2.6477544385099176e-06,-7.397448765306937e-06,-0.00025523011403193554,-9.768793097464368e-05,-1.3058484293893002e-09,-4.037944138757257e-06,-0.00010799963593704969,-0.0003334135090930851
760,0.09635565796899437,0.04999999778225514,0.04999999961191596,-2.7025870639238702e-06,-7.4491785622682e-06,-0.0002551991637211551,-9.789874457055703e-05,-1.3067771309493992e-09,-4.0378884843761886e-06,-0.00010811467390465101,-0.0003360450819005149
761,0.09632364458975974,0.04999998851770021,0.04999999962507279,-2.758716345141571e-06,-7.503138053704088e-06,-0.00025516626043594893,-9.811329800868407e-05,-1.321226794637198e-09,-4.037728989009655e-06,-0.00010822912480254355,-0.0003386916139438234
762,0.09629137806032738,0.04999997209317376,0.049999999638023845,-2.8161736264799704e-06,-7.5593768048815065e-06,-0.0002551311112593843,-9.832793148234487e-05,-1.318408715533792e-09,-4.037455324539375e-06,-0.0001083429871687937,-0.00034135337728185313
763,0.09625885323523578,0.04999994864267833,0.049999999650768984,-2.874995591137765e-06,-7.6178872788578624e-06,-0.00025509444954137475,-9.854550444288179e-05,-1.3196017611960542e-09,-4.037085122065117e-06,-0.00010845626006975498,-0.0003440306484537902
764,0.0962260746599612,0.04999991830969025,0.04999999966330781,-2.935201690563349e-06,-7.678671216170723e-06,-0.00025505559929600655,-9.87653766060248e-05,-1.3233730777884034e-09,-4.036595631643631e-06,-0.00010856894235831207,-0.00034672370950807095
765,0.09619303286161665,0.0499998813679552,0.04999999967563897,-2.996863176180729e-06,-7.741780906606844e-06,-0.0002550153318579075,-9.89855543593876e-05,-1.3241676644071276e-09,-4.03600574334274e-06,-0.00010868103230012724,-0.0003494328477818021
766,0.09615973534180847,0.04999983802608248,0.04999999968776103,-3.0599840094966233e-06,-7.807165232991731e-06,-0.00025497376428613083,-9.920913726091385e-05,-1.3304173318573476e-09,-4.035305494399899e-06,-0.00010879252878296983,-0.0003521583517563705
767,0.09612617480822425,0.04999978855544357,0.049999999699673864,-3.1245253752206467e-06,-7.874761950098769e-06,-0.0002549303445921187,-9.944612247636542e-05,-1.3738654658368432e-09,-4.034499960775415e-06,-0.0001089034301994172,-0.00035490053231418525
768,0.0960923448971836,0.049999733704643765,0.04999999971137367,-3.1907568339700077e-06,-7.945088181207434e-06,-0.00025488589698044277,-9.966149082174525e-05,-1.2956354877857734e-09,-4.0335990096914795e-06,-0.00010901373564407808,-0.0003576597024944285
769,0.09605826098526044,0.04999967304596519,0.04999999972285782,-3.2585047413128948e-06,-8.01748428550024e-06,-0.0002548401126230542,-9.989156387746334e-05,-1.3484132699304041e-09,-4.0325837074840256e-06,-0.00010912344390533609,-0.0003604361542741811
770,0.09602390641945202,0.04999960741627801,0.04999999973412576,-3.3278662335258907e-06,-8.092174528212049e-06,-0.00025479320279034003,-0.00010012085840571672,-1.3410746957376318e-09,-4.031470637315281e-06,-0.00010923255345864723,-0.0003632302028477711
771,0.09598928563257597,0.049999536570076455,0.04999999974517547,-3.39887446022804e-06,-8.169267129870378e-06,-0.0002547455432719582,-0.00010035429295385256,-1.3478874683059416e-09,-4.0302595575585224e-06,-0.00010934106354727178,-0.0003660421791701648
772,0.09595439729791098,0.04999946118078674,0.04999999975600576,-3.471560220503223e-06,-8.248736297397145e-06,-0.00025468653442333383,-0.0001005895683192648,-1.3501986195763038e-09,-4.029263632831329e-06,-0.00010944903576590338,-0.0003688737476341339
773,0.09591883355932573,0.04999939592346547,0.04999999976665691,-3.545786235082734e-06,-8.34715771190162e-06,-0.000253906772784043,-0.00010446466330904514,-1.083152528735809e-05,-4.011175131917925e-06,-0.00010955579361407958,-0.0003717531298261941
774,0.09585946088876518,0.0499975076349132,0.04999999977796902,-3.6491169518148488e-06,-9.059221071304249e-06,-0.00025357153914308257,-0.0001034676461131312,-3.5285193007439375e-06,-3.999312289777454e-06,-0.00010966007128731252,-0.000374715459199364
775,0.09580046900072106,0.049996768724118776,0.04999999978803383,-3.8155939526216405e-06,-1.0042069448415278e-05,-0.0002532276834963289,-0.00010607274452922866,-2.8525291781988926e-06,-3.99346859120981e-06,-0.00010976223553973352,-0.00037774004060543004
776,0.09574137140765343,0.049994517905511654,0.04999999979395761,-3.992513845852567e-06,-1.0766069506323748e-05,-0.0002532278078966154,-0.00010097212361870334,-8.656700629217084e-06,-4.000252316833022e-06,-0.00010986373984957557,-0.00038078647042882473
777,0.09571023269613528,0.04999472574427932,0.049999999798032074,-4.077920785354201e-06,-1.068309365039945e-05,-0.0002532156195674795,-0.00010115800250787288,-6.61329568885094e-09,-4.003925331405633e-06,-0.00010996509848171864,-0.0003838437699692709
778,0.09567843447940264,0.04999496132388991,0.049999999802823436,-4.163722085522767e-06,-1.061566398568089e-05,-0.0002532022346327665,-0.00010083289816975594,-2.6943813846713738e-09,-4.00571730341387e-06,-0.00011006610737020006,-0.0003869126208111765
779,0.09564626765931326,0.049995126650637156,0.049999999808382066,-4.249666474564905e-06,-1.0550671229612178e-05,-0.00025318290788878294,-0.00010136704804608598,-3.580220342414009e-09,-4.006122877914276e-06,-0.00011016667511694527,-0.0003899936572725216
780,0.09561326567472478,0.04999528896871971,0.049999999814682755,-4.337721869091356e-06,-1.050586773190604e-05,-0.000253164446409243,-0.00010168042354052886,-2.342284366463332e-09,-4.005598799567312e-06,-0.00011026675577451088,-0.00039308819312205306
781,0.09557956514827017,0.04999541597769899,0.04999999982162248,-4.42824877159356e-06,-1.0478185521446804e-05,-0.0002531472112642131,-0.00010195810318691656,-1.6128266500103905e-09,-4.0043122228150935e-06,-0.00011036631510918409,-0.00039619730424085965
782,0.0955452761675416,0.04999552895546168,0.049999999829083944,-4.521045948413223e-06,-1.046329919578801e-05,-0.00025313015480003456,-0.0001022532451315783,-1.6468503227784481e-09,-4.0024415931345e-06,-0.00011046532257572482,-0.00039932192174123906
783,0.09551040223063971,0.04999562885107371,0.049999999836955425,-4.616285256249812e-06,-1.0460548907581262e-05,-0.00025311395034624334,-0.00010254448716295883,-1.5688129684221508e-09,-4.000143998902877e-06,-0.0001105637586459904,-0.00040246292929598876
784,0.0954749770849714,0.04999571546896938,0.04999999984513124,-4.71389054533356e-06,-1.0468593244267357e-05,-0.0002530978364633147,-0.0001028441620292142,-1.583227438040069e-09,-3.997499100295337e-06,-0.00011066161064144521,-0.0004056211654611512
785,0.0954390003164859,0.04999579013215433,0.04999999985351322,-4.813944368121642e-06,-1.0486896193247814e-05,-0.0002530821660053614,-0.0001031406718539074,-1.5618957238672238e-09,-3.994597577551673e-06,-0.00011075887005494103,-0.00040879744901972887
786,0.09540249247151958,0.049995852609839936,0.04999999986201024,-4.916464608296863e-06,-1.0514784026906446e-05,-0.0002530671044490173,-0.00010344308248022571,-1.5578146550510041e-09,-3.991500388920568e-06,-0.00011085553259752367,-0.00041199257749362326
787,0.09536546601137036,0.049995904192339125,0.04999999987053981,-5.021486032229961e-06,-1.0551706854092502e-05,-0.0002530522495185112,-0.00010374783596489578,-1.5622149129868035e-09,-3.988239201404557e-06,-0.00011095159599151229,-0.00041520732908252746
788,0.09532792485460369,0.049995945891851266,0.04999999987902781,-5.129059075256312e-06,-1.059722596724789e-05,-0.00025303813486079384,-0.00010405149077996612,-1.5386752982848861e-09,-3.984862268607624e-06,-0.00011104705982368435,-0.000418442465944966
789,0.09528988793670794,0.04999597819550165,0.04999999988740911,-5.239189614762919e-06,-1.06507831977911e-05,-0.00025302419884763266,-0.00010435978038003668,-1.543248528967922e-09,-3.981375016170767e-06,-0.00011114192470438641,-0.00042169873577223174
790,0.09525135390591231,0.04999600207375865,0.0499999998956273,-5.351934445504849e-06,-1.071206083997409e-05,-0.00025301048946547473,-0.0001046675824909471,-1.530480520095523e-09,-3.9778078208955606e-06,-0.00011123619106501184,-0.00042497687712794523
791,0.09521233828004566,0.04999601843742356,0.04999999990363341,-5.467437721224115e-06,-1.0780760521821909e-05,-0.00025299784208570214,-0.0001049633719958365,-1.493693169152266e-09,-3.974174498642166e-06,-0.0001113298601236056,-0.0004282775999400097
792,0.09517285534551796,0.049996025705092706,0.04999999991138809,-5.585468150862664e-06,-1.0855998729362155e-05,-0.0002529856800410397,-0.00010528158600209281,-1.5655151619498042e-09,-3.970473801567569e-06,-0.00011142293320491007,-0.0004316016057526451
793,0.09513288928926941,0.04999602721763214,0.04999999991885951,-5.706196852412322e-06,-1.0938123811959116e-05,-0.0002529746046742243,-0.00010559785005170852,-1.528399851125073e-09,-3.966734286385017e-06,-0.0001115154124052726,-0.00043494961573970517
794,0.0950924603190973,0.049996022680485246,0.04999999992602136,-5.829634947654066e-06,-1.1026739218117442e-05,-0.0002529640288589975,-0.0001059212299878709,-1.5589993740405816e-09,-3.96293663781978e-06,-0.00011160729935301374,-0.0004383223487821261
795,0.09505155934073789,0.04999601497464587,0.04999999993285337,-5.955880027733101e-06,-1.1121788157602684e-05,-0.00025295434855489274,-0.00010624180140439421,-1.5395559271880188e-09,-3.959098183655294e-06,-0.00011169859448216686,-0.00044172051385671574
796,0.09501019682857802,0.049996004004723295,0.04999999993934025,-6.0849610280516816e-06,-1.122295526557874e-05,-0.00025294578223826323,-0.00010656522499630228,-1.5505252637382227e-09,-3.95522589687053e-06,-0.00011178929885376867,-0.0004451448152487639
797,0.09496837888055237,0.049995990125089505,0.049999999945471905,-6.216911134384511e-06,-1.1330060458987705e-05,-0.0002529380179634155,-0.00010689168993849307,-1.5539965980693182e-09,-3.951314345559431e-06,-0.00011187941329447002,-0.00044859595565611174
798,0.09492610217076722,0.0499959739722347,0.049999999951242644,-6.351776588997717e-06,-1.1442918438377197e-05,-0.00025293162883746655,-0.00010721422586357221,-1.5463845759455808e-09,-3.947378117758731e-06,-0.00011196893879593671,-0.0004520746316968117
799,0.09488337720227735,0.04999595553482128,0.049999999956650415,-6.4895906343939205e-06,-1.1561305669911327e-05,-0.0002529261314626874,-0.00010754435788840055,-1.5541774534000297e-09,-3.943402578072016e-06,-0.00011205787596633925,-0.0004555815409287919
800,0.09484019765679885,0.04999593569290676,0.04999999996169616,-6.630412091132629e-06,-1.1685130710121836e-05,-0.0002529219091551395,-0.00010787350038299337,-1.5574811440544067e-09,-3.939398851191994e-06,-0.00011214622488336674,-0.0004591173851104842
801,0.09479656773346844,0.04999591446747923,0.04999999996638321,-6.774290409051929e-06,-1.1814293956702881e-05,-0.00025291919058627245,-0.00010820579336723313,-1.5597289015900628e-09,-3.935370420812953e-06,-0.00011223398601761527,-0.00046268286432118056
802,0.09475249203111268,0.0499958923868448,0.04999999997071711,-6.921262753556912e-06,-1.194861937957352e-05,-0.0002529177054033508,-0.00010854176798602566,-1.564484874982952e-09,-3.931309324746932e-06,-0.00011232115939682419,-0.0004662786766656769
803,0.09470796629710462,0.04999587004274813,0.049999999974705084,-7.071390026074462e-06,-1.2087990344177404e-05,-0.000252917695726812,-0.00010888039105338976,-1.5795134089557905e-09,-3.927230579664337e-06,-0.0001124077451164624,-0.00046990552898694426
804,0.09466299613132337,0.0499958476940315,0.04999999997835536,-7.2248275900435606e-06,-1.2232505287443613e-05,-0.0002529192051496009,-0.00010920878412434831,-1.547176053939836e-09,-3.923115120449687e-06,-0.00011249374307555837,-0.00047356411511915097
805,0.09461757993631663,0.04999582398012053,0.04999999998167786,-7.381385107013128e-06,-1.2381472452176101e-05,-0.00025292234304209244,-0.00010955754260066897,-1.6029931826366806e-09,-3.918970811071221e-06,-0.00011257915257434256,-0.0004772551276115811
806,0.09457170875641167,0.04999580149159386,0.04999999998468308,-7.541278365085391e-06,-1.2535414165417773e-05,-0.00025292733763144837,-0.00010990640294039622,-1.5988395052346505e-09,-3.914807498023045e-06,-0.00011266397354833974,-0.00048097929166214873
807,0.0945253906073974,0.04999577980116665,0.04999999998738156,-7.704547611457098e-06,-1.2694205544533855e-05,-0.00025293393461253504,-0.00011025751155102625,-1.6001474589799614e-09,-3.910610877065441e-06,-0.00011274820552019121,-0.0004847373285804791
808,0.09447861840831957,0.04999576033960603,0.049999999989784334,-7.871269376446686e-06,-1.285767801707568e-05,-0.0002529426082261989,-0.00011061465193051845,-1.6162261529117927e-09,-3.90639397072706e-06,-0.00011283184797516912,-0.000488529951580472
809,0.09443139404596654,0.04999574311720858,0.04999999999190264,-8.041459895083799e-06,-1.3025792616444454e-05,-0.0002529530154124492,-0.00011097729293396696,-1.6286402226839414e-09,-3.9021402947812246e-06,-0.00011291490037657845,-0.0004923578848358565
810,0.09438370902859568,0.04999572891687431,0.04999999999374785,-8.215174231764656e-06,-1.319852100235026e-05,-0.00025296486174820204,-0.00011134777741972357,-1.6512027301018861e-09,-3.897866833198562e-06,-0.00011299736170171586,-0.0004962218754451158
811,0.09433556580865604,0.049995718578433435,0.049999999995330946,-8.392762688631259e-06,-1.3376245459631182e-05,-0.0002529789399247278,-0.00011169519711984321,-1.5758859772674327e-09,-3.89357411352966e-06,-0.0001130792315239815,-0.0005001226531344583
812,0.09428698050492533,0.049995708862165825,0.04999999999666323,-8.573974723150552e-06,-1.3557933578062037e-05,-0.00025299480762766747,-0.00011206181807210669,-1.6517386347558727e-09,-3.889248339789268e-06,-0.00011316050882637977,-0.0005040609287569716
813,0.09423793102737008,0.0499957015414047,0.04999999999775597,-8.758973990345143e-06,-1.3744072082563699e-05,-0.00025301299276633555,-0.00011242352047702298,-1.6226294752286208e-09,-3.88490909660795e-06,-0.00011324119310651474,-0.000508037437040636
814,0.09418842989249475,0.04999569461660322,0.049999999998620065,-8.947763215986366e-06,-1.3934396155554993e-05,-0.00025303301789235893,-0.00011279763566562906,-1.660711901330103e-09,-3.8805362418679005e-06,-0.00011332128389923154,-0.0005120529222238607
815,0.09413846192190842,0.04999569028341578,0.049999999999266104,-9.140464816460623e-06,-1.4129075645952228e-05,-0.0002530552005063772,-0.00011317381722619757,-1.6584975615074882e-09,-3.87613953459555e-06,-0.00011340077989603346,-0.0005161081349548982
816,0.09408803011233327,0.04999568850293071,0.049999999999704225,-9.337140973056058e-06,-1.4328018706498726e-05,-0.0002530797152437067,-0.00011355528113199398,-1.6715370199094082e-09,-3.87172180871171e-06,-0.00011347968040356312,-0.0005202038282514372
817,0.09403713270921198,0.04999568961121905,0.04999999999994424,-9.537870704373914e-06,-1.4531223037147652e-05,-0.0002531063093436651,-0.00011394252214813605,-1.6835829397265911e-09,-3.867275674522372e-06,-0.000113557984531009,-0.0005243407642387826
818,0.09398576255835593,0.04999569373533071,0.049999999999995576,-9.742738743115238e-06,-1.4738708233340677e-05,-0.0002531353875248392,-0.0001143315967055969,-1.691365492106911e-09,-3.862811748928482e-06,-0.00011363569155115104,-0.0005285197142172332
819,0.0939339225110541,0.049995700771958425,0.049999999999867345,-9.951812144859566e-06,-1.4950429747290905e-05,-0.00025316654024121367,-0.00011472489131847396,-1.6941618108390344e-09,-3.8583169237860886e-06,-0.00011371280064259473,-0.0005327414509846855
820,0.09388160492757168,0.04999571068801267,0.04999999999956829,-1.0165162914715056e-05,-1.5166289327079949e-05,-0.00025320005261240296,-0.00011512250785017386,-1.707529562189336e-09,-3.853798803372372e-06,-0.00011378931056639865,-0.0005370067535925222
821,0.09382880933080341,0.04999572394736499,0.049999999999106814,-1.0382880036608727e-05,-1.538632919797258e-05,-0.00025323606925124943,-0.00011552440992090851,-1.7215316949759085e-09,-3.849260311754595e-06,-0.00011386522056292775,-0.0005413164084481616
822,0.09377553512660479,0.04999574031658889,0.04999999999849094,-1.0605022750506485e-05,-1.5610496613194775e-05,-0.00025327435161155547,-0.00011593035014811903,-1.7315768818804145e-09,-3.844693887839238e-06,-0.00011394052963797913,-0.0005456712074801168
823,0.09372177523724914,0.04999576001138163,0.04999999999772832,-1.0831685553213676e-05,-1.5838778958623078e-05,-0.00025331529583456236,-0.00011634045949904248,-1.7366522664374884e-09,-3.840111628516807e-06,-0.00011401523714652887,-0.0005500719505124001
824,0.09366753062043458,0.0499957827113148,0.049999999996826305,-1.1062946645813314e-05,-1.6071194568615077e-05,-0.00025335846981275263,-0.00011675730638671666,-1.760207313239448e-09,-3.835496919140299e-06,-0.00011408934220111015,-0.000554519446886181
825,0.09361279147939103,0.049995808679701964,0.04999999999579193,-1.1298901176150505e-05,-1.6307762198641423e-05,-0.00025340417141764266,-0.00011717588495230302,-1.7546656350120315e-09,-3.8308613105959365e-06,-0.00011416284346350163,-0.0005590145115585909
826,0.09355756044702379,0.04999583790403514,0.04999999999463191,-1.1539615412087756e-05,-1.6548361868539475e-05,-0.00025345255038183395,-0.00011760010238504037,-1.7747056046957255e-09,-3.826206892902489e-06,-0.00011423574044830488,-0.0005635579654605313
827,0.09350183466045459,0.049995870158252784,0.04999999999335263,-1.1785175464585886e-05,-1.6793060584916255e-05,-0.00025350334698353747,-0.00011802955850725994,-1.7890992021207808e-09,-3.82152470671665e-06,-0.00011430803226035355,-0.0005681506399537536
828,0.09344560619587639,0.04999590555684483,0.04999999999196024,-1.2035679449309792e-05,-1.704186124377694e-05,-0.0002535569181802368,-0.00011846440611407161,-1.7945499530824804e-09,-3.8168270353351e-06,-0.00011437971827599993,-0.0005727933735539751
829,0.09338887745400357,0.04999594397875434,0.04999999999046057,-1.2291195322011574e-05,-1.7294717636650304e-05,-0.00025361291484836374,-0.0001189032118418254,-1.8053430972386764e-09,-3.812098405044437e-06,-0.00011445079768928838,-0.0005774870101450045
830,0.09333163936346509,0.049995985680168664,0.04999999998885921,-1.2551829555170844e-05,-1.755162775700729e-05,-0.0002536715387146587,-0.00011934783833567053,-1.8272182655820757e-09,-3.8073480485324616e-06,-0.00011452126914383054,-0.0005822324044976351
831,0.0932738902397493,0.04999603043662685,0.04999999998716154,-1.2817668314255778e-05,-1.7812650512406862e-05,-0.00025373295180971866,-0.00011979561531916261,-1.8226409270738486e-09,-3.8025795681626445e-06,-0.0001145911321444276,-0.0005870304152988948
832,0.09321563147502711,0.049996077915405175,0.04999999998537265,-1.3088779071396314e-05,-1.8077617696494424e-05,-0.0002537969285523455,-0.00012024962779833004,-1.8451802308305787e-09,-3.7977847928631886e-06,-0.00011466038594355822,-0.0005918819069316054
833,0.09315685447221082,0.0499961283396002,0.04999999998349735,-1.3365270585023165e-05,-1.8346631277327138e-05,-0.0002538637615841169,-0.00012070848606526852,-1.8544149549271083e-09,-3.7929732868309027e-06,-0.00011472902991143855,-0.0005967877542621193
834,0.09309755987887858,0.049996181545075236,0.049999999981540276,-1.3647222818380837e-05,-1.8619648033847706e-05,-0.000253933132136211,-0.00012117315054638311,-1.8742862817333616e-09,-3.78813284085502e-06,-0.00011479706331025423,-0.0006017488422309313
835,0.09303773870774405,0.049996237463762805,0.04999999997950583,-1.3934740543012167e-05,-1.889674326904072e-05,-0.00025400523423749146,-0.00012164399231551215,-1.877513922110552e-09,-3.7832708215070396e-06,-0.00011486448499146644,-0.0006067660652753215
836,0.09297739059937772,0.049996296015329275,0.04999999997739829,-1.4227919376302773e-05,-1.9177851663310136e-05,-0.000254080210984839,-0.00012211990542709827,-1.8970833792764097e-09,-3.778390698109488e-06,-0.00011493129454353229,-0.0006118403233970906
837,0.09291651323545871,0.04999635715806355,0.04999999997522181,-1.4526849023982993e-05,-1.9463021210220693e-05,-0.00025415782602406753,-0.00012259990035090595,-1.8987569294637296e-09,-3.773484172392638e-06,-0.00011499749133179313,-0.0006169725209525204
838,0.09285510127587729,0.04999642063276389,0.04999999997298028,-1.4831622882307549e-05,-1.9752128511569567e-05,-0.0002542383895502095,-0.0001230877242051065,-1.9240931070640954e-09,-3.7685613778553785e-06,-0.00011506307485265613,-0.000622163572213208
839,0.0927931543868138,0.0499964867028137,0.04999999997067751,-1.5142339309834377e-05,-2.0045289639756202e-05,-0.0002543215463117413,-0.0001235802483279258,-1.9356669600512078e-09,-3.7636090121391306e-06,-0.00011512804447923517,-0.000627414404394754
840,0.09273066313640016,0.04999655500825835,0.04999999996831708,-1.5459100342523596e-05,-2.0342491970736213e-05,-0.00025440751552564957,-0.00012407716712914407,-1.9479589052906476e-09,-3.7586348403899287e-06,-0.00011519239911869975,-0.0006327259506073822
841,0.0926676274489228,0.04999662546341043,0.049999999965902514,-1.5782012373227774e-05,-2.0643736483832333e-05,-0.000254496390929712,-0.00012458082346711308,-1.9587347299676594e-09,-3.7536420816512925e-06,-0.00011525613839426436,-0.0006380991511904075
842,0.09260404708457338,0.04999669788102298,0.04999999996343712,-1.6111146372872057e-05,-2.0948939690889486e-05,-0.00025458798654514003,-0.00012508983490988612,-1.9737365075656044e-09,-3.7486234318975364e-06,-0.00011531926176600388,-0.0006435349544598311
843,0.09253991415947736,0.04999677215189495,0.04999999996092401,-1.644662857033832e-05,-2.1258165383858252e-05,-0.00025468255441496744,-0.0001256049727089703,-1.9826060793093347e-09,-3.743587495067176e-06,-0.00011538176885415023,-0.0006490343148318227
844,0.09247522904666222,0.04999684821773505,0.04999999995836634,-1.678855077483369e-05,-2.1571375170331156e-05,-0.0002547798034149587,-0.00012612513091880828,-2.003672339156992e-09,-3.738521548665109e-06,-0.00011544365899691456,-0.0006545981961516277
845,0.09240998476636707,0.04999692604160551,0.04999999995576709,-1.713702023543902e-05,-2.188859168848572e-05,-0.0002548798626016594,-0.00012665499525610358,-2.0209263151826917e-09,-3.7334333852156537e-06,-0.00011550493114434956,-0.0006602275751432445
846,0.09234417734730263,0.04999700562911125,0.04999999995312912,-1.7492147596976834e-05,-2.2209882966236615e-05,-0.0002549828989013037,-0.00012718664947897196,-2.0263228872607897e-09,-3.728326098921451e-06,-0.00011556558509782248,-0.0006659234339654503
847,0.09227780772677095,0.049997086389809174,0.04999999995045534,-1.78540305534885e-05,-2.2535170158999155e-05,-0.0002550886512119095,-0.00012772879563272,-2.0477197715251805e-09,-3.723191128794323e-06,-0.00011562562035902852,-0.0006716867609486755
848,0.09221086848658383,0.0499971687425837,0.0499999999477484,-1.822276042790006e-05,-2.2864439646282196e-05,-0.00025519740107216005,-0.0001282767188968137,-2.064203474816395e-09,-3.71803786196654e-06,-0.00011568503664850235,-0.0006775185550143082
849,0.09214335774300611,0.04999725251749451,0.049999999945010795,-1.859845587710753e-05,-2.3197800178093512e-05,-0.0002553088071111052,-0.00012883050658274442,-2.079700189838718e-09,-3.712853855661449e-06,-0.00011574383347529795,-0.000683419826520605
850,0.09207527088048467,0.04999733769492689,0.04999999994224519,-1.898125624551307e-05,-2.3535197850189964e-05,-0.00025542292566383854,-0.00012938979489263147,-2.086947503698866e-09,-3.707648674353227e-06,-0.00011580200988593189,-0.0006893915964185345
851,0.09200660741413792,0.049997423898865266,0.049999999939454275,-1.9371336852813856e-05,-2.3876713235328247e-05,-0.0002555400118287396,-0.00012994714779779315,-2.0828234692515935e-09,-3.702424113953601e-06,-0.00011585956573610022,-0.0006954348823277134
852,0.09193736978122984,0.04999751016586646,0.04999999993664044,-1.9768699554701823e-05,-2.422202199538372e-05,-0.0002556601634062591,-0.0001305182813666761,-2.1169106467766596e-09,-3.6971664514246027e-06,-0.00011591650063111814,-0.0007015506928180185
853,0.09186754275215464,0.0499975968080594,0.049999999933805016,-2.0173195368901512e-05,-2.4571013350748478e-05,-0.00025578282675769196,-0.00013111367297824472,-2.1916477521699562e-09,-3.691892632694054e-06,-0.00011597281437841145,-0.0007077400927759582
854,0.09179712259027684,0.04999768519206008,0.049999999930950854,-2.058559583834899e-05,-2.492498040031606e-05,-0.0002559082988518664,-0.00013168330769985914,-2.091743445120642e-09,-3.686593359804159e-06,-0.00011602850685547878,-0.0007140041551663989
855,0.0917261237515897,0.04999777281877382,0.04999999992808078,-2.100556891022681e-05,-2.5282434174532935e-05,-0.0002560365146581769,-0.00013227442104835063,-2.1689212648112743e-09,-3.6812625657157202e-06,-0.00011608357699452323,-0.00072034390443595
856,0.09165452899355447,0.049997861168466516,0.04999999992519645,-2.1433325026678385e-05,-2.564383640667048e-05,-0.0002561676629981937,-0.0001328663493040949,-2.1700825580950323e-09,-3.6759130155423265e-06,-0.00011613802438058175,-0.0007267603918814548
857,0.09158234304577653,0.04999794833095179,0.04999999992229976,-2.186890287572444e-05,-2.6009126450537878e-05,-0.0002563015394613788,-0.00013347143249120563,-2.1950887774124794e-09,-3.670534454915163e-06,-0.00011619184893132212,-0.0007332546932097843
858,0.09150955753865468,0.04999803521976878,0.04999999991939219,-2.2312465377421484e-05,-2.6378412850728495e-05,-0.0002564383141691442,-0.00013408435916062444,-2.2091481977071226e-09,-3.6651336246723077e-06,-0.00011624505041661848,-0.0007398278899101833
859,0.09143617082612532,0.04999812189255966,0.049999999916475454,-2.2764127772913416e-05,-2.6751726689886527e-05,-0.00025657766307342144,-0.0001347019278910011,-2.219996186880735e-09,-3.6597020189792495e-06,-0.00011629762848661091,-0.0007464810706073431
860,0.09136217988472986,0.049998208223247666,0.0499999999135516,-2.3224119006959567e-05,-2.7129095972335294e-05,-0.0002567199424962658,-0.0001353216648567468,-2.2296153812106922e-09,-3.6542412965056977e-06,-0.00011634958223156482,-0.0007532153246678144
861,0.0912875829632098,0.04999829361882971,0.04999999991062218,-2.3692328167482832e-05,-2.7510224197513384e-05,-0.0002568650225489962,-0.0001359602902084589,-2.2820416667457266e-09,-3.648754870799326e-06,-0.00011640091130070277,-0.0007600317571652401
862,0.0912123725956316,0.0499983786691991,0.04999999990768868,-2.416905523463163e-05,-2.789561747011561e-05,-0.00025701279264127736,-0.0001366013166261837,-2.26648255718942e-09,-3.643239319556643e-06,-0.00011645161545163837,-0.0007669314927535086
863,0.09113654945506174,0.04999846302127735,0.04999999990475295,-2.465438082393456e-05,-2.8285004070181805e-05,-0.0002571634069932566,-0.0001372514379909262,-2.2870083604686897e-09,-3.6376994333366777e-06,-0.00011650169467104862,-0.0007739156524455976
864,0.09106011218428507,0.04999854682643681,0.049999999901816625,-2.5148446955420354e-05,-2.867841379570912e-05,-0.00025731661844338743,-0.0001379070308757946,-2.3134221205367567e-09,-3.632124416960653e-06,-0.00011655114860138925,-0.0007809853687462268
865,0.0909830546719456,0.04999862974966604,0.049999999898881355,-2.56513753759805e-05,-2.907589716939066e-05,-0.00025747252806303044,-0.00013856783334631473,-2.3173531982223494e-09,-3.6265193250133184e-06,-0.00011659997636616706,-0.0007881417804993121
866,0.09090537640578368,0.04999871148083222,0.049999999895948694,-2.6163301735151293e-05,-2.9477377671139553e-05,-0.0002576312241291996,-0.0001392382982885465,-2.3454667097411175e-09,-3.620887560056896e-06,-0.00011664817776469168,-0.0007953860358024044
867,0.09082707590512923,0.04999879201646526,0.049999999893020196,-2.6684342119218755e-05,-2.9882963412419824e-05,-0.0002577924905789047,-0.00013991598098073155,-2.358191641960161e-09,-3.6152227764985544e-06,-0.00011669575253786876,-0.0008027192962698124
868,0.0907481484665442,0.049998871172903823,0.04999999989009719,-2.721464512384801e-05,-3.0292603732127985e-05,-0.0002579565230971757,-0.00014059960085432976,-2.3658299763695823e-09,-3.609532462380259e-06,-0.00011674270064244088,-0.0008101427258582399
869,0.09066859662124666,0.04999894870005739,0.049999999887181026,-2.7754332628122764e-05,-3.070622562357627e-05,-0.0002581230683107979,-0.0001412896963302046,-2.382327668470907e-09,-3.6038046759280426e-06,-0.00011678902177027118,-0.0008176574922287157
870,0.09058841445877486,0.04999902437648546,0.049999999884273075,-2.8303550084194117e-05,-3.1123814950615454e-05,-0.00025829221787017673,-0.00014198744611348957,-2.4032524859052273e-09,-3.598045708305325e-06,-0.00011683471512494967,-0.0008252647718729101
871,0.09050760105778816,0.04999909807071923,0.04999999988137456,-2.886242558977362e-05,-3.154541357920313e-05,-0.000258464017824686,-0.0001426939998054877,-2.420378342193885e-09,-3.5922575327105137e-06,-0.0001168797806923995,-0.0008329657522069024
872,0.09042615438184838,0.04999916961149352,0.04999999987848658,-2.9431092187879587e-05,-3.197105483392503e-05,-0.00025863834219944955,-0.00014340512279886752,-2.430771584016611e-09,-3.586432566280759e-06,-0.0001169242180952185,-0.0008407616256173201
873,0.09034407237865277,0.049999238902004285,0.04999999987561021,-3.000968941107797e-05,-3.240064891451707e-05,-0.0002588152931015491,-0.00014412692689802498,-2.4577386792401512e-09,-3.580578630516307e-06,-0.00011696802704911098,-0.0008486535940935479
874,0.09026135323192909,0.049999305768814284,0.04999999987274645,-3.059834681901897e-05,-3.2834288856951167e-05,-0.00025899472073008636,-0.00014485511928796768,-2.462608783559972e-09,-3.5746855695488404e-06,-0.00011701120724241852,-0.000856642867981114
875,0.09017799533579672,0.04999937016726311,0.04999999986989627,-3.11972102303136e-05,-3.327184932844197e-05,-0.00025917666527408177,-0.00014559162082150578,-2.4932791387044517e-09,-3.5687577049856346e-06,-0.0001170537578047122,-0.0008647306666958635
876,0.09009399557839876,0.04999943194696399,0.049999999867060635,-3.180641510866675e-05,-3.3713457020843764e-05,-0.000259361807769688,-0.0001463373628212139,-2.5103465972620143e-09,-3.562796545951323e-06,-0.00011709567866089773,-0.0008729182082063277
877,0.09000935159494572,0.04999949101501101,0.04999999986423927,-3.242572104639958e-05,-3.41587961741011e-05,-0.00025954904235498576,-0.0001471118739573285,-2.5791428992505416e-09,-3.5567889574239955e-06,-0.00011713696942032681,-0.0008812067462811296
878,0.08992404540398577,0.049999548206296665,0.04999999986143317,-3.305583036060309e-05,-3.460890783221925e-05,-0.000259739096884023,-0.00014787942927796394,-2.5390016755721945e-09,-3.550756836590134e-06,-0.00011717763006816018,-0.000889597565189847
879,0.08983810070745173,0.04999960282991429,0.04999999985864432,-3.3696711778053676e-05,-3.506308241457613e-05,-0.0002599312479597155,-0.0001486579276388511,-2.5743249754128783e-09,-3.544672191041317e-06,-0.00011721766022354345,-0.0008980919271518702
880,0.0897514970561025,0.049999655049495856,0.049999999855874194,-3.4348620361595045e-05,-3.552152381569019e-05,-0.0002601260314607153,-0.0001494380849180743,-2.586839631391058e-09,-3.5385556498001965e-06,-0.00011725705884190828,-0.0009066911000026004
881,0.08966424791443575,0.04999970410669266,0.049999999853124304,-3.501159768764313e-05,-3.598402952490151e-05,-0.0002603232400884902,-0.0001502290106145665,-2.5997788366538543e-09,-3.5324028912875442e-06,-0.00011729582624387225,-0.0009153963600718091
882,0.08957634681779729,0.04999974983263155,0.04999999985039525,-3.5685797623258594e-05,-3.645062860084954e-05,-0.0002605227705756684,-0.0001510259317001328,-2.6230058125520372e-09,-3.526206678788524e-06,-0.00011733396220253978,-0.0009242089940507442
883,0.08948779072860986,0.04999979211342657,0.04999999984768767,-3.637138279476665e-05,-3.6921362367186314e-05,-0.00026072473518175455,-0.00015183136565610766,-2.63129029676179e-09,-3.519973873049823e-06,-0.00011737146651453678,-0.0009331302944639984
884,0.0893985808393043,0.04999983081624644,0.049999999845002294,-3.706849423115758e-05,-3.739616481493447e-05,-0.00026092895128743197,-0.00015264636022038758,-2.6591668866871032e-09,-3.5136939868917753e-06,-0.00011740833881842073,-0.0009421615599674558
885,0.08930871383250814,0.049999865846175114,0.04999999984233972,-3.777728842789067e-05,-3.7875051598973343e-05,-0.0002611354740748288,-0.00015346908185165375,-2.67662136899105e-09,-3.5073719484533104e-06,-0.00011744457819782374,-0.0009513041014170761
886,0.08921818899878575,0.04999989705651585,0.049999999839700576,-3.849792645723048e-05,-3.8358063167081586e-05,-0.00026134456499446197,-0.00015430233906954527,-2.693008926968332e-09,-3.5010155300401526e-06,-0.00011748018474862546,-0.0009605592371500171
887,0.08912701084726131,0.049999924347511944,0.04999999983708526,-3.9230526051279965e-05,-3.884517154306702e-05,-0.00026155564726377113,-0.00015514563710894436,-2.7225344201298185e-09,-3.4946069685512938e-06,-0.0001175151582289697,-0.000969928300359193
888,0.08903516611689141,0.04999994762180676,0.04999999983449437,-3.9975319661794135e-05,-3.933652614584505e-05,-0.00026176923923985576,-0.00015599709877278656,-2.7304520866522353e-09,-3.488162896613644e-06,-0.00011754949837839649,-0.0009794126304174054
889,0.08894266684151275,0.049999966754055075,0.04999999983192843,-4.073238500376603e-05,-3.9831923690995394e-05,-0.0002619847775241655,-0.0001568551961099729,-2.7491828813452912e-09,-3.481663108563547e-06,-0.00011758320477522735,-0.0009890135701668688
890,0.0888495006156812,0.049999981646953184,0.04999999982938774,-4.150194993337772e-05,-4.0331486695919545e-05,-0.00026220270235599564,-0.00015772563347127289,-2.7787678824608975e-09,-3.4751229421146506e-06,-0.0001176162765189081,-0.000998732475905243
891,0.08875567503003227,0.04999999221533801,0.049999999826872726,-4.228413653989226e-05,-4.0835230635741805e-05,-0.00026242282605924634,-0.00015860219718888402,-2.7871258634348806e-09,-3.4685370118102065e-06,-0.00011764871357317048,-0.0010085707073618053
892,0.08866118771556426,0.0499999983429193,0.049999999824383516,-4.3079106853963325e-05,-4.1343060412055336e-05,-0.000262645068163661,-0.000159490475198254,-2.8139712782149218e-09,-3.461900692364682e-06,-0.00011768051534808942,-0.0010185296365945592
893,0.08856603491708634,0.04999999994851483,0.0499999998219206,-4.388707589344697e-05,-4.1855146358378736e-05,-0.00026286948360586043,-0.00016038633475545794,-2.832180268086404e-09,-3.4552193509792222e-06,-0.00011771168143582817,-0.001028610648483324
894,0.08847021856374243,0.04999999692964342,0.04999999981948445,-4.470816455890104e-05,-4.237141111572888e-05,-0.00026309591476958433,-0.00016129469440784305,-2.8570521504178714e-09,-3.4484842139895766e-06,-0.00011774221131125769,-0.0010388151356558655
895,0.08837373627897793,0.049999989185911406,0.04999999981707523,-4.5542568573848395e-05,-4.2891879074450826e-05,-0.0002633244160903229,-0.0001622083073016256,-2.8584172806489505e-09,-3.441699773150414e-06,-0.0001177721041018531,-0.0010491444952445118
896,0.0882765888399645,0.04999997663805252,0.04999999981469328,-4.63904523776878e-05,-4.341650116735734e-05,-0.0002635552069709773,-0.00016313423111569136,-2.8979048050103984e-09,-3.434870958842997e-06,-0.00011780135968925739,-0.0010596001324232093
897,0.08817878071626752,0.049999959200331415,0.04999999981233877,-4.72519642433511e-05,-4.394534999655658e-05,-0.00026378775905853253,-0.00016406759095843881,-2.9102544818471188e-09,-3.4279817451789728e-06,-0.00011782997739385106,-0.0010701834658566195
898,0.0880803017108646,0.04999993676640632,0.049999999810011964,-4.8127331838343576e-05,-4.4478427562680956e-05,-0.00026402258601445364,-0.00016501377103850245,-2.933158160800531e-09,-3.4210494977598616e-06,-0.00011785795673181207,-0.0010808959241541004
899,0.08798116187100383,0.04999990924741324,0.04999999980771323,-4.901668619063147e-05,-4.5015774695869224e-05,-0.00026425910357635396,-0.000165967590874061,-2.9512403632026007e-09,-3.4140537919355066e-06,-0.00011788529718504628,-0.0010917389461515285
900,0.08788135146784383,0.04999987654501557,0.04999999980544273,-4.992023411902071e-05,-4.5557350908521395e-05,-0.00026449751509990347,-0.00016693311044946313,-2.9756175301542953e-09,-3.4070047063012956e-06,-0.00011791199754730129,-0.001102713978646058
901,0.08778087417911523,0.04999983860306576,0.049999999803200496,-5.083814118868358e-05,-4.610318844370805e-05,-0.0002647381204111794,-0.00016790532390587032,-2.989367642314278e-09,-3.3999075023452885e-06,-0.00011793805766781957,-0.001113822476264179
902,0.08767973627110624,0.04999979537954259,0.049999999800986614,-5.1770576836168154e-05,-4.665331712133294e-05,-0.0002649803405691723,-0.00016888992104213685,-3.0135731687863654e-09,-3.392745747859865e-06,-0.000117963476811294,-0.0011250659015494492
903,0.08757792793048128,0.04999974670574149,0.049999999798801216,-5.271775570121776e-05,-4.720770177651483e-05,-0.0002652246939112247,-0.00016988383140414953,-3.0348983326433654e-09,-3.385535611068868e-06,-0.00011798825431426065,-0.0011364457271462638
904,0.08747545997791094,0.04999969254913317,0.049999999796644344,-5.367982176107425e-05,-4.776637820231731e-05,-0.00026547062447753285,-0.0001708863564999774,-3.05366287811637e-09,-3.378258262982838e-06,-0.00011801238944075896,-0.0011479634343992612
905,0.0873723234894962,0.04999963285001967,0.04999999979451583,-5.465698715118536e-05,-4.832930300653165e-05,-0.0002657183415795295,-0.0001719000720186159,-3.072402110504413e-09,-3.3709230863391997e-06,-0.00011803588081815229,-0.0011596205101562132
906,0.08726852360468498,0.04999956751528698,0.049999999792415546,-5.564943230625655e-05,-4.889646034479052e-05,-0.0002659680963692761,-0.00017292660777457058,-3.104037249457292e-09,-3.36353494302028e-06,-0.00011805872808565996,-0.0011714184570292792
907,0.08716406387971083,0.04999949641509279,0.04999999979034351,-5.66573429377336e-05,-4.946806089715088e-05,-0.0002662192184239788,-0.00017396017210558057,-3.1200950711962605e-09,-3.3560800880360422e-06,-0.00011808093045378628,-0.0011833587990001083
908,0.0870589401967662,0.04999941951026565,0.04999999978830019,-5.7681127239134626e-05,-5.004414334671379e-05,-0.0002664722355027484,-0.0001749940711306408,-3.105189660956853e-09,-3.3485728387079607e-06,-0.00011810248717726216,-0.0011954430506912071
909,0.08695316663579424,0.04999933718303332,0.049999999786286,-5.8720854598371765e-05,-5.062434521475722e-05,-0.0002667266589703681,-0.0001760406739776954,-3.149886795839052e-09,-3.3409944076944226e-06,-0.00011812339726956887,-0.0012076727173559927
910,0.08684673097876669,0.0499992495724519,0.049999999784300427,-5.977663980892366e-05,-5.120868050161113e-05,-0.00026698324337583564,-0.00017709848179947585,-3.174043916587266e-09,-3.333350931372425e-06,-0.00011814365888873667,-0.0012200492959171785
911,0.08673962999780846,0.04999915687770429,0.04999999978234096,-6.084799346883988e-05,-5.179663844270656e-05,-0.0002672416249072768,-0.00017819639469962567,-3.275302917771228e-09,-3.3256494933497643e-06,-0.00011816327136232549,-0.0012325743492097266
912,0.08663186102080045,0.049999057558755555,0.04999999978040701,-6.193600234896592e-05,-5.239006291957485e-05,-0.00026750148094466334,-0.00017928388842847198,-3.1972806624480654e-09,-3.317879607784394e-06,-0.00011818223410378588,-0.0012452494839035452
913,0.086523437474011,0.04999895193983077,0.049999999778499664,-6.304066710169702e-05,-5.298768464982321e-05,-0.0002677631393241356,-0.00018038915004581213,-3.2618956424812495e-09,-3.3100459431214658e-06,-0.00011820054608526762,-0.0012580762628299589
914,0.08641435902433396,0.049998838915030375,0.049999999776619314,-6.416227377514435e-05,-5.358990276564758e-05,-0.000268026156834747,-0.000181496114237234,-3.2615581346817635e-09,-3.30213743957165e-06,-0.00011821820593123068,-0.001271056262079119
915,0.08630462270472639,0.04999871959749971,0.04999999977476672,-6.530097713933902e-05,-5.419654290272974e-05,-0.00026829061765332017,-0.00018261575314681977,-3.2945022265806756e-09,-3.2941618537407872e-06,-0.00011823521210252155,-0.0012841910736362976
916,0.08619423383608564,0.04999859384738006,0.04999999977294211,-6.64570584292916e-05,-5.480772206540129e-05,-0.00026855691207102497,-0.0001837409072322771,-3.300593354182979e-09,-3.2861245068898216e-06,-0.00011825156404309693,-0.0012974822876747928
917,0.08608319932933162,0.04999846206838205,0.04999999977114488,-6.763045793902465e-05,-5.54231076684487e-05,-0.00026882448522201754,-0.0001848852843977511,-3.3461475812401886e-09,-3.278008907632828e-06,-0.00011826726060238484,-0.0013109315058981597
918,0.08597150714506767,0.0499983236020254,0.04999999976937434,-6.882157512513169e-05,-5.604314487761261e-05,-0.0002690938458245096,-0.000186036282684654,-3.3543756661202906e-09,-3.2698302571022186e-06,-0.0001182823005605023,-0.0013245403532138736
919,0.08585917130592276,0.04999817885586284,0.04999999976763028,-7.003050751257558e-05,-5.666765485410637e-05,-0.00026936436862737067,-0.0001872012362582609,-3.3738289939577726e-09,-3.261570875355985e-06,-0.0001182966826542328,-0.0013383104606475254
920,0.0857461865570011,0.04999802718400347,0.049999999765913065,-7.125773632094368e-05,-5.7296804978115945e-05,-0.000269636365425013,-0.00018837086099665612,-3.3876526028819853e-09,-3.2532403048857298e-06,-0.00011831040505779446,-0.001352243457161496
921,0.08563255977220191,0.04999786906759196,0.04999999976422234,-7.250316174073451e-05,-5.793019288046241e-05,-0.00026990994475587616,-0.00018956126586999744,-3.4463523146399666e-09,-3.2448406562648117e-06,-0.00011832346685274754,-0.0013663409849650717
922,0.08551829156102146,0.049997704102904564,0.049999999762557125,-7.37671360727011e-05,-5.856831803820677e-05,-0.00027018475773532726,-0.00019075311138294637,-3.4286848915598966e-09,-3.2363611814828987e-06,-0.00011833586669106665,-0.0013806047031722452
923,0.08540338277939696,0.04999753297460533,0.049999999760917256,-7.504986708158025e-05,-5.921081941617695e-05,-0.00027046129099599797,-0.0001919640344567597,-3.472095277956555e-09,-3.227812011348506e-06,-0.00011834760317276814,-0.0013950362658618166
924,0.08528783647687271,0.04999735486452325,0.049999999759301944,-7.63513717237367e-05,-5.98578175610668e-05,-0.000270738967086221,-0.00019319045532029122,-3.5110687690576015e-09,-3.219177771881779e-06,-0.00011835867469405457,-0.0014096373598054966
925,0.08517164695984157,0.04999716936953228,0.04999999975771125,-7.767219500657805e-05,-6.0509756215737314e-05,-0.00027101800721223345,-0.00019442201300989836,-3.5060985226209596e-09,-3.210467823575692e-06,-0.00011836907926160339,-0.0014244096844739018
926,0.08505482646144943,0.04999697674512397,0.049999999756145254,-7.901237714467025e-05,-6.116615217652269e-05,-0.0002712982549121719,-0.00019566959235817194,-3.5434204459505736e-09,-3.2016828644514388e-06,-0.0001183788159207075,-0.0014393549448664486
927,0.08493738099418702,0.04999677626429627,0.049999999754604174,-8.037258220823434e-05,-6.182755465904721e-05,-0.0002715797515627626,-0.00019691046327352524,-3.522798719401976e-09,-3.1928141939389427e-06,-0.00011838788317700914,-0.0014544748407382358
928,0.0848193112739928,0.04999657000112288,0.04999999975308782,-8.175252113465468e-05,-6.249307711816529e-05,-0.00027186261673564687,-0.0001981791137950495,-3.5973592993343573e-09,-3.1838674914885987e-06,-0.00011839627911225135,-0.0014697710665254277
929,0.08470061647617576,0.04999635668963596,0.0499999997515956,-8.315263904577708e-05,-6.316340939437516e-05,-0.00027214653193004306,-0.0001994483609450981,-3.586093644258881e-09,-3.174834555783604e-06,-0.00011840400185656555,-0.0014852453462249567
930,0.0845813002683965,0.049996137939315205,0.049999999750127214,-8.457309821805194e-05,-6.383822896091916e-05,-0.0002724317039681173,-0.00020073982886970043,-3.6415881421447693e-09,-3.165720009120414e-06,-0.000118411049198329,-0.0015008994136142735
931,0.08446136293724522,0.049995912439103896,0.04999999974868148,-8.601404003005366e-05,-6.451771577188967e-05,-0.00027271827731737645,-0.00020204037718940526,-3.6500888977997192e-09,-3.156527527524066e-06,-0.00011841741963868013,-0.0015167350137607679
932,0.08434081192077444,0.049995680266953814,0.04999999974725772,-8.7475770472607e-05,-6.520192357215631e-05,-0.0002730058841104189,-0.00020335357112344354,-3.6635705580323474e-09,-3.147245124862944e-06,-0.00011842311132278935,-0.0015327538986836886
933,0.08421964594123504,0.04999544117921323,0.04999999974585558,-8.895856497231543e-05,-6.589077549026025e-05,-0.0002732947973112939,-0.0002046791196335107,-3.697114392409162e-09,-3.1378822348143754e-06,-0.0001184281222659101,-0.0015489578349734696
934,0.08409787571453299,0.049995194907274915,0.049999999744474916,-9.046272801812227e-05,-6.658442826989365e-05,-0.000273584810455908,-0.0002060137048829347,-3.711399854111619e-09,-3.1284258461766533e-06,-0.0001184324501920767,-0.0015653485860062566
935,0.08397549409007266,0.049994941932388876,0.049999999743114726,-9.198819792502061e-05,-6.728252592080195e-05,-0.0002738757930958548,-0.00020737227168865502,-3.769525580565869e-09,-3.118881550488558e-06,-0.00011843609240973713,-0.0015819279389846876
936,0.08385250666018357,0.04999468115356175,0.049999999741774596,-9.353563911830593e-05,-6.798574027210514e-05,-0.00027416812778716717,-0.00020872920867986977,-3.746587040609484e-09,-3.1092558596479037e-06,-0.00011843904732338333,-0.0015986977023692438
937,0.08372892774154646,0.049994413831917876,0.04999999974045443,-9.51050420451296e-05,-6.869355487613846e-05,-0.0002744613666897173,-0.00021010513592045754,-3.7967993193888105e-09,-3.0995329170857176e-06,-0.00011844131265916299,-0.0016156596743777457
938,0.08360474812577594,0.04999413866473802,0.04999999973915384,-9.669678382290304e-05,-6.9406217608717e-05,-0.0002747558600258126,-0.0002114894159603864,-3.807102633146542e-09,-3.089725407499287e-06,-0.00011844288596843315,-0.0016328156652196685
939,0.08347998180113965,0.04999385690320074,0.049999999737872614,-9.831100425657612e-05,-7.012357141936886e-05,-0.0002750512561911319,-0.00021288850985001773,-3.836486239805481e-09,-3.0798205503964465e-06,-0.00011844376493293247,-0.0016501675009148297
940,0.0833546221156481,0.04999356806118202,0.04999999973661019,-9.994802754983992e-05,-7.084586255656627e-05,-0.0002753476982710146,-0.00021430189372040331,-3.868081410729474e-09,-3.0698233663064575e-06,-0.00011844394665978954,-0.0016677170255156182
941,0.083228676578232,0.04999327150819135,0.04999999973536624,-0.00010160806259394857,-7.157304280925652e-05,-0.00027564532499355993,-0.00021572802506852895,-3.884037536039386e-09,-3.0597386563462876e-06,-0.00011844342910798339,-0.001685466078873782
942,0.0831021536701656,0.049992967772396896,0.04999999973413976,-0.00010329125939283009,-7.230490155609187e-05,-0.0002759438850559249,-0.00021716835908591747,-3.91325905013673e-09,-3.049554370323374e-06,-0.00011844220985101774,-0.0017034165137427887
943,0.0829750490574599,0.04999265621167773,0.049999999732930046,-0.00010499797534156161,-7.30417216189302e-05,-0.0002762436687756282,-0.00021862292487639934,-3.940298309856871e-09,-3.0392793547305686e-06,-0.00011844028611988374,-0.0017215702057692133
944,0.0828473737314076,0.04999233612775202,0.04999999973173709,-0.00010672843922444925,-7.378352040161291e-05,-0.00027654431882165217,-0.00022008987434674054,-3.956707850250041e-09,-3.0289024055317788e-06,-0.0001184376551103552,-0.0017399290345598902
945,0.08271912567338596,0.04999200726538794,0.04999999973056046,-0.00010848291166678202,-7.4530203672467e-05,-0.00027684536507952386,-0.00022157466446515173,-3.994719666167157e-09,-3.018422316847119e-06,-0.0001184343141069707,-0.001758494931770412
946,0.0825903191252375,0.04999166877572503,0.049999999729401876,-0.0001102626478816343,-7.528274751841905e-05,-0.00027714764180790966,-0.00022303394507616758,-3.916650559432355e-09,-3.0078502774862918e-06,-0.00011843026102976122,-0.0017772697727132594
947,0.08246097376912508,0.04999132611210153,0.049999999728261274,-0.00011206666354687597,-7.603884468635627e-05,-0.00027745059462788404,-0.00022453806013800204,-4.0637315734670665e-09,-2.997169282709103e-06,-0.0001184254924548838,-0.00179625540275123
948,0.08233106104767667,0.04999097633415199,0.049999999727137034,-0.00011389562894317978,-7.680026654681874e-05,-0.00027775462548608763,-0.00022604703553952277,-4.055727309548729e-09,-2.986398105382771e-06,-0.0001184200053275191,-0.0018154537606996633
949,0.08220060237553085,0.049990622726650634,0.04999999972602845,-0.0001157496157370001,-7.756664306282256e-05,-0.0002780594085606922,-0.00022757305123377591,-4.072121306819554e-09,-2.9755192715825637e-06,-0.00011841379682291277,-0.001834866782400389
950,0.08206959458991071,0.049990262245547756,0.04999999972493421,-0.00011762903811094426,-7.833803114202956e-05,-0.00027836509203862974,-0.00022911140695214272,-4.0846095394897475e-09,-2.9645391800601533e-06,-0.00011840686323846277,-0.0018544963958878114
951,0.08193804849978725,0.049989894341698905,0.04999999972385412,-0.00011953416968154277,-7.911426971932768e-05,-0.00027867133424059064,-0.00023066536232363433,-4.128774211409336e-09,-2.9534538418288e-06,-0.00011839920193194338,-0.001874344573333512
952,0.08180597601045259,0.049989519119764174,0.049999999722789644,-0.00012146605665470581,-7.989624470792993e-05,-0.00027897885067298896,-0.00023220913135446608,-4.082073790101504e-09,-2.9422679840848114e-06,-0.00011839080938021356,-0.0018944132155501885
953,0.08167337491896846,0.04998914089233858,0.049999999721738304,-0.00012342303048818376,-8.06813471440495e-05,-0.00027928715591163134,-0.00023381621576845646,-4.275434672962319e-09,-2.9309770238572246e-06,-0.00011838168156578912,-0.0019147042605836856
954,0.08154022958249126,0.04998875223619081,0.049999999720698386,-0.00012540691197541944,-8.147303894048765e-05,-0.0002795962378440186,-0.00023540252004750073,-4.16273460146499e-09,-2.919580854775288e-06,-0.00011837181539284701,-0.0019352197578510124
955,0.08140657175551501,0.04998835849044409,0.0499999997196707,-0.00012741755927107563,-8.226947267964367e-05,-0.0002799060519735697,-0.00023701506142970175,-4.21403489880845e-09,-2.908072843328121e-06,-0.00011836120708165887,-0.001955961675871643
956,0.08127239897447298,0.049987953515608495,0.04999999971865455,-0.0001294554301648539,-8.307086684248491e-05,-0.0002802167901873866,-0.0002386352134635672,-4.244736562242224e-09,-2.896461399233692e-06,-0.00011834985310117423,-0.001976931999045458
957,0.08113771976627951,0.04998754107513518,0.04999999971765018,-0.00013152073362150628,-8.387740984793334e-05,-0.00028052813409861865,-0.00024027147446759045,-4.2763614871432765e-09,-2.8847345415202006e-06,-0.00011833774972960884,-0.0019981327448318864
958,0.08100253165857821,0.04998712046513361,0.04999999971665748,-0.0001336138149481075,-8.468921021372627e-05,-0.00028084053560746856,-0.00024191667034756392,-4.2794474630625245e-09,-2.8729061176155004e-06,-0.00011832489305253736,-0.0020195659180862187
959,0.08086684719231242,0.04998669274202924,0.04999999971567542,-0.0001357345729583343,-8.550575537890942e-05,-0.0002811537672536875,-0.00024358865630347282,-4.340037218497628e-09,-2.860966064967968e-06,-0.00011831127910462977,-0.002041233528673013
960,0.08073065689739953,0.049986255379297545,0.04999999971470241,-0.00013788327865841982,-8.632750505311495e-05,-0.0002814671444473377,-0.0002452770422678441,-4.361884631265411e-09,-2.848902973234874e-06,-0.00011829690401721189,-0.002063137687523038
961,0.08059398519626944,0.0499858065153848,0.04999999971374071,-0.00014006182484201316,-8.71557667804171e-05,-0.0002817815209714525,-0.00024693598970770836,-4.255674923570041e-09,-2.8367338910444257e-06,-0.00011828176469836942,-0.00208528042938668
962,0.08045685588680168,0.04998535333126862,0.049999999712790635,-0.0001422688794869206,-8.798748010308252e-05,-0.00028209634281807717,-0.0002486454031895846,-4.433756917165965e-09,-2.8244400136676964e-06,-0.0001182658564570556,-0.002107663733683205
963,0.08031923608101066,0.04998489103634436,0.049999999711850644,-0.0001445053018687319,-8.88248833201866e-05,-0.00028241203276314713,-0.0002503553405404091,-4.416042642674256e-09,-2.8120419900346026e-06,-0.0001182491748725881,-0.0021302896942407374
964,0.08018114943302246,0.04998442600308456,0.04999999971092035,-0.00014677109085384544,-8.966750114087976e-05,-0.00028272825743635527,-0.0002520893467590213,-4.447814117014559e-09,-2.7995234459286626e-06,-0.00011823171603056668,-0.0021531604083608762
965,0.08004259383886787,0.04998395337736384,0.049999999709998785,-0.00014906679256831946,-9.051552257004125e-05,-0.00028304524427007145,-0.0002538322878535837,-4.448899026954223e-09,-2.786891202651498e-06,-0.00011821347512195368,-0.0021762779632687407
966,0.07990358196193773,0.0499834730945475,0.049999999709085585,-0.00015139251799821778,-9.136856850676796e-05,-0.0002833628940130417,-0.00025559388450346887,-4.491643945669921e-09,-2.774143017725991e-06,-0.00011819444798047041,-0.0021996444512521343
967,0.07976411879114255,0.04998298492974448,0.049999999708180455,-0.0001537488520739512,-9.222704981827063e-05,-0.00028368104624464785,-0.0002573610981926322,-4.49013493053485e-09,-2.7612708243422595e-06,-0.00011817462999795227,-0.0022232619787115183
968,0.07962421365718324,0.049982489848457885,0.04999999970728365,-0.00015613610930879219,-9.30906374316755e-05,-0.0002840000518214328,-0.0002591462980490178,-4.529007391340656e-09,-2.748286619670068e-06,-0.00011815401632822697,-0.002247132639973993
969,0.07948387006578797,0.04998198770119904,0.04999999970639458,-0.00015855424329916037,-9.395926011104258e-05,-0.0002843195246599044,-0.00026095256907865405,-4.57979121293306e-09,-2.7351781307531243e-06,-0.00011813260215487253,-0.0022712585653918457
970,0.07934308569004353,0.04998147753827995,0.04999999970551265,-0.00016100388397449433,-9.48335598182615e-05,-0.0002846396214200147,-0.0002627669891808182,-4.572921596945889e-09,-2.721950982161606e-06,-0.00011811038237862443,-0.002295641905419967
971,0.07920187816819824,0.04998096033424723,0.04999999970463754,-0.0001634852524509302,-9.571297319004181e-05,-0.00028496044815419513,-0.0002645977947395295,-4.60147031589031e-09,-2.7086054949794907e-06,-0.0001180873523971301,-0.0023202847956763045
972,0.07906025303114476,0.049980434582011776,0.04999999970376902,-0.00016599872873889181,-9.659771108893407e-05,-0.00028528173681880163,-0.00026644181343726814,-4.626317107181421e-09,-2.695133537358235e-06,-0.00011806350706962149,-0.002345189383875332
973,0.07891821276794214,0.049979901359905196,0.049999999702906785,-0.00016854461227522636,-9.748768695393731e-05,-0.0002856037450475472,-0.0002683006168808788,-4.6492738547954104e-09,-2.681543338488578e-06,-0.00011803884124420308,-0.0023703578291152678
974,0.07877576849728235,0.04997936031788461,0.049999999702050435,-0.00017112324333380593,-9.838300672093052e-05,-0.00028592619582603837,-0.000270173535682261,-4.672636944036412e-09,-2.667824521903734e-06,-0.00011801334976086493,-0.002395792302873586
975,0.07863292267844653,0.049978811290738064,0.049999999701199824,-0.00017373501836847441,-9.928366901110471e-05,-0.00028624914871162546,-0.0002720623160712421,-4.704795220078495e-09,-2.653981110264744e-06,-0.00011798702690822046,-0.002421494982118667
976,0.0784896830481135,0.049978254660961285,0.04999999970035454,-0.00017638020722016685,-0.0001001896066547169,-0.0002865727036834027,-0.000273964338703081,-4.723916813276219e-09,-2.640014423865016e-06,-0.00011795986761017164,-0.002447468058776895
977,0.07834606063867222,0.04997769040605194,0.04999999969951441,-0.00017905929440941673,-0.00010110103149680783,-0.00028689662555879994,-0.0002758742484729737,-4.727572999740914e-09,-2.625915184131533e-06,-0.00011793186639113765,-0.0024737137293295614
978,0.07820206106115436,0.04997711990325675,0.04999999969867947,-0.00018177264247177787,-0.00010201768372116045,-0.0002872211189936124,-0.0002778025809675455,-4.769669992299441e-09,-2.611691706569324e-06,-0.00011790301763294845,-0.0025002341933744194
979,0.07805769471188923,0.049976543245487,0.04999999969784958,-0.0001845205561363146,-0.00010293970196422794,-0.000287545998394028,-0.0002797436318360269,-4.797690245084141e-09,-2.5973355915645603e-06,-0.00011787331559667755,-0.0025270316735499904
980,0.07791296088092442,0.049975961180323936,0.04999999969702466,-0.00018730338506730952,-0.00010386721250605073,-0.00028787136605131907,-0.0002816979249473661,-4.8136996610992355e-09,-2.58285299238844e-06,-0.0001178427539435775,-0.0025541083899752615
981,0.07776786949809322,0.04997537513810077,0.049999999696204195,-0.0001901213042455055,-0.00010479992522255887,-0.0002881974367836297,-0.00028367480263113976,-4.857240831768195e-09,-2.568249106807722e-06,-0.00011781132684570212,-0.002581466563335689
982,0.07762242561139793,0.049974783169648034,0.0499999996953871,-0.0001929744873189236,-0.00010573797498719595,-0.0002885245049775786,-0.000285668094875291,-4.8873576297125965e-09,-2.5535321683499495e-06,-0.00011777902764133417,-0.002609108403798663
983,0.07747662242371373,0.04997418547645777,0.049999999694570585,-0.00019586231729980713,-0.00010668084103353738,-0.00028885197968110015,-0.0002877043734770268,-4.9652300049274345e-09,-2.5386825597458903e-06,-0.00011774584992241608,-0.002637036213503262
984,0.0773304745538273,0.04997357213174405,0.049999999693754904,-0.0001987870435047195,-0.00010763068607858527,-0.00028918002546766914,-0.0002897149825002998,-4.842616529998622e-09,-2.5237042689875065e-06,-0.00011771178799727523,-0.00266525228111979
985,0.07718401001914776,0.049972949581815494,0.04999999969294054,-0.0002017479710630718,-0.0001085847772694597,-0.00028950831922210514,-0.00029176194220781326,-4.948699228179976e-09,-2.508582219401187e-06,-0.00011767683514183278,-0.0026937588256794737
986,0.07703722190687762,0.049972310309586813,0.04999999969212773,-0.00020474645906206742,-0.00010954480676234902,-0.0002898366873891827,-0.00029380532214418054,-4.9391957190891844e-09,-2.4933142954407004e-06,-0.00011764098550200802,-0.0027225581705542764
987,0.07689013550434032,0.04997166413413205,0.0499999996913199,-0.00020778333974845616,-0.0001105108193060056,-0.0002901662626837661,-0.000295842852210626,-4.921458796047773e-09,-2.4779419919099205e-06,-0.0001176042323134848,-0.0027516524928573637
988,0.07674273881763405,0.049971018273204076,0.0499999996905132,-0.0002108557649370486,-0.00011147967034814798,-0.0002904960087806211,-0.00029797040042467415,-5.174531914065028e-09,-2.4624287567794304e-06,-0.00011756656803132303,-0.00278104409179904
989,0.07659501556637847,0.04997035675257979,0.04999999968970679,-0.00021396729263365062,-0.00011245693680066213,-0.00029082666196758106,-0.00030004416476003826,-4.946420606444235e-09,-2.446802907337747e-06,-0.00011752798657841536,-0.0028107353559889063
990,0.07644701453891412,0.04996969466687265,0.049999999688900655,-0.0002171160770447865,-0.00011343787595381983,-0.0002911574519495927,-0.00030218399479053915,-5.113021561697906e-09,-2.4310257076409743e-06,-0.00011748848097660164,-0.002840728562367909
991,0.07629872064483888,0.04996901008967998,0.049999999688094175,-0.00022030457575545421,-0.00011442553783105109,-0.0002914888163367246,-0.00030430156039074063,-5.0411559371355e-09,-2.4151206548973e-06,-0.00011744804458979336,-0.0028710260620775823
992,0.07615016317466088,0.04996832010663765,0.04999999968728926,-0.00022353211166484073,-0.00011541809666101113,-0.000291820857822349,-0.0003064463962800801,-5.098610422749061e-09,-2.399090612433299e-06,-0.00011740667031879588,-0.002901630115064875
993,0.07600132771195198,0.049967618575980546,0.04999999968648361,-0.00022679846651867862,-0.0001164155190120727,-0.000292153306610867,-0.00030862336279824376,-5.186069351736933e-09,-2.3829260496366054e-06,-0.00011736435071128446,-0.0029325430798899806
994,0.07585222314737489,0.04996690557098734,0.04999999968567753,-0.0002301051537576104,-0.00011741963312353606,-0.0002924858772877254,-0.0003107887168880552,-5.094896948776295e-09,-2.3666105323431695e-06,-0.00011732107927032683,-0.0029637673641215584
995,0.07570288025301639,0.049966183042203294,0.04999999968487285,-0.0002334528054527808,-0.00011842908423281604,-0.0002928188846583541,-0.0003129651886411011,-5.125481816747879e-09,-2.350158926990653e-06,-0.00011727684860106105,-0.002995305257170341
996,0.07555330107126254,0.04996545209992589,0.0499999996840691,-0.0002368410035467111,-0.00011944311862124354,-0.0002931523366532509,-0.0003151742566842586,-5.227588584233445e-09,-2.3335748757042312e-06,-0.00011723165116441989,-0.0030271590825508717
997,0.07540347785409846,0.049964714202241745,0.04999999968326574,-0.0002402703654492029,-0.00012046313591728023,-0.00029348616323207947,-0.0003173916775267571,-5.2292006280652e-09,-2.3168575575775916e-06,-0.00011718547945279673,-0.0030593312357000213
998,0.07525342241106242,0.049963973246815764,0.04999999968246236,-0.00024374107740290191,-0.00012148866260428443,-0.00029382053644799256,-0.0003196298494003713,-5.2492636903878065e-09,-2.3000101508338482e-06,-0.00011713832584187424,-0.0030918240993376427
999,0.07510314542348369,0.04996322476524939,0.0499999996816582,-0.0002472536086798045,-0.00012251977374578923,-0.0002941553340641939,-0.0003218812635168433,-5.26027177372157e-09,-2.2830266608703265e-06,-0.00011709018243342631,-0.0031246400551626827
