frame,reward_tracking_lin_vel,reward_tracking_ang_vel,reward_tracking_height,cost_lin_vel_z,cost_ang_vel_xy,cost_joint_velocity,cost_action_nn,cost_action_rate,cost_feet_slip,cost_leg_base_angle,cost_orientation
0,0.001930454136227711,0.5,0.0999695647115151,-0.0,-0.0,-1.573666844668339e-06,-0.00013587450666818768,-0.0,-1.6296464224633467e-10,-1.218174164044092e-08,-2.5197534564981266e-11
1,0.0019611769388294406,0.4999932502710827,0.09996979968731559,-1.676048122967447e-06,-1.2837134500005615e-07,-4.612141211116686e-06,-0.00019930710550397635,-0.0016266487073153257,-6.458673853527166e-11,-1.7235034441234437e-08,-5.5051590645819964e-11
2,0.0019962217838758525,0.4999913784988616,0.09997043585671395,-5.286292327390702e-06,-1.2601161232330064e-06,-7.963605003128663e-06,-0.00026117730885744095,-0.0007513349992223084,-1.1393752663874507e-09,-2.1960004976791996e-08,-5.683182904552019e-09
3,0.0020355744949854394,0.4999927181804347,0.09997136261968116,-9.17749720704055e-06,-1.4431841508428565e-05,-1.1241123998555659e-05,-8.681562030687928e-05,-0.0031100844498723745,-1.7510492299212555e-09,-2.3274032062130658e-08,-4.4236843549033185e-08
4,0.0020767223885555224,0.4999999207114691,0.09997249814635167,-1.3511071328201946e-05,-3.324696545252304e-05,-1.528531674397455e-05,-5.0371381803415716e-05,-0.00029646724578924477,-1.997560359350759e-09,-2.065672550122569e-08,-1.5679485700842102e-07
5,0.002116883996313277,0.49999640882745644,0.09997378433027926,-1.7696905631329336e-05,-5.4365284293833184e-05,-2.0891997742409248e-05,-3.427359843044542e-05,-0.00010813097469508648,-2.1067769995544486e-09,-1.6063371773415758e-08,-3.8947944001683727e-07
6,0.002156408441749523,0.4999855177213149,0.09997516787485028,-2.141564752847251e-05,-7.686010705755941e-05,-2.866723361974745e-05,-2.3799513655831106e-05,-7.588501466671005e-05,-2.115328450906994e-09,-1.103714642107835e-08,-7.895013570593846e-07
7,0.002195244616959381,0.4999709040712545,0.09997660504882168,-2.455215233696233e-05,-9.89113941650913e-05,-3.9008437256375066e-05,-1.618356145627331e-05,-6.234289321582764e-05,-2.0216813488552313e-09,-6.627433706265013e-09,-1.398592378925694e-06
8,0.0022331117564184863,0.4999544036248817,0.09997806162312461,-2.709185101819955e-05,-0.00011807932357551459,-5.2059023517280975e-05,-1.1419884685892612e-05,-4.218246613163501e-05,-1.8970686310498442e-09,-3.368540585653259e-09,-2.2472019914092334e-06
9,0.002269858273629435,0.49993831569884384,0.09997951111595721,-2.9025675881406504e-05,-0.00013304238647491746,-6.778871603463143e-05,-8.519567018083762e-06,-3.1450832466362044e-05,-1.7726202894913587e-09,-1.3465188640349396e-09,-3.3520959833891714e-06
10,0.0023054502572036634,0.49992456727984214,0.09998093317055667,-3.0378278606858612e-05,-0.00014314922309830493,-8.602784695974693e-05,-6.903861503815278e-06,-2.4962790121207945e-05,-1.6616574105934385e-09,-3.447340233255703e-10,-4.715264264217189e-06
11,0.002339875946048004,0.499914710676407,0.09998231252858525,-3.119346605087981e-05,-0.00014819917548809688,-0.00010651140364000308,-6.239486083359225e-06,-2.0009458239655942e-05,-1.569685716321961e-09,-1.9110633212731346e-11,-6.3242627576518e-06
12,0.0023731674472337086,0.4999098579906558,0.09998363808062007,-3.1522883461781386e-05,-0.00014847641692486654,-0.00012891562870972695,-6.27497729510651e-06,-1.6108189811347984e-05,-1.4785246739982109e-09,-3.091611626372865e-11,-8.154081612272665e-06
13,0.0024053901582810674,0.4999105931741811,0.09998490204607666,-3.1420791729600914e-05,-0.00014461903175886135,-0.00015289095245890776,-6.80358834870276e-06,-1.2974575838597957e-05,-1.4308772064957545e-09,-1.2521386319805792e-10,-1.0169914442210627e-05
14,0.002436638726939574,0.49991689810810563,0.0999860993011416,-3.094244507838931e-05,-0.00013747864248324097,-0.00017808696574972207,-7.662379175599199e-06,-1.033580701914616e-05,-1.3944414371427256e-09,-1.609164809024858e-10,-1.2330498588443351e-05
15,0.0024670367355676005,0.4999280887984321,0.09998722683627398,-3.0141755688162133e-05,-0.0001280239075492433,-0.00020416712495560253,-8.707593224244192e-06,-8.280578185804188e-06,-1.3889262957366852e-09,-1.0712039025799867e-10,-1.4591447883797263e-05
16,0.0024967150387531383,0.4999428978649519,0.09998828331620951,-2.9071294977086915e-05,-0.00011717700319516251,-0.00023082618420764342,-9.84538382908795e-06,-6.613513050979236e-06,-1.3617769367679949e-09,-2.0854592821258796e-11,-1.6908163742370253e-05
17,0.0025258159154677726,0.49995951981317527,0.09998926872611894,-2.7781310914639643e-05,-0.00010577001891375014,-0.0002577923586672277,-1.0995382581313606e-05,-5.420353318186244e-06,-1.3461530490930526e-09,-1.8038900008503567e-11,-1.9238012705452885e-05
18,0.0025544619329785152,0.49997581800974666,0.0999901840839676,-2.6320152782465517e-05,-9.44463025918991e-05,-0.00028488253451840147,-1.2116572179365903e-05,-4.3891018322028685e-06,-1.3497215501633626e-09,-2.4592364472009663e-10,-2.154193003791703e-05
19,0.002582762170295268,0.49998945069200107,0.09999103113552593,-2.4731795235292463e-05,-8.372581950811465e-05,-0.000311944885571014,-1.3174671039450914e-05,-3.6323401673143962e-06,-1.3906641128435216e-09,-8.616608645058627e-10,-2.3785519311480052e-05
20,0.0026108125984063172,0.4999981029619864,0.09999181212036244,-2.3058216945221856e-05,-7.396210535276293e-05,-0.00033883794344998565,-1.4159997590468265e-05,-2.96622943096736e-06,-1.4755607503259353e-09,-2.017698561927349e-09,-2.593949636540443e-05
21,0.0026387205032250925,0.49999955269628293,0.09999252972228492,-2.1338809385431434e-05,-6.537884009480371e-05,-0.00036542057714376977,-1.505973341409117e-05,-2.4656135337863816e-06,-1.6088685265542746e-09,-3.852159662909781e-09,-2.7979770111080925e-05
22,0.00266659177319771,0.4999917943562317,0.099993187006169,-1.9608373035958642e-05,-5.809985877187427e-05,-0.0003915553422792351,-1.586649341334123e-05,-2.0795228010683786e-06,-1.8029732278958425e-09,-6.483098024400705e-09,-2.9887437941828422e-05
23,0.0026945325562496908,0.49997313894579215,0.09999378732098767,-1.789611131310338e-05,-5.2179078334301146e-05,-0.0004171166194562537,-1.6577438145759515e-05,-1.7730338868204853e-06,-2.0414264161074334e-09,-1.0005570959563627e-08,-3.164869247875612e-05
24,0.0027226488633559226,0.49994231011001933,0.09999433419673227,-1.622574571041661e-05,-4.761426208512247e-05,-0.0004419899541684454,-1.7195134205394424e-05,-1.5386250424853642e-06,-2.341188411477474e-09,-1.4490826123847359e-08,-3.325444201603865e-05
25,0.0027510381128961494,0.4998985036090157,0.09999483125137382,-1.4616461180689224e-05,-4.435200830194117e-05,-0.0004660771482679921,-1.7720502000884153e-05,-1.3192789083404932e-06,-2.701538492456521e-09,-1.9986841657486758e-08,-3.46998170246508e-05
26,0.0027797995272417536,0.4998414451605344,0.09999528211238662,-1.3082940064327376e-05,-4.2313332745041454e-05,-0.0004892794953867858,-1.8154354620492086e-05,-1.1444490155554377e-06,-3.1203435038315154e-09,-2.6519242974572043e-08,-3.598369372514257e-05
27,0.0028090330561652914,0.49977141487362675,0.09999569036646279,-1.1636082907134093e-05,-4.139834729318605e-05,-0.0005115263807235773,-1.849607542681042e-05,-9.739256938701146e-07,-3.5971266458467056e-09,-3.409312308931483e-08,-3.710821832588665e-05
28,0.0028388341503941144,0.49968922081621747,0.09999605950751471,-1.0282959467081015e-05,-4.149983472024211e-05,-0.000532777310667968,-1.874769623100292e-05,-8.333620939993125e-07,-4.13700669085831e-09,-4.269573629758033e-08,-3.807835983536431e-05
29,0.0028692909523702417,0.49959610644860963,0.09999639287424374,-9.027509619489417e-06,-4.2506191156239244e-05,-0.0005530146912421356,-1.8911025108536705e-05,-7.088304414537561e-07,-4.756281441665558e-09,-5.229975204141872e-08,-3.8901436006427176e-05
30,0.0029004843324921315,0.4994936839350018,0.09999669361326402,-7.871511693106997e-06,-4.430649787713666e-05,-0.0005722408384865665,-1.8988959709531628e-05,-6.032274200151733e-07,-5.453644075342799e-09,-6.286603615483369e-08,-3.958666553984033e-05
31,0.0029324933486948607,0.4993838593599526,0.0999969646625034,-6.814865020595358e-06,-4.6795668221539715e-05,-0.0005904685832854308,-1.8989034288097173e-05,-5.272097496344941e-07,-6.250660002055733e-09,-7.43462903634289e-08,-4.0144770848421295e-05
32,0.002965392792437985,0.4992687279262545,0.09999720874644827,-5.856079595788171e-06,-4.9876279055320065e-05,-0.0006077168306625336,-1.8917169654741883e-05,-4.725709175090742e-07,-7.162146604525272e-09,-8.668513993867506e-08,-4.0587648938185844e-05
33,0.002999256109311563,0.49915051321022724,0.09999742837866234,-4.992404629226054e-06,-5.346058370189837e-05,-0.000624010316637379,-1.878377588582225e-05,-4.4311144620223786e-07,-8.20394138362726e-09,-9.982196078926198e-08,-4.0928149899006224e-05
34,0.003034158024181298,0.4990314666462643,0.09999762586789884,-4.220022063831405e-06,-5.746882845149866e-05,-0.0006393729514688991,-1.859783697000239e-05,-4.279106633475749e-07,-9.370450933796208e-09,-1.1369235355984159e-07,-4.117988840092905e-05
35,0.0030701715521665317,0.49891380468558777,0.09999780332753408,-3.5344108102239356e-06,-6.182933437465356e-05,-0.0006538270387447512,-1.8372267732047476e-05,-4.259678689777502e-07,-1.0719144475498771e-08,-1.2822946728395337e-07,-4.135702857753223e-05
36,0.0031073687473619663,0.4987996265077577,0.09999796268730014,-2.9306050978493345e-06,-6.647939679136546e-05,-0.0006673956840428938,-1.8110158634954132e-05,-4.248969958098314e-07,-1.2239948642751196e-08,-1.433648858423016e-07,-4.147420745013629e-05
37,0.0031458272080033553,0.49869093000466075,0.0999981057050646,-2.403111827076961e-06,-7.135968382111665e-05,-0.0006800949354581312,-1.7824277165345848e-05,-4.3301670871187525e-07,-1.3939729946391385e-08,-1.5902905449157096e-07,-4.1546479554368185e-05
38,0.003185620852347278,0.4985894703236424,0.09999823397857023,-1.9462418920168653e-06,-7.641460489292937e-05,-0.0006919461414446747,-1.752103889884893e-05,-4.3679057171175373e-07,-1.5825416603022993e-08,-1.7515240491838008e-07,-4.1589155598846305e-05
39,0.0032268291899592468,0.4984968113203289,0.0999983489568478,-1.5541584157939057e-06,-8.159586851502809e-05,-0.0007029608643898102,-1.7209662473760545e-05,-4.425313591127633e-07,-1.7899608671230887e-08,-1.9166571829161497e-07,-4.161768047458973e-05
40,0.0032695271884459177,0.49841424692128916,0.09999845195221788,-1.2211266479921535e-06,-8.685875865262676e-05,-0.0007131512299203144,-1.689499185886234e-05,-4.4630360207520425e-07,-2.0161643445757452e-08,-2.0849992168701572e-07,-4.1647525442783714e-05
41,0.00331379364013475,0.49834282521776324,0.09999854415182546,-9.41455442780946e-07,-9.216147389440721e-05,-0.000722526940676207,-1.6582145690335892e-05,-4.471616819046176e-07,-2.2607766476119017e-08,-2.2558698759514938e-07,-4.169412191967603e-05
42,0.0033597089121300493,0.49828333337314434,0.09999862662805337,-7.096305582936939e-07,-9.746496920121965e-05,-0.0007310943282093271,-1.6274649169645272e-05,-4.4629229023485095e-07,-2.5228885391765695e-08,-2.428599407792554e-07,-4.1772784885688506e-05
43,0.0034073541152010983,0.4982363092464891,0.09999870034880404,-5.203625323434973e-07,-0.00010273250856030154,-0.0007388629685408621,-1.5976296708686277e-05,-4.4262282017371035e-07,-2.801329316024434e-08,-2.6025276696507656e-07,-4.189863530926519e-05
44,0.0034568149854426796,0.498202042373887,0.0999987661863042,-3.685803865242439e-07,-0.00010792994427314338,-0.000745836036297825,-1.568953666719608e-05,-4.380394500458351e-07,-3.094477207464765e-08,-2.777008741058904e-07,-4.2086519326817644e-05
45,0.00350817597409414,0.4981805959842432,0.0999988249259821,-2.495673424389576e-07,-0.00011302476611511608,-0.0007520184411370949,-1.5417002941831015e-05,-4.311623911235074e-07,-3.400502416792348e-08,-2.9514142051407245e-07,-4.235092863644594e-05
46,0.0035615250731106337,0.4981718187124337,0.09999887727517402,-1.5891029990541597e-07,-0.00011798717892793831,-0.0007574139807272935,-1.516004340373911e-05,-4.2370038499939255e-07,-3.717169065346593e-08,-3.125134141556861e-07,-4.270593055966161e-05
47,0.00361695233696726,0.4981753689833625,0.09999892387059409,-9.253413051652415e-08,-0.00012278907392760817,-0.0007620244852528376,-1.4919884051778354e-05,-4.1538532968843356e-07,-4.0419708297122396e-08,-3.29757546511953e-07,-4.316510099009626e-05
48,0.0036745492945245723,0.49819074213382186,0.09999896528553072,-4.6703755825870475e-08,-0.00012740385309110535,-0.0007658563630888286,-1.4697447113576345e-05,-4.06789325779755e-07,-4.3722025130589476e-08,-3.4681667754453376e-07,-4.37414566367671e-05
49,0.003734412584205834,0.49821727534638566,0.09999900203581219,-1.80114994232865e-08,-0.00013180727579730487,-0.0007689108534803112,-1.4493186426989269e-05,-3.9778041127647157e-07,-4.7057685082925385e-08,-3.636360950155766e-07,-4.4447392922430584e-05
50,0.0037966388978139935,0.49825419666883125,0.09999903458577403,-3.4020478018376715e-09,-0.00013597678254810775,-0.0007711916287015847,-1.430633074051002e-05,-3.898420288805937e-07,-5.0422898079540683e-08,-3.8016324680164856e-07,-4.529463408167462e-05
51,0.0038613306407848155,0.49830063378034567,0.09999906335401554,-1.3697664496879657e-10,-0.00013989066194603232,-0.0007727064824761144,-1.4133236618363298e-05,-3.8363975818356266e-07,-5.3694927228958484e-08,-3.9634792598144693e-07,-4.6294240587138584e-05
52,0.003928596370969541,0.4983556872764659,0.09999908871776741,-5.796776257194742e-09,-0.00014351624374821215,-0.0007734548483769128,-1.399076973029878e-05,-3.7235818695080525e-07,-5.6883101305834186e-08,-4.1214300857482333e-07,-4.745641996100854e-05
53,0.003998530431978622,0.4984182235972158,0.09999911101791688,-1.8253677890047423e-08,-0.0001468559048358762,-0.0007734464365094394,-1.3867535926692653e-05,-3.605990741561982e-07,-6.000649404519571e-08,-4.2750425016748954e-07,-4.879044740697462e-05
54,0.004071243464963156,0.4984872339908489,0.09999913056338368,-3.564033600154601e-08,-0.000149908100011929,-0.0007726831823459315,-1.376116051687859e-05,-3.548863389823964e-07,-6.300676051517034e-08,-4.4239060969169067e-07,-5.030477969244602e-05
55,0.004146849381770422,0.49856166746439745,0.09999914763398451,-5.636239823072782e-08,-0.00015264864625753752,-0.0007711728913974576,-1.3671482520294376e-05,-3.532194057243032e-07,-6.585015743828963e-08,-4.5676422240494415e-07,-5.2007022406902667e-05
56,0.004225470182197477,0.4986404687162343,0.09999916248311341,-7.907908869244123e-08,-0.00015505716296651225,-0.0007689256566107303,-1.3599383237306029e-05,-3.476424694781599e-07,-6.852289369211212e-08,-4.705900110291401e-07,-5.390389457219383e-05
57,0.004307229261523273,0.49872259856431744,0.0999991753409567,-1.0264939609490306e-07,-0.00015712693677138128,-0.0007659489325549155,-1.3545804904424585e-05,-3.420302050471946e-07,-7.098204448308526e-08,-4.838360544644924e-07,-5.600117811752749e-05
58,0.004392250417805653,0.4988070391877969,0.09999918641762105,-1.261312330132783e-07,-0.00015885083680763264,-0.0007622539014696482,-1.3513152225641534e-05,-3.3817670441749215e-07,-7.321822743184167e-08,-4.964738402979968e-07,-5.8303667589043495e-05
59,0.0044806625651211025,0.49889279979228596,0.09999919590473039,-1.487770830156746e-07,-0.00016022735141648896,-0.0007578507567976578,-1.3497425243258476e-05,-3.347782637774799e-07,-7.521244149046318e-08,-5.084784127861993e-07,-6.0815185577213915e-05
60,0.0045726004600016405,0.4989789622950608,0.0999992039774107,-1.6997864421650217e-07,-0.00016125327924085034,-0.0007527508230011183,-1.3500513887265697e-05,-3.330923448174872e-07,-7.69502918141701e-08,-5.19828567433882e-07,-6.353858287577152e-05
61,0.004668202384997157,0.4990646513720239,0.09999921079625891,-1.892832996690094e-07,-0.00016192749775396462,-0.0007469676061345836,-1.3521064829546958e-05,-3.319812833524338e-07,-7.841823701803612e-08,-5.305064284788507e-07,-6.647573067164197e-05
62,0.004767613700746728,0.4991490679447062,0.09999921650857233,-2.0635888487363693e-07,-0.00016224991075208028,-0.000740513896650627,-1.3558962564275134e-05,-3.322603845390404e-07,-7.960685307568888e-08,-5.404971519228979e-07,-6.962753786579006e-05
63,0.004870983448498013,0.49923148451513844,0.09999922124996827,-2.2096998235918635e-07,-0.00016222265598379553,-0.0007334072999989875,-1.3614697309094481e-05,-3.332948494971788e-07,-8.05091818911894e-08,-5.497894491285693e-07,-7.299395257461634e-05
64,0.004978468373808287,0.4993112501317396,0.09999922514519474,-2.3300147797560712e-07,-0.00016184980740709335,-0.0007256622070047603,-1.3687660612049513e-05,-3.343915579989698e-07,-8.111821412348508e-08,-5.583753347123798e-07,-7.657397610555747e-05
65,0.005090227701684052,0.49938778812033774,0.09999922830901681,-2.423940094793962e-07,-0.00016113757424578886,-0.0007172961276184162,-1.3778624634142034e-05,-3.3559274470462697e-07,-8.143144480270637e-08,-5.662500537807028e-07,-8.036569168451197e-05
66,0.005206427474335382,0.49946059992237346,0.09999923084735496,-2.4916022202700447e-07,-0.00016009531344253293,-0.000708326702483201,-1.3887795830669347e-05,-3.375621986378974e-07,-8.145852873071495e-08,-5.73412265044256e-07,-8.436629784348631e-05
67,0.0053272389710028656,0.49952926643492684,0.09999923285787868,-2.5336488772630336e-07,-0.00015873450288768327,-0.000698770246897182,-1.401384906785097e-05,-3.4122240322176367e-07,-8.130106485044383e-08,-5.798635330382278e-07,-8.857214496601415e-05
68,0.00545284227083884,0.49959345617460077,0.09999923443097686,-2.5507940579830313e-07,-0.00015706763817302134,-0.000688652172294539,-1.4150233255350031e-05,-3.5628715977509273e-07,-8.087926500214188e-08,-5.856080452823671e-07,-9.29787207909388e-05
69,0.00558343741361371,0.4996529517824297,0.09999923564962872,-2.5452621146147447e-07,-0.0001550844299148226,-0.0006779897359870744,-1.430774136679247e-05,-3.636228882442083e-07,-8.02095733385937e-08,-5.906527947977613e-07,-9.758060717688249e-05
70,0.005719214231407675,0.49970754905114445,0.09999923658958179,-2.518727896170061e-07,-0.00015279806977059254,-0.0006668080385093083,-1.4480736354016699e-05,-3.689411869345349e-07,-7.931041659093645e-08,-5.950075613641215e-07,-0.0001023716079608816
71,0.005860375831477439,0.49975714352330836,0.09999923732060353,-2.47299662035285e-07,-0.00015022793211178298,-0.0006551273408166274,-1.4673659279651474e-05,-3.7057000668028195e-07,-7.819952926394397e-08,-5.986846954515747e-07,-0.00010734483760251553
72,0.006007124106571021,0.49980168333520986,0.09999923790688,-2.410000010438999e-07,-0.000147395899038122,-0.000642969626412606,-1.488444468122907e-05,-3.784372495374555e-07,-7.689728446271372e-08,-6.016989220101938e-07,-0.00011249272617488985
73,0.006159674709365251,0.499841191525984,0.0999992384073774,-2.33172720491976e-07,-0.00014431824091196127,-0.0006303608818827545,-1.5112558685359545e-05,-3.8666263435516157e-07,-7.542500663590651e-08,-6.040671521471742e-07,-0.00011780706414630337
74,0.006318254134756904,0.49987575221403335,0.09999923887578027,-2.2404842818486472e-07,-0.00014101144100610988,-0.0006173243113704243,-1.5359251847257838e-05,-3.9547592223243555e-07,-7.377042671559464e-08,-6.05808355362207e-07,-0.0001232790467717229
75,0.006483093173745207,0.49990550095398983,0.09999923936070787,-2.1383353949988086e-07,-0.00013749335707816224,-0.0006038845410001767,-1.5625426385668106e-05,-4.008052769677306e-07,-7.197610702749468e-08,-6.069433116866593e-07,-0.00012889935538072618
76,0.006654429441261306,0.4999306186808746,0.09999923990628184,-2.027260638602948e-07,-0.00013378790468135946,-0.0005900658391430292,-1.590895772096701e-05,-4.0862212813408405e-07,-7.02093453459049e-08,-6.074943358576742e-07,-0.0001346582461927719
77,0.006832514571688722,0.4999513356808431,0.09999924055234326,-1.9089990225799558e-07,-0.00012991692440953408,-0.0005758958563146452,-1.62073083629366e-05,-4.3034646068917937e-07,-6.830312627366026e-08,-6.07485126555796e-07,-0.0001405454449859732
78,0.007017619794691868,0.4999679294773256,0.09999924133432841,-1.7859699339402604e-07,-0.00012587920205053046,-0.0005614002241440427,-1.6529831555089913e-05,-4.3757842149716453e-07,-6.63263080382787e-08,-6.069405586099661e-07,-0.00014655013694922552
79,0.0072100085430282035,0.4999806832591428,0.09999924228308503,-1.6599533735050388e-07,-0.00012170073469032619,-0.0005466071519169689,-1.686876748863142e-05,-4.45515325964152e-07,-6.435976471987054e-08,-6.05886551957694e-07,-0.00015266125439985929
80,0.007409961662222054,0.499989919416332,0.09999924342581663,-1.532296507977891e-07,-0.00011740833212093516,-0.0005315422619401607,-1.722755769151263e-05,-4.5273398541212373e-07,-6.230034926388401e-08,-6.043499323014812e-07,-0.0001588674744757878
81,0.007617763645105735,0.49999597748281455,0.0999992447863372,-1.404715045448864e-07,-0.00011301902454394821,-0.0005162307993290502,-1.7609667338547297e-05,-4.5925395397716784e-07,-6.02604847561923e-08,-6.023581873287372e-07,-0.00016515721005019442
82,0.007833707121747085,0.4999992073772952,0.09999924638484652,-1.2784250863468454e-07,-0.00010855974083644269,-0.0005007016441254158,-1.8008935512625612e-05,-4.7000858671708556e-07,-5.816655147016885e-08,-5.999392853453756e-07,-0.00017151873490028798
83,0.008058104668801734,0.4999999714603247,0.09999924823841115,-1.154704183408691e-07,-0.0001040480963045438,-0.0004849794800796075,-1.8431475837132894e-05,-4.7135947056631267e-07,-5.620246950961446e-08,-5.971216304385742e-07,-0.0001779402118224782
84,0.008291267327075549,0.4999986328902442,0.09999925036096231,-1.0345225715060412e-07,-9.951095373541195e-05,-0.0004690933495269383,-1.887122016341891e-05,-4.900441581412451e-07,-5.4290516868182524e-08,-5.939336515651441e-07,-0.0001844096408916961
85,0.008533539687932473,0.4999955502901848,0.09999925276332489,-9.189818527114171e-08,-9.495573841823521e-05,-0.0004530680389172956,-1.9335508113726974e-05,-4.99929512898234e-07,-5.2445929445050916e-08,-5.904035655710239e-07,-0.0001909147631944442
86,0.008785260261793262,0.499991074200539,0.09999925545325161,-8.089784654273257e-08,-9.039886055858716e-05,-0.0004369323489582428,-1.9820367015199736e-05,-5.110193797008833e-07,-5.068189495072206e-08,-5.865593647018635e-07,-0.00019744318544480166
87,0.009046787875304642,0.49998554144041285,0.09999925843559138,-7.05175806913107e-08,-8.585821420443033e-05,-0.00042071111745027,-2.0327479433035478e-05,-5.165935590412118e-07,-4.9008302022071576e-08,-5.824286728154839e-07,-0.00020398246152699776
88,0.00931848218868991,0.49997927264382586,0.09999926171277829,-6.080697771393173e-08,-8.135273341999827e-05,-0.000404432396732036,-2.085706546495203e-05,-5.254863708614721e-07,-4.73882311536678e-08,-5.780385490783721e-07,-0.00021052006472919402
89,0.009600721451957677,0.4999725673968766,0.09999926528467384,-5.181722637663226e-08,-7.68979432741518e-05,-0.00038812024028221263,-2.141030017810408e-05,-5.315012572282285e-07,-4.5927783251104346e-08,-5.734153928362726e-07,-0.0002170434240902281
90,0.009893889952695639,0.4999657045362084,0.09999926914889658,-4.356428776975947e-08,-7.251232335251417e-05,-0.0003718013453646073,-2.198581933043897e-05,-5.450128810480237e-07,-4.458109384547723e-08,-5.685847713550599e-07,-0.00022353986862842735
91,0.010198395046093014,0.49995892832967115,0.0999992733009929,-3.6076821331269985e-08,-6.820560499643086e-05,-0.0003554999653526399,-2.2587990315514617e-05,-5.580686774919741e-07,-4.3349775374570727e-08,-5.635712011059353e-07,-0.00022999650374700418
92,0.010514648084882224,0.49995245932036747,0.09999927773414179,-2.9365274361417143e-08,-6.398951622658462e-05,-0.00033924156866706786,-2.321466672583483e-05,-5.719209639210021e-07,-4.22364595622554e-08,-5.583981090421105e-07,-0.00023640024736983447
93,0.010843077653655017,0.4999464846418966,0.09999928243957251,-2.342480119154231e-08,-5.9876343195204095e-05,-0.00032305167749282007,-2.3867703930591233e-05,-5.852295998920454e-07,-4.124240418646608e-08,-5.530877278589367e-07,-0.00024273784816281464
94,0.011184119965595594,0.49994116173164976,0.09999928740659514,-1.8246448565170575e-08,-5.5878500608999366e-05,-0.0003069530360539129,-2.4548216970288195e-05,-6.051333230061573e-07,-4.036806180418274e-08,-5.47660988147539e-07,-0.00024899581349278004
95,0.011538223782634973,0.4999366123301172,0.09999929262282986,-1.3805008867303386e-08,-5.200588354883002e-05,-0.00029097093633357343,-2.5257955712731928e-05,-6.281064770519151e-07,-3.96127762607335e-08,-5.421374121533861e-07,-0.00025516034858028285
96,0.011905853211708336,0.49993292677843326,0.09999929807439534,-1.0073571192314449e-08,-4.8268580983357526e-05,-0.0002751295701020791,-2.5998264391091652e-05,-6.57175121432374e-07,-3.897483036559199e-08,-5.365350083837562e-07,-0.0002612173148763394
97,0.012287483961838007,0.49993016361772463,0.0999993037457644,-7.015573968976663e-09,-4.4675892183802214e-05,-0.0002594526458504483,-2.677107295312453e-05,-6.923979185557982e-07,-3.845109751992399e-08,-5.308701716180025e-07,-0.00026715217106124817
98,0.012683602675069978,0.49992834917837276,0.09999930962013139,-4.5862896939840744e-09,-4.1237186452795245e-05,-0.00024396549150487476,-2.7578624212765135e-05,-7.356319429163705e-07,-3.803816952193643e-08,-5.251576438285782e-07,-0.0002729499275089008
99,0.013094710129577709,0.49992748069086657,0.09999931567935977,-2.738087249309035e-09,-3.796195327258562e-05,-0.0002286915462920351,-2.842311187123414e-05,-7.875970027271251e-07,-3.773123329004524e-08,-5.194104839694184e-07,-0.0002785951090084089
100,0.013521315974472472,0.4999275290638147,0.0999993219042976,-1.4144983680440204e-09,-3.4860236076335525e-05,-0.00021365692882867066,-2.9306966098374687e-05,-8.482608109261491e-07,-3.7524600639622476e-08,-5.136399846294225e-07,-0.0002840717384810467
101,0.013963945009602621,0.49992843976095586,0.09999932827515229,-5.58020862495241e-10,-3.194309068400595e-05,-0.00019888762831632266,-3.0232595236157067e-05,-9.190085847876617e-07,-3.741130441484215e-08,-5.078556934914663e-07,-0.00028936333890643335
102,0.01442313172101568,0.49993013828248056,0.09999933477141798,-1.0836815087705564e-10,-2.9222670336857765e-05,-0.0001844109960194611,-3.120173278148286e-05,-9.979034985008184e-07,-3.7367816973481826e-08,-5.020653849979686e-07,-0.000294452965848159
103,0.014899422149021213,0.4999325321781462,0.09999934137230548,-4.000952486326155e-12,-2.6712736448816407e-05,-0.00017025554744892817,-3.221546285203658e-05,-1.0827035339389113e-06,-3.733320476145776e-08,-4.962751093131283e-07,-0.0002993232976995824
104,0.015393368809311624,0.4999355179174846,0.0999993480570287,-1.8436327511382453e-10,-2.442894375007286e-05,-0.00015645000627264073,-3.327202284708619e-05,-1.1679870794978342e-06,-3.7289887103230425e-08,-4.904892533155134e-07,-0.00030395682408083946
105,0.015905527794612538,0.4999389843868392,0.09999935480546307,-5.925866867368026e-10,-2.2389110643272805e-05,-0.00014302559639426497,-3.436888800933957e-05,-1.2519290066848043e-06,-3.75294699003466e-08,-4.847105648208401e-07,-0.0003083361094772155
106,0.01643647212481582,0.4999428151999477,0.09999936159886812,-1.1791206512333753e-09,-2.0612021114908347e-05,-0.0001300164566636767,-3.550874680513516e-05,-1.3511833003576612e-06,-3.779151375126605e-08,-4.789401483683471e-07,-0.0003124436981168954
107,0.016986811470474192,0.49994687938902116,0.09999936841959678,-1.8954741288033417e-09,-1.9114460161412227e-05,-0.00011745703752686407,-3.668694262159988e-05,-1.4357291320266086e-06,-3.8069138492220334e-08,-4.731775391007165e-07,-0.00031626224487914825
108,0.017557136163645376,0.4999510667308386,0.09999937525147495,-2.703052123627455e-09,-1.791602158687417e-05,-0.00010538594750296722,-3.787845344049856e-05,-1.4643851500295568e-06,-3.8348169118913524e-08,-4.674210132616569e-07,-0.00031977525078022526
109,0.01814805639411044,0.49995527042268634,0.09999938208101442,-3.5750474050769186e-09,-1.7037764978653186e-05,-9.384034360540079e-05,-3.9072871004464105e-05,-1.4913058521415223e-06,-3.861078703937482e-08,-4.616678070002751e-07,-0.0003229676006014031
110,0.01876016670090116,0.49995939659749195,0.09999938889842794,-4.499107814912334e-09,-1.6495210000601124e-05,-8.28610122800044e-05,-4.025072485092096e-05,-1.4810640323048574e-06,-3.869455510990251e-08,-4.5591428427406046e-07,-0.0003258259183519285
111,0.019394087326710958,0.4999633620394494,0.0999993956980669,-5.471665455642464e-09,-1.6299160981779106e-05,-7.248793775730227e-05,-4.138244912610389e-05,-1.4299390613814467e-06,-3.890518035122924e-08,-4.5015623250716563e-07,-0.00032833913737618365
112,0.020050435098582828,0.49996710415126433,0.09999940247899924,-6.51077561042872e-09,-1.645151605328118e-05,-6.276301890551541e-05,-4.2442297853995115e-05,-1.3447416904455167e-06,-3.902685296426428e-08,-4.443890291269038e-07,-0.0003304988598227125
113,0.020729876757394607,0.4999705628592034,0.0999994092455176,-7.639177145323615e-09,-1.6948508377362293e-05,-5.372293477225317e-05,-4.340737359598279e-05,-1.2487093954405282e-06,-4.057832402524145e-08,-4.3860773269543037e-07,-0.0003322996929316039
114,0.021433078637507062,0.4999737062306493,0.09999941600756032,-8.91594536399744e-09,-1.7770585178202062e-05,-4.541317503192149e-05,-4.4266675104154274e-05,-1.115730242418067e-06,-3.9889465216531956e-08,-4.3280706285857574e-07,-0.0003337383768910467
115,0.022160854369139324,0.4999764700256996,0.099999422778657,-1.0316985763477277e-08,-1.8921736733724646e-05,-3.786201501418241e-05,-4.494229142437689e-05,-1.002559997687058e-06,-3.939525369569573e-08,-4.269824917803791e-07,-0.0003348157541897943
116,0.022913602236299457,0.4999789198442463,0.09999942957841568,-1.199027321593675e-08,-2.0316321350089723e-05,-3.110882136870812e-05,-4.531682134256698e-05,-7.169473974499851e-07,-3.870690253400428e-08,-4.211310085552269e-07,-0.00033553904499455006
117,0.023692142097010004,0.49998103257710336,0.0999994364359143,-1.4045880716964436e-08,-2.1905590691293833e-05,-2.5172562781582433e-05,-4.556015119305812e-05,-7.715746619396668e-07,-3.798430601465458e-08,-4.152504951474022e-07,-0.0003359194255527264
118,0.0244970411961241,0.4999828239742982,0.09999944338563142,-1.659042709468407e-08,-2.3603980564682197e-05,-2.007828922371262e-05,-4.556255953502841e-05,-5.997263201606984e-07,-3.7142406952893755e-08,-4.093394876595628e-07,-0.00033597091438514155
119,0.025329175264145562,0.4999843005789552,0.0999994504645417,-1.9735679704600316e-08,-2.5356099204337717e-05,-1.584100478242551e-05,-4.5334982132771984e-05,-5.629229349324305e-07,-3.6149853649688305e-08,-4.033973894658878e-07,-0.0003357107229500076
120,0.026189278008975928,0.49998548682244354,0.09999945771231133,-2.3636117476364403e-08,-2.7080373343715228e-05,-1.2470627181312613e-05,-4.487391925067641e-05,-5.517209160643688e-07,-3.5005436060808034e-08,-3.974249321895575e-07,-0.00033515917347248857
121,0.027078128478256722,0.49998640539802497,0.09999946517062334,-2.8460106194908454e-08,-2.8697360688442875e-05,-9.970471817080718e-06,-4.420329787535593e-05,-5.836196237396507e-07,-3.371748425675256e-08,-3.914241990932629e-07,-0.00033433916748054897
122,0.027996509783176103,0.4999870794766385,0.09999947288145802,-3.4388179254915853e-08,-3.013143389670818e-05,-8.338628978945196e-06,-4.334401455707848e-05,-6.409755428649078e-07,-3.183954390153564e-08,-3.85398630235561e-07,-0.00033327549250504246
123,0.028945226248172102,0.49998753145476804,0.09999948088544834,-4.159655890444426e-08,-3.13183555604924e-05,-7.566811228282387e-06,-4.2318606574553996e-05,-7.455120680788241e-07,-3.0439776320139115e-08,-3.793530358914431e-07,-0.0003319945580665469
124,0.02992504781212444,0.4999877918085893,0.09999948922110723,-5.03259504927814e-08,-3.218592977276917e-05,-7.643977917268957e-06,-4.116473064641468e-05,-7.918729920675105e-07,-2.893894167291538e-08,-3.7329327333257853e-07,-0.0003305233809666375
125,0.030936917671941115,0.4999878660162836,0.09999949792282822,-6.071501985924769e-08,-3.271917772472117e-05,-8.554902010594235e-06,-3.995240695076063e-05,-8.5040488784216e-07,-2.7367373814367634e-08,-3.672259716016357e-07,-0.0003288883242598501
126,0.03198166163107188,0.49998777465166905,0.09999950701828536,-7.289330585932882e-08,-3.28976018963742e-05,-1.0281546857236837e-05,-3.8651454815408215e-05,-9.137099823419703e-07,-2.569894432435931e-08,-3.611586387941073e-07,-0.0003271151570537187
127,0.033060206611016565,0.4999875345662216,0.09999951652813063,-8.698015167556545e-08,-3.27182451652402e-05,-1.2803766393553411e-05,-3.732286859303713e-05,-9.731277259561466e-07,-2.4212962843305533e-08,-3.5509967673568865e-07,-0.00032522900588829496
128,0.03417339438874326,0.4999871665967505,0.09999952646611492,-1.0308068545423234e-07,-3.2180433516161005e-05,-1.6100412499010567e-05,-3.599079718696885e-05,-9.819018487178255e-07,-2.266490661013099e-08,-3.490581664982414e-07,-0.00032325366371401687
129,0.0353221568597377,0.4999866832098909,0.09999953683794965,-1.2119021214080124e-07,-3.131490633334142e-05,-2.0150060249833082e-05,-3.468260183581151e-05,-9.817142654355848e-07,-2.1139707536083988e-08,-3.430436285742826e-07,-0.0003212112163801103
130,0.036507374073423686,0.49998610623685896,0.09999954764084591,-1.4128764965754716e-07,-3.0151242689307022e-05,-2.493037306138516e-05,-3.339870090712793e-05,-9.751101970323361e-07,-1.969934589404287e-08,-3.3706595426604995e-07,-0.0003191221410038585
131,0.03772997950001167,0.49998545669544403,0.09999955886403036,-1.632982823387381e-07,-2.8728560747467167e-05,-3.0420069817605707e-05,-3.216800178051926e-05,-9.414357009518426e-07,-1.837327488915598e-08,-3.31135309613936e-07,-0.00031700520067791805
132,0.03899088201111935,0.4999847564101298,0.09999957048894237,-1.8708586148897334e-07,-2.7091395131826542e-05,-3.659822453931118e-05,-3.0997580324765295e-05,-8.918375442590332e-07,-1.7179674512637804e-08,-3.25261967706046e-07,-0.00031487728806920995
133,0.040291028267789554,0.4999840287078071,0.09999958248959577,-2.124580547171784e-07,-2.5289705264975738e-05,-4.3444823549015746e-05,-2.989339736814145e-05,-8.360208312296891e-07,-1.6131148172992035e-08,-3.194561913716501e-07,-0.00031275347552592986
134,0.04163136247427284,0.4999832996645175,0.09999959483328638,-2.3917914856868837e-07,-2.3372544403454597e-05,-5.094149709767571e-05,-2.8859560188720934e-05,-7.758811761959805e-07,-1.5501249804176198e-08,-3.137281004972639e-07,-0.0003106471471085731
135,0.04301284005153511,0.49998259592628275,0.09999960748165053,-2.6701214030037206e-07,-2.1386169491470346e-05,-5.906978881841678e-05,-2.789894278976135e-05,-6.980782245591399e-07,-1.4802291248365306e-08,-3.080875547797896e-07,-0.00030856991396302816
136,0.04443647473344327,0.499981937235218,0.09999962039115673,-2.955700163900677e-07,-1.9384544308505928e-05,-6.781365172466166e-05,-2.7018706532544456e-05,-6.387758162418322e-07,-1.4161043903528055e-08,-3.0254420402857636e-07,-0.0003065318306931074
137,0.045903146689291366,0.4999813592074366,0.09999963351421275,-3.245771763227997e-07,-1.7397456569858238e-05,-7.715580638128384e-05,-2.619521001179237e-05,-6.028547545611218e-07,-1.3682883122377765e-08,-2.9710758688992693e-07,-0.0003045420077483758
138,0.047413812855813975,0.49998089213490027,0.09999964680110188,-3.5377567902164225e-07,-1.545294788773611e-05,-8.708306331375344e-05,-2.5452711270190775e-05,-5.373961471377697e-07,-1.338788678784772e-08,-2.9178696405577807e-07,-0.000302608583896524
139,0.04896938874705285,0.4999805614128732,0.0999996602007362,-3.828621435661714e-07,-1.3578985559525507e-05,-9.758277674530043e-05,-2.478140959283337e-05,-4.755731310979172e-07,-1.3289240281765179e-08,-2.8659111063365924e-07,-0.000300738500759975
140,0.050570856612154,0.49998038749547696,0.09999967366103547,-4.115154347219774e-07,-1.1802782881814376e-05,-0.0001086420603016542,-2.4175576982088387e-05,-4.2306703562644543e-07,-1.335716125703581e-08,-2.815282909748146e-07,-0.0002989376479726784
141,0.05221920945620754,0.4999803889650517,0.09999968712977547,-4.3943219727581896e-07,-1.0144395655829193e-05,-0.00012024963390477181,-2.3634001991013065e-05,-3.763850600080332e-07,-1.3632057780225749e-08,-2.766062875276485e-07,-0.00029721105930460086
142,0.053915417637584076,0.49998058069794427,0.09999970055557118,-4.6635372047856285e-07,-8.616841702705125e-06,-0.00013239459806733647,-2.315226083737798e-05,-3.348645520873106e-07,-1.4107805570756712e-08,-2.7183241243989643e-07,-0.0002955630251431755
143,0.0556604653710541,0.4999809716250489,0.09999971388862922,-4.920318977894507e-07,-7.229203784442154e-06,-0.00014506669118642186,-2.2730066120857373e-05,-2.950699808934587e-07,-1.4453936973046111e-08,-2.672134739907918e-07,-0.000293997111362411
144,0.05745530816317663,0.499981564867297,0.09999972708119598,-5.161924890660572e-07,-5.986893519770406e-06,-0.00015825819836383354,-2.2364818505593576e-05,-2.691612905891816e-07,-1.494953048860722e-08,-2.6275586997317177e-07,-0.0002925164651986597
145,0.05930079111406431,0.4999823690389935,0.09999974008859142,-5.387825853315977e-07,-4.883859470708334e-06,-0.00017195883427667264,-2.204386873927433e-05,-2.4909135731832066e-07,-1.557219862409946e-08,-2.5846561435369913e-07,-0.00029112404245884734
146,0.061197888955614614,0.49998337433525136,0.09999975286987123,-5.596810473047454e-07,-3.918436320508783e-06,-0.00018616337085485194,-2.1783902411698364e-05,-2.1218480128482042e-07,-1.63090617204774e-08,-2.543481754842407e-07,-0.0002898222775542118
147,0.06314750982276379,0.4999845649623031,0.09999976538753777,-5.787561909048826e-07,-3.087956697338605e-06,-0.00020086318203762924,-2.156728078261949e-05,-1.9272890483534866e-07,-1.714833095869445e-08,-2.5040844965383454e-07,-0.00028861299978833843
148,0.06515064448593963,0.49998591775564244,0.09999977760752225,-5.958971831178164e-07,-2.3874928736178206e-06,-0.00021605140697051676,-2.139526986866258e-05,-1.7460430967730645e-07,-1.8078847065818967e-08,-2.466508081191382e-07,-0.00028749762495271073
149,0.06720821690637939,0.49998740489748333,0.09999978949954616,-6.110620222455906e-07,-1.8088286804294673e-06,-0.00023172238919558504,-2.1266147086862475e-05,-1.5893856186721678e-07,-1.9091227069556266e-08,-2.430791403237866e-07,-0.0002864771994027486
150,0.06932112496606173,0.49998899218922466,0.09999980103733402,-6.242328713697092e-07,-1.34266843724731e-06,-0.0002478695123675738,-2.1177600501687266e-05,-1.4577551610273076e-07,-2.0177750729945376e-08,-2.3969686278316117e-07,-0.000285552402666721
151,0.0714902785503038,0.49999063899315743,0.09999981219857455,-6.354136814755312e-07,-9.790632594415376e-07,-0.0002644874926691249,-2.1127620129846036e-05,-1.3457916736570041e-07,-2.1471486575277792e-08,-2.3650691417978536e-07,-0.0002847235662620379
152,0.07371657603270122,0.4999923011354765,0.0999998229648888,-6.446590297698569e-07,-7.075010378746375e-07,-0.0002815692770443343,-2.1112733520567417e-05,-1.2633293522412714e-07,-2.272798322168744e-08,-2.3351173953479266e-07,-0.0002839905638984408
153,0.0760009515389703,0.49999392580484403,0.09999983332147691,-6.519160325825917e-07,-5.178224785584182e-07,-0.0002991107012358336,-2.11371425393736e-05,-1.1611599859406851e-07,-2.4000918064581324e-08,-2.307133152172895e-07,-0.000283352820177135
154,0.0783441880741524,0.49999546463478545,0.09999984325704142,-6.572856159831501e-07,-3.9872721588321166e-07,-0.0003171051957316982,-2.118835436704103e-05,-1.146648500593983e-07,-2.532658968572279e-08,-2.2811325905568065e-07,-0.00028280958169412323
155,0.08074710953457019,0.49999686392864956,0.09999985276397443,-6.608913676139271e-07,-3.395023135981607e-07,-0.0003355485612381829,-2.127509651472792e-05,-1.0680389550543623e-07,-2.6688301486029835e-08,-2.2571282731653472e-07,-0.0002823598537902839
156,0.08321048831729536,0.4999980688235515,0.09999986183802044,-6.628228616595969e-07,-3.306408478683686e-07,-0.00035443574247037365,-2.1392157577793114e-05,-1.0338786182728654e-07,-2.8093000085856502e-08,-2.235128567109654e-07,-0.0002820022165317355
157,0.08573512956556555,0.49999902459570905,0.09999987047785974,-6.631713876131652e-07,-3.6290475145667445e-07,-0.0003737619427472773,-2.1536932763410732e-05,-1.0145417661533429e-07,-2.9555213933148306e-08,-2.215137663496393e-07,-0.00028173486226715715
158,0.08832179068776086,0.49999967901924,0.09999987868483134,-6.62033584415944e-07,-4.2753997338761004e-07,-0.0003935213023245375,-2.1709236534661613e-05,-1.0021283713967932e-07,-3.108231811479817e-08,-2.1971559441740134e-07,-0.00028155560684802947
159,0.09097123217144237,0.49999998349853114,0.09999988646270626,-6.595179428305165e-07,-5.163400757804703e-07,-0.00041370976688247046,-2.1907984773861244e-05,-9.994772653953987e-08,-3.268495031485004e-08,-2.1811798611389356e-07,-0.00028146185980365356
160,0.0936841584704034,0.4999998947875953,0.09999989381742674,-6.55723843283421e-07,-6.216703636285934e-07,-0.0004343214184025874,-2.213134393969085e-05,-1.0098905534050573e-07,-3.4373678741185616e-08,-2.1672017181517602e-07,-0.00028145061074124413
161,0.09646127742683241,0.4999993767102259,0.09999990075682372,-6.507543191762619e-07,-7.364488079106643e-07,-0.00045535108681090715,-2.2378506400855258e-05,-1.027654263907607e-07,-3.6176050702722225e-08,-2.1552103198357807e-07,-0.0002815184324491095
162,0.09930325754453236,0.49999840130969125,0.0999999072904086,-6.44719591045547e-07,-8.542698263196533e-07,-0.0004767932441818755,-2.2648557205684483e-05,-1.0619167767345061e-07,-3.7965716107148794e-08,-2.1451909124182555e-07,-0.00028166145828777584
163,0.10221071600149206,0.4999969507487576,0.09999991342905322,-6.376780790126449e-07,-9.690674203175829e-07,-0.0004986422773464624,-2.2941425413591787e-05,-1.0737255706771975e-07,-3.98494105188417e-08,-2.1371251060336338e-07,-0.0002818754645049846
164,0.10518418865654906,0.4999950153160001,0.09999991918485895,-6.297859638606602e-07,-1.0769907827253817e-06,-0.0005208922111720595,-2.325268906133715e-05,-1.111059688696514e-07,-4.183117801412177e-08,-2.1309918566712606e-07,-0.00028215597250408277
165,0.10822421619424305,0.49999259751262454,0.09999992457102505,-6.21148296488098e-07,-1.1740925573509608e-06,-0.0005435381631648247,-2.3586671886732802e-05,-1.1567554736302554e-07,-4.391990059453584e-08,-2.126766706137392e-07,-0.0002824981242459511
166,0.11133129689691362,0.49998971196363157,0.09999992960151632,-6.118528768856622e-07,-1.2569159100371647e-06,-0.0005665724133680483,-2.3939763195812702e-05,-1.225503183377441e-07,-4.6125187142565334e-08,-2.1244211320741595e-07,-0.00028289662492664557
167,0.11450594902619607,0.4999863867443193,0.09999993429083646,-6.019778704396074e-07,-1.3222748145847172e-06,-0.0005899905828031972,-2.431156644888688e-05,-1.2925323744639172e-07,-4.845766943958978e-08,-2.1239231558262613e-07,-0.00028334580293021966
168,0.11774857022908117,0.49998266238388145,0.09999993865385272,-5.916018092054658e-07,-1.3680426823766784e-06,-0.0006137853123244713,-2.4701728762011044e-05,-1.3645190222177916e-07,-5.0928584479464666e-08,-2.1252376434494556e-07,-0.00028383964330305403
169,0.12105955263404997,0.4999785902477169,0.09999994270566799,-5.808076396094746e-07,-1.3928181229786404e-06,-0.000637951043138171,-2.510981539671775e-05,-1.449122635222011e-07,-5.355125187160554e-08,-2.1283258120380947e-07,-0.0002843718000673327
170,0.1244392150009011,0.49997423535636304,0.09999994646146493,-5.696589267419295e-07,-1.3957173623192172e-06,-0.0006624801573833997,-2.5535111490171403e-05,-1.5390709506846179e-07,-5.633877222263736e-08,-2.133145492310332e-07,-0.000284935607689366
171,0.12788786130328492,0.4999696722501608,0.09999994993637512,-5.582263500237424e-07,-1.376520424103887e-06,-0.0006873645351054413,-2.5978069970733486e-05,-1.6415177128692449e-07,-5.930617154390471e-08,-2.1396510717409117e-07,-0.00028552410234277884
172,0.1314057492711503,0.49996498646545023,0.09999995314538915,-5.465699553998717e-07,-1.3355883269833997e-06,-0.0007125987909448132,-2.6437624910613522e-05,-1.749427553932037e-07,-6.246847121959354e-08,-2.147793319642428e-07,-0.0002861300355848617
173,0.13499304488653172,0.4999602717486546,0.09999995610323238,-5.347433795578349e-07,-1.2738956196506097e-06,-0.0007381744132239988,-2.6913916371995583e-05,-1.8649748767529672e-07,-6.584159693990757e-08,-2.157519731937784e-07,-0.0002867459033842726
174,0.13864990456969054,0.4999556287339743,0.09999995882428542,-5.227988681478856e-07,-1.1930121551670366e-06,-0.0007640847531063947,-2.740719537541736e-05,-1.9939804474233824e-07,-6.944201436526426e-08,-2.168774104479557e-07,-0.0002873639628827583
175,0.1423764008188017,0.4999511632563822,0.0999999613224911,-5.107720593735163e-07,-1.0950033053176008e-06,-0.0007903208877870652,-2.7916514227399603e-05,-2.1229523383681226e-07,-7.32857348901433e-08,-2.1814970512044525e-07,-0.0002879762568335518
176,0.14617258658120724,0.49994698237548096,0.0999999636112972,-4.987063302155104e-07,-9.825602827520825e-07,-0.000816873154884427,-2.84423276752932e-05,-2.260043316937299e-07,-7.738922728209963e-08,-2.1956261302100257e-07,-0.00028857465191398795
177,0.1500384659994469,0.49994319258982256,0.09999996570363573,-4.866383424129139e-07,-8.58920241064542e-07,-0.000843735261912722,-2.898507591453381e-05,-2.407414854133094e-07,-8.176979842418942e-08,-2.2110955572010043e-07,-0.00028915085975196467
178,0.15397393360284276,0.49993989913623904,0.09999996761185592,-4.745942772824339e-07,-7.278360905610105e-07,-0.0008708970716775432,-2.954420961032156e-05,-2.5588911967133754e-07,-8.644411693957686e-08,-2.2278365430222875e-07,-0.0002896964593037887
179,0.15797889097591936,0.49993720097265815,0.09999996934770111,-4.626043506389079e-07,-5.935572466122865e-07,-0.0008983506643728084,-3.012021079484839e-05,-2.712694708861818e-07,-9.142934087909348e-08,-2.2457774296304806e-07,-0.00029020293792908605
180,0.16205312516318912,0.49993518824697625,0.09999997092227336,-4.5068152286427105e-07,-4.60898412948323e-07,-0.0009260857531280303,-3.0712824809597805e-05,-2.8700969778583385e-07,-9.674210303392977e-08,-2.2648438632685474e-07,-0.00029066172764292985
181,0.16619641515236644,0.4999339398125128,0.09999997234602132,-4.388494907122281e-07,-3.351334181643241e-07,-0.0009540913208824885,-3.1323052098741755e-05,-3.036990392502048e-07,-1.0239930220699181e-07,-2.2849592976351038e-07,-0.0002910642257654203
182,0.1704084871955719,0.4999335204037071,0.09999997362876356,-4.271247653310028e-07,-2.2199406245684366e-07,-0.0009823595465360902,-3.195047247572802e-05,-3.2004285799303034e-07,-1.084175657812686e-07,-2.306044881439845e-07,-0.0002914018329894742
183,0.17468895290853148,0.4999339760167739,0.09999997477966031,-4.155149551924514e-07,-1.2768711855325244e-07,-0.0010108789825295182,-3.2595016818959266e-05,-3.363355460805906e-07,-1.1481225115906413e-07,-2.328020159309175e-07,-0.0002916659983232091
184,0.17903742222119695,0.49993533327741563,0.09999997580723147,-4.040360842928102e-07,-5.8852208826479934e-08,-0.0010396401792900026,-3.325757279526442e-05,-3.5339834880687704e-07,-1.215988158713915e-07,-2.3508037963545e-07,-0.0002918482424785468
185,0.1834534063581251,0.4999375962923615,0.09999997671935551,-3.926848642407686e-07,-2.2521694311538764e-08,-0.0010686314301471336,-3.393784209038131e-05,-3.696858072999021e-07,-1.287911545708838e-07,-2.3743138610197284e-07,-0.0002919401934584843
186,0.18793639213062463,0.49994074404160393,0.09999997752327738,-3.814694311064732e-07,-2.6142977248820673e-08,-0.001097840176437166,-3.4636752388905734e-05,-3.865318092266534e-07,-1.3640197551965415e-07,-2.398468141042185e-07,-0.0002919336297228145
187,0.19248582206520634,0.499944728115286,0.09999997822565804,-3.703942392511697e-07,-7.753047317811126e-08,-0.001127257177924443,-3.535347059369087e-05,-4.024453801321215e-07,-1.4444149831596692e-07,-2.423184726644369e-07,-0.000291820514914013
188,0.1971010183875697,0.4999494714048236,0.09999997883257684,-3.5945646945012524e-07,-1.8484206080160984e-07,-0.001156869673699087,-3.6089371860725805e-05,-4.1867946265483624e-07,-1.529178460014887e-07,-2.448383171197174e-07,-0.00029159303087194534
189,0.20178130271200795,0.4999548676617725,0.09999997934955882,-3.4865828121785323e-07,-3.5655755834839063e-07,-0.0011866665830823594,-3.684354305732995e-05,-4.340248267453717e-07,-1.6183595215665756e-07,-2.473985166527806e-07,-0.00029124361627812126
190,0.2065259026203313,0.49996077890365465,0.0999999797815913,-3.379886981277396e-07,-6.014921421655892e-07,-0.0012166348298413357,-3.7616435292875394e-05,-4.485623321670573e-07,-1.7119788682101694e-07,-2.499915126624469e-07,-0.00029076500999532446
191,0.2113340139337109,0.4999670350088339,0.09999998013315205,-3.274475835421161e-07,-9.286609031673865e-07,-0.0012467622077047514,-3.840843783109449e-05,-4.630265095784125e-07,-1.8126991541298996e-07,-2.5261007461711516e-07,-0.0002901503011606652
192,0.21620483163981777,0.4999734353825025,0.0999999804082826,-3.1705766081944264e-07,-1.3471891064117144e-06,-0.0012770335933044864,-3.922094765584916e-05,-4.836119273932127e-07,-1.9145903257593794e-07,-2.55247385777763e-07,-0.0002893928075539022
193,0.22113752389594882,0.4999797559382867,0.09999998061051323,-3.067195101189602e-07,-1.8689217435422017e-06,-0.001307440177176951,-4.005638766102493e-05,-4.926113774672558e-07,-2.020815307642272e-07,-2.578972873391743e-07,-0.0002884862194877443
194,0.22613087914992228,0.49998572322858054,0.09999998074294958,-2.9649788029460904e-07,-2.5014936216086175e-06,-0.0013379633970751702,-4.089609137736261e-05,-4.900361432191858e-07,-2.132337354014382e-07,-2.605543965757429e-07,-0.00028742497594143074
195,0.23118392931056514,0.499991050282975,0.09999998080843094,-2.864091910807039e-07,-3.253566924732228e-06,-0.001368593793787336,-4.176368747721426e-05,-5.109516791890201e-07,-2.2466334998036708e-07,-2.6321408655310297e-07,-0.0002862040239869379
196,0.23629550450718065,0.4999954235136379,0.09999998080945127,-2.7641462283038e-07,-4.13562330403424e-06,-0.001399316437514105,-4.265111783752218e-05,-5.212020255385141e-07,-2.364909385395249e-07,-2.6587262761529107e-07,-0.00028481868876648704
197,0.24146451622038004,0.49999850567354137,0.09999998074816242,-2.665175053236155e-07,-5.157388292474775e-06,-0.001430116825182957,-4.355105193099007e-05,-5.244056637820904e-07,-2.4868770007911495e-07,-2.685273187990909e-07,-0.00028326491553628646
198,0.246689781651569,0.4999999414219112,0.09999998062644644,-2.5671183229889077e-07,-6.3284535530534165e-06,-0.001460982531820257,-4.447200262802653e-05,-5.343211455510755e-07,-2.6122026531905917e-07,-2.7117669145300935e-07,-0.0002815392639363004
199,0.251970014321685,0.4999993594044399,0.099999980445942,-2.469919666231053e-07,-7.658424642674097e-06,-0.001491899969836738,-4.541101952781901e-05,-5.415532200458983e-07,-2.7410507800810584e-07,-2.7382060810774914e-07,-0.00027963887390624416
200,0.25730395838803016,0.49999637747587855,0.09999998020805013,-2.3734393888369698e-07,-9.157731766919084e-06,-0.001522854087224265,-4.6366636524908245e-05,-5.469442498906574e-07,-2.87338812683107e-07,-2.7646032083880616e-07,-0.0002775615242189144
201,0.2626903288975791,0.49999060641589005,0.09999997991395748,-2.2775957468261704e-07,-1.0836809801419319e-05,-0.0015538273262711677,-4.734099275083281e-05,-5.53378868062282e-07,-3.0059338702824587e-07,-2.790986952525933e-07,-0.00027530562450979077
202,0.2681277869429962,0.49998165451377097,0.09999997956466239,-2.182076657050614e-07,-1.2707389299450944e-05,-0.0015848093701710672,-4.832974082091823e-05,-5.502579369931482e-07,-3.139810604436276e-07,-2.817404867397928e-07,-0.00027287035124830343
203,0.2736146989909626,0.49996914231720757,0.09999997916102622,-2.0870836623679597e-07,-1.4775545383270148e-05,-0.0016157822427112643,-4.932582669425756e-05,-5.436461947283533e-07,-3.2748208655589863e-07,-2.843925599556021e-07,-0.0002702558159608737
204,0.2791496037125416,0.4999527006740698,0.09999997870386138,-1.9927508823892977e-07,-1.704854783483177e-05,-0.0016479738308779986,-5.034066271036863e-05,-5.46966475667432e-07,-3.4163256043725253e-07,-2.8705609961635095e-07,-0.0002674561939809319
205,0.28470993406128126,0.49993199675341715,0.09999997818274753,-1.8669333753242635e-07,-1.968536332073604e-05,-0.0016788341694075838,-5.131578291184269e-05,-5.201342787586327e-07,-3.5505564885710284e-07,-2.8974234036182835e-07,-0.0002644738793186898
206,0.29033714020439744,0.4999065291281366,0.09999997759924836,-1.7784821007222045e-07,-2.239057052958199e-05,-0.0017096763057441837,-5.2418956329347566e-05,-5.867246954949223e-07,-3.684100560765883e-07,-2.9247387464686275e-07,-0.00026131831206913417
207,0.2960080413383073,0.4998762892954612,0.09999997696616608,-1.6890815742028926e-07,-2.53525708066998e-05,-0.001740447523741296,-5.348385457182303e-05,-5.584624886978418e-07,-3.8164723399787236e-07,-2.952674543846339e-07,-0.0002579924496405979
208,0.3017200980827054,0.4998407844080451,0.09999997628385543,-1.6002292593995545e-07,-2.8542761756843736e-05,-0.0017711345227312708,-5.453283665701747e-05,-5.250537356005225e-07,-3.946597690040378e-07,-2.981430344359189e-07,-0.00025450064976217224
209,0.3074721331869168,0.49979984545122697,0.0999999755529496,-1.5116046730843552e-07,-3.1978759427964034e-05,-0.0018030931841848499,-5.56067461729981e-05,-5.264499804980005e-07,-4.082020295202594e-07,-3.011108256203774e-07,-0.00025084097292959415
210,0.31323985395298526,0.49975278959526104,0.09999997476194002,-1.3952624063584235e-07,-3.5898313799353236e-05,-0.0018335246341818223,-5.6634591601323336e-05,-4.918267677567201e-07,-4.204431559741042e-07,-3.0419737683768636e-07,-0.00024702043389786146
211,0.319067383035989,0.49970036895145337,0.09999997391221488,-1.3114117345360172e-07,-3.983998683032984e-05,-0.0018638717044595803,-5.7790050050243735e-05,-5.613863436337851e-07,-4.3225442549260814e-07,-3.0744675917365114e-07,-0.00024305369557671197
212,0.3249299622949694,0.49964252802597703,0.09999997301750363,-1.226617505116798e-07,-4.40848671430436e-05,-0.001894079333073844,-5.8897196140605956e-05,-5.18189438025729e-07,-4.4358697433699666e-07,-3.1089341976722737e-07,-0.00023894845058809448
213,0.3308248187420442,0.49957888237276027,0.09999997207821751,-1.1423285224741711e-07,-4.8589593916382205e-05,-0.0019241386699378736,-5.9989735746057704e-05,-4.876632715422602e-07,-4.54361937583242e-07,-3.1457704867458666e-07,-0.0002347138693761734
214,0.3367505931928641,0.49950962924218584,0.09999997109512167,-1.0583770454062002e-07,-5.3373293694392244e-05,-0.001955517573927057,-6.109855894465e-05,-4.857366775468108e-07,-4.654612769683282e-07,-3.185254233562635e-07,-0.0002303528568688789
215,0.34268174974711035,0.4994331357095097,0.09999997005595071,-9.520209934873681e-08,-5.876677369714228e-05,-0.001985189823268794,-6.2155319028534e-05,-4.4861883452540496e-07,-4.745189285943595e-07,-3.2278906579180554e-07,-0.0002258775505618943
216,0.3486644662573312,0.499353062780436,0.09999996896234205,-8.729467458734851e-08,-6.41130353381111e-05,-0.0020147159146747494,-6.33300660410896e-05,-5.183676421438577e-07,-4.827958800240435e-07,-3.27442608758938e-07,-0.00022130793361526175
217,0.35467275938495524,0.4992686981828779,0.09999996782935316,-7.937939773746502e-08,-6.979724973656424e-05,-0.0020440406419861275,-6.444728205678985e-05,-4.6437162382062525e-07,-4.902198275533369e-07,-3.3254929204131273e-07,-0.00021665701441023322
218,0.36070368523768354,0.49917987617632664,0.09999996665778693,-7.159370341728714e-08,-7.576045551360861e-05,-0.002073162800151362,-6.555953586939722e-05,-4.477550419323961e-07,-4.967107983661854e-07,-3.381813027293118e-07,-0.00021193923631195947
219,0.3667556944955935,0.4990872685704916,0.09999996544881279,-6.393679174977618e-08,-8.202473964242238e-05,-0.002102078802461329,-6.667445268249139e-05,-4.4577066660167475e-07,-5.021966658312562e-07,-3.444188550271819e-07,-0.00020717020380738146
220,0.3728267083459872,0.4989916140304532,0.0999999642035187,-5.644084551813403e-08,-8.859677887969215e-05,-0.0021307764770200697,-6.779086106689647e-05,-4.4240303509468504e-07,-5.066125785375548e-07,-3.513524163242276e-07,-0.00020236655550042723
221,0.37891477300225157,0.49889364241675443,0.09999996292305652,-4.915164147684912e-08,-9.548019581466703e-05,-0.002159244844685136,-6.890521035529673e-05,-4.416810384100245e-07,-5.099037728521916e-07,-3.590844179372678e-07,-0.00019754604181965909
222,0.3850179207437801,0.4987941586426505,0.09999996160870327,-4.2117542943769926e-08,-0.00010267916749135738,-0.002187477222971466,-7.001654012128711e-05,-4.4222431938578666e-07,-5.120730836296707e-07,-3.677306326802284e-07,-0.00019272753092307106
223,0.39113408699676544,0.4986940311874747,0.09999996026183999,-3.539145507113312e-08,-0.00011019607471210736,-0.002215463840207478,-7.112696766853333e-05,-4.4732880155606836e-07,-5.12998233650432e-07,-3.7742203444936503e-07,-0.00018793102122204435
224,0.39726127817104007,0.4985942043668709,0.09999995888394972,-2.9029219823855428e-08,-0.0001180353797125583,-0.0022432003818763937,-7.223700959002599e-05,-4.5526982717092324e-07,-5.125632306368944e-07,-3.883076438999158e-07,-0.00018317763833274313
225,0.4033973363516954,0.4984957016501947,0.09999995747658623,-2.3090186810051347e-08,-0.00012619913329610627,-0.0022706786551430413,-7.334042311413214e-05,-4.6266924869087234e-07,-5.110915339057447e-07,-4.0055698826330116e-07,-0.00017848966681535797
226,0.4095402253515983,0.49839962397674054,0.09999995604144993,-1.765455287973571e-08,-0.00013468235064510029,-0.0022978889969843363,-7.444549555657431e-05,-4.831612727684842e-07,-5.083805957497677e-07,-4.143634124192813e-07,-0.00017389054001868337
227,0.4156880644941602,0.49830705420082927,0.09999995458040484,-1.2788378807542807e-08,-0.00014349580403115713,-0.002324831879002266,-7.556172204203904e-05,-5.11463838392956e-07,-5.044457136957302e-07,-4.2994823520579244e-07,-0.00016940478341780535
228,0.42183873693052576,0.49821914608389006,0.09999995309534024,-8.568464810547834e-09,-0.00015264593049657706,-0.002351498191970704,-7.66754528740421e-05,-5.351186018742737e-07,-4.993135765082092e-07,-4.475653876838441e-07,-0.0001650580720669425
229,0.4279903046026446,0.4981370542115684,0.09999995158820413,-5.082691295166995e-09,-0.0001621364704546361,-0.002377887876062414,-7.77937239035964e-05,-5.690499165211804e-07,-4.930126623961608e-07,-4.6750712141414074e-07,-0.00016087726894814048
230,0.4341406060514107,0.49806196404370107,0.0999999500610408,-2.425046559918857e-09,-0.00017196853823024265,-0.0024039922551442644,-7.892007852206007e-05,-6.097360483181546e-07,-4.855868644401839e-07,-4.901107090619425e-07,-0.00015689038526558517
231,0.4402877248238572,0.49799502830889897,0.09999994851601392,-6.974073117908328e-10,-0.0001821465834704577,-0.0024298096705495462,-8.005619747564197e-05,-6.565333592334355e-07,-4.770874064591556e-07,-5.157664162393307e-07,-0.00015312658910453833
232,0.4464296210044265,0.4979373757083578,0.09999994695541532,-7.624463430740524e-12,-0.0001926750622579555,-0.0024553402183137554,-8.120591519400477e-05,-7.106439170456724e-07,-4.675764349382153e-07,-5.449274104176381e-07,-0.00014961620780478237
233,0.45256423317675976,0.4978900783198565,0.09999994538157807,-4.72035284460309e-10,-0.000203559101359233,-0.0024805812804206025,-8.237289875978604e-05,-7.725316208961885e-07,-4.571246506929152e-07,-5.781213494307082e-07,-0.00014639073246092762
234,0.4586896005622071,0.49785413486262103,0.0999999437968928,-2.2159048194281234e-09,-0.00021480494097682808,-0.002505534564745781,-8.35610117064789e-05,-8.415829597652191e-07,-4.458128431824949e-07,-6.159641623074466e-07,-0.00014348282730993657
235,0.46480368691383855,0.49783044176265145,0.09999994220379463,-5.374547400961715e-09,-0.000226419447222509,-0.0025301940878654527,-8.477461960865185e-05,-9.172178465632896e-07,-4.3372565507219873e-07,-6.591770048559608e-07,-0.00014092632960250863
236,0.4709046275287733,0.4978198008038829,0.0999999406047923,-1.0090632923592587e-08,-0.00023840919583010796,-0.0025545607461926723,-8.601963054388762e-05,-1.0006382353822119e-06,-4.209579877738634e-07,-7.08606779765917e-07,-0.00013875624898900392
237,0.47699046383338684,0.4978228567269528,0.09999993900248944,-1.651814988634701e-08,-0.0002507829792564163,-0.0025786365703809665,-8.729862747713923e-05,-1.0897311994995107e-06,-4.076080841885506e-07,-7.652507574748704e-07,-0.00013700877464184252
238,0.48305922067608287,0.49784010697914105,0.09999993739950455,-2.4821788928679635e-08,-0.00026354870637028654,-0.002602420968457025,-8.861905371304601e-05,-1.1856399169118959e-06,-3.9378129047545287e-07,-8.302864560735379e-07,-0.0001357212783766037
239,0.48910901464152856,0.49787185925342653,0.09999993579849346,-3.5175796470156005e-08,-0.0002767158278899904,-0.002625917389164455,-8.998610428534448e-05,-1.2862208222941263e-06,-3.795841248630959e-07,-9.051080624724271e-07,-0.00013493231463327225
240,0.4951378988755651,0.4979182251610179,0.09999993420212433,-4.776860103192607e-08,-0.0002902942392161096,-0.0026491211305588323,-9.140533802565187e-05,-1.3919086541136494e-06,-3.6512343423948246e-07,-9.913718207795513e-07,-0.00013468162241166452
241,0.5011441226337678,0.49797910140822366,0.09999993261311668,-6.279344960888438e-08,-0.00030429453307684816,-0.002672033923923136,-9.288190631195903e-05,-1.500834741818835e-06,-3.505065282258791e-07,-1.0910513480726055e-06,-0.00013501012680455557
242,0.5071258246275404,0.4980541486503608,0.0999999310342571,-8.04601441842532e-08,-0.00031872762537585927,-0.002694658378191839,-9.44210187299177e-05,-1.6114221352836466e-06,-3.358395457911003e-07,-1.2065059755107206e-06,-0.0001359599314562177
243,0.5130811410250634,0.49814278409212526,0.09999992946831363,-1.009912105669953e-07,-0.00033360394397828326,-0.002716994369594428,-9.602921636542305e-05,-1.7237357496924233e-06,-3.212511148692283e-07,-1.3405661498115235e-06,-0.0001375743180799502
244,0.5190083161058746,0.498244158050768,0.0999999279180517,-1.246188645606097e-07,-0.0003489355906946122,-0.0027390446447272086,-9.77114905253984e-05,-1.8346698880122858e-06,-3.06833081131194e-07,-1.4966400338430714e-06,-0.00013989774576867025
245,0.5249055467968721,0.49835715751585746,0.09999992638621136,-1.5159398845181784e-07,-0.00036473496219142996,-0.002760804170583131,-9.947157377609983e-05,-1.9433048237260664e-06,-2.926827807055892e-07,-1.6788477139210805e-06,-0.00014297583270337012
246,0.5307711972116076,0.4984804191814658,0.09999992487554221,-1.8216916934155256e-07,-0.000381012957785635,-0.002782273308077022,-0.00010131338785868138,-2.0478466922213556e-06,-2.7889113243775733e-07,-1.8921920354087898e-06,-0.00014685534654930668
247,0.536603564710044,0.49861230388915684,0.09999992338883013,-2.1661587363675416e-07,-0.00039778114489093805,-0.0028034532782649263,-0.0001032403451972641,-2.1469879811775172e-06,-2.655439395998092e-07,-2.142776896879148e-06,-0.00015158418646708495
248,0.5424009329724796,0.49875091920877246,0.09999992192881432,-2.5522144861303437e-07,-0.00041504928121268835,-0.002824341487856388,-0.00010525478865019977,-2.2386732325685443e-06,-2.5272059974760457e-07,-2.4380875562868034e-06,-0.000157211354951734
249,0.5481616947979798,0.49889413066842114,0.09999992049819538,-2.9828104492694084e-07,-0.0004328268731503285,-0.0028449383612828686,-0.00010735747491708025,-2.322435648238752e-06,-2.404806311928466e-07,-2.787356018542078e-06,-0.00016378693065248858
250,0.5538841919683836,0.49903958073109383,0.09999991909961647,-3.461111513129757e-07,-0.00045112179130721525,-0.00286523629338043,-0.00010954977915389463,-2.3938903268572176e-06,-2.2894064019207243e-07,-3.2020400239630443e-06,-0.00017136202708340381
251,0.559566975218025,0.4991847125642417,0.09999991773571813,-3.990172311759691e-07,-0.00046994008276074093,-0.0028852327100577987,-0.00011183090100530535,-2.454545892760507e-06,-2.1813618983256606e-07,-3.6964570066524167e-06,-0.00017998876959123244
252,0.5652085179289095,0.49932679160396753,0.09999991640913862,-4.5734067279322967e-07,-0.0004892891534149988,-0.0029049248546444938,-0.00011420095688663423,-2.505427346477518e-06,-2.0802068631270856e-07,-4.288635555601622e-06,-0.00018972027085253674
253,0.5708072976430425,0.4994629493451254,0.09999991512238686,-5.214444919713628e-07,-0.0005091748458633512,-0.0029243067082343013,-0.00011665086640277877,-2.5365307010360993e-06,-1.986912033228317e-07,-5.001470569848763e-06,-0.00020061052796995703
254,0.5763618454321746,0.4995902254477623,0.09999991387789398,-5.916751676366887e-07,-0.0005295916507205697,-0.0029433771441482793,-0.0001191766350530088,-2.554798129494884e-06,-1.9061034293804606e-07,-5.86430989816663e-06,-0.00021271428513503047
255,0.581870735596057,0.49970559732622244,0.09999991267806047,-6.683661116662255e-07,-0.0005505302010957096,-0.0029621167434535725,-0.00012178868928458542,-2.5681229089968838e-06,-1.827551089713539e-07,-6.915164479819126e-06,-0.00022608729135934307
256,0.5873328898898659,0.4998060071029563,0.09999991152511643,-7.520205611761461e-07,-0.0005720257731272286,-0.002980529075527626,-0.0001244657760253176,-2.557015250204131e-06,-1.7591421596368864e-07,-8.203846726277249e-06,-0.00024078593842647577
257,0.5927465643904326,0.4998884999172081,0.09999991042121134,-8.42924472600245e-07,-0.0005940230008440557,-0.002998595517104798,-0.00012716672790702432,-2.510495733076823e-06,-1.6997850059671076e-07,-9.796490465381005e-06,-0.0002568668621770213
258,0.5981106386705642,0.49995013635418073,0.0999999093685426,-9.414723899169747e-07,-0.0006165078803658252,-0.003016317211633044,-0.0001299479481531307,-2.499137053746381e-06,-1.6496649917614787e-07,-1.1782194880352114e-05,-0.00027438715886156156
259,0.6034237002064538,0.4999881454956018,0.09999990836921122,-1.0480776783397857e-06,-0.0006394657288585699,-0.003033681061020901,-0.00013276553363539279,-2.4375508473895025e-06,-1.6087253219012428e-07,-1.4283005736511748e-05,-0.00029340440726035715
260,0.6086847727547672,0.4999999187420989,0.09999990742506792,-1.1632067128941129e-06,-0.0006628963588102966,-0.003050672000336292,-0.0001356126886093989,-2.3754564608680084e-06,-1.5770090797263215e-07,-1.7469262357704458e-05,-0.00031397662212614914
261,0.6138927717873451,0.49998308812487086,0.0999999065378113,-1.287266766392159e-06,-0.0006867733922615982,-0.0030672794270296838,-0.00013847864465788007,-2.3006041374173947e-06,-1.554939345227026e-07,-2.158388541506206e-05,-0.00033616195638931114
262,0.6190466045597091,0.49993555416346735,0.099999905709072,-1.4206920236856765e-06,-0.0007110702684758478,-0.0030834929890863434,-0.00014135139645077288,-2.2159401851240546e-06,-1.5421546285118017e-07,-2.6982008430526053e-05,-0.00036001859891827173
263,0.6241451635618647,0.49985552660512533,0.09999990494027494,-1.5639536660960063e-06,-0.0007357557973079449,-0.003099298579112552,-0.00014421915693674237,-2.1219584596110508e-06,-1.5381493023752616e-07,-3.419803056717429e-05,-0.00038560461697679745
264,0.6291874564162819,0.4997415535897903,0.09999990423266844,-1.7174970268092668e-06,-0.0007607942854902862,-0.0031146860735308526,-0.00014706469664815813,-2.019586190726841e-06,-1.5446408284076745e-07,-4.4063932752889766e-05,-0.0004129777079145778
265,0.6341724283664069,0.4995925454754834,0.09999990358735628,-1.8817629615582198e-06,-0.0007861356885196694,-0.003129636963894711,-0.00014988036127761006,-1.9139608866680646e-06,-1.5620240580673766e-07,-5.792868345949337e-05,-0.00044219506261816173
266,0.639099307170917,0.49940780468840074,0.0999999030053359,-2.0571784688445187e-06,-0.0008117394842604328,-0.0031441403312335524,-0.00015266142145264894,-1.807367880246602e-06,-1.5910895296766792e-07,-7.809023169495817e-05,-0.00047331335681224343
267,0.6439672424613346,0.4991870311731184,0.0999999024874767,-2.244221280710792e-06,-0.0008375652438735976,-0.003158183283762402,-0.00015539265586994588,-1.6945597280937363e-06,-1.632379722506098e-07,-0.00010871063714872249,-0.0005063886811544644
268,0.6487754811489337,0.49893035087978216,0.09999990203437739,-2.443391698441475e-06,-0.0008635732406432919,-0.0031717512710224983,-0.00015806173905730247,-1.582059326210583e-06,-1.686766362064836e-07,-0.00015794187549554703,-0.0005414763631767572
269,0.6535232998585148,0.49863827564958385,0.09999990164642157,-2.6551508169267213e-06,-0.0008897130187959215,-0.003184832771458357,-0.0001606576843187213,-1.4685761016153265e-06,-1.7554002268272602e-07,-0.00024349292386236583,-0.0005786307195986682
270,0.6582099701261608,0.49831172362082693,0.09999990132380453,-2.879978605496821e-06,-0.000915931484798159,-0.0031974100199177805,-0.00016317141125909984,-1.3572951047535753e-06,-1.8396167640981892e-07,-0.0004097958129476721,-0.0006179049019381762
271,0.6628349412827746,0.49795198593522444,0.09999990106656682,-3.1183183618483817e-06,-0.0009421739824359491,-0.0032094711624837406,-0.0001655951637076214,-1.2492013183873496e-06,-1.9409315468682812e-07,-0.0007952181794051284,-0.000659350770329527
272,0.6673976264387661,0.49756071468007135,0.09999990087461065,-3.3706414256827096e-06,-0.0009683867066916536,-0.002769763342013023,-0.00016792048700153828,-1.1431618531787535e-06,-1.6241317776458492e-07,-0.0014972353702560602,-0.000700650384612913
273,0.6797264022573761,0.4959854217202636,0.09999991644870414,-2.3732647318241824e-06,-0.000932574509603284,-0.002663372069813903,-0.0004476590547710657,-0.005095265805721283,-9.281634692895618e-07,-0.003555584263862977,-0.0007444609260716707
274,0.6888237059530454,0.4989258404820045,0.09999995667765636,-3.0795907560765227e-06,-0.0009733271688759534,-0.002700733157093423,-0.0007065978134050965,-0.003289455082267523,-9.144728034701837e-07,-0.007459814700347459,-0.0007881672679518293
275,0.693216487792868,0.4995180548332456,0.09999998893954012,-5.581815954549191e-06,-0.0009440865277726126,-0.0027063963703205765,-0.0005793005111627281,-0.0038407249376177788,-1.8153626130762436e-06,-0.019177683582119687,-0.000830904473242023
276,0.6950096534958623,0.49363387295218025,0.09999999999953799,-9.167462562426524e-06,-0.0007962539635899467,-0.0026639427266236903,-0.0005326468963176012,-0.003693242557346821,-5.216925060590293e-07,-0.07646067767894042,-0.0008694063025783075
277,0.6957878337617899,0.4822927353144394,0.0999999898961841,-1.2967302999250801e-05,-0.0005773092268977515,-0.0026102288172653552,-0.0005405951524153352,-0.0011341539211571217,-9.071239223801132e-07,-0.35474228241350736,-0.0009013357001163882
278,0.6962517051351396,0.47021814466923056,0.09999996329796138,-1.6670503546211304e-05,-0.0003741032251832293,-0.0025454142572546574,-0.000526285613887012,-0.00028259886312298477,-7.225011824550628e-06,-0.6103279687199659,-0.0009254239219675364
279,0.6966164267996403,0.4581894337842276,0.09999992568906878,-2.031566114567358e-05,-0.00021681164575180822,-0.002472195811117482,-0.0004956788034178317,-0.00010261278657708317,-1.9687705885926713e-05,-0.709609905458451,-0.000941296073301636
280,0.6969873108292489,0.44687570095950113,0.09999988241450927,-2.3803516228930682e-05,-0.0001127507011145708,-0.0025193270711487818,-0.00045886525185778737,-7.582088437629864e-05,-8.397833565044338e-05,-0.7430610349902834,-0.0009489736407151335
281,0.6967456454980684,0.4364349385966049,0.0999998423235792,-2.6913714762944352e-05,-6.254026882297147e-05,-0.0026201490359872904,-0.00041060132207348943,-0.0004644956788979471,-0.00017607205300416046,-0.7456677387149366,-0.0009482579752763521
282,0.6964762278126994,0.42565456809933716,0.09999981911739035,-2.8516795121720916e-05,-5.766897995874444e-05,-0.0027671003569142805,-0.00037062319461256266,-0.0004349763912614435,-0.00032101702380579527,-0.7228653568832524,-0.0009389956615687142
283,0.6964969338513576,0.41435066094681466,0.09999981586865207,-2.841878401810437e-05,-9.841010977363559e-05,-0.00298106885007625,-0.0002988679916597903,-0.0006769276806153357,-0.0005208658666707748,-0.679085240942842,-0.0009220707716133402
284,0.6970134347757599,0.40171534616122584,0.0999998317890474,-2.6987990971927358e-05,-0.0001668287626649824,-0.0032775047002385044,-0.00022711681958753616,-0.0009944195626303554,-0.0007924806861772156,-0.6120860397474965,-0.0008997552198317601
285,0.6983687286917132,0.38755474948080854,0.09999986320967237,-2.4694929686667644e-05,-0.0002218086000391878,-0.002800294408447467,-0.00016855010471772403,-0.0012727259891107678,-0.0002436083675651445,-0.5196281603115871,-0.0008752407879831255
286,0.7025617092897791,0.3719815689937204,0.09999989432643651,-2.3437449325030548e-05,-0.00022681572809015374,-0.0020609483591195687,-0.0001744869805406779,-0.0014457968063652515,-0.0004105419820266045,-0.47622945138355305,-0.0008520620875532448
287,0.7087287892561075,0.3632111568377569,0.09999990193114752,-2.2865194880846265e-05,-0.00017320583312842024,-0.0017741732856371268,-0.0001863291981862858,-0.0004063244559802115,-0.00032994121443038625,-0.445056361923308,-0.0008322462005025082
288,0.7137538597032718,0.3531667586699258,0.09999989258014447,-2.2470651811492682e-05,-0.0001213865117240416,-0.0018303684929870708,-0.00017276123980991542,-0.0008383998065255582,-0.0005628302971212758,-0.41205257272872386,-0.0008145302449360088
289,0.7154702909563975,0.35399453683511234,0.09999988302572406,-2.4237312533189594e-05,-0.00011675867554204411,-0.0019426292278988462,-0.0001542886602692306,-0.0019425007048994303,-0.0007574056571551066,-0.37380511324461185,-0.0007958321918629145
290,0.7165509397469828,0.3545016174730055,0.09999988965746621,-2.4100492928157205e-05,-0.00015715643920099094,-0.0016449204081730472,-0.0001818166783777997,-0.0004452570283319801,-0.00039388914464136325,-0.3431943089163241,-0.00077486354526114
291,0.7195506272051048,0.36202061818935183,0.09999989980902597,-2.343161872080609e-05,-0.00020849504067496443,-0.0013794228221259033,-0.00017420605581719428,-0.0007493756711483002,-0.0001741139926447695,-0.30624775763073875,-0.000751993732089549
292,0.7230038563767248,0.3733049259346465,0.09999990115020901,-2.3989673172945657e-05,-0.00023028593819602791,-0.0012611649406423502,-0.0001468007976654917,-0.0004210368497297168,-7.883309245628991e-05,-0.2882695746181076,-0.0007296525242770027
293,0.7257168216017684,0.3829132598866842,0.09999989845883361,-2.51457420780128e-05,-0.00023849171109536547,-0.0012080063153147094,-0.00014158053090795875,-0.00013204505376052111,-4.268670930775217e-06,-0.26732777419964004,-0.0007071412487871495
294,0.7278684183746549,0.39135422374077344,0.0999999022559084,-2.582546535307192e-05,-0.00025978788624585924,-0.0011420282242546682,-0.000141487704240717,-0.00013837202277500182,-3.056325399889236e-06,-0.24818071923802815,-0.0006841015034057882
295,0.7301493620628744,0.40009903992940427,0.09999991197191632,-2.57606869395266e-05,-0.00029770003953922137,-0.0009927823947819868,-0.00013878649042453617,-2.5897323212120682e-05,-1.4177699386497234e-06,-0.23371739695060914,-0.0006606320891059526
296,0.7333954094570082,0.4110233770884485,0.09999992066620401,-2.5585886868489735e-05,-0.00034072450214189364,-0.0009088110583538071,-0.00014077661035116762,-0.00016101988148875535,-2.9847159367665824e-06,-0.2198080481528634,-0.0006369203620664267
297,0.7366096047582663,0.41955681105694725,0.09999992679769755,-2.5452441743105534e-05,-0.0003663472473107936,-0.0008533325387829493,-0.00013177935034036636,-9.740730456542224e-05,-7.537215280058959e-06,-0.20584963095021133,-0.0006132963887404143
298,0.7397305218484318,0.42585016435316086,0.09999993251178436,-2.526899896922163e-05,-0.0003863309098551336,-0.0008105162901368874,-0.0001328348007518798,-1.1236057616770267e-05,-1.0035338243940113e-05,-0.1915210444923122,-0.0005897234727205484
299,0.7428385481073002,0.4308453360436991,0.09999993857170515,-2.487977505505862e-05,-0.00040801504928046373,-0.0007750771527070241,-0.00013118472998030484,-6.356907761073671e-06,-1.0976493173386123e-05,-0.1768788493245482,-0.0005661105688977883
300,0.745966998854357,0.43468566811888465,0.09999994506532674,-2.428975868477002e-05,-0.0004318490748375151,-0.000745215634414467,-0.00012940862507093698,-2.6416132641315926e-06,-1.1135476361640822e-05,-0.1621898642432469,-0.0005424623674033833
301,0.7491551502676349,0.43756543114927554,0.09999995182701621,-2.354671744013925e-05,-0.00045503604168875593,-0.0007199811274383394,-0.00012737938959617168,-3.501308583508944e-06,-1.0972794601136292e-05,-0.1478029038844703,-0.0005188744857425615
302,0.7524116294115898,0.4396191272331293,0.0999999586135221,-2.268850583729968e-05,-0.0004763030914809839,-0.0006987739705118114,-0.00012555727153085172,-4.0842814996722154e-06,-1.0705746615889983e-05,-0.1340577374587534,-0.0004954718433011747
303,0.7557336698336107,0.44097459606396305,0.09999996518800654,-2.1745733556031107e-05,-0.0004952400838958299,-0.0006813351428870607,-0.00012384942965582013,-3.708808435476385e-06,-1.0429159997239102e-05,-0.12120077699081865,-0.00047238045594336846
304,0.7591181791404192,0.4417542464839134,0.09999997135149985,-2.07430393433275e-05,-0.0005117324359749411,-0.0006671153544782642,-0.0001222962309839204,-3.0357732612174004e-06,-1.0178357533616186e-05,-0.10942502467663139,-0.0004497162173763076
305,0.7625553608122103,0.44204672860282496,0.099999976960058,-1.970259001994042e-05,-0.0005259219491669113,-0.0006558999359298727,-0.00012088856601621956,-2.3837637854740024e-06,-9.952657938283345e-06,-0.0988064833544489,-0.0004275794709736856
306,0.7660382179993305,0.44195390339211976,0.09999998192458075,-1.8642445370369787e-05,-0.0005379799249880573,-0.0006472954306842225,-0.00011948231986025348,-1.8719108538789442e-06,-9.754082145406622e-06,-0.08936657636086805,-0.0004060562927697258
307,0.7695583188366346,0.44155004792846475,0.09999998620490338,-1.757805676296771e-05,-0.0005481216088938478,-0.0006412465356780962,-0.0001181266998173669,-1.454472453588096e-06,-9.570094683205727e-06,-0.0810658148576055,-0.0003852190677596533
308,0.7731106152609059,0.4409214130976116,0.09999998980035987,-1.6521430178310664e-05,-0.0005565294765807636,-0.0006374600044585379,-0.00011673882545437664,-1.1554230923138675e-06,-9.400124523472237e-06,-0.0738446738149928,-0.0003651290898048677
309,0.7766887727917384,0.4401264455742931,0.0999999927389537,-1.5482605113651798e-05,-0.0005634075209294593,-0.0006358323552683334,-0.00011540253763087094,-9.050930316334416e-07,-9.221047843192534e-06,-0.06760483588849588,-0.0003458366749408962
310,0.7802881902297663,0.4392412788958626,0.099999995069118,-1.4469082629208693e-05,-0.0005689111764102752,-0.0006362705168436128,-0.00011401162191759795,-7.688774985581404e-07,-9.031682508743402e-06,-0.062245569430367687,-0.00032738412416410804
311,0.7839051874029359,0.43832251212977436,0.09999999685375743,-1.3487226626991253e-05,-0.0005731361134236882,-0.0006386573997539853,-0.00011260696192039177,-6.568616299773566e-07,-8.8264715617626e-06,-0.05767932325942137,-0.00030980791729318173
312,0.787536644561868,0.4374238111077533,0.09999999816167139,-1.2541251779327819e-05,-0.0005761764881460408,-0.0006429371469068298,-0.00011118175461888313,-5.864264380761597e-07,-8.597682800566652e-06,-0.05380946834962687,-0.00029313807547494853
313,0.7911800249631736,0.43659658902883103,0.09999999906385007,-1.1634315415099181e-05,-0.0005780895367634017,-0.0006490756792672077,-0.00010972728341585025,-5.46747173757467e-07,-8.341461949977469e-06,-0.05055890707645532,-0.00027740039654011354
314,0.7948335003780183,0.4358869822205763,0.09999999962904915,-1.0768200758875235e-05,-0.0005789304670646033,-0.0006570687343475485,-0.00010824812488863245,-5.273948318063049e-07,-8.053554886204743e-06,-0.04785641820927579,-0.00026261617971521284
315,0.7984953010653683,0.43533557719529076,0.09999999992156171,-9.944127272213667e-06,-0.0005787207269527848,-0.0006668419103224365,-0.00010674210352590308,-5.258515898276528e-07,-7.73166396133802e-06,-0.04564295701136719,-0.00024880321181561303
316,0.8021636930154351,0.4349747835690712,0.09999999999958328,-9.162522154756054e-06,-0.0005774744936830834,-0.0006784805372671094,-0.00010521087097004056,-5.41794292985287e-07,-7.375202524524743e-06,-0.0438707697096699,-0.00023597621739389265
317,0.8058384777579837,0.4348398018301062,0.09999999991376876,-8.422931624708628e-06,-0.0005751834403048905,-0.0006920137780323831,-0.00010363423643866554,-5.715983206755482e-07,-6.984659154127978e-06,-0.04250185772864041,-0.00022414677689697703
318,0.8095190198002409,0.43495336908938254,0.09999999970708895,-7.724561765766901e-06,-0.000571849635273726,-0.0007075046470050119,-0.00010204957652604207,-6.040035032128799e-07,-6.562135744447269e-06,-0.04150765705822893,-0.00021332353835746718
319,0.8132051530219438,0.4353346022305542,0.09999999941509938,-7.066434862983608e-06,-0.0005674509437678894,-0.0007243630321412082,-0.00010044800728792325,-6.47905665118742e-07,-6.145716290382547e-06,-0.04086366420973381,-0.00020352204494034616
320,0.816922479327265,0.43543736090278046,0.09999999906731843,-6.443665435642126e-06,-0.0005618126582246876,-0.0007439057949503156,-9.92694913293235e-05,-5.119351840221498e-07,-5.661368459530397e-06,-0.0405623224451578,-0.0001947444729865134
321,0.8206109308465903,0.43645477470845745,0.09999999868532414,-5.864554079979674e-06,-0.0005552341749982033,-0.0007653968863166779,-9.716933709569275e-05,-1.1030518862753524e-06,-5.161541045328809e-06,-0.04060911920528183,-0.0001869808629665276
322,0.8243054455375706,0.43775491272710837,0.0999999982823848,-5.32015900221568e-06,-0.0005475400963528206,-0.0007888803605158501,-9.532223339192569e-05,-1.1373983852536185e-06,-4.648637682044957e-06,-0.041013856766287216,-0.00018023036179941386
323,0.828006563167839,0.43934747276947894,0.0999999978669414,-4.80931539508979e-06,-0.0005386250464295137,-0.0008145116524414883,-9.360165131511167e-05,-8.359261869372858e-07,-4.128043417878582e-06,-0.0417978680686071,-0.00017448814116187173
324,0.8317101213837441,0.44122466668019683,0.09999999744229011,-4.33165016874476e-06,-0.0005284702756970512,-0.0008420578141870662,-9.176478488370776e-05,-1.1391865655241418e-06,-3.6296211502187105e-06,-0.042993668767717784,-0.0001697554126371578
325,0.8354329560565787,0.44281370636299616,0.0999999970079379,-3.885333097751316e-06,-0.0005166540674374481,-0.0008722855568187965,-9.033511014422402e-05,-1.1240682624702458e-06,-3.1312134083838924e-06,-0.04465252151908183,-0.00016601901625575946
326,0.8391391895901525,0.44528911757595024,0.09999999655885705,-3.4679987795993156e-06,-0.0005040354775432126,-0.0009047769975761046,-8.795269241090864e-05,-1.902534222608665e-06,-2.6598031571918973e-06,-0.046846682764112996,-0.00016325304232321663
327,0.8428541000148224,0.4479724274546309,0.0999999960854727,-3.07699567698688e-06,-0.000490035893863887,-0.0009394283279659266,-8.576278196414933e-05,-1.919346914291964e-06,-3.325775417001964e-06,-0.0496649083917714,-0.00016144954711674728
328,0.8465704816131423,0.45031670365948784,0.09999999557480914,-2.733200956877666e-06,-0.0004739849599564783,-0.0009773048241738318,-8.642802276881412e-05,-5.5874334066174924e-06,-2.2890585721974136e-06,-0.053235631634832616,-0.00016055766711381268
329,0.8502318446941647,0.45341088803017987,0.09999999501643708,-2.3653060243485035e-06,-0.0004636732516426563,-0.0010171883970190795,-8.241720934165642e-05,-7.822759471309837e-06,-1.7675948017500247e-06,-0.05774635442213569,-0.00016052118802546591
330,0.8539332603603657,0.4566533521124172,0.09999999439879985,-2.0290403405104985e-06,-0.00045030619202747257,-0.0010603395098761313,-8.027307194424793e-05,-9.40810059546493e-06,-1.4317284703402492e-06,-0.06341203631469045,-0.00016134610145326247
331,0.8576507791732434,0.46002937645613384,0.09999999369755204,-1.7291263349944011e-06,-0.0004321338912574361,-0.0011059124856340483,-7.673473010072485e-05,-9.771552868187428e-06,-1.2318870565292692e-06,-0.07053096085309589,-0.00016301379716249296
332,0.8614103345944353,0.46347717632483126,0.09999999287917227,-1.4622404969156431e-06,-0.0004095504295979531,-0.0011543507037276113,-7.43476120987907e-05,-3.6989140426157974e-06,-1.1613797142695527e-06,-0.07949328349920241,-0.00016549558296102002
333,0.865178777393843,0.46698204531609677,0.09999999190706389,-1.2173721511319716e-06,-0.0003855962399509868,-0.0012057553992200565,-7.191283657448366e-05,-4.049437393405242e-06,-1.2227600121644059e-06,-0.0908115493898141,-0.00016874109450418055
334,0.8689566675776155,0.47050768632275525,0.09999999074181355,-9.936219528595448e-07,-0.00036043788558666646,-0.001260261576364742,-6.943847984075546e-05,-4.7378730414493475e-06,-1.4255174046530272e-06,-0.1051375189335767,-0.00017269373151594444
335,0.8727448192819912,0.4740167006363078,0.09999998933696723,-7.909952482376585e-07,-0.0003341409678677265,-0.0013355307846903304,-6.694202602375299e-05,-5.685460109816631e-06,-3.0208025944499454e-06,-0.12159970821937989,-0.000177100990044133
336,0.8763013350974104,0.4772760990468862,0.09999998713196828,-6.000189337128598e-07,-0.00030396231276443573,-0.0013890654761349382,-6.136517913546413e-05,-1.8013914086623117e-05,-2.746415331464739e-06,-0.14493367031249318,-0.00018235805435267978
337,0.8803146083511814,0.4801513817804786,0.09999998426032845,-4.0028983841111193e-07,-0.00027982860688115105,-0.0014516719056919252,-6.283167749643326e-05,-2.610299452499021e-05,-3.2504262175007506e-06,-0.1728549298566997,-0.0001880187935465244
338,0.8842595627419592,0.48327513889643764,0.0999999816021668,-2.619406265963252e-07,-0.00025057565080811503,-0.001520104218031793,-6.189383566379547e-05,-2.6019042707048357e-05,-4.057514898725677e-06,-0.20713326140967522,-0.00019413568553483765
339,0.8881762147364767,0.48638657831455023,0.0999999787733653,-1.65904979246596e-07,-0.00021734959187957048,-0.0015941741408648847,-5.932267231401056e-05,-5.915597739658551e-06,-4.99761541681738e-06,-0.24775960876289302,-0.00020060623701319313
340,0.8921360093492609,0.4894285030068678,0.09999997565775454,-9.183368164265508e-08,-0.00018648573606538926,-0.0016728601640434151,-5.689733006875031e-05,-5.325949132384267e-06,-5.9699026355464325e-06,-0.2937789375816303,-0.00020732984531803917
341,0.8961303620305333,0.4922508927260144,0.09999997252685819,-4.0727758696865846e-08,-0.00015855118320881974,-0.0017545409783784203,-5.6259959819726646e-05,-6.430757821362931e-06,-7.047371271730338e-06,-0.34332642902486643,-0.0002142124849607436
342,0.9001234832239153,0.4947296925633718,0.0999999696050495,-1.2253094366719681e-08,-0.00013286352402984238,-0.0018380939557780464,-5.5922191677382216e-05,-6.04535262027639e-06,-8.228010508660438e-06,-0.3940132675284628,-0.00022116374597920478
343,0.9040878741413665,0.4967802797110448,0.09999996701387652,-1.0141465817416417e-09,-0.00010989814352322699,-0.001922703361112919,-5.526472159544937e-05,-4.817306034965441e-06,-9.499640768702948e-06,-0.44353066168503874,-0.0002280993329081826
344,0.9080048442525667,0.49834709499725605,0.09999996480453963,-1.2262143348498851e-09,-9.02280933426655e-05,-0.002007831090544629,-5.436409992398694e-05,-4.124193310417468e-06,-1.0847330229190296e-05,-0.4901277818676477,-0.0002349442896654558
345,0.9118633709760605,0.49940011026088926,0.09999996298313846,-8.24031508917136e-09,-7.407720649768458e-05,-0.0020931490437404335,-5.3403440688271075e-05,-3.7652212085959036e-06,-1.2255611370983307e-05,-0.5327798594490043,-0.00024163437705230852
346,0.9156572217055056,0.4999296555619549,0.09999996152798342,-1.8592126537804534e-08,-6.14004512526556e-05,-0.002178457961400286,-5.2487717766780406e-05,-3.5096447845717194e-06,-1.3709102972328357e-05,-0.5710978807276886,-0.0002481162485961107
347,0.9193829238376656,0.49994310156060506,0.09999996040178649,-2.980600777309001e-08,-5.202045398346263e-05,-0.0022633837343735016,-5.166637129150331e-05,-3.2832633678481216e-06,-1.5214513664255916e-05,-0.6051307286964659,-0.0002543469788365053
348,0.9230317624921838,0.49946369767204724,0.09999995953880537,-4.015776972565942e-08,-4.571003707334685e-05,-0.0023484238323450675,-5.0912247388623655e-05,-3.0910716759535717e-06,-1.6730714585260163e-05,-0.6351811186452819,-0.0002602939987200952
349,0.9266148738949382,0.4985224490146333,0.09999995887681185,-4.89512356118336e-08,-4.223909902908844e-05,-0.00243337856737555,-5.027485531172715e-05,-2.940412286989158e-06,-1.8233771775759535e-05,-0.6616547081847166,-0.0002659332218069668
350,0.930129399110031,0.4971580702741684,0.09999995840715528,-5.5448260633244556e-08,-4.13717732191859e-05,-0.0025180897597496467,-4.9894664698513225e-05,-2.7189203137822915e-06,-1.9726695259345766e-05,-0.6849863974384526,-0.0002712495544606797
351,0.9335720085413145,0.4954142972078722,0.09999995810603206,-5.915593306841409e-08,-4.291803140872569e-05,-0.0026024269841900633,-4.9602553190197796e-05,-2.5599786113161827e-06,-2.1198595063839833e-05,-0.7055896988741233,-0.0002762356848212944
352,0.936939761988332,0.4933385913060457,0.09999995794318227,-6.000633656669024e-08,-4.667340100420571e-05,-0.00268628460186707,-4.935418110108003e-05,-2.3759284886182286e-06,-2.2638385846604527e-05,-0.7238382493001896,-0.00028089141866994996
353,0.9402303638361653,0.49097997556231565,0.09999995788764883,-5.820867385766482e-08,-5.242892521018876e-05,-0.0027695858445617445,-4.916190664516762e-05,-2.2097335659054806e-06,-2.4036268109148538e-05,-0.7400594300419195,-0.00028522312003964975
354,0.9434419468273365,0.4883873666227815,0.09999995791063476,-5.412845552928052e-08,-5.998368218865238e-05,-0.0028522663582286017,-4.90338534291368e-05,-2.059731741610449e-06,-2.5380071936517426e-05,-0.7545351414250961,-0.00028924304859275553
355,0.9465728967530262,0.4856083997224277,0.09999995798665114,-4.821496554214409e-08,-6.915372199261722e-05,-0.0029342840660264474,-4.896989412372932e-05,-1.920010163303232e-06,-2.6650751441183933e-05,-0.7675059362177397,-0.00029296886666817045
356,0.9496214274075004,0.48268974778336965,0.099999958094104,-4.100773898379447e-08,-7.976425272712036e-05,-0.00301559638453124,-4.8960289859678596e-05,-1.787061933100631e-06,-2.7835399783939403e-05,-0.7791760089113229,-0.0002964229719255034
357,0.9525857862043106,0.4796750393052405,0.0999999582153961,-3.30529175637589e-08,-9.16549000167385e-05,-0.00309615652616351,-4.90061029267963e-05,-1.6689042467987747e-06,-2.8933777663529545e-05,-0.7897183641584323,-0.0002996319262815166
358,0.9554643703650053,0.476603580877376,0.09999995833610087,-2.4897743390311965e-08,-0.00010467882949714276,-0.003176575840153486,-4.909872222924605e-05,-1.5554932133454713e-06,-2.989546710138089e-05,-0.7992806861996199,-0.00030262579790185136
359,0.9582653006816073,0.4734889392506387,0.09999995848346897,-1.713926436514456e-08,-0.00011865292059420592,-0.003255463814754273,-4.928813359583728e-05,-1.4327187045637402e-06,-3.077231234290609e-05,-0.8079841046956917,-0.00030543747671989363
360,0.9609702359756752,0.4703933881341876,0.09999995868318087,-9.985376664383901e-09,-0.0001334953302617305,-0.003333790027104693,-4.949593494529836e-05,-1.254963422070432e-06,-3.153089385253175e-05,-0.8159372242178361,-0.0003081034106675108
361,0.9635909310952466,0.4673124239520044,0.09999995892013093,-4.352059290826984e-09,-0.00014897026966636785,-0.003409917805715838,-4.958210774930194e-05,-1.2065911505487747e-06,-3.220847566717054e-05,-0.8232253172591717,-0.0003106610369770826
362,0.9661079842429394,0.46431915891147635,0.09999995920069017,-7.92979359952262e-10,-0.00016490096779061175,-0.0034842585236918595,-4.968977009411901e-05,-1.0183858876189333e-06,-3.2839214224963454e-05,-0.8299274963134495,-0.000313149992908529
363,0.9685249255602838,0.46142987384996886,0.0999999594347061,-1.473256228330568e-10,-0.00018116819372832345,-0.0035571321917471075,-4.964486652170308e-05,-1.0399249958936707e-06,-3.336188806591997e-05,-0.8361087672874117,-0.0003156104423233891
364,0.9708454078537349,0.45866367758693527,0.09999995958360902,-2.900172552300742e-09,-0.00019761439026238822,-0.003628774260786841,-4.972110400558449e-05,-9.471598900745448e-07,-3.378937422586116e-05,-0.8418269205993809,-0.00031808330112640813
365,0.9730710516060472,0.4560318693541032,0.09999995963663119,-9.33405011100244e-09,-0.00021426860029539392,-0.003699300389625719,-4.993281254428439e-05,-8.902291028789477e-07,-3.41252717294302e-05,-0.8471319339402463,-0.0003206110564398943
366,0.9752022608637637,0.4535426537936106,0.09999995959631595,-1.9704874219652805e-08,-0.00023119564321990232,-0.0037686646161871305,-5.0238137191627175e-05,-8.495044880874048e-07,-3.4372528551680934e-05,-0.8520672036189716,-0.00032323769238337273
367,0.9772376958822919,0.4512044679288173,0.0999999594708765,-3.429470224121229e-08,-0.00024841539942150806,-0.0038368364934955592,-5.057365706306882e-05,-7.999333320185542e-07,-3.456282419574639e-05,-0.856670371238735,-0.00032600846209506764
368,0.9791757668498814,0.4490259247687131,0.09999995924271841,-5.3375873467760694e-08,-0.00026592706593137646,-0.003904247259248662,-5.090184640721418e-05,-7.599701916660706e-07,-3.464035358998815e-05,-0.8609744845017406,-0.000328969215558016
369,0.9810198643944923,0.44699195140718245,0.09999995893278256,-7.701023949508895e-08,-0.00028364459551189066,-0.003970683087323593,-5.1247352530481294e-05,-7.140448019526957e-07,-3.463553495629368e-05,-0.865008803374341,-0.0003321663331074551
370,0.9827678263668705,0.4451064666886795,0.09999995856920964,-1.0564930792724646e-07,-0.00030154444814145173,-0.004036106293681445,-5.163262176210992e-05,-6.419614351216296e-07,-3.455486818164e-05,-0.8687986681903812,-0.0003356467893066082
371,0.9844189720896269,0.4433648266213474,0.09999995816812386,-1.397656069902347e-07,-0.0003195849237514057,-0.004100318420323759,-5.19668756169267e-05,-5.831088287777675e-07,-3.437652721178339e-05,-0.872366428863741,-0.00033945739947938505
372,0.9859723347351952,0.44176531075039427,0.09999995776159964,-1.7984249352611712e-07,-0.0003376437074178446,-0.00416299239627705,-5.224428605288267e-05,-5.179703634894395e-07,-3.4076123036309274e-05,-0.8757323003271106,-0.00034364848161058453
373,0.9874309164632875,0.4407635656303571,0.09999995731091778,-2.263771879835652e-07,-0.00035562160608322633,-0.004224178501351375,-5.246804721537046e-05,-4.6498701067321235e-07,-3.377314573747429e-05,-0.8789134814951185,-0.00034826638153248466
374,0.9887901205822854,0.43996241421309196,0.09999995676901753,-2.787747632761149e-07,-0.0003734438486030906,-0.004284154962319786,-5.263561979518272e-05,-4.874954697697831e-07,-3.344129549172084e-05,-0.8819260704857202,-0.0003533589097444587
375,0.9900506540724697,0.43926687990524854,0.09999995612138847,-3.366902347182595e-07,-0.00039112339137154623,-0.004343364480636705,-5.2930176025256515e-05,-4.940212647852604e-07,-3.30534167910414e-05,-0.8847837396889523,-0.0003589684516721478
376,0.9912155313230686,0.43865910227211724,0.09999995539602308,-4.001863752201211e-07,-0.0004087756988326338,-0.004402064933139337,-5.332295040716417e-05,-4.832007789445925e-07,-3.263202727259807e-05,-0.8874991582756151,-0.00036514007808258225
377,0.9922861425065953,0.4381251467688216,0.09999995462455719,-4.700235401082344e-07,-0.00042647424218759115,-0.004460596850683421,-5.374115062295459e-05,-4.3367245439185353e-07,-3.206619445013878e-05,-0.8900840242822667,-0.00037191854223855776
378,0.9932656945794033,0.4376297539004831,0.09999995393576894,-5.472229829551061e-07,-0.00044409642791465184,-0.00451701534475899,-5.411078018369153e-05,-3.5873907222594426e-07,-3.154315470259224e-05,-0.8925481266334526,-0.00037934889321583046
379,0.9941456743463116,0.4372273894498829,0.09999995334279449,-6.350437540812487e-07,-0.0004616260439614089,-0.004571806916496659,-5.4299234761856496e-05,-2.644672179030749e-07,-3.098882513993388e-05,-0.8948996778720404,-0.0003874736991461558
380,0.9949300594541278,0.4368978196143351,0.0999999528094144,-7.328929333713641e-07,-0.0004787249299745144,-0.004624683683748605,-5.423185575637035e-05,-2.8208955882291775e-07,-3.0359630623957783e-05,-0.8971465602457922,-0.00039632991585921974
381,0.9956203163108643,0.43664881052155247,0.09999995236115501,-8.406368008146727e-07,-0.0004950811947819035,-0.004673964095633269,-5.416345447883941e-05,-2.3411800498251978e-07,-2.9844295022233552e-05,-0.8992952738154734,-0.0004059529987903044
382,0.9962117012898861,0.4365495865598073,0.09999995186647835,-9.594588796594294e-07,-0.0005109816539618388,-0.004726006380899417,-5.40971195732709e-05,-2.732474229105719e-07,-2.9275397662397867e-05,-0.9013535940916313,-0.000416375907014564
383,0.9967141033398472,0.43633883472892887,0.09999995124830754,-1.0904804368708055e-06,-0.0005272119576655617,-0.004774449461990609,-5.3998646762920544e-05,-3.6105521417084674e-07,-2.909610458165389e-05,-0.9033269369881283,-0.00042762902315963893
384,0.9971344250203361,0.4363789854543207,0.09999995056049661,-1.2102108272770213e-06,-0.0005412563570892852,-0.004821854190712318,-5.5073658586479723e-05,-3.426597231737105e-06,-2.7614973738240813e-05,-0.9052213006970491,-0.000439777742378324
385,0.997475431588065,0.4364403394547161,0.09999994996900702,-1.3608744450725726e-06,-0.000559871289231959,-0.004867578948041086,-5.6923901865957305e-05,-1.2817364449801971e-06,-2.680139853032625e-05,-0.9070448253187986,-0.00045291107190642034
386,0.9977255713338578,0.4365714706432001,0.09999994947022071,-1.5270557383859346e-06,-0.0005779882923378956,-0.0049106735271574825,-5.4964253649814054e-05,-1.6321230305038625e-06,-2.606914189243689e-05,-0.9087985752320359,-0.0004670399798766937
387,0.9978922987539728,0.4367745295940877,0.099999949017083,-1.7010604332894297e-06,-0.000593441146985631,-0.0049521026857606235,-5.4624215408694e-05,-9.20428817607899e-07,-2.536816742229191e-05,-0.9104863041313291,-0.00048216797318059626
388,0.9979779577314575,0.4370349609818588,0.09999994858888595,-1.882000617158411e-06,-0.000606504934201728,-0.004991838093603973,-5.449234231491573e-05,-1.5242625295286416e-07,-2.4662485037040885e-05,-0.9121118728824235,-0.000498300751476375
389,0.997985566044627,0.43735519240289544,0.09999994816779471,-2.073510384599989e-06,-0.0006188912358944425,-0.005030150015522616,-5.444229827844538e-05,-1.4447644502979529e-07,-2.3921869421746436e-05,-0.9136790301446123,-0.0005154630307301887
390,0.9979176820225962,0.43772601766297914,0.09999994776390064,-2.2758940285882547e-06,-0.0006308097263863846,-0.0050671362965459925,-5.448932643048465e-05,-1.4050351637706626e-07,-2.3175791935263478e-05,-0.915191211124192,-0.000533682579386313
391,0.9977763224826359,0.4381426688021674,0.09999994737656695,-2.4902239893390804e-06,-0.0006423994954396821,-0.00510278147965145,-5.45026887266431e-05,-1.1648663900132306e-07,-2.234989433007966e-05,-0.9166517093257567,-0.0005529857877835533
392,0.9975637917962319,0.43859038987571175,0.09999994707762572,-2.717264290672494e-06,-0.0006535718691155658,-0.0051356267743101775,-5.447446528705768e-05,-9.289475144669268e-08,-2.160880485751056e-05,-0.9180633980358301,-0.0005733983390433894
393,0.9972810082848184,0.43911855391327537,0.09999994680075654,-2.959729545230136e-06,-0.0006644160188971654,-0.005166625466185861,-5.4364860261557624e-05,-9.336029194173534e-08,-2.0868237145212678e-05,-0.9194284062150356,-0.0005949444509652263
394,0.9969314531968178,0.4397026192832563,0.09999994647826284,-3.2130005638089694e-06,-0.0006747976229705039,-0.005196253507093234,-5.422528920462355e-05,-1.4571958217857173e-07,-2.0126464363657153e-05,-0.9207491913751795,-0.0006176459269145259
395,0.9965176414705553,0.4403357670190319,0.09999994608413422,-3.475356056608266e-06,-0.000684771124149563,-0.005225543026671275,-5.4239630117081106e-05,-1.3738852544520341e-07,-1.9337046321452572e-05,-0.922028480696484,-0.0006415246208554897
396,0.9960417161097397,0.44097693643416574,0.09999994567461748,-3.7462935013686923e-06,-0.000694482716887997,-0.005253882200832349,-5.435054117697291e-05,-1.284487325392547e-07,-1.8536661265773723e-05,-0.9232686665433172,-0.000666606152468732
397,0.9955053618698736,0.44163077297532954,0.09999994532331591,-4.030460946595642e-06,-0.0007040959135447014,-0.005280566359812428,-5.444572525448166e-05,-9.023368363614281e-08,-1.77665025621935e-05,-0.9244716772355297,-0.0006929175827035119
398,0.9949110201418614,0.4423087377554675,0.09999994503471513,-4.3307123859017346e-06,-0.0007135903614667651,-0.005305683350371612,-5.4374879255192354e-05,-7.411707514393129e-08,-1.700851895996793e-05,-0.9256392171425143,-0.0007204817653764656
399,0.9942614948095014,0.4430071063502511,0.09999994479416581,-4.645872175359716e-06,-0.0007226987324472445,-0.005329288299431582,-5.4186217312235385e-05,-8.346151503246801e-08,-1.626105520717258e-05,-0.9267729636473343,-0.000749315053118057
400,0.9935594095815035,0.44372484791084416,0.09999994459421396,-4.9751737739183835e-06,-0.0007312772797410205,-0.0053514483978774315,-5.399459405452944e-05,-8.200158418958381e-08,-1.552492379445626e-05,-0.9278745034113357,-0.0007794308163340273
401,0.9928071253745747,0.4444584503786965,0.0999999444316083,-5.3185914596028425e-06,-0.0007393583679140544,-0.0053722222821752435,-5.3819803724763915e-05,-7.934826129485373e-08,-1.4798802546257995e-05,-0.9289453370327796,-0.00081084200591115
402,0.9920069561452779,0.4452043362313254,0.09999994430874783,-5.676405455615746e-06,-0.0007469897482546532,-0.005391770735674983,-5.3645890147890896e-05,-7.780939625945393e-08,-1.4088694930746816e-05,-0.9299868614983655,-0.0008435613173218043
403,0.9911611456046598,0.4459567123865333,0.09999994422455896,-6.04895912852929e-06,-0.0007541801540655277,-0.005410230496387615,-5.3458807087736204e-05,-7.531558310347464e-08,-1.3360275702719373e-05,-0.9310004987320465,-0.0008775989069892321
404,0.9902717754554171,0.4467041191204396,0.09999994422504939,-6.437022050172888e-06,-0.0007608831605485367,-0.005426706566886121,-5.324550875229761e-05,-6.968338794877127e-08,-1.2681626981038042e-05,-0.9319874671873413,-0.0009129642584443346
405,0.9893424368806839,0.44747191022266586,0.09999994428939922,-6.843612787101651e-06,-0.0007671682378559558,-0.005441553459760041,-5.297906682244502e-05,-7.049204242548512e-08,-1.2022483300041444e-05,-0.9329487091712498,-0.0009496654740458895
406,0.9883753128223763,0.448251582181813,0.09999994438445427,-7.265989421982787e-06,-0.0007729522103390873,-0.005454980327396245,-5.2668237913167104e-05,-8.689713837384261e-08,-1.1379882585410774e-05,-0.9338852952612406,-0.0009877069641846944
407,0.9873725471928507,0.44904129469772414,0.09999994449705292,-7.702612494499342e-06,-0.0007781987202459777,-0.005467120411837416,-5.2399831474758685e-05,-8.625475089729662e-08,-1.0754092341188553e-05,-0.9347982627066269,-0.0010270925567595554
408,0.9863360299635408,0.44983633483820923,0.09999994462457233,-8.153357190642081e-06,-0.0007830228008237433,-0.005478058338454047,-5.2176696044625714e-05,-8.440854770697115e-08,-1.0145945566881469e-05,-0.9356885962334414,-0.00106782802391293
409,0.985267745909947,0.4506328513408518,0.09999994476915985,-8.618549686440743e-06,-0.0007875145785557221,-0.005487839946899021,-5.196293568587862e-05,-8.546359708816453e-08,-9.55615956103745e-06,-0.936557225325254,-0.0011099199086777546
410,0.9841697891993858,0.4514277200266497,0.09999994493477696,-9.098528003528146e-06,-0.000791704523649958,-0.005496490264080351,-5.173981116968207e-05,-8.752449076609992e-08,-8.985263761964521e-06,-0.9374050263462602,-0.0011533741965149616
411,0.9830443026854092,0.452218252742561,0.09999994512576324,-9.593584755997204e-06,-0.000795591587302002,-0.005504030152726926,-5.149961725692265e-05,-8.9692655080853e-08,-8.433691876866985e-06,-0.9382328258169257,-0.001198195559374924
412,0.981893472142318,0.45300222912989485,0.09999994534605869,-1.0104068043037564e-05,-0.000799160672864925,-0.00551047776836057,-5.124025119584985e-05,-9.266095446491818e-08,-7.903130925685136e-06,-0.9390414037154836,-0.0012443869824386438
413,0.9807194315322215,0.45377773704929164,0.09999994559886982,-1.0630086227036643e-05,-0.0008023913985077674,-0.005515837769458424,-5.096597669762559e-05,-9.723181904064404e-08,-7.389466740792628e-06,-0.9398314954689279,-0.0012919501727074343
414,0.9795242703372082,0.45454335728155043,0.09999994588652468,-1.1172369023090825e-05,-0.0008052969262493275,-0.005520131175875727,-5.067604797659442e-05,-9.662852562541957e-08,-6.8960842480162465e-06,-0.9406038081049056,-0.0013408854113735286
415,0.9783101133587209,0.45529758899384487,0.09999994621052212,-1.1730945525123071e-05,-0.0008078447807963055,-0.0055233669201428135,-5.0353632104815915e-05,-1.0370274594606599e-07,-6.42303043425462e-06,-0.9413589978623128,-0.0013911905224233377
416,0.9770789875261993,0.45603950467462956,0.09999994657179291,-1.2305778831359244e-05,-0.0008100031167036876,-0.0055255670941745435,-5.00191563332919e-05,-1.0518222381961095e-07,-5.9697153022024515e-06,-0.9420976893179918,-0.0014428613243101264
417,0.9758328990377868,0.45676810767370707,0.09999994697075783,-1.2897041556668466e-05,-0.0008117636440841629,-0.005526747581740323,-4.967357745044865e-05,-1.0860338051088547e-07,-5.5353691252593955e-06,-0.9428204784151615,-0.0014958921894997904
418,0.9745737484938509,0.457482678473898,0.0999999474073089,-1.3504976245040724e-05,-0.0008131313108398778,-0.005526934679815562,-4.931266084895469e-05,-1.1189929693955492e-07,-5.121953188876578e-06,-0.9435279328834449,-0.0015502758781329735
419,0.9733034180448966,0.4581826051565318,0.09999994788095593,-1.4129368555437984e-05,-0.0008140880437584199,-0.005509163235816921,-4.894081939710304e-05,-1.1730069360282869e-07,-4.949896479942796e-06,-0.9442180065099652,-0.0016060481463162175
420,0.9720674842938211,0.4592415187344793,0.09999994796647163,-1.478279117434663e-05,-0.0008167632187960164,-0.0054694991702771605,-4.8928981414064765e-05,-1.2271511877770536e-06,-5.409816600021068e-06,-0.9448895303074858,-0.0016632954570195571
421,0.9708722720035542,0.46078520157568065,0.09999994587971503,-1.535870498245396e-05,-0.0008234538394218092,-0.005409320073523921,-5.051495463703759e-05,-7.802464097039774e-06,-3.089327151388453e-05,-0.9454905450399217,-0.0017221652402170252
422,0.9697550285574741,0.4631914983499692,0.09999993760037536,-1.5533764965142678e-05,-0.0008418481966270919,-0.00537894631261911,-5.722673813579604e-05,-4.040266867377795e-05,-2.860833862804012e-06,-0.946035821849926,-0.0017831180891703514
423,0.9684797506638202,0.4661259813629877,0.09999992140313028,-1.5100240781166094e-05,-0.0008711665478712018,-0.005384751441204476,-7.299825665540993e-05,-7.475649908883497e-05,-1.3610519570334107e-05,-0.9466212292752815,-0.0018470101101957753
424,0.9669591182458475,0.46888738619768705,0.0999999021535511,-1.4476662748296732e-05,-0.0009159875082483454,-0.005388043579243615,-9.198647603625432e-05,-8.694760617800057e-05,-1.1192433570479084e-05,-0.9471981423320198,-0.0019148629721055157
425,0.9653824542684611,0.4706158335086361,0.09999988095788472,-1.3989652898031442e-05,-0.0009931802760609273,-0.005356417738151817,-0.00010579123045317829,-5.0874794396804646e-05,-4.4172161241465604e-05,-0.9477218374665711,-0.001987720814820906
426,0.9638607080077619,0.47187204034192953,0.09999985044085073,-1.3315886818930541e-05,-0.001100836876815578,-0.005403910898258664,-0.00011816970800282434,-4.349532537162304e-05,-1.679881883002993e-05,-0.9482612700448734,-0.002066394834465164
427,0.9620637569383195,0.473549074034485,0.09999981277671083,-1.2281385908241686e-05,-0.001213208898769254,-0.00540933905822853,-0.00013246937305666506,-6.0540332924574614e-05,-6.618365417240991e-06,-0.9487507260937873,-0.0021513129813551693
428,0.9604050037385932,0.4744677280211243,0.09999976556486322,-1.1225560664623977e-05,-0.0013448591011130434,-0.005443581150621872,-0.00015015053213573992,-7.828620437067002e-05,-9.101044883341772e-06,-0.9492209668343495,-0.0022432114190905203
429,0.9585972433420384,0.47546923632564614,0.09999970350651304,-9.894800023435478e-06,-0.0015042581602015817,-0.00556396964918647,-0.0001675456005614251,-6.847720214864239e-05,-2.587640895051241e-05,-0.94972577816301,-0.0023427891565819038
430,0.9565553887859495,0.47687136025176935,0.09999963592860578,-8.464314384456558e-06,-0.001666588984978914,-0.005669681785624555,-0.00017950758046936244,-2.9851571525796317e-05,-2.6357723531850093e-05,-0.9502289043757962,-0.0024504610660903933
431,0.9545696542495677,0.4774769350540761,0.09999956549597723,-7.222228386911643e-06,-0.0018412304931307057,-0.0056896259369168,-0.00019626293214969337,-6.270825542742386e-05,-6.025085001803174e-05,-0.9506927781163097,-0.0025670065606508185
432,0.9527575957038492,0.47572651629317864,0.09999947786205117,-6.09164058195538e-06,-0.0020524169419728687,-0.005782037331752569,-0.0002095877571264282,-5.099250847706571e-05,-2.0013820213501162e-05,-0.9511279152022256,-0.0026933125612266123
433,0.9509027464300321,0.4737217026429336,0.09999936595180424,-5.077673025762499e-06,-0.0022787337670136724,-0.006011638981091144,-0.00021010241471230984,-8.565902680857107e-05,-3.93174082995154e-05,-0.9515966113371184,-0.0028289881833504305
434,0.9488058157810376,0.47393917136243313,0.09999924521162049,-3.618162142537406e-06,-0.002461131043775925,-0.0061165863410476,-0.00020966798183508217,-4.059389902977273e-05,-7.480645538389017e-05,-0.9520293299925355,-0.0029737326425821197
435,0.947171593114335,0.471799505603409,0.09999910635742942,-2.4548528830786905e-06,-0.0026349417671916358,-0.006294945929224323,-0.00021988734079059213,-0.00010974952601827681,-9.332170440346563e-05,-0.9524402951326257,-0.003127566471798613
436,0.9454998184215784,0.47022255874620783,0.09999893649962854,-1.3443556449078338e-06,-0.002814827234235523,-0.006668245103085851,-0.0002160861185984686,-0.00015698814240749925,-5.5431468335183045e-05,-0.9528751537820599,-0.0032898579310509488
437,0.9435712073831375,0.4708752658109175,0.09999875787113047,-4.5042038794410277e-07,-0.0029336016678569716,-0.006960926263288712,-0.00021029950585216284,-0.000143225712236017,-4.39728020985877e-05,-0.953289595105546,-0.0034595804730251953
438,0.9421685494589027,0.46841145152439495,0.09999857179878358,-4.462058290791373e-08,-0.003003716347434614,-0.007162448034432967,-0.00021428147738333791,-0.00018491563969291747,-9.378227128508317e-05,-0.9537198753734399,-0.00363545753888634
439,0.9414236943207733,0.46382181002991507,0.09999834010059645,-7.205664113306108e-08,-0.003068143760526798,-0.007662328486933831,-0.00020398115157149732,-0.00016624326235614717,-5.8862356548963903e-05,-0.9540704950723772,-0.00381758622276125
440,0.9404119246960972,0.46386980089638313,0.09999805748148052,-8.345718493973933e-07,-0.003063890517477006,-0.008320761972239792,-0.00019483064534142613,-0.0006080239545553923,-8.792422416034042e-05,-0.9544754325818817,-0.004001514382441384
441,0.9396095728438408,0.4653836150410456,0.09999777253391856,-2.6792652022009294e-06,-0.002923622792213378,-0.008518562406267902,-0.00021436232782434672,-0.0005205559427849948,-0.00013477506985729194,-0.9548467569244394,-0.0041843938532492835
442,0.9390043291966276,0.4632449127655267,0.09999743994618243,-5.847592056943131e-06,-0.0026862129204757727,-0.007538531964649672,-0.00021501992887351662,-0.000374147406546399,-5.316465391313431e-05,-0.9552788716657905,-0.0043575427959966955
443,0.9330917213567227,0.47387687429253317,0.0999973509258415,-1.3419776112677817e-05,-0.002360206646622605,-0.007120973642706535,-0.00017329079855699092,-0.0009327517473138869,-2.6400318496804052e-05,-0.9558094457984567,-0.004519093907828045
444,0.927893700047529,0.4785088804244125,0.09999758170901307,-1.7464588998962417e-05,-0.0021597691284184263,-0.006998011829472198,-0.0002181413146900013,-0.0021312811877578497,-1.3947123213957245e-05,-0.9563969801310871,-0.00467607289137518
445,0.9228872029793767,0.4787310523516217,0.09999799495530798,-1.6985443361559282e-05,-0.0021725592715353768,-0.007022794390730335,-0.000201929229660891,-0.002747805556282401,-8.01779384627228e-06,-0.9570186052126126,-0.004837027891002268
446,0.9184825836572635,0.47635874549677565,0.09999847324585792,-1.3043149144103916e-05,-0.0023094829422931487,-0.007105821196779615,-0.000186872566700913,-0.0008656191057525575,-5.130930721449804e-06,-0.9576567595574432,-0.005006163827192664
447,0.914886839316944,0.4720490800500224,0.09999893310024895,-7.919024690086352e-06,-0.0024461489901003125,-0.00719638821225325,-0.00015611220442224294,-0.0003798880206886679,-3.3896675676118162e-06,-0.9583003528346646,-0.0051835596798840864
448,0.9121351628642822,0.4658704990271616,0.09999932520095825,-3.4008106761994164e-06,-0.0025282180282041452,-0.0072710567570214366,-0.00011803066445281729,-0.00028760352870449424,-2.5708726947019807e-06,-0.9589414075613553,-0.005367345027549268
449,0.9101764693774095,0.45854997347796933,0.09999962681337096,-6.135271137584538e-07,-0.0025363749356776245,-0.00731828316113666,-8.377311314688995e-05,-0.00023819894704502076,-2.1366390535373028e-06,-0.9595747311877404,-0.005554894364662739
450,0.9088871953489432,0.4506397642547098,0.0999998335961785,-9.8301475005433e-08,-0.002472558570550474,-0.007334218666462571,-5.650048115057871e-05,-0.00019325378525536507,-1.8443810756168794e-06,-0.9601967190074417,-0.005743397177586125
451,0.9081370337972423,0.4426716497791658,0.09999995284166234,-1.9734812859423653e-06,-0.002346647942392717,-0.00732018428868284,-3.751774784177542e-05,-0.00014136075333226472,-1.599838837847405e-06,-0.9608056096884946,-0.005930164561195586
452,0.9078039624175607,0.43517550953588474,0.099999998275727,-6.060697370004177e-06,-0.0021752525457949287,-0.007279966109945978,-2.5830780941760167e-05,-8.880349923856556e-05,-1.359427860978195e-06,-0.9614005917709196,-0.006112893322881071
453,0.9077726100269516,0.42853400888262666,0.09999998624131534,-1.2016877022807282e-05,-0.001977511801091466,-0.007217620902313566,-1.928472011059057e-05,-4.8249665269395337e-05,-1.1088163312277148e-06,-0.961981677260633,-0.0062898161817654405
454,0.9079258794024615,0.42280326775869215,0.09999993318411503,-1.9433873139639083e-05,-0.0017704547845853813,-0.007138983213009965,-1.5917081327643245e-05,-2.29280940402532e-05,-8.629381541334771e-07,-0.9625491839746796,-0.006459727360560356
455,0.908195904221198,0.41818731793718256,0.09999985414054217,-2.7892784609383723e-05,-0.0015673862956822671,-0.007048711946069617,-1.4408058632398024e-05,-9.572201634000521e-06,-6.293569323384234e-07,-0.9631035447304259,-0.006621930185334042
456,0.908522732823618,0.41471603293778864,0.09999976189451992,-3.700478317853705e-05,-0.001377041110030986,-0.006950814776019724,-1.4030032616574317e-05,-3.943302544939797e-06,-4.1894460011222967e-07,-0.9636452980115475,-0.006776152917832928
457,0.9088634272047981,0.41235534242812794,0.09999966666918779,-4.642941508707964e-05,-0.0012044300627040063,-0.006851130556140286,-1.4391170225280803e-05,-2.4550945454393514e-06,-2.4687575041529563e-07,-0.9641745265116246,-0.006922459709533
458,0.9092428651761878,0.41145184179848165,0.0999995760496692,-5.5874081563020756e-05,-0.0010521599535616899,-0.0067495353437284555,-1.5288200302165933e-05,-2.787456651276443e-06,-1.132422239752769e-07,-0.9646917431990369,-0.0070611685584387645
459,0.9096099990086465,0.41159361634137037,0.09999949520248427,-6.512970554784872e-05,-0.0009202036908824519,-0.0066460575996573155,-1.6679839973221533e-05,-3.7872273424000014e-06,-1.0029235148081948e-07,-0.9651970770630796,-0.007192823100644466
460,0.9099449584530224,0.41256682154706126,0.09999942754379948,-7.413346033204709e-05,-0.0008084869473921177,-0.006545738405693768,-1.8625534721650183e-05,-5.581832738243975e-06,-3.340058687756899e-08,-0.965691234718046,-0.007317730545345734
461,0.9102779348616933,0.41414142808197496,0.0999993748326859,-8.244624694920641e-05,-0.0007069551228927676,-0.006445766723643202,-1.9152595996274613e-05,-5.880243861611234e-06,-5.059339340942054e-08,-0.9661745770408038,-0.0074361879453381016
462,0.9105548780210879,0.41636516083116615,0.09999933750291545,-9.013936704902366e-05,-0.0006215633861078136,-0.00634905472220604,-2.2628662918577902e-05,-1.6294323359034024e-05,-1.4348933769056156e-07,-0.9666476120402447,-0.0075490989910203515
463,0.9107799974508755,0.4189828844427571,0.09999931513300653,-9.726761652252124e-05,-0.000554587273416645,-0.006254031200094489,-2.488744030415546e-05,-7.954526154207997e-06,-3.0828780054793336e-07,-0.9671107706245353,-0.007657479573850013
464,0.9109474111750587,0.421964291994704,0.09999930668671508,-0.00010377320299142198,-0.0005011292840903011,-0.006161638890066513,-2.7147247237735428e-05,-4.003678895969642e-06,-5.415100987998032e-07,-0.9675644330537904,-0.007762102442218553
465,0.9110834717808438,0.4251828558525697,0.09999931064958555,-0.00010961415992840632,-0.00045739248411171544,-0.006071956833659947,-2.936641794804018e-05,-3.3675751183182e-06,-8.388880028256242e-07,-0.968008957934575,-0.007863571390808802
466,0.9111947364543949,0.4285490334718681,0.0999993252494982,-0.00011480103195510214,-0.00042177933609981297,-0.005984969248286837,-3.1427065550815314e-05,-2.6932113996736007e-06,-1.1958647293443703e-06,-0.968444675805349,-0.00796242955864005
467,0.9112873804159095,0.43199094612342565,0.0999993486232196,-0.00011935872093304916,-0.00039291185319637745,-0.005900619532336666,-3.336682129884139e-05,-2.2368710688169813e-06,-1.6074584722953125e-06,-0.9688718927885429,-0.00805916593531136
468,0.9113670922741518,0.4354492192111152,0.09999937893041749,-0.00012332514778485695,-0.0003697336735644418,-0.0058187938024493145,-3.5133682104060426e-05,-1.7784225292416522e-06,-2.0683373635184395e-06,-0.9692908926196726,-0.008154219365094357
469,0.9114395514898058,0.438876404866707,0.09999941443324213,-0.0001267433378619819,-0.0003512947963126339,-0.005739371793263813,-3.670106525532901e-05,-1.3609981124318438e-06,-2.5730053345476964e-06,-0.969701938376403,-0.008247973148237291
470,0.9115104085310983,0.4422338134941961,0.09999945354635464,-0.00012965770611902535,-0.0003367467077348637,-0.005662204851996892,-3.8063393731135875e-05,-1.036367052620335e-06,-3.1159448208900767e-06,-0.9701052748881015,-0.008340756573263679
471,0.9115846575837271,0.4454921382875258,0.09999949486668386,-0.00013211611008976504,-0.00032540049487213225,-0.0055871319938322365,-3.9234775613294914e-05,-7.811933642187796e-07,-3.6916648012242815e-06,-0.9705011308782359,-0.008432850371291828
472,0.9116671316677327,0.448628721740667,0.0999995371876855,-0.00013416656360209605,-0.00031666880520158134,-0.005513803279620477,-4.020332926302217e-05,-5.725357254959818e-07,-4.291884266054639e-06,-0.9708897083121173,-0.008524490015194564
473,0.911763216020441,0.451626358188828,0.09999957951259096,-0.00013585669035687145,-0.0003100472519950167,-0.0054419408605150986,-4.098709541722201e-05,-4.1888989699145895e-07,-4.909085597000779e-06,-0.9712711865949425,-0.008615869331742526
474,0.9118774206858679,0.4544743766727253,0.09999962105161006,-0.00013722953875570007,-0.00030511503721587395,-0.005371415313244821,-4.1603441786719486e-05,-3.1116235277295345e-07,-5.538137389089822e-06,-0.9716457253529992,-0.008707146064509093
475,0.9120127721175244,0.4571685359823101,0.0999996611872614,-0.00013832277040514736,-0.0003015214512521088,-0.005302198121131499,-4.207980236969888e-05,-2.415860365090339e-07,-6.175599492879484e-06,-0.9720134810539488,-0.008798446874490532
476,0.9121713930693249,0.45971240136459446,0.09999969944424793,-0.00013917094878987136,-0.0002989835069013791,-0.005234511709889795,-4.244156298227608e-05,-1.9584139465678163e-07,-6.857856467720087e-06,-0.972374667655341,-0.008889876631413239
477,0.9123590262127002,0.4621782920523545,0.09999973546315867,-0.0001398094812216992,-0.00029730857542914767,-0.005168445431654874,-4.2702358769020066e-05,-1.6251502188424638e-07,-7.56705087537088e-06,-0.9727294145840326,-0.008981516521098383
478,0.9125821136122964,0.46453722808744213,0.09999976897961843,-0.00014026645943335158,-0.00029625619026169144,-0.005103941777700189,-4.286970215616748e-05,-1.3600374870748055e-07,-8.268567409701892e-06,-0.97307785456087,-0.00907342621648437
479,0.9128426417289502,0.46674570291688144,0.09999979982210319,-0.00014057096368987903,-0.0002956010947904576,-0.005040931111430048,-4.292889570933767e-05,-1.163952134675128e-07,-8.968232343413543e-06,-0.9734199825864899,-0.009165638162624706
480,0.9131399487148375,0.4688072652298876,0.09999982791131011,-0.00014075308928360132,-0.00029516292999568264,-0.004979344133313983,-4.287030969862826e-05,-1.0570213504479398e-07,-9.667753520130582e-06,-0.9737558649542593,-0.009258164308799104
481,0.9134734224245709,0.47072723509056347,0.09999985324557642,-0.00014083911010498117,-0.00029476829131099095,-0.004919115543073696,-4.2700681660789996e-05,-1.043085973151392e-07,-1.0368104563948262e-05,-0.9740855905816996,-0.00935099495181187
482,0.9138425128504359,0.4725121037649145,0.0999998758849513,-0.00014085201745936998,-0.00029426227878853907,-0.0048601799357644,-4.243475996190682e-05,-1.1095223584334235e-07,-1.106961186040428e-05,-0.9744092644591931,-0.00944410077713281
483,0.914246629972439,0.47416914619313943,0.09999989593690409,-0.0001408117636963397,-0.00029351765093450744,-0.004802473447217742,-4.2082800064235926e-05,-1.241923968109404e-07,-1.1772101748291557e-05,-0.9747270024273608,-0.009537435563686514
484,0.9146851607473702,0.47570607811699556,0.09999991354364213,-0.00014073545859938808,-0.00029243080346506883,-0.004745935541476622,-4.165652717347257e-05,-1.41421054422608e-07,-1.2475044237513702e-05,-0.9750389272919782,-0.009630938687378665
485,0.9151574462305777,0.4771308272049313,0.0999999288711156,-0.0001406375927258083,-0.0002909205148975286,-0.004690508515280067,-4.1167979361489415e-05,-1.609443813777034e-07,-1.3177679452265175e-05,-0.9753451657962693,-0.00972453756143202
486,0.9156627746589086,0.47845132942600654,0.09999994209968219,-0.00014053022769774194,-0.00028892627640709627,-0.0046361392165652476,-4.062626976519823e-05,-1.816757588812834e-07,-1.3879064944106893e-05,-0.9756458462700239,-0.009818149842233219
487,0.9162004420029934,0.4796753679405379,0.09999995341650861,-0.0001404233870267819,-0.000286405198178682,-0.004582777962898452,-4.004157381132245e-05,-2.01687228695846e-07,-1.4578179233268601e-05,-0.975941096693838,-0.009911685482141266
488,0.9167697117871403,0.4808105047937441,0.09999996300946692,-0.00014032508823953318,-0.0002833315273580057,-0.0045303798625878485,-3.942247712984681e-05,-2.2148057610138494e-07,-1.5274021978132537e-05,-0.9762310433222228,-0.010005048572143172
489,0.9173698094921982,0.48186392811193296,0.09999997106235253,-0.0001402416883168696,-0.0002796929465668296,-0.004478908646401897,-3.877711060340516e-05,-2.3940549453982385e-07,-1.5965692487921308e-05,-0.976515809883067,-0.010098138770697863
490,0.9179998924814335,0.4828424490043595,0.09999997775130397,-0.000140177473604395,-0.00027548782280009313,-0.004428321904428128,-3.81164500140585e-05,-2.5043794948942377e-07,-1.6652283923736558e-05,-0.9767955171918348,-0.010190854374031501
491,0.918658950016652,0.48375259102176016,0.09999998324231434,-0.0001401370614066187,-0.00027074618679244863,-0.004378593199433598,-3.7446137866936624e-05,-2.658944424638321e-07,-1.7333095150973318e-05,-0.9770702828566713,-0.01028309345130343
492,0.919346143113304,0.4846001057898949,0.0999999876896008,-0.00014012279711542638,-0.0002654825935474972,-0.004329693138012738,-3.675696279969998e-05,-2.841202899617201e-07,-1.8007498873048352e-05,-0.9773402210188273,-0.010374751963734233
493,0.9200605669902193,0.4853905795127137,0.09999999123461821,-0.00014013560642331076,-0.0002597097994614007,-0.00428160280686663,-3.606564496294595e-05,-2.955876539090241e-07,-1.8675034413838485e-05,-0.9776054424146201,-0.01046572469692378
494,0.9208012923135087,0.48612899136158283,0.09999999400571902,-0.00014017601143791436,-0.0002534560134451809,-0.004234302515163377,-3.537567317835055e-05,-3.036800819700147e-07,-1.9335321024235884e-05,-0.9778660544368285,-0.010555907594199481
495,0.9215672384837563,0.48681997052868153,0.09999999611827418,-0.0001402440470101292,-0.0002467620932935985,-0.004187775113606656,-3.46904453181196e-05,-3.1021605195746815e-07,-1.9988066154443928e-05,-0.978122161197793,-0.010645199094298221
496,0.9223573026417877,0.48746774896101036,0.09999999767507128,-0.00014033923256774174,-0.00023967198339081466,-0.004142005751700846,-3.401415597181767e-05,-3.1470364092456293e-07,-2.063305895349937e-05,-0.9783738635841689,-0.010733500711034915
497,0.9231703644532199,0.4880761618029971,0.09999999876693635,-0.00014046067345885373,-0.00023223208079922343,-0.004096981078528146,-3.3347336284350604e-05,-3.1848341564000293e-07,-2.1270156224835407e-05,-0.9786212593295144,-0.010820717415178708
498,0.9240052964581149,0.4886486884307977,0.09999999947350516,-0.0001406071274785537,-0.00022448893657146175,-0.004052689342470746,-3.2691812521079555e-05,-3.222103259759024e-07,-2.189928215121581e-05,-0.9788644431190099,-0.010906757757213118
499,0.9248609768879099,0.4891884494562618,0.09999999986408353,-0.00014077702602864023,-0.0002164880917549789,-0.004009120279709218,-3.2049349101725966e-05,-3.242294042138383e-07,-2.2520417015196688e-05,-0.9791035067616326,-0.010991534069454984
500,0.9257362646543948,0.48969826708044184,0.09999999999855198,-0.0001409686032719862,-0.0002082756322463476,-0.0039662640175473236,-3.142165587632917e-05,-3.252070541748253e-07,-2.313356308142055e-05,-0.9793385392709729,-0.011074962770858421
501,0.9266300240457339,0.490180689926492,0.09999999992827768,-0.00014117994635696307,-0.0001998972567694319,-0.003924111934050039,-3.080916576436721e-05,-3.2612209110993717e-07,-2.3738767240054904e-05,-0.979569626919015,-0.011156964412044914
502,0.9275411369757842,0.49063798723976776,0.09999999969700646,-0.00014140898985892604,-0.0001913960665707048,-0.0038826555661879915,-3.0213030186132528e-05,-3.2565438345955044e-07,-2.433609807035343e-05,-0.9797968533982566,-0.011237463809998998
503,0.9284684675826459,0.49107221275942786,0.09999999934171566,-0.0001416536668707991,-0.00018281536453448953,-0.003841886927476535,-2.9632850782945752e-05,-3.259496565988229e-07,-2.4925635670839076e-05,-0.9800202998954926,-0.011316390063966383
504,0.9294109203290416,0.4914851786859431,0.09999999889341508,-0.0001419118023329169,-0.00017419453815874377,-0.0038017981427001077,-2.907034649979323e-05,-3.243617925363651e-07,-2.5507477329908233e-05,-0.9802400451776903,-0.011393676518071681
505,0.9303673890511484,0.49187852262637516,0.09999999837789146,-0.00014218120064484738,-0.00016557248652514708,-0.0037623813064036715,-2.8525351808639243e-05,-3.228370246688428e-07,-2.608171956699722e-05,-0.9804561657068054,-0.011469260898268802
506,0.9313367854179233,0.49225370911801275,0.09999999781638969,-0.0001424597131912563,-0.00015698572288816524,-0.0037236289185925866,-2.7998228688375093e-05,-3.210553813914885e-07,-2.6648465391017536e-05,-0.9806687356916184,-0.011543085247733016
507,0.9323180484371756,0.49261203889711347,0.09999999722622854,-0.00014274520824133645,-0.00014846826242461003,-0.003685533140969973,-2.7489066269481555e-05,-3.185249113357713e-07,-2.720781524515118e-05,-0.9808778271593838,-0.011615095876549247
508,0.9333101293019874,0.49295467045272684,0.09999999662135502,-0.0001430356065886347,-0.00014005195655629425,-0.003648085782626877,-2.699798824323807e-05,-3.158928620905499e-07,-2.7759867856254542e-05,-0.9810835100439124,-0.01168524326300299
509,0.934312000170386,0.49328263875473255,0.09999999601283982,-0.0001433288415913117,-0.00013176582695945325,-0.003611279362168891,-2.652437069627922e-05,-3.1323938287641795e-07,-2.8304720985001836e-05,-0.9812858522574599,-0.011753481908626039
510,0.9353226639891166,0.4935968726034188,0.09999999540931631,-0.0001436229086208485,-0.00012363644769425975,-0.0035751056026596716,-2.606820453365799e-05,-3.100655874277436e-07,-2.8842464734010104e-05,-0.9814849197545072,-0.011819770211462209
511,0.9363411397025608,0.49389818706153327,0.09999999481736815,-0.00014391582404076717,-0.00011568793250350979,-0.003539556479146126,-2.563014641054906e-05,-3.06422464291245e-07,-2.9373185688991806e-05,-0.9816807766007527,-0.01188407043648563
512,0.9373664671710821,0.49418731964329315,0.09999999424186393,-0.00014420578065062065,-0.00010794272034905126,-0.0035046237194132682,-2.5209634259226732e-05,-3.025618582341849e-07,-2.989696286142915e-05,-0.9818734850228994,-0.011946348687142191
513,0.938397711768745,0.49446493045128237,0.09999999368624925,-0.00014449096351277634,-0.00010042089757229644,-0.003470298818790689,-2.480643888702616e-05,-2.9859927508368855e-07,-3.041387061432361e-05,-0.9820631054716946,-0.012006574762884255
514,0.9394339600518509,0.49473160772799923,0.09999999315280095,-0.00014476970282197417,-9.314022905596286e-05,-0.003436573470646737,-2.442006370984018e-05,-2.9433076065288333e-07,-3.092398180787511e-05,-0.9822496967016655,-0.012064721985796382
515,0.9404743285776026,0.494987875451524,0.09999999264284334,-0.00014504035614574393,-8.611614448460626e-05,-0.0034034388707504283,-2.4050643332884647e-05,-2.892671204790531e-07,-3.142735620419295e-05,-0.9824333158250586,-0.012120767156305253
516,0.9415179456102104,0.49523420998117396,0.09999999215693875,-0.00014530137154114355,-7.936275623413142e-05,-0.0033708865992901054,-2.3697744836681522e-05,-2.8472823032643646e-07,-3.1924054307934216e-05,-0.9826140183546628,-0.012174690470702547
517,0.9425639775768461,0.495471039899378,0.09999999169504326,-0.0001455513208183813,-7.289174041587603e-05,-0.003338907790713247,-2.3361179046332836e-05,-2.793753139940236e-07,-3.2414127181326477e-05,-0.9827918582492782,-0.012226475416118624
518,0.9436116038610982,0.495698752611666,0.09999999125663955,-0.00014578883823087032,-6.671344800772777e-05,-0.0033074936154655907,-2.3040376618155278e-05,-2.7452506401459686e-07,-3.2897627256851807e-05,-0.9829668879714527,-0.012276108625871541
519,0.9446600385513905,0.4959176950982571,0.09999999084084994,-0.0001460126616516811,-6.083582496580942e-05,-0.0032766355623596,-2.273511745443102e-05,-2.684566311472736e-07,-3.3374601760446495e-05,-0.9831391585318556,-0.01232357981840813
520,0.9457085122800318,0.49612819642056405,0.09999999044652966,-0.0001462216130782283,-5.5266064548933116e-05,-0.003246324701366627,-2.244507231807802e-05,-2.632919517964183e-07,-3.3845102427416834e-05,-0.983308719562359,-0.012368881731116223
521,0.9467562799782111,0.4963305436767224,0.09999999007234474,-0.00014641461228339059,-5.0009129403156e-05,-0.0032165521759604924,-2.2169759176904336e-05,-2.571158290720632e-07,-3.430916921442754e-05,-0.9834756193773375,-0.012412009879709947
522,0.9478026250280546,0.49652500625299256,0.09999998971683774,-0.00014659062103161108,-4.506853051467119e-05,-0.00318730949709978,-2.1908945200266317e-05,-2.5157970640066196e-07,-3.476684678898729e-05,-0.9836399049878897,-0.012452962451146854
523,0.9488468595594203,0.4967118343029978,0.0999999893784799,-0.00014674872714145895,-4.044646739149802e-05,-0.0031585877347544457,-2.1661457139998674e-05,-2.4569996526224713e-07,-3.5218174336669017e-05,-0.9838016221592611,-0.01249174023440088
524,0.9498883084772389,0.49689126297604,0.09999998905570999,-0.00014688810477947055,-3.6144000649047525e-05,-0.0031303785098365064,-2.1427887986646965e-05,-2.3929115400278533e-07,-3.566319564466337e-05,-0.9839608154660612,-0.012528346487371623
525,0.950926330540351,0.4970635133123642,0.09999998874697269,-0.00014700794688370051,-3.21607792350667e-05,-0.0031026732185691643,-2.1207131794653833e-05,-2.335096667138714e-07,-3.610195336397714e-05,-0.9841175283421908,-0.012562786774811981
526,0.9519603030649223,0.49722878763251355,0.0999999884507442,-0.00014710758972927794,-2.849540269987179e-05,-0.0030754635897864402,-2.0998888430767693e-05,-2.272878134590428e-07,-3.65344868189766e-05,-0.9842718031163535,-0.012595068946015685
527,0.9529896258277193,0.49738729050880576,0.09999998816554848,-0.00014718643981802382,-2.5145732483878413e-05,-0.003048741157111108,-2.080321792163886e-05,-2.2094663165717066e-07,-3.696083569156094e-05,-0.984423681032671,-0.012625203028790144
528,0.9540137247311984,0.4975392037040027,0.09999998788997579,-0.00014724395083081455,-2.2108416264781246e-05,-0.003022497584880439,-2.0619052520487458e-05,-2.1494361135410145e-07,-3.738104346309617e-05,-0.984573202302347,-0.012653201039105756
529,0.9550320469736381,0.49768471047219764,0.09999998762269581,-0.00014727964812749132,-1.9379272600279022e-05,-0.002996724827404051,-2.0445597328944132e-05,-2.0870767514225008e-07,-3.779515553821944e-05,-0.9847204061630056,-0.012679076881372438
530,0.9560440603274944,0.4978239823284138,0.09999998736246365,-0.00014729314630440783,-1.6953355476846382e-05,-0.002971415063162617,-2.028375274676364e-05,-2.0281316892578616e-07,-3.820321843100763e-05,-0.9848653309116866,-0.012702846279845012
531,0.9570492579833342,0.49795719361230056,0.09999998710812172,-0.00014728414201502042,-1.4825148246864106e-05,-0.0029465604725892117,-2.013175435422454e-05,-1.964372131624259e-07,-3.860527758793219e-05,-0.9850080139367379,-0.012724526694136476
532,0.9580471504754152,0.49808451369883966,0.09999998685860306,-0.00014725237766493522,-1.2988415655352099e-05,-0.002922153372764054,-1.9989991415059194e-05,-1.9059865508097573e-07,-3.9001379742451515e-05,-0.9851484917509975,-0.012744137177348694
533,0.9590372746556219,0.4982061038632776,0.09999998661293606,-0.00014719763102418232,-1.1436347497589372e-05,-0.002898185826280064,-1.9857754523400217e-05,-1.8437494020417944e-07,-3.939156488654113e-05,-0.9852868000126582,-0.012761698320320848
534,0.9600191771237673,0.4983221249080907,0.09999998637024352,-0.00014711976424564027,-1.016176281908943e-05,-0.002874651256004936,-1.9734408851945773e-05,-1.7848516620233568e-07,-3.977588582052989e-05,-0.9854229735752101,-0.012777232219402608
535,0.960992426203134,0.4984327352962368,0.09999998612973762,-0.00014701863934203773,-9.156994346198394e-06,-0.0028515410224756303,-1.9620365492301062e-05,-1.7156918374894303e-07,-4.0154387149313397e-05,-0.9855570465364333,-0.012790762793385787
536,0.9619565923097315,0.49853810387520986,0.09999998589071209,-0.0001468944784208903,-8.414467494753185e-06,-0.002828847768744905,-1.951487320184242e-05,-1.6619449638710648e-07,-4.0527126490888124e-05,-0.9856890522569,-0.01280231561878313
537,0.9629113041985038,0.498638370324013,0.09999998565253762,-0.0001467474142557698,-7.925421211078121e-06,-0.002806564503507974,-1.9416129362070933e-05,-1.614371285540983e-07,-4.0894150430873336e-05,-0.9858190233618338,-0.012811916823559363
538,0.9638562254666487,0.4987336865911361,0.09999998541467249,-0.00014657732681152655,-7.68047229887436e-06,-0.002784684902002124,-1.932456507347524e-05,-1.5684264553783578e-07,-4.12555180469054e-05,-0.9859469917683404,-0.012819592544285873
539,0.9647910355489367,0.49882419807650175,0.09999998517667102,-0.0001463841081837996,-7.670544086324039e-06,-0.0027632027262105706,-1.924021853483282e-05,-1.5131216457575647e-07,-4.161129969252042e-05,-0.9860729887480533,-0.012825369638429326
540,0.9657153940336779,0.4989100589544933,0.09999998493816552,-0.0001461680066504977,-7.887049197664137e-06,-0.002742110704279224,-1.9163973774993792e-05,-1.4555769212165615e-07,-4.196155303885599e-05,-0.9861970449548503,-0.01282927633522348
541,0.9666289826477793,0.49899141553106774,0.09999998469884636,-0.00014592939348495053,-8.321092008645764e-06,-0.002721403938557998,-1.909300590341445e-05,-1.409492540460633e-07,-4.230632066820186e-05,-0.9863191903867382,-0.012831341471753731
542,0.9675315178405915,0.4990684110444434,0.09999998445847431,-0.00014566808427208972,-8.963433456040086e-06,-0.0027010742267351956,-1.9027498638024554e-05,-1.349572755771078e-07,-4.264566122022739e-05,-0.9864394544613131,-0.012831594850997965
543,0.9684226831811593,0.49914121325015426,0.09999998421687223,-0.00014538471376745893,-9.804886718906952e-06,-0.002681116047908827,-1.8970635210280307e-05,-1.2980490282643586e-07,-4.297964216910765e-05,-0.986557866065898,-0.012830067971996283
544,0.969302214963302,0.499209949479139,0.09999998397390211,-0.00014507970222602903,-1.0836129895402515e-05,-0.0026615222324082315,-1.8916802218882367e-05,-1.2501757851168804e-07,-4.3308299479860106e-05,-0.9866744535122088,-0.012826793002494664
545,0.9701698733056351,0.49927477182822994,0.0999999837294765,-0.00014475331360443118,-1.2047503288856849e-05,-0.0026422874339418847,-1.8868830011342652e-05,-1.2077178723757243e-07,-4.3631705242675723e-05,-0.9867892445843508,-0.01282180228434683
546,0.9710254455964321,0.499335817295089,0.0999999834835611,-0.00014440590360290787,-1.3429823428443382e-05,-0.002623405706527765,-1.8825356164597906e-05,-1.1666823240830126e-07,-4.394992366525346e-05,-0.9869022665720698,-0.012815128390109187
547,0.971868726088243,0.4993932195606181,0.0999999832361676,-0.00014403781748944475,-1.4973993976339955e-05,-0.002604871284956296,-1.87868281500414e-05,-1.11953880832516e-07,-4.4263006039534344e-05,-0.9870135462628323,-0.012806804307281934
548,0.9726995159037437,0.49944712014442394,0.09999998298735009,-0.00014364949369749953,-1.667078500728365e-05,-0.002586678364683425,-1.875226189440582e-05,-1.0799669070138407e-07,-4.4571017129003284e-05,-0.9871231099623939,-0.012796863466234338
549,0.9735176331747069,0.49949765128416734,0.09999998273719886,-0.00014324135583194708,-1.8511218252376905e-05,-0.002568821705313085,-1.8722146705840714e-05,-1.0382640169837032e-07,-4.4874018359014515e-05,-0.9872309835278719,-0.012785339564014689
550,0.9743229157564313,0.4995449452940381,0.09999998248583626,-0.00014281386507666846,-2.048642788496917e-05,-0.002551295778184296,-1.8695693142944947e-05,-9.998261418786569e-08,-4.5172070614942964e-05,-0.9873371923657077,-0.012772266578421896
551,0.9751152095730418,0.4995891320587043,0.09999998223341106,-0.00014236750699592185,-2.258767361021253e-05,-0.0025340952606953343,-1.8672546502784826e-05,-9.61045003577965e-08,-4.546523308709909e-05,-0.9874417614542085,-0.012757678683174109
552,0.9758943781964935,0.4996303369163023,0.09999998198010024,-0.00014190272470286639,-2.4806371555964282e-05,-0.0025172150589969893,-1.8653079678188078e-05,-9.274017287452807e-08,-4.575357056267787e-05,-0.9875447153488465,-0.012741610117258469
553,0.9766603020334789,0.4996686822828051,0.09999998172610626,-0.00014142001300316878,-2.7134352175417035e-05,-0.002500649891638723,-1.8636754248291254e-05,-8.914661009384872e-08,-4.6037141900371925e-05,-0.9876460782083051,-0.012724095232640568
554,0.9774128637500094,0.4997042917172688,0.09999998147165033,-0.00014091988019047474,-2.9563317919565973e-05,-0.0024843949023007333,-1.8623302821652032e-05,-8.563097253500018e-08,-4.631600782534132e-05,-0.987745873808356,-0.012705168565430167
555,0.9781519631022456,0.49973728307697585,0.09999998121696951,-0.0001404028565329878,-3.208514658587391e-05,-0.0024684452559399967,-1.8612689018482342e-05,-8.253074668118643e-08,-4.659022891725309e-05,-0.9878441255384003,-0.012684864653480352
556,0.9788775188033653,0.4997677700726002,0.09999998096231294,-0.00013986945208940396,-3.469227006925178e-05,-0.0024527960616026055,-1.8604494471219368e-05,-7.93361820683458e-08,-4.685986494118483e-05,-0.9879408564215872,-0.012663217940339578
557,0.9795894540620299,0.49979586366023,0.09999998070794208,-0.00013932017877116659,-3.7377074148678874e-05,-0.0024374428114718157,-1.8598788301460445e-05,-7.627512843555451e-08,-4.712497446939648e-05,-0.988036089122974,-0.012640262884972657
558,0.9802877054985472,0.4998216749772231,0.09999998045412822,-0.00013875557231765367,-4.013207357063502e-05,-0.002422380610921174,-1.8595355868455954e-05,-7.353885678185179e-08,-4.738561593110194e-05,-0.9881298459577947,-0.012616033842952245
559,0.9809722225067727,0.49984530638354224,0.09999998020115054,-0.00013817613980301752,-4.295042994842928e-05,-0.002407605170807468,-1.8594186258269474e-05,-7.080140562720771e-08,-4.764184984446882e-05,-0.9882221489050244,-0.012590564979938344
560,0.9816429662529012,0.49986686041266004,0.09999997994929422,-0.00013758240768999878,-4.582530413721605e-05,-0.0023931120131140474,-1.8594862922327593e-05,-6.792259199528417e-08,-4.789373120872647e-05,-0.9883130196082942,-0.012563890409432838
561,0.982299901859194,0.49988643665220966,0.09999997969884274,-0.00013697495021390246,-4.874975209357278e-05,-0.002378896945827154,-1.8597458620206453e-05,-6.56251160080501e-08,-4.814132092471528e-05,-0.9884024793879554,-0.01253604402183769
562,0.9829430164914699,0.4999041298849044,0.09999997945008104,-0.00013635423312346413,-5.171780939860359e-05,-0.00236495564393011,-1.860171505541075e-05,-6.306033384362308e-08,-4.8384676937411456e-05,-0.9884905492586258,-0.012507059469279184
563,0.9835722940851066,0.4999200316722073,0.09999997920329623,-0.0001357208073236502,-5.472303690371017e-05,-0.0023512858722078128,-1.8607821402838454e-05,-6.058193946500978e-08,-4.862388992118741e-05,-0.9885772499381134,-0.012476970260438047
564,0.9841877478294996,0.4999342303386856,0.09999997895877227,-0.0001350751619916497,-5.7759523605933304e-05,-0.002337881538246947,-1.8615164663060568e-05,-5.859085661086283e-08,-4.885898026715253e-05,-0.9886626018395597,-0.012445809583662646
565,0.9847893752707728,0.4999468106520197,0.09999997871679014,-0.00013441782493033805,-6.0821851202567354e-05,-0.0023247386567108092,-1.8624294170876965e-05,-5.6230167189141866e-08,-4.90899974245255e-05,-0.9887466250709909,-0.012413610344657012
566,0.9853771930962474,0.4999578541256222,0.09999997847762329,-0.00013374932638059243,-6.390433946885746e-05,-0.0023118531986953935,-1.8634467778610997e-05,-5.4226877210794555e-08,-4.931699644133139e-05,-0.9888293394489637,-0.012380405205582309
567,0.9859512263329568,0.49996743954776757,0.09999997824153672,-0.00013307016951414943,-6.700184007471085e-05,-0.0022992213879292427,-1.8645685486262664e-05,-5.228651289712616e-08,-4.954002763164428e-05,-0.9889107645068376,-0.012346226474768664
568,0.9865115125995338,0.4999756420924834,0.09999997800878972,-0.00013238083009698063,-7.010947106237269e-05,-0.002286841299905691,-1.865849299065303e-05,-5.03088877223945e-08,-4.975918856900011e-05,-0.9889909195232987,-0.012311106133089464
569,0.9870581008837406,0.499982533671273,0.09999997777963254,-0.0001316818020502325,-7.322236150903507e-05,-0.0022747072537383168,-1.867210266937036e-05,-4.851132473504549e-08,-4.997448427083947e-05,-0.9890698235149338,-0.012275075856322055
570,0.9875910319020641,0.4999881831131337,0.09999997755430617,-0.00013097356551598739,-7.633596961796935e-05,-0.002262815623872851,-1.8686536350287497e-05,-4.673102438346177e-08,-5.0185960581015183e-05,-0.9891474951937069,-0.012238166959855325
571,0.9881103644285462,0.4999926563398241,0.0999999773330415,-0.0001302566146324061,-7.944590042897508e-05,-0.0022511627526264656,-1.8702241504797712e-05,-4.521311680605322e-08,-5.039367559721835e-05,-0.9892239530234713,-0.012200410314621263
572,0.9886161634923903,0.4999960156621006,0.09999997711605607,-0.0001295314009726515,-8.254853229941868e-05,-0.0022397452050550238,-1.8718459614319727e-05,-4.335738168492753e-08,-5.059766651435212e-05,-0.9892992152128128,-0.012161836448302304
573,0.9891084990892742,0.49999832128907984,0.09999997690355664,-0.00012879839316733933,-8.5639271716202e-05,-0.002228561190247959,-1.8735736375674605e-05,-4.18428562909412e-08,-5.079802585868517e-05,-0.9893732997221142,-0.012122475573403464
574,0.9895874574043262,0.4999996298879527,0.09999997669574057,-0.0001280580020880291,-8.871465775062926e-05,-0.0022176054575709487,-1.8753551557892933e-05,-4.0395388367642227e-08,-5.099475452618747e-05,-0.9894462242698288,-0.012082357474148018
575,0.9900531147386937,0.4999999956323818,0.09999997649279087,-0.00012731071528265383,-9.177115308615061e-05,-0.002206874711093964,-1.8771916074911132e-05,-3.897321576573631e-08,-5.1187900501739294e-05,-0.9895180063134069,-0.01204151150960947
576,0.9905055614737088,0.4999994699772377,0.09999997629487477,-0.00012655695055971194,-9.480546742531597e-05,-0.0021963656049521075,-1.8791204638546333e-05,-3.7643225425654236e-08,-5.137750471088925e-05,-0.9895886630701991,-0.011999966593580049
577,0.9909448953203356,0.49999810182841486,0.09999997610214875,-0.00012579711844700102,-9.781460256304094e-05,-0.002186074961406237,-1.8810909750754945e-05,-3.629650535685869e-08,-5.156361032658324e-05,-0.9896582115068565,-0.011957751200013966
578,0.9913712188916891,0.49999593758779964,0.09999997591475691,-0.00012503163011095886,-0.00010079558402264974,-0.0021760014553962267,-1.8831384295481257e-05,-3.516952418181063e-08,-5.1746309201860136e-05,-0.9897266683934701,-0.011914893394405173
579,0.9917846442771986,0.4999930210220697,0.09999997573282837,-0.00012426087965885217,-0.00010374561791859086,-0.002166139885842645,-1.8852060748031363e-05,-3.377486379463335e-08,-5.192558439742954e-05,-0.9897940502633304,-0.011871420803704024
580,0.9921852783207993,0.4999893940218971,0.0999999755564796,-0.0001234852598745949,-0.00010666214290855545,-0.002156487316629938,-1.8873188309953548e-05,-3.2668925342704824e-08,-5.210148571056551e-05,-0.9898603733927201,-0.011827360632022759
581,0.992573235788983,0.49998509577020395,0.09999997538581348,-0.00012270517166079365,-0.00010954250361322373,-0.002147038709735096,-1.889489976747427e-05,-3.160146277991771e-08,-5.2274002063457615e-05,-0.9899256538310276,-0.011782739673785595
582,0.9929486320631026,0.4999801633327192,0.09999997522091703,-0.00012192100570627104,-0.00011238452383381091,-0.002137793129910798,-1.8916938643087633e-05,-3.0502405934385024e-08,-5.244321897245394e-05,-0.9899899073982037,-0.011737584244235717
583,0.9933116019869822,0.49997463187369434,0.09999997506186668,-0.000121133081024521,-0.00011518614955344422,-0.002128749157381385,-1.89393394975923e-05,-2.9406493240458076e-08,-5.2609211573841336e-05,-0.9900531497324132,-0.01169192020708355
584,0.9936622804782931,0.49996853477032815,0.09999997490872976,-0.00012034173011630038,-0.00011794537350165783,-0.002119902537355018,-1.8962276953971013e-05,-2.865577108934758e-08,-5.2771982831997794e-05,-0.9901153962622928,-0.011645772957510235
585,0.9940007976650925,0.49996190319316963,0.09999997476155881,-0.00011954732292228243,-0.00012066061981075566,-0.002111250286230052,-1.898539085232187e-05,-2.7667478974535697e-08,-5.293156543857724e-05,-0.990176662192202,-0.011599167394228923
586,0.9943272907566167,0.4999547671852807,0.09999997462039267,-0.00011875017763597745,-0.00012333024598684358,-0.002102787454115807,-1.900824463518802e-05,-2.6468853775440948e-08,-5.308793333681432e-05,-0.9902369624829812,-0.01155212805070141
587,0.9946418927720331,0.4999471535702693,0.09999997448525744,-0.00011795066725007974,-0.00012595188749856952,-0.002094513448193903,-1.9032127966056578e-05,-2.588608261078207e-08,-5.3241183285314864e-05,-0.9902963118873344,-0.011504678971889101
588,0.9949447585022593,0.4999390902565052,0.09999997435617057,-0.00011714902741596047,-0.00012852521564710832,-0.0020864272333277712,-1.9056165911024436e-05,-2.500993900866888e-08,-5.339138304047374e-05,-0.9903547250020982,-0.01145684370745363
589,0.9952360386475002,0.49993060038172676,0.09999997423314015,-0.00011634558045692008,-0.0001310483244559655,-0.0020785243417941234,-1.908020203700289e-05,-2.405584176301545e-08,-5.353851688777493e-05,-0.9904122162034199,-0.011408645451253691
590,0.9955158791762894,0.4999217070749116,0.09999997411616127,-0.00011554062748853828,-0.0001335198960908549,-0.0020708021324177474,-1.9103981685475446e-05,-2.3359541856393662e-08,-5.3682622134383654e-05,-0.9904687996558336,-0.011360106920927938
591,0.995784432507474,0.49991243300574245,0.09999997400522277,-0.00011473443210274306,-0.00013593896089267673,-0.0020632562727037934,-1.9128568965243176e-05,-2.2638776187022813e-08,-5.382367974986926e-05,-0.9905244893118609,-0.011311250355120287
592,0.9960418518940278,0.4999027980180273,0.0999999739003003,-0.00011392732312475931,-0.0001383046897540843,-0.0020558860409823506,-1.9152936147293076e-05,-2.1920827819599253e-08,-5.396176899905162e-05,-0.9905792989228692,-0.01126209755506767
593,0.9962882996051748,0.4998928220189459,0.09999997380135926,-0.00011311951668073619,-0.00014061608905062474,-0.0020486904539106744,-1.9177827198291197e-05,-2.119720399207381e-08,-5.4096956088276744e-05,-0.9906332420959267,-0.011212669898989952
594,0.9965239396262314,0.4998825222193623,0.09999997370836212,-0.00011231125090646552,-0.00014287244213353242,-0.002041665344122803,-1.9202725525246933e-05,-2.050141034715125e-08,-5.42292209173152e-05,-0.990686332230337,-0.011162988318362403
595,0.9967489318885286,0.49987191676639564,0.09999997362126305,-0.00011150279334027573,-0.00014507312755292345,-0.002034808348609817,-1.9227456505177543e-05,-1.9888808822088322e-08,-5.435859542297179e-05,-0.9907385825102106,-0.01111307333605127
596,0.9969634394208146,0.49986102044488584,0.09999997354000804,-0.00011069438574892168,-0.0001472171721998439,-0.0020281153170907686,-1.9252660422353074e-05,-1.9303506348933297e-08,-5.448506131082605e-05,-0.9907900059193695,-0.011062945016567651
597,0.9971676265601229,0.49984984993342396,0.09999997346453308,-0.00010988628725533571,-0.00014930455836359733,-0.002021585720241557,-1.9277551473351195e-05,-1.8708716353899035e-08,-5.460869620304733e-05,-0.9908406152724984,-0.011012622969302981
598,0.99736166261198,0.499838417564203,0.0999999733947678,-0.00010907868546293706,-0.0001513345578742208,-0.0020152185247923776,-1.93024334294023e-05,-1.8079767016843107e-08,-5.472954985126388e-05,-0.9908904232406915,-0.0109621263930887
599,0.9975457202211191,0.49982673818243195,0.09999997333064087,-0.0001082717701699821,-0.0001533069055492752,-0.002009010155367602,-1.9327784684719518e-05,-1.763726231729379e-08,-5.4847613572321164e-05,-0.9909394422938824,-0.01091147403427111
600,0.9977199675880677,0.49981482283981254,0.09999997327207538,-0.00010746576982106356,-0.00015522146085843758,-0.0020029581541614366,-1.935299951583147e-05,-1.699768681362457e-08,-5.496290497680495e-05,-0.9909876846972314,-0.01086068420853698
601,0.9978845761425162,0.49980268512166887,0.09999997321898657,-0.00010666088991303634,-0.00015707799262082198,-0.0019970587053008684,-1.937831075338181e-05,-1.6558495019580732e-08,-5.5075414203379464e-05,-0.9910351625353478,-0.010809774874100094
602,0.998039713652295,0.49979033442749515,0.09999997317128127,-0.00010585736179616718,-0.00015887601967300353,-0.0019913111087927387,-1.9403511032578535e-05,-1.5972075217973725e-08,-5.518519483879198e-05,-0.9910818877202066,-0.01075876358344789
603,0.9981855576859805,0.4997777825054643,0.09999997312886465,-0.00010505531661066258,-0.00016061577176538556,-0.0019857147312940865,-1.9428785890340805e-05,-1.5545122522553356e-08,-5.529230865257726e-05,-0.9911278720025211,-0.010707667448363845
604,0.9983222834741892,0.49976503676094874,0.09999997309164278,-0.00010425492617451503,-0.0001622970389012681,-0.0019802659370896218,-1.94542280951282e-05,-1.5129499431054683e-08,-5.539674297966985e-05,-0.9911731269698862,-0.010656503150388718
605,0.9984500634432433,0.4997521101124581,0.09999997305951912,-0.0001034563581314672,-0.00016392036397169907,-0.0019749627176924253,-1.947954297065735e-05,-1.462108123462258e-08,-5.549851636932671e-05,-0.9912176640302184,-0.010605286992380572
606,0.9985690712877855,0.4997390078001955,0.09999997303239111,-0.00010265981362351534,-0.00016548513030716034,-0.0019698012378508013,-1.950477781065274e-05,-1.4198580977620168e-08,-5.55976053008571e-05,-0.9912614944078693,-0.010554034931610378
607,0.9986794804151757,0.4997257405993826,0.09999997301014735,-0.00010186547277322166,-0.00016699170735758878,-0.0019647810840080597,-1.9529696146491915e-05,-1.3830494971500684e-08,-5.569407254174392e-05,-0.9913046291657331,-0.010502762483923699
608,0.9987814677104664,0.49971231636129393,0.09999997299267888,-0.0001010734319800811,-0.00016844041958353603,-0.0019599015017027757,-1.9554894606699236e-05,-1.3382166486053393e-08,-5.5787964737557486e-05,-0.991347079222686,-0.010451484782161787
609,0.9988752099366317,0.49969874042573664,0.09999997297988124,-0.00010028382790046096,-0.00016983136790140846,-0.0019551591978637026,-1.9580085790948942e-05,-1.301994156932551e-08,-5.5879268176420115e-05,-0.9913888553210821,-0.010400216570827807
610,0.9989608810875888,0.49968502205097526,0.09999997297164476,-9.949683069183762e-05,-0.00017116507865158221,-0.0019505521320840099,-1.9605198758654296e-05,-1.2597960008520204e-08,-5.596800173825254e-05,-0.9914299680355279,-0.010348972241917631
611,0.9990386551111081,0.49967116799554445,0.09999997296785589,-9.871257469165096e-05,-0.0001724413924430418,-0.0019460767689471312,-1.9630033420980908e-05,-1.2280481520576814e-08,-5.605414261841738e-05,-0.9914704277776782,-0.010297765819143883
612,0.9991087058051332,0.49965718474917736,0.09999997296839926,-9.793120822094276e-05,-0.00017366108100064716,-0.0019417328235560906,-1.9654953575809486e-05,-1.1935632926451945e-08,-5.613774830005812e-05,-0.9915102448036548,-0.010246610964450734
613,0.9991712083990121,0.49964307695796034,0.09999997297316,-9.715282797953133e-05,-0.0001748241024523981,-0.0019375196881979617,-1.9680344848893583e-05,-1.1689107459744719e-08,-5.62188686682097e-05,-0.9915494292316294,-0.010195520966080413
614,0.9992263378399082,0.49962885228937143,0.09999997298202817,-9.637751978236974e-05,-0.00017593158308125753,-0.0019334340129409022,-1.9704850274138153e-05,-1.122916248874617e-08,-5.629747921301917e-05,-0.9915879910192106,-0.010144508724186797
615,0.9992742657427173,0.4996145156491574,0.09999997299489208,-9.560543588157286e-05,-0.00017698333670416045,-0.0019294740062049409,-1.9729612176888622e-05,-1.0962903473910046e-08,-5.637360051716271e-05,-0.9916259399636536,-0.010093586825226169
616,0.9993151647067369,0.4996000730263846,0.09999997301163827,-9.483667356480212e-05,-0.0001779800778313912,-0.0019256364239888782,-1.9754224922508e-05,-1.0682271955886335e-08,-5.644721030275303e-05,-0.9916632857039652,-0.010042767499694905
617,0.9993492061475622,0.49958552993606425,0.0999999730321512,-9.407137009169297e-05,-0.00017892229853020374,-0.001921920986040317,-1.9778854039032012e-05,-1.0408027328878688e-08,-5.6518363662322935e-05,-0.9917000377332927,-0.009992062608054244
618,0.9993765611538638,0.4995708922093076,0.09999997305631658,-9.330958148288156e-05,-0.00017981069945700184,-0.0019183269010768728,-1.980328124773223e-05,-1.0072826128748602e-08,-5.658709958118285e-05,-0.9917362054167578,-0.009941483690009304
619,0.9993973996549677,0.49955616438865497,0.09999997308402701,-9.255138795549123e-05,-0.0001806456195506435,-0.0019148513877526479,-1.9827757569146343e-05,-9.833462932817838e-09,-5.665340439844109e-05,-0.991771797969093,-0.009891042006846852
620,0.9994118904228213,0.4995413497019607,0.09999997311517211,-9.179692217009781e-05,-0.00018142746572738538,-0.0019114926605235884,-1.9851926481351256e-05,-9.586546667605944e-09,-5.671729078468741e-05,-0.9918068244487488,-0.009840748457656505
621,0.9994202012625715,0.49952645517823097,0.09999997314963995,-9.104624762587801e-05,-0.0001821571454428518,-0.0019082473443604205,-1.9875886209774762e-05,-9.289834679293563e-09,-5.677873130734098e-05,-0.9918412937574286,-0.009790613585092502
622,0.9994224993991153,0.4995114855883817,0.09999997318732137,-9.029946851115928e-05,-0.00018283515938474507,-0.001905115532423777,-1.99003752641147e-05,-9.133698242180799e-09,-5.6837788710974615e-05,-0.9918752146640051,-0.009740647639631783
623,0.9994189497130748,0.4994964451756793,0.09999997322810789,-8.955664371678262e-05,-0.00018346231622817593,-0.001902096365598415,-1.9924189473385923e-05,-8.761443126559243e-09,-5.689449572419081e-05,-0.9919085958278719,-0.009690860568090239
624,0.9994097153578536,0.4994813387552428,0.09999997327189458,-8.881783128838624e-05,-0.00018403906203223576,-0.0018991871440440344,-1.9947829059674405e-05,-8.633481485276207e-09,-5.6948835423686736e-05,-0.9919414457681808,-0.009641262019437179
625,0.9993949598034301,0.49946616935644006,0.09999997331857978,-8.808311115292166e-05,-0.00018456600165758742,-0.0018963862467871778,-1.9971605070168152e-05,-8.419957175931359e-09,-5.700082230444478e-05,-0.9919737728582438,-0.009591861328595238
626,0.9993748441420078,0.499450943751186,0.09999997336806175,-8.735255617400602e-05,-0.0001850440477081654,-0.0018936906517791762,-1.999479172809515e-05,-8.15501621787007e-09,-5.705042869513001e-05,-0.9920055853236512,-0.009542667522575642
627,0.9993495296645833,0.499435666525867,0.09999997342023692,-8.662625284753565e-05,-0.00018547364080522932,-0.001891100138867375,-2.001836764975451e-05,-7.976432847556225e-09,-5.709770562260996e-05,-0.9920368912530159,-0.009493689343096624
628,0.9993191738178026,0.499420340900793,0.09999997347500394,-8.590423501957838e-05,-0.0001858557120972006,-0.001888614279417581,-2.0041748939547688e-05,-7.796569612139592e-09,-5.714269465933018e-05,-0.9920676986276828,-0.009444935250993224
629,0.9992839320927329,0.4994049708780807,0.0999999735322677,-8.518653910422783e-05,-0.00018619082675836222,-0.0018862303579861895,-2.0064508134964854e-05,-7.596375084517604e-09,-5.718537834241053e-05,-0.9920980153107067,-0.00939641340071602
630,0.9992439597269135,0.4993895614477172,0.09999997359193491,-8.44732358394435e-05,-0.00018647979865491472,-0.0018839468317662738,-2.0087489247089252e-05,-7.4073338574009995e-09,-5.722576440728933e-05,-0.9921278490268538,-0.009348131677013125
631,0.9991994111298275,0.4993741175534761,0.09999997365391136,-8.37643834469499e-05,-0.00018672320864486286,-0.001881760814606642,-2.0110350305913016e-05,-7.233713184007229e-09,-5.726383092964605e-05,-0.9921572073520072,-0.009300097696009835
632,0.9991504395253967,0.49935864377326006,0.0999999737181036,-8.306003790961433e-05,-0.00018692213360411788,-0.001879672173073525,-2.013296943914611e-05,-7.057708639734983e-09,-5.729962594633858e-05,-0.9921860977437955,-0.009252318828278303
633,0.9990971935391395,0.49934314377491246,0.09999997378442041,-8.23602354064527e-05,-0.00018707671615308507,-0.0018776803560019643,-2.015549580391962e-05,-6.876476277284382e-09,-5.7333184170936126e-05,-0.9922145275591929,-0.009204802196363647
634,0.9990398196758467,0.4993276206196688,0.09999997385277574,-8.166499151484477e-05,-0.00018718811591319603,-0.0018757829679875726,-2.0177891201456077e-05,-6.743043456935993e-09,-5.736449390070207e-05,-0.9922425040380638,-0.009157554653275583
635,0.9989784654530288,0.49931208005847244,0.09999997392308456,-8.097437438127441e-05,-0.0001872568351237143,-0.0018739785609540893,-2.020023384829983e-05,-6.600748392315836e-09,-5.739356261830965e-05,-0.9922700342921034,-0.00911058280754289
636,0.9989132754087318,0.49929652656617235,0.09999997399526117,-8.028841416068856e-05,-0.00018728375230896776,-0.0018722643553209818,-2.0221841623424552e-05,-6.430660448586423e-09,-5.7420368564411496e-05,-0.9922971253045667,-0.009063892991246518
637,0.9988443939316106,0.49928096447390413,0.09999997406922106,-7.960716268573123e-05,-0.0001872695819329974,-0.001870640293520752,-2.0243953258614056e-05,-6.334101687599514e-09,-5.744495737665481e-05,-0.9923237839456578,-0.009017491260183917
638,0.9987719594716229,0.49926539760277694,0.09999997414488448,-7.893061357707083e-05,-0.00018721550087102677,-0.001869105693895661,-2.0265548300812952e-05,-6.137184094257009e-09,-5.746735838819688e-05,-0.9923500169836003,-0.008971383444520156
639,0.9986961096529848,0.49924983082491853,0.09999997422217811,-7.825879300753866e-05,-0.00018712181512333558,-0.0018676584157306104,-2.0286941435188055e-05,-6.0551985647805395e-09,-5.748756117341204e-05,-0.9923758310741315,-0.008925575150753925
640,0.9986169820397248,0.4992342698770553,0.09999997430102907,-7.759174111494429e-05,-0.00018698944481309202,-0.0018662970487697507,-2.0308421881054528e-05,-5.900905986067073e-09,-5.750557791270287e-05,-0.9924012327629941,-0.008880071778119551
641,0.9985347116664488,0.4992187157584442,0.0999999743813618,-7.692950174615293e-05,-0.00018681883868789978,-0.0018650190332679295,-2.032952761510387e-05,-5.801354507894985e-09,-5.752138285791537e-05,-0.9924262284706302,-0.00883487847178387
642,0.9984494331555906,0.49920317721196816,0.09999997446310137,-7.627209077373144e-05,-0.00018661136727597146,-0.0018638242374202903,-2.0350333215901628e-05,-5.683863157912583e-09,-5.753502459288843e-05,-0.9924508245124047,-0.008790000131890708
643,0.9983612747318568,0.49918765546532173,0.09999997454617794,-7.561951457469173e-05,-0.00018636727137480227,-0.0018627120491877345,-2.037097692664247e-05,-5.498643318446739e-09,-5.754652518339347e-05,-0.9924750271186342,-0.008745441505086157
644,0.9982703639695331,0.49917215500053747,0.09999997463052611,-7.497178423464886e-05,-0.00018608724550999141,-0.0018616804305767276,-2.0392077203723602e-05,-5.486511245322845e-09,-5.755587956184297e-05,-0.992498842400983,-0.008701207111073734
645,0.998176828315994,0.4991566829072489,0.09999997471608119,-7.432892699102428e-05,-0.00018577242663293816,-0.0018607280425949706,-2.0412342564668506e-05,-5.34124788842405e-09,-5.7563097573750814e-05,-0.9925222763732032,-0.008657301224603559
646,0.9980807915271787,0.49914124112225566,0.09999997480277867,-7.369095608799467e-05,-0.00018542346205892217,-0.0018598525281283724,-2.0432662495295517e-05,-5.24638066323746e-09,-5.7568159402640124e-05,-0.9925453349442673,-0.008613727948138552
647,0.9979823793958197,0.49912583456906395,0.09999997489055235,-7.305791610500062e-05,-0.00018504077065289358,-0.001859053695620883,-2.045272776740603e-05,-5.147198667287967e-09,-5.757110218190544e-05,-0.9925680239135066,-0.008570491190282855
648,0.9978817089978699,0.49911046905659373,0.09999997497933942,-7.242977814120981e-05,-0.00018462538188487575,-0.0018583310996133373,-2.0472545656957664e-05,-5.066783881346737e-09,-5.757195788274314e-05,-0.9925903489928116,-0.00852759461721894
649,0.9977788959192285,0.4990951474354792,0.09999997506908431,-7.180654240877855e-05,-0.00018417809627668566,-0.0018576827624411647,-2.049251452262979e-05,-4.9717843175756116e-09,-5.7570717433601296e-05,-0.9926123157970251,-0.00848504171870033
650,0.9976740581764403,0.49907987384388836,0.0999999751597299,-7.118824249250205e-05,-0.00018369957781966015,-0.0018571072743923907,-2.0512077753664926e-05,-4.893968785779634e-09,-5.756738960787764e-05,-0.9926339298439176,-0.008442835813709202
651,0.9975673095352472,0.49906465446448434,0.09999997525122017,-7.057486942650756e-05,-0.00018319051831109393,-0.0018566025052116138,-2.053143543889746e-05,-4.8309249933709e-09,-5.7561960112558494e-05,-0.9926551965586982,-0.008400979977742409
652,0.9974587628202889,0.49904949410844335,0.0999999753435017,-6.996643796629551e-05,-0.00018265213798847853,-0.0018561682142620099,-2.0550578483380377e-05,-4.697008559872984e-09,-5.755445941355964e-05,-0.9926761212628851,-0.008359477112073858
653,0.997348526531684,0.4990343980632442,0.09999997543652087,-6.936294937146118e-05,-0.00018208457618452335,-0.0018558039631002602,-2.0569275875459425e-05,-4.67122251990304e-09,-5.754492204170851e-05,-0.9926967092028024,-0.008318329988169035
654,0.9972367048702808,0.49901936873163355,0.09999997553022921,-6.876438101932291e-05,-0.00018148855028931175,-0.0018555079473653543,-2.0588378902175464e-05,-4.606156345232648e-09,-5.753333499961338e-05,-0.9927169655325928,-0.008277541229449771
655,0.9971234061168319,0.49900440801360196,0.09999997562457989,-6.817075860423548e-05,-0.00018086459725800275,-0.0018552788834062064,-2.0606856196536683e-05,-4.487921589912958e-09,-5.7519713413958615e-05,-0.9927368953101869,-0.008237113285155829
656,0.9970087318361774,0.4989895233395008,0.09999997571952401,-6.75820781528732e-05,-0.00018021376588643796,-0.0018551146081521364,-2.06252298085019e-05,-4.483084570239271e-09,-5.750403698368079e-05,-0.9927565035084289,-0.00819704838181448
657,0.9968927860042319,0.49897472224325085,0.09999997581501453,-6.699833891865646e-05,-0.00017953677954443613,-0.0018550150413181763,-2.0643676180043258e-05,-4.405229070414407e-09,-5.7486345505076804e-05,-0.9927757950060463,-0.008157348585820779
658,0.996775664218912,0.4989600048782071,0.0999999759110068,-6.641952917628876e-05,-0.00017883437169133535,-0.001854979727014423,-2.0661413145717233e-05,-4.306929923814096e-09,-5.746666573459873e-05,-0.9927947746150354,-0.008118015835530252
659,0.9966574611722152,0.49894537606356915,0.09999997600746004,-6.584562953285815e-05,-0.00017810691293553192,-0.0018550068226096301,-2.0679257431766018e-05,-4.28944257890862e-09,-5.7444988590209844e-05,-0.992813447066369,-0.008079051933686339
660,0.996538273562906,0.498930839099639,0.09999997610433493,-6.527665075403566e-05,-0.00017735504833281957,-0.0018550951341954143,-2.06967415579129e-05,-4.213436266553572e-09,-5.742132107968163e-05,-0.9928318169983271,-0.008040458544517464
661,0.9964181943114898,0.4989164017989889,0.0999999762015918,-6.471258500579026e-05,-0.00017657939355548893,-0.001855242775924375,-2.07141310966108e-05,-4.180275237075648e-09,-5.739565683454325e-05,-0.9928498889643003,-0.00800223715828797
662,0.9962973150026965,0.4989020651533064,0.09999997629918975,-6.415343968808495e-05,-0.00017578103654741363,-0.0018554495402457157,-2.0731555196107365e-05,-4.11282741197283e-09,-5.736802587263954e-05,-0.9928676674393444,-0.007964389090359994
663,0.996175721143948,0.49888783625505695,0.09999997639708852,-6.359918731697977e-05,-0.0001749605247347541,-0.0018557150651457989,-2.0748826500494033e-05,-4.0782799359817545e-09,-5.733845912274326e-05,-0.992885156827574,-0.00792691551679271
664,0.996053495884737,0.4988737189824435,0.09999997649525283,-6.304980506875424e-05,-0.00017411860399287868,-0.0018560375566402862,-2.0765499357366934e-05,-4.028865241423318e-09,-5.7306949372374785e-05,-0.992902361465834,-0.007889817485539057
665,0.9959307257563952,0.4988597144990869,0.09999997659364884,-6.250529266907142e-05,-0.0001732557578207409,-0.0018564160071921274,-2.0782050341949798e-05,-4.0182257521337306e-09,-5.727350387430184e-05,-0.992919285609138,-0.007853095922959632
666,0.9958074928330818,0.4988458297778983,0.09999997669224324,-6.196563737652783e-05,-0.00017237239488835437,-0.001856848487872914,-2.079846126434859e-05,-3.9443728283572455e-09,-5.723811408169632e-05,-0.9929359334267231,-0.007816751642262084
667,0.9956838803322801,0.49883206888456044,0.09999997679100114,-6.143084755503603e-05,-0.0001714692408337172,-0.0018573349287488924,-2.0815094103454612e-05,-3.94998700414817e-09,-5.720081496295963e-05,-0.9929523090158727,-0.007780785310088895
668,0.9955599615098614,0.49881843316214175,0.0999999768898888,-6.090088349253516e-05,-0.0001705472173350313,-0.0018578748572495455,-2.0831092115258798e-05,-3.868294129460992e-09,-5.716163317143368e-05,-0.9929684164176886,-0.007745197456574229
669,0.9954358104678717,0.4988049283570656,0.09999997698887697,-6.037572637266241e-05,-0.00016960669634115126,-0.0018584666462560342,-2.084711377392523e-05,-3.843995788344046e-09,-5.712056248271296e-05,-0.9929842596061982,-0.007709988496720657
670,0.9953115025831389,0.4987915594135549,0.09999997708793684,-5.98553680102445e-05,-0.0001686484875995182,-0.0018591092939322955,-2.0863069948973134e-05,-3.8728118489927965e-09,-5.707761102896337e-05,-0.9929998424693949,-0.007675158732870241
671,0.9951871106847364,0.49877832781138504,0.09999997718704078,-5.933978888359723e-05,-0.00016767287676738144,-0.0018598009727303082,-2.0878520444966853e-05,-3.763667599798737e-09,-5.703277391253181e-05,-0.9930151688225428,-0.007640708348394911
672,0.995062706550772,0.4987652390720387,0.0999999772861591,-5.882899496476531e-05,-0.0001666807212312968,-0.0018605415189908434,-2.08940364245791e-05,-3.771701617694134e-09,-5.698608385290583e-05,-0.993030242426536,-0.007606637423181677
673,0.994938355826133,0.4987522975599197,0.09999997738526205,-5.832295009593008e-05,-0.00016567238026051593,-0.0018613306581641911,-2.090908310492523e-05,-3.7740583991308085e-09,-5.6937563991667666e-05,-0.9930450669813935,-0.007572945945636717
674,0.994814121488422,0.498739501938841,0.09999997748432463,-5.782162795890095e-05,-0.00016464830212670436,-0.0018621666245362237,-2.092407339659985e-05,-3.7026153254515748e-09,-5.688720927163482e-05,-0.9930596461158159,-0.007539633772833197
675,0.9946900700426025,0.4987268616336273,0.09999997758332403,-5.732500932830193e-05,-0.00016360933491475654,-0.0018630486247832273,-2.0938983652740717e-05,-3.7093448312930377e-09,-5.683503593820459e-05,-0.993073983395558,-0.0075067006445431305
676,0.9945662626156112,0.49871437983364075,0.099999977682238,-5.683307744100518e-05,-0.00016255603402580144,-0.0018639749897426824,-2.0953608327545226e-05,-3.7187168899777134e-09,-5.678103771337788e-05,-0.9930880823282356,-0.007474146231976477
677,0.9944427637200516,0.4987020565816517,0.0999999777810417,-5.634583350853228e-05,-0.0001614885417797165,-0.001864945470628142,-2.096802018058952e-05,-3.611156040861374e-09,-5.672524062008789e-05,-0.9931019463576631,-0.007441970132707673
678,0.9943196284460456,0.4986898966915003,0.09999997787970889,-5.5863248770989455e-05,-0.00016040757464620762,-0.0018659596579821383,-2.0982257410651073e-05,-3.6795588798099743e-09,-5.666766957739282e-05,-0.9931155788657979,-0.007410171835951189
679,0.9941969112183259,0.49867790310130605,0.09999997797821877,-5.538527858460054e-05,-0.00015931365475887118,-0.0018670162213339676,-2.0996556486352347e-05,-3.6323344332345187e-09,-5.6608330771730804e-05,-0.9931289831838517,-0.007378750678621985
680,0.9940746656723961,0.49866608329179846,0.09999997807655361,-5.4911904081479815e-05,-0.00015820796159637235,-0.0018681141672911583,-2.1010515411035158e-05,-3.6245602075268835e-09,-5.654722694775419e-05,-0.9931421625785,-0.007347705938773884
681,0.9939529490602561,0.49865443461156916,0.0999999781746925,-5.4443125837484896e-05,-0.00015709000826737748,-0.0018692519129919244,-2.1024097804911435e-05,-3.619822441791598e-09,-5.6484359804226543e-05,-0.9931551202535464,-0.007317036854255025
682,0.9938318136107326,0.49864296349201315,0.0999999782726134,-5.397891854973767e-05,-0.00015596064900513185,-0.0018704292890209069,-2.1037814804003574e-05,-3.5733318526354196e-09,-5.641975770590822e-05,-0.9931678593671445,-0.007286742533598776
683,0.9937113053229841,0.49863167182237605,0.09999997837029588,-5.3519250602759844e-05,-0.00015482060474813854,-0.0018716459074481192,-2.1050989744253457e-05,-3.6046685636392795e-09,-5.6353444518726984e-05,-0.9931803830287267,-0.007256822013935298
684,0.9935914703264929,0.4986205609497001,0.0999999784677229,-5.306408696591521e-05,-0.00015367006973972955,-0.0018729004523503007,-2.1064512111479416e-05,-3.592739217239682e-09,-5.6285419042919715e-05,-0.9931926942886253,-0.007227274253028142
685,0.9934723560601221,0.4986096342252669,0.09999997856487851,-5.261341310985169e-05,-0.00015250975034868626,-0.0018741920113739634,-2.107760519720614e-05,-3.577305562885158e-09,-5.621569690677491e-05,-0.9932047961403626,-0.007198098146467693
686,0.9933540078502168,0.49859889476422087,0.09999997866174559,-5.216720798812115e-05,-0.00015133989386067654,-0.0018755191552953553,-2.109060005750507e-05,-3.5647849117026453e-09,-5.6144272947448656e-05,-0.9932166915234316,-0.007169292518719117
687,0.9932364704082074,0.4985883452648767,0.09999997875830513,-5.1725460424503e-05,-0.00015016106557975707,-0.0018768815037579357,-2.1102958271512762e-05,-3.5824629929237517e-09,-5.607117202107966e-05,-0.9932283833162142,-0.007140856093211105
688,0.9931197827874466,0.49857798838083806,0.09999997885454115,-5.128811922947756e-05,-0.00014897361537551256,-0.0018782809127953813,-2.1115565687068738e-05,-3.570994389079374e-09,-5.599647377732592e-05,-0.9932398743742072,-0.0071127875234867355
689,0.9930039716618996,0.49856782536380456,0.09999997895044199,-5.08551479689872e-05,-0.0001477780864837043,-0.0018797137867123893,-2.112794027198106e-05,-3.552613314639075e-09,-5.592012433780138e-05,-0.9932511675089009,-0.007085085397197663
690,0.9928890872082006,0.4985578648920935,0.0999999790459952,-5.042653769136565e-05,-0.00014657503670820627,-0.001881179643664952,-2.1140300304978155e-05,-3.6031584382811843e-09,-5.58421458625117e-05,-0.9932622654710621,-0.007057748237429372
691,0.9927751644064213,0.49854810152135515,0.09999997914118847,-5.000226241135834e-05,-0.00014536480359013368,-0.0018826767964202817,-2.115215829689987e-05,-3.547326210551205e-09,-5.5762526314072835e-05,-0.9932731709574512,-0.007030774522009881
692,0.9926622430312146,0.4985385400410828,0.09999997923600724,-4.9582315187487486e-05,-0.00014414762360137826,-0.001884205300821488,-2.1164489226066507e-05,-3.5857925517746025e-09,-5.5681301950444274e-05,-0.9932838866066809,-0.007004162682558823
693,0.9925503521580555,0.49852918106539135,0.09999997933043618,-4.916665874343286e-05,-0.00014292406445244311,-0.0018857664856243047,-2.117610529239755e-05,-3.5553235910867897e-09,-5.559853871922539e-05,-0.9932944150424321,-0.006977911077747539
694,0.9924395127811456,0.49852002935979417,0.09999997942446426,-4.8755239663966234e-05,-0.00014169446346750191,-0.0018873572430890288,-2.118761040037498e-05,-3.5779261775559235e-09,-5.5514192170460796e-05,-0.9933047588509901,-0.006952017985419463
695,0.992329765807407,0.49851108332566363,0.09999997951808251,-4.8348049778092e-05,-0.00014045939129138122,-0.0018889767940933645,-2.1199131879257038e-05,-3.597522946208187e-09,-5.5428274837364034e-05,-0.9933149205502501,-0.006926481644402499
696,0.9922211413296984,0.4985023500872967,0.09999997961128,-4.794507016203737e-05,-0.00013921902141517958,-0.0018906239412111634,-2.1210471459198743e-05,-3.561548167496653e-09,-5.5340791545981445e-05,-0.9933249026085609,-0.006901300241710146
697,0.9921136678450962,0.4984938264698931,0.09999997970404315,-4.754628302885369e-05,-0.00013797399855283442,-0.001892298293746365,-2.122145269822795e-05,-3.6004919046206396e-09,-5.525176570005896e-05,-0.9933347074536517,-0.0068764719166547784
698,0.9920073712917715,0.4984855171836008,0.09999997979635976,-4.7151648367304544e-05,-0.00013672430168790913,-0.0018940014481119674,-2.123274316545576e-05,-3.6353975385594595e-09,-5.5161267250762206e-05,-0.9933443374932609,-0.006851994757439124
699,0.99190226317253,0.4984774216194355,0.09999997988822514,-4.6761102397101894e-05,-0.000135470705073184,-0.0018957303370183423,-2.1243437004159205e-05,-3.588427777145853e-09,-5.506925148677335e-05,-0.9933537950887814,-0.006827866792948048
700,0.9917983793408403,0.49846954131544474,0.0999999799796325,-4.63746642314457e-05,-0.00013421333832009996,-0.0018974842977718025,-2.1254261810099706e-05,-3.623140010233783e-09,-5.497574145613859e-05,-0.9933630825522691,-0.00680408603560718
701,0.9916957418276644,0.4984618796296421,0.09999998007057087,-4.5992297209783697e-05,-0.00013295255329223246,-0.001899262038671854,-2.126478466379922e-05,-3.637229628594696e-09,-5.488073294446794e-05,-0.9933722021590422,-0.006780650472641836
702,0.9915943750970844,0.49845443499521885,0.09999998016102896,-4.561399096543663e-05,-0.00013168852775580824,-0.001901063406671836,-2.1275323888403364e-05,-3.6591267793539828e-09,-5.4784256106511726e-05,-0.9933811561373095,-0.006757558002340936
703,0.9914942933903914,0.49844720955023664,0.09999998025099782,-4.523968674270265e-05,-0.00013042211360386345,-0.0019028897971822938,-2.128564301528968e-05,-3.6472478370797035e-09,-5.46863718004225e-05,-0.9933899466956131,-0.006734806493539221
704,0.9913955076187486,0.4984402035868842,0.0999999803404715,-4.486936164232203e-05,-0.00012915300328046717,-0.001904738299605382,-2.1296029444783926e-05,-3.644583967954418e-09,-5.4587045856873526e-05,-0.9933985760022813,-0.006712393767257269
705,0.9912980420374607,0.4984334241791658,0.09999998042944316,-4.450298692230177e-05,-0.00012788240288368375,-0.0019066082035638391,-2.1305702830431983e-05,-3.7001168795569583e-09,-5.4486292864144156e-05,-0.993407046179065,-0.006690317610804483
706,0.9912019173421213,0.4984268658028365,0.09999998051790615,-4.414054979190107e-05,-0.00012660962154111436,-0.0019084984144958524,-2.1315780031727627e-05,-3.7113510042985354e-09,-5.43841190015085e-05,-0.9934153593134086,-0.00666857583465138
707,0.9911071492642947,0.49842052816113386,0.09999998060585208,-4.378202614740915e-05,-0.00012533536045881226,-0.0019104087125535675,-2.1325267880456522e-05,-3.693616745792383e-09,-5.428055191054335e-05,-0.9934235174663737,-0.006647166191920271
708,0.9910137491140164,0.4984144135078284,0.0999999806932721,-4.342738485328998e-05,-0.00012405982732622693,-0.0019123404726540069,-2.1335143173928373e-05,-3.73069308778895e-09,-5.417564657241914e-05,-0.9934315226766828,-0.006626086362001793
709,0.9909217170499536,0.49840852123757823,0.09999998078016124,-4.307656596376381e-05,-0.0001227837746670406,-0.0019142889175766643,-2.1344661945477128e-05,-3.7248684137125565e-09,-5.406932867701037e-05,-0.9934393769241843,-0.006605334011627002
710,0.9908310886901224,0.49840285451458427,0.09999998086651388,-4.272959082905751e-05,-0.00012150703727053025,-0.0019162554157559817,-2.1354013370000757e-05,-3.745803667243308e-09,-5.396166353018015e-05,-0.9934470821592598,-0.006584906767434142
711,0.990741861036552,0.4983974175305494,0.09999998095232368,-4.238639655940119e-05,-0.00012023035907227462,-0.0019182389849466822,-2.1363368432503194e-05,-3.763342970586336e-09,-5.385265396657954e-05,-0.9934546403138946,-0.006564802219508987
712,0.9906540480329873,0.4983922036582527,0.09999998103758476,-4.2046978439860976e-05,-0.0001189536650282742,-0.0019202393946889053,-2.1372634364524856e-05,-3.817057780963751e-09,-5.374232419026403e-05,-0.9934620532765943,-0.006545017998222591
713,0.9905676572118082,0.4983872125521424,0.09999998112228807,-4.171130833298076e-05,-0.00011767700640075038,-0.0019222579110160373,-2.1381816623033956e-05,-3.804482062719217e-09,-5.363073385043015e-05,-0.9934693229211574,-0.006525551684524593
714,0.9904826836639726,0.4983824470811987,0.0999999812064291,-4.137932411587397e-05,-0.00011640108071320168,-0.0019242899564807393,-2.139041134796571e-05,-3.841320150854699e-09,-5.3517810235490127e-05,-0.9934764510856966,-0.006506400812153012
715,0.9903991565108301,0.49837790761915884,0.09999998129000515,-4.1051034248117096e-05,-0.00011512578819842757,-0.0019263369709012592,-2.139930620614905e-05,-3.845087803711067e-09,-5.3403615091833414e-05,-0.9934834395684711,-0.006487562925480155
716,0.9903170709940708,0.4983735919068217,0.09999998137301032,-4.072640415391668e-05,-0.0001138514435802138,-0.0019283979369059605,-2.140811920980923e-05,-3.8785725742229715e-09,-5.328815512057721e-05,-0.9934902901471943,-0.006469035524729098
717,0.9902364319331091,0.4983695029118027,0.09999998145543973,-4.040539720544446e-05,-0.00011257864328715748,-0.0019304726346869327,-2.141671757271979e-05,-3.8798018131558365e-09,-5.317145535416999e-05,-0.9934970045741915,-0.006450816086970601
718,0.9901572432017456,0.4983656373076177,0.09999998153728903,-4.0087992130793174e-05,-0.0001113073266365247,-0.0019325621395963266,-2.142500306945294e-05,-3.927159930583457e-09,-5.305356415010977e-05,-0.9935035845847366,-0.006432902092049398
719,0.990079498522944,0.49836199617578353,0.09999998161855676,-3.977413578204727e-05,-0.00011003772110087423,-0.001934662280458316,-2.1433696019812487e-05,-3.8962935100528284e-09,-5.2934422066283783e-05,-0.9935100318702402,-0.006415291014180748
720,0.9900032200127067,0.49835857846769227,0.0999999816992389,-3.9463848925173395e-05,-0.00010877014207385575,-0.0019367743506072653,-2.1442045181174763e-05,-3.944205406725132e-09,-5.2814088524633803e-05,-0.993516348092266,-0.006397980280468938
721,0.9899283962530983,0.4983553883389364,0.09999998177933123,-3.915706251751885e-05,-0.0001075051463337172,-0.001938897486621628,-2.145031794498209e-05,-4.024906186117505e-09,-5.26925686425413e-05,-0.9935225348981188,-0.006380967314898104
722,0.9898550339799269,0.4983524163234151,0.0999999818588306,-3.8853781068162766e-05,-0.00010624223616668182,-0.0019410314119432692,-2.1458559785969555e-05,-3.9735850165811826e-09,-5.256988642371386e-05,-0.9935285939015013,-0.006364249554316474
723,0.9897831284398586,0.4983496659348203,0.09999998193773199,-3.855395790409562e-05,-0.00010498219144330586,-0.0019431772075361,-2.146641600120347e-05,-4.034742762115684e-09,-5.244609307323881e-05,-0.9935345267050792,-0.006347824381020441
724,0.9897126704785679,0.49834713758192695,0.09999998201603597,-3.8257546722455316e-05,-0.00010372501536456669,-0.0019453307736942795,-2.14743322430877e-05,-4.046782464683929e-09,-5.232112967794119e-05,-0.9935403348820687,-0.006331689184673961
725,0.9896436785104977,0.4983448328055115,0.099999982093742,-3.79645572340784e-05,-0.00010247090485806609,-0.0019474934795543177,-2.1482077499968e-05,-4.092542749134509e-09,-5.219505250748699e-05,-0.993546019973004,-0.006315841361770266
726,0.9895761402692365,0.49834274582402616,0.09999998217084724,-3.767494745341946e-05,-0.00010121994885333901,-0.001949664498252293,-2.149003921658732e-05,-4.097758576904198e-09,-5.206787238104165e-05,-0.9935515835054771,-0.006300278272660583
727,0.9895100522257102,0.4983408771097237,0.09999998224735006,-3.738868934270996e-05,-9.997274978143747e-05,-0.0019518435210908144,-2.149778083548881e-05,-4.130456865425458e-09,-5.1939609079788204e-05,-0.9935570269831437,-0.006284997284591112
728,0.9894454123022732,0.4983392276346447,0.0999999823232482,-3.710576220147911e-05,-9.872907510013459e-05,-0.001954031663977783,-2.1505287804757245e-05,-4.134177000736372e-09,-5.18103097642476e-05,-0.9935623518864315,-0.006269995759916876
729,0.9893822049905506,0.49833779141111983,0.0999999823985425,-3.682611226689177e-05,-9.748943894456876e-05,-0.0019562250540679517,-2.1512860257644206e-05,-4.148571264295242e-09,-5.167992663848985e-05,-0.993567559668028,-0.006255271013755393
730,0.9893204436901368,0.49833657356546046,0.09999998247323205,-3.654975268142974e-05,-9.625404092713775e-05,-0.001958424769801046,-2.1520057998714037e-05,-4.2426111512838816e-09,-5.1548506367976245e-05,-0.9935726517587687,-0.0062408204196832875
731,0.9892601187678509,0.49833556706401944,0.09999998254731418,-3.627664230578307e-05,-9.502239916846547e-05,-0.001960630122818928,-2.1527768694795668e-05,-4.19353751723861e-09,-5.141606462477003e-05,-0.9935776295747907,-0.006226641385540785
732,0.9892012223672764,0.4983347744510915,0.09999998262078702,-3.600676357250355e-05,-9.379522395652835e-05,-0.0019628410287014495,-2.1535181076615117e-05,-4.250861440624476e-09,-5.128262219863849e-05,-0.9935824945110738,-0.006212731257810893
733,0.9891437445814928,0.4983341922939563,0.09999998269364713,-3.574008220065744e-05,-9.257274212312269e-05,-0.0019650583353657118,-2.1542340618907474e-05,-4.31796420841124e-09,-5.114822440386248e-05,-0.9935872479516423,-0.006199087363576262
734,0.9890876719972042,0.49833381852071407,0.09999998276589601,-3.5476550370725296e-05,-9.135490116130063e-05,-0.001967278379619465,-2.1549742086790502e-05,-4.301682565710507e-09,-5.1012820992093494e-05,-0.9935918912504582,-0.0061857070437001515
735,0.9890330141531332,0.49833365535684176,0.09999998283753599,-3.5216172082591133e-05,-9.014205123962388e-05,-0.0019695025074216435,-2.1556854335358366e-05,-4.333301717451832e-09,-5.0876468412742884e-05,-0.9935964257344368,-0.006172587643274134
736,0.9889797532938857,0.4983336971701831,0.09999998290856567,-3.495891529796379e-05,-8.893422754546328e-05,-0.0019717298163736546,-2.1563777409028262e-05,-4.3442551778127836e-09,-5.0739172272292436e-05,-0.9936008527245346,-0.006159726493875696
737,0.9889278822754203,0.49833394424719424,0.09999998297898438,-3.4704751013187374e-05,-8.773170768828134e-05,-0.0019739601186219403,-2.1570644094026648e-05,-4.422085808641896e-09,-5.060095463938042e-05,-0.9936051735213871,-0.00614712093408353
738,0.9888773922408263,0.4983343925810851,0.09999998304879243,-3.445365614944747e-05,-8.653437738437811e-05,-0.0019761944477745767,-2.1577918232651427e-05,-4.41274350393428e-09,-5.046186090384502e-05,-0.9936093894149076,-0.006134768305151826
739,0.9888282629084705,0.4983350465131908,0.09999998311799159,-3.42055882026945e-05,-8.534279541797e-05,-0.0019784292585490514,-2.1584917703876272e-05,-4.488398097635127e-09,-5.032184456992625e-05,-0.9936135016628036,-0.006122665979337295
740,0.9887805056616032,0.4983358927909141,0.09999998318658174,-3.396055933661738e-05,-8.415654676058197e-05,-0.0019806656179966655,-2.1591926270048134e-05,-4.46152581545789e-09,-5.0180956490353105e-05,-0.9936175115031182,-0.006110811358013817
741,0.988734099735326,0.49833694156393327,0.09999998325456141,-3.371852540353055e-05,-8.2976043387134e-05,-0.0019829030167599843,-2.1598902094410732e-05,-4.5125227998710216e-09,-5.0039209195993874e-05,-0.9936214201679908,-0.006099201781019674
742,0.9886890321100077,0.49833818634454713,0.09999998332193294,-3.3479451067786234e-05,-8.180175726117751e-05,-0.0019851410715285025,-2.1605495930998586e-05,-4.516861551451257e-09,-4.9896619981502055e-05,-0.9936252288697068,-0.006087834582686734
743,0.9886452936329564,0.49833962635918405,0.09999998338869814,-3.324332422508216e-05,-8.063351536659566e-05,-0.001987380851533435,-2.1612306227325462e-05,-4.59119453566359e-09,-4.975323284576202e-05,-0.9936289388144112,-0.0060767071266798894
744,0.988602864312173,0.49834125653633277,0.09999998345485882,-3.301010589000627e-05,-7.947139698957674e-05,-0.001989618935342353,-2.1619303879560903e-05,-4.564844946486346e-09,-4.960900779106659e-05,-0.993632551187065,-0.006065816779988962
745,0.9885617481741709,0.4983430790896678,0.09999998352041611,-3.27797947977688e-05,-7.831581165034962e-05,-0.0019918564024588147,-2.162561759178061e-05,-4.631048433623164e-09,-4.946398609880187e-05,-0.9936360671459513,-0.0060551609303329075
746,0.9885219270019138,0.4983450888243345,0.09999998358537043,-3.255235743088941e-05,-7.71664281293615e-05,-0.0019940928476051916,-2.1632746211253107e-05,-4.677543241626836e-09,-4.931818512575551e-05,-0.9936394878324046,-0.006044736992865325
747,0.9884833878993563,0.4983472828174295,0.09999998364972174,-3.2327778845926206e-05,-7.602354386499376e-05,-0.001996327907327134,-2.1639414626406506e-05,-4.71357575193565e-09,-4.917162355099591e-05,-0.9936428143703803,-0.00603454241541423
748,0.9884461191269902,0.4983496569403179,0.09999998371346942,-3.210603177774221e-05,-7.48870904576595e-05,-0.0019985624984723213,-2.164596298825927e-05,-4.707554346339293e-09,-4.902434493331508e-05,-0.9936460478867675,-0.006024574633259972
749,0.9884100979182046,0.4983522147369682,0.09999998377661594,-3.1887077107033555e-05,-7.375740818220676e-05,-0.0020007934883543937,-2.1652880604960956e-05,-4.73866279548929e-09,-4.887631116284722e-05,-0.9936491894939791,-0.006014831036700769
750,0.9883753247586897,0.4983549531317999,0.09999998383916371,-3.167090778978039e-05,-7.263486648096601e-05,-0.002003021970481961,-2.1659579942934215e-05,-4.815179810435666e-09,-4.872756522583123e-05,-0.9936522402791415,-0.006005309028078961
751,0.9883417796491836,0.49835786791913866,0.09999998390111477,-3.1457492788461696e-05,-7.151929880172185e-05,-0.00200524929288149,-2.1666068278136663e-05,-4.801811837040759e-09,-4.857815380698468e-05,-0.993655201325413,-0.005996006057538679
752,0.9883094397704629,0.4983609549680852,0.0999999839624718,-3.124680573608781e-05,-7.041072561927265e-05,-0.0020074712969205093,-2.167286402254831e-05,-4.851576473896557e-09,-4.842802313578345e-05,-0.9936580736890536,-0.005986919595073204
753,0.9882783120431516,0.49836421394971187,0.09999998402323643,-3.1038842807312394e-05,-6.930934049752506e-05,-0.002009692794367586,-2.1679234123439528e-05,-4.907744877158393e-09,-4.827728447200312e-05,-0.9936608584183946,-0.005978047122410116
754,0.9882483540113859,0.4983676405106116,0.09999998408341138,-3.083355434745914e-05,-6.821499794247538e-05,-0.0020119067350720427,-2.1685737010557204e-05,-4.890501781318335e-09,-4.812583304055416e-05,-0.9936635565521938,-0.0059693861236042745
755,0.9882195876496749,0.49837123555674895,0.09999998414299793,-3.063095839753532e-05,-6.712803428194256e-05,-0.0020141183299191654,-2.169271647289861e-05,-4.942617426451079e-09,-4.797378441075587e-05,-0.9936661691089734,-0.005960934098623749
756,0.9881919671452197,0.4983749947661789,0.09999998420199593,-3.043100316740005e-05,-6.604855250946338e-05,-0.0020163249156490174,-2.1699213903048076e-05,-4.985168722271283e-09,-4.782111424668193e-05,-0.9936686971093919,-0.00595268856178049
757,0.9881654903488977,0.4983789159078183,0.09999998426040788,-3.023367207281996e-05,-6.497660967525595e-05,-0.002018526455861695,-2.170611514884513e-05,-5.008661485561561e-09,-4.76678403914465e-05,-0.9936711415554538,-0.005944647034602435
758,0.9881401406801265,0.4983829969323957,0.09999998431823659,-3.0038945932690012e-05,-6.39123422917281e-05,-0.0020207236236040463,-2.17130254895892e-05,-5.062481989170919e-09,-4.751399558094516e-05,-0.9936735034285609,-0.005936807067251866
759,0.9881158977785452,0.49838723432412196,0.09999998437548425,-2.984680018613474e-05,-6.285573589439118e-05,-0.0020229135485876682,-2.1719482901971787e-05,-5.073570008562456e-09,-4.735955346300217e-05,-0.9936757836987016,-0.005929166210642935
760,0.9880927601328789,0.4983916250124507,0.09999998443215373,-2.9657221269787385e-05,-6.180690402415387e-05,-0.0020250972976213946,-2.1726375052821822e-05,-5.092136046158657e-09,-4.720455251621307e-05,-0.9936779833255827,-0.005921722013138007
761,0.988070703941753,0.49839616998979597,0.09999998448824737,-2.9470186052098235e-05,-6.076599906125848e-05,-0.002027276448451686,-2.1732808818342164e-05,-5.15737808015615e-09,-4.704904273268627e-05,-0.993680103272303,-0.005914472065714264
762,0.9880497051187094,0.49840085972415726,0.09999998454376724,-2.928566737120352e-05,-5.97328195994596e-05,-0.0020294468203058747,-2.17395991057856e-05,-5.221667986887724e-09,-4.6892963154392136e-05,-0.9936821444685364,-0.005907413995333859
763,0.9880297696903637,0.49840569676473295,0.09999998459871468,-2.9103666467152824e-05,-5.8707500397323525e-05,-0.002031613089497083,-2.1746254788013175e-05,-5.20130116754558e-09,-4.673642631733944e-05,-0.993684107830304,-0.005900545414772269
764,0.9880108512789695,0.49841067810919704,0.09999998465309377,-2.892412278021461e-05,-5.769033151818631e-05,-0.0020337686756063474,-2.1753463443019427e-05,-5.233217414968294e-09,-4.657933608391985e-05,-0.9936859942758933,-0.0058938639513113865
765,0.9879929707954817,0.4984158009651011,0.09999998470690669,-2.8747068266072697e-05,-5.6681356642146034e-05,-0.0020359185170595027,-2.1760150048066862e-05,-5.2867425992531025e-09,-4.6421798982668704e-05,-0.9936878047094935,-0.005887367245224255
766,0.9879760815059505,0.49842106158214605,0.09999998476015547,-2.857243610303835e-05,-5.5680642111463666e-05,-0.0020380599127569027,-2.1766822101199068e-05,-5.310012873849246e-09,-4.6263784997297526e-05,-0.993689540034025,-0.005881052969313653
767,0.987960183871325,0.4984264604271602,0.09999998481284453,-2.8400235575523904e-05,-5.4688008721967866e-05,-0.0020401932569834836,-2.177416354243178e-05,-5.349384935016133e-09,-4.610532298471704e-05,-0.9936912011334424,-0.005874918822997297
768,0.9879452549260462,0.49843199080545086,0.09999998486497538,-2.8230437879967263e-05,-5.370386294903922e-05,-0.00204231878872027,-2.178089926019311e-05,-5.375037304133912e-09,-4.5946433368727165e-05,-0.9936927888851103,-0.005868962496967115
769,0.9879312769645334,0.4984376504396066,0.09999998491655149,-2.8063018253837453e-05,-5.272804660526256e-05,-0.0020444344186022227,-2.178821523557417e-05,-5.4401003701798345e-09,-4.578710137657894e-05,-0.9936943041485153,-0.005863181731180967
770,0.9879182454251237,0.4984434372379036,0.09999998496757502,-2.7897978371720923e-05,-5.176056404140806e-05,-0.002046540682598607,-2.1795234715682454e-05,-5.447936768376849e-09,-4.562735492849175e-05,-0.9936957477678207,-0.005857574284808078
771,0.9879061379565702,0.4984493490884858,0.09999998501804813,-2.7735283603272666e-05,-5.0801590062493255e-05,-0.002048639417228962,-2.1802592527819797e-05,-5.465599084431005e-09,-4.546724695406251e-05,-0.9936971205921961,-0.005852137899372934
772,0.9878949248432388,0.4984553829576885,0.09999998506797449,-2.7574908907249588e-05,-4.985134627862653e-05,-0.002050726514428679,-2.1809753889101557e-05,-5.542116099377381e-09,-4.530672298552655e-05,-0.9936984234562705,-0.005846870355742216
773,0.9878846148635333,0.49846153766206586,0.09999998511735635,-2.7416857866228016e-05,-4.890956706553389e-05,-0.0020528066001519033,-2.1816977096023038e-05,-5.561001881204675e-09,-4.514588203173846e-05,-0.993699657190094,-0.005841769477621137
774,0.9878751632818538,0.49846780465491375,0.09999998516619596,-2.7261090447297925e-05,-4.7976345035507594e-05,-0.0020548730813165403,-2.182394928240683e-05,-5.591429541595971e-09,-4.4984627125905535e-05,-0.9937008226061187,-0.005836833113067522
775,0.987866591126776,0.49847418668188,0.0999999852144964,-2.7107614883221308e-05,-4.7051651478577364e-05,-0.002056929133662754,-2.183166543545667e-05,-5.623520316078157e-09,-4.482303442165859e-05,-0.993701920489171,-0.005832059117632908
776,0.9878588602459341,0.49848068092330206,0.09999998526226034,-2.6956399865632055e-05,-4.6135780818377936e-05,-0.002058976404866377,-2.1839234250364825e-05,-5.6134505932448064e-09,-4.466114983205376e-05,-0.9937029516463318,-0.005827445321125472
777,0.9878519418999914,0.49848728255180164,0.0999999853094897,-2.6807417013835992e-05,-4.522891640375627e-05,-0.002061010879607996,-2.184669574489817e-05,-5.716271900269021e-09,-4.449892049512864e-05,-0.9937039168669317,-0.005822989593495461
778,0.9878458452170504,0.498493989082427,0.099999985356187,-2.6660668026391364e-05,-4.433074560941509e-05,-0.002063036923768227,-2.185440098401159e-05,-5.753526099994133e-09,-4.433643709736751e-05,-0.9937048169278223,-0.00581868987558838
779,0.9878405282240685,0.49850079750471404,0.09999998540235486,-2.651612033842952e-05,-4.3441278333134785e-05,-0.0020650484897900734,-2.186188066843897e-05,-5.74405634168329e-09,-4.41736176391123e-05,-0.9937056525954473,-0.005814544091021689
780,0.9878360047510891,0.49850770649857495,0.09999998544799686,-2.637376971176178e-05,-4.256082930370822e-05,-0.0020670484940762835,-2.186994424846489e-05,-5.7994800073402075e-09,-4.401052856167729e-05,-0.993706424617877,-0.005810550181546947
781,0.9878322434467376,0.49851471304238015,0.09999998549311528,-2.6233602102675726e-05,-4.168926028394932e-05,-0.002069038425467603,-2.1877684048376977e-05,-5.858674878567172e-09,-4.3847209837712075e-05,-0.9937071337544554,-0.005806706148933725
782,0.987829218841717,0.4985218121979254,0.0999999855377113,-2.6095589011389623e-05,-4.082652840853723e-05,-0.0020710145444077558,-2.1885627575102262e-05,-5.855972595725234e-09,-4.3683617415618884e-05,-0.9937077807509319,-0.005803009995774692
783,0.9878269334061806,0.4985290054970285,0.09999998558178769,-2.595972587213432e-05,-3.9972839845766014e-05,-0.0020729810964540333,-2.189382939832285e-05,-5.91074833522498e-09,-4.351983431675506e-05,-0.993708366341256,-0.005799459744157818
784,0.9878253466932251,0.4985362838378258,0.09999998562534786,-2.5825978460230825e-05,-3.912816021606641e-05,-0.0020749322362524805,-2.1901594664086588e-05,-5.956668935880316e-09,-4.335578485134016e-05,-0.9937088912502541,-0.0057960534284865785
785,0.9878244745902722,0.4985436507585558,0.09999998566839596,-2.5694351937994208e-05,-3.8292479463189975e-05,-0.002076870788522231,-2.19100147660356e-05,-5.9190758960880885e-09,-4.3191531975827085e-05,-0.9937093561936854,-0.005792789074933165
786,0.9878242814404603,0.4985511029202654,0.09999998571093605,-2.5564816025995424e-05,-3.7466157997758137e-05,-0.002078798402519038,-2.1918674974585883e-05,-6.037567779060282e-09,-4.3027112520398286e-05,-0.9937097618867639,-0.005789664757618
787,0.9878247445405529,0.49855863419863433,0.09999998575297053,-2.5437359547362e-05,-3.664889346330675e-05,-0.002080711277923689,-2.1927187844994478e-05,-6.053879175738075e-09,-4.2862486647314234e-05,-0.9937101090327674,-0.005786678598511765
788,0.9878258682160203,0.49856624485623247,0.09999998579450198,-2.5311973508513696e-05,-3.584075755512472e-05,-0.002082613489371161,-2.1935573386144824e-05,-6.076178227232276e-09,-4.2697728245260293e-05,-0.9937103983304527,-0.0057838287314482045
789,0.9878276129377769,0.49857392913577614,0.09999998583553296,-2.5188634425355475e-05,-3.504173248152816e-05,-0.0020844997125319706,-2.1944397303741425e-05,-6.0944964630493814e-09,-4.253277278102411e-05,-0.9937106304618363,-0.005781113286877708
790,0.987829989978862,0.4985816871009354,0.0999999858760662,-2.50673358964247e-05,-3.425207643930563e-05,-0.0020863723067138296,-2.1953170289634727e-05,-6.1870859546786505e-09,-4.236767209758471e-05,-0.9937108060980944,-0.005778530449640506
791,0.9878329744525509,0.49858951463542883,0.09999998591610487,-2.4948066752038144e-05,-3.3471420828315695e-05,-0.002088233081010413,-2.1962239770800807e-05,-6.142995889746317e-09,-4.220246967137533e-05,-0.9937109259224525,-0.005776078420506992
792,0.9878365341516736,0.4985974103784858,0.09999998595565157,-2.483079339977379e-05,-3.27002460827964e-05,-0.002090078325914958,-2.1971514797769487e-05,-6.215251424634971e-09,-4.2037118079404196e-05,-0.9937109905971268,-0.005773755381425237
793,0.9878406758996606,0.4986053713169453,0.09999998599470936,-2.47155197795704e-05,-3.1938422647828734e-05,-0.0020919120643709084,-2.1980595192871988e-05,-6.230696847353556e-09,-4.187169931175926e-05,-0.993711000782115,-0.005771559574868376
794,0.9878453622891247,0.4986133931264646,0.09999998603328064,-2.4602218578698617e-05,-3.118586016770787e-05,-0.00209372904304984,-2.1989540982758626e-05,-6.288513265673146e-09,-4.170614015942033e-05,-0.9937109571317717,-0.005769489278015023
795,0.9878506077858435,0.49862147667704304,0.09999998607136713,-2.449089835553502e-05,-3.0442499906958298e-05,-0.0020955317564205636,-2.1999334421707317e-05,-6.360971749330702e-09,-4.154049767024263e-05,-0.9937108602764179,-0.005767542788238616
796,0.9878563817325963,0.49862961634132297,0.09999998610897315,-2.4381522415200772e-05,-2.9708476244462304e-05,-0.002097321766766976,-2.200885137426667e-05,-6.3352070256428306e-09,-4.137480706149684e-05,-0.9937107108591795,-0.005765718405004127
797,0.9878626581216028,0.4986378095536814,0.09999998614610309,-2.4274080540516458e-05,-2.8983890880315858e-05,-0.0020990957633790887,-2.201887582486961e-05,-6.375604488795261e-09,-4.1209031958402394e-05,-0.9937105095082548,-0.005764014437091545
798,0.9878694401889003,0.49864605636985054,0.09999998618275946,-2.4168567368691264e-05,-2.826880695272202e-05,-0.002100857359578346,-2.2028529201634228e-05,-6.4511391784094485e-09,-4.1043239807341e-05,-0.993710256848869,-0.005762429241117605
799,0.9878766948740034,0.49865434919266916,0.09999998621894592,-2.4064958880302242e-05,-2.7562981389621815e-05,-0.0021026017615405797,-2.2038737370166928e-05,-6.416292386290934e-09,-4.087737014166729e-05,-0.9937099534948568,-0.005760961207189044
800,0.987884432539236,0.49866269331819973,0.09999998625466461,-2.3963264320518988e-05,-2.6866603395168855e-05,-0.0021043311666714636,-2.2048807295504957e-05,-6.52325615746463e-09,-4.071147173340742e-05,-0.9937096000436979,-0.005759608738784828
801,0.9878926260861366,0.4986710814469496,0.09999998628991896,-2.386345126724225e-05,-2.61796265792205e-05,-0.002106047164582872,-2.2059275579522364e-05,-6.51579146193626e-09,-4.054557868212123e-05,-0.9937091971044323,-0.005758370278475656
802,0.987901252979423,0.49867950870258415,0.09999998632471137,-2.3765518654150898e-05,-2.5502006440664744e-05,-0.0021077465701291095,-2.2069560145610012e-05,-6.542220543082067e-09,-4.0379655693674826e-05,-0.9937087452704496,-0.005757244273770041
803,0.987910313592632,0.4986879773734888,0.0999999863590441,-2.3669446640352232e-05,-2.4833918265099648e-05,-0.002109432852120234,-2.2080224880483e-05,-6.625253679004572e-09,-4.0213765702486404e-05,-0.9937082451276243,-0.005756229186021911
804,0.9879197765269937,0.4986964846398238,0.099999986392922,-2.3575218279625397e-05,-2.417519669988521e-05,-0.002111101544863191,-2.2091218852438033e-05,-6.6152305855382565e-09,-4.004785812468123e-05,-0.9937076972586655,-0.005755323525333061
805,0.9879296510910774,0.49870502574539316,0.09999998642634796,-2.3482838985555694e-05,-2.3525989351983225e-05,-0.002112754753872086,-2.210209277109243e-05,-6.691716070150733e-09,-3.988197227860526e-05,-0.9937071022318311,-0.005754525838923762
806,0.9879399138713278,0.4987135997850074,0.09999998645932405,-2.339229316165375e-05,-2.2886103280192342e-05,-0.0021143940427688613,-2.211343962699175e-05,-6.666356355822245e-09,-3.9716141943124854e-05,-0.9937064606111697,-0.005753834676334731
807,0.9879505381159018,0.4987222048318866,0.09999998649185222,-2.3303558339460932e-05,-2.225580475146081e-05,-0.0021160162796390906,-2.212455729022622e-05,-6.744448111106749e-09,-3.955033833235428e-05,-0.9937057729634136,-0.005753248599909751
808,0.9879615307006666,0.4987308382442024,0.09999998652393464,-2.3216637016725603e-05,-2.1634876725279167e-05,-0.0021176250491596127,-2.213657535321545e-05,-6.762280513328278e-09,-3.938461586084927e-05,-0.9937050398464127,-0.0057527662061793005
809,0.9879728551271683,0.49873949689948105,0.0999999865555736,-2.3131502468581502e-05,-2.102353220698127e-05,-0.0021192157660542147,-2.214802589151077e-05,-6.758566595266302e-09,-3.92189287838853e-05,-0.9937042618070349,-0.005752386117991611
810,0.9879845252595016,0.4987481785080928,0.09999998658677177,-2.3048159598943216e-05,-2.0421674783504155e-05,-0.0021207906544170483,-2.216002030763775e-05,-6.8691838883694345e-09,-3.9053311000815806e-05,-0.9937034393843327,-0.005752106982943199
811,0.9879965152777246,0.49875688223218667,0.09999998661753196,-2.2966591396432324e-05,-1.982924706760435e-05,-0.0021223510697773933,-2.217179826402571e-05,-6.8405903164148185e-09,-3.88877955520152e-05,-0.9937025731095717,-0.005751927445482481
812,0.9880088029425711,0.4987656068487072,0.0999999866478576,-2.288677637452625e-05,-1.9246358943215884e-05,-0.0021238941752923846,-2.2184260160429403e-05,-6.8821122134465895e-09,-3.8722355775922353e-05,-0.9937016635159486,-0.005751846188056919
813,0.9880213920806816,0.4987743484209304,0.09999998667775267,-2.280871656946401e-05,-1.867299074834696e-05,-0.0021254232567149063,-2.2196682039066218e-05,-6.96791513377093e-09,-3.8557043098688576e-05,-0.9937007111349466,-0.005751861931461703
814,0.9880342523878312,0.4987831035802484,0.09999998670721925,-2.2732397293154486e-05,-1.8109035617108223e-05,-0.0021269340208083017,-2.2209216695046052e-05,-6.949074649043041e-09,-3.8391808078686165e-05,-0.993699716480993,-0.0057519734239618245
815,0.9880473947698002,0.4987918732941923,0.09999998673626008,-2.2657815024928796e-05,-1.7554564091117853e-05,-0.0021284286695548685,-2.2222251573111862e-05,-6.9893868470671805e-09,-3.8226694571262386e-05,-0.9936986800593837,-0.005752179437045845
816,0.9880607934507699,0.4988006536283454,0.09999998676487974,-2.258495128802159e-05,-1.7009628505468575e-05,-0.002129908545273302,-2.223536284873262e-05,-7.0390715478652055e-09,-3.806172712822883e-05,-0.9936976023858956,-0.005752478760884016
817,0.98807442978902,0.49880944279154105,0.09999998679308154,-2.2513797385636262e-05,-1.647413769362925e-05,-0.0021313709758363822,-2.2248494133236818e-05,-7.042987970606873e-09,-3.7896876942825944e-05,-0.9936964839598672,-0.005752870193592668
818,0.9880883047724139,0.4988182384889498,0.09999998682086732,-2.2444352637154944e-05,-1.5948173442422144e-05,-0.002132818998775584,-2.226213473477401e-05,-7.083909014937717e-09,-3.773219615084661e-05,-0.9936953252722862,-0.0057533525519237495
819,0.9881023899978987,0.49882703839123543,0.09999998684823927,-2.2376593995606215e-05,-1.5431734499755158e-05,-0.002134248638125741,-2.227578625024762e-05,-7.10528524905385e-09,-3.756764183827765e-05,-0.9936941268129393,-0.0057539247060301255
820,0.9881166968635035,0.49883584269650205,0.09999998687520059,-2.231052707761146e-05,-1.4924761659170687e-05,-0.002135661876627322,-2.228961602668278e-05,-7.148861058681177e-09,-3.740324619084502e-05,-0.9936928890591061,-0.0057545855438640246
821,0.9881312019970565,0.49884464952397967,0.0999999869017541,-2.224613708687128e-05,-1.4427254668356562e-05,-0.002137060111606699,-2.2303818695945665e-05,-7.202554552776519e-09,-3.7239037451116454e-05,-0.9936916124856836,-0.005755333967678196
822,0.9881458865880085,0.49885345444264,0.09999998692790252,-2.218340905230258e-05,-1.393919867453609e-05,-0.0021384407903781134,-2.2318336050375365e-05,-7.195993578790194e-09,-3.707499154687003e-05,-0.9936902975637825,-0.005756168924579327
823,0.9881607539110426,0.4988622542741867,0.09999998695364679,-2.212235260553519e-05,-1.3460589753683553e-05,-0.002139806691854972,-2.2332673324854113e-05,-7.2449131138796474e-09,-3.691115184726648e-05,-0.9936889447624181,-0.005757089365462667
824,0.9881757757680683,0.49887105217003075,0.0999999869789894,-2.206293228572909e-05,-1.2991452009235566e-05,-0.0021411542535819087,-2.2347427147906274e-05,-7.26365367853532e-09,-3.6747478711931226e-05,-0.9936875545404226,-0.005758094247167962
825,0.9881909617163327,0.49887984337019353,0.09999998700393484,-2.2005160145094563e-05,-1.2531758754337035e-05,-0.0021424853752616347,-2.236249201814644e-05,-7.355690723187536e-09,-3.658400571812026e-05,-0.993686127346445,-0.005759182580760384
826,0.988206292272764,0.49888862602124434,0.09999998702848503,-2.1949027038479402e-05,-1.2081414863133735e-05,-0.002143801162124808,-2.2377700588549487e-05,-7.329711504411307e-09,-3.6420753813814924e-05,-0.9936846636305046,-0.005760353395836266
827,0.9882217482952753,0.4988973989584431,0.09999998705264293,-2.189451095553964e-05,-1.1640526855832357e-05,-0.002145099272039044,-2.2392892788047902e-05,-7.32635463407405e-09,-3.625770213783313e-05,-0.9936831638370243,-0.0057616057158069185
828,0.9882373317763524,0.4989061624928651,0.09999998707641271,-2.18416135264101e-05,-1.1209092759591377e-05,-0.00214638264856401,-2.2409105440601707e-05,-7.433529791711635e-09,-3.6094892710615544e-05,-0.9936816284063771,-0.00576293861107363
829,0.9882530184366779,0.4989149106293324,0.0999999870997955,-2.1790329558058113e-05,-1.0787030697148418e-05,-0.002147647551535883,-2.2424508642870933e-05,-7.461418150001009e-09,-3.593228335911274e-05,-0.9936800577607686,-0.005764351187726297
830,0.9882688190496333,0.49892364438801806,0.099999987122794,-2.1740649580057528e-05,-1.0374258256664422e-05,-0.002148895971022688,-2.2440786779043265e-05,-7.411559810321933e-09,-3.57699136432569e-05,-0.993678452323313,-0.005765842544686654
831,0.9882847095409729,0.498932362132602,0.09999998714541286,-2.1692562499035193e-05,-9.970949777680434e-06,-0.00215012916571183,-2.2457510567619465e-05,-7.49813988676351e-09,-3.5607800998674174e-05,-0.9936768125268497,-0.0057674118102454645
832,0.988300675019958,0.498941061231715,0.09999998716765453,-2.16460602615181e-05,-9.577012448107884e-06,-0.0021513446817831724,-2.247406700917054e-05,-7.455088102403806e-09,-3.544592049512126e-05,-0.9936751387837268,-0.005769058146295539
833,0.9883167184993364,0.49894974363218847,0.09999998718952141,-2.1601142557453498e-05,-9.192467172089372e-06,-0.002152545196684897,-2.249090357508976e-05,-7.621570041749237e-09,-3.528431054667185e-05,-0.9936734314964162,-0.0057707807401095115
834,0.9883328187757972,0.49895840221072246,0.09999998721101566,-2.1557798937527694e-05,-8.81713559365334e-06,-0.0021537276112722336,-2.2508347683469765e-05,-7.524104894685024e-09,-3.5122942283499885e-05,-0.9936716910612079,-0.005772578813020415
835,0.9883489811297265,0.49896704060684344,0.09999998723213827,-2.1516033481916562e-05,-8.45116081095349e-06,-0.0021548934545988344,-2.252568992844317e-05,-7.615807540162223e-09,-3.496184232552472e-05,-0.9936699178726486,-0.005774451595868349
836,0.9883651882076411,0.49897565530918264,0.09999998725289166,-2.147582545638587e-05,-8.094476135663703e-06,-0.0021560440645915276,-2.2543488739756867e-05,-7.588105255251776e-09,-3.480103246481915e-05,-0.9936681123361768,-0.005776398321065529
837,0.988381422641081,0.49898424633807237,0.09999998727327929,-2.1437167659223115e-05,-7.747110360421086e-06,-0.0021571771110877867,-2.2561343939742073e-05,-7.694387349488352e-09,-3.464048474957342e-05,-0.9936662748408056,-0.005778418250380682
838,0.9883976902912374,0.49899281074241,0.09999998729330474,-2.1400058578709366e-05,-7.408962489600146e-06,-0.0021582950614096367,-2.257926644233521e-05,-7.662863232837935e-09,-3.448023832545634e-05,-0.9936644057661246,-0.005780510684505446
839,0.9884139690206909,0.4990013480866214,0.09999998731297069,-2.1364494072978982e-05,-7.080022978833863e-06,-0.002159395192287263,-2.2598140276386403e-05,-7.701187243469576e-09,-3.432026478546295e-05,-0.9936625054903616,-0.0057826749459885494
840,0.9884302638868456,0.49900985617647725,0.09999998733227843,-2.133047142024003e-05,-6.760333955716088e-06,-0.0021604788381101156,-2.2616624846705236e-05,-7.757562592303202e-09,-3.416058585465518e-05,-0.9936605743818394,-0.0057849103579493185
841,0.9884465594311455,0.49901833338286045,0.09999998735123172,-2.1297975794573873e-05,-6.449821106289411e-06,-0.002161547241665122,-2.2635967980022542e-05,-7.698236714759332e-09,-3.4001222676534745e-05,-0.9936586128126597,-0.005787216254990571
842,0.988462838576826,0.4990267810564141,0.09999998736983406,-2.126700216051206e-05,-6.148573879292841e-06,-0.0021625983093737484,-2.265518924104981e-05,-7.771441268289436e-09,-3.3842152930897904e-05,-0.993656621146906,-0.005789591990372064
843,0.9884791055543231,0.49903519799824425,0.0999999873880874,-2.1237555956211295e-05,-5.856472608126489e-06,-0.002163634203669075,-2.2674812498735264e-05,-7.811596702822499e-09,-3.368340688497897e-05,-0.9936545997416147,-0.005792036927036001
844,0.9884953381930761,0.49904358128956644,0.09999998740599464,-2.120963027815883e-05,-5.573510001765872e-06,-0.002164651759850323,-2.269459218950942e-05,-7.7567374745513e-09,-3.352495363911865e-05,-0.9936525489514921,-0.005794550415714498
845,0.988511537846283,0.49905193378976287,0.09999998742355942,-2.1183255203532135e-05,-5.29970770182101e-06,-0.0021656555002820517,-2.2714981241733767e-05,-7.630142739856183e-09,-3.3366849399067967e-05,-0.9936504690965728,-0.005797131521045413
846,0.9885276809775645,0.4990602551130064,0.09999998744079766,-2.115817027815635e-05,-5.035540158963335e-06,-0.0021666433586950418,-2.2733818695996888e-05,-7.902182908026134e-09,-3.3209082653084186e-05,-0.9936483605050963,-0.005799779497273916
847,0.9885437828249437,0.4990685237293954,0.0999999874577223,-2.1134606441823782e-05,-4.780202720740072e-06,-0.0021676149455854125,-2.275760198244825e-05,-8.317606159380375e-09,-3.305164591215512e-05,-0.9936462235346651,-0.005802494358689094
848,0.9885598597477883,0.49907677165064146,0.09999998747431826,-2.11126465579027e-05,-4.533330082366243e-06,-0.002168570464634997,-2.2777076083002612e-05,-8.079605429145431e-09,-3.2894546953370955e-05,-0.9936440585348523,-0.005805276107348962
849,0.9885758847414107,0.49908496654033463,0.0999999874905703,-2.109220384706997e-05,-4.295188384781608e-06,-0.0021695084348984615,-2.2798049030825496e-05,-7.928803391621386e-09,-3.273776730563658e-05,-0.9936418658482833,-0.0058081243671458315
850,0.9885918473633022,0.4990931225774685,0.09999998750647983,-2.107325441568812e-05,-4.0660487684551205e-06,-0.002170430288821926,-2.281977140228264e-05,-8.041766363930947e-09,-3.258132626418039e-05,-0.9936396457889455,-0.005811038690994167
851,0.9886077348949543,0.4991012336170769,0.09999998752205058,-2.1055790262991054e-05,-3.8458513455829635e-06,-0.002171337138996258,-2.2841693862574175e-05,-8.009224394811554e-09,-3.2425244145989404e-05,-0.9936373986718245,-0.005814018668181872
852,0.988623534232838,0.49910930236479567,0.0999999875372859,-2.10398034053492e-05,-3.6345915670000075e-06,-0.0021722274253775375,-2.2864065613248385e-05,-8.02555710777142e-09,-3.22695054492826e-05,-0.9936351248110109,-0.0058170639049827
853,0.9886392470417641,0.49911732543713283,0.09999998755218706,-2.102530056787921e-05,-3.432247383859631e-06,-0.002173102909604587,-2.288607538503129e-05,-8.05490874000725e-09,-3.2114133961090394e-05,-0.993632824518,-0.005820174017014833
854,0.9886548581925282,0.4991253056940129,0.09999998756675492,-2.101226744405693e-05,-3.238748566756783e-06,-0.002173961510511381,-2.2909212930244394e-05,-8.09598521556154e-09,-3.1959107749984143e-05,-0.9936304980949165,-0.005823348656331698
855,0.9886703730025629,0.49913323788996317,0.09999998758099216,-2.100070530667915e-05,-3.0541007491754254e-06,-0.002174804175658311,-2.2931953935767524e-05,-8.176537669157824e-09,-3.180444176602554e-05,-0.993628145831427,-0.005826587501755156
856,0.9886857810816209,0.4991411249793235,0.09999998759490315,-2.099060390106656e-05,-2.8782174681231477e-06,-0.0021756321261619496,-2.2955429813009687e-05,-8.047170041436402e-09,-3.165015426207466e-05,-0.9936257680234016,-0.005829890219380789
857,0.9887010662241732,0.4991489662467088,0.09999998760849199,-2.0981956392978398e-05,-2.711158531301439e-06,-0.0021764437318102367,-2.2978763809078373e-05,-8.21573564735445e-09,-3.149622626201538e-05,-0.9936233649573387,-0.005833256497841268
858,0.988716235573294,0.49915675941254695,0.09999998762176104,-2.0974770978389413e-05,-2.552791052045361e-06,-0.002177240949598681,-2.3003136448096484e-05,-8.118149708025157e-09,-3.1342686693884466e-05,-0.9936209369164676,-0.005836686062939534
859,0.9887312698865451,0.499164506436024,0.09999998763471198,-2.096903612962326e-05,-2.4031701194250693e-06,-0.002178021655096543,-2.302732173120603e-05,-8.247255323112768e-09,-3.118951114529768e-05,-0.9936184841815768,-0.005840178653354745
860,0.9887461771084818,0.49917220296325493,0.09999998764734683,-2.096475484131269e-05,-2.2621907425022636e-06,-0.0021787868393569796,-2.3051592506817542e-05,-8.19586265521366e-09,-3.1036713757188206e-05,-0.9936160070202457,-0.005843734027733728
861,0.9887609460824537,0.49917985171234824,0.0999999876596692,-2.0961918054397126e-05,-2.1298402765852713e-06,-0.0021795376119084263,-2.3076785510056652e-05,-8.268735918193215e-09,-3.088431060505413e-05,-0.9936135057011161,-0.00584735199190495
862,0.9887755669363438,0.4991874490254537,0.0999999876716815,-2.0960528794288575e-05,-2.0060841117424504e-06,-0.002180272483126654,-2.3101922124624252e-05,-8.288117747667911e-09,-3.0732286844894e-05,-0.9936109804923892,-0.005851032354430194
863,0.9887900403460061,0.49919499568364073,0.0999999876833857,-2.096058067990099e-05,-1.890877938683937e-06,-0.002180993186513996,-2.3127398890210316e-05,-8.307940113638779e-09,-3.05806619020745e-05,-0.9936084316528762,-0.005854774949176068
864,0.9888043555502337,0.49920249071249745,0.09999998769478442,-2.0962070062495038e-05,-1.7841884030437308e-06,-0.0021816977585797062,-2.315326673851814e-05,-8.285045538514169e-09,-3.0429419179420984e-05,-0.9936058594344171,-0.005858579648349715
865,0.9888185148712131,0.4992099338513479,0.09999998770588037,-2.0964996967547354e-05,-1.6859987679719168e-06,-0.00218238738971965,-2.3179558411356993e-05,-8.353325142707035e-09,-3.027857250796528e-05,-0.993603264089135,-0.005862446320612044
866,0.9888325085272355,0.499217324677292,0.09999998771667586,-2.0969362357331425e-05,-1.59624659748282e-06,-0.0021830628115631716,-2.320597013749648e-05,-8.345391044883854e-09,-3.0128131102919828e-05,-0.9936006458684569,-0.0058663748665678025
867,0.9888463279052255,0.4992246623946198,0.09999998772717253,-2.0975159055901874e-05,-1.5149115055944664e-06,-0.00218372274976509,-2.3232863895827904e-05,-8.372087023644781e-09,-2.9978082937577514e-05,-0.9935980050173676,-0.005870365207814712
868,0.9888599749408679,0.4992319462643645,0.0999999877373729,-2.098238833133674e-05,-1.4419478858989157e-06,-0.002184368939511792,-2.325995228602551e-05,-8.396972006607939e-09,-2.9828447621339378e-05,-0.9935953417790748,-0.005874417265371981
869,0.9888734350563999,0.49923917566436293,0.09999998774727964,-2.099104129810607e-05,-1.3773158589601464e-06,-0.002184999522382387,-2.3287426301976666e-05,-8.418496122430952e-09,-2.9679205119085967e-05,-0.9935926563887953,-0.005878530986398513
870,0.988886715798896,0.4992463515508717,0.09999998775689486,-2.1001127536978463e-05,-1.320970249543784e-06,-0.002185615450688098,-2.3315198632190004e-05,-8.417561758733427e-09,-2.9530368942001946e-05,-0.9935899490740834,-0.005882706341464426
871,0.988899806258797,0.4992534730036525,0.0999999877662209,-2.10126369353432e-05,-1.2728769996587854e-06,-0.0021862176523904787,-2.3343372959061526e-05,-8.443832300031318e-09,-2.9381947487453257e-05,-0.9935872200587235,-0.005886943311480951
872,0.9889126980883215,0.4992605376111893,0.09999998777525981,-2.1025570404275756e-05,-1.2329920036127892e-06,-0.0021868047690047072,-2.33717801165767e-05,-8.446309429643861e-09,-2.923393085300665e-05,-0.9935844695582864,-0.005891241907679197
873,0.9889253945203619,0.49926754689853775,0.09999998778401334,-2.1039928091071358e-05,-1.2012820254472395e-06,-0.00218737842532673,-2.3400534701067954e-05,-8.47068815090779e-09,-2.9086337569339756e-05,-0.9935816977936789,-0.005895602168793864
874,0.9889378835857766,0.499274500280226,0.09999998779248298,-2.1055708137085673e-05,-1.177702076779512e-06,-0.0021879370490060154,-2.3429785869666375e-05,-8.491426228829368e-09,-2.8939149513292482e-05,-0.9935789049782215,-0.005900024152403883
875,0.9889501696678064,0.49928139755763107,0.09999998780067004,-2.1072911612928527e-05,-1.1622105696887138e-06,-0.0021884814843276305,-2.3458898795070127e-05,-8.488926894756332e-09,-2.87923799720534e-05,-0.9935760913232988,-0.0059045079030407704
876,0.9889622429848707,0.49928823947621354,0.09999998780857731,-2.1091529440074615e-05,-1.1547394470955832e-06,-0.0021890146176178024,-2.3488688384531997e-05,-8.552623498303547e-09,-2.8646051805019736e-05,-0.993573257038753,-0.005909053483253315
877,0.9889740866393896,0.49929502407052895,0.09999998781620702,-2.111155929447104e-05,-1.1552665483095003e-06,-0.0021895311162901786,-2.3519143724115565e-05,-8.536023443639351e-09,-2.8500118036423566e-05,-0.9935704023156355,-0.005913661003482116
878,0.9889857245961708,0.49930175135039734,0.0999999878235613,-2.1133012629771722e-05,-1.1637513957154864e-06,-0.00219003667933803,-2.3549187972093932e-05,-8.566808595844577e-09,-2.8354633731389163e-05,-0.9935675273499966,-0.005918330583372399
879,0.9889971246688605,0.49930842090626293,0.09999998783064118,-2.1155880610851356e-05,-1.1801360347469126e-06,-0.0021905255145401575,-2.357998164370656e-05,-8.587528022019342e-09,-2.8209544344689834e-05,-0.9935646323359795,-0.0059230623462121525
880,0.9890083123409662,0.4993150331291811,0.09999998783744912,-2.1180164820811862e-05,-1.2043744251201261e-06,-0.002191002842543606,-2.3611395590705797e-05,-8.59603588310165e-09,-2.806490088531049e-05,-0.9935617174630705,-0.005927856454824269
881,0.9890192588780141,0.4993215871295591,0.09999998784398806,-2.1205863551732466e-05,-1.2364468460832513e-06,-0.002191466960951887,-2.3642400265089236e-05,-8.58954862792416e-09,-2.7920686446906296e-05,-0.9935587829247242,-0.005932713067880508
882,0.9890299672821993,0.49932808493602804,0.09999998785026075,-2.1232965534924643e-05,-1.2762559844311145e-06,-0.002191917232562746,-2.3674738258705474e-05,-8.666262374390499e-09,-2.7776891784567304e-05,-0.9935558288964377,-0.005937632367570271
883,0.9890404415809323,0.49933452342616824,0.09999998785627007,-2.1261490485225056e-05,-1.323814432991902e-06,-0.002192354650333996,-2.3706437787041068e-05,-8.60963034199358e-09,-2.7633531025670645e-05,-0.9935528555472293,-0.005942614575351377
884,0.9890506717562368,0.49934090234805306,0.09999998786201593,-2.1291432105957776e-05,-1.3790405246220929e-06,-0.002192778186384598,-2.373898314544931e-05,-8.607429435869562e-09,-2.749059574979594e-05,-0.9935498630572064,-0.005947659889779184
885,0.9890606587478582,0.49934722457844155,0.09999998786750074,-2.13227816411364e-05,-1.4418705780256267e-06,-0.0021931883235684225,-2.3771555788698606e-05,-8.674014395637641e-09,-2.7348087896616983e-05,-0.9935468516017103,-0.005952768531839892
886,0.9890703993151295,0.4993534879211017,0.09999998787272862,-2.1355543233594228e-05,-1.5122754526019067e-06,-0.0021935879741390696,-2.380482510488946e-05,-8.69128591318713e-09,-2.7206032796584943e-05,-0.9935438213484575,-0.005957940753830653
887,0.9890798756758915,0.49935969281781406,0.09999998787770123,-2.1389715334125533e-05,-1.590210631979961e-06,-0.0021939721562610134,-2.3838516426621936e-05,-8.673164408889988e-09,-2.7064385813203146e-05,-0.9935407724547134,-0.005963176827682794
888,0.9890891107695177,0.4993658377542913,0.09999998788241926,-2.142531038958076e-05,-1.675620860853126e-06,-0.0021943460946525217,-2.387256608926691e-05,-8.723830546841782e-09,-2.6923195530227046e-05,-0.9935377050764775,-0.005968477046796565
889,0.9890980758115873,0.49937192474169,0.0999999878868844,-2.1462312748460276e-05,-1.7684716045244176e-06,-0.0021947044861972977,-2.390649024164304e-05,-8.689644559467524e-09,-2.678241276826689e-05,-0.9935346193659224,-0.0059738417095457005
890,0.9891067947068796,0.4993779526684043,0.09999998789109982,-2.150073321257392e-05,-1.868682748795847e-06,-0.002195052258715099,-2.394097828073427e-05,-8.784193816779862e-09,-2.6642081545338238e-05,-0.9935315154679188,-0.005979271138247515
891,0.9891152425834943,0.4993839212896098,0.09999998789506682,-2.1540573810568485e-05,-1.976263069176696e-06,-0.0021953876224105467,-2.397575372015126e-05,-8.688460617634064e-09,-2.650218895528144e-05,-0.9935283935335465,-0.0059847656864563375
892,0.9891234234770342,0.4993898313484706,0.09999998789878543,-2.158182957857299e-05,-2.0911182550822524e-06,-0.002195710358314407,-2.4011258574319072e-05,-8.781517735201305e-09,-2.6362728327668943e-05,-0.9935252537054293,-0.005990325707945413
893,0.9891313372725797,0.49939568162292913,0.09999998790225728,-2.1624504362028618e-05,-2.2132014420012335e-06,-0.0021960210524447285,-2.404664337518625e-05,-8.73693029035394e-09,-2.6223708175772997e-05,-0.9935220961246891,-0.005995951557155729
894,0.9891389783727682,0.49940147339240765,0.0999999879054846,-2.166859341488639e-05,-2.3424500850111433e-06,-0.002196319023590987,-2.4082561139948666e-05,-8.755034919261107e-09,-2.6085119100899324e-05,-0.9935189209342197,-0.006001643595123547
895,0.9891463477566395,0.4994072076998295,0.09999998790847031,-2.1714099422012658e-05,-2.4787983207219754e-06,-0.002196604580942807,-2.411866807960905e-05,-8.749680979747154e-09,-2.5946964080898957e-05,-0.9935157282675118,-0.0060074021982924174
896,0.9891534419465479,0.4994128833181776,0.09999998791121745,-2.176102203848571e-05,-2.622192092404533e-06,-0.0021968805130253835,-2.4155524442903697e-05,-8.853354493965071e-09,-2.5809265391658366e-05,-0.9935125182573512,-0.0060132277921358685
897,0.9891602478553774,0.4994184984371354,0.0999999879137271,-2.180936672615098e-05,-2.772666364118283e-06,-0.0021971421286276173,-2.4192595446947962e-05,-8.76858763376731e-09,-2.5671982033114175e-05,-0.9935092910284079,-0.006019120818898251
898,0.989166784948277,0.49942405536831364,0.09999998791599984,-2.1859139820410877e-05,-2.9300825055079755e-06,-0.00219739420815214,-2.422984289296437e-05,-8.836410714252452e-09,-2.5535155189685757e-05,-0.9935060467012982,-0.006025081722914991
899,0.9891730284049133,0.4994295534658504,0.09999998791803807,-2.191032863425333e-05,-3.0944403273963553e-06,-0.002197632095006602,-2.4267505068564788e-05,-8.796147810130606e-09,-2.5398744640990473e-05,-0.9935027853963725,-0.00603111097043014
900,0.9891789997201674,0.499434992657046,0.09999998791984334,-2.1962953141473355e-05,-3.265650492104081e-06,-0.0021978581187301707,-2.4305563783855177e-05,-8.813971774657148e-09,-2.5262769738750014e-05,-0.9934995072309335,-0.006037209018936443
901,0.9891846843829202,0.4994403750754532,0.0999999879214184,-2.2016996880874643e-05,-3.443632346799094e-06,-0.0021980749626586485,-2.4343940822291188e-05,-8.817000463068325e-09,-2.5127250418539642e-05,-0.993496212318378,-0.0060433763534755965
902,0.9891900687992425,0.49944569704111685,0.09999998792276431,-2.2072471608295725e-05,-3.6283925874570532e-06,-0.002198278122271452,-2.4382799892919138e-05,-8.87065443322399e-09,-2.499214860105087e-05,-0.9934929007633336,-0.006049613463388849
903,0.9891951729327219,0.49945096232336333,0.09999998792388273,-2.2129372904301775e-05,-3.819802259102692e-06,-0.002198472281946275,-2.4421615307801403e-05,-8.868269674167095e-09,-2.485750468084499e-05,-0.993489572676886,-0.006055920840148919
904,0.9891999729681619,0.49945616876478555,0.099999987924777,-2.2187701153505213e-05,-4.017875958099008e-06,-0.002198652896076773,-2.446150938339997e-05,-8.819792007841443e-09,-2.4723277038479516e-05,-0.99348622816538,-0.006062299018617134
905,0.989204490020849,0.4994613192487372,0.09999998792544794,-2.224747113897905e-05,-4.2225173103981454e-06,-0.002198822228286406,-2.4500979634467512e-05,-8.84536000000935e-09,-2.458948493146467e-05,-0.9934828673237844,-0.006068748540314666
906,0.9892087115079309,0.4994664104587349,0.0999999879258971,-2.230867608909246e-05,-4.433679933416648e-06,-0.002198982771522569,-2.4541297534597106e-05,-8.874806667336088e-09,-2.4456147519960224e-05,-0.9934794902506671,-0.006075269948238796
907,0.9892126226823488,0.49947144296452956,0.09999998792612609,-2.2371310664864307e-05,-4.6512918673684755e-06,-0.0021991302690077467,-2.458155358908698e-05,-8.871865020410041e-09,-2.4323228566484154e-05,-0.9934760970408836,-0.006081863797451664
908,0.9892162454945586,0.499476420614337,0.09999998792613653,-2.243539124761855e-05,-4.875323708884866e-06,-0.0021992693363117374,-2.4622517230454832e-05,-8.923029426455287e-09,-2.419076439336413e-05,-0.9934726877883492,-0.006088530652694197
909,0.9892195543772201,0.4994813391061365,0.09999998792593025,-2.250090461279456e-05,-5.105706610710315e-06,-0.0021993955321159583,-2.4664035663590766e-05,-8.86499584851208e-09,-2.405871744025615e-05,-0.9934692625795041,-0.006095271113262563
910,0.9892225720393688,0.49948620179491343,0.09999998792550802,-2.2567873410106574e-05,-5.342406319571417e-06,-0.0021995110289483957,-2.470538493071217e-05,-8.902630632690034e-09,-2.3927105786564546e-05,-0.9934658214987684,-0.006102085785600766
911,0.9892252852944315,0.4994910074491885,0.0999999879248718,-2.2636282386145373e-05,-5.585328164946363e-06,-0.002199618161414261,-2.47472598857712e-05,-8.891638536567825e-09,-2.3795944961075695e-05,-0.9934623646331077,-0.006108975264920436
912,0.9892276810905811,0.49949575626529363,0.09999998792402476,-2.2706129678810525e-05,-5.834413154028022e-06,-0.0021997128598568037,-2.478945862094406e-05,-8.92124241147485e-09,-2.3665201370070037e-05,-0.9934588920605578,-0.006115940178907524
913,0.9892297812237261,0.4995004497130156,0.09999998792296895,-2.2777433778851298e-05,-6.08965552113306e-06,-0.002199799506222342,-2.4831955670379102e-05,-8.937986351043037e-09,-2.3534909027364685e-05,-0.9934554038600322,-0.006122981185790825
914,0.9892315625382594,0.49950508587540526,0.09999998792170511,-2.2850189349580276e-05,-6.351031129005311e-06,-0.002199874032375271,-2.487512210791465e-05,-8.853252353446806e-09,-2.340503515713443e-05,-0.9934519001112817,-0.006130098948380432
915,0.9892330426526525,0.49950966737003194,0.09999998792023367,-2.2924405719759075e-05,-6.618360962822909e-06,-0.002199938321106369,-2.491837767593097e-05,-8.912495630397643e-09,-2.3275591294276207e-05,-0.9934483808870456,-0.006137294115879703
916,0.9892342115523849,0.49951419372354944,0.09999998791855745,-2.300007385164731e-05,-6.891603617971747e-06,-0.0021999947837419718,-2.4961933377198875e-05,-8.964273767730901e-09,-2.314659416970285e-05,-0.9934448462577964,-0.006144567364362721
917,0.989235058878956,0.4995186624750104,0.09999998791667707,-2.3077208590165607e-05,-7.170835382022752e-06,-0.0022000395208378034,-2.5005992938531563e-05,-8.915827187649938e-09,-2.3018012781264988e-05,-0.9934412962903301,-0.006151919405080128
918,0.989235602795537,0.49952307685853636,0.09999998791459153,-2.315581544473747e-05,-7.455929938165848e-06,-0.002200076615291365,-2.5050663680303842e-05,-8.969806231107214e-09,-2.288987680383977e-05,-0.9934377310457077,-0.006159350951000697
919,0.9892358212335548,0.4995274348376862,0.09999998791230252,-2.323588163797712e-05,-7.746821977443765e-06,-0.0022001020944652904,-2.5095014279941097e-05,-8.897446335254244e-09,-2.2762155833039486e-05,-0.9934341505861577,-0.0061668627079295
920,0.9892357335654975,0.49953173929310063,0.09999998790981258,-2.331742123399516e-05,-8.043413810501904e-06,-0.002200118091001805,-2.5140308935078792e-05,-8.896873460173538e-09,-2.2634863126590085e-05,-0.9934305549709622,-0.006174455370638909
921,0.9892353269332642,0.49953599047339464,0.09999998790712367,-2.3400432268690267e-05,-8.34557739826463e-06,-0.0022001266528834523,-2.5185858248732984e-05,-8.962446784721578e-09,-2.2508012357654578e-05,-0.9934269442512372,-0.006182129665472289
922,0.9892345929210301,0.4995401874046589,0.09999998790423666,-2.3484915785084702e-05,-8.653390493448915e-06,-0.002200124115162047,-2.5231704057659954e-05,-8.93391849388081e-09,-2.2381576004045013e-05,-0.9934233184765265,-0.006189886338319739
923,0.9892335486344046,0.4995443303887506,0.09999998790115366,-2.357087940656839e-05,-8.966711690562865e-06,-0.0022001143436429374,-2.5277677195845172e-05,-8.992254940665134e-09,-2.22555807000817e-05,-0.9934196776993102,-0.006197726142721053
924,0.989232176005999,0.4995484202933406,0.09999998789787652,-2.365832430601422e-05,-9.285615757791139e-06,-0.002200093660107501,-2.5324170564999804e-05,-8.926429373445899e-09,-2.21299975291765e-05,-0.9934160219693905,-0.006205649842009506
925,0.9892304910477453,0.49955245771254375,0.0999999878944072,-2.3747255072132573e-05,-9.609889406453988e-06,-0.002200063904149365,-2.5371033189003356e-05,-8.957600883263694e-09,-2.200483790871473e-05,-0.9934123513285599,-0.006213658212705024
926,0.9892284859401009,0.49955644169799995,0.09999998789074795,-2.383767878930318e-05,-9.939580299520068e-06,-0.00220002731909879,-2.5418477889616042e-05,-8.941226425918103e-09,-2.1880118722090804e-05,-0.9934086658233968,-0.006221752034449171
927,0.9892261465423832,0.49956037276032506,0.09999998788689886,-2.392959031106986e-05,-1.0274517416219798e-05,-0.0021999802712223838,-2.5465904400334693e-05,-8.915431060074752e-09,-2.175580972193933e-05,-0.993404965501401,-0.0062299320700646265
928,0.9892234914122724,0.4995642524553029,0.09999998788286175,-2.4022995774060784e-05,-1.0614623597227713e-05,-0.002199926361373802,-2.5513654691167176e-05,-8.942589779792343e-09,-2.163193511124453e-05,-0.9934012504031261,-0.006238199109912029
929,0.989220503146805,0.4995680812808766,0.09999998787863962,-2.4117893827454756e-05,-1.0959927962093707e-05,-0.0021998622567024305,-2.5561967049725354e-05,-8.935857387371016e-09,-2.1508468614595927e-05,-0.9933975205649376,-0.006246553972063648
930,0.9892171988280614,0.4995718582375178,0.09999998787423357,-2.4214302627754964e-05,-1.1310355287448963e-05,-0.002199789717829379,-2.561029941716697e-05,-8.907164783522603e-09,-2.138542245822018e-05,-0.9933937760221941,-0.0062549974734213976
931,0.9892135685656593,0.49957558395525437,0.09999998786964415,-2.4312218806822918e-05,-1.1665813466651023e-05,-0.002199710656776751,-2.5659239327069372e-05,-8.926464900582687e-09,-2.1262807714187822e-05,-0.9933900168135863,-0.006263530420320272
932,0.9892096016411436,0.499579259878455,0.09999998786487209,-2.4411637548937296e-05,-1.2026206928248474e-05,-0.00219962178488773,-2.570849574112799e-05,-8.992638633742445e-09,-2.114059670928202e-05,-0.9933862429684839,-0.006272153613377546
933,0.9892053156920962,0.4995828856825312,0.09999998785992051,-2.451256599221324e-05,-1.2391501671929447e-05,-0.0021995266572396293,-2.5758232368389145e-05,-8.949917251754869e-09,-2.1018816278418442e-05,-0.9933824545146295,-0.006280867887365175
934,0.9892006932513783,0.4995864605183486,0.09999998785479172,-2.4615009891144867e-05,-1.2761704236983948e-05,-0.0021994218775889677,-2.580779073468875e-05,-8.901197112720638e-09,-2.0897438050265285e-05,-0.9933786514799122,-0.006289674086214451
935,0.989195750614173,0.4995899879960914,0.09999998784948647,-2.4718977570179038e-05,-1.313666531884402e-05,-0.002199309166024943,-2.5858576918835752e-05,-8.964888387197334e-09,-2.0776474064878904e-05,-0.9933748338834048,-0.006298573071281625
936,0.9891904805462512,0.49959346499635504,0.09999998784400595,-2.482447354543332e-05,-1.3516419730481334e-05,-0.0021991902905374168,-2.590876101749018e-05,-8.897465875179478e-09,-2.0655936066568423e-05,-0.993371001749312,-0.00630756571697038
937,0.9891848719752707,0.4995968933129865,0.09999998783835157,-2.4931487864242855e-05,-1.390080143827005e-05,-0.002199062334874365,-2.5960023776860908e-05,-8.92698714949347e-09,-2.0535798590916407e-05,-0.9933671550948531,-0.006316652884927519
938,0.9891789412769096,0.4996002730749891,0.09999998783252478,-2.5040041794426654e-05,-1.4289801656959856e-05,-0.0021989284307851703,-2.6011130103142932e-05,-8.848139110284592e-09,-2.041608692781112e-05,-0.9933632939373833,-0.006325835448854882
939,0.9891726704631489,0.4996036059949267,0.09999998782652642,-2.5150123209405692e-05,-1.4683254593393283e-05,-0.0021987856195121594,-2.6062840333906934e-05,-8.942786955401516e-09,-2.029677383259995e-05,-0.9933594182971863,-0.006335114260061623
940,0.989166075338462,0.49960689130037156,0.09999998782035899,-2.5261741915808324e-05,-1.5081106158392527e-05,-0.002198635301648202,-2.6114836146007292e-05,-8.94493723535561e-09,-2.0177869330675663e-05,-0.9933555281851959,-0.006344490222061834
941,0.989159152932338,0.4996101296183401,0.09999998781402401,-2.5374913264467077e-05,-1.54835706629802e-05,-0.0021984793706498157,-2.6167090254602954e-05,-8.918216387598932e-09,-2.0059385030450738e-05,-0.9933516236204705,-0.006353964252102256
942,0.9891518892082248,0.49961332025356014,0.09999998780752216,-2.548962264906009e-05,-1.5890309179930192e-05,-0.002198314886419189,-2.6219981009489857e-05,-8.92239615524204e-09,-1.994129656178512e-05,-0.9933477046187218,-0.006363537230484885
943,0.9891443011793405,0.49961646535891646,0.09999998780085614,-2.560588369721412e-05,-1.6301349203440583e-05,-0.0021981450049507064,-2.6273193725501187e-05,-8.930085115821385e-09,-1.9823623570437148e-05,-0.9933437711854172,-0.0063732100755155945
944,0.9891363730448077,0.49961956362834675,0.09999998779402708,-2.5723701223676317e-05,-1.6716657563359314e-05,-0.0021979665424798098,-2.6325886210543104e-05,-8.836193110539625e-09,-1.9706344681372993e-05,-0.9933398233283267,-0.006382983696265211
945,0.9891281199764661,0.4996226177126403,0.09999998778703642,-2.5843075962010204e-05,-1.713605902963211e-05,-0.002197781218011141,-2.6379766495665535e-05,-8.913330518112161e-09,-1.9589468761305612e-05,-0.9933358610568157,-0.006392859000430004
946,0.9891195344833101,0.49962562714036235,0.09999998777988793,-2.596401029311791e-05,-1.7559566067020134e-05,-0.0021975907191256203,-2.6433825041749515e-05,-8.852800270631178e-09,-1.947300560348238e-05,-0.993331884380033,-0.006402836902396843
947,0.9891106060759346,0.49962859029529644,0.09999998777258297,-2.608650741250372e-05,-1.7986982470630808e-05,-0.0021973921258600987,-2.6487894501769915e-05,-8.86410944644922e-09,-1.935693147391878e-05,-0.9933278933012963,-0.006412918309069352
948,0.9891013519966099,0.4996315109616171,0.09999998776512352,-2.6210574442497745e-05,-1.8418358649547434e-05,-0.0021971885576658867,-2.654269519553054e-05,-8.891498204377513e-09,-1.9241266029145477e-05,-0.9933238878147898,-0.006423104143622295
949,0.9890917558648664,0.4996343867969762,0.0999999877575116,-2.633621415500762e-05,-1.885360398114648e-05,-0.0021969773252518226,-2.6597859687171876e-05,-8.863894507271652e-09,-1.912599213113388e-05,-0.9933198679183018,-0.00643339535785864
950,0.9890818333748475,0.4996372184163453,0.09999998774974639,-2.6463445219719748e-05,-1.9292742042671054e-05,-0.0021967595496088423,-2.665278225322254e-05,-8.922513394793441e-09,-1.9011113284210064e-05,-0.9933158336113259,-0.006443792900632612
951,0.9890715787539385,0.49964000690502,0.09999998774182983,-2.6592252789028305e-05,-1.973571082764861e-05,-0.002196536993594278,-2.6708572477218695e-05,-8.833110243244846e-09,-1.8896639697557448e-05,-0.9933117848905957,-0.006454297702430748
952,0.9890609818901425,0.499642752006986,0.09999998773376406,-2.672264676385973e-05,-2.0182333906613396e-05,-0.0021963069877623744,-2.6764666472445242e-05,-8.84669582035258e-09,-1.8782553655426285e-05,-0.9933077217520749,-0.006464910733591491
953,0.9890500586477621,0.49964545505325303,0.09999998772554981,-2.68546360862158e-05,-2.0632651801381638e-05,-0.002196072332444287,-2.682085323613137e-05,-8.855456812284501e-09,-1.8668869500281513e-05,-0.9933036441918687,-0.006475632983792614
954,0.9890387950896748,0.49964811623918354,0.09999998771718811,-2.6988222674105717e-05,-2.108665035338059e-05,-0.0021958304239481905,-2.68774510914227e-05,-8.809515783525512e-09,-1.8555570006467483e-05,-0.993299552206163,-0.006486465413039998
955,0.9890272028321476,0.4996507364021048,0.09999998770868075,-2.7123406599568777e-05,-2.1544062806700022e-05,-0.002195582473961975,-2.693420356081333e-05,-8.797128359105955e-09,-1.8442660327931102e-05,-0.9932954457899394,-0.006497408977629194
956,0.9890152768479881,0.49965331553504166,0.0999999877000312,-2.7260192621946862e-05,-2.2004888921062885e-05,-0.0021953301441461647,-2.6991665436071344e-05,-8.881650970238297e-09,-1.8330146679714692e-05,-0.9932913249309353,-0.006508464664805407
957,0.9890030109437313,0.4996558524400022,0.09999998769124058,-2.7398589631312492e-05,-2.2469244575330448e-05,-0.002195070977071048,-2.7049218260799535e-05,-8.8261380426502e-09,-1.8218014713349677e-05,-0.9932871896172959,-0.006519633468333227
958,0.9889904175251955,0.49965834904067485,0.09999998768230917,-2.7538607443938912e-05,-2.2936992709254533e-05,-0.0021948075472112997,-2.7107089408673346e-05,-8.750944857638387e-09,-1.810627837362812e-05,-0.993283039842552,-0.006530916374878715
959,0.9889774820871464,0.49966080603788415,0.09999998767323726,-2.768024136485161e-05,-2.3407944077026222e-05,-0.0021945374572893417,-2.716507515287958e-05,-8.806281037720964e-09,-1.7994919558782612e-05,-0.9932788755975945,-0.006542314360378264
960,0.988964218479121,0.4996632228892404,0.09999998766402567,-2.7823501737484243e-05,-2.388210793533178e-05,-0.002194261794687685,-2.7223795768804848e-05,-8.797250039549454e-09,-1.7883942191446537e-05,-0.9932746968648744,-0.0065538284030675405
961,0.9889506215851182,0.4996656019573543,0.0999999876546772,-2.7968384844745658e-05,-2.4359413643878425e-05,-0.0021939821213276395,-2.7282756491331384e-05,-8.797602646382074e-09,-1.7773355824448337e-05,-0.993270503623997,-0.006565459502413655
962,0.9889366841186055,0.49966794045667645,0.09999998764519312,-2.8114902069862718e-05,-2.4839842307608818e-05,-0.0021936960328862477,-2.7341735403751954e-05,-8.792535588497685e-09,-1.766314444134415e-05,-0.9932662958600146,-0.006577208684325769
963,0.9889224209352083,0.49967024089814266,0.09999998763557393,-2.8263061839994155e-05,-2.5323474446229955e-05,-0.0021934059499313812,-2.7400868930271827e-05,-8.764581060916043e-09,-1.7553319673723053e-05,-0.993262073557093,-0.006589076972726452
964,0.9889078182951838,0.499672502538477,0.09999998762582069,-2.8412863564316486e-05,-2.581013159828551e-05,-0.002193109682358759,-2.746074642345775e-05,-8.698548548125018e-09,-1.7443867428109005e-05,-0.9932578366940881,-0.0066010653570649025
965,0.9888928858740736,0.49967472696648846,0.0999999876159351,-2.8564308023553695e-05,-2.6299511738098586e-05,-0.0021928084195242496,-2.7520887670107186e-05,-8.785920435627759e-09,-1.7334793408234532e-05,-0.9932535852495369,-0.006613174839121522
966,0.9888776210463269,0.4996769141246501,0.09999998760591976,-2.871740451791756e-05,-2.679183868928013e-05,-0.002192503545486186,-2.7581183530855924e-05,-8.71927419154872e-09,-1.7226103261827214e-05,-0.9932493192035715,-0.006625406442806301
967,0.9888620161807116,0.4996790631639223,0.09999998759577369,-2.887216351117306e-05,-2.7286972800385388e-05,-0.002192192857715878,-2.7642136046779342e-05,-8.736829926192513e-09,-1.7117782974837566e-05,-0.9932450385343583,-0.006637761196837899
968,0.9888460841427658,0.4996811748518739,0.09999998758549614,-2.9028586566085495e-05,-2.7784904844499248e-05,-0.0021918785381883827,-2.7703055820893496e-05,-8.733388234816175e-09,-1.7009843712313162e-05,-0.9932407432225694,-0.006650240139227517
969,0.9888298138459768,0.49968325098164673,0.09999998757508956,-2.918666793867528e-05,-2.8285573936003298e-05,-0.0021915584759263198,-2.776426299533341e-05,-8.688732400230492e-09,-1.690226994218158e-05,-0.9932364332450488,-0.006662844293785331
970,0.9888132159846617,0.49968529189077837,0.09999998756455675,-2.934641999829967e-05,-2.8788807620847324e-05,-0.0021912338237725436,-2.782590308925137e-05,-8.739047707706504e-09,-1.6795067300671493e-05,-0.993232108573873,-0.00667557469275378
971,0.9887962870823029,0.49968729580984855,0.09999998755389951,-2.9507850443709914e-05,-2.9294732969411017e-05,-0.002190905765675924,-2.788789242913481e-05,-8.650551386324423e-09,-1.6688241906414073e-05,-0.9932277691854566,-0.006688432365240641
972,0.988779018697518,0.4996892650614231,0.09999998754311851,-2.967095634803348e-05,-2.9803039460471172e-05,-0.002190572326243327,-2.7950158255407587e-05,-8.65145111106358e-09,-1.658177983971932e-05,-0.9932234150545766,-0.006701418309436241
973,0.9887614217150469,0.49969120016653845,0.09999998753221691,-2.983573679472957e-05,-3.0313629557580396e-05,-0.0021902356002654337,-2.801241134875454e-05,-8.747178981138859e-09,-1.647569013339291e-05,-0.9932190461526806,-0.006714533561504589
974,0.9887434904933405,0.49969309941089285,0.09999998752119707,-3.00022133588041e-05,-3.082692686598803e-05,-0.002189893857129295,-2.807537566695828e-05,-8.581504395976935e-09,-1.6369964427876825e-05,-0.9932146624555016,-0.006727779171557218
975,0.9887252298258848,0.499694965576439,0.09999998751005879,-3.017038490823241e-05,-3.134235903675466e-05,-0.0021895477714481493,-2.8138178095105104e-05,-8.662360606592756e-09,-1.6264601703857392e-05,-0.9932102639378428,-0.0067411561592060545
976,0.9887066390683457,0.4996967974837514,0.099999987498804,-3.034025248098771e-05,-3.186011310078668e-05,-0.0021891986817601495,-2.820166810124647e-05,-8.625892000679869e-09,-1.6159608571389885e-05,-0.9932058505705164,-0.006754665550642715
977,0.9886877109807876,0.4996985948032548,0.09999998748743279,-3.0511827760291924e-05,-3.238004194476151e-05,-0.0021888446998688353,-2.826541822287254e-05,-8.612330404389468e-09,-1.605497299832523e-05,-0.9932014223211003,-0.006768308390342831
978,0.9886684568507466,0.4997003595938205,0.09999998747594575,-3.0685108947890547e-05,-3.290212359350878e-05,-0.002188487813700905,-2.8329317501629703e-05,-8.573741716588756e-09,-1.5950705664303637e-05,-0.9931969791603508,-0.006782085716749484
979,0.9886488659439043,0.4997020915510102,0.09999998746434424,-3.086010312010594e-05,-3.342624880611327e-05,-0.0021881261657231053,-2.8393673346727155e-05,-8.642500937128261e-09,-1.5846792191803967e-05,-0.9931925210583897,-0.006795998571657053
980,0.9886289509880796,0.4997037911717888,0.09999998745262896,-3.103681807345136e-05,-3.39525563819213e-05,-0.0021877606634951195,-2.84580764855491e-05,-8.581038102306593e-09,-1.574323733152486e-05,-0.9931880479782379,-0.006810048010328111
981,0.9886087068043529,0.49970545948811956,0.09999998744080173,-3.1215256828419004e-05,-3.448088608963062e-05,-0.0021873923812313623,-2.852273428288754e-05,-8.551110930454797e-09,-1.5640046344365075e-05,-0.993183559887433,-0.0068242350634596305
982,0.9885881267991101,0.4997070959492827,0.09999998742886407,-3.139541563719758e-05,-3.5011038067578706e-05,-0.002187019620758869,-2.858773950720206e-05,-8.541573670584057e-09,-1.55372085882275e-05,-0.9931790567568474,-0.00683856077643079
983,0.9885672228201353,0.4997087008541967,0.09999998741681704,-3.157731380854245e-05,-3.554314048564436e-05,-0.002186644357904734,-2.8653495974140242e-05,-8.542913931819385e-09,-1.543473195700663e-05,-0.993174538555013,-0.006853026199642804
984,0.988545983145494,0.4997102753839771,0.09999998740466103,-3.176094471510664e-05,-3.607696632152681e-05,-0.0021862647696335347,-2.871887591027189e-05,-8.551419128366433e-09,-1.533260458386909e-05,-0.9931700052475156,-0.006867632357652241
985,0.988524419622873,0.4997118181334562,0.09999998739239674,-3.194632160677633e-05,-3.6612606793935276e-05,-0.0021858816252338844,-2.878471786971204e-05,-8.461647382773663e-09,-1.5230831759520246e-05,-0.9931654568042042,-0.006882380269628746
986,0.9885025263323688,0.49971333261502526,0.09999998738002724,-3.213343230416067e-05,-3.7149724569033705e-05,-0.00218549606995769,-2.8850838134530932e-05,-8.527013761749913e-09,-1.5129414710956064e-05,-0.9931608931956776,-0.006897270959281278
987,0.9884803003325113,0.4997148149230496,0.09999998736755444,-3.2322296118865085e-05,-3.768854104437465e-05,-0.002185106510473714,-2.8917575036757626e-05,-8.478533430889001e-09,-1.5028344036736744e-05,-0.9931563143824639,-0.006912305483265563
988,0.9884577510675855,0.4997162692866649,0.09999998735497834,-3.251291952619422e-05,-3.822897520718797e-05,-0.0021847146650899245,-2.898465027101338e-05,-8.548503238614558e-09,-1.4927628617902999e-05,-0.9931517203268415,-0.006927484919038074
989,0.9884348712478035,0.4997176923086866,0.09999998734229955,-3.27053054241947e-05,-3.877114707248704e-05,-0.0021843188505266554,-2.905137989728246e-05,-8.402797568862752e-09,-1.4827257365157088e-05,-0.9931471109937582,-0.006942810321562413
990,0.9884116680984767,0.49971908763097095,0.0999999873295184,-3.289946174255864e-05,-3.9314724112281004e-05,-0.0021839198474924043,-2.911843330366537e-05,-8.466149559183123e-09,-1.472723416409212e-05,-0.9931424863467035,-0.006958282711571393
991,0.9883881385262125,0.4997204542133487,0.0999999873166372,-3.3095379658843e-05,-3.9859681229856595e-05,-0.002183518637283578,-2.918603058787994e-05,-8.444141386121373e-09,-1.4627561723784824e-05,-0.9931378463511682,-0.0069739031305492746
992,0.988364279713212,0.49972179216972606,0.09999998730365711,-3.329307718039529e-05,-4.0406135434800804e-05,-0.0021831138932901792,-2.92539298243355e-05,-8.433387321815644e-09,-1.4528232144002034e-05,-0.993133190969065,-0.006989672636998933
993,0.9883400985268231,0.4997231013639896,0.09999998729057827,-3.34925545589613e-05,-4.095391901101603e-05,-0.002182707074693214,-2.932180905190762e-05,-8.349854141442847e-09,-1.4429252952147604e-05,-0.9931285201670822,-0.007005592245464213
994,0.9883155852343476,0.4997243834150141,0.09999998727740259,-3.369380589966847e-05,-4.150271786146945e-05,-0.0021822967177483332,-2.9390119379968382e-05,-8.404000162443026e-09,-1.43306125432252e-05,-0.9931238339102162,-0.007021662976343574
995,0.988290751901496,0.4997256383555571,0.09999998726413178,-3.389684942901895e-05,-4.2052828310198395e-05,-0.002181883594040992,-2.945902815554291e-05,-8.461610967458455e-09,-1.4232313919026043e-05,-0.9931191321542944,-0.007037885902009941
996,0.9882655963536687,0.4997268644035032,0.09999998725076664,-3.410169274684857e-05,-4.260433337502695e-05,-0.0021814684702733764,-2.9527407605201006e-05,-8.274223084470123e-09,-1.4134361621124623e-05,-0.9931144148605286,-0.007054262049096076
997,0.9882401104583105,0.4997280664273246,0.0999999872373079,-3.430832632548252e-05,-4.315669761777864e-05,-0.0021810501248935286,-2.9596900276374072e-05,-8.329486433922284e-09,-1.4036748390605222e-05,-0.993109681994858,-0.007070792430492244
998,0.9882143040552774,0.49972924083124154,0.0999999872237568,-3.4516764606970816e-05,-4.3710082424199214e-05,-0.0021806298418389023,-2.9666160116903484e-05,-8.399346995702217e-09,-1.3939477622250523e-05,-0.9931049335216404,-0.007087478132725556
999,0.9881881744169472,0.4997303889316727,0.0999999872101135,-3.4727018840674045e-05,-4.426487151591918e-05,-0.002180206473712827,-2.973564733110834e-05,-8.335923062929851e-09,-1.3842541622784466e-05,-0.9931001694008983,-0.007104320211403406
