frame,reward_tracking_lin_vel,reward_tracking_ang_vel,reward_tracking_height,cost_lin_vel_z,cost_ang_vel_xy,cost_joint_velocity,cost_action_nn,cost_action_rate,cost_feet_slip,cost_leg_base_angle,cost_orientation
0,1.1253517471925913e-08,0.05,0.04998478235575755,-0.0,-0.0,-4.773310469263785e-07,-0.0013386531500145793,-0.0,-9.817222448141113e-11,-7.592157689620296e-09,-1.34203059582004e-09
1,1.2894110005155861e-08,0.049998352756254166,0.04998490081822096,-1.291810516417976e-06,-6.705591034404302e-06,-1.5480007126457704e-06,-0.0008878821390680969,-0.00014045892748981714,-1.475186568463156e-10,-4.6138709826580065e-09,-1.863989289217349e-08
2,1.4398363128752872e-08,0.04998765629615284,0.04998522412662493,-4.370129489071683e-06,-2.008501324399342e-05,-2.8755037956347514e-06,-0.0005774259916506708,-0.00011574158270377666,-1.7546316899605644e-10,-4.472756423126502e-09,-7.767264149176356e-08
3,1.5656044722522455e-08,0.04992564264559447,0.049985701298314714,-8.269466845638412e-06,-3.111458443904461e-05,-4.191667025333225e-06,-0.00038863078225404024,-0.00018076594278682023,-2.7011571835323354e-10,-5.73425887867948e-09,-1.913396354233322e-07
4,1.6484956340591707e-08,0.04974275195125412,0.049986289538013595,-1.2768381497539744e-05,-3.197438226122702e-05,-5.676051210508941e-06,-0.0003460418956819922,-1.277748106076615e-05,-3.694285084962874e-10,-6.533134445174894e-09,-3.541415286451895e-07
5,1.720753372663167e-08,0.04948386064928282,0.049986953814084335,-1.7062542760022073e-05,-3.052555654967393e-05,-7.358278795807678e-06,-0.00033370088203810155,-6.84765927871922e-06,-4.4674496802263003e-10,-6.117885703132035e-09,-5.577895166216696e-07
6,1.785254079317331e-08,0.04917433990224055,0.049987664435812214,-2.087062182986136e-05,-2.800967000311236e-05,-9.241904649723723e-06,-0.00032733395346440375,-4.414807790453779e-06,-4.749159953253233e-10,-4.362734842545214e-09,-7.921215207108159e-07
7,1.8434579915921833e-08,0.048837627418536526,0.04998839789108057,-2.40252167782088e-05,-2.5233160238183915e-05,-1.1318396115368558e-05,-0.000323923712130636,-3.2253549306915374e-06,-4.473533316477573e-10,-1.971843809158721e-09,-1.0472486203547512e-06
8,1.8967912220848366e-08,0.04849490498319928,0.04998913577771095,-2.6458351597993792e-05,-2.2763680536744723e-05,-1.3568014312334012e-05,-0.0003211449075024575,-2.4725520688662073e-06,-3.778368993507969e-10,-2.1226376137198495e-10,-1.3152145135547654e-06
9,1.946738395550073e-08,0.04816609914453884,0.049989864024637926,-2.8162665958749523e-05,-2.0982196886654194e-05,-1.596768240626095e-05,-0.00031816030968911946,-1.6254962247330695e-06,-2.9213906891572057e-10,-4.5998861530283745e-10,-1.5910517123604787e-06
10,1.9947859492742034e-08,0.0478629115820882,0.04999057217703551,-2.917867009684081e-05,-2.0061931376770274e-05,-1.849178735841972e-05,-0.00031320005655288696,-1.091078729587025e-06,-2.316886885890836e-10,-3.756902161498708e-09,-1.8731526385476177e-06
11,2.0423499085052653e-08,0.047592948475076065,0.04999125276172052,-2.9571921884125026e-05,-2.001197688843086e-05,-2.1113444808783735e-05,-0.00030571359093301,-8.06041157375148e-07,-2.414422205251194e-10,-1.0541252889718705e-08,-2.1630968806619997e-06
12,2.090653784089464e-08,0.04736050882578785,0.04999190069939931,-2.9421283322997067e-05,-2.0718987976935943e-05,-2.380582483473745e-05,-0.0002960706187877804,-6.780198305023077e-07,-3.5923253352160835e-10,-2.0614736707114127e-08,-2.4650727342445027e-06
13,2.1407013601279402e-08,0.0471671791378704,0.0499925127997346,-2.8810364278378357e-05,-2.2002590823966578e-05,-2.654357941798707e-05,-0.0002850883174687624,-6.251102604437619e-07,-6.261097515215333e-10,-3.328169507605112e-08,-2.7851256933718608e-06
14,2.193300532474373e-08,0.04701238295938843,0.04999308733952281,-2.782255871940056e-05,-2.366304864799137e-05,-2.930295543723965e-05,-0.0002735319430939853,-6.046118414815282e-07,-1.0742184074766872e-09,-4.756170668257015e-08,-3.1303880955344056e-06
15,2.2490717371183908e-08,0.04689434460186455,0.04999362371636393,-2.6536946473754776e-05,-2.5511844877906826e-05,-3.2062557383449765e-05,-0.0002620542363729328,-5.907517675041163e-07,-1.7293724775406106e-09,-6.239551220248237e-08,-3.5083956164020564e-06
16,2.3085033188866085e-08,0.046810382722123484,0.04999412216670399,-2.50258597101611e-05,-2.7390013449424517e-05,-3.48034738291345e-05,-0.00025120950886048377,-5.708652111025003e-07,-2.611223730311539e-09,-7.680238740646827e-08,-3.926551559677865e-06
17,2.3719817525358042e-08,0.04675721409762182,0.04999458354154948,-2.3354216330584e-05,-2.9176908685445106e-05,-3.751027139964612e-05,-0.00024129325174726546,-5.449019795378263e-07,-3.7340132024076545e-09,-8.997923194880908e-08,-4.391739797263222e-06
18,2.4398126997286373e-08,0.04673080732653021,0.049995009127806134,-2.1578836962918272e-05,-3.078912908789187e-05,-4.0175558038012535e-05,-0.0002324745582882315,-5.129971896167262e-07,-5.113779550041317e-09,-1.0134789635864374e-07,-4.910077691930065e-06
19,2.512202298071183e-08,0.04672408841982134,0.04999540047014305,-1.9748271259833787e-05,-3.217761542389657e-05,-4.2792988681850344e-05,-0.00022480641200672835,-4.789650347447605e-07,-6.7670104697615735e-09,-1.1054819866993622e-07,-5.486777848079367e-06
20,2.5893355910409563e-08,0.0467307405077454,0.04999575925252005,-1.790527627702634e-05,-3.3321211912229804e-05,-4.535477455999012e-05,-0.0002182753523811698,-4.4438135660129774e-07,-8.707467523552441e-09,-1.1740157274344132e-07,-6.126100615254187e-06
21,2.6714198414406698e-08,0.04674677752850084,0.049996087274118556,-1.608655185872065e-05,-3.422047636054777e-05,-4.785224549258955e-05,-0.00021282890520524234,-4.1109373682957084e-07,-1.0946650507379056e-08,-1.2187259651147755e-07,-6.831370525523203e-06
22,2.758685626415535e-08,0.0467699406306512,0.04999638642033531,-1.4322153362093986e-05,-3.489242416877136e-05,-5.0276516366937643e-05,-0.00020838547789026052,-3.791080587234319e-07,-1.3492777803010948e-08,-1.2403722233881392e-07,-7.605049850018087e-06
23,2.8513834127431537e-08,0.04679901722561439,0.049996658624046,-1.2635586869529241e-05,-3.536588903836963e-05,-5.2619208738056495e-05,-0.0002048670285148546,-3.4752062560983177e-07,-1.6349665351692884e-08,-1.2405382252081972e-07,-8.448842376435141e-06
24,2.949779686334518e-08,0.0468333200346463,0.04999690582621745,-1.104441905558791e-05,-3.5677765671707e-05,-5.487248477577242e-05,-0.00020219144062139094,-3.1605799222234054e-07,-1.951593216604653e-08,-1.221379405803112e-07,-9.363815513049912e-06
25,3.054148630423975e-08,0.04687236714705357,0.049997129941105785,-9.561096650517104e-06,-3.5869645109701774e-05,-5.702851009736768e-05,-0.00020026748825330287,-2.8512178573691926e-07,-2.2987425753116914e-08,-1.1853596113257736e-07,-1.0350527342627886e-05
26,3.164784298769534e-08,0.046915917832734556,0.04999733283089878,-8.19365019992169e-06,-3.598439520917653e-05,-5.9079508995692994e-05,-0.00019901467021554708,-2.5465686803727294e-07,-2.6745445789995263e-08,-1.1351325593866719e-07,-1.14091596179805e-05
27,3.282001672377085e-08,0.0469638685939966,0.04999751629278756,-6.946357915132511e-06,-3.606439585478863e-05,-6.102018068190299e-05,-0.00019834136764984578,-2.2555161649506772e-07,-3.076696927194247e-08,-1.073388746064567e-07,-1.253964649361181e-05
28,3.406108795609173e-08,0.04701579168307646,0.04999768203606683,-5.820092583173938e-06,-3.6148987271258236e-05,-6.284769127989367e-05,-0.00019815591804217547,-1.9760450697958731e-07,-3.502964194536098e-08,-1.0028051888722286e-07,-1.3741794105720279e-05
29,3.5374131682298845e-08,0.047071019283334826,0.04999783165962924,-4.8132532061604586e-06,-3.627314046190069e-05,-6.456069853097424e-05,-0.00019837115542031825,-1.7200959234742186e-07,-3.951184437032305e-08,-9.259274877913108e-08,-1.501538365249436e-05
30,3.67622713611645e-08,0.047128763006046126,0.04999796664237277,-3.922502523165014e-06,-3.646613594398579e-05,-6.615912577446651e-05,-0.00019890825205948204,-1.481967899508163e-07,-4.41904738727826e-08,-8.450994486194238e-08,-1.6360256797780295e-05
31,3.822876163066262e-08,0.047188197702530646,0.04999808834189098,-3.1431422473700044e-06,-3.675119366070717e-05,-6.764364168286878e-05,-0.00019969452114310116,-1.2738456689476152e-07,-4.904490926374116e-08,-7.624192184956121e-08,-1.7776384438763583e-05
32,3.9777116786865514e-08,0.047248515950576386,0.0499981979980649,-2.469507264740683e-06,-3.7145230337054833e-05,-6.901520708258166e-05,-0.0002006619906751439,-1.0862003563261169e-07,-5.405684556525189e-08,-6.797200518246178e-08,-1.9263918960459332e-05
33,4.141108415312585e-08,0.04730899988658785,0.04999829673955934,-1.8952024567096413e-06,-3.765924963106062e-05,-7.027541079463334e-05,-0.00020176191173959523,-9.234320685891362e-08,-5.9212316103021536e-08,-5.985651239175332e-08,-2.0823229700014875e-05
34,4.313484441761195e-08,0.047369005101377454,0.04999838559116468,-1.413254657180611e-06,-3.829866620385289e-05,-7.142563020096002e-05,-0.00020294953719712794,-7.792042566734381e-08,-6.449780472325333e-08,-5.2025413232028404e-08,-2.2454923820730884e-05
35,4.4952879727273106e-08,0.04742799514524435,0.0499984654819791,-1.0164070822152986e-06,-3.906400715266184e-05,-7.246745294469264e-05,-0.0002041932166321203,-6.535691454701009e-08,-6.989676826221009e-08,-4.4584033580485216e-08,-2.4159855715294678e-05
36,4.6870137802697684e-08,0.04748551024809636,0.049998537253916064,-6.97205254619475e-07,-3.995159167816819e-05,-7.340242607250936e-05,-0.0002054670185316354,-5.436612227072146e-08,-7.538934517562903e-08,-3.761519916340834e-08,-2.5939125810707416e-05
37,4.889201755220598e-08,0.0475411958115497,0.049998601669714406,-4.48147953730547e-07,-4.095417744974516e-05,-7.423194749461245e-05,-0.00020674402185250074,-4.4854015612827425e-08,-8.095469271584636e-08,-3.118155800810872e-08,-2.7794068919341237e-05
38,5.102440777623374e-08,0.04759477590807866,0.049998659420644555,-2.617996165603155e-07,-4.206153910274747e-05,-7.495797297971243e-05,-0.00020799778576474637,-3.649183000220546e-08,-8.65739847926633e-08,-2.532799042107173e-08,-2.972623157573438e-05
39,5.327386204024431e-08,0.04764607255849169,0.04999871113317919,-1.308535047970532e-07,-4.3260835601596043e-05,-7.558183367833507e-05,-0.00020921186660416424,-2.938118726092398e-08,-9.222959599523055e-08,-2.0083855898694747e-08,-3.17373414270638e-05
40,5.564738561000791e-08,0.04769498106645802,0.04999875737544933,-4.827769630297618e-08,-4.453727691582127e-05,-7.610518180311102e-05,-0.0002103729930240661,-2.3247697100714504e-08,-9.790017810817357e-08,-1.5465247414049113e-08,-3.382927335458738e-05
41,5.815269247176678e-08,0.04774146325812799,0.04999879866339028,-7.332838555667918e-09,-4.587475326816204e-05,-7.652956958820763e-05,-0.00021147215738892555,-1.8090426934236348e-08,-1.0357701377590264e-07,-1.1477089040393275e-08,-3.6004008909141846e-05
42,6.079813071297015e-08,0.04778552889186423,0.049998835465993714,-1.6436906675431822e-09,-4.7255827540466966e-05,-7.685639124609529e-05,-0.00021250364079605788,-1.3791574993149425e-08,-1.0923909668017249e-07,-8.114925418134025e-09,-3.826359084417489e-05
43,6.359267709514898e-08,0.04782722746530149,0.049998868210312665,-2.5230305652762162e-08,-4.866239457450978e-05,-7.708750838493326e-05,-0.0002134689420927316,-1.0368401248683767e-08,-1.1488185830352105e-07,-5.366601364393239e-09,-4.0610078871206365e-05
44,6.654620457271992e-08,0.04786663651518839,0.04999889728547255,-7.255263234700166e-08,-5.0076084803914e-05,-7.722436409501529e-05,-0.00021436705719679594,-7.713373939566281e-09,-1.2044994439064557e-07,-3.2137798415612217e-09,-4.304550538837936e-05
45,6.966913805855155e-08,0.04790386172880577,0.04999892304649098,-1.385361639724229e-07,-5.1478591401926994e-05,-7.726896218192099e-05,-0.0002151945373043418,-5.763133970049239e-09,-1.2594912834432937e-07,-1.6332458671923713e-09,-4.557183561046194e-05
46,7.297321025111959e-08,0.04793900919599122,0.049998945818199386,-2.1856361748015318e-07,-5.2852772931898405e-05,-7.72231221225215e-05,-0.00021594045392703265,-4.497354044730173e-09,-1.313610459833468e-07,-5.979670926386357e-10,-4.8190917449549475e-05
47,7.647079445554228e-08,0.047972245016467435,0.04999896589842803,-3.0848300881533584e-07,-5.418082008309459e-05,-7.708858024049146e-05,-0.0002166037738788873,-3.9083243308368765e-09,-1.3666795343506342e-07,-7.800667421503346e-11,-5.0904422481932196e-05
48,8.017525993490544e-08,0.04800374039722283,0.04999898356084499,-4.0460110402347244e-07,-5.544568873490923e-05,-7.68675780399418e-05,-0.0002172165986848995,-3.95904997674279e-09,-1.4185210184098867e-07,-4.136847594513691e-11,-5.371381097264076e-05
49,8.410119015243554e-08,0.04803363424536336,0.049998999057068914,-5.037195087251663e-07,-5.663213084083776e-05,-7.656202600155761e-05,-0.0002177683636546135,-4.547260790133123e-09,-1.4689602391417134e-07,-4.5468296476484703e-10,-5.6620296338230007e-05
50,8.826418688080747e-08,0.04806208149220065,0.04999901261887723,-6.030424686160258e-07,-5.772552050372481e-05,-7.617419479992587e-05,-0.00021826743613928556,-5.59410029410401e-09,-1.5178264702065704e-07,-1.2837702553446256e-09,-5.9624803356087996e-05
51,9.268124894934859e-08,0.04808924069641898,0.04999902446041368,-7.00209079506529e-07,-5.871299729337242e-05,-7.570637406142272e-05,-0.0002187220670748502,-7.120675604710414e-09,-1.564956633221557e-07,-2.494105434410906e-09,-6.272793619640936e-05
52,9.737069153203674e-08,0.04811526248831054,0.0499990347797619,-7.932488314356297e-07,-5.958295350287648e-05,-7.516079321330414e-05,-0.00021914155513513833,-9.024944347402197e-09,-1.6101890672129125e-07,-4.051196750882985e-09,-6.59299474417402e-05
53,1.0235225659439681e-07,0.04814029730985325,0.049999043760607376,-8.805360296925627e-07,-6.0325438092844454e-05,-7.454020783114212e-05,-0.00021953185205347836,-1.1271349187325086e-08,-1.6533804519579969e-07,-5.920911572074522e-09,-6.923071532150013e-05
54,1.0764745362301187e-07,0.048164483936206086,0.04999905157319886,-9.608516793106213e-07,-6.0932323805418756e-05,-7.384698819207512e-05,-0.00021990950335748494,-1.3763028050561843e-08,-1.6943836996072462e-07,-8.069743011663099e-09,-7.262972467126326e-05
55,1.132793708219334e-07,0.04818795167731188,0.049999058375366404,-1.0332332454996054e-06,-6.139725400476414e-05,-7.308382569488117e-05,-0.00022027197701390833,-1.649253711377696e-08,-1.73306505108619e-07,-1.0464990655534221e-08,-7.612605035196958e-05
56,1.1927303683968648e-07,0.048210830875394434,0.049999064313756114,-1.0970107416293569e-06,-6.171542880463866e-05,-7.22533960806411e-05,-0.00022064335644245148,-1.9351787727828196e-08,-1.769299768751089e-07,-1.3074926318356785e-08,-7.971834828666086e-05
57,1.256555202154087e-07,0.04823322632117387,0.049999069524458,-1.151777143278006e-06,-6.188413182366532e-05,-7.135834278127914e-05,-0.00022102681396063417,-2.2272926614164135e-08,-1.8029691257140632e-07,-1.5868892690768997e-08,-8.340485560535153e-05
58,1.324560966865091e-07,0.04825524779885259,0.04999907413386275,-1.1973059214099946e-06,-6.190248844154691e-05,-7.040177524162734e-05,-0.0002214332635048777,-2.5203034326182205e-08,-1.8339758892447632e-07,-1.881739935926743e-08,-8.71833965035616e-05
59,1.3970666980360844e-07,0.048276984723771704,0.04999907825901433,-1.2336434874847106e-06,-6.177163266164756e-05,-6.938639560399786e-05,-0.00022186768183019012,-2.8072603797113516e-08,-1.8622263953271215e-07,-2.1892196038518e-08,-9.105138809858828e-05
60,1.4744154625692468e-07,0.04829852020916275,0.049999082008027045,-1.2609303428398614e-06,-6.149409532960606e-05,-6.831514393751315e-05,-0.00022234677453525364,-3.084308630718624e-08,-1.8876397284482234e-07,-2.5066293801569835e-08,-9.500585674479528e-05
61,1.5569804961435328e-07,0.04831992997801163,0.04999908548070736,-1.279481765970161e-06,-6.107450703594839e-05,-6.719097909754523e-05,-0.0002228713419754058,-3.339692966619623e-08,-1.9101513528525836e-07,-2.831398766122584e-08,-9.904346212432675e-05
62,1.6451666922231924e-07,0.04834127034538974,0.04999908876875227,-1.2897206624188136e-06,-6.051898088168705e-05,-6.601677430416235e-05,-0.00022345062461681664,-3.572555584696602e-08,-1.9297027924359957e-07,-3.1610846046360834e-08,-0.00010316052275051592
63,1.739413109855155e-07,0.04836259292183794,0.04999909195629593,-1.2921274917363287e-06,-5.983518882929905e-05,-6.479575392704138e-05,-0.0002240839967271313,-3.7779027906026386e-08,-1.9462595028110661e-07,-3.4933700973750404e-08,-0.00010735304757486507
64,1.84019792393969e-07,0.04838394301049408,0.04999909511997545,-1.287323548512713e-06,-5.903204632409547e-05,-6.353081151366614e-05,-0.00022477877791970968,-3.942783521893034e-08,-1.9597929056509706e-07,-3.826064901816332e-08,-0.00011161677401023039
65,1.9480397476418996e-07,0.048405347209157665,0.04999909832908693,-1.2759283247175614e-06,-5.811996283957506e-05,-6.222497003463532e-05,-0.00022553387680090964,-4.081962501345515e-08,-1.9702877813903278e-07,-4.1570986431263785e-08,-0.0001159472081643449
66,2.0635019180690653e-07,0.048426834799301086,0.04999910164600465,-1.2586136714168682e-06,-5.710998954598049e-05,-6.088128899206697e-05,-0.00022634431661572307,-4.161224964605026e-08,-1.9777474839507053e-07,-4.484518044139286e-08,-0.00012033966875230127
67,2.187199586997359e-07,0.048448413387719255,0.049999105126311755,-1.23606989260536e-06,-5.6014432776741875e-05,-5.9502675108009474e-05,-0.0002272153360536322,-4.211454651681379e-08,-1.982179967315215e-07,-4.806482308204088e-08,-0.00012478934274876805
68,2.3198011127087195e-07,0.04847008640752239,0.049999108819167554,-1.2089707957815863e-06,-5.484625176894775e-05,-5.80924069175464e-05,-0.0002281310735270381,-4.2134960409612177e-08,-1.9836111159469963e-07,-5.121256948355843e-08,-0.00012929133251512385
69,2.4620373709038453e-07,0.04849184952555487,0.04999911276737372,-1.1780315204054236e-06,-5.3618547520430565e-05,-5.665340415237641e-05,-0.00022908183746039867,-4.161144318004517e-08,-1.9820478435146119e-07,-5.427210609816521e-08,-0.00013384070673690216
70,2.614703907876405e-07,0.04851368749424693,0.04999911700759197,-1.1439091902347152e-06,-5.234494979255332e-05,-5.518875688278801e-05,-0.0002300618216395378,-4.0663206135604923e-08,-1.9774615322123834e-07,-5.72280857045226e-08,-0.00013843256500738167
71,2.7786708205534295e-07,0.04853558089208729,0.04999912157068712,-1.107268341906773e-06,-5.103930144268287e-05,-5.370145137338322e-05,-0.0002310504496563226,-3.9190549472323255e-08,-1.9703016136962433e-07,-6.006601720187578e-08,-0.00014306209087867503
72,2.9548921717707105e-07,0.04855749811078604,0.04999912648198626,-1.068676513689373e-06,-4.97148624633233e-05,-5.219420884836337e-05,-0.00023204156605061144,-3.777945423166784e-08,-1.9603660399315144e-07,-6.277224117464795e-08,-0.00014772458132537533
73,3.144395289576805e-07,0.04857942321068291,0.04999913176160464,-1.0287187660477139e-06,-4.838360229859018e-05,-5.067025500384208e-05,-0.00023303039779420942,-3.565366668567549e-08,-1.9477652516803714e-07,-6.533393773398169e-08,-0.00015241551844654018
74,3.34832175850379e-07,0.04860127809990329,0.04999913742444881,-9.8796715112295e-07,-4.70586243543924e-05,-4.913243224456166e-05,-0.0002339997299714014,-3.335261666848055e-08,-1.9325953860549419e-07,-6.773893358817596e-08,-0.00015713064663156964
75,3.567913697546016e-07,0.04862300364604643,0.049999143480686806,-9.468804678793012e-07,-4.575157099915466e-05,-4.758372936275901e-05,-0.00023489385785069317,-3.0687395735640166e-08,-1.9149781605933668e-07,-6.997565850575242e-08,-0.00016186600108563049
76,3.804535101925333e-07,0.048644559223282466,0.049999149936206126,-9.059101117523563e-07,-4.4472825179074394e-05,-4.602704783540681e-05,-0.00023571497877128422,-2.79525149693427e-08,-1.8950361258950692e-07,-7.203314481780417e-08,-0.00016661795080634163
77,4.0596804096322206e-07,0.04866588061779733,0.04999915679276386,-8.654516918604232e-07,-4.3231912723354876e-05,-4.446517614200098e-05,-0.0002364438259974122,-2.5235648237753594e-08,-1.8728991586252766e-07,-7.390091467740839e-08,-0.0001713832540954621
78,4.3349890583841837e-07,0.0486869034204178,0.04999916404846276,-8.258414638860632e-07,-4.2037282319451296e-05,-4.2901110931299684e-05,-0.00023706036154180765,-2.250514619106525e-08,-1.8487112038633308e-07,-7.556895538577957e-08,-0.00017615909765468144
79,4.6322620848524014e-07,0.04870755433071773,0.049999171697924144,-7.874073578114946e-07,-4.089591921980092e-05,-4.133752887447287e-05,-0.00023754894209560007,-2.000983911898402e-08,-1.8226121816495354e-07,-7.702766034215687e-08,-0.00018094313182682103
80,4.953474597718766e-07,0.048727765696223654,0.04999917973265833,-7.503911406075458e-07,-3.981363771493479e-05,-3.9777154740702845e-05,-0.00023788856924511492,-1.7714313571559615e-08,-1.794747838744796e-07,-7.826777465740452e-08,-0.0001857335022956209
81,5.300795635245165e-07,0.04874747171267449,0.04999918814152803,-7.150162039538169e-07,-3.8794811642184514e-05,-3.822268811978917e-05,-0.00023806722310837358,-1.585142150872798e-08,-1.7652660556997908e-07,-7.928033968478189e-08,-0.00019052888075536342
82,5.676612450122786e-07,0.04876660730507237,0.049999196910969185,-6.814630116469844e-07,-3.7842808996638974e-05,-3.667664692556201e-05,-0.00023807946126908064,-1.4423578775790702e-08,-1.7343135302417106e-07,-8.005666899944823e-08,-0.00019532849652461118
83,6.083546137153688e-07,0.048785106879467924,0.04999920602539991,-6.498718673886522e-07,-3.6959837503924945e-05,-3.51417243950276e-05,-0.00023791314742993563,-1.3578885571519095e-08,-1.7020428082627242e-07,-8.058837577144806e-08,-0.00020013215552168443
84,6.5244832861869e-07,0.048802920585107094,0.04999921546736662,-6.203791691821201e-07,-3.614700952380612e-05,-3.362028875491087e-05,-0.00023756749578751624,-1.345156874776876e-08,-1.6685956964269644e-07,-8.086739238985911e-08,-0.00020494025940290996
85,7.002597512860274e-07,0.04881999540757457,0.049999225217944046,-5.930551211623055e-07,-3.540468409128886e-05,-3.211473274288672e-05,-0.0002370462752878666,-1.4095379974321531e-08,-1.6341115188310093e-07,-8.088596767829775e-08,-0.0002097538240610808
86,7.521380475503433e-07,0.048836291079395105,0.04999923525712342,-5.679721527010972e-07,-3.473254225649097e-05,-3.062734589691701e-05,-0.00023635236721020192,-1.5583013990294603e-08,-1.598725947425831e-07,-8.06367441476354e-08,-0.00021457449401004908
87,8.084676605577627e-07,0.04885177464343334,0.04999924556390062,-5.451824464705753e-07,-3.412985039811022e-05,-2.916027513860212e-05,-0.00023549830075353384,-1.8039044036299856e-08,-1.5625655463901793e-07,-8.011288209687592e-08,-0.00021940455576632316
88,8.696716447397365e-07,0.04886642137256281,0.04999925611660508,-5.247149042732409e-07,-3.359566806301731e-05,-2.771574606451539e-05,-0.00023450073786079884,-2.145834798739088e-08,-1.525757174207636e-07,-7.930821439260666e-08,-0.00022424694427684378
89,9.362161836082382e-07,0.0488802142273838,0.049999266893006156,-5.066109212455438e-07,-3.312896985363455e-05,-2.629568921838022e-05,-0.0002333765587536618,-2.5920559920677988e-08,-1.4884076867891597e-07,-7.821740448318598e-08,-0.00022910525080425178
90,1.0086143477828071e-06,0.04889315262461904,0.04999927787057903,-4.908751675134318e-07,-3.272909302820816e-05,-2.4902035844216484e-05,-0.00023215380497276783,-3.151663108269531e-08,-1.4506271261776688e-07,-7.683619796533085e-08,-0.0002339837351216222
91,1.0874315260771797e-06,0.04890522586683061,0.04999928902674586,-4.77533609001106e-07,-3.239590841810863e-05,-2.3536605426192266e-05,-0.00023085517750587314,-3.816239413367839e-08,-1.41251364939763e-07,-7.516173857240279e-08,-0.00023888732438673705
92,1.1732901629567304e-06,0.04891643594783002,0.049999300338866015,-4.666102411162967e-07,-3.212980203452629e-05,-2.2201093053510792e-05,-0.0002295165613759309,-4.591225533090437e-08,-1.3741550166046513e-07,-7.319284851073107e-08,-0.00024382161813723074
93,1.266876439128023e-06,0.04892678370506879,0.049999311784480235,-4.581251336369469e-07,-3.193236299756684e-05,-2.0897243176600835e-05,-0.00022816947603132576,-5.4669698101861286e-08,-1.335643307543172e-07,-7.093044559065552e-08,-0.00024879288935684534
94,1.3689462144535267e-06,0.048936263467784284,0.04999932334129096,-4.521330128057088e-07,-3.180606676458108e-05,-1.962647794978103e-05,-0.00022684631403535604,-6.445542055644182e-08,-1.297050940357803e-07,-6.83779754583721e-08,-0.0002538080747089574
95,1.48033161786561e-06,0.04894487014161385,0.04999933498734005,-4.486645289502117e-07,-3.1754751890888365e-05,-1.8390374996824376e-05,-0.00022558568161912262,-7.508644728204672e-08,-1.2584581383823832e-07,-6.554186761935882e-08,-0.00025887477373552116
96,1.6019509507509684e-06,0.04895258102611206,0.04999934670116092,-4.4779560081471933e-07,-3.1783767048055806e-05,-1.7190322821939576e-05,-0.00022441807959694415,-8.643623772286446e-08,-1.2199350298751582e-07,-6.243202209737742e-08,-0.0002640012323551208
97,1.7348141661930937e-06,0.04895936286046996,0.049999358461658025,-4.4961268494633486e-07,-3.189983215845923e-05,-1.6027608405359012e-05,-0.00022338845883496106,-9.839673253964065e-08,-1.1815497095400294e-07,-5.9062275192407314e-08,-0.0002691963208959941
98,1.8800335964527257e-06,0.04896515553275584,0.04999937024830497,-4.5421168527795795e-07,-3.2111387719942155e-05,-1.4903573801250986e-05,-0.00022251355403568596,-1.1070960681536235e-07,-1.1433729056536322e-07,-5.5450902192899445e-08,-0.00027446950777894476
99,2.0388341492601657e-06,0.04896988573386021,0.04999938204111029,-4.6173366011132245e-07,-3.242838832158722e-05,-1.3819313282557525e-05,-0.00022183101100381464,-1.2319769382429513e-07,-1.1054660885093271e-07,-5.162105701621727e-08,-0.00027983083095177083
100,2.2125634136771105e-06,0.048973444597959714,0.04999939382076282,-4.723102711542212e-07,-3.286264221545703e-05,-1.2775996250108816e-05,-0.00022136284678708762,-1.3545479760068702e-07,-1.0678960344101376e-07,-4.760116555878075e-08,-0.000285290854611982
101,2.4027029596537724e-06,0.048975704665610645,0.049999405568782136,-4.861176815847851e-07,-3.342724529066034e-05,-1.177466957591827e-05,-0.0002211244573118165,-1.473418222985856e-07,-1.0307248296069272e-07,-4.3425221890375776e-08,-0.0002908606070929952
102,2.6108796547646306e-06,0.0489765026359103,0.049999417267422866,-5.033530351810318e-07,-3.413668988278619e-05,-1.0816316324730604e-05,-0.00022113058366812766,-1.5859515656302392e-07,-9.94014906031095e-08,-3.913299051548286e-08,-0.0002965515251064954
103,2.8388802556200888e-06,0.04897564881877975,0.04999942889981561,-5.24230725124285e-07,-3.500674110665404e-05,-9.901838514249272e-06,-0.0002213804255006835,-1.6875837616225908e-07,-9.578257918856849e-08,-3.477011106078145e-08,-0.0003023753745137643
104,3.0886610971207564e-06,0.04897292483428346,0.04999944045004169,-5.489897984973786e-07,-3.6053682428976733e-05,-9.031970906343828e-06,-0.0002218723384430632,-1.7772721605524566e-07,-9.222070999050534e-08,-3.038801463198493e-08,-0.0003083441617112922
105,3.3623634517438485e-06,0.04896808266235905,0.04999945190336105,-5.778578677917743e-07,-3.72943371799066e-05,-8.207502309332153e-06,-0.00022259513207245618,-1.84926634005933e-07,-8.872132326442059e-08,-2.6043708748625498e-08,-0.0003144700329429939
106,3.662327355935107e-06,0.04896084780089883,0.04999946324634427,-6.110926695879094e-07,-3.874499202640353e-05,-7.429083387086047e-06,-0.00022352710948325694,-1.9025161179797578e-07,-8.528887166140957e-08,-2.1799421718780447e-08,-0.0003207651574291002
107,3.991103721022533e-06,0.04895093219197986,0.04999947446686999,-6.489468426149581e-07,-4.0421090305058324e-05,-6.697294636749366e-06,-0.00022463034838438034,-1.9311937649035826e-07,-8.192713961255389e-08,-1.7722066799438764e-08,-0.00032724158631799224
108,4.3514656783077076e-06,0.04893803214385708,0.0499994855543641,-6.916478370213531e-07,-4.233562140923714e-05,-6.012616567466678e-06,-0.00022586544218938798,-1.9354047253727913e-07,-7.863925482542097e-08,-1.3882588822829618e-08,-0.00033391109144507015
109,4.7464206702731205e-06,0.04892183887321977,0.04999949649993076,-7.394119692048267e-07,-4.4498691626539934e-05,-5.375395324117616e-06,-0.0002271820994792506,-1.9127124062379153e-07,-7.542670843286043e-08,-1.0355174128801243e-08,-0.0003407849956700868
110,5.179219672131348e-06,0.048902042191948304,0.04999950729660089,-7.923826199692213e-07,-4.691595164172964e-05,-4.785980853587882e-06,-0.00022851959511172026,-1.8605695117912546e-07,-7.229086771302952e-08,-7.216390345070107e-09,-0.00034787397442562104
111,5.653367978046347e-06,0.04887834365349224,0.04999951793951551,-8.506689636186534e-07,-4.958738125288425e-05,-4.244620403951997e-06,-0.00022980454377830029,-1.780641412096884e-07,-6.923194765413516e-08,-4.5443205320382516e-09,-0.0003551878305773838
112,6.17262755791959e-06,0.0488504673670446,0.04999952842596373,-9.142952852842897e-07,-5.250566129172107e-05,-3.7515072521466316e-06,-0.00023096297809388489,-1.6759227605689375e-07,-6.624910360658997e-08,-2.417674068090722e-09,-0.0003627352487263748
113,6.741025562338272e-06,0.04881816939200813,0.049999538755588886,-9.83182460543056e-07,-5.565516821721071e-05,-3.306780476565537e-06,-0.00023191620130091906,-1.5497057859192864e-07,-6.334088758274386e-08,-9.149854983565577e-10,-0.00037052354250456155
114,7.362852539547711e-06,0.04878124684280355,0.04999954893047462,-1.0571497566681054e-06,-5.901082878638977e-05,-2.9105105461641417e-06,-0.00023257860448211432,-1.4104409729043255e-07,-6.050446732507098e-08,-1.1393000875460419e-10,-0.0003785583765145523
115,8.042660946067578e-06,0.04873955837806119,0.04999955895526065,-1.1358630724024153e-06,-6.253699370682002e-05,-2.562810330424474e-06,-0.00023288482043426484,-1.2655573300435208e-07,-5.773684566573677e-08,-9.080720432634378e-11,-0.0003868434820515102
116,8.785267383911739e-06,0.04869303351080067,0.04999956883709147,-1.2188904244543164e-06,-6.618731752187283e-05,-2.2637791253547033e-06,-0.0002327669644728303,-1.125678963376231e-07,-5.503420244945325e-08,-9.202584298267212e-10,-0.00039538038318423225
117,9.595746896652032e-06,0.04864169790326264,0.049999578585403666,-1.3056611108417045e-06,-6.990488905818322e-05,-2.013553499373027e-06,-0.00023218053684104234,-1.004045415697874e-07,-5.239253576087366e-08,-2.6752466809213137e-09,-0.0004041681237125687
118,1.0479435091186853e-05,0.04858566623677845,0.0499995882118589,-1.3954592549630293e-06,-7.362276235988482e-05,-1.8123089967712343e-06,-0.00023110094480216503,-9.070461715054989e-08,-4.980743350328825e-08,-5.42733132722104e-09,-0.0004132030158030366
119,1.144191383338874e-05,0.04852517806400318,0.04999959773006403,-1.4874775023082248e-06,-7.726548530402239e-05,-1.6602743957076244e-06,-0.0002295276935910806,-8.471238288620953e-08,-4.727356804481617e-08,-9.247289374343367e-09,-0.0004224784187899734
120,1.2489009691648912e-05,0.048460613071451636,0.04999960715526143,-1.5807771869526063e-06,-8.075078905482281e-05,-1.5577813993753302e-06,-0.00022748972696717829,-8.315807775716166e-08,-4.478604299398664e-08,-1.4206119257980378e-08,-0.0004319845363289635
121,1.362678510461128e-05,0.048392502188702204,0.04999961650390054,-1.6743823835110482e-06,-8.399144259063495e-05,-1.5052474903247538e-06,-0.00022504616936203092,-8.689510622161833e-08,-4.2339458428624195e-08,-2.0376425158649426e-08,-0.00044170826338857144
122,1.4861535570415847e-05,0.048321549888586446,0.049999625793039376,-1.7672723998727873e-06,-8.689874389606418e-05,-1.503194248057832e-06,-0.00022228735906537622,-9.651162002910496e-08,-3.992860818944136e-08,-2.7834216958631244e-08,-0.00045163307717494585
123,1.6199787740698503e-05,0.04824863473812873,0.04999963503990056,-1.8583924572621719e-06,-8.938464868047836e-05,-1.552250227495924e-06,-0.00021933049720246345,-1.1280922507239666e-07,-3.7548313075713665e-08,-3.666111698330563e-08,-0.00046173896370211177
124,1.7648284235327157e-05,0.048174817341548215,0.049999644261336906,-1.946718179843512e-06,-9.136520248915431e-05,-1.6531776910303816e-06,-0.00021633236610796303,-1.3591683512004238e-07,-3.520538081896385e-08,-4.694694180728555e-08,-0.00047200241435573723
125,1.921400080998337e-05,0.0481013121847591,0.049999653473318105,-2.031227854316237e-06,-9.276423764957243e-05,-1.8068764442913492e-06,-0.0002134509413735941,-1.6613586240055156e-07,-3.286969129798012e-08,-5.879244689276099e-08,-0.0004823964584225013
126,2.090409877175804e-05,0.04802946271473731,0.04999966269026111,-2.11111031188671e-06,-9.351549293470412e-05,-2.014402887444259e-06,-0.0002109064080286771,-2.004531154398137e-07,-3.0575614382439384e-08,-7.231220325581171e-08,-0.0004928908505409139
127,2.2726149391152917e-05,0.047960642152246075,0.049999671924482764,-2.18554961647194e-06,-9.357063790654614e-05,-2.276964662902831e-06,-0.0002088174514938146,-2.3958526185197115e-07,-2.8279143491546938e-08,-8.763725340208279e-08,-0.0005034522528544035
128,2.4687858974218464e-05,0.0478962680542878,0.0499996811857137,-2.2540502980970196e-06,-9.289482584260269e-05,-2.5959283316632585e-06,-0.0002073785726679489,-2.730851349497243e-07,-2.6012886727382174e-08,-1.0491714849519122e-07,-0.0005140446178738489
129,2.6797654365110055e-05,0.047837552818435866,0.049999690480607185,-2.316243092343657e-06,-9.148246181940406e-05,-2.97281005198317e-06,-0.0002066172455670312,-3.0601887601733324e-07,-2.3779813139980955e-08,-1.2432145488994636e-07,-0.0005246295754302458
130,2.9064214254213087e-05,0.04778565403866113,0.04999969981260067,-2.371884029310305e-06,-8.934092941778137e-05,-3.409267393318547e-06,-0.00020651805971283466,-3.2457936072205484e-07,-2.1593109252691354e-08,-1.460398545535362e-07,-0.0005351667737590295
131,3.149697774638452e-05,0.0477413859582734,0.04999970918152196,-2.4211174145128855e-06,-8.650558557787196e-05,-3.907037543296756e-06,-0.00020703212067019194,-3.3596012372072437e-07,-1.9459707982031566e-08,-1.7028128137326646e-07,-0.0005456143881232364
132,3.410595095924143e-05,0.04770531776349458,0.049999718583435916,-2.4641533707859196e-06,-8.302681699018399e-05,-4.4678615031001615e-06,-0.00020795191812794656,-3.3472915106358414e-07,-1.7389012104710383e-08,-1.972724112580878e-07,-0.0005559295339961611
133,3.690196697641943e-05,0.047677793161052244,0.049999728010979044,-2.5013536181801774e-06,-7.89722395452661e-05,-5.093453158707292e-06,-0.0002090378402499482,-3.251376767821057e-07,-1.5391035955090207e-08,-2.2725509276091558e-07,-0.0005660686689470991
134,3.989664656082871e-05,0.0476589792586772,0.04999973745366956,-2.5331375501767004e-06,-7.442023517546283e-05,-5.785493769322436e-06,-0.00021004136942792684,-3.1097724217943323e-07,-1.3470213655938548e-08,-2.604836619420851e-07,-0.0005759879274436542
135,4.310240286676081e-05,0.04764894272619449,0.049999746898390235,-2.5599367446647516e-06,-6.945608078075998e-05,-6.5455279428938385e-06,-0.00021076768462080508,-2.959060623197729e-07,-1.1632578569645822e-08,-2.972223082215594e-07,-0.0005856434403534793
136,4.6532505448290353e-05,0.04764766031889233,0.049999756329852776,-2.5821969747611424e-06,-6.416900987266047e-05,-7.375035856057681e-06,-0.00021107234351802617,-2.83088553487687e-07,-9.882112258503151e-09,-3.377428420867988e-07,-0.0005949916453391205
137,5.02010394612703e-05,0.04765508959037583,0.04999976573103257,-2.600330945564687e-06,-5.864930988237725e-05,-8.275384109534926e-06,-0.00021089104120619595,-2.733924020503764e-07,-8.223219272555696e-09,-3.823231829967879e-07,-0.0006039896232328661
138,5.41230022950751e-05,0.04767115595056237,0.04999977508360486,-2.6147422809065105e-06,-5.298757040399622e-05,-9.247891363499397e-06,-0.00021023364388383925,-2.670155652140238e-07,-6.662634879655479e-09,-4.3124642189226846e-07,-0.0006125954854646187
139,5.831433465015492e-05,0.04769571827508195,0.049999784368282243,-2.6258351477955266e-06,-4.727347820233421e-05,-1.0293821711631919e-05,-0.000209156540222466,-2.627683954870008e-07,-5.210553919142929e-09,-4.84800562891699e-07,-0.0006207688094002606
140,6.279205172973189e-05,0.047728571268103676,0.04999979356512256,-2.6340167843898524e-06,-4.159520405399637e-05,-1.1414244879628927e-05,-0.00020774538279511034,-2.593463648281613e-07,-3.882102802161945e-09,-5.432785262088938e-07,-0.000628471121206976
141,6.75744315187545e-05,0.04776940237362322,0.04999980265376829,-2.639749391476453e-06,-3.603841647191986e-05,-1.261008472946987e-05,-0.00020608674094546586,-2.552587545778806e-07,-2.6960288761057654e-09,-6.069782479747002e-07,-0.0006356664101580432
142,7.268116693309786e-05,0.047817772054925656,0.04999981161365468,-2.6435460546049685e-06,-3.0685163500857894e-05,-1.3882009207735245e-05,-0.00020425650291144848,-2.490553185907629e-07,-1.6904058189817625e-09,-6.762030350908103e-07,-0.0006423216551075297
143,7.813374445664036e-05,0.04787310576942602,0.04999982042429827,-2.6458694854404983e-06,-2.5612057456733424e-05,-1.5230560717386608e-05,-0.00020231783855706453,-2.4282118715746037e-07,-8.932643928529614e-10,-7.512615478080245e-07,-0.0006484072631996415
144,8.395513409307045e-05,0.04793471693268586,0.04999982906550826,-2.6473199748279542e-06,-2.088748114710058e-05,-1.6655973182743002e-05,-0.00020031719759572297,-2.3165571860772616e-07,-3.5176179715718717e-10,-8.324674843934094e-07,-0.000653897585857627
145,9.017076085567814e-05,0.04800170754303363,0.04999983751761247,-2.6484704975418277e-06,-1.65727261256912e-05,-1.8157905949773197e-05,-0.00019828008953481913,-2.190076173747002e-07,-9.914228392196239e-11,-9.201393975814348e-07,-0.0006587714390476154
146,9.680808159985029e-05,0.048073133818772304,0.04999984576170913,-2.6500598105396506e-06,-1.2717461567720451e-05,-1.973537556727915e-05,-0.00019611981406342238,-2.0233819952863996e-07,-1.9542757584327064e-10,-1.0146003933132616e-06,-0.0006630126045825244
147,0.00010389811726767447,0.048147992146758446,0.049999853780040085,-2.652671951620585e-06,-9.360988253783712e-06,-2.1388910013248952e-05,-0.00019379319564905018,-1.8809235768912913e-07,-6.837704953929007e-10,-1.116177597712715e-06,-0.0006665915049183803
148,0.00011144178125034566,0.048224871280686796,0.049999861571149995,-2.6426794654098086e-06,-6.3801962907866965e-06,-2.307392512372885e-05,-0.0002582534507382661,-2.9248540158732794e-05,-1.9919318053271245e-09,-1.2260516096178497e-06,-0.0006692973928008085
149,0.00011892938086824117,0.048410760495975196,0.049999869271534284,-2.4745931781616004e-06,-2.6003001759323057e-06,-2.4916025589296683e-05,-0.00030093753593973815,-1.1413802894821856e-05,-5.122629034835914e-09,-1.3465139443344013e-06,-0.0006710982015237304
150,0.00012700821638452964,0.048675563501655916,0.04999987685076843,-2.4227465754017682e-06,-9.581391551218072e-07,-2.70833844517121e-05,-0.0003988721582572907,-2.257006781292148e-05,-1.3594658737306437e-08,-1.47957965788191e-06,-0.000672129689478029
151,0.00013521913023779451,0.048984207268845004,0.049999884198109246,-2.3030641936737207e-06,-6.871433988262576e-07,-2.915075235205244e-05,-0.00031411825329996645,-2.9067325158393942e-05,-1.6983476848393448e-08,-1.6248286969872235e-06,-0.000672264472848697
152,0.0001441079658739602,0.04916033141179081,0.04999989142632235,-2.1408954010589893e-06,-1.8370010639168751e-06,-3.111477209969625e-05,-0.0001989240845432505,-8.441021054750308e-05,-1.9020710169553195e-08,-1.7796992000632155e-06,-0.00067161041891002
153,0.00015472858627602447,0.049189785539332204,0.049999898408682006,-2.196782495768855e-06,-2.204296482419086e-06,-3.31388812101496e-05,-0.0001958576322067529,-1.1277387557129259e-07,-2.199456151785752e-08,-1.942999559434338e-06,-0.0006703941704038207
154,0.00016611676168356047,0.049206475542021136,0.049999904960160935,-2.255066045649093e-06,-2.831606189771627e-06,-3.5217486451938306e-05,-0.0001853548310464248,-4.327851002017269e-07,-2.7369224776164007e-08,-2.1150772635163234e-06,-0.0006686415155667453
155,0.0001783435243459262,0.04922185413831258,0.04999991109816921,-2.3094810355224203e-06,-3.6818957444524313e-06,-3.734824782867854e-05,-0.00017732467676978558,-2.479330873939034e-07,-3.166519398785049e-08,-2.2962838643603323e-06,-0.0006663826624357898
156,0.00019142483386454863,0.04923698003580812,0.04999991683787114,-2.37241818839057e-06,-4.7169497996300185e-06,-3.950870767118362e-05,-0.00016847655933815986,-1.7505145422092028e-07,-3.7309326956391463e-08,-2.4870232571013027e-06,-0.0006636632616199389
157,0.00020549886322164144,0.04925111945294866,0.04999992219305708,-2.4394641299357244e-06,-5.815757110393163e-06,-4.169869083522042e-05,-0.00015989922394510359,-1.90667250876686e-07,-4.423878168639605e-08,-2.687753455901476e-06,-0.0006605316853543703
158,0.0002206081567446861,0.049268199497553275,0.04999992718507491,-2.506234730306843e-06,-6.974628990259745e-06,-4.391375098751566e-05,-0.0001504831452621147,-2.8063789159205044e-07,-5.238667057645266e-08,-2.898894387146936e-06,-0.0006570267550111999
159,0.00023682771425754292,0.04928968527954125,0.0499999318363479,-2.5744430083305957e-06,-8.153286376523703e-06,-4.6155345272585385e-05,-0.00014312118582893163,-1.6267749458620528e-07,-6.177053547807711e-08,-3.1208230966457717e-06,-0.0006531870165838428
160,0.0002542390608614957,0.04931301504490351,0.049999936165905506,-2.6457151032259166e-06,-9.292778780975565e-06,-4.841778224417089e-05,-0.00013592554023489356,-1.6428005267243861e-07,-7.241004839455249e-08,-3.3539217848048736e-06,-0.0006490546902568503
161,0.0002729328194676715,0.04933784819978815,0.049999940191280484,-2.7205174887326652e-06,-1.035181230224679e-05,-5.06954813340782e-05,-0.00012889428762719035,-1.6978636097064737e-07,-8.433568709106472e-08,-3.5985570005077133e-06,-0.0006446720222424238
162,0.00029300564433741084,0.049363774813849584,0.049999943929717454,-2.799255690151914e-06,-1.1295105311790102e-05,-5.298382632184535e-05,-0.00012206408428028226,-1.770880402318653e-07,-9.758570772761261e-08,-3.855083040980686e-06,-0.0006400810049451539
163,0.0003145585790362364,0.04939044855686762,0.04999994739805081,-2.882341668789517e-06,-1.2094856461227593e-05,-5.527869062505075e-05,-0.00011547964822966605,-1.8408525193081005e-07,-1.1219654477114037e-07,-4.123843764750191e-06,-0.0006353229452430702
164,0.000337697448087823,0.04941752590646242,0.04999995061260781,-2.970080105715898e-06,-1.2731565669027787e-05,-5.7576403115555373e-05,-0.00010919238411588594,-1.898870607419667e-07,-1.2820049676110693e-07,-4.405173462942864e-06,-0.000630438045930392
165,0.00036253305327631967,0.04944466110059938,0.049999953589195505,-3.0627386357404156e-06,-1.3193452385882382e-05,-5.987357532046034e-05,-0.00010324457252863795,-1.9422429886617465e-07,-1.4562393384928402e-07,-4.699398123984105e-06,-0.0006254650869089055
166,0.0003891814090457506,0.049471537900436825,0.04999995634306659,-3.160530063193847e-06,-1.3475977972094038e-05,-6.216720280421262e-05,-9.76727606030181e-05,-1.9722619981621392e-07,-1.6448610488251623e-07,-5.006836117609759e-06,-0.0006204411989316685
167,0.00041776402047279836,0.049497871772700194,0.04999995888889433,-3.263639663761708e-06,-1.3580898071573253e-05,-6.445504063890852e-05,-9.250698349205777e-05,-1.9846848431370745e-07,-1.848002708652804e-07,-5.327799573074022e-06,-0.0006154016597205908
168,0.00044840670018531526,0.04952340894570626,0.049999961240710177,-3.3722564170838657e-06,-1.351611956455237e-05,-6.673488506949457e-05,-8.777443144936115e-05,-1.9793048977589933e-07,-2.065729696975457e-07,-5.66259589405609e-06,-0.0006103797524748606
169,0.00048124078625648344,0.04954792712735651,0.04999996341186022,-3.4865918175662014e-06,-1.3294195077624746e-05,-6.90050347283623e-05,-8.34745733300224e-05,-1.9634337888874143e-07,-2.2979854562076921e-07,-6.011529269219151e-06,-0.0006054066971953024
170,0.0005164034186286132,0.04957125178763931,0.049999965415021455,-3.606722265826415e-06,-1.293180075945417e-05,-7.126422810785193e-05,-7.962887320900336e-05,-1.9249613103511365e-07,-2.544700528342183e-07,-6.374902001440764e-06,-0.0006005115235026485
171,0.00055403499856696,0.0495932541046582,0.04999996726218501,-3.732825070250618e-06,-1.2449572282500728e-05,-7.351260175472783e-05,-7.623326382599771e-05,-1.8796106360241538e-07,-2.8053825727530506e-07,-6.7530134409601915e-06,-0.0005957209362683008
172,0.000594285674101036,0.04961382945441181,0.04999996896480652,-3.8641107244776465e-06,-1.187098465268571e-05,-7.578891995899346e-05,-7.343569450313225e-05,-1.7437675126075192e-07,-3.081481775286633e-07,-7.146075270563612e-06,-0.0005910602507159254
173,0.0006372469268926357,0.04963330026633398,0.04999997052912809,-4.00981467421335e-06,-1.1209776364048996e-05,-7.789698843180746e-05,-7.531229493906721e-05,-1.1122679097752552e-05,-3.368881253794682e-07,-7.5547877797568425e-06,-0.0005864516885867994
174,0.0006817013298083469,0.04965443011284745,0.04999997200844494,-4.027300856945227e-06,-1.1496550868672858e-05,-7.998294618147598e-05,-9.30057794903405e-05,-6.7653891164809465e-06,-3.675327317268374e-07,-7.981155565892786e-06,-0.0005819239331214118
175,0.0007300968086004926,0.04965680946501646,0.04999997342542697,-4.129914586443227e-06,-1.0609709503172401e-05,-8.262531431047587e-05,-0.00014229748921934515,-3.8482357922475785e-05,-4.122163143577856e-07,-8.430119773744627e-06,-0.0005775784218744915
176,0.0007786372814718713,0.049724660013311404,0.04999997476969817,-4.154556112958999e-06,-1.0054050047970099e-05,-8.50307682798708e-05,-0.00010106503032147884,-8.869686098478269e-06,-4.5218746369088754e-07,-8.903652595280479e-06,-0.0005732952853858417
177,0.0008299973569293112,0.04978384257537585,0.04999997609540268,-4.09359985766755e-06,-1.0601985841784567e-05,-8.716780052146247e-05,-6.884965114295483e-05,-6.517738074762747e-05,-4.819088909138822e-07,-9.39647448116778e-06,-0.0005691153124349359
178,0.000889277757228685,0.049793365343076976,0.049999977364611516,-4.284298581945021e-06,-9.255116268034053e-06,-8.92889034564906e-05,-6.874363316455856e-05,-1.795071966625983e-07,-5.132685477535663e-07,-9.905164598130023e-06,-0.0005651865148982287
179,0.0009523990584003908,0.04979804024904681,0.04999997851011067,-4.484256453674399e-06,-8.052013278964835e-06,-9.140280509456894e-05,-6.787518941564485e-05,-1.3829352951688634e-07,-5.464995065179977e-07,-1.0430273482145428e-05,-0.0005615203950873317
180,0.0010194875525330776,0.0498000279731603,0.04999997954204749,-4.690164860695759e-06,-6.999621628500328e-06,-9.34891523607648e-05,-6.64497129037045e-05,-1.7280059694257943e-07,-5.812818898070162e-07,-1.097241037395464e-05,-0.0005581294721424077
181,0.0010908005092411255,0.04980062566275712,0.04999998047146637,-4.900562997163722e-06,-6.108817111640693e-06,-9.555433500834862e-05,-6.516364373965189e-05,-1.2667003090882645e-07,-6.174498724596549e-07,-1.1532109299120836e-05,-0.0005550217460849303
182,0.0011664300590913034,0.0498002085139002,0.04999998130918678,-5.115517994602514e-06,-5.408050106060632e-06,-9.761074799004413e-05,-6.484519690275192e-05,-9.678603163365551e-08,-6.549344024704969e-07,-1.2109967007930477e-05,-0.0005522020446815968
183,0.0012465602739364246,0.04979855942504011,0.04999998206480012,-5.335236024379999e-06,-4.887982252016888e-06,-9.965719426118517e-05,-6.453265086747706e-05,-8.668726536598115e-08,-6.936104505253959e-07,-1.270665048313823e-05,-0.0005496747031157679
184,0.001331373619800704,0.049796120605394546,0.04999998274680177,-5.558977114599961e-06,-4.549147582884096e-06,-0.00010171997130684861,-6.443768506869674e-05,-7.768078802428136e-08,-7.353422719121817e-07,-1.3322769640627258e-05,-0.0005474401240103034
185,0.0014211746290190208,0.049793265696421896,0.049999983364786636,-5.769460700843753e-06,-4.394555596226979e-06,-0.00010385351325672618,-6.56077972962521e-05,-1.8599526185880677e-07,-7.823049533432336e-07,-1.3958952140716457e-05,-0.0005454880862522954
186,0.0015154454861359128,0.04978990957331525,0.049999983925220974,-5.984307478299042e-06,-4.409941422487722e-06,-0.00010603131516962407,-6.945369386812672e-05,-1.9872939560627856e-07,-8.267115148391175e-07,-1.4616026622474201e-05,-0.0005438127258365017
187,0.0016145945337786756,0.04978248610630061,0.049999984428501516,-6.221083515878177e-06,-4.560084486688931e-06,-0.0001081755128188863,-7.174560596467927e-05,-2.096823976671658e-07,-8.640374403062661e-07,-1.5295092543679837e-05,-0.000542427835162781
188,0.0017192206117096144,0.04977106874602716,0.04999998487547405,-6.4812625427116635e-06,-4.826388291606773e-06,-0.00011022502615006854,-7.008171814959496e-05,-2.530034350911592e-07,-9.044588785261898e-07,-1.599723602549224e-05,-0.0005413507506142976
189,0.0018301279261410599,0.04975956352399659,0.04999998527374239,-6.741173812515188e-06,-5.266936430336181e-06,-0.00011220999833046748,-6.69972796458751e-05,-2.049109042445707e-07,-9.468220376323695e-07,-1.6723291835869787e-05,-0.0005405820132893642
190,0.0019471162847569702,0.04975129409297397,0.049999985634337135,-6.9962033941510745e-06,-5.8785934597535375e-06,-0.00011416840438190117,-6.60142904962413e-05,-1.0883017154128538e-07,-9.90378745757065e-07,-1.7474040447256495e-05,-0.0005401099496381621
191,0.0020702269374760197,0.04974495581161298,0.04999998596511779,-7.252969814818822e-06,-6.655407823532375e-06,-0.0001161183459510932,-6.636513717239723e-05,-3.5951583043924984e-08,-1.0348438702173602e-06,-1.8250416303332142e-05,-0.0005399264641000785
192,0.0021996098585926075,0.04973862573169161,0.04999998627065655,-7.513712732734106e-06,-7.555956026271248e-06,-0.00011805725892959312,-6.664967077085748e-05,-3.224414868441272e-08,-1.0799399048563708e-06,-1.9053543570267487e-05,-0.0005400271097874481
193,0.0023354735161116966,0.0497322264550542,0.049999986554681845,-7.778382847668689e-06,-8.567569219860952e-06,-0.00011998515920897415,-6.687239510938525e-05,-2.819183819724458e-08,-1.1255038507145884e-06,-1.9884623903595025e-05,-0.000540406784417433
194,0.0024780030386050136,0.049725781997955645,0.04999998682062497,-8.0472918231251e-06,-9.675308035981005e-06,-0.00012190317123082114,-6.703545659547672e-05,-2.4795580699787934e-08,-1.1714401645912764e-06,-2.074495567305969e-05,-0.0005410598045234723
195,0.002627381599465071,0.04971932417223143,0.0499999870715506,-8.320573079929552e-06,-1.0863865772104584e-05,-0.00012381150511164886,-6.710322486469522e-05,-2.2231693819207976e-08,-1.2176841844086792e-06,-2.1635944574931827e-05,-0.0005419799247534439
196,0.0027837840039970675,0.049712887172863644,0.04999998731021384,-8.598395128891967e-06,-1.211641200905602e-05,-0.00012570920717513097,-6.705629493808374e-05,-2.0580973369987987e-08,-1.2641483503182715e-06,-2.2559103991304485e-05,-0.0005431602959249104
197,0.002947402765013987,0.04970649872425458,0.04999998753919772,-8.880346899077438e-06,-1.3417435962504447e-05,-0.00012759627784511625,-6.686917913611978e-05,-1.914580671780186e-08,-1.3107850370749781e-06,-2.3516060153515808e-05,-0.0005445933213262205
198,0.0031184042380230977,0.04970022563872335,0.049999987760953324,-9.16629425380701e-06,-1.4749262839514389e-05,-0.00012947212944328782,-6.657948688371107e-05,-1.849980790780137e-08,-1.3575251716317107e-06,-2.4508559613067156e-05,-0.0005462706871220485
199,0.003296968975531923,0.04969410248800007,0.049999987977772185,-9.456031010885341e-06,-1.609691350391297e-05,-0.00013133654294563123,-6.617337203351781e-05,-1.8151332881188864e-08,-1.4043133148061764e-06,-2.5538475284602434e-05,-0.0005481834891399737
200,0.003483265730335283,0.04968816823064065,0.049999988191800765,-9.749258451525051e-06,-1.7444064305454094e-05,-0.00013318912280686936,-6.566034426214173e-05,-1.8350039709957855e-08,-1.4510899407491978e-06,-2.6607815007072556e-05,-0.0005503222003588118
201,0.0036774613820300217,0.049682469989807576,0.04999998840504064,-1.0045740398607536e-05,-1.8775978057803037e-05,-0.00013502951104024834,-6.50642323307693e-05,-1.8727694950371188e-08,-1.497797888177657e-06,-2.7718725344344356e-05,-0.0005526767445039244
202,0.0038797203667907338,0.049677029074157955,0.049999988619333496,-1.0345278082694225e-05,-2.00788661590116e-05,-0.00013685765309219802,-6.438997661462054e-05,-1.9395450578940654e-08,-1.5443874016755042e-06,-2.8873503017910676e-05,-0.0005552366002774305
203,0.0040902010711109365,0.04967186832036559,0.04999998883634742,-1.0647706006844405e-05,-2.1340138638623658e-05,-0.0001386730952433452,-6.365188892232254e-05,-2.025391587778813e-08,-1.5908044506508835e-06,-3.007460397075581e-05,-0.0005579908568193746
204,0.004309062097341313,0.04966699985834692,0.049999989057577465,-1.095284166618551e-05,-2.25486694518966e-05,-0.00014047555688827783,-6.286447023740038e-05,-2.117205788465526e-08,-1.6370005719588549e-06,-3.132465161910912e-05,-0.0005609282971013472
205,0.004536457850181874,0.04966243152639233,0.04999998928433909,-1.1260587953463868e-05,-2.3695009427952257e-05,-0.00014226461438961798,-6.204237433848903e-05,-2.211507243998767e-08,-1.6829258490052318e-06,-3.26264461810241e-05,-0.0005640374776942793
206,0.004772541533354138,0.04965816215386745,0.04999998951775836,-1.1570843960811694e-05,-2.4771330190257918e-05,-0.00014403974525563685,-6.120046600699425e-05,-2.3011311967024994e-08,-1.7285341379945076e-06,-3.39829735170868e-05,-0.0005673068092380832
207,0.005017464590365586,0.049654182090600185,0.04999998975877479,-1.1883551592572261e-05,-2.577144058008601e-05,-0.00014580076598321256,-6.0355359892128035e-05,-2.381024621911365e-08,-1.7737861045777966e-06,-3.539741924265697e-05,-0.0005707246533617843
208,0.005271373863588311,0.04965047410245053,0.049999990008126216,-1.2198747874176376e-05,-2.669108481877824e-05,-0.00014754723579785687,-5.952079300186597e-05,-2.4470285353572763e-08,-1.81863750816372e-06,-3.6873179757218636e-05,-0.00057427940957964
209,0.005534417349388683,0.04964701088310008,0.049999990266344455,-1.2516446415492073e-05,-2.7527569470180842e-05,-0.00014927888237147786,-5.870979657629505e-05,-2.4957589772611755e-08,-1.8630549680862586e-06,-3.841387495202881e-05,-0.0005779595896358362
210,0.005806737636455277,0.04964375969486279,0.049999990533756734,-1.2836757129104312e-05,-2.827968719153022e-05,-0.00015099532515429397,-5.793986565549858e-05,-2.5241002177267546e-08,-1.9070040180254231e-06,-4.00233638517442e-05,-0.0005817539164880127
211,0.00608847882518514,0.04964067265600257,0.049999990810482564,-1.3159834716204282e-05,-2.8948072908943417e-05,-0.00015269613774284433,-5.7220226153731346e-05,-2.5268255043897625e-08,-1.950455261482243e-06,-4.1705759462784526e-05,-0.000585651431440825
212,0.006379784259862098,0.049637701404876916,0.0499999910964401,-1.348587042334083e-05,-2.9534714020462803e-05,-0.00015438125781573912,-5.65572663617786e-05,-2.520713771048122e-08,-1.993385695213278e-06,-4.346544752727016e-05,-0.0005896415533969811
213,0.0066807904765711955,0.04963479280984842,0.04999999139134803,-1.3815113596762758e-05,-3.0042635951140894e-05,-0.00015605033056890496,-5.5965425417525694e-05,-2.4918453078726088e-08,-2.035774199921795e-06,-4.5307105668901e-05,-0.0005937141549723093
214,0.006991637387419334,0.049631887263729864,0.049999991694733174,-1.4147852815701682e-05,-3.047624488190839e-05,-0.00015770327725006536,-5.5448315833928064e-05,-2.445246671811674e-08,-2.077607252408501e-06,-4.723572595459856e-05,-0.0005978596475262453
215,0.007312459593407344,0.049628922998651626,0.04999999200594259,-1.4484431408568419e-05,-3.0840792492892086e-05,-0.00015933990459474797,-5.501575651578605e-05,-2.3839460183694428e-08,-2.118873555131659e-06,-4.9256638869395894e-05,-0.0006020690432464228
216,0.007643391522512387,0.04962583399076436,0.049999992324153815,-1.4825242971138795e-05,-3.1142364281687823e-05,-0.00016095995838481906,-5.466885704663582e-05,-2.3193521769826475e-08,-2.159567047615169e-06,-5.137553690885698e-05,-0.0006063340140968667
217,0.007984566022601707,0.04962255527406304,0.049999992648396926,-1.5170688183494845e-05,-3.138752588452375e-05,-0.00016256375850651753,-5.441104440251365e-05,-2.240693142141481e-08,-2.1996781101403765e-06,-5.359850642093553e-05,-0.0006106469329608665
218,0.008336112799539431,0.049619025261462946,0.04999999297757486,-1.552109235239169e-05,-3.158328110836254e-05,-0.00016415167112106163,-5.4246309446170926e-05,-2.1514958703505727e-08,-2.2392236969559454e-06,-5.593206223303164e-05,-0.0006150008680936204
219,0.00869814264547374,0.0496151843692751,0.04999999331046884,-1.5877023041560786e-05,-3.173608555953152e-05,-0.00016572416174512948,-5.418844739324413e-05,-2.063566562071628e-08,-2.278215342251774e-06,-5.8383186212758856e-05,-0.0006193896722044664
220,0.009070776222060515,0.04961095069011995,0.049999993645749766,-1.623907357591954e-05,-3.185415497892404e-05,-0.00016728124895286296,-5.422313915914856e-05,-1.9631261949371037e-08,-2.316666961677067e-06,-6.095936755563605e-05,-0.0006238080769101691
221,0.009454132440980863,0.04960626334026098,0.04999999398201642,-1.6607737523802083e-05,-3.1944762695243493e-05,-0.00016882316848910203,-5.434879494714551e-05,-1.8903216769672326e-08,-2.3545961569895017e-06,-6.366864215251931e-05,-0.0006282516264522828
222,0.009848319651877269,0.04960107233007939,0.049999994317831496,-1.698351951734534e-05,-3.2014915798333776e-05,-0.0001703507294373237,-5.456776125356555e-05,-1.8072835672455767e-08,-2.3920332991640465e-06,-6.651964812827637e-05,-0.0006327166666508762
223,0.010253435614539657,0.04959532816602277,0.04999999465173197,-1.7367009860423992e-05,-3.207164167946153e-05,-0.00017187734421647606,-5.488001261255704e-05,-1.7285266551425593e-08,-2.4283901820114287e-06,-6.952163929509706e-05,-0.0006371995364408093
224,0.010669771037981876,0.04958905128242916,0.049999994982584645,-1.7747442488086256e-05,-3.2106658088510905e-05,-0.0001734036035168797,-5.5362826969940215e-05,-2.9234593412752474e-08,-2.465760979653342e-06,-7.268478758968695e-05,-0.0006416951893511943
225,0.011095789550697184,0.04958218874151232,0.049999995308265904,-1.815652052633583e-05,-3.210403382996608e-05,-0.00017489484950405164,-5.6682340073166415e-05,-5.944584202666192e-08,-2.501871616882204e-06,-7.60200516991953e-05,-0.0006462076188367053
226,0.011534616947955061,0.04957289622532843,0.049999995626789945,-1.857274670743895e-05,-3.221759648004262e-05,-0.0001763603917352037,-5.610651714960113e-05,-1.6623122434111792e-08,-2.538580132409523e-06,-7.953917223611176e-05,-0.0006507412877055477
227,0.011984290009556295,0.04956419345876515,0.04999999593744823,-1.899905790825179e-05,-3.228535244647012e-05,-0.00017785335647917702,-5.678107845596969e-05,-6.027223520277403e-08,-2.5745985597747872e-06,-8.325431948435678e-05,-0.0006552926039068256
228,0.012445192067776197,0.049554217360573395,0.049999996239416616,-1.9434474668099433e-05,-3.243882292327889e-05,-0.00017814873219293922,-0.0001065647738869302,-4.044622983201407e-05,-2.5871229710640757e-06,-8.716094057982938e-05,-0.0006598861900346828
229,0.0129389078249897,0.04947340233320069,0.04999999655771772,-1.962175318382047e-05,-3.1640148865459905e-05,-0.00017922001465164406,-0.00010066034883493558,-1.0332471902074758e-05,-2.61005358628673e-06,-9.126465460702483e-05,-0.0006646160976720241
230,0.013441947451900192,0.0493881388728153,0.049999996892247905,-2.0090241389560148e-05,-3.2582332313600446e-05,-0.00018049246254470003,-6.975020369281992e-05,-2.9588354664156213e-05,-2.6511487701533007e-06,-9.560281967611077e-05,-0.0006693444204771038
231,0.013915887869079505,0.049348978004878266,0.049999997235355705,-2.0165322388256395e-05,-2.8801646349070942e-05,-0.00018203111707306623,-5.7618726714281365e-05,-4.654311851481907e-05,-2.6888634302227433e-06,-0.00010020357757045873,-0.00067397522771478
232,0.0144200091091683,0.04933855255966877,0.049999997571772155,-2.07090714592428e-05,-2.914272208251917e-05,-0.0001835962190095439,-5.9016147133661434e-05,-4.517784191193641e-08,-2.7257880455120555e-06,-0.00010508368558520483,-0.000678625773771323
233,0.014935487630604719,0.04932531350901686,0.04999999787330971,-2.127276865613642e-05,-2.9601762530058827e-05,-0.00018399909917158402,-9.595140727469698e-05,-3.698236105265096e-05,-2.743218879896642e-06,-0.0001102437858583103,-0.0006832885482780716
234,0.015480233026053006,0.0492408932318779,0.04999999816344481,-2.1515685965103188e-05,-2.8615233316795713e-05,-0.00018516144331907626,-9.227616101270542e-05,-9.913957910612226e-06,-2.770493127261276e-06,-0.00011569765122845548,-0.0006880208670686314
235,0.01603391582316618,0.04915429719636396,0.049999998446242006,-2.2032358185238968e-05,-2.9245202362335102e-05,-0.0001864836989595529,-6.44501342321746e-05,-2.796260559989605e-05,-2.813729768495696e-06,-0.00012149532000058513,-0.0006926779685680639
236,0.01655465332497467,0.04912124101067643,0.0499999987176096,-2.212070981541934e-05,-2.54948004628662e-05,-0.00018809169002166075,-6.051922173355706e-05,-4.957438795827329e-05,-2.854286899996026e-06,-0.00012767459931073451,-0.0006972081139716241
237,0.017113450207813997,0.04912285925910347,0.049999998965282656,-2.277822211704713e-05,-2.61644459037438e-05,-0.0001897012167543538,-6.321718683466315e-05,-5.2690872109906195e-08,-2.8933302772981915e-06,-0.00013426154338277058,-0.0007017837777955068
238,0.017685253827494897,0.0491253213621633,0.049999999171290714,-2.3430877010380172e-05,-2.692619079756467e-05,-0.00019135687147476987,-6.415200914489105e-05,-1.0028137609197074e-07,-2.9365774557846283e-06,-0.00014129021424060214,-0.0007064076150644585
239,0.01826437534836829,0.049130416396940796,0.04999999934102808,-2.4112208718641917e-05,-2.7600254156185925e-05,-0.00019299267336483764,-6.689186557196081e-05,-8.276564500420136e-08,-2.9803836982419992e-06,-0.00014879903736822697,-0.0007110918962778835
240,0.01885696102013494,0.04913361541333752,0.049999999479330655,-2.4815046150852036e-05,-2.8439708120113222e-05,-0.0001946008024872859,-6.692080205539241e-05,-1.8647497768142784e-08,-3.0248944448733645e-06,-0.00015682930799776687,-0.0007158554901137339
241,0.01946101836497944,0.049138901286705776,0.049999999591210646,-2.5516367673217556e-05,-2.92623830667782e-05,-0.0001961954625701205,-6.85206541675143e-05,-5.828995242040946e-08,-3.069676462140478e-06,-0.00016542570984369622,-0.0007207022140340102
242,0.020076276184825888,0.049146871526964966,0.04999999968121243,-2.622453965061834e-05,-3.0133616670696527e-05,-0.0001977989834150761,-7.042680226732045e-05,-2.4356518579793374e-08,-3.1151594917679556e-06,-0.0001746377733378639,-0.0007256385962500541
243,0.020702532803996348,0.04915490705798129,0.04999999975294888,-2.694563039742018e-05,-3.105621589733583e-05,-0.00019941294643097672,-7.227424066513777e-05,-2.3896118861443938e-08,-3.161386676717146e-06,-0.00018452151205526038,-0.0007306759491558585
244,0.021339601965050532,0.04916300377513171,0.04999999980948542,-2.7680458306413673e-05,-3.2028202570258764e-05,-0.0002010395558494513,-7.407848170259967e-05,-2.4119362507235564e-08,-3.2084075404558434e-06,-0.00019513945934132972,-0.0007358257398035115
245,0.021987263261159636,0.04917121641461909,0.049999999853496846,-2.8429882820786416e-05,-3.304798386453402e-05,-0.00020268103013598964,-7.581669342471287e-05,-2.4537120779655197e-08,-3.256269826257661e-06,-0.00020656159285773932,-0.0007410993010344075
246,0.022645243762574072,0.04917968005613235,0.04999999988729559,-2.919442086242317e-05,-3.411177017765252e-05,-0.00020434016446451046,-7.750716031296179e-05,-2.5857005425677926e-08,-3.3050438686537697e-06,-0.00021886642207147246,-0.0007465077739389254
247,0.023313264466386513,0.04918859121776554,0.049999999912856814,-2.9974838946096304e-05,-3.521725405857448e-05,-0.00020601927117243,-7.916244794614613e-05,-2.7192754714633338e-08,-3.3547862520306932e-06,-0.00023214225627592695,-0.000752062231141652
248,0.023991034754283727,0.04919813998540732,0.04999999993184065,-3.077185844284539e-05,-3.6362331309356565e-05,-0.0002077200991914595,-8.079395774984732e-05,-2.8836813825705576e-08,-3.4055604259057022e-06,-0.00024648864273451514,-0.0007577736580258548
249,0.024678263229520426,0.04920852841453157,0.0499999999456158,-3.1586282126334575e-05,-3.754570859556025e-05,-0.00020944457444813902,-8.240370516432449e-05,-3.0552513408110826e-08,-3.457395827952116e-06,-0.0002620180881125062,-0.0007636529870482393
250,0.025374658721558325,0.04921996923276967,0.04999999995528045,-3.241860381195983e-05,-3.876624289042054e-05,-0.00021119418058564694,-8.39994681882672e-05,-3.255505376387191e-08,-3.5103375168339965e-06,-0.0002788580776264846,-0.0007697109996154134
251,0.026079894922128224,0.04923267577725365,0.04999999996168025,-3.326939223081062e-05,-4.0021800930099256e-05,-0.0002129706582264965,-8.560303831472993e-05,-3.476490562093204e-08,-3.5644342551085976e-06,-0.000297153477443843,-0.0007759583123368472
252,0.026793639959284313,0.04924683285846357,0.04999999996542335,-3.413939371442335e-05,-4.131169829057266e-05,-0.00021477557883941087,-8.721987978788093e-05,-3.7078173420468374e-08,-3.619729347953088e-06,-0.00031706944399195476,-0.0007824054876234402
253,0.027515557185806658,0.04926258937624755,0.04999999996689392,-3.502933672477588e-05,-4.263542743447231e-05,-0.00021661003566301077,-8.884592534741387e-05,-3.922122360222602e-08,-3.6762540384470976e-06,-0.0003387948561761633,-0.0007890629844247689
254,0.028245299578908603,0.049280096022066226,0.04999999996626641,-3.5939732779786715e-05,-4.399195088827518e-05,-0.00021847535300608854,-9.049020445672795e-05,-4.146404464222542e-08,-3.734033774051825e-06,-0.000362546447709427,-0.0007959410770975889
255,0.02898250321784067,0.04929948017000246,0.04999999996351752,-3.687111760293196e-05,-4.538042745218012e-05,-0.00022037207539523366,-9.216102625941858e-05,-4.3661696480512546e-08,-3.7930887461349186e-06,-0.0003885737802284848,-0.0008030498363261363
256,0.029726803394942547,0.04932082665722812,0.04999999995843707,-3.7824023615782977e-05,-4.679994091489117e-05,-0.00022230109104738756,-9.386723104398698e-05,-4.578550161227213e-08,-3.85342462853581e-06,-0.00041716528544895695,-0.0008103991278604735
257,0.03047782856305455,0.049344181853613625,0.049999999950639036,-3.8798882567822234e-05,-4.824999087683852e-05,-0.00022426337334058652,-9.560589387547225e-05,-4.7914920031644215e-08,-3.915050638200997e-06,-0.00044865571620120257,-0.000817998572239626
258,0.03123517805352622,0.049369566417486146,0.04999999993957155,-3.979611391560497e-05,-4.972926694501181e-05,-0.00022625948434678352,-9.738701191963628e-05,-4.9827555415049574e-08,-3.9779593452147534e-06,-0.0004834352319055836,-0.0008258574773304379
259,0.031998453476048044,0.049396952102618664,0.04999999992452786,-4.0816032913566726e-05,-5.123654806563353e-05,-0.00022829014675975173,-9.921635501086712e-05,-5.1681514179335863e-08,-4.042141533962558e-06,-0.0005219606304883451,-0.000833984826993265
260,0.032767239635865746,0.04942626309117333,0.04999999990465717,-4.185901825716159e-05,-5.27705983395748e-05,-0.0002303553909304392,-0.00010109446157002822,-5.3417466006067116e-08,-4.107568823341829e-06,-0.0005647692965837382,-0.0008423892597547458
261,0.03354113104470465,0.0494573843794707,0.049999999878976686,-4.2925263973310035e-05,-5.432992547880214e-05,-0.00023245560361545909,-0.00010302373266313225,-5.49605054800395e-08,-4.1742116825085345e-06,-0.0006124966626158907,-0.0008510790333821788
262,0.03431970151847315,0.049490158895833025,0.04999999984638487,-4.4014993222541134e-05,-5.5912934077639044e-05,-0.0002345911392894916,-0.00010500531789148226,-5.630391441968641e-08,-4.242030887798877e-06,-0.0006658982979347682,-0.0008600619766193571
263,0.03510251007669078,0.04952439118404877,0.04999999980567312,-4.5128389893758906e-05,-5.751747300020931e-05,-0.00023676204551024733,-0.00010704285523388535,-5.7521322816000975e-08,-4.310975534165141e-06,-0.0007258779126926667,-0.0008693454531904159
264,0.03588912282554127,0.04955984114015985,0.049999999755540835,-4.6265478269803425e-05,-5.914137951336306e-05,-0.0002389685780393515,-0.00010913744335994124,-5.8601383301493115e-08,-4.380993482019102e-06,-0.000793523292074214,-0.0008789363372318326
265,0.036679080217109354,0.04959623261088694,0.049999999694609235,-4.7426435573392855e-05,-6.078209658886447e-05,-0.00024121011083097678,-0.0001112839236157015,-5.934131763751793e-08,-4.452007652061045e-06,-0.0008701526407000452,-0.0008888409868654968
266,0.03747195201687747,0.04963325633325466,0.049999999621437995,-4.861113776034836e-05,-6.243692046474087e-05,-0.00024348659004590868,-0.00011348646512487903,-6.000608721024037e-08,-4.523943147336729e-06,-0.0009573750930040102,-0.0008990652132074191
267,0.03826727795016301,0.04967056965338095,0.04999999953454388,-4.9819537274283676e-05,-6.410268200836964e-05,-0.0002457978524994892,-0.00011574025120353326,-6.050483847275245e-08,-4.596718666494514e-06,-0.0010571706616663097,-0.0009096142410434277
268,0.03906459321249861,0.04970780927732801,0.04999999943241457,-5.105156919478449e-05,-6.57758884991405e-05,-0.0002481433812647561,-0.00011804263340309262,-6.072237823673277e-08,-4.6702385889402e-06,-0.0011719966663029336,-0.0009204926883396152
269,0.03986344273405248,0.04974458315790625,0.049999999313527665,-5.230701059787071e-05,-6.745286334684707e-05,-0.0002505228935690353,-0.00012039185094181448,-6.079744707676582e-08,-4.744403261219065e-06,-0.0013049313583592373,-0.0009317045274201873
270,0.04066335359722302,0.04978048382339595,0.0499999991763687,-5.3585662454740324e-05,-6.912927302057225e-05,-0.0002529354553128077,-0.00012278667418286204,-6.08071530905363e-08,-4.819097146850394e-06,-0.001459870106358834,-0.0009432530617797407
271,0.0414638744881345,0.04981509089171761,0.04999999901944982,-5.488719372453268e-05,-7.080072861735704e-05,-0.0002553803948496371,-0.00012522329052444547,-6.052646739362899e-08,-4.8942049783912764e-06,-0.0016417973515216882,-0.0009551409312289083
272,0.04226454308886779,0.04984797534438684,0.04999999884132961,-5.621133231026548e-05,-7.246279748515557e-05,-0.0002578569553141689,-0.00012769296881742775,-6.007149266906708e-08,-4.969603611061823e-06,-0.0018571696403429626,-0.000967370094832298
273,0.04306489501076751,0.049878708082184725,0.04999999864062696,-5.755778805533984e-05,-7.411063906177112e-05,-0.0002603642706661464,-0.00013019083417020738,-5.953473802833287e-08,-5.045159457490801e-06,-0.002114463730491023,-0.0009799417938173532
274,0.043864483098882634,0.04990686553045542,0.04999999841604266,-5.892587199245249e-05,-7.573885360249064e-05,-0.00026303629694247177,-0.00013271522766444832,-5.891496357435244e-08,-5.122680434988844e-06,-0.0024250557227567444,-0.000992864568682958
275,0.04465953066503645,0.04993154043578711,0.04999999816428003,-6.0368997785751905e-05,-7.748664707683857e-05,-0.00026494244541827507,-9.969466918846592e-05,-2.742557080637198e-05,-5.183039759244814e-06,-0.0028038374595668273,-0.0010058896684439302
276,0.045425222759959305,0.049938243112214925,0.04999999790999551,-6.091273426611227e-05,-7.340103082511856e-05,-0.0002674127879672895,-0.00012002427683910355,-6.813826530560618e-06,-5.252859672007275e-06,-0.0032715681401620923,-0.0010188589936572375
277,0.046196705219508,0.049945646361675894,0.04999999767513696,-6.179640432428903e-05,-7.185415255865521e-05,-0.0002699165240432025,-9.242502710549161e-05,-1.9782404706347734e-05,-5.327678404924169e-06,-0.0038584042557152326,-0.0010315567087530275
278,0.04689454873689372,0.049955059180615054,0.04999999747204709,-6.192530473207908e-05,-6.398972254857109e-05,-0.00027260073678155977,-0.00014470440510194749,-6.223822856554762e-05,-5.403000061592999e-06,-0.004607222073300162,-0.0010441757145137085
279,0.047694097225528836,0.049974007047338835,0.049999997280005676,-6.353983178646222e-05,-6.65329084336768e-05,-0.00027528822437203646,-0.0001487355912104249,-6.043100597707962e-08,-5.478161027840013e-06,-0.005581278773836289,-0.001057237086832079
280,0.04849180992423636,0.049988236157172204,0.04999999705388128,-6.518384086566757e-05,-6.913438223998506e-05,-0.0002780039866034116,-0.00015057020937092602,-6.387795536966223e-08,-5.553169163325508e-06,-0.0068774267881214135,-0.0010707339354706208
281,0.0492837309516258,0.04999710028653591,0.04999999679228743,-6.682579675738682e-05,-7.154947929141831e-05,-0.00028073830631514176,-0.00015225939569063485,-6.372885508199033e-08,-5.627850957264276e-06,-0.008649070526063804,-0.0010846463812493206
282,0.050069956357910776,0.04999999276786785,0.04999999649463328,-6.846660537832675e-05,-7.377249618474986e-05,-0.0002834741512960212,-0.00015364513092208654,-3.188571895407222e-08,-5.701228142681362e-06,-0.011149146505067814,-0.0010989562416028774
283,0.050850986969447176,0.04999639162925861,0.04999999616059417,-7.010459743530734e-05,-7.583079367402038e-05,-0.00028622352105128177,-0.00015624755178578198,-4.359155170163831e-08,-5.7733101148403764e-06,-0.014814896402292888,-0.0011136494059781575
284,0.05162687350786293,0.049986111915579334,0.04999999578985517,-7.174930483636114e-05,-7.778648390569807e-05,-0.00028898633619057584,-0.00015880643331911415,-4.4064226045748e-08,-5.8439103964332346e-06,-0.020443864811191183,-0.0011287152915715744
285,0.052397211742329024,0.049969082707539955,0.04999999538196109,-7.339987925878814e-05,-7.963090200608092e-05,-0.00029176108475853155,-0.00016132545715663582,-4.390313890212383e-08,-5.912805163206897e-06,-0.02957750424365463,-0.0011441427943909386
286,0.053161640149295655,0.04994531427122111,0.049999994936704095,-7.505606611594103e-05,-8.135797299290138e-05,-0.00029454624714045894,-0.00016378100553993136,-4.3205929500800266e-08,-5.9798016714530344e-06,-0.04536028959058772,-0.001159920361187678
287,0.05391983138637212,0.049914881957979065,0.04999999445415966,-7.671702963914066e-05,-8.296195019752717e-05,-0.00029734046405148495,-0.0001661772112129256,-4.294888356071169e-08,-6.044718250620087e-06,-0.07434725983828455,-0.0011760359427685672
288,0.05467143556789947,0.04987790189741261,0.04999999393470785,-7.838227238126718e-05,-8.44370539422867e-05,-0.00030014216773419474,-0.00016851328837219626,-4.2144176148894985e-08,-6.107404969161501e-06,-0.1289142320004358,-0.001192476986690282
289,0.05541615948554253,0.049834528887348906,0.049999993379041444,-8.005072907436546e-05,-8.577878809622919e-05,-0.0003029500626372925,-0.00017081065743695945,-4.179283052963001e-08,-6.1676874825560165e-06,-0.22301796550846872,-0.0012092304270453237
290,0.05615366102229359,0.04978496285288144,0.0499999927881533,-8.172217369615424e-05,-8.698267343922926e-05,-0.00030576175372262385,-0.00017307909729424864,-4.09075653351465e-08,-6.2253819909157415e-06,-0.16230242998156996,-0.001226282855451964
291,0.056883687190569,0.04972945056835736,0.04999999216331262,-8.339650531492306e-05,-8.804842814048613e-05,-0.00030857541455072676,-0.00017529061005916446,-3.9818310426653625e-08,-6.28038088664885e-06,-0.0941043784119282,-0.0012436206726850422
292,0.05760601269426047,0.049668267158201135,0.04999999150607323,-8.507272332799886e-05,-8.897526389968609e-05,-0.00031138935031970225,-0.0001774491393007338,-3.920326818729336e-08,-6.332530446238297e-06,-0.057156395899531844,-0.001261229853727466
293,0.05832033018854885,0.04960168535353992,0.049999990818251856,-8.67505351461039e-05,-8.975965533338502e-05,-0.00031420146058567687,-0.000179576818482019,-3.818378147002477e-08,-6.381697747500857e-06,-0.03716043415104883,-0.0012790960044570148
294,0.05902642243900842,0.04953003003421169,0.0499999901018868,-8.842969456686523e-05,-9.040291084962227e-05,-0.0003170096774100393,-0.00018165838264394552,-3.719411623137603e-08,-6.4277670784960385e-06,-0.025722374936374116,-0.0012972045963309177
295,0.05972407919338261,0.049453654848228557,0.04999998935921341,-9.010985666275141e-05,-9.090627778442494e-05,-0.0003198113670003975,-0.0001836774026742205,-3.609669718684927e-08,-6.470619010798095e-06,-0.01874347988278286,-0.0013155408799687945
296,0.06041310687836579,0.04937289590836529,0.0499999885926585,-9.17904024383279e-05,-9.127011035219094e-05,-0.0003226041476584633,-0.00018564591300673783,-3.5147476040719994e-08,-6.510115075114909e-06,-0.014229517564919456,-0.001334089874531386
297,0.061093303308660446,0.04928811806139133,0.04999998780480941,-9.347136803690266e-05,-9.149635083623088e-05,-0.0003253859111340345,-0.00018753428594209254,-3.3695609857886666e-08,-6.54624523503746e-06,-0.011162437257346636,-0.0013528364433878217
298,0.061764542720563934,0.04919968228593896,0.049999986998397014,-9.515128957649071e-05,-9.158701464786909e-05,-0.00032815488127740586,-0.00018937930872198194,-3.3386342579433403e-08,-6.578891790061136e-06,-0.008991441058407209,-0.0013717650974261236
299,0.062426586983984955,0.049107945092181665,0.049999986176264694,-9.68299653605863e-05,-9.154108833219762e-05,-0.00033090890362457895,-0.00019119844364468008,-3.220260325065283e-08,-6.607973404659224e-06,-0.007401575777226742,-0.0013908601635226757
300,0.06307931066238257,0.04901331738132328,0.04999998534130065,-9.850731012177926e-05,-9.136404599048005e-05,-0.0003336452438331309,-0.00019297937978990376,-3.108725366018916e-08,-6.633419053651649e-06,-0.006203659701366139,-0.0014101061613020637
301,0.06372262854647796,0.04891624642359651,0.04999998449642513,-0.00010018296412629125,-9.106181936411052e-05,-0.0003363616246825588,-0.00019468428217805922,-3.012339888641691e-08,-6.655177983287038e-06,-0.005279079636176274,-0.0014294876071711496
302,0.06435640482242012,0.04881708931318168,0.049999983644591184,-0.0001018562545775843,-9.063641569046659e-05,-0.00033905598034028074,-0.00019633083138614893,-2.9215247110414566e-08,-6.673219604264639e-06,-0.004550652976836655,-0.0014489888557219503
303,0.06498052959681591,0.04871622852346867,0.049999982788757266,-0.00010352654710692384,-9.009141202779837e-05,-0.0003417258725783992,-0.00019793445244431496,-2.832123868756753e-08,-6.687469131380506e-06,-0.003966511810550612,-0.001468594264519463
304,0.06559490438102222,0.048614061164184895,0.049999981931845926,-0.00010519378487715877,-8.94317835818359e-05,-0.00034436918861701585,-0.0001994794438360259,-2.724081937799383e-08,-6.697936908471949e-06,-0.0034908076426647923,-0.0014882883068956132
305,0.06619947094925475,0.04851096581441207,0.04999998107672504,-0.00010685723353042027,-8.866302882558805e-05,-0.00034698350102807963,-0.00020096746447961777,-2.6494417326716757e-08,-6.70458936416229e-06,-0.0030981463081261526,-0.0015080554975747682
306,0.06679415329718882,0.04840730962343578,0.049999980226208565,-0.00010851629646033462,-8.778892565462369e-05,-0.00034955948676114137,-0.0002024017012445256,-2.562372358738685e-08,-6.706318334180769e-06,-0.002770144809045222,-0.001527880983045126
307,0.06737871143092067,0.048303488409218484,0.0499999793828013,-0.00011018186907356643,-8.682533525417423e-05,-0.0003521888057733822,-0.00020321256306488067,-1.959464768219732e-08,-6.728292324842377e-06,-0.0024932361928509824,-0.0015477429869349942
308,0.06795634683764706,0.0481989262788461,0.049999978552443175,-0.00011168515083555266,-8.564153101946191e-05,-0.00035483112313753,-0.000211915816180408,-4.011828593775135e-07,-6.716939456628459e-06,-0.0022571780231636696,-0.0015676081314896521
309,0.06851262595739825,0.04809758239063725,0.049999977734036395,-0.0001133614641935842,-8.42158961764055e-05,-0.0003573745567970199,-0.00021585046488326043,-2.1943485251085804e-07,-6.704216505348672e-06,-0.002054203626231902,-0.0015874949541544862
310,0.06906867875959637,0.04800950200236225,0.049999976921223016,-0.00011509208457691921,-8.339606329842492e-05,-0.0003598198643436114,-0.00021471991203725338,-9.284197943770778e-08,-6.6892666287731405e-06,-0.0018783763293786894,-0.001607439339408593
311,0.0696180440491133,0.04792644777319596,0.04999997611608706,-0.00011680576832305714,-8.260703501455804e-05,-0.00036219834466939057,-0.0002087842731270939,-3.9091659687073843e-07,-6.671669150012817e-06,-0.0017250180904659204,-0.0016274007018569027
312,0.07015232884401613,0.04782844085120146,0.04999997532705615,-0.00011843437921994181,-8.119398650691033e-05,-0.0003645406796175491,-0.00021005184680689126,-2.464675574742614e-08,-6.651099376021064e-06,-0.0015904004224015834,-0.0016473283713952563
313,0.07067636000267634,0.047730894583949156,0.0499999745605811,-0.00012005059421279234,-7.970011005409676e-05,-0.00036684225055983843,-0.00021131143148522824,-2.1173645947669684e-08,-6.627278827074948e-06,-0.001471536879237869,-0.0016672075634677813
314,0.07119033999190268,0.04763460917287927,0.04999997381853928,-0.00012165731137757423,-7.814805383144748e-05,-0.00036909763453339125,-0.00021237049077171832,-1.8545879498788054e-08,-6.600126886409523e-06,-0.0013660158682642983,-0.001687024839891578
315,0.07169439296740747,0.047540140432929666,0.04999997310262562,-0.00012325348041640743,-7.654453576931607e-05,-0.0003713039338983792,-0.00021330584422685206,-1.7789016482083753e-08,-6.56960824230725e-06,-0.0012718726737793178,-0.0017067669317254346
316,0.07218851363363342,0.04744789928495614,0.04999997241445581,-0.00012483917346320673,-7.489311359988418e-05,-0.0003734609605583517,-0.00021428782201837748,-1.8202209517426127e-08,-6.535791400797427e-06,-0.0011874930935555786,-0.0017264206487430708
317,0.07267265299916056,0.04735797706014613,0.049999971755393446,-0.00012641444592289462,-7.3197739549417e-05,-0.00037556700284633,-0.00021524762269109488,-1.7520074280241715e-08,-6.4987273247205054e-06,-0.0011115408617672507,-0.0017459731753731774
318,0.07314685483325474,0.04727067164489545,0.049999971126547554,-0.00012797936779788917,-7.146552246855932e-05,-0.00037762049703309736,-0.0002161666052415967,-1.6858320961432582e-08,-6.458478196242108e-06,-0.0010429022039616695,-0.0017654122036767186
319,0.07361115752177959,0.047186231407562625,0.04999997052880634,-0.00012953382052349117,-6.970228110891096e-05,-0.00037961965143963605,-0.0002170529478462413,-1.6276825220984392e-08,-6.415114649389357e-06,-0.0009806427418686228,-0.0017847258579969227
320,0.07406561603887139,0.047104867842252915,0.04999996996286437,-0.00013107751153820392,-6.791352881964526e-05,-0.00038156260358417754,-0.00021790433675050735,-1.5671147934881446e-08,-6.368716888246453e-06,-0.0009239738661621779,-0.0018039027047680204
321,0.07451029997718372,0.04702677190126389,0.049999969429264414,-0.00013260996614031638,-6.610466249644689e-05,-0.0003834480988111967,-0.00021872510842513293,-1.5181019108467808e-08,-6.3193777932481944e-06,-0.0008722261900284332,-0.0018229317311445469
322,0.07494526215340103,0.046952104956503794,0.04999996892840158,-0.00013413082348034982,-6.428039891569478e-05,-0.0003852748974011509,-0.00021951824601273984,-1.4694701455653103e-08,-6.267199301895767e-06,-0.000824828488426011,-0.0018418023261606003
323,0.07537056285096483,0.04688100163111638,0.04999996846050515,-0.00013563974508815367,-6.24453995662037e-05,-0.0003870420340069722,-0.00022028233797755092,-1.4208329623954796e-08,-6.2122875017927475e-06,-0.0007812908741372915,-0.0018605042965654198
324,0.07578626316605394,0.046813584556678764,0.04999996802563998,-0.00013713640581955507,-6.060414577862425e-05,-0.00038874815139183663,-0.00022101860668044537,-1.3754362093720829e-08,-6.154749997737894e-06,-0.0007411912528795155,-0.0018790278644454058
325,0.07619243958530825,0.046749947505189814,0.04999996762372452,-0.00013862037717529411,-5.8760799515523393e-05,-0.00039039162922776226,-0.00022173240722622722,-1.3308681268142664e-08,-6.094692476080486e-06,-0.0007041643559176902,-0.0018973636816302692
326,0.07658918942593568,0.04669018010081137,0.049999967254584894,-0.00014009099410745913,-5.691953862566707e-05,-0.00039197184302635404,-0.00022241981059778482,-1.2877712229908411e-08,-6.032237464009855e-06,-0.0006698927478614554,-0.0019155028277372936
327,0.07697658068260305,0.04663434343666608,0.04999996691794669,-0.0001415479481746244,-5.5084086305403345e-05,-0.00039348796690820745,-0.00022308384359348565,-1.2519757675022447e-08,-5.967507810527369e-06,-0.0006380994731548646,-0.0019334367765212114
328,0.07735469010144778,0.04658248235197111,0.04999996661340738,-0.00014299081200844967,-5.325776247257381e-05,-0.00039493938666934256,-0.0002237253647763282,-1.2141144978272678e-08,-5.900627902487071e-06,-0.000608541998336062,-0.0019511574011160237
329,0.0777235976441844,0.046534622389695385,0.04999996634045346,-0.00014441922016815946,-5.144392915268741e-05,-0.0003963251838182614,-0.00022434908896684647,-1.1799809129797723e-08,-5.831718215170041e-06,-0.0005810071836209661,-0.001968656990329572
330,0.07808339555876445,0.0464907864098878,0.04999996609847416,-0.00014583274940436767,-4.9645722442175266e-05,-0.00039764405737311267,-0.0002249528915854171,-1.1449321490886177e-08,-5.760896510536024e-06,-0.0005553071050424144,-0.001985928254245516
331,0.07843419472077298,0.04645098688515263,0.04999996588681223,-0.00014723074163131011,-4.7866139778351713e-05,-0.000398895830318382,-0.00022553974122274667,-1.1154429380155761e-08,-5.688294676110065e-06,-0.0005312755336948837,-0.0020029643093579996
332,0.07877607436656803,0.04641521517369821,0.04999996570475531,-0.00014861288782327744,-4.6107763644816026e-05,-0.000400079892486985,-0.00022610653832089156,-1.0841601394417921e-08,-5.6140379434009185e-06,-0.0005087649788717982,-0.0020197586732302176
333,0.07910913087895748,0.04638344770143521,0.04999996555150639,-0.0001499788368946315,-4.437315871283614e-05,-0.0004011959829852311,-0.00022665712458547205,-1.054974596570446e-08,-5.538252631468639e-06,-0.00048764419501609135,-0.0020363052713490803
334,0.07943345616574378,0.04635566951623574,0.04999996542620366,-0.00015132821834064767,-4.26646200625229e-05,-0.00040224347078284575,-0.00022719228581991047,-1.0297553032501128e-08,-5.461062783873266e-06,-0.00046779607694021015,-0.0020525984241512077
335,0.0797491529436159,0.04633183402850164,0.04999996532793381,-0.0001526606514672859,-4.098422475903744e-05,-0.00040322142921896017,-0.00022771069779992104,-1.0054955090765816e-08,-5.382585600993156e-06,-0.0004491158714023389,-0.002068632840546535
336,0.08005633896339674,0.04631190425157788,0.04999996525578114,-0.00015397546647540034,-3.93338558798573e-05,-0.00040412990504331214,-0.00022821559105068445,-9.802533007530201e-09,-5.3029475685272215e-06,-0.0004315096237092248,-0.002084403622106221
337,0.08035510703975904,0.046295828027479974,0.04999996520881626,-0.00015527244308408456,-3.771531933038664e-05,-0.00040496865787835755,-0.00022870779503136873,-9.577783899317183e-09,-5.222270749376036e-06,-0.0004148928579712074,-0.002099906269367569
338,0.08064556077358322,0.04628354300067797,0.049999965186062645,-0.00015655126442098836,-3.61302421221891e-05,-0.0004057376218553087,-0.00022918102331459522,-9.348223528604649e-09,-5.140675484647758e-06,-0.0003991894519206409,-0.002115136672814437
339,0.08092780094688207,0.046274997787428225,0.04999996518651237,-0.0001578116632112163,-3.45800354808299e-05,-0.00040643649074818025,-0.00022964509844314307,-9.178220850003527e-09,-5.058277658552405e-06,-0.00038433066148888987,-0.002130091098630283
340,0.08120193720923595,0.0462701097399877,0.04999996520914404,-0.00015905324372357012,-3.3065899206003206e-05,-0.0004070645939326271,-0.0002300940250279382,-8.954995855958714e-09,-4.975184274033316e-06,-0.0003702542732145398,-0.0021447662007096926
341,0.08146809471046249,0.0462688258271556,0.04999996525296549,-0.00016027550504326706,-3.158907065281982e-05,-0.0004076222814506155,-0.0002305333036929369,-8.78784245372799e-09,-4.891511755234938e-06,-0.00035690385838987155,-0.0021591590148488707
342,0.08172637025240082,0.04627106561784059,0.049999965316999066,-0.00016147822451069397,-3.0150431158458858e-05,-0.0004081094928628899,-0.00023096018412616104,-8.604320811400612e-09,-4.8073713656819235e-06,-0.0003442281391988118,-0.00217326696357739
343,0.08197687582420649,0.04627674094951793,0.049999965400251783,-0.000162661222065395,-2.8750987562557648e-05,-0.0004085264744397994,-0.00023137187235988677,-8.452897048982777e-09,-4.7228711659804055e-06,-0.00033218043435756034,-0.0021870878458899955
344,0.08221971276389961,0.046285771977037954,0.04999996550172155,-0.0001638243003489056,-2.7391283540363818e-05,-0.00040887305784839385,-0.00023177136608865112,-8.290508723973744e-09,-4.638111051876238e-06,-0.00032071816581056927,-0.002200619823021987
345,0.08245499802287784,0.046298068607677434,0.04999996562041583,-0.0001649671933791251,-2.6071960716027848e-05,-0.0004091488794408115,-0.0002321624633623287,-8.123940631321602e-09,-4.553185938272918e-06,-0.0003098024297718253,-0.0022138614644255862
346,0.0826828592158477,0.04631355357456212,0.04999996575538853,-0.00016608955304298913,-2.479369216919466e-05,-0.0004093544122636518,-0.00023253718973137438,-7.999013895698681e-09,-4.468197144388614e-06,-0.0002993976162484559,-0.00222681171555346
347,0.08290339524986773,0.04633213264459343,0.04999996590571962,-0.00016719130052654624,-2.355663449191859e-05,-0.00040948987368076876,-0.0002329025010112673,-7.871465257380805e-09,-4.383239675540446e-06,-0.00028947107889862935,-0.0022394698744419538
348,0.0831167168097648,0.04635370792587444,0.04999996607049075,-0.0001682723255704825,-2.2361059841211737e-05,-0.000409555619013155,-0.00023325085930991918,-7.741549623574429e-09,-4.298405123370327e-06,-0.00027999284258533105,-0.0022518356154269284
349,0.08332293161564877,0.046378190870303426,0.049999966248795796,-0.00016933256765219227,-2.1207100473977837e-05,-0.00040955168229744106,-0.0002335884200874716,-7.609141761122373e-09,-4.213776639488364e-06,-0.00027093533823547726,-0.0022639090054264676
350,0.08352215888753169,0.046405476007926154,0.049999966439753254,-0.00017037191981850828,-2.0094932540731756e-05,-0.0004094779694590607,-0.00023391492140945047,-7.52388196190168e-09,-4.129436678469276e-06,-0.00026227317548369977,-0.0022756904872624213
351,0.08371451726449158,0.04643546802504966,0.04999996664253342,-0.0001713901618775425,-1.902437173591347e-05,-0.00040933503136820343,-0.00023422350932378322,-7.432126469808509e-09,-4.045466240546421e-06,-0.0002539829372905294,-0.0022871808602397976
352,0.08390011188763469,0.04646807068646194,0.04999996685634415,-0.0001723873374112508,-1.7995274645188336e-05,-0.0004091232885819294,-0.00023452202731277794,-7.3467227856838235e-09,-3.9619429407685075e-06,-0.00024604299266405867,-0.002298381295225522
353,0.08407904932874156,0.04650317253784212,0.04999996708039789,-0.0001733636009492809,-1.700738661880105e-05,-0.00040884330237733816,-0.00023480730305891484,-7.2733641331979015e-09,-3.878939032320907e-06,-0.00023843333209218242,-0.0023092933335253575
354,0.08425143576056013,0.04654067765308739,0.049999967313921506,-0.00017431898003497024,-1.6060386355593425e-05,-0.00040849521350645875,-0.0002350718277739361,-7.214127073496002e-09,-3.7965232052136804e-06,-0.00023113542500193215,-0.0023199188791168486
355,0.08441738441338481,0.04658047751296104,0.04999996755617145,-0.00017525357465756751,-1.5153812541500603e-05,-0.00040807905751017224,-0.00023532773775514215,-7.136642832250573e-09,-3.714756284241857e-06,-0.00022413208961876894,-0.0023302602274836086
356,0.08457701833942305,0.046622472197333016,0.04999996780645974,-0.000176167309508328,-1.4287356006116836e-05,-0.0004075955796688105,-0.00023556243104394525,-7.138075464041549e-09,-3.6337037592386725e-06,-0.0002174073692867148,-0.0023403200292259614
357,0.08473043089878682,0.04666654612079729,0.04999996806413888,-0.00017706041882956396,-1.346020585556081e-05,-0.00040704524376661245,-0.0002357811899855733,-7.109601352084383e-09,-3.5534237986152566e-06,-0.00021094643134086282,-0.0023501012678428133
358,0.08487772975158203,0.046712596562949356,0.04999996832856766,-0.0001779331829581546,-1.2671797020484306e-05,-0.0004064287573376695,-0.0002359836216783151,-7.122739731357797e-09,-3.4739724082687915e-06,-0.0002047354708008666,-0.0023596072833229633
359,0.08501901306235146,0.04676050383938945,0.04999996859912231,-0.00017878582796062274,-1.1921345933274156e-05,-0.00040574640982987757,-0.00023616678663529456,-7.101283561183891e-09,-3.395397888696591e-06,-0.0001987616219450201,-0.0023688417779212777
360,0.08515439137822084,0.04681015891295766,0.049999968875202166,-0.0001796186758163131,-1.1208202990310741e-05,-0.0004049983531531002,-0.0002363311214139685,-7.169102644866143e-09,-3.317745938294538e-06,-0.0001930128820098122,-0.0023778088070127543
361,0.08528397489965804,0.0468614503089998,0.049999969156259344,-0.00018043176129837928,-1.0531440758075785e-05,-0.00040418544049223936,-0.00023647528723813593,-7.224615128365031e-09,-3.241063072827431e-06,-0.00018747804114522745,-0.002386512741497852
362,0.08540785562390904,0.04691425919074875,0.0499999694417823,-0.00018122555310095596,-9.890139029752627e-06,-0.00040330852457521823,-0.000236602034419775,-7.279655989123057e-09,-3.1654360460195045e-06,-0.00018214661791017577,-0.0023949582604711876
363,0.08552613573580689,0.04696846903990706,0.04999996973127079,-0.0001820000123090824,-9.283279957261037e-06,-0.00040236843943645175,-0.00023673514078836888,-7.479900254736549e-09,-3.0908388970253797e-06,-0.00017700879930557123,-0.0024031503407110854
364,0.08563888797070951,0.04702397122951524,0.049999970024222185,-0.00018275627232973516,-8.709866841032472e-06,-0.00040136539465624837,-0.00023683904146309942,-7.480683628102724e-09,-3.0173100542640623e-06,-0.00017205539070034865,-0.0024110943927013176
365,0.085746232399063,0.04708067864742004,0.049999970320134327,-0.00018349485412237474,-8.169380496590704e-06,-0.0004002995303804443,-0.0002369092107983306,-7.543735414117236e-09,-2.944883604915007e-06,-0.00016727777422333666,-0.0024187962581200175
366,0.0858482771144106,0.04713846809984029,0.04999997061856253,-0.0001842159268680853,-7.660766783672787e-06,-0.0003991716796313621,-0.00023693815455771983,-7.812949398555702e-09,-2.873589747700126e-06,-0.00016266786010723917,-0.002426261955242428
367,0.08594509466462258,0.04719717077050238,0.049999970919115413,-0.00018491979372289155,-7.182399937585785e-06,-0.00039798262007342,-0.00023694585252087563,-7.991411976604468e-09,-2.803456539921395e-06,-0.00015821804434508233,-0.0024334976279546203
368,0.08603676903574939,0.047256663872228294,0.04999997122142116,-0.0001856069227616676,-6.733076114400124e-06,-0.00039673326229466377,-0.00023693477851338685,-8.214967373021409e-09,-2.734507170465787e-06,-0.00015392117340996608,-0.002440509685063049
369,0.0861233852194463,0.04731681812514477,0.049999971525113374,-0.0001862779747088651,-6.311782624102189e-06,-0.0003954241701615293,-0.0002368999266764149,-8.430930620306754e-09,-2.6667610292163835e-06,-0.00014977051135196123,-0.002447304824413751
370,0.08620503334228236,0.04737751930926155,0.04999997182984028,-0.00018693343188525615,-5.917428273886737e-06,-0.0003940557597520397,-0.00023684212646912783,-8.696375175532012e-09,-2.6002321482803296e-06,-0.00014575971016382938,-0.002453890007234451
371,0.08628180460305254,0.04743865184111132,0.04999997213528766,-0.00018757378307005906,-5.5489310277546135e-06,-0.0003926291281543185,-0.00023676238197367638,-8.999366585271673e-09,-2.534936174867902e-06,-0.00014188278038664164,-0.002460272412695144
372,0.08635376922439246,0.047500093511686145,0.049999972441160084,-0.00018819967628779376,-5.205087622976514e-06,-0.0003911451422847103,-0.00023666505876462907,-9.27912058301672e-09,-2.470883527313947e-06,-0.00013813406536016042,-0.0024664594294765982
373,0.08642100385425033,0.04756172312518347,0.04999997274715845,-0.000188811852369417,-4.884854633736687e-06,-0.000389604724835626,-0.00023653892276342958,-9.611771822903847e-09,-2.408083069919473e-06,-0.00013450821881231428,-0.0024724586626553597
374,0.08648358175030611,0.04762341798390168,0.0499999730529859,-0.00018941097293272765,-4.587126638437049e-06,-0.0003880086271180327,-0.00023639349092263728,-9.936456102366265e-09,-2.346538960602534e-06,-0.0001310001854113944,-0.0024782779027461514
375,0.08654157793519496,0.04768505947742769,0.04999997335835745,-0.00018999770002968124,-4.31083682616768e-06,-0.0003863573820455029,-0.0002362241066293791,-1.0317236842638522e-08,-2.2862513125848098e-06,-0.00012760517926058281,-0.0024839251213073454
376,0.0865950718405487,0.04774654082286392,0.04999997366302094,-0.00019057253288302475,-4.054965499275307e-06,-0.0003846521303887219,-0.00023602931469213217,-1.069920063656582e-08,-2.2272211595498034e-06,-0.0001243186648444357,-0.0024894084404057104
377,0.08664412373138812,0.04780773548035017,0.04999997396674054,-0.00019113629385404874,-3.818458139558332e-06,-0.00038289378602374054,-0.00023581160348840058,-1.1090530271928856e-08,-2.1694466811207714e-06,-0.00012113634140094709,-0.0024947361066914135
378,0.08668879897258513,0.047868537627137865,0.0499999742692782,-0.00019168966326954732,-3.6003387787947832e-06,-0.00038108353390103335,-0.0002355764154344797,-1.1486014805939249e-08,-2.1129233954881336e-06,-0.00011805412626882111,-0.0024999164893199184
379,0.08672915501651374,0.047928825293365486,0.04999997457039725,-0.00019223345034632283,-3.3996733286185433e-06,-0.0003792221747003163,-0.00023531743499916047,-1.1929681242861534e-08,-2.0576451381109283e-06,-0.00011506814144370692,-0.0025049580439682416
380,0.0867652532774835,0.04798849348417745,0.049999974869863816,-0.00019276831813745427,-3.2155217103827023e-06,-0.00037731037861584343,-0.00023502921976614743,-1.2324990805723246e-08,-2.003602005957777e-06,-0.00011217470257532217,-0.002509869289644178
381,0.08679716053168206,0.048047433452231746,0.04999997516747602,-0.00019329477426826164,-3.047026960834325e-06,-0.0003753494499539587,-0.00023472323664464056,-1.2795768000728458e-08,-1.950784079097406e-06,-0.00010937030390977844,-0.0025146587901056817
382,0.08682492277911967,0.048105540673094,0.049999975463049975,-0.00019381359878299618,-2.893347918924904e-06,-0.0003733404026820379,-0.00023439239885192364,-1.3248362407125569e-08,-1.8991790916454233e-06,-0.00010665160636635305,-0.0025193351331995327
383,0.08684859322965954,0.04816271280420875,0.049999975756397974,-0.00019432551825643461,-2.753726772858864e-06,-0.0003712845169005831,-0.00023404322564601898,-1.3668631559937694e-08,-1.8487746755631976e-06,-0.00010401542920186795,-0.002523906931018234
384,0.08686821777118202,0.04821885342607837,0.04999997604732896,-0.00019483132470145888,-2.6274709872933785e-06,-0.00036918274675914537,-0.00023367042012978345,-1.4100128176153248e-08,-1.799554497770584e-06,-0.0001014587404231077,-0.0025283827901348963
385,0.0868838460874571,0.0482738723249912,0.04999997633565611,-0.00019533163399501684,-2.5139054105485116e-06,-0.0003670359957109469,-0.00023327837698161602,-1.4537204329201359e-08,-1.7515001107285869e-06,-9.897864586738025e-05,-0.0025327712841890617
386,0.08689552767825566,0.04832768269792481,0.0499999766212162,-0.00019582701433932767,-2.4124242833366537e-06,-0.00036484568078041737,-0.00023286801297217607,-1.4967074690730442e-08,-1.7045954355605872e-06,-9.657238155485876e-05,-0.002537080936320061
387,0.08690329848537268,0.048380200284152144,0.04999997690385272,-0.00019631822259212682,-2.3224634116418843e-06,-0.0003626129363291306,-0.0002324315719306469,-1.5395350771996164e-08,-1.6588202650909978e-06,-9.423730663404145e-05,-0.002541320185074978
388,0.08690719759461826,0.048431347305763844,0.04999997718340893,-0.00019680584645637795,-2.243490051783834e-06,-0.0003603392068048534,-0.0002319806517334655,-1.578158226323012e-08,-1.6141554064841828e-06,-9.197089574029261e-05,-0.002545497374132524
389,0.08690725736779102,0.04848104368178985,0.049999977459726036,-0.00019729064475129465,-2.175062278117466e-06,-0.00035802562013100914,-0.00023151071218308061,-1.6186000095785857e-08,-1.570578732420946e-06,-8.977073360062616e-05,-0.0025496207351128983
390,0.08690351439917954,0.0485292220494634,0.049999977732643516,-0.00019777317152737503,-2.116749082986373e-06,-0.0003556732235044309,-0.0002310211566509679,-1.6530345092746757e-08,-1.5280665367161884e-06,-8.763450762633345e-05,-0.0025536983730604598
391,0.08689600785674714,0.048575829053268335,0.04999997800202627,-0.00019825384740678254,-2.0682097568139065e-06,-0.00035328354603957117,-0.00023051303287502378,-1.6890737697394798e-08,-1.4865964407271387e-06,-8.556000152063895e-05,-0.002557738239864037
392,0.08688475964070845,0.04862080546192713,0.04999997826774588,-0.00019873337447387846,-2.0290837118545958e-06,-0.00035085791600280496,-0.00022998443455435336,-1.7236040150692133e-08,-1.446144456221893e-06,-8.354509119813383e-05,-0.0025617481052263606
393,0.08686979844112726,0.04866409699875459,0.04999997852966448,-0.0001992122976888991,-1.999085542529227e-06,-0.0003483978878473599,-0.0002294404257554561,-1.7504026672554573e-08,-1.406686466674493e-06,-8.1587739765663e-05,-0.002565735545971479
394,0.08685114404294063,0.048705654804517134,0.04999997878764529,-0.00019969113883862557,-1.9779413958187497e-06,-0.00034590472762370615,-0.00022887704835738987,-1.7774164362549527e-08,-1.3681962830874255e-06,-7.96859919811909e-05,-0.0025697079272882597
395,0.08682882178356209,0.04874543970098315,0.04999997904155046,-0.00020017042508546612,-1.9654251242170682e-06,-0.00034337967095789666,-0.000228296106797643,-1.802007254525506e-08,-1.3306480749470096e-06,-7.783797024172123e-05,-0.002573672386302351
396,0.086802856831641,0.04878342127462837,0.04999997929125504,-0.0002006504746370359,-1.96131569924009e-06,-0.00034082434853816067,-0.00022769463248550892,-1.822080442082097e-08,-1.294016543570549e-06,-7.604187098850701e-05,-0.002577635803541835
397,0.08677326294883791,0.048819565109964255,0.049999979536644146,-0.00020113173837063857,-1.9654050040334826e-06,-0.00033824051491782573,-0.00022707808238919824,-1.8397718903884197e-08,-1.2583155304797e-06,-7.429596050555445e-05,-0.0025816047508219085
398,0.08674005780559685,0.04885385089574347,0.04999997977760402,-0.00020161411490741732,-1.977430614178787e-06,-0.0003356298375518812,-0.00022647441073786467,-1.839856444973975e-08,-1.2234601418195257e-06,-7.259857097498859e-05,-0.0025855854980521057
399,0.08670323482607817,0.048886252738610594,0.049999980013998815,-0.00020209887039444242,-1.9972523396936543e-06,-0.0003329935284528944,-0.00022584137332160026,-1.8530498024915687e-08,-1.18942958841046e-06,-7.094809778879831e-05,-0.002589584143050086
400,0.08666282714194416,0.04891677770398467,0.049999980245674126,-0.00020258636418992153,-2.0248866855165145e-06,-0.00033033271986484863,-0.00022516760509461164,-1.8656095335245482e-08,-1.1562022663985695e-06,-6.934299836590468e-05,-0.002593606580138428
401,0.08661885979971522,0.04894542372424043,0.049999980472504,-0.0002030766066563277,-2.0601782633952813e-06,-0.00032764914284748016,-0.00022446262300945818,-1.885214118146905e-08,-1.1237538264817186e-06,-6.778178743754653e-05,-0.0025976582240032995
402,0.08657132027811071,0.04897214918155149,0.04999998069439316,-0.00020356950972193717,-2.1026083283778675e-06,-0.00032494442114836333,-0.00022374058607965708,-1.887382516940761e-08,-1.0920619967068573e-06,-6.626303304260878e-05,-0.0026017439772670283
403,0.08652021601764963,0.04899694605878789,0.04999998091125275,-0.0002040652540167361,-2.151959479041191e-06,-0.00032222035164055,-0.00022300417185761034,-1.881704747574986e-08,-1.061104368015774e-06,-6.478535584646397e-05,-0.002605868392385774
404,0.08646555063252,0.049019818191879984,0.0499999811229861,-0.00020456405085861117,-2.208017507156479e-06,-0.0003194787283147989,-0.00022225161956157535,-1.874157540271426e-08,-1.0308926296233296e-06,-6.334742580056991e-05,-0.002610035609148277
405,0.08640733022522386,0.049040769778790974,0.049999981329499954,-0.00020506541906367256,-2.2704096509293107e-06,-0.00031672090720744414,-0.00022151302255224437,-1.8430366566235534e-08,-1.0013174082827892e-06,-6.194795864288836e-05,-0.002614249378207188
406,0.08634554090172356,0.04905981590468577,0.04999998153069026,-0.00020557063614174624,-2.3389375121555088e-06,-0.00031394836650444624,-0.00022071444254834205,-1.853155673359197e-08,-9.724026855717738e-07,-6.058571684766068e-05,-0.0026185132141291934
407,0.08628021885087624,0.04907698279174652,0.049999981726449656,-0.00020607920259944378,-2.4135055766237514e-06,-0.0002958701904416335,-0.00021988728258293122,-1.8416677960431116e-08,-1.0640004956317272e-06,-5.9592761251915096e-05,-0.002622090492554477
408,0.08722061456855831,0.04544589289877301,0.049999986849513206,-0.00019364700938516165,-2.57605152799535e-06,-0.0003002160936188622,-0.00028431476675905287,-5.0725964683806524e-05,-1.2378813652130166e-06,-5.862371626393328e-05,-0.0026253567316048367
409,0.08761799300856558,0.04008728373580736,0.049999997178939326,-0.00019502193257299406,-4.358274303343463e-06,-0.00029689938328955265,-0.00035773302079178393,-5.487072849064134e-05,-1.266557634694127e-06,-5.7998099532544515e-05,-0.002628006820888675
410,0.08769150760169377,0.03615794436410094,0.04999999942533963,-0.00020311937480711612,-6.200591772311185e-06,-0.0002926183407981158,-0.00048605422489345074,-0.0001282134180655703,-1.4453725695760346e-06,-5.741863087591545e-05,-0.0026323037089113865
411,0.08752847812943333,0.030514000635397866,0.04999998974992229,-0.00022498413890721794,-1.037452806366833e-05,-0.00027205797588290213,-0.0008268095552921295,-8.701207116246223e-05,-2.278752550591065e-06,-5.6782169157223506e-05,-0.002638942431016322
412,0.08794409884387895,0.024894004358263996,0.049999964749939424,-0.0002410310460128726,-1.356444475464815e-05,-0.0002673108586178958,-0.0011326804524287581,-0.00011320454359520227,-2.554691201427201e-06,-5.6302321334175256e-05,-0.0026493764464558273
413,0.08789692394741977,0.022810680182751546,0.0499999108588072,-0.0002696936743055689,-2.047581428785503e-05,-0.00026018052089530686,-0.0015556751750409603,-6.128212407929823e-05,-3.2099508893952355e-06,-5.5947868797837144e-05,-0.002662765675756476
414,0.08764779017076413,0.022721505880867864,0.04999983379014262,-0.00031016804231260735,-3.6514751406871366e-05,-0.0002470001486043324,-0.0014288430102169514,-3.672099410323426e-05,-3.5594315594217305e-06,-5.56981191987945e-05,-0.0026802920474809835
415,0.08722799995693475,0.023620452301399558,0.04999974819100065,-0.0003537490975503367,-5.5070966124088784e-05,-0.00022875646569400028,-0.0011829724535346031,-4.095019176020287e-05,-3.592328289722707e-06,-5.550501938997486e-05,-0.002701336123789787
416,0.08672820226643886,0.02496501360562911,0.0499996687265737,-0.0003963503584885205,-7.313525084725895e-05,-0.00020726814288603456,-0.0009543413179926574,-3.5790631955023855e-05,-3.473378924601162e-06,-5.533667165325283e-05,-0.002725222519223882
417,0.0861973739561334,0.02640569826297148,0.049999605903366245,-0.00043522824560616617,-8.836442349530005e-05,-0.00018424320567277883,-0.0007846969529055059,-2.609159673738759e-05,-3.323673651478835e-06,-5.5183038286163285e-05,-0.002751213450519554
418,0.08565319929304438,0.027736444601369977,0.04999956518739373,-0.00046873582389980116,-9.90732596780417e-05,-0.000161165706809919,-0.0006651063449680805,-1.9299373889225535e-05,-3.1733620639797123e-06,-5.503841605688626e-05,-0.00277852579613454
419,0.0851049321765393,0.028875323512495762,0.049999547741313446,-0.0004959757411369132,-0.00010436546063846962,-0.0001390125211562273,-0.0005757193430326879,-1.6876969311852008e-05,-3.0388105670445073e-06,-5.4904817788328864e-05,-0.002806365859630294
420,0.08455746747003778,0.02981746022657285,0.04999955160971779,-0.0005167340854766867,-0.0001040280296240996,-0.000118524459322321,-0.0005101117421872914,-1.6299754861393012e-05,-2.9181054460228052e-06,-5.478403317739876e-05,-0.0028339596791686367
421,0.0840145703178843,0.030600466910488663,0.04999957300081242,-0.0005312054770740012,-9.837035048110895e-05,-9.996586715588915e-05,-0.0004682030703406781,-1.6395772036048584e-05,-2.813152425171416e-06,-5.4677262989009684e-05,-0.002860570272309951
422,0.08347743836502303,0.03129691051103158,0.049999607393493906,-0.0005398677217453441,-8.817036756253024e-05,-8.343432098610842e-05,-0.0004515585897024721,-1.6421736290794797e-05,-2.7222415841021713e-06,-5.458569717624128e-05,-0.0028855126627564866
423,0.08294746960538758,0.031976195495385024,0.049999650314286576,-0.000543329607500724,-7.459054423760965e-05,-6.894328227061462e-05,-0.0004602156695909798,-1.5814943253644742e-05,-2.641340042370911e-06,-5.4510267125485555e-05,-0.0029081721933727532
424,0.08242720831338608,0.032694190318317405,0.04999969776031783,-0.0005422509529108589,-5.90745222179029e-05,-5.6452117051800396e-05,-0.0004905033856630325,-1.4301213923317846e-05,-2.566681717078255e-06,-5.445134129599854e-05,-0.0029280228705659676
425,0.08192034279954247,0.033490046552612944,0.04999974638394811,-0.0005373006934504945,-4.318612698099779e-05,-4.587835243177963e-05,-0.0005345167010091245,-1.1953524335694965e-05,-2.4951074982051255e-06,-5.440904363639526e-05,-0.002944643608575638
426,0.08143126385424512,0.034385470884264475,0.04999979356701008,-0.0005291350002950418,-2.842734494470501e-05,-3.712715471040181e-05,-0.0005811072187498212,-9.122829396801535e-06,-2.4256209383036135e-06,-5.43834459499396e-05,-0.0029577298327642726
427,0.08096537785987935,0.035381725135836636,0.04999983739693406,-0.0005183553922070451,-1.6063684755564475e-05,-3.008892874981478e-05,-0.0006186647224240005,-6.369718448695494e-06,-2.358324539167296e-06,-5.4375026246859395e-05,-0.0029670991645139853
428,0.08052832980077876,0.03646305157827288,0.04999987657867685,-0.0005055143441754999,-6.987135797787084e-06,-2.46473787254233e-05,-0.0006382215651683509,-4.283580892661121e-06,-2.2948990170357456e-06,-5.438504922271267e-05,-0.002972689545584402
429,0.08012559971665262,0.03759845356981714,0.049999910349009066,-0.000491095941918351,-1.6405601017843936e-06,-2.0691170081429337e-05,-0.0006367568275891244,-3.175078518324881e-06,-2.2373468184559434e-06,-5.441566142437357e-05,-0.0029745475325919923
430,0.07976200319930934,0.03874726172266075,0.04999993837320503,-0.00047550066029259454,-2.5563694052138003e-08,-1.8129991754319865e-05,-0.0006188802653923631,-2.9118666589056375e-06,-2.187667235623406e-06,-5.446997517755801e-05,-0.002972807733723793
431,0.07945395154068435,0.03995709403510936,0.049999960648795014,-0.00045906452023224245,-1.8279978566466584e-06,-1.6901060893925864e-05,-0.0005940491682849824,-2.9886725769756595e-06,-2.231646488119549e-06,-5.460243005504185e-05,-0.002967633603362403
432,0.07925364876355764,0.041505410923564,0.049999977367151505,-0.00044201192314278115,-6.740678124719052e-06,-1.6838370791834045e-05,-0.0005716830492019653,-3.1188119464786723e-06,-2.1340216438124e-06,-5.48351654817535e-05,-0.0029592607541219246
433,0.079095407562754,0.042881095178935257,0.049999989011318066,-0.00042457796485193434,-1.4093041736274905e-05,-1.7922229756588818e-05,-0.0005650684470310807,-3.5009936709684553e-06,-2.0044344489749013e-06,-5.5150833956281736e-05,-0.0029479767957268956
434,0.07898313682212799,0.04410466353173573,0.04999999618811011,-0.0004069205869288659,-2.334423954982629e-05,-2.0134490694574726e-05,-0.000574282486923039,-3.913709861080861e-06,-1.8672386533300553e-06,-5.5547640041933084e-05,-0.002934073758323416
435,0.07892102989461791,0.04520502175278495,0.04999999954248771,-0.0003891268750389067,-3.416841640339976e-05,-2.340550528718996e-05,-0.0005870909080840647,-3.530124104145216e-06,-1.7860107047023023e-06,-5.608060012694687e-05,-0.002917769665340541
436,0.07895502061714672,0.04639831969902042,0.04999999974610337,-0.0003710717048633779,-4.704927568648743e-05,-2.766355463219001e-05,-0.0005849694134667516,-2.856060746125877e-06,-1.6491252217318868e-06,-5.674824452653337e-05,-0.0028993169242851682
437,0.07902040784123976,0.0473673800340573,0.0499999974956433,-0.0003533384395723586,-6.0848626368795235e-05,-3.283003043952149e-05,-0.0005661695031449199,-3.12384327116888e-06,-1.4659326332558632e-06,-5.7585420976679336e-05,-0.0028789286197653734
438,0.07910499050863196,0.04809746351640174,0.04999999344693537,-0.00033601920998928823,-7.489368993499712e-05,-3.8821451722302386e-05,-0.0005393567844294012,-3.6846236071141902e-06,-1.292618313983822e-06,-5.85770799177707e-05,-0.0028568559140257515
439,0.07920572816336777,0.048624082896169984,0.04999998819222638,-0.0003191720847582655,-8.864538601570374e-05,-4.5579858682522085e-05,-0.0005102279828861356,-4.028328476124443e-06,-1.139965685972215e-06,-5.973207849050582e-05,-0.0028333323054614682
440,0.0793225909866346,0.04898886795129567,0.04999998225570467,-0.00030287910782227334,-0.00010153674047029635,-5.307722689536029e-05,-0.0004852349520660937,-3.869231022690656e-06,-1.0101138860189446e-06,-6.106228262007499e-05,-0.0028086038689436915
441,0.07945722958599137,0.04923373828396491,0.04999997608687087,-0.00028720091439870117,-0.00011313170740187019,-6.131103530935721e-05,-0.00046884483890607953,-3.6499816360446857e-06,-9.014114459162454e-07,-6.258140369428207e-05,-0.002782923081608005
442,0.07961140832869014,0.049394896552421505,0.049999970059464105,-0.00027216708208070483,-0.00012321643003789242,-7.027926111442538e-05,-0.0004630960465874523,-3.5728637612919556e-06,-8.109627466302802e-07,-6.430452032155174e-05,-0.0027565354313131047
443,0.07978593510498594,0.049500571634835115,0.049999964468915054,-0.000257787443614713,-0.00013177382286332323,-7.998164689988448e-05,-0.0004667106259148568,-3.46528941008728e-06,-7.362286810420764e-07,-6.624852945951812e-05,-0.002729671162595707
444,0.07998122903791988,0.04957107426208878,0.04999995953700787,-0.00024406429683053972,-0.00013886173336623205,-9.039724422389378e-05,-0.00047650901251472533,-3.195607860106975e-06,-6.7478137858347e-07,-6.84330168900028e-05,-0.0027025475318371802
445,0.08019739969911793,0.049619810982083776,0.0499999554183491,-0.0002310052106236155,-0.00014450626725213552,-0.00010151474669692574,-0.0004893643199466169,-2.85141459244187e-06,-6.243227354503479e-07,-7.088101475057845e-05,-0.0026753752028489657
446,0.0804348657855645,0.049655047325798875,0.04999995220229606,-0.00021860718472823204,-0.00014868804664571668,-0.00011416924911215126,-0.0005030006868764758,-2.463315468048677e-06,-5.844780667799964e-07,-7.362360943360697e-05,-0.002648372243281151
447,0.08072210259301488,0.04968923327078718,0.049999949898921384,-0.00020683331991741584,-0.00015158273459439382,-0.00012733713507557487,-0.0005299007170833647,-3.1397106795338914e-05,-5.381583583286573e-07,-7.66941124513135e-05,-0.0026211017346116972
448,0.08094018587784742,0.04974454115875057,0.04999994856621078,-0.00019414650521043086,-0.00016116553312097367,-0.00014085500189628365,-0.0005476420628838241,-2.820349436660763e-05,-5.013175738113922e-07,-8.012684360417684e-05,-0.0025937035778438554
449,0.08124615010323886,0.04977802784631502,0.0499999482052503,-0.00018335594279836592,-0.0001622808226421257,-0.00015593004838361204,-0.00048311619320884347,-2.8674156055785716e-05,-4.517111330082378e-07,-8.395938172007882e-05,-0.0025663369481823467
450,0.08151412804415098,0.049842984494022934,0.04999994877212674,-0.00017152307421659,-0.00016905230641069748,-0.0001706323928165009,-0.0005276377778500319,-5.131833677296527e-05,-4.2144638075677254e-07,-8.823675588634906e-05,-0.0025392585974360346
451,0.08186905076648669,0.04985863010719564,0.04999995021853668,-0.0001617056879354587,-0.00016558732418837574,-0.00018370713952128327,-0.0005175535916350782,-9.65838353295112e-07,-3.964440510234781e-07,-9.301789642413374e-05,-0.0025132741878392292
452,0.08220623782042018,0.04987266930685238,0.049999952403475864,-0.00015212638233096153,-0.0001617411862357144,-0.00019792901473447618,-0.0005002539255656302,-1.5822364503037534e-06,-7.472100128758087e-07,-9.826515389177535e-05,-0.0024884466751172495
453,0.08258136435068963,0.04989695329636459,0.04999995335143854,-0.0001421644053845199,-0.0001575889161375744,-0.00021917007695972324,-0.0004839872126467526,-2.0059965208929498e-06,-5.39515729810097e-07,-0.00010500549050341015,-0.002464820995926913
454,0.08307420844988768,0.04993379339717854,0.04999995541223006,-0.00013198161565373284,-0.0001530009737487111,-0.00023948002174239709,-0.0004952527233399451,-5.39477127858845e-07,-3.9026313501483175e-07,-0.00011192543696155312,-0.0024423474182119417
455,0.08352441754520015,0.049957791767671345,0.049999959338423085,-0.00012278878320770177,-0.00014921205945283626,-0.0002563066728496058,-0.000494983687531203,-4.5930610781397263e-07,-8.41324562872711e-07,-0.00011908371849587111,-0.0024210833017843415
456,0.08391669198736168,0.04997809853232202,0.04999996346006147,-0.0001142197013931921,-0.00014482466118881038,-0.00027731957733942913,-0.0004829155222978443,-2.478099986547022e-06,-2.2706501077341762e-07,-0.0001279962180314581,-0.0024008726367395487
457,0.08438372286338867,0.049984807113318194,0.0499999677247397,-0.00010509902080332414,-0.00014179305940147436,-0.00029505196369592173,-0.0004836485313717276,-2.7518676688487176e-06,-7.815737270281094e-08,-0.0001388486119642386,-0.0023818594655595667
458,0.08479824884507103,0.049995058405240725,0.04999997053533184,-9.617010646029014e-05,-0.00013959808814022643,-0.00032880776898664365,-0.0005093209911137819,-6.918667622812791e-06,-5.033294503084412e-07,-0.00015033599859095917,-0.0023641352724525586
459,0.085428240204095,0.04999803376897874,0.04999997440063019,-8.776782788510173e-05,-0.00013638365765854206,-0.0003555254002824981,-0.0005270527326501906,-4.3534182623261586e-05,-6.683705729051618e-07,-0.00016272633472898777,-0.0023471361258060558
460,0.08583775491123957,0.04995956615936456,0.04999997915819048,-7.870291944646115e-05,-0.00014013465275713002,-0.00038660419724520837,-0.0005544117302633822,-2.9112352422089316e-05,-1.3518834307074224e-07,-0.00017785027339523325,-0.0023305031725579044
461,0.0863650979069529,0.049922394350995554,0.04999998400634453,-7.048825476390827e-05,-0.00013968346118038328,-0.00040939552228582424,-0.0004824798961635679,-2.705390033952426e-05,-4.334501737620088e-07,-0.0001953458247184842,-0.002314567464388285
462,0.08670855891448154,0.04982504521549272,0.049999987019952244,-6.187511294272169e-05,-0.0001433587482362171,-0.0004592211956160654,-0.0006063390173949301,-7.209351315395907e-05,-2.8302898471865847e-07,-0.00021575233213217,-0.002299550729262154
463,0.0874753503999144,0.049640898662257266,0.049999990259085296,-5.365886595886052e-05,-0.00014125745792146788,-0.00047808213289296037,-0.0006044360343366861,-2.454110472172033e-06,-2.1744437539643056e-06,-0.00023915114515962765,-0.0022865243967441122
464,0.08782729781773796,0.04942465481199766,0.04999999228478085,-4.703120777845999e-05,-0.0001398781729641898,-0.0005091591989301741,-0.0006396187236532569,-1.259740110981511e-05,-1.0703331371385111e-07,-0.00026812376143947825,-0.0022755539945758774
465,0.08862677014721472,0.04916738893513515,0.04999999363877427,-3.909635822292746e-05,-0.0001391583129021115,-0.0004832893328629419,-0.0006079330923967063,-4.171884938841686e-06,-9.524250005039639e-07,-0.00029968572410174016,-0.0022665687984491445
466,0.08983147222711244,0.04781228220170225,0.04999999758121579,-3.112435405477885e-05,-0.00014760100547231078,-0.00044239021099172406,-0.0006238866480998695,-1.2495735973061528e-05,-4.506217257768354e-07,-0.0003368744570375461,-0.002259483285818078
467,0.09073137681402596,0.04663493658663598,0.04999999990467193,-2.6997471387796147e-05,-0.00015342227438687133,-0.0004066694863485826,-0.0005864546401426196,-1.2181163583591115e-05,-4.3597955172363674e-07,-0.00037496782841524605,-0.002254160055628446
468,0.09136353019015224,0.04604494951431062,0.04999999356237155,-2.5266117789799116e-05,-0.0001579956060722366,-0.0003815059435202607,-0.0006819115951657295,-1.9360270016477443e-05,-1.6427313734445084e-06,-0.00041836445001888284,-0.0022504096315416017
469,0.09187755834489288,0.04609027878170345,0.049999975050607284,-2.4705440812731784e-05,-0.0001656283010714512,-0.00036726743304384265,-0.0007669624174013734,-6.853253580629826e-06,-3.4798129960939777e-06,-0.0004690576516152916,-0.002248103673079047
470,0.09238846940087907,0.04620690225711806,0.04999994186627732,-2.41118535940783e-05,-0.00017439696184285157,-0.0003470823233283588,-0.000687078048940748,-1.779515150701627e-05,-2.0486123511883676e-06,-0.0005303370767095771,-0.0022468416399685524
471,0.09259816479989193,0.04701609372039086,0.049999896901011975,-2.5089024574340873e-05,-0.00018053572778894706,-0.00029167187709960016,-0.0006827046745456755,-4.024127701995894e-05,-9.255778376884792e-08,-0.0006011870506752779,-0.0022466345532246297
472,0.09337448312118711,0.04942447153384207,0.049999831306863855,-2.439692914814849e-05,-0.00016575592456395801,-0.00022970456817607429,-0.0005550874047912657,-2.598542232590262e-05,-1.0682003169696778e-07,-0.000685449375848086,-0.002247611091942698
473,0.09394820533720516,0.04996082785033269,0.049999723269949815,-2.5593250194783362e-05,-0.00015010362161575408,-0.00018227757697570008,-0.0007364984485320747,-4.8826233978616074e-05,-5.698179967355071e-08,-0.000781977617983179,-0.0022494346347547234
474,0.09429278133855518,0.04921449970250812,0.04999957053976162,-3.058978191788745e-05,-0.0001409056364707819,-0.00014651433434108773,-0.0007743687019683421,-1.9122086087008938e-05,-2.6032071218397133e-08,-0.0008931767095369544,-0.00225259461965435
475,0.09458103801650955,0.04761503700490433,0.04999937504517838,-3.61023597461754e-05,-0.00013349370764731294,-0.00011793318321535567,-0.0007016027811914682,-4.628275928553194e-05,-1.603531059195448e-08,-0.001020873383917093,-0.00225627948429454
476,0.09462372290174487,0.04660694029552101,0.04999914384671849,-4.568743604332312e-05,-0.0001264734625269168,-9.500025795665367e-05,-0.0008060249383561313,-3.0396424335776828e-05,-1.1035205292059834e-08,-0.001166777358408132,-0.002260339099277848
477,0.09464370074942911,0.04572896353200018,0.04999889014825285,-5.826446899441799e-05,-0.00012070448725533462,-7.661346687884263e-05,-0.0006618629558943212,-2.9618986445711926e-05,-8.781941057113547e-09,-0.0013329956559564062,-0.002264717377056419
478,0.0946230971141689,0.04513134465552479,0.049998625898400983,-7.183796337668363e-05,-0.00011418933319299987,-6.135882986121804e-05,-0.0009201759821735322,-7.425323565257713e-05,-7.495776142800692e-09,-0.0015217214329177543,-0.002269729202302379
479,0.09464417312723306,0.04449107530299943,0.04999836288395593,-8.852612767182457e-05,-0.00011140345117303198,-4.8946697571253774e-05,-0.000893477292265743,-3.412426394788781e-06,-6.956082536562691e-09,-0.0017352539584554174,-0.0022762585010214728
480,0.09468470777777856,0.04394016577929545,0.04999811224974233,-0.00010649691056622754,-0.00010950082512221421,-3.899861877607359e-05,-0.0008453462505713105,-4.731290573545266e-06,-7.220881414584346e-09,-0.0019758949830823236,-0.002284128656644155
481,0.0947500542126994,0.043514297221606255,0.0499978819719273,-0.0001248550238232971,-0.00010871876533133802,-3.120005489003676e-05,-0.0007824879139661789,-9.923401194100734e-06,-8.445417724973752e-09,-0.002245733546603855,-0.0022928721713606683
482,0.09484429934647229,0.04324665622969572,0.049997677400855686,-0.00014277299201831425,-0.00010854386045604387,-2.525495783541625e-05,-0.000717908435035497,-1.0937691513390746e-05,-1.0913638465260373e-08,-0.002546422692629131,-0.002301883982743422
483,0.09496908633686085,0.043141837951170686,0.049997501612254545,-0.00015973580636812444,-0.00010829530921479345,-2.0929627571611386e-05,-0.0006435260293073952,-1.0425271284475457e-05,-1.4697744664274286e-08,-0.002878912883599933,-0.002310554556250064
484,0.09512566554285384,0.043154855537858104,0.049997355899832424,-0.00017541618711632253,-0.00010721220904721873,-1.806197566393874e-05,-0.000561314809601754,-1.0575729902484454e-05,-1.944722883681364e-08,-0.0032431456145963797,-0.0023183260408200014
485,0.09531308613390355,0.04321276582267434,0.04999724019511211,-0.00018966518550827342,-0.0001046302310640091,-1.6556575967089688e-05,-0.0004826152289751917,-1.3343831597012468e-05,-2.420033028583452e-08,-0.0036376900317662306,-0.002324700773219464
486,0.09552754763963972,0.04322919580751838,0.04999715348591417,-0.0002024339127640956,-0.0001000656032628612,-1.6386395107543083e-05,-0.0004283367597963661,-1.6869102182681672e-05,-2.7784322239644314e-08,-0.004059334867474836,-0.0023292245276162605
487,0.09576360120343806,0.04312386997193135,0.04999709416234153,-0.0002137301569529166,-9.35585562398004e-05,-1.7578989131252707e-05,-0.00041318527655676007,-1.669211451371666e-05,-2.947900987723133e-08,-0.004502714686927883,-0.002331485582844631
488,0.0960168814257591,0.04285093297992071,0.04999706027423445,-0.00022358622272720618,-8.599928123933262e-05,-1.7432071320840552e-05,-0.0004289815842639655,-1.1519067811605055e-05,-8.142514039675976e-08,-0.005042167413966833,-0.0023310681692096475
489,0.09656197982946135,0.041892523234970995,0.049997030605251416,-0.00022870693403688136,-7.391269182021294e-05,-1.8699583957976326e-05,-0.000385482533602044,-2.1756499336333945e-05,-4.4690182749536744e-07,-0.005642290488451836,-0.0023278317073688933
490,0.096981122467348,0.040072474820272146,0.0499969802317244,-0.00023584339853974725,-6.887907883123699e-05,-2.131428401608057e-05,-0.0003762179985642433,-2.0530420442810282e-05,-6.979331299744779e-07,-0.006428608318503365,-0.002321654206637595
491,0.09709855224556664,0.036984937163514905,0.04999693447078934,-0.0002545434538145369,-5.419891441442598e-05,-1.221174846243383e-05,-0.00041368696838617325,-3.2048388675320894e-05,-2.807313362740687e-07,-0.007513570047546428,-0.002312520754731442
492,0.09773731512133728,0.04197511064582206,0.04999688059975148,-0.0002579095565362696,-7.06012671176626e-05,-8.381685096566573e-06,-0.0004886984243057668,-2.109352317347657e-05,-2.7529942933348177e-07,-0.008919789208184132,-0.0023008259843803574
493,0.09816028018571105,0.04460639132572098,0.049996773273465515,-0.00026620715867721765,-8.559193550278783e-05,-7.4640048639626525e-06,-0.0005398251814767718,-1.886102108983323e-05,-1.7293984853339244e-07,-0.010997433001018003,-0.0022872295493950416
494,0.09834847623840037,0.044820704404196554,0.049996656291849864,-0.0002854833811485567,-9.014597109546076e-05,-7.704634681950578e-06,-0.0006171406130306423,-2.1889831259613857e-05,-1.316705729993857e-06,-0.013899593986247469,-0.0022723020498915006
495,0.09844295685508986,0.04358595010496173,0.049996556562555285,-0.00030966486616274685,-8.82649299021897e-05,-1.1482362035654957e-05,-0.00064485939219594,-1.4038515473657753e-05,-2.6753157489166374e-05,-0.018032741922351426,-0.002256366891136647
496,0.09835430380060366,0.042531637524979106,0.049996497321389305,-0.0003425424543180444,-8.829155848688582e-05,-2.5109875959302804e-05,-0.0005765564274042845,-4.5320732169784606e-05,-5.914143708008209e-05,-0.023469319845814064,-0.002240342309097502
497,0.0981000861043483,0.042385361516825225,0.04999651810306266,-0.00038222132159267477,-9.1700848861994e-05,-4.689046639353504e-05,-0.0005916333175264299,-0.00011796710168709978,-0.00014317094132387632,-0.0311681433942264,-0.0022244270449467162
498,0.09783643964341915,0.04202203660681663,0.04999662632442663,-0.000422377064098682,-9.114062331806737e-05,-7.582341489180392e-05,-0.0007383159245364368,-9.59487006184645e-05,-0.00026718004864474676,-0.04256573091254709,-0.0022091907869161054
499,0.09755996378950338,0.04146684442199699,0.04999681673875335,-0.0004634064006570503,-8.587223557649102e-05,-0.00011142735645082193,-0.000852594617754221,-3.454967009020038e-05,-0.00043241990976526786,-0.060785894992662105,-0.002195044396193691
500,0.09725839301815647,0.040873097481233245,0.049997081308742176,-0.0005057733532899836,-7.787842673533518e-05,-8.381187529986761e-05,-0.0008610626682639122,-1.0802253200381529e-05,-0.0002696672639630829,-0.09566814159764088,-0.0021826026060662285
501,0.09775480220713322,0.03625970275874301,0.049997358531989215,-0.0005413527279085042,-5.694949407846562e-05,-9.409577811989684e-05,-0.0008094454533420503,-8.752378562348895e-06,-0.000491075308157254,-0.1619612079435351,-0.0021710625166137024
502,0.09770014928540949,0.02972298935067429,0.04999763423146945,-0.00059329744021222,-3.128089750449499e-05,-0.00014293705397287984,-0.0006483460892923176,-3.114499122602865e-05,-0.0005466727253594008,-0.21880230495877911,-0.0021608764196717665
503,0.0971790374831539,0.02571050871625266,0.04999798155356921,-0.0006541483494083032,-1.923851810091886e-05,-0.0001958520082444589,-0.0007056454778648913,-4.4469320528151e-06,-0.0007955061461014344,-0.1180517284483908,-0.0021514492983908287
504,0.09671651332191902,0.02294975288395805,0.0499983915717517,-0.0007153061000525393,-1.207492525905289e-05,-0.00022763828037046272,-0.0005684883217327297,-4.039454142912291e-05,-0.0009271986319219765,-0.05942103978109704,-0.0021435537564637487
505,0.09660782988029748,0.024960780783999135,0.049998785831396476,-0.0007612548899114382,-7.342456527133958e-06,-0.00020790256081055348,-0.0006012322846800089,-3.545321669662371e-05,-0.00040246785885389967,-0.028877568924295206,-0.0021377783462255117
506,0.09701301086810768,0.020957669416658047,0.04999913243147791,-0.0008145777566662369,-3.396554252678175e-06,-0.0002676724708050903,-0.0004997763899154961,-2.1101681340951473e-05,-0.0010777755418110429,-0.015805767369171542,-0.002134697152542786
507,0.096566731542385,0.017750708793650868,0.04999944632228874,-0.0008812983002081412,-6.3268362565333965e-06,-0.00027047439014403176,-0.00040994491428136826,-3.562839265214279e-05,-0.0011338822524920732,-0.00860773021536554,-0.002132950288122567
508,0.0967588788719719,0.015220436352941836,0.04999972161582005,-0.000927140714771253,-1.5875227205542527e-05,-0.00024070557089540774,-0.0004975525080226362,-5.702735961676808e-06,-0.001263491803102512,-0.00486925762278513,-0.002133469315136013
509,0.0972286964791594,0.011762997925018108,0.0499998951699702,-0.0009749243525326509,-3.1127920900636464e-05,-0.0002765214692743696,-0.0003244609688408673,-2.8205326088937e-05,-0.0009756827560094446,-0.0028199476096082143,-0.0021349473070236247
510,0.09705158447560552,0.010624944935019517,0.04999998967720209,-0.001022994367404717,-5.055951145600183e-05,-0.0003278901034955197,-0.00035477764322422445,-1.0965154615405481e-05,-0.0012543411769862605,-0.00151818783253457,-0.002137607470165133
511,0.09678083396003123,0.008588962650618094,0.04999997806710241,-0.0010769260934243548,-7.952634938115748e-05,-0.0003695515981992758,-0.00040128405089490116,-1.237683591170935e-05,-0.0014200328396867402,-0.000728139323242157,-0.002141073989950487
512,0.0965635124100293,0.00776950687000244,0.049999825558468367,-0.0011191110602752558,-0.00010256734386384286,-0.00028516264529830713,-0.00043133131111972034,-0.00010761949670268223,-0.0005016139555599169,-0.00028812898633377335,-0.002144252825633431
513,0.0971746506161316,0.005423326971958601,0.04999951438556843,-0.0011556849000594388,-0.00012381009996330588,-0.00033896428520166136,-0.00035577075323089957,-4.57227070000954e-05,-0.00142191716510116,-9.359637439970014e-05,-0.002147527033065338
514,0.09664508088513457,0.005962874681116847,0.04999904999766957,-0.0012161229960291503,-0.00011568528368777591,-0.00039933686421783415,-0.0005463475245051086,-0.00011601592268561944,-0.00165576359036063,-5.0701769432674524e-06,-0.002148018842241358
515,0.09601725109944732,0.00666291337289721,0.04999836634816994,-0.0012723221522877438,-0.00010546528479961885,-0.0003968458078579388,-0.0005686843651346862,-4.881033601122908e-05,-0.002095925613449602,-3.3611676796370236e-05,-0.002145972528735328
516,0.09585982854105685,0.006290270254691481,0.04999743820329762,-0.0013276126211168944,-0.00010372639119390952,-0.00032013562751978357,-0.00044310346129350364,-3.518581797834486e-05,-0.0020459834766124348,-0.00012690922073232408,-0.0021425372925913287
517,0.09628228498938564,0.005437764784707312,0.04999638349527661,-0.0013715717569162608,-0.00011116526328158071,-0.0003601757424286541,-0.0003676468040794134,-5.7480850955471396e-05,-0.0016473326962030796,-0.0002807799463532682,-0.0021384891944394263
518,0.09588055861686495,0.004904396518962382,0.04999510005788907,-0.0014159729181141196,-0.00013445643899619752,-0.0004068223112538334,-0.0004282930458430201,-1.6828224033815786e-05,-0.0019122274863143302,-0.00047897406646358123,-0.0021344639019122732
519,0.095472781134355,0.003970542892470941,0.04999347258217408,-0.001460968075249338,-0.00016662519931667625,-0.00045847532558041014,-0.0004866650851909071,-2.4383727577514946e-05,-0.002283991569674263,-0.0007140819879966148,-0.002130339817873068
520,0.09485953425576013,0.004369866542161708,0.04999150687027106,-0.0015138721175643726,-0.00017942051861649693,-0.0005368915511113694,-0.0005232609692029655,-5.587164923781529e-05,-0.0026658734926834045,-0.0010275222231699152,-0.0021259375966161077
521,0.09408592756247038,0.004684615379732795,0.04998915899666979,-0.001584144638246296,-0.00017608201859891113,-0.000619788221918417,-0.0003966451622545719,-5.0707098125712946e-05,-0.0031405910396660208,-0.0013948069265741698,-0.00212109262850569
522,0.09327124205695424,0.005699055848421236,0.04998635745215102,-0.0016587700622106073,-0.00016825340197800233,-0.0007164108684057977,-0.00037049863021820784,-6.525325443362817e-05,-0.003707953488181516,-0.0018301106299525513,-0.0021175158060167654
523,0.09245059493797235,0.005949613365031915,0.04998304008809902,-0.001742455587016847,-0.0001687629697507727,-0.0006913269366170688,-0.00034653107286430895,-3.771063711610623e-05,-0.004282766324303999,-0.0023449530648191963,-0.002116678453193792
524,0.09231521766280897,0.005811808987826157,0.0499791652291549,-0.0018280206795244294,-0.00017036457047835658,-0.0005494112043401149,-0.00040405039908364415,-2.5408025976503268e-05,-0.0040927407663679275,-0.002737447619317281,-0.0021199930498408646
525,0.0928354775771929,0.004005164157720786,0.04997525631877312,-0.001902038958675778,-0.0001957186335957287,-0.0006236117046252177,-0.00044351955875754356,-3.3735788747435436e-05,-0.0033492312237000522,-0.0031537613532026674,-0.002126377110767649
526,0.09213755896990194,0.0037355023725596983,0.04997087583903386,-0.0019818541387564997,-0.00022469100734149079,-0.000686241845049951,-0.0004274536913726479,-3.711086174007505e-05,-0.003661902458460722,-0.0035881870311936675,-0.0021352880538399355
527,0.09133018575008876,0.0036017246957052457,0.04996587641480706,-0.0020445122133601213,-0.00026898753069227777,-0.0007543009338975611,-0.000443012424511835,-2.412257708783727e-05,-0.0040377610605199276,-0.004047047628175908,-0.00214674802171866
528,0.09049826569335584,0.003383718769487075,0.04996023195185273,-0.0021075336146396287,-0.00032211064484440294,-0.0008253770747669372,-0.0003760010586120188,-4.7985638957470655e-05,-0.004399635830746096,-0.004513240399345807,-0.0021605112492440984
529,0.08965793866078997,0.003171344167293159,0.04995386701377469,-0.0021661911166040737,-0.0003715340764138008,-0.0009211517482716528,-0.0003210912109352648,-1.054227050190093e-05,-0.00507750277870123,-0.004981945739034151,-0.0021761290816376864
530,0.08873309385420926,0.0034226640323266246,0.049946711090736236,-0.0022455028580903795,-0.0003962417085105848,-0.0010465807907283017,-0.0002649322268553078,-9.356745977129322e-06,-0.005666898122554637,-0.00551050986492937,-0.002193755902951209
531,0.08772150712893803,0.004394526977022029,0.049938692839432294,-0.00234899107894862,-0.0003900713220043749,-0.0011834726182518216,-0.00022948815603740513,-2.200518429162912e-05,-0.006451822284651958,-0.006082843465270512,-0.002213782014313108
532,0.08669567670235637,0.005615965966953075,0.04992973854881197,-0.0024579159256618646,-0.00039232879795698787,-0.0013313587232057277,-0.00021397652744781226,-6.2612957663077395e-06,-0.007282215150232767,-0.006706335562298481,-0.0022368163932262146
533,0.08564380806394305,0.00718313671847597,0.04991977207615521,-0.002570586125100686,-0.0004005770501511068,-0.0014904607676639314,-0.00020588231564033777,-1.1759087101381738e-05,-0.008161990489541662,-0.007364422459977158,-0.002263138779298467
534,0.08468643518377797,0.008593487963048818,0.04990863589368794,-0.0026879223397371817,-0.0004150208280407717,-0.0016601954013539559,-0.00018962420290336013,-3.3204685223608976e-06,-0.00906756098082487,-0.008078553196577876,-0.002293163188158169
535,0.08355028574431482,0.011579184188936985,0.04989631535535516,-0.0028062326093033266,-0.0004276938582890432,-0.0010211167457678874,-0.00020232702081557363,-2.2675305899610976e-06,-0.005296016069031875,-0.008507425983479562,-0.002327222823397189
536,0.08532704852253313,0.005327778880116225,0.04988394242149746,-0.0028876727898004273,-0.0004884195661866884,-0.0011145365419379368,-0.0003537794400472194,-0.00011232305405428633,-0.0062087046191702765,-0.00909264385876132,-0.0023648611185747245
537,0.08440575413319946,0.006202671608275881,0.04987160561453599,-0.0029852862746239965,-0.0005438702287080626,-0.001214720434599021,-0.0004918300546705723,-9.757017687661573e-05,-0.006823514145553497,-0.009540488772573625,-0.0024060135032702417
538,0.08335276534542713,0.006985727696236819,0.049858136680822666,-0.003077638075664773,-0.0005958464664677933,-0.0013069327370684003,-0.0004455368034541607,-0.00011340085620759055,-0.007324580561776985,-0.009992202160373276,-0.002450332641936899
539,0.08216588618899845,0.007387840860016225,0.0498434569214522,-0.0031575354586573547,-0.0006715542103415941,-0.0014071890679442532,-0.0003907081263605505,-5.5739633353368845e-06,-0.007866045692422722,-0.010439064414657341,-0.0024984440706702377
540,0.0809721506634177,0.007905164676332361,0.0498274836687925,-0.003241277497830852,-0.0007522079538491147,-0.0015122415655099176,-0.000407481100410223,-9.831287570705172e-06,-0.008420772739131843,-0.010878536392249838,-0.0025504823766262404
541,0.07973741882050933,0.008413270560386895,0.04981013399309095,-0.0033253507724923105,-0.0008331103616681907,-0.0016262772833717698,-0.0003890771185979247,-4.1591165427234955e-06,-0.00899644016397926,-0.011309030862286303,-0.002606543483987225
542,0.07847905496086005,0.009085579322586673,0.04979132306281468,-0.0034133580872238926,-0.0009186135433823975,-0.0017575310124500762,-0.0003536212898325175,-4.68988901047851e-06,-0.009595931644923106,-0.011716023412539595,-0.002666794271571812
543,0.0774229128792724,0.009729068358369949,0.049770831957772765,-0.0035148834507441606,-0.0009945552483390868,-0.0019484981869186903,-0.0003091466787736863,-5.987273198115872e-06,-0.010745778088845654,-0.012164207840527021,-0.0027312939510554485
544,0.07643893014642968,0.014362411413438936,0.04974866235105229,-0.003678557515349449,-0.0010227080926433231,-0.0021489655352358574,-0.0002799534413497895,-1.8485099644749425e-05,-0.011851979225607386,-0.012666921449503255,-0.0028002063152216886
545,0.07556122866053137,0.019569526587985574,0.04972478131670162,-0.0038539537022605434,-0.001077735126856376,-0.002359415572466286,-0.00024818890960887074,-4.899886334897019e-06,-0.012987533044663957,-0.013221796373028985,-0.0028742854567205627
546,0.07470235537781823,0.025679804907349044,0.04969904364910118,-0.004034078251159665,-0.0011424792552975594,-0.0025822158051348,-0.00023940869141370058,-7.207734142866684e-06,-0.0141478129744467,-0.013822549086522223,-0.0029538665155289675
547,0.07384476829426471,0.03266433703635911,0.04967132283121336,-0.004217900894632948,-0.001213695963950604,-0.002812690103151343,-0.00024961354210972786,-2.0098996174056083e-06,-0.015371721313912505,-0.014447660312890121,-0.0030387258968141203
548,0.07325449207552351,0.03766863737074383,0.04964135835021419,-0.004412127432516278,-0.0012920578037508464,-0.0030527938143744774,-0.00024331135500688106,-1.103939439417445e-06,-0.016614021293423143,-0.015122484239684167,-0.0031293736290552744
549,0.07247150100619257,0.043134995686550374,0.04960905148482582,-0.0046055746747302095,-0.0013673297824417958,-0.0033005602108186123,-0.00024828955065459013,-7.405344035760208e-07,-0.017817008227527256,-0.015829475901305907,-0.0032256594611042794
550,0.07135933532286845,0.04826776952053641,0.04957425838388418,-0.004797183382813141,-0.001441663230834944,-0.003556249272056649,-0.00026015311595983803,-1.894579327199608e-06,-0.019047495491049615,-0.016562371369877506,-0.0033268558998037438
551,0.07008196115247431,0.04983677308945245,0.04953712627353568,-0.004987310767887401,-0.001511346554024939,-0.0038200735136437523,-0.0002720380143728107,-1.36358801228198e-06,-0.020324222204793477,-0.01735640897674332,-0.0034346057336498616
552,0.06897271073071365,0.04625778623852564,0.04949755697394543,-0.0051834690910048525,-0.0015770554750563868,-0.004095213912928884,-0.00027400607359595597,-7.537395276813186e-07,-0.021660663770433186,-0.018162269331338313,-0.0035472742725221476
553,0.0682244182311205,0.04233710833751304,0.049454976721779315,-0.0053961136032154074,-0.0016431600540815002,-0.004376551924673105,-0.00025919996551238,-9.629040960135171e-07,-0.022955009047977988,-0.019007600147731802,-0.00366571003957542
554,0.06688354269856714,0.03174546709003833,0.04940936042853332,-0.00560273917433655,-0.0017101509374984583,-0.004667817017117218,-0.0002877102524507791,-1.6770405864008353e-06,-0.024331564040123956,-0.019856323008668922,-0.0037885343392879893
555,0.0656424380477535,0.021632328234375484,0.04936087591414272,-0.0058106049460348325,-0.0017583042891967657,-0.0049660433334243696,-0.0002941069833468646,-3.741658247236046e-06,-0.025574285520362717,-0.020714961800426823,-0.003915655701818737
556,0.06431139802097684,0.012643271975341581,0.04930907253366273,-0.00602731481666523,-0.0018061744734558381,-0.005274836887187382,-0.0003083781339228153,-6.394326987901877e-07,-0.027014010338494016,-0.021619489947636746,-0.004048065400920081
557,0.06293997164721037,0.00655579598437282,0.04925394285701892,-0.006250222805043651,-0.001842199224359142,-0.005591870439229675,-0.00032211659708991647,-1.1170994866915862e-06,-0.028364463554493242,-0.022541017018164716,-0.00418432908937026
558,0.06146803864575195,0.0028314714239198163,0.04919530131305897,-0.006477692959639698,-0.0018659093760171426,-0.0059172635814736954,-0.0003406444739084691,-9.099471185436414e-07,-0.02970985487449451,-0.023483683950008823,-0.004324069861090968
559,0.05990230985918141,0.0009956109079822814,0.04913302763624274,-0.006709601607862405,-0.0018742020413709906,-0.006248294650231186,-0.00036121925222687423,-1.046009742822207e-06,-0.030904139964698242,-0.024447294384703593,-0.0044666578540923695
560,0.05823067005844064,0.0002487415815488225,0.04906703735219643,-0.006942566665535187,-0.0018647950434198632,-0.0065989644240314746,-0.0003854211245197803,-8.650384302200109e-07,-0.03236348590992957,-0.025439079021817898,-0.004611645222508468
561,0.05655415691296006,8.468290331632627e-05,0.048996960939459135,-0.007177027608055328,-0.0018113983436804622,-0.00695404961455037,-0.00038348784437403083,-7.99456415734312e-07,-0.03376367665467824,-0.026400636086471904,-0.004755458083486416
562,0.05472114145926482,1.87584758342155e-05,0.048922161878539164,-0.0074251991117316105,-0.0017593741356221049,-0.0073068041971743065,-0.00040295757935382426,-6.666334684268804e-07,-0.03509676230882062,-0.027414044562399473,-0.004900917735761281
563,0.05283561817546606,2.0089961028965333e-06,0.04884362661149988,-0.007680741038315702,-0.001698791280641764,-0.007670430868949585,-0.00043860325240530074,-1.6117885479616234e-06,-0.03632946720823962,-0.02840773207140894,-0.005043333648985328
564,0.050912527504622086,1.854805234321556e-07,0.04876072442591503,-0.00794358987707588,-0.0016121742959013684,-0.008057855111545546,-0.0004621623957064003,-7.4949912232114e-07,-0.03756696402609294,-0.029451962611346395,-0.005185065689452627
565,0.04888508797067406,2.916047412177979e-08,0.048673071385391516,-0.008196209592451436,-0.001470108090347996,-0.00845946007764695,-0.0004572266770992428,-5.168728876014939e-07,-0.038913975565379,-0.0304580217793783,-0.0053202462920054205
566,0.04677376229340995,4.152364607229924e-09,0.04857996267462407,-0.008456787690693445,-0.001313250757612923,-0.008838858629191666,-0.0004571147437673062,-1.0626539506120025e-06,-0.034763691809011406,-0.03147370391225137,-0.005396540482987003
567,0.055782097694767246,3.194515489979971e-12,0.048482354649285436,-0.008780501426133132,-0.00012446389677197455,-0.009294080662079185,-0.00047857160097919405,-5.136824256624095e-06,-0.032893532583069755,-0.03235048257449767,-0.00541577134729031
568,0.0643338227566083,1.0788319710099168e-14,0.04838012494050212,-0.008987461786481018,-0.0005325512467225533,-0.009779982740221385,-0.00039648087113164365,-4.488276317715645e-05,-0.03105866919653294,-0.033129363507265704,-0.005332671509060071
569,0.07059789947415349,4.514273546160921e-17,0.04827189503101386,-0.009183711904124757,-0.0021764355840555223,-0.01030062455003355,-0.0003238635545130819,-5.65234586247243e-05,-0.029880036657530664,-0.03381052251298982,-0.005187175582348985
570,0.07445933943975781,7.777053422096494e-19,0.04815743103979511,-0.00941659243047857,-0.0044356835835139795,-0.010838872528904569,-0.0002281195775140077,-4.8218495066976175e-05,-0.029185088089722186,-0.03441582806149101,-0.004995848203036382
571,0.07676117249990973,1.1496181219924452e-20,0.048036496847629936,-0.009640818850075122,-0.0069831324033713315,-0.011275972629253674,-0.0002126767358276993,-1.4572168765880633e-05,-0.02741176120501744,-0.03513104727681817,-0.004778149187167481
572,0.0799629042267558,1.921775674627056e-24,0.04791075183043804,-0.010040696115282188,-0.009288581669390289,-0.011765608028135411,-0.0002397982170805335,-4.592128334479639e-06,-0.027306240028465684,-0.03578868398031277,-0.004544124657181064
573,0.08195014477410231,1.0991195062180114e-27,0.04778141631754548,-0.010323069951597215,-0.011677041703399772,-0.012299693619878474,-0.0002690092078410089,-9.24022970139049e-06,-0.026824215606782987,-0.036473347492949414,-0.00430606049801856
574,0.08262178905076999,5.780866893584397e-30,0.04764573560374665,-0.010523372295926531,-0.014072234336649678,-0.012839593524088254,-0.0002953172370325774,-1.0016980922955554e-05,-0.02699757028696875,-0.03712305936893695,-0.004073005697844449
575,0.08306810066329694,3.025962698665185e-32,0.04750296127332167,-0.010722506061040991,-0.016297514312227198,-0.013383137852932268,-0.0002821876551024616,-3.917252797691617e-06,-0.027350217294088736,-0.037731389601618814,-0.003853254230273357
576,0.08341940557625324,1.435058337520054e-34,0.047352859356900805,-0.010921421303562362,-0.018335050544673735,-0.013929986563926126,-0.0002907220914494246,-2.4899893560359487e-06,-0.02785457037730495,-0.038303131617925035,-0.0036544248594585823
577,0.08373456969553622,6.140688720368163e-37,0.04719519600532992,-0.011121457803037157,-0.02017751420570316,-0.014483434919653738,-0.00026084616547450423,-3.679215978991124e-06,-0.028482699899655142,-0.03884210354765476,-0.0034831472087684377
578,0.08403195924184759,2.0915950857455397e-39,0.04702973801610921,-0.01132353994567951,-0.02182961682907883,-0.015041407292249976,-0.0002588166971690953,-8.023459372452635e-07,-0.0292188610404085,-0.0393514614986841,-0.003345113539711537
579,0.08429997831693475,6.123880214714997e-42,0.04685625340746072,-0.011528447645896854,-0.023303219148460574,-0.015438695549172038,-0.00026699277805164456,-1.5665458477087668e-06,-0.02827590647046731,-0.040031229814772536,-0.003246473154393611
580,0.08658581191398979,1.078971117951023e-47,0.046677066958032885,-0.01192483265676994,-0.02414443630893784,-0.01598567267693515,-0.00028129990096203983,-1.0174188673772733e-06,-0.029138352670074447,-0.040601990604281116,-0.003189238271333709
581,0.08671928426923078,1.3327129832496107e-50,0.046492139268970195,-0.012118270647902451,-0.025353717406633565,-0.01652419060804549,-0.0003353343636263162,-9.672640771896113e-06,-0.02986462479436542,-0.04123245120059733,-0.003178206381378503
582,0.08708319749979931,2.994787274044935e-54,0.04629875681053736,-0.012279360405485358,-0.026541262087733938,-0.01707542909109498,-0.0002617670688778162,-1.691676880000159e-05,-0.03065070308946314,-0.04183046107272504,-0.003216122435500385
583,0.08725670653837563,3.335271048597349e-58,0.04609670049502506,-0.012433594925095695,-0.02766375902438441,-0.01765473802689936,-0.00027707163826562464,-2.686189645828563e-06,-0.0315689954531107,-0.04240166656333048,-0.003304885468295892
584,0.0865237275991488,4.999590615982606e-61,0.04588575530603056,-0.01264706414840753,-0.02852959447443364,-0.018244785028778392,-0.0002924409636761993,-3.853052021440817e-06,-0.03251930762634735,-0.042950523578450125,-0.003446073876438759
585,0.08541227687727528,1.1642496782272058e-63,0.045665709963267014,-0.012874519130650084,-0.029283470584384238,-0.018841619049495065,-0.000310691975755617,-3.860118340526242e-06,-0.033523568633127,-0.043488133211766554,-0.0036395433343748285
586,0.08401243996902848,2.444330262485783e-66,0.045436358833470435,-0.013105156721452658,-0.029972528370156366,-0.01944552268365706,-0.00033194429124705493,-2.0071563540113857e-06,-0.03456250267076488,-0.04401226406748501,-0.0038870707320487717
587,0.08230166509960708,4.755246295219039e-69,0.04519750191081348,-0.013339159020416342,-0.030608682785515463,-0.020056980535435157,-0.000351705210050568,-1.1922389830942848e-06,-0.035631701798786504,-0.04452396155717898,-0.0041895696089760395
588,0.08026619398687879,8.685485867292072e-72,0.044948945719119726,-0.013576754679570797,-0.031201404239660807,-0.02067643656259878,-0.0003692824684549123,-7.941436592773243e-07,-0.036726256117784156,-0.04502420839094069,-0.0045477027144789125
589,0.07790178030398828,1.4949227346668528e-74,0.044690504058407576,-0.013818226700610385,-0.03175804605984656,-0.02130426783833493,-0.0003851921355817467,-5.435988441604422e-07,-0.03784128345251083,-0.04551392035440796,-0.00496191597982094
590,0.07521363167609901,2.42359384997078e-77,0.04442199876819938,-0.014063902273803242,-0.032284226991796415,-0.021940778591339378,-0.00039993514656089246,-3.8091712895038654e-07,-0.038972107765940955,-0.04599394960563353,-0.0054324627869120345
591,0.07221621219810807,3.6849661235038404e-80,0.04414326050537168,-0.014314147514198234,-0.03278427228304709,-0.022585177927982106,-0.00040737524977885187,-1.915165512400563e-06,-0.040119763786585216,-0.04646516759726275,-0.00595938761110633
592,0.06892744406689101,5.528484766247699e-83,0.04385412954201211,-0.014569391185408407,-0.03326115065469855,-0.023236286986970237,-0.00042091283830814064,-3.8457246773759834e-06,-0.04128289630391812,-0.04692840197330895,-0.006542548567208206
593,0.06537937177310446,8.089990523046482e-86,0.04355445655522007,-0.01482991910067093,-0.03371850530444586,-0.02389511974995346,-0.00044220880954526365,-1.20167942441185e-06,-0.04245484055078572,-0.04738432195359049,-0.007181685315714115
594,0.061611416125772506,1.0767067998291882e-88,0.04324410343449433,-0.015096353644047728,-0.0341566598136098,-0.0245656018678087,-0.00045269992551766336,-3.0717435492988443e-06,-0.04362329330702108,-0.04783346183564913,-0.00787645649930673
595,0.05767111692773002,1.1611910801103162e-91,0.04292294410224313,-0.015369443983740953,-0.034576474958704626,-0.025249065165237457,-0.00045472290366888046,-3.094125759162125e-06,-0.04478598038698219,-0.048276268809093206,-0.00862643315208118
596,0.053608770730895705,9.66654179841659e-95,0.04259086535181666,-0.015649648718364773,-0.034980501986189086,-0.025942864058751337,-0.000460176874184981,-4.943660769640701e-07,-0.04594981721758176,-0.048713179870636135,-0.009431000847883092
597,0.04946607782809534,6.434531820930355e-98,0.04224776766950798,-0.015937769941509018,-0.03536577909838957,-0.02664757383467179,-0.0004630856274161488,-6.138524213383789e-07,-0.04711370479514359,-0.04914461525281126,-0.010289331806798451
598,0.04529284484321186,3.243762553845373e-101,0.041893566034394314,-0.016234597114877874,-0.035729759082130795,-0.027363901939579313,-0.00046275468776002526,-7.408903570649272e-07,-0.048276237735330255,-0.049570939088757315,-0.01120042639493242
599,0.04113901618912494,1.164548550090097e-104,0.041528190744987446,-0.016540941386765796,-0.0360692721283943,-0.028092668813177502,-0.00045890724868513644,-8.800156479082943e-07,-0.049435714845521,-0.04999244861715688,-0.012163109060586244
600,0.03705343090316162,2.78241362363566e-108,0.04115158822736369,-0.01685761451350692,-0.03638106386814544,-0.027531926321511815,-0.00045177992433309555,-1.057328859133122e-06,-0.05059015522531177,-0.05040936799676851,-0.013176031626304891
601,0.033814770989230185,5.535647404058543e-113,0.04076372183134647,-0.017127447096192766,-0.03673944080110031,-0.025030765117113014,-0.0004966623964719474,-2.3878345018601976e-05,-0.04817811469306486,-0.051204457041755115,-0.014158614672544593
602,0.024558392269806342,3.1620898428915158e-109,0.04038027763910577,-0.017554794064325606,-0.034497326914281444,-0.02458128928685362,-0.0008368926937691867,-9.409299673279747e-05,-0.047619654550835236,-0.05208770723712469,-0.015042286145494086
603,0.01449312313887104,2.004620972673426e-99,0.03999543115270262,-0.018098531301349346,-0.031240396896712076,-0.02507280496359779,-0.0011357426410540938,-4.713205998996273e-05,-0.046664207684128683,-0.053262346989407974,-0.015869059662363728
604,0.007557120830482354,4.911632758672198e-87,0.0395999339050076,-0.018657360248550334,-0.027708239859710194,-0.025622151348951246,-0.0010198967065662146,-0.00010648549505276605,-0.04592140827676467,-0.0544509867946748,-0.01662481719510775
605,0.003834530153285952,1.5712890375216436e-76,0.039193793420198686,-0.019110872546302563,-0.025097613735784494,-0.026214698427665706,-0.0007992677274160087,-4.8219582822639495e-05,-0.04552759006761087,-0.05570537548714608,-0.0173271714318908
606,0.0019224960322662963,1.5634895079686484e-67,0.03877703318062246,-0.019479642788497543,-0.023133243218184735,-0.02684129078295517,-0.0006438324926421046,-5.952906212769449e-05,-0.045366947836664416,-0.05701314622235128,-0.01798563442303373
607,0.0009625339726931375,9.459590026556914e-60,0.038349695063209316,-0.01977844836483369,-0.021625588885730525,-0.02651097156134323,-0.0006171276327222586,-8.3767699834425e-06,-0.05223443655889687,-0.058329405066861933,-0.018541978655938512
608,0.00030724859447545653,1.0192713338300039e-41,0.03791581218888384,-0.019345547118868617,-0.021000814226299586,-0.02677354799338562,-0.0006245548720471561,-0.00012867909390479326,-0.06161771576435359,-0.05967369283804126,-0.019100211416119926
609,0.00011941843626208249,1.3836574715720878e-32,0.03747722617198503,-0.01914475538051952,-0.020729573796184616,-0.027351905057817146,-0.00031874989508651197,-7.772942626615986e-05,-0.05330555281323218,-0.061008088754916305,-0.01956494494029195
610,5.8701418961815774e-05,3.212718148256874e-29,0.03703066180449775,-0.019145304343715946,-0.020170910997266384,-0.02782225761728184,-0.00011601801816141233,-0.00010865148215088993,-0.05296394289584686,-0.06235250855467017,-0.020036586724693307
611,2.6206962458635907e-05,1.4808781958019537e-24,0.03657406583521721,-0.019004369923054466,-0.019915792998719817,-0.028034820910182407,-0.0001024708035402,-7.308593467314495e-06,-0.0607216365624072,-0.06369532800778833,-0.02047034895588257
612,8.555164128706176e-06,1.7989006847739757e-16,0.03611186322068732,-0.01854139916907317,-0.0206146164979902,-0.02853811938730691,-0.00010610400204313919,-4.400687885208754e-06,-0.059705261234918296,-0.06504860203020305,-0.02087628116991413
613,3.9585697282013516e-06,7.093923447594545e-14,0.035642727663728634,-0.018363580059185636,-0.020419189955906678,-0.02907399417282693,-9.332561603514478e-05,-1.2780466022377368e-05,-0.06008895107558311,-0.06640250343724978,-0.021282185287456866
614,1.9261528961847393e-06,3.771891856307867e-12,0.03516407571289814,-0.018201707189089613,-0.02008291478997193,-0.02811966589304817,-9.025278995977715e-05,-2.8589142857526895e-06,-0.059815707936013186,-0.06773340604508728,-0.021701180372194897
615,1.0928476939494848e-06,3.992821273697762e-13,0.03467608261636665,-0.017770255985301336,-0.022177623301331377,-0.0250434639310589,-9.423349547432736e-05,-2.413695483483025e-06,-0.057567035350652655,-0.06911380102132854,-0.022256664565992346
616,7.174164849217061e-07,1.545537232594493e-18,0.03419989325135968,-0.01684238738645639,-0.028813556928231045,-0.025538182717596704,-0.00010963941895170137,-3.506349230519845e-06,-0.05070436215409451,-0.07047212534846495,-0.022815056849095607
617,3.2318306197102777e-07,1.0378417936044799e-16,0.0337211849589373,-0.016509978673473973,-0.028530825317811717,-0.026061078848713327,-0.00017017654317896813,-4.458625699044205e-05,-0.05056942614687293,-0.07180933597703291,-0.023425850020011896
618,1.441270351832653e-07,3.927602864676301e-15,0.03323397094131475,-0.01616660220302873,-0.02822866374332622,-0.02618015416154674,-0.0001900488423416391,-8.665610039315652e-06,-0.04993950248897662,-0.07322425434616935,-0.024057350544279734
619,4.35555991969639e-08,4.940565879362805e-13,0.03274355353777474,-0.015582935645313968,-0.028502727307039063,-0.026382234865063154,-0.0002077663375530392,-4.523257302935235e-06,-0.04970558891142257,-0.07468526417395442,-0.02471017229557582
620,1.2846149535433199e-08,3.4584540463686983e-11,0.03225872812702913,-0.014991077475955945,-0.02875107494728321,-0.02667956677929625,-0.000150789855979383,-9.56642998062307e-06,-0.049655749821860266,-0.07629156922508312,-0.025379160640949628
621,4.010395113069034e-09,1.067210755811188e-09,0.03177718120739614,-0.014437278179400274,-0.02883538907290307,-0.027088948417006237,-0.00010701748396968469,-1.361108024866553e-05,-0.04974440311606219,-0.07796349207207301,-0.026068938453540965
622,1.374540886088913e-09,1.0000412889370967e-08,0.03129698230259201,-0.01394268225603091,-0.02901032781781759,-0.027888203201656997,-0.00011323167564114556,-5.821674676553812e-06,-0.04872790427993223,-0.07976870996631676,-0.026793225372666093
623,6.003579697945466e-10,6.059767794911408e-09,0.030816737125854695,-0.013590346734493509,-0.030205013748167028,-0.028703980099485604,-0.00014794144954066724,-7.74580712459283e-06,-0.04798727730727664,-0.081732641823095,-0.027560129671866114
624,2.6737230546891955e-10,3.3243204136093694e-09,0.030335279627287368,-0.013236160632349354,-0.031244805689257117,-0.029529939325487833,-0.00018871929205488414,-6.842903076176299e-06,-0.04731064022992659,-0.08383867205427278,-0.028371091186092462
625,1.2036167696519843e-10,1.6249116772523e-09,0.02985165365100541,-0.012877632439877785,-0.03215295215650875,-0.030359573312731022,-0.00021004703012295067,-9.861549870038289e-07,-0.046681731558397124,-0.08607441367540075,-0.029227189925759733
626,5.438826237214223e-11,7.087022895559735e-10,0.02936516347437451,-0.012512963038569205,-0.032954635056690045,-0.03119017850734701,-0.00022030917170923203,-3.399726153929805e-07,-0.046086937909591986,-0.08843034916080239,-0.03012912440857428
627,2.453120718403298e-11,2.7556614493133936e-10,0.028875326031495653,-0.012141115804841358,-0.03367044027063299,-0.03202048157436416,-0.00022278107644524425,-2.2259796139678656e-07,-0.04551617928948506,-0.09089920081704256,-0.031077243611340136
628,1.0994299165055646e-11,9.571891897061261e-11,0.028381831965049172,-0.011761533623494724,-0.0343186228095338,-0.02925578729787795,-0.00022007474035490304,-3.0207749546207197e-07,-0.04495545254491326,-0.09347538909423059,-0.03207165294503669
