frame,reward_tracking_lin_vel,reward_tracking_ang_vel,reward_tracking_height,cost_lin_vel_z,cost_ang_vel_xy,cost_joint_velocity,cost_action_nn,cost_action_rate,cost_feet_slip,cost_leg_base_angle,cost_orientation
0,1.1253517471925913e-08,0.05,0.04998478235575755,-0.0,-0.0,-6.333724914734131e-07,-0.0025195262860506773,-0.0,-2.071600223820742e-10,-6.535578039036305e-09,-2.148267871272567e-09
1,1.3208274977282503e-08,0.04997369504970773,0.04998490247905687,-1.2545986234613314e-06,-1.073601007209644e-05,-2.0250783516794244e-06,-0.0017345588421449065,-0.00012920281733386219,-4.038555805991458e-10,-7.201797060647074e-10,-2.972990488359614e-08
2,1.4972094600880468e-08,0.049900086118043974,0.0499852298080399,-4.237592569993653e-06,-3.1861012261300304e-05,-3.661789339367824e-06,-0.0009026848711073399,-0.00020968334865756333,-4.6464300761276485e-10,-2.1048710949922233e-09,-1.2383621972269979e-07
3,1.6439500426072134e-08,0.049886626850410114,0.049985711575911654,-7.980177392149343e-06,-4.9744534620816804e-05,-5.337583835218589e-06,-0.00046125962398946285,-0.00023189664352685213,-5.588977662305488e-10,-1.4982383432863626e-08,-3.0842313286844735e-07
4,1.7477194983895856e-08,0.04994541798258328,0.04998630551476419,-1.2466220935947135e-05,-5.3979820647877974e-05,-7.236768072209874e-06,-0.00036718876799568534,-3.069285594392568e-05,-6.613126627965027e-10,-3.931373224441415e-08,-5.791904709089854e-07
5,1.8336093700275188e-08,0.049977897088722224,0.04998697850514553,-1.6975731203212724e-05,-5.2336993471299796e-05,-9.431508385885523e-06,-0.0003542867489159107,-1.0341540473746136e-05,-7.562332474084637e-10,-7.418019363477976e-08,-9.210683685272355e-07
6,1.908475805739665e-08,0.04999550097490643,0.04998770163598315,-2.1181924205777636e-05,-4.761318395036547e-05,-1.1942594060609036e-05,-0.00035911035956814885,-5.859567863808479e-06,-8.175653208011235e-10,-1.1768600830987204e-07,-1.3128451660861639e-06
7,1.9743822541226823e-08,0.04999983219191567,0.049988451635462006,-2.489578931889552e-05,-4.134946419464659e-05,-1.4752346491184156e-05,-0.0003632337611634284,-3.800834747380577e-06,-8.752599675632724e-10,-1.6735454006878705e-07,-1.730725923117446e-06
8,2.0325753542083994e-08,0.0499914228613265,0.04998920996090418,-2.7995811204283006e-05,-3.476954451699567e-05,-1.7819177510126268e-05,-0.00036210354301147163,-2.8901004043291323e-06,-9.003472246596485e-10,-2.2075876137662034e-07,-2.1516845178934674e-06
9,2.0841797896280935e-08,0.04997055741320045,0.0499899620395598,-3.0427397997694953e-05,-2.8822531436628214e-05,-2.1102022439381986e-05,-0.00035852528526447713,-2.017641918428126e-06,-8.886816852380821e-10,-2.7567041575248713e-07,-2.556142638594833e-06
10,2.1308095835199747e-08,0.049937235501053695,0.04999069671258022,-3.21849616149797e-05,-2.4177310625556966e-05,-2.455294415040301e-05,-0.0003501804021652788,-1.4826683809587848e-06,-8.373655545037633e-10,-3.3002645422281673e-07,-2.929754340221038e-06
11,2.1739849536736128e-08,0.049891769219388704,0.04999140569239997,-3.329152401511286e-05,-2.119651048273639e-05,-2.8122203388233243e-05,-0.00033776284544728696,-1.1867176681334968e-06,-7.492733617631783e-10,-3.820564209455435e-07,-3.264110023778839e-06
12,2.215016337138512e-08,0.049835002780996875,0.04999208305148861,-3.3795022975304524e-05,-1.999259171663345e-05,-3.17621774014966e-05,-0.00032245120382867754,-1.0119883881998248e-06,-6.310780901654626e-10,-4.3038526680791047e-07,-3.556592803848319e-06
13,2.254959060760415e-08,0.049768655446242704,0.04999272479719667,-3.37606299503498e-05,-2.0495838346369992e-05,-3.542991619201273e-05,-0.00030566961504518986,-8.933710091696412e-07,-4.929861981851255e-10,-4.7404492060739857e-07,-3.8097226403042844e-06
14,2.294655039795987e-08,0.04969518563618222,0.04999332850337582,-3.326324891966234e-05,-2.253521337209146e-05,-3.908780236559149e-05,-0.00028845679480582476,-8.02831721102848e-07,-3.4747664118052937e-10,-5.124367482407053e-07,-4.03032393999867e-06
15,2.3347788110081722e-08,0.04961756385557467,0.0499938929917461,-3.2380721387003516e-05,-2.5892337521753224e-05,-4.270421593561048e-05,-0.0002715937152970582,-7.242363722070877e-07,-2.101183663462789e-10,-5.452678581551128e-07,-4.228668055571165e-06
16,2.3758837900506196e-08,0.049538956388933464,0.04999441805828553,-3.118881586699329e-05,-3.0336250386431948e-05,-4.625374407208029e-05,-0.00025557714980095625,-6.471559572673868e-07,-9.649085429941991e-11,-5.724794444038396e-07,-4.417671303480736e-06
17,2.4184519136748705e-08,0.04946238448632878,0.04999490424415931,-2.9758611190061668e-05,-3.5641643968878154e-05,-4.971759484091362e-05,-0.0002406752173556015,-5.729290251110797e-07,-2.240639106035528e-11,-5.941855515928316e-07,-4.6121751192795096e-06
18,2.4628948597416492e-08,0.049390406611527035,0.0499953526436312,-2.8154166954957185e-05,-4.1599636564815934e-05,-5.3088740965427914e-05,-0.00022699513647239655,-5.03187948197592e-07,-3.135170075269612e-12,-6.106249132213881e-07,-4.828317629724235e-06
19,2.5095257903581337e-08,0.04932427810726293,0.04999576470775913,-2.643106535575884e-05,-4.8021792698915616e-05,-5.636224066738727e-05,-0.00021459045819938183,-4.3799022364510165e-07,-5.231571760187344e-11,-6.221121841521709e-07,-5.082990319904855e-06
20,2.5586345624063034e-08,0.0492645947791484,0.04999614210950205,-2.46391207304698e-05,-5.474463256061266e-05,-5.953168017255259e-05,-0.000203409930691123,-3.7906164607193205e-07,-1.8236535293550073e-10,-6.289979753215798e-07,-5.393387508800332e-06
21,2.6105212635939382e-08,0.04921180853709601,0.0499964867023226,-2.2821753231519556e-05,-6.162943359400064e-05,-6.258959355722521e-05,-0.00019332724332343787,-3.277704649917723e-07,-4.0486630728425833e-10,-6.316473238965497e-07,-5.776639763623565e-06
22,2.6655000004801866e-08,0.049166301497699946,0.04999680047338098,-2.1014990105701073e-05,-6.855893592694853e-05,-6.552823892132424e-05,-0.00018421257846057415,-2.8382490313560993e-07,-7.305438016474293e-10,-6.304305818624439e-07,-6.249531958800582e-06
23,2.7238954252491868e-08,0.049128370468602356,0.0499970854894255,-1.9247538077320073e-05,-7.54352205732152e-05,-6.834042204430071e-05,-0.0001759803417371586,-2.4553827415729756e-07,-1.1690081632824817e-09,-6.257190463879446e-07,-6.828279435082687e-06
24,2.7860391826451597e-08,0.049098174421928285,0.049997343844885585,-1.7541420904913347e-05,-8.21791630213476e-05,-7.101949137874144e-05,-0.00016856192087288946,-2.1225859825335647e-07,-1.7284307862287713e-09,-6.17881473016234e-07,-7.52835722197675e-06
25,2.852260131744823e-08,0.049075712591511556,0.04999757761744122,-1.591306952449872e-05,-8.872963479201562e-05,-7.3558093469782e-05,-0.00016190370661206543,-1.8303667559393944e-07,-2.41396454960381e-09,-6.072755170864687e-07,-8.364381342140348e-06
26,2.9229037983246094e-08,0.04906091021951317,0.049997788836749046,-1.4373912609427228e-05,-9.5041985306052e-05,-7.594952299207044e-05,-0.00015593506395816803,-1.5762520888529252e-07,-3.2316803191704937e-09,-5.942504283883106e-07,-9.350036460475056e-06
27,2.998335009952075e-08,0.04905357652592957,0.04999797946551696,-1.2931539740369019e-05,-0.00010108559257316077,-7.818986796607341e-05,-0.0001506352418800816,-1.3593420078450436e-07,-4.182994638745671e-09,-5.79145793246806e-07,-1.0498049847999379e-05
28,3.07888511086485e-08,0.04905333689764531,0.04999815136905547,-1.1589416992874523e-05,-0.00010684456064851491,-8.02781239059927e-05,-0.0001459780178265646,-1.1700979030138114e-07,-5.266963380721242e-09,-5.622908767364977e-07,-1.1820211090269767e-05
29,3.164880685976626e-08,0.049059601055476215,0.04999830629078454,-1.0348250527554316e-05,-0.00011231368092665464,-8.221527963296788e-05,-0.0001419293403159827,-9.995744676416507e-08,-6.481142161549073e-09,-5.439982913642667e-07,-1.3327414192958903e-05
30,3.256658814989658e-08,0.04907160808456817,0.04999844584285513,-9.207083279770004e-06,-0.00011749584649267305,-8.40034038193662e-05,-0.00013845303328707814,-8.603546319818633e-08,-7.821022171538247e-09,-5.24560541353911e-07,-1.5029723720675297e-05
31,3.3545566171593425e-08,0.049088596677750736,0.049998571505278484,-8.16352847402503e-06,-0.0001224027806408541,-8.564535826653647e-05,-0.00013550135190598667,-7.445014915674619e-08,-9.280388121260839e-09,-5.042473141856403e-07,-1.6936454346976395e-05
32,3.458926303681407e-08,0.04910977609878109,0.049998684629431696,-7.21397852760278e-06,-0.00012704973847658678,-8.714453390454543e-05,-0.0001329995138803497,-6.441070610208044e-08,-1.0853039144592366e-08,-4.833041098625111e-07,-1.9056243136783386e-05
33,3.5701733753857624e-08,0.04913432101489749,0.049998786445322435,-6.354575400510486e-06,-0.00013145278959502733,-8.850387357172822e-05,-0.00013094110181555152,-5.67643212434632e-08,-1.253033327969365e-08,-4.619523948474155e-07,-2.1397145371630334e-05
34,3.688698324377315e-08,0.049161562693619376,0.04999887806923445,-5.580397769170249e-06,-0.00013563425315938629,-8.972640078284668e-05,-0.0001292787928832695,-5.04861255024025e-08,-1.4305082060727547e-08,-4.403898245684428e-07,-2.396672795384961e-05
35,3.8149415756409034e-08,0.04919078974505357,0.049998960511404573,-4.886080069421936e-06,-0.0001396133964497626,-9.081630614563202e-05,-0.00012793341011274606,-4.413413634551944e-08,-1.6170009806895922e-08,-4.187897953647179e-07,-2.6772111234622743e-05
36,3.949436667572023e-08,0.04922127047648719,0.04999903468574235,-4.266414933314355e-06,-0.00014340428504948255,-9.177700415528552e-05,-0.00012685265392065048,-3.958075112109327e-08,-1.8117083336503376e-08,-3.9730309203275353e-07,-2.982001488193521e-05
37,4.092741404599594e-08,0.049252528543538704,0.04999910141880977,-3.716041537449053e-06,-0.00014702331390271936,-9.261096288242165e-05,-0.00012602703645825386,-3.6338992259743463e-08,-2.0138405998316438e-08,-3.7605926367122175e-07,-3.311682384411826e-05
38,4.245440468664086e-08,0.049284146934695114,0.04999916145715292,-3.2295101784885e-06,-0.00015048767623710823,-9.332120340945517e-05,-0.0001254351227544248,-3.3080109318461837e-08,-2.2226250415278205e-08,-3.5516827596522434e-07,-3.666864257686854e-05
39,4.408197334533147e-08,0.04931569243107704,0.049999215474041736,-2.8013058920190756e-06,-0.00015381096002065845,-9.391017934129344e-05,-0.0001250481145689264,-3.0197035982837406e-08,-2.43731029637984e-08,-3.3472255858608596e-07,-4.048132984862526e-05
40,4.581729251061135e-08,0.04934679771884268,0.049999264076426964,-2.4261988098405785e-06,-0.00015700498416882896,-9.438042579396844e-05,-0.0001248337357537821,-2.7891335463436917e-08,-2.6571813939648623e-08,-3.147986744258075e-07,-4.456052246825652e-05
41,4.7668225225608856e-08,0.049377177911831036,0.04999930781146106,-2.0990949472988675e-06,-0.00016007983889982654,-9.47343904398218e-05,-0.0001247717736987397,-2.5889974608617194e-08,-2.881572518266005e-08,-2.954586491949481e-07,-4.891165318810743e-05
42,4.964335492900484e-08,0.04940659984327503,0.04999934717215153,-1.8151722012932596e-06,-0.00016304402731235438,-9.497418305409787e-05,-0.00012484185572247952,-2.4218730132474775e-08,-3.109823702234137e-08,-2.7675168614364516e-07,-5.3539962825069e-05
43,5.175199985147265e-08,0.04943487326655879,0.049999382602763445,-1.5698881688683132e-06,-0.00016590417439504002,-9.51023994033985e-05,-0.0001250314962817356,-2.274943611269009e-08,-3.341352806711111e-08,-2.587155517967957e-07,-5.845050980584001e-05
44,5.4004401788137195e-08,0.04946185904781128,0.04999941450321659,-1.3589038289901613e-06,-0.00016866608766954837,-9.51210108437013e-05,-0.0001253211812581867,-2.1577497122393652e-08,-3.57560148973861e-08,-2.413775097917142e-07,-6.364817276598339e-05
45,5.6411615690131365e-08,0.049487446489892645,0.04999944323346019,-1.1782950244617905e-06,-0.00017133362554885877,-9.503226964821845e-05,-0.00012570434773806483,-2.054186687416859e-08,-3.81201393427122e-08,-2.2475598682572055e-07,-6.913765043119816e-05
46,5.898570780446358e-08,0.04951156151296365,0.04999946911765496,-1.0244204561590613e-06,-0.0001739102750900523,-9.483838027913026e-05,-0.0001261648430954665,-1.9764852865478133e-08,-4.050093884273579e-08,-2.0886188490618034e-07,-7.492345920564461e-05
47,6.173982923580216e-08,0.049534154808301714,0.04999949244772284,-8.939922752758209e-07,-0.00017639793568003498,-9.454137271697258e-05,-0.00012669646821450442,-1.916591862993755e-08,-4.289382806961605e-08,-1.9369948227499795e-07,-8.100992367769224e-05
48,6.468822626300065e-08,0.049555194842485197,0.04999951348674866,-7.840466680028874e-07,-0.00017879789009673397,-9.414384201673754e-05,-0.00012728761066682637,-1.866753329693438e-08,-4.5294937072314187e-08,-1.7926734651249374e-07,-8.740116510038829e-05
49,6.78465718778982e-08,0.049574666684513505,0.049999532471574216,-6.918678242919913e-07,-0.00018111001013023544,-9.364791780901074e-05,-0.00012792980123776942,-1.8355491349097974e-08,-4.7700547460633414e-08,-1.6555925051470948e-07,-9.410108715560093e-05
50,7.12317598546463e-08,0.049592576839054506,0.04999954961550373,-6.151234047322418e-07,-0.00018333404040313998,-9.305591072438703e-05,-0.00012861377035733312,-1.8088829989437727e-08,-5.010300457268677e-08,-1.5256507596318406e-07,-0.00010111336754721477
51,7.486235138840259e-08,0.04960893714925147,0.04999956511102289,-5.517887740501232e-07,-0.00018546955143984768,-9.236973158581697e-05,-0.00012937023711856455,-1.867753951501072e-08,-5.250079561059894e-08,-1.402716727811919e-07,-0.00010844147545096725
52,7.875803629568408e-08,0.04962378967140246,0.04999957913168824,-5.000409048790024e-07,-0.0001875178313804031,-9.159174826228342e-05,-0.00013016867160331458,-1.8873903329108543e-08,-5.4891310665250026e-08,-1.2866324914384377e-07,-0.000116088649162159
53,8.294069538567348e-08,0.04963712416757387,0.049999591834137484,-4.583661856145676e-07,-0.00018947628700251136,-9.072496519787698e-05,-0.00013099699572194368,-1.8977154070398683e-08,-5.727162864662427e-08,-1.1772179115891598e-07,-0.0001240578462983926
54,8.743438520859181e-08,0.049648955729064664,0.04999960335977328,-4.2543860103663707e-07,-0.00019134179868976454,-8.977166469837751e-05,-0.0001318578579230234,-1.942733440785105e-08,-5.963881850240535e-08,-1.0742771720287727e-07,-0.00013235174415094215
55,9.226485687625196e-08,0.049659335701909356,0.049999613836293304,-4.00202756657698e-07,-0.00019311361280836882,-8.873463228543657e-05,-0.00013275085075292736,-2.003134191852496e-08,-6.199404254409463e-08,-9.776014242789014e-08,-0.00014097273193414446
56,9.746029219715515e-08,0.04966829593407849,0.04999962337917879,-3.8174803394229e-07,-0.00019478922540080288,-8.761674142239884e-05,-0.00013364349433686584,-2.0242257647851147e-08,-6.432830743536414e-08,-8.869727129992499e-08,-0.00014992286879291885
57,1.0305195968245717e-07,0.049675850441231205,0.04999963209300609,-3.694295212764644e-07,-0.00019636540854329421,-8.642001464262934e-05,-0.0001346024073427543,-2.161458922955717e-08,-6.66398275538711e-08,-8.021703645745662e-08,-0.00015920393293896367
58,1.0907269771941228e-07,0.049682075403761045,0.04999964007256211,-3.626918567969895e-07,-0.0001978445535801565,-8.514722865682679e-05,-0.00013561293599195778,-2.3140447780178874e-08,-6.892824950797608e-08,-7.229723622411204e-08,-0.00016881743967602118
59,1.1555886101806112e-07,0.04968697754994565,0.049999647403283026,-3.6106830238052285e-07,-0.000199225379990937,-8.380149364786745e-05,-0.000136645496240817,-2.4007869470210608e-08,-7.11943555493991e-08,-6.49156168357552e-08,-0.0001787645504561442
60,1.2255054611240288e-07,0.049690536420651216,0.04999965416222673,-3.6425496958507543e-07,-0.0002005030005238492,-8.238595497609487e-05,-0.0001376753207296133,-2.4615429694563318e-08,-7.343164233354394e-08,-5.805002350433795e-08,-0.00018904603887304221
61,1.3009166481448406e-07,0.04969278061054158,0.0499996604193309,-3.7210494408309027e-07,-0.0002016754853527359,-8.090314531100976e-05,-0.0001387602969771251,-2.640416596477735e-08,-7.563971204132189e-08,-5.1678608245573e-08,-0.0001996623506999527
62,1.3822894235846407e-07,0.04969376541333098,0.04999966623780743,-3.8447599350182523e-07,-0.00020274428337074693,-7.935586982220556e-05,-0.0001398798922309652,-2.8069960578136488e-08,-7.78167571383822e-08,-4.57801093930149e-08,-0.00021061360235522382
63,1.4701393663630002e-07,0.04969348929747771,0.049999671674617656,-4.013334295109789e-07,-0.00020370777646566403,-7.774771922146151e-05,-0.00014102576824370772,-2.9420471392427316e-08,-7.996137190321567e-08,-4.0333821915715416e-08,-0.00022189952283784486
64,1.565035143262899e-07,0.04969193658216268,0.04999967678106011,-4.2267287884663015e-07,-0.00020456340696389506,-7.608159110560178e-05,-0.0001421938359271735,-3.101352064049934e-08,-8.207114366116238e-08,-3.531967901718638e-08,-0.00023351945103550475
65,1.6675904641572e-07,0.049689135327172604,0.04999968160325295,-4.48566198125151e-07,-0.0002053107069505028,-7.436066365863427e-05,-0.00014338867913465947,-3.282217519995356e-08,-8.414371237634802e-08,-3.071831211938989e-08,-0.00024547233507367096
66,1.7784776728633162e-07,0.049685092664381196,0.04999968618256524,-4.790960376424102e-07,-0.00020594850065382624,-7.258821375858239e-05,-0.00014460909005720168,-3.4675093019131964e-08,-8.617660190611543e-08,-2.6511093160067004e-08,-0.0002577567176682781
67,1.898431377616941e-07,0.04967981511950226,0.049999690555938364,-5.143821384708114e-07,-0.00020647581238826085,-7.076739991249755e-05,-0.00014585531607735902,-3.669696724273308e-08,-8.816691206696892e-08,-2.268014064643237e-08,-0.0002703707270485664
68,2.028252846425159e-07,0.04967330864794401,0.049999694756379366,-5.545776700732571e-07,-0.0002068916670329932,-6.890181040107414e-05,-0.0001471229043090716,-3.878431442672081e-08,-9.011148228608568e-08,-1.920833999006671e-08,-0.00028331206128594694
69,2.1688206358045308e-07,0.049665584605662415,0.0499996988131105,-5.997997532419698e-07,-0.00020719486027401862,-6.699478923797261e-05,-0.00014841022493783385,-4.1176548393195844e-08,-9.200961883221342e-08,-1.6079291365203445e-08,-0.000296577955030763
70,2.321090997785348e-07,0.04965665092794707,0.049999702751787764,-6.501787048403323e-07,-0.00020738318738201318,-6.50500331606711e-05,-0.00014967439346946776,-4.284354204742158e-08,-9.385299316878292e-08,-1.3277216432823595e-08,-0.0003101651328669059
71,2.4861244329990554e-07,0.04964650910775006,0.04999970659505036,-7.059340252116136e-07,-0.00020745405937992037,-6.30705637815991e-05,-0.00015099889424163848,-4.626994254408601e-08,-9.563755844666788e-08,-1.0787032528367664e-08,-0.0003240698741857575
72,2.66505165661461e-07,0.04963523258666194,0.04999971036258039,-7.671659167203646e-07,-0.000207409520257323,-6.10598398518005e-05,-0.00015234060992952436,-4.92192349099696e-08,-9.73591594149948e-08,-8.594264564616251e-09,-0.00033828799506021423
73,2.859126953026204e-07,0.049622819809009414,0.049999714071194204,-8.340110598036996e-07,-0.00020724656073592453,-5.90221343842316e-05,-0.00015367782907560468,-5.186208440477458e-08,-9.901586887995593e-08,-6.68487154299921e-09,-0.000352814711514835
74,3.0697324446842835e-07,0.04960927954413647,0.0499997177351333,-9.065294775802927e-07,-0.00020695965954432169,-5.696127940082699e-05,-0.000154955851030536,-5.413388848296563e-08,-1.0059919299587988e-07,-5.045168896559209e-09,-0.0003676445760805669
75,3.2983873859675204e-07,0.04959466232290462,0.049999721366485006,-9.849205741437014e-07,-0.00020654453077818266,-5.488081690962581e-05,-0.00015625277592334896,-5.78997756406352e-08,-1.0210185998038099e-07,-3.661788330626576e-09,-0.0003827715329433702
76,3.546729491954789e-07,0.04957907491731211,0.049999724975333275,-1.0692398985486975e-06,-0.00020600011161630706,-5.2784608602219234e-05,-0.00015753827756270766,-6.17213800069294e-08,-1.0351799430786007e-07,-2.5215611664991443e-09,-0.000398188893543222
77,3.816568080329017e-07,0.04956257836972953,0.04999972856967181,-1.1595354272175148e-06,-0.00020532159778552684,-5.0676853767505465e-05,-0.00015877318219281733,-6.458969181721841e-08,-1.0484000058505587e-07,-1.6113785826324613e-09,-0.0004138891906040002
78,4.1099038169695576e-07,0.04954522651396204,0.049999732155816407,-1.2558907085524392e-06,-0.00020450111057287234,-4.8561758533115786e-05,-0.00015995939611457288,-6.84636844994202e-08,-1.0605975433459058e-07,-9.180917497448934e-10,-0.00042986412982266067
79,4.428921938806466e-07,0.049527153347386575,0.04999973573854596,-1.3583026387657445e-06,-0.00020353307660677593,-4.644342231026814e-05,-0.0001610850013094023,-7.230300269611689e-08,-1.0716823077014207e-07,-4.2839055083829293e-10,-0.00044610454458476694
80,4.776026692976385e-07,0.04950847554439134,0.04999973932118168,-1.4667937697283315e-06,-0.0002024096624821126,-4.432612995691037e-05,-0.0001621350966161117,-7.629116538510061e-08,-1.0815583674161213e-07,-1.2870347977111545e-10,-0.0004626002963488139
81,5.153864949716607e-07,0.04948933436285205,0.049999742905804896,-1.5813227008479615e-06,-0.0002011219149607125,-4.221425982523039e-05,-0.00016309191414620727,-8.017340036303722e-08,-1.0901266073777117e-07,-5.077545980274992e-12,-0.00047934019307959883
82,5.565353691148089e-07,0.04946988812391037,0.049999746493345154,-1.7018416337877424e-06,-0.00019966013125288066,-4.011210006867716e-05,-0.00016394013073295355,-8.437571352715167e-08,-1.0972773268946928e-07,-4.307301079116769e-11,-0.0004963118887627285
83,6.013705081640786e-07,0.049450318430386726,0.04999975008376076,-1.8282645639262407e-06,-0.000198012854350726,-3.8024246460995974e-05,-0.00016466062515974045,-8.856231659137848e-08,-1.1029019788410056e-07,-2.2766990587248105e-10,-0.000513501766473039
84,6.502470488630985e-07,0.04943082193629249,0.04999975367602501,-1.9604144209103352e-06,-0.00019616756672448724,-3.5955089730682707e-05,-0.00016523245722055435,-9.27610486201047e-08,-1.1068869254212626e-07,-5.431893939361736e-10,-0.0005308948277988157
85,7.035566608564502e-07,0.04941160821619228,0.04999975726829058,-2.0981550101540394e-06,-0.0001941108352198458,-3.390908390071928e-05,-0.00016563541430514306,-9.70537499256352e-08,-1.1091128619765559e-07,-9.732373692706446e-10,-0.0005484745758162927
86,7.617325147261068e-07,0.04939291280372018,0.04999976085806113,-2.241262863279377e-06,-0.0001918280961128976,-3.1890626973614236e-05,-0.00016586626588832587,-1.0153711826887957e-07,-1.1094530032975536e-07,-1.5006615918765059e-09,-0.0005662229033684393
87,8.252527224290808e-07,0.04937498242425599,0.04999976444211876,-2.3894342991538897e-06,-0.00018930440578654063,-2.9904024819897514e-05,-0.00016588882135692984,-1.0602402511494802e-07,-1.1077912697780066e-07,-2.1075304666948186e-09,-0.0005841199611992295
88,8.946477563234207e-07,0.04935806536368281,0.049999768016664406,-2.5423913858258004e-06,-0.00018652351689256612,-2.7953617163583078e-05,-0.00016572348249610513,-1.1074382655351656e-07,-1.104001500865786e-07,-2.7751573443528476e-09,-0.0006021440811250674
89,9.705023918943947e-07,0.049342441682969036,0.04999977157730734,-2.6996899857512278e-06,-0.00018347124901693583,-2.604339527053459e-05,-0.0001653369836276397,-1.1557274604001577e-07,-1.0979925622778944e-07,-3.4841693108751257e-09,-0.0006202717009962345
90,1.0534662255613088e-06,0.049328360785833865,0.0499997751191712,-2.8610227612467632e-06,-0.0001801329026690827,-2.4177167745627575e-05,-0.00016481283819302917,-1.2084791478628176e-07,-1.0896161329883683e-07,-4.214571669982906e-09,-0.0006384773687189778
91,1.1442496351279945e-06,0.049316115560906676,0.04999977863691403,-3.025807217923483e-06,-0.0001764983413150139,-2.2358959120544208e-05,-0.00016406526265200227,-1.2585500996920018e-07,-1.0788142009116389e-07,-4.94591261704311e-09,-0.0006567336357182134
92,1.2436477531611054e-06,0.049305892799441864,0.04999978212465072,-3.1934982080865764e-06,-0.0001725537211335672,-2.0592689588459298e-05,-0.00016310570936184376,-1.305245547200684e-07,-1.0655045004604181e-07,-5.657529988411002e-09,-0.0006750109979047231
93,1.3525364444907284e-06,0.04929791435530492,0.04999978557633838,-3.363634719832433e-06,-0.0001682920226117999,-1.8882071760757665e-05,-0.00016195274656638503,-1.3645413332596945e-07,-1.0496483987231626e-07,-6.328823448131013e-09,-0.000693278013596313
94,1.4718836820975421e-06,0.04929240023682187,0.04999978898583573,-3.535637288748897e-06,-0.00016370969558744179,-1.7230404265586345e-05,-0.00016065519594121724,-1.4177757634570298e-07,-1.0312122532180948e-07,-6.93960405876935e-09,-0.0007115014367826216
95,1.602752545769738e-06,0.049289518119285294,0.04999979234697671,-3.7090658889130233e-06,-0.00015880975033821267,-1.5640991148378716e-05,-0.00015925437037367374,-1.4707973150507314e-07,-1.0102027605983782e-07,-7.47047339205766e-09,-0.0007296464451337324
96,1.7463143650542673e-06,0.04928938663093116,0.04999979565375176,-3.883419246805041e-06,-0.00015360091892378542,-1.4116942062732155e-05,-0.00015778712986502796,-1.5180619072907575e-07,-9.866616339972292e-08,-7.903297798160713e-09,-0.0007476768730559185
97,1.90385609611631e-06,0.049292050971957914,0.049999798900331016,-4.058273114758004e-06,-0.00014809807041212848,-1.2661174853249426e-05,-0.00015629529661964625,-1.5620834403762274e-07,-9.606752259019555e-08,-8.221723795390593e-09,-0.0007655555066934457
98,2.0767893254603475e-06,0.04929749580380078,0.04999980208131524,-4.23332555119835e-06,-0.00014232277869776947,-1.1276545415985191e-05,-0.00015482833259738982,-1.604623065531996e-07,-9.323689167403551e-08,-8.411751070350379e-09,-0.0007832444045754891
99,2.2666617092205997e-06,0.049305631916272505,0.04999980519181165,-4.408264242388582e-06,-0.0001363023833264932,-9.965645461429522e-06,-0.00015342624101322144,-1.6451753026558436e-07,-9.019126006576985e-08,-8.46232764749309e-09,-0.0008007052156160408
100,2.47516615166857e-06,0.04931629006270055,0.04999980822757971,-4.5829654634334155e-06,-0.00013006917955648748,-8.7311305743851e-06,-0.00015213388542179018,-1.6907922884001891e-07,-8.694727771051238e-08,-8.365957488450355e-09,-0.0008178994518346626
101,2.704157769462889e-06,0.04932922238161167,0.04999981118512961,-4.75722373294765e-06,-0.00012365824980192945,-7.575564154142149e-06,-0.0001509471476310864,-1.7467650081925967e-07,-8.35305987426796e-08,-8.119332539864949e-09,-0.0008347886403537292
102,2.955676331214735e-06,0.04934408325890822,0.049999814061683696,-4.930935249244384e-06,-0.00011710524794010284,-6.501350872376341e-06,-0.00014990415365900844,-1.816960519818167e-07,-7.997198887784702e-08,-7.723907695569322e-09,-0.0008513344658835251
103,3.2319577456316258e-06,0.049360494336644085,0.04999981685527035,-5.104082274388864e-06,-0.00011044728991581262,-5.5107185343755856e-06,-0.0001490905851824209,-1.903928676938449e-07,-7.629461739403947e-08,-7.186392789864703e-09,-0.0008674989110414657
104,3.535443351258778e-06,0.049378037790717255,0.0499998195645108,-5.276408031148764e-06,-0.00010372089965663962,-4.605877529702565e-06,-0.00014849148283246905,-2.015057845028423e-07,-7.253029297304856e-08,-6.519238179900805e-09,-0.0008832441641762169
105,3.868829520791338e-06,0.049396177388776746,0.049999822188482104,-5.4477214316428775e-06,-9.695766049924315e-05,-3.789095739686045e-06,-0.0001481162616983056,-2.1497542945780879e-07,-6.870812809576792e-08,-5.741055263957545e-09,-0.000898532408166266
106,4.235093312971384e-06,0.049414368634965775,0.04999982472673395,-5.61769492991214e-06,-9.018599570630504e-05,-3.062466441221993e-06,-0.00014798440679442137,-2.3165948448422569e-07,-6.486390858892053e-08,-4.876949462136348e-09,-0.0009133255775984379
107,4.637526400921954e-06,0.049432059030449615,0.049999827179091794,-5.785884404025584e-06,-8.343022586970142e-05,-2.4280240823583362e-06,-0.00014814446331001818,-2.5006440296237997e-07,-6.102442648905316e-08,-3.9587871583825185e-09,-0.0009275851451329642
108,5.079760269783584e-06,0.04944867606508102,0.04999982954555337,-5.951738339289901e-06,-7.6712956730941e-05,-1.887727374854354e-06,-0.00014859499060548842,-2.7245587830293516e-07,-5.721887263653133e-08,-3.025417837017704e-09,-0.0009412718910193348
109,5.565827622785905e-06,0.04946362699824719,0.049999831826278686,-6.1146026911446855e-06,-7.005381826102722e-05,-1.4434187957330478e-06,-0.00014934514183551073,-2.9814222557433823e-07,-5.347481550186173e-08,-2.1228617118896885e-09,-0.0009543457544402182
110,6.100190904631236e-06,0.04947631977567483,0.04999983402181684,-6.273989817506986e-06,-6.34739777309541e-05,-1.0968643243517076e-06,-0.0001504233805462718,-3.2823191986608435e-07,-4.979625539004422e-08,-1.3044718401422654e-09,-0.0009667658944547998
111,6.687785313900754e-06,0.049486190220086504,0.049999836133342426,-6.429255214324658e-06,-5.699722016838235e-05,-8.494873876844177e-07,-0.00015177034947555512,-3.650988560366386e-07,-4.625880218418569e-08,-6.31074415133731e-10,-0.0009784908855635418
112,7.334117265757581e-06,0.049492653789669924,0.04999983816313149,-6.580562079973599e-06,-5.065295536803581e-05,-7.024441571261652e-07,-0.0001536703493911773,-3.98438544380042e-07,-4.284966875365348e-08,-1.709824982676371e-10,-0.000989479844881873
113,8.045048349575606e-06,0.049495295004004826,0.049999840114913575,-6.727869254540501e-06,-4.4486718640001654e-05,-6.566581892398288e-07,-0.00015611384878866374,-4.397535064981639e-07,-3.9591810031378475e-08,-6.232265009407149e-16,-0.000999693428541011
114,8.827060314302437e-06,0.04949349611168608,0.04999984199386183,-6.8714024016467254e-06,-3.854598588192059e-05,-7.126763489352185e-07,-0.00015907017223071307,-4.7435605665668845e-07,-3.652463491973134e-08,-2.0118105546990326e-10,-0.0010090950173920613
115,9.687123310703002e-06,0.04948664664017283,0.04999984380742683,-7.012561175415295e-06,-3.289289055165317e-05,-8.706086017416227e-07,-0.0001626201265025884,-4.848934054280107e-07,-3.3618914847562333e-08,-8.641379408536317e-10,-0.00101765256339883
116,1.0632619288311749e-05,0.04947430151086756,0.049999845565512596,-7.152297506709051e-06,-2.759541699488755e-05,-1.1299783849950282e-06,-0.00016657725791446865,-4.805017965736624e-07,-3.090848545526978e-08,-2.0838166517461474e-09,-0.0010253398877940704
117,1.1671501344393967e-05,0.049455845685754715,0.04999984728017521,-7.2923747379629714e-06,-2.272106610791105e-05,-1.489736772274404e-06,-0.00017077989468816668,-4.4512844965538534e-07,-2.839820794055217e-08,-3.958645168512542e-09,-0.0010321383925274705
118,1.2812038700819981e-05,0.04943084210573384,0.0499998489658189,-7.434934489965624e-06,-1.833639588542087e-05,-1.9483395430305724e-06,-0.00017501984257251024,-3.882756516304653e-07,-2.6099264108548502e-08,-6.588291698984741e-09,-0.0010380386017453498
119,1.4062874939697646e-05,0.04939896821600619,0.049999850638576954,-7.581931852109067e-06,-1.4494401681540528e-05,-2.50387394690359e-06,-0.00017909608141053468,-3.2707012564969773e-07,-2.3961088950342234e-08,-1.0071250257533386e-08,-0.0010430409593230338
120,1.543296799400273e-05,0.04935993254117765,0.04999985231549439,-7.735139230160554e-06,-1.1228821285339832e-05,-3.1537687291329543e-06,-0.00018263938545715064,-2.686852269562223e-07,-2.1987235674598264e-08,-1.4502532876051623e-08,-0.0010471558341123854
121,1.6931903055952474e-05,0.04931359926854275,0.04999985401407036,-7.89636598516913e-06,-8.549246247411648e-06,-3.895132797635662e-06,-0.0001854440924944356,-2.128579410509701e-07,-2.014971702563709e-08,-1.9971880398095754e-08,-0.0010504029822646123
122,1.8569703152369126e-05,0.04926020953000379,0.049999855751667634,-8.067047671314793e-06,-6.443159447864743e-06,-4.724902814125143e-06,-0.0001874190493253991,-1.6705165251096332e-07,-1.84144250452712e-08,-2.6562818062135186e-08,-0.0010528106135863598
123,2.035700133572815e-05,0.04920028513648464,0.04999985754462133,-8.247945541378909e-06,-4.877442486898306e-06,-5.639876897474866e-06,-0.0001885391684481874,-1.3496726580797258e-07,-1.6766161714632878e-08,-3.4352363485912205e-08,-0.0010544138573200027
124,2.2305196083161275e-05,0.04913451521385065,0.049999859407524,-8.43951685630581e-06,-3.803312614551028e-06,-6.636949223826767e-06,-0.00018881676078308374,-1.1162918411855571e-07,-1.5171831204781442e-08,-4.341146182903635e-08,-0.0010552531954993267
125,2.44264201950355e-05,0.049063905761781296,0.04999986135275941,-8.641665037044347e-06,-3.1626332835057034e-06,-7.7129933325357e-06,-0.0001883356599137187,-9.868879402574748e-08,-1.3612328715106252e-08,-5.380581875315597e-08,-0.0010553728394854026
126,2.6733756570578928e-05,0.04898958670414778,0.04999986339005806,-8.85388860068756e-06,-2.8932451306888857e-06,-8.864963322448753e-06,-0.00018719739455264062,-9.327812477977204e-08,-1.2063095765818843e-08,-6.559681048133726e-08,-0.0010548191540885308
127,2.924127695623068e-05,0.048912769923027566,0.04999986552632937,-9.075389989209948e-06,-2.9333875971684845e-06,-1.0089885976360117e-05,-0.00018549886590335518,-9.429625436041533e-08,-1.055061254561187e-08,-7.884231661626448e-08,-0.0010536393271456095
128,3.1964208524084536e-05,0.04883468456169286,0.04999986776580983,-9.305497029501044e-06,-3.2254295309918373e-06,-1.138519730613275e-05,-0.00018344186537433416,-9.7615661331929e-08,-9.061794868712014e-09,-9.359752162780336e-08,-0.0010518804141098016
129,3.4918697396806855e-05,0.04875651643219711,0.049999870110107716,-9.543070690658757e-06,-3.7169750964470327e-06,-1.2748554668179409e-05,-0.00018119611195288599,-1.0312062670436717e-07,-7.617149949672797e-09,-1.0991540866415417e-07,-0.0010495884264806912
130,3.8122211898324996e-05,0.048679154514374934,0.04999987255826562,-9.7869943697081e-06,-4.362921924408427e-06,-1.4177586123604414e-05,-0.00017887575086206198,-1.0760188473568633e-07,-6.228248535279513e-09,-1.2784678682423454e-07,-0.0010468074584578575
131,4.159359668677072e-05,0.0486032457127705,0.04999987510707756,-1.0036057386282138e-05,-5.125181130747339e-06,-1.5669986983863387e-05,-0.0001765445340424776,-1.1265895949463811e-07,-4.917262897514816e-09,-1.4744020392997367e-07,-0.0010435791395581654
132,4.535311397652882e-05,0.048529268829216377,0.04999987775144327,-1.0289116260332017e-05,-5.9732941013166765e-06,-1.72235245711331e-05,-0.00017428176943212748,-1.1555061263379685e-07,-3.7247792912802485e-09,-1.6874169736570216e-07,-0.0010399421683622656
133,4.942270142457386e-05,0.048457436569193775,0.04999988048470873,-1.0545081760072464e-05,-6.883680936542523e-06,-1.883368247333239e-05,-0.00017215224215760827,-1.164830791822169e-07,-2.1477660953192764e-09,-1.9179415876726107e-07,-0.001035931177736097
134,5.3824741717102774e-05,0.048387822959651654,0.04999988329771725,-1.0796965456202902e-05,-7.842133885030912e-06,-2.0490229497503285e-05,-0.0001685502502368763,-1.7001450203224522e-07,-1.4106697822886997e-09,-2.1663072194077342e-07,-0.0010315752917831468
135,5.859481638584668e-05,0.048319527264138906,0.04999988618530836,-1.1059964459214075e-05,-8.852008370796014e-06,-2.2204375617731044e-05,-0.00016593285545241088,-1.3334573623069446e-07,-8.353922387919429e-10,-2.4329037050217526e-07,-0.0010269046880620697
136,6.374681794917906e-05,0.04825753364885461,0.04999988914206969,-1.1323096329491957e-05,-9.86587509524712e-06,-2.398015429326772e-05,-0.00016564108955208212,-1.2242583125043893e-07,-4.888587255691656e-10,-2.7181829181590857e-07,-0.0010219489790970462
137,6.93089458581901e-05,0.04819772923524086,0.049999892153329034,-1.1579531546293335e-05,-1.0895254759578193e-05,-2.5809293159318283e-05,-0.00016509245324414223,-8.489904956832106e-08,-4.1083630740563393e-10,-3.022486135115756e-07,-0.001016727203745639
138,7.532206457296419e-05,0.04813502541701623,0.04999989520290432,-1.1828887954106112e-05,-1.1952319711825384e-05,-2.7684614530711245e-05,-0.0001635696244193241,-1.0116672655158254e-07,-3.7069913575995104e-10,-3.346135209979645e-07,-0.0010112525356144539
139,8.181601836424772e-05,0.04807317576887833,0.04999989827734104,-1.2068693355382613e-05,-1.3035729043734609e-05,-2.9597373048752894e-05,-0.00016108315321616828,-1.3447532865029643e-07,-1.0149975895204937e-09,-3.689375061965893e-07,-0.0010055364664171033
140,8.883836794959379e-05,0.04801134704060697,0.04999990136800405,-1.2310784989570839e-05,-1.4161297339828302e-05,-3.155685708507868e-05,-0.00015907330089248717,-9.960031377431733e-08,-2.0490957341310348e-09,-4.0525333616139264e-07,-0.0009995904502481275
141,9.641447078960274e-05,0.04795338508031721,0.04999990446668259,-1.254591377119001e-05,-1.529724247902304e-05,-3.356575982647335e-05,-0.00015868227637838572,-9.378293697182016e-08,-3.521926124772832e-09,-4.436032851385604e-07,-0.0009934252123863147
142,0.00010458485217501802,0.04789621815830681,0.04999990755959225,-1.276910468881516e-05,-1.6460610422361243e-05,-3.561603550153739e-05,-0.00015790792531333864,-8.768335391096116e-08,-5.465145783704147e-09,-4.84022476382533e-07,-0.0009870437125729648
143,0.00011340520396668676,0.047835977319624315,0.049999910632631664,-1.2979556917768411e-05,-1.7673023648484692e-05,-3.770263433888302e-05,-0.00015645258827134967,-9.169337289449686e-08,-7.9324318152586e-09,-5.265481273610062e-07,-0.0009804454097066444
144,0.00012291975957384347,0.047775934669233786,0.04999991367490142,-1.3179512617806766e-05,-1.8928603723542376e-05,-3.9822957693306154e-05,-0.00015502878522966057,-9.251323263015365e-08,-1.09627161428305e-08,-5.71221007874138e-07,-0.0009736304221764921
145,0.00013317991939382245,0.04771611370276578,0.04999991667728204,-1.3367978615034917e-05,-2.0232879664458777e-05,-4.197351805180195e-05,-0.00015354125935118645,-9.517565047190146e-08,-1.4626091434287423e-08,-6.180856512530589e-07,-0.000966597199823124
146,0.00014424120936955615,0.04765663572267714,0.04999991963165959,-1.3545145490444228e-05,-2.159007702869543e-05,-4.415169434812075e-05,-0.0001520715159131214,-9.567741443561317e-08,-1.896095163514632e-08,-6.671914445245637e-07,-0.0009593431767433892
147,0.00015616095102181376,0.04759784713178128,0.04999992253094254,-1.3710318769808099e-05,-2.3002278276726783e-05,-4.6354607734889916e-05,-0.00015068262291606516,-9.686025492783301e-08,-2.4015418434925125e-08,-7.185935508924998e-07,-0.0009518651329189784
148,0.00016900036803201276,0.047539863468441884,0.04999992536879977,-1.3863122660212742e-05,-2.447269729151217e-05,-4.857866749357395e-05,-0.0001493170129833743,-9.893295782603673e-08,-2.983564732597037e-08,-7.723525246414929e-07,-0.0009441592380598738
149,0.00018282530749496025,0.047482733066314224,0.04999992813988761,-1.400352349939926e-05,-2.600532206817074e-05,-5.082043511941718e-05,-0.00014796556206420064,-1.0055333632408292e-07,-3.6470408286860525e-08,-8.285350765828713e-07,-0.0009362214483952801
150,0.00019770430686776326,0.047426857234179554,0.04999993084000121,-1.4131752215164174e-05,-2.7601909536027872e-05,-5.307639008685081e-05,-0.0001466676767449826,-1.0150117901730482e-07,-4.396551834790767e-08,-8.872147503792322e-07,-0.0009280479825015684
151,0.00021370988474918133,0.04737252756250224,0.04999993346599408,-1.4248015235717954e-05,-2.9264034577229975e-05,-5.534301008061098e-05,-0.0001454354205634445,-1.0232283642608309e-07,-5.2365370719664204e-08,-9.484723187409025e-07,-0.0009196354114298493
152,0.00023091862898370191,0.04732001735447615,0.04999993601568565,-1.435256795497702e-05,-3.099338751949519e-05,-5.76167290677435e-05,-0.00014427222777158022,-1.0270903061382342e-07,-6.171382656036434e-08,-1.0123962338752584e-06,-0.0009109808211245269
153,0.00024941115617936464,0.047269604828848615,0.04999993848778451,-1.4445775480643577e-05,-3.2790813124429994e-05,-5.9894109857425165e-05,-0.0001431947312084958,-1.021998770056598e-07,-7.20485977441319e-08,-1.0790833620863988e-06,-0.0009020819924577154
154,0.0002692717122548444,0.0472215782674387,0.04999994088176794,-1.4527813843806025e-05,-3.465659804572541e-05,-6.217149963456687e-05,-0.00014219408330973238,-1.0244325920893971e-07,-8.340787868576299e-08,-1.1486392171207274e-06,-0.0008929374634665598
155,0.0002905895917724229,0.0471761517046812,0.04999994319783627,-1.4599181990054486e-05,-3.659132471839937e-05,-6.444524822299423e-05,-0.0001412601413903758,-1.0185118526351289e-07,-9.582646489746843e-08,-1.2211781359743535e-06,-0.0008835466283235614
156,0.00031345809735369067,0.047133617449459535,0.04999994543687221,-1.4660307384112215e-05,-3.8594122316527e-05,-6.671201306535626e-05,-0.00014040754467714578,-1.0048940168871923e-07,-1.0933711314777749e-07,-1.2968242717762128e-06,-0.0008739098996935496
157,0.00033797439097698473,0.04709427701036545,0.04999994760031016,-1.4711605828002697e-05,-4.0663043961220975e-05,-6.896860845900683e-05,-0.00013964693062007427,-9.924679034156725e-08,-1.23967674538771e-07,-1.3757121993057904e-06,-0.0008640287017475344
158,0.00036424050335696076,0.047058309510695874,0.049999949689991476,-1.4753348473472198e-05,-4.2796448227343745e-05,-7.1211633319264e-05,-0.00013896642485633492,-9.799881439676028e-08,-1.3974195974337516e-07,-1.4579870889470625e-06,-0.0008539054073693251
159,0.00039236330578014964,0.04702591364351519,0.04999995170809386,-1.4785902337483795e-05,-4.499200984713129e-05,-7.343812405036354e-05,-0.00013836454309057444,-9.627193975347836e-08,-1.566809128234234e-07,-1.5438053609651001e-06,-0.0008435433856337978
160,0.0004224537459263135,0.04699726799270935,0.04999995365706173,-1.4809547906883961e-05,-4.724639113480604e-05,-7.56450695471506e-05,-0.00013784196926280856,-9.455361293930764e-08,-1.7480145961460052e-07,-1.633335406723971e-06,-0.0008329469999527044
161,0.00045462770252913365,0.04697254709694975,0.0499999555395143,-1.4824552548582383e-05,-4.955585263155288e-05,-7.782961820547791e-05,-0.0001373952836729586,-9.284402580078677e-08,-1.9411570888825983e-07,-1.7267580223175862e-06,-0.0008221215681644183
162,0.000489005780137581,0.0469518765903865,0.04999995735820632,-1.4831196056613368e-05,-5.191604543250551e-05,-7.998927001397647e-05,-0.00013701221905648708,-9.08475996652669e-08,-2.1463267497419204e-07,-1.824267267250213e-06,-0.0008110733545465163
163,0.0005257129331555792,0.04693537888644167,0.0499999591159555,-1.4829701426517167e-05,-5.4321655588737184e-05,-8.212150164776864e-05,-0.0001366977667203173,-8.871879941807492e-08,-2.3635673222013003e-07,-1.9260710176574685e-06,-0.0007998095408076044
164,0.0005648789283385706,0.046923161076642655,0.04999996081557467,-1.4820233505771775e-05,-5.676693040727651e-05,-8.42242195598229e-05,-0.0001364511699648574,-8.660745010047322e-08,-2.592894166329547e-07,-2.0323917399614735e-06,-0.0007883381446698141
165,0.0006066380378003407,0.0469152698050955,0.04999996245981464,-1.4802865985849429e-05,-5.924602425563127e-05,-8.629512265699699e-05,-0.00013625933206640184,-8.493977077250747e-08,-2.834244026056434e-07,-2.1434672011622536e-06,-0.0007766679595836787
166,0.0006511299783839256,0.046911742584121764,0.049999964051360035,-1.4777844668762774e-05,-6.175241869283005e-05,-8.833222912077574e-05,-0.0001361136237392202,-8.263491935167622e-08,-3.0875593302410993e-07,-2.259551170273508e-06,-0.0007648085482755463
167,0.0006984982276951848,0.04691265230267431,0.049999965592822423,-1.4745288014447636e-05,-6.427858050992198e-05,-9.033420285675549e-05,-0.00013601980754174292,-8.047290123158746e-08,-3.352712430316968e-07,-2.38091463315181e-06,-0.0007527702062301488
168,0.0007488905057985493,0.04691799903656586,0.04999996708667581,-1.47053293253935e-05,-6.68167261817044e-05,-9.229958572375135e-05,-0.00013597036013379693,-7.797957835009584e-08,-3.6295717993552656e-07,-2.5078465689901793e-06,-0.0007405638857269545
169,0.0008024590172498601,0.04692777694138868,0.049999968535229554,-1.465801337249363e-05,-6.935881020177533e-05,-9.422700401032598e-05,-0.0001359651651000604,-7.585027361756147e-08,-3.918025691103867e-07,-2.6406552350737303e-06,-0.0007282010914166581
170,0.0008593597813287552,0.04694194380064781,0.049999969940593,-1.460314707464401e-05,-7.189729313628865e-05,-9.611470061974897e-05,-0.0001359863526886329,-7.575764016110043e-08,-4.2176157134208915e-07,-2.7796676473147302e-06,-0.0007156938193773832
171,0.0009197578172408555,0.04696041842294779,0.04999997130479897,-1.4541512392608013e-05,-7.442413061824866e-05,-9.796242050917424e-05,-0.0001359987072646618,-7.159258785804923e-08,-4.528282088899985e-07,-2.9252319227448214e-06,-0.0007030546832530833
172,0.0009838137332598437,0.046983349418106106,0.049999972629773126,-1.4472994811304696e-05,-7.692715624321822e-05,-9.977021458067154e-05,-0.00013607424625661224,-6.844509670145271e-08,-4.849762058021271e-07,-3.077720180533671e-06,-0.0006902968645693813
173,0.0010516933983844938,0.04701058402213154,0.04999997391715013,-1.4397475367354256e-05,-7.939702634132418e-05,-0.00010153705182108569,-0.00013618291995953768,-6.718277489881075e-08,-5.181656834159109e-07,-3.237527435322221e-06,-0.0006774337430559247
174,0.001123573040658847,0.04704183164321929,0.04999997516834964,-1.4315013207412087e-05,-8.182838796856803e-05,-0.00010326240652483998,-0.0001362788025289774,-6.546739683699343e-08,-5.52364660315779e-07,-3.4050729218812486e-06,-0.0006644789334785147
175,0.0011996267227579796,0.04707710600011745,0.04999997638467826,-1.4225892852857749e-05,-8.42099908923833e-05,-0.000104945854721288,-0.00013637126539833844,-6.367845628574287e-08,-5.875366059067586e-07,-3.5808019503913302e-06,-0.0006514464399342909
176,0.0012800330493397993,0.0471163382401188,0.04999997756733642,-1.4130346089297869e-05,-8.653198348155866e-05,-0.00010658717821753375,-0.00013646447041537613,-6.174267497272012e-08,-6.236421806147277e-07,-3.7651871503593132e-06,-0.000638350527616671
177,0.0013649732994613483,0.047159422590017853,0.04999997871740569,-1.4028595442710816e-05,-8.87843919361073e-05,-0.00010818664215853737,-0.00013654831855092198,-5.994429130851131e-08,-6.60641907561486e-07,-3.958730257420625e-06,-0.0006252056592785492
178,0.0014546305228647874,0.04720623859988804,0.04999997983583126,-1.3920824535273826e-05,-9.095759665141591e-05,-0.00010974423692008805,-0.00013661767297890037,-5.827017801607326e-08,-6.984919378099189e-07,-4.161963605924238e-06,-0.0006120264387166173
179,0.0015491910571512207,0.04725665653961191,0.04999998092343602,-1.3807312341501406e-05,-9.304183531792347e-05,-0.00011126037170750106,-0.00013667161692865193,-5.661161139869364e-08,-7.371483835391026e-07,-4.37545180124921e-06,-0.0005988275628966444
180,0.0016488422216621229,0.04731053224375609,0.049999981980924146,-1.368826589251485e-05,-9.502764777519478e-05,-0.00011273534571235613,-0.0001366992510156706,-5.511899914267815e-08,-7.765650963083706e-07,-4.599793871510753e-06,-0.0005856237771878768
181,0.001753773512503262,0.0473677224133489,0.04999998300888953,-1.3564009338783328e-05,-9.690545228380495e-05,-0.00011416944543467453,-0.00013669829058926553,-5.379034107022562e-08,-8.166926346815763e-07,-4.835624445258784e-06,-0.0005724298320425
182,0.001864176156278618,0.04742807782452184,0.04999998400784059,-1.3434855813200699e-05,-9.866604709630306e-05,-0.00011556347285419885,-0.00013667297025676817,-5.256160306998936e-08,-8.574834828292914e-07,-5.083615940124132e-06,-0.0005592604115202985
183,0.0019802414521449298,0.04749141910533382,0.04999998497818728,-1.3301082800497167e-05,-0.00010030106342078516,-0.00011691795366245713,-0.00013660878175869584,-5.141934522612246e-08,-8.988862385520103e-07,-5.344480848286957e-06,-0.0005461301001731178
184,0.0021021615755190174,0.04755757900865708,0.04999998592025261,-1.3163066219221706e-05,-0.00010180159660930113,-0.00011823372007287874,-0.00013650873734150082,-5.0475989610276883e-08,-9.408511784580485e-07,-5.618973976713996e-06,-0.0005330533514977495
185,0.0022301284524691104,0.04762637640495038,0.049999986834276866,-1.3021117109570264e-05,-0.0001031596314786194,-0.00011951145280878437,-0.00013637349184136838,-4.973912481887055e-08,-9.833241452288088e-07,-5.907894683510724e-06,-0.0005200444258657239
186,0.002364334901811816,0.04769761494621594,0.04999998772042081,-1.2875621531733957e-05,-0.00010436760187797492,-0.00012075188953499274,-0.0001361981121590361,-4.900850214539787e-08,-1.0262510012723997e-06,-6.212088468465437e-06,-0.0005071173382022036
187,0.0025049736921186607,0.04777109598455518,0.04999998857877732,-1.2726940658689836e-05,-0.00010541878761751437,-0.00012195611851189376,-0.0001359841407975182,-4.859849056515486e-08,-1.0695790257631129e-06,-6.5324502161739945e-06,-0.000494285817267611
188,0.002652235079697932,0.04784660511633987,0.04999998940936522,-1.2575442612433296e-05,-0.00010630672753842467,-0.0001231250329292592,-0.00013573210162576288,-4.816804377583139e-08,-1.1132527322670028e-06,-6.869926770511951e-06,-0.00048156326235507057
189,0.002806309871309287,0.047923922979324414,0.049999990212136414,-1.2421519702747493e-05,-0.00010702604905697101,-0.0001242596233107719,-0.0001354468840872869,-4.8078739212087385e-08,-1.1572174937558312e-06,-7.225519493163066e-06,-0.00046896268862576574
190,0.002967386885392872,0.04800281620354192,0.04999999098697087,-1.2265489663049781e-05,-0.00010757215639071718,-0.00012536067716563347,-0.00013512546138372272,-4.809871967381696e-08,-1.2014235326331312e-06,-7.600287203933832e-06,-0.0004564966810901255
191,0.003135653275642545,0.048083057632773554,0.04999999173367628,-1.2107646084734977e-05,-0.00010794147591836367,-0.00012642877000920095,-0.00013479126209858805,-4.929919583673836e-08,-1.2457830392971171e-06,-7.995346752718428e-06,-0.0004441773798744892
192,0.0033113031924564733,0.0481643959841739,0.04999999245204137,-1.1948837600163946e-05,-0.00010813043281983693,-0.00012746617604009948,-0.00013438219320960343,-4.805506748084554e-08,-1.2902770349716487e-06,-8.411879823773157e-06,-0.00043201649220381776
193,0.003494506904932525,0.04824666707179279,0.04999999314177688,-1.178902300841751e-05,-0.00010813542582889125,-0.00012847396252340558,-0.00013398057490121573,-4.809868414668017e-08,-1.3348365981625449e-06,-8.851137151027005e-06,-0.0004200252025433778
194,0.0036854471435854574,0.04832952333525248,0.04999999380247909,-1.1628553210910483e-05,-0.00010795622430498386,-0.00012945296050005507,-0.00013357101124711335,-4.843968781642616e-08,-1.3793986063448124e-06,-9.314437984202542e-06,-0.0004082139893237739
195,0.0038843120521123405,0.04841261471333569,0.04999999443368121,-1.1467657958283977e-05,-0.00010759686751230051,-0.00013040419732186383,-0.0001331385428784415,-4.9533792179090597e-08,-1.423907731328677e-06,-9.80317512966696e-06,-0.00039659271646746085
196,0.004091273031025677,0.04849575573050166,0.04999999503487456,-1.1306833425250493e-05,-0.00010705507487295812,-0.00013132854900004286,-0.000132702334667556,-5.0000760865032134e-08,-1.4683072590963404e-06,-1.0318818018398892e-05,-0.0003851706904166662
197,0.00430650642546936,0.048578662461157406,0.04999999560550817,-1.114630586934944e-05,-0.00010633413768655189,-0.00013222719211088583,-0.00013227772433310747,-5.113086487540386e-08,-1.5125321716349912e-06,-1.0862916705029733e-05,-0.0003739565480522144
198,0.0045301857655710735,0.048661067436443675,0.04999999614498529,-1.098653544805132e-05,-0.00010543682916448513,-0.00013310140879649554,-0.0001318412832915783,-5.1482654583878684e-08,-1.5565334816094525e-06,-1.1437107207375238e-05,-0.0003629582835356557
199,0.0047624765790629,0.048742728569396924,0.049999996652662526,-1.0827755005304866e-05,-0.00010436683592045179,-0.00013395256572464045,-0.00013142138777766377,-5.192275764898113e-08,-1.6002587556902164e-06,-1.2043116595433823e-05,-0.0003521832276343338
200,0.005003539936620634,0.04882336889069036,0.049999997127834046,-1.067012984369364e-05,-0.0001031289729949965,-0.00013478142109537983,-0.00013103398669045419,-5.260579527543996e-08,-1.6436420165397942e-06,-1.2682765642914884e-05,-0.00034163797237044344
201,0.005253546839221552,0.048902684497616596,0.04999999756974824,-1.051393072840705e-05,-0.00010173133516635737,-0.00013558893954284334,-0.00013066688552498817,-5.354253929112929e-08,-1.6866288598402101e-06,-1.3357972803775207e-05,-0.00033132839496927954
202,0.005512654932691181,0.0489804494245368,0.04999999797762731,-1.0359456804555987e-05,-0.00010017953884571462,-0.00013637646466242167,-0.00013033200229983777,-5.421610538292043e-08,-1.729170356720437e-06,-1.4070761857407479e-05,-0.00032125971590690446
203,0.0057810175051106714,0.04905643466570834,0.04999999835066335,-1.0206904131758197e-05,-9.848107789990255e-05,-0.00013714498091409345,-0.00013003640924580395,-5.472075059742565e-08,-1.7712106376942661e-06,-1.4823266958826024e-05,-0.0003114364643024243
204,0.006058788381258897,0.04913039274090782,0.049999998688021186,-1.0056481938710493e-05,-9.664445184802845e-05,-0.00013789566104152005,-0.00012978637823835015,-5.5166989199051386e-08,-1.8127004331283892e-06,-1.561773798098408e-05,-0.00030186247155306587
205,0.006346116669870845,0.04920210498971548,0.04999999898884676,-9.908349229909203e-06,-9.467905957006033e-05,-0.00013862947928325927,-0.0001295875699725002,-5.556773530202008e-08,-1.8535879700997734e-06,-1.6456547021136155e-05,-0.00029254088240136556
206,0.0066431493572779825,0.04927136126063633,0.049999999252274524,-9.762671698694779e-06,-9.259465195953246e-05,-0.0001393473805242949,-0.00012943774345330894,-5.599276420298338e-08,-1.8938255507596142e-06,-1.7342194301474583e-05,-0.00028347418973512445
207,0.006950028318144787,0.04933797711250432,0.04999999947743894,-9.619628921229691e-06,-9.040092749421214e-05,-0.00014005066183721967,-0.00012934870028402656,-5.6120342151189107e-08,-1.933369972111466e-06,-1.8277317160947595e-05,-0.00027466424622740493
208,0.007266890480934807,0.0494017760856897,0.04999999966348067,-9.479324821345158e-06,-8.8108774667106e-05,-0.00014074026257556257,-0.00012931384844705462,-5.6347641219645084e-08,-1.9721779283897295e-06,-1.926469775172174e-05,-0.0002661122793051974
209,0.007593870783969197,0.04946261391407638,0.049999999809556064,-9.341900814747534e-06,-8.572886441363765e-05,-0.0001414173087301725,-0.0001293435925617814,-5.635112643176399e-08,-2.010209502783849e-06,-2.0307271315880726e-05,-0.000257818928317719
210,0.007931098001230054,0.04952035349853054,0.049999999914847826,-9.207460610715919e-06,-8.327210668263936e-05,-0.00014208277375411162,-0.00012943717592861503,-5.628109178701379e-08,-2.047426240103747e-06,-2.140813515756626e-05,-0.00024978426716576474
211,0.00827869899774893,0.04957488608831013,0.04999999997857443,-9.076111987405708e-06,-8.074966751432785e-05,-0.000142737631401832,-0.0001295942347496748,-5.606769448718296e-08,-2.0837932989045396e-06,-2.2570558070624796e-05,-0.00024200783501699113
212,0.008636795375005784,0.04962612300284011,0.04999999999999998,-8.947946621036614e-06,-7.817256181564878e-05,-0.00014338310981572733,-0.0001298134302487597,-5.573760475385825e-08,-2.1192812511060655e-06,-2.3797992720557616e-05,-0.00023448865892036197
213,0.009005503295374946,0.049673995361014335,0.04999999997844384,-8.823021221779202e-06,-7.555231880731113e-05,-0.00014402027598224313,-0.000130092550534755,-5.5263814857653415e-08,-2.1538623097957042e-06,-2.5094087625921863e-05,-0.0002272252914051492
214,0.009384933091222696,0.04971845646911505,0.04999999991329123,-8.70141577992763e-06,-7.289960125929869e-05,-0.00014465025136240771,-0.00013043683429714292,-5.4711488672865016e-08,-2.187512991280785e-06,-2.6462699930750926e-05,-0.00022021585211517183
215,0.00977519066068188,0.04975948085797482,0.049999999804003464,-8.583174245988251e-06,-7.022528021263963e-05,-0.00014527415534857342,-0.00013083458179607987,-5.402119640507408e-08,-2.220212340812611e-06,-2.7907909784737783e-05,-0.00021345805571206457
216,0.010176376280526797,0.04979706279021378,0.04999999965012834,-8.468351032596165e-06,-6.753987656573443e-05,-0.00014589299454968114,-0.00013128620048519224,-5.3178389691765915e-08,-2.251941798600988e-06,-2.943403461060876e-05,-0.00020694924413037553
217,0.010588587445330347,0.049831215020680886,0.04999999945130909,-8.356989015550435e-06,-6.485376417445078e-05,-0.0001465081588772252,-0.0001317878777626902,-5.225027877031607e-08,-2.2826916167468898e-06,-3.104564821736745e-05,-0.00020068641511865752
218,0.011011911150777393,0.04986197072680446,0.049999999207295115,-8.249101945081813e-06,-6.217702327360319e-05,-0.00014712078422801222,-0.00013233200297690928,-5.110365108862425e-08,-2.3124520233745876e-06,-3.2747599688816377e-05,-0.0001946662606888439
219,0.011446429469734228,0.04988937659883405,0.04999999891795253,-8.144701993407699e-06,-5.951905979095421e-05,-0.00014773230830629464,-0.00013292090443428606,-4.996757851927214e-08,-2.3412217426135322e-06,-3.454503518028628e-05,-0.00018888519393034473
220,0.011892218018908919,0.04991349897369158,0.049999998583273655,-8.04378999037979e-06,-5.688930376514969e-05,-0.00014834371828534277,-0.00013353873509913683,-4.8725095069812596e-08,-2.3689945548336422e-06,-3.644341968940444e-05,-0.00018333938140825253
221,0.01234935031854234,0.04993441655525455,0.04999999820338436,-7.946395204461079e-06,-5.429629738827628e-05,-0.00014895620200855715,-0.00013418871094472706,-4.7345537268483895e-08,-2.395772087218737e-06,-3.844855730260698e-05,-0.00017802478355029793
222,0.012817890568548734,0.04995222184685357,0.04999999777854861,-7.852524509855145e-06,-5.174808169855336e-05,-0.0001495712975727272,-0.0001348522346233949,-4.580115486874092e-08,-2.4215644372829313e-06,-4.056662400490388e-05,-0.00017293717457974466
223,0.013297892603422894,0.04996701627234207,0.049999997309180824,-7.762140721489884e-06,-4.9252487263078934e-05,-0.00015019020225485454,-0.00013553441385738552,-4.425541177965897e-08,-2.446379194276992e-06,-4.280419790461817e-05,-0.0001680721660524163
224,0.013789408489679295,0.04997891170915124,0.04999999679585213,-7.67524562480797e-06,-4.6816597759467494e-05,-0.00015081470822461013,-0.00013621116522699594,-4.2564284541413144e-08,-2.4702356952996456e-06,-4.5168294749955175e-05,-0.00016342523912339646
225,0.014292476058119011,0.04998802786172916,0.049999996239296525,-7.591835768938041e-06,-4.444688876662178e-05,-0.00015144609225867006,-0.00013686629245057702,-4.053980262597179e-08,-2.4931528492692354e-06,-4.766640677559821e-05,-0.00015899176478662903
226,0.014807123042297757,0.04999448935464724,0.04999999564042882,-7.511745973938247e-06,-4.2149256059562475e-05,-0.00015208530247255443,-0.00013753864914178848,-3.8912968847171214e-08,-2.5151372556600957e-06,-5.030653269341073e-05,-0.00015476701350614465
227,0.015333393049658799,0.04999842398129273,0.04999999500033589,-7.435042373353574e-06,-3.9929487008770574e-05,-0.0001527338213562393,-0.00013818622392136604,-3.716484897609007e-08,-2.536217220536144e-06,-5.309722640413512e-05,-0.0001507461786224788
228,0.015871306623091545,0.049999966164760726,0.04999999432026703,-7.361693965507187e-06,-3.7792285445345935e-05,-0.00015339325610146438,-0.00013880339975003153,-3.554506022851456e-08,-2.5564240323172678e-06,-5.604765360015936e-05,-0.00014692444044592685
229,0.016420859969799577,0.049999248019724434,0.0499999936016447,-7.291693183013242e-06,-3.574055679383344e-05,-0.0001540653393690011,-0.0001393758284393698,-3.325262909470439e-08,-2.5757894587893306e-06,-5.916764831199144e-05,-0.00014329696140335686
230,0.016982057758563398,0.04999639970538571,0.049999992846079096,-7.2249200246784275e-06,-3.377837914184231e-05,-0.00015475117551831593,-0.00013989776198286563,-3.128559100673556e-08,-2.5943385660239518e-06,-6.246776968876345e-05,-0.00013985886088715182
231,0.017554903295738562,0.04999155010647314,0.049999992055366635,-7.161335636661063e-06,-3.1908575930439183e-05,-0.0001554522908607066,-0.00014036161883268505,-2.9352941410820677e-08,-2.61210604672837e-06,-6.595936640844941e-05,-0.00013660525673548767
232,0.018139380804070272,0.04998482486387676,0.049999991231477525,-7.100883029537297e-06,-3.0133088278712378e-05,-0.00015617037063166318,-0.00014076298975851387,-2.738313220618238e-08,-2.629131219331219e-06,-6.965466161303859e-05,-0.0001335312734798151
233,0.018735465768369968,0.04997634396675175,0.04999999037656526,-7.043466172095392e-06,-2.8453529392965615e-05,-0.0001569068158154591,-0.00014108768664300442,-2.5445748619290498e-08,-2.645449794832642e-06,-7.356683534313678e-05,-0.00013063205112231907
234,0.019343128408973537,0.049966221664749844,0.04999998949296075,-6.9890322672328e-06,-2.6870551506823298e-05,-0.00015766333566402264,-0.0001413303689332679,-2.3607547916526528e-08,-2.66110546442805e-06,-7.771012100607665e-05,-0.00012790275617902423
235,0.019962325166915717,0.04995456404899906,0.04999998858316243,-6.9375011966993855e-06,-2.5384360364212866e-05,-0.00015844108570397164,-0.0001414830330759287,-2.1693820073664938e-08,-2.6761317245157334e-06,-8.209990578922648e-05,-0.0001253385821034229
236,0.020593016309675825,0.04994146962049448,0.04999998764983219,-6.888799423943573e-06,-2.3994522133216648e-05,-0.00015924163152201685,-0.00014153620577417314,-1.9999751188493065e-08,-2.6905725276730825e-06,-8.675284349290668e-05,-0.00012293476042654137
237,0.02123514118924713,0.049927027350883384,0.049999986695784454,-6.842859221946496e-06,-2.2699812026377516e-05,-0.00016006659892436477,-0.00014147895853966475,-1.830908935573916e-08,-2.7044728888077844e-06,-9.168699894696921e-05,-0.0001206865588901536
238,0.02188862517234613,0.04991131757169543,0.0499999857239916,-6.7995099310933265e-06,-2.149870685815624e-05,-0.00016091707846505905,-0.00014133230433799326,-1.6759532428523016e-08,-2.717867068030277e-06,-9.692198614718873e-05,-0.00011858927368672674
239,0.022553406439424148,0.04989441354766118,0.04999998473755636,-6.758732698064249e-06,-2.0389172631372733e-05,-0.000161794378018094,-0.00014107440074440092,-1.5469444392124387e-08,-2.730799386005859e-06,-0.00010247913188447431,-0.00011663823749934281
240,0.02322938977020534,0.049876367653635484,0.04999998373969119,-6.7203402722941875e-06,-1.936853421459634e-05,-0.00016269930086966169,-0.00014074986393097788,-1.4319350150060473e-08,-2.7432994193259613e-06,-0.00010838164735760692,-0.00011482885228320068
241,0.023916514380295035,0.04985722107454843,0.04999998273365766,-6.684627708043918e-06,-1.8433302992136844e-05,-0.0001636342190570947,-0.00014022603863850236,-1.3497535533701921e-08,-2.755436854073878e-06,-0.00011465485725750342,-0.00011315660544872705
242,0.0246146218786642,0.04983698360782493,0.04999998172279627,-6.651273859787983e-06,-1.757905937286862e-05,-0.00016460082222558755,-0.00013957869668956846,-1.2289578243951382e-08,-2.7672492916206284e-06,-0.00012132646089079258,-0.00011161702286674243
243,0.025323583757241593,0.049815693314454124,0.049999980710612485,-6.6200629667455585e-06,-1.6802086620647e-05,-0.00016559963155540427,-0.00013880808546673506,-1.1092244456278877e-08,-2.7787556916402064e-06,-0.00012842675775368503,-0.00011020558170491405
244,0.02604333443941862,0.04979340077629026,0.049999979700693156,-6.590894215478402e-06,-1.6099186616842686e-05,-0.00016663207380490037,-0.0001379315508529544,-1.0898522084801243e-08,-2.790004690583295e-06,-0.00013598895269629593,-0.00010891776974976289
245,0.02677370652106539,0.04977007522841018,0.049999978696627485,-6.5637770224718935e-06,-1.5464895269169884e-05,-0.00016769905969839623,-0.00013692658103536814,-1.0607429601350304e-08,-2.8010285093199196e-06,-0.0001440495008799183,-0.00010774916872446333
246,0.027514552268612866,0.04974569766779112,0.049999977701996164,-6.538654024222162e-06,-1.4894103495991342e-05,-0.00016880187883270496,-0.00013579041115008295,-1.040941466357026e-08,-2.8118643405657248e-06,-0.0001526484907641122,-0.00010669539146457494
247,0.028265711483489244,0.04972024848929293,0.049999976720377245,-6.5154222081600295e-06,-1.4381721746780098e-05,-0.0001699418705736635,-0.00013452538405545056,-1.0464280109090396e-08,-2.822547736924098e-06,-0.00016183010645543164,-0.00010575206241565995
248,0.029027004406586926,0.049693693808412126,0.04999997575534565,-6.493958343944763e-06,-1.3922485296913261e-05,-0.0001711199928025433,-0.00013313727686181664,-1.0679096718035908e-08,-2.8331048074284735e-06,-0.0001716431244240869,-0.00010491481321705456
249,0.029798252573645097,0.0496659937996527,0.049999974810445574,-6.474164812969457e-06,-1.3511217301269677e-05,-0.00017233718388237943,-0.00013163847324904054,-1.1075613315369992e-08,-2.843561324350574e-06,-0.0001821414925526869,-0.0001041792784054782
250,0.03057925308787453,0.049637091884641354,0.049999973889162566,-6.455893295719872e-06,-1.3142622012825534e-05,-0.00017359367745602364,-0.0001300593576161191,-1.1451668058271025e-08,-2.8539308924727483e-06,-0.00019338496817304814,-0.000103541110115476
251,0.03136982519282075,0.04960692173708662,0.04999997299485565,-6.439224961117329e-06,-1.2811541982228565e-05,-0.0001748906223220487,-0.0001283672609133646,-1.2443381436355594e-08,-2.8642455926932285e-06,-0.00020543988253950715,-0.0001029959987800639
252,0.03216972791048285,0.049575380981050944,0.04999997213073179,-6.424094518863561e-06,-1.2512549886946136e-05,-0.0001762293212149215,-0.00012656921171583235,-1.3499513507042593e-08,-2.8745329697276553e-06,-0.0002183800776750447,-0.00010253967153767397
253,0.032978702765972256,0.04954237161210451,0.04999997129989559,-6.410395571028098e-06,-1.224048147756782e-05,-0.00017761057943027153,-0.00012466635962482542,-1.4548757754084818e-08,-2.8848060870426554e-06,-0.00023228791913034496,-0.00010216785574277761
254,0.033796515821874366,0.04950782060038325,0.04999997050532519,-6.398077635191888e-06,-1.199058492010304e-05,-0.00017903550803705223,-0.00012266423436813056,-1.5938253383751544e-08,-2.8950819032837435e-06,-0.0002472554956892997,-0.00010187626489683671
255,0.03462288460295589,0.0494716245353402,0.04999996974986607,-6.3869752353581535e-06,-1.1758140697326565e-05,-0.00018050432401168167,-0.00012059006985509768,-1.7197882229424977e-08,-2.9053584785688886e-06,-0.0002633859955997937,-0.00010166060980340178
256,0.035457549228775705,0.04943368792898137,0.04999996903620731,-6.377037426472671e-06,-1.153889657186741e-05,-0.00018201761556932634,-0.00011845175322378054,-1.8566309378797996e-08,-2.915640207104709e-06,-0.00028079530569429006,-0.00010151659354384521
257,0.03630022834807088,0.049393901369556015,0.049999968366825465,-6.368212962909339e-06,-1.1328925913421236e-05,-0.0001835761470752761,-0.00011626294872257859,-2.0127069788600238e-08,-2.925935884603046e-06,-0.0002996139634810083,-0.00010143994540959012
258,0.03715059612019917,0.049352123835773955,0.04999996774397359,-6.36049904070532e-06,-1.1124432026874213e-05,-0.000185180547895509,-0.00011401485244277865,-2.186849812346736e-08,-2.9362465854346395e-06,-0.00031998942910431606,-0.00010142643445207943
259,0.038008329317952665,0.04930822798525351,0.04999996716967247,-6.353858642143466e-06,-1.092201753954086e-05,-0.0001868315998289838,-0.00011172475205967203,-2.3559564965580648e-08,-2.9465711661644177e-06,-0.00034208877232134896,-0.00010147184998922129
260,0.03887308176929585,0.049262084060852654,0.049999966645725466,-6.348222167127058e-06,-1.0718694106722138e-05,-0.00018852941779577226,-0.0001093994578695856,-2.5312179019465475e-08,-2.9568941073075936e-06,-0.0003661018202916232,-0.00010157200282725099
261,0.03974451629054696,0.049213565148322244,0.04999996617370133,-6.3435656099984975e-06,-1.0511865990314543e-05,-0.00019027460302693667,-0.00010704773012548685,-2.710232926972367e-08,-2.967207326409261e-06,-0.00039224494733571913,-0.00010172273148598445
262,0.040622261509039914,0.049162540482356264,0.04999996575492102,-6.339844315871387e-06,-1.0299298392004964e-05,-0.00019206769378864847,-0.0001046839970513247,-2.8878316626901324e-08,-2.9774987707702577e-06,-0.0004207656812869604,-0.0001019199117710319
263,0.041505935095310996,0.049108874376221794,0.04999996539046714,-6.337033718608549e-06,-1.0079137659113136e-05,-0.00019390906195250327,-0.00010231247870251536,-3.0688791952115935e-08,-2.9877503850703875e-06,-0.0004519481925834011,-0.000102159470637765
264,0.0423951371975483,0.0490524290452658,0.0499999650811635,-6.335132467381706e-06,-9.849932288959387e-06,-0.00019579925064104684,-9.994567517424002e-05,-3.2472971867036904e-08,-2.9979421530499174e-06,-0.00048611997088900084,-0.00010243739288263693
265,0.043289453657159804,0.04899308099172567,0.04999996482758208,-6.334105700748453e-06,-9.610568512568739e-06,-0.00019773813808286958,-9.759398380992934e-05,-3.4150872352256556e-08,-3.0080420881737333e-06,-0.0005236598926424118,-0.00010274972336955558
266,0.044188476098373175,0.04893070136707853,0.04999996463003775,-6.333966466222168e-06,-9.36034119202875e-06,-0.0001997260698169195,-9.526535723125562e-05,-3.5830407085768456e-08,-3.018024121332738e-06,-0.0005650081334818052,-0.00010309258416035652
267,0.04509176369990797,0.04886516385292076,0.049999964488579574,-6.33472047441691e-06,-9.09885768324024e-06,-0.00020176337150111924,-9.297159704146907e-05,-3.743740606410029e-08,-3.0278591847583185e-06,-0.0006106784819251963,-0.00010346218826350275
268,0.045998861912759495,0.04879634580431173,0.049999964403013214,-6.33637036435501e-06,-8.826024210843283e-06,-0.00020385010540550469,-9.072141983779147e-05,-3.892550282103002e-08,-3.03751075925916e-06,-0.0006612734994995516,-0.00010385485429164083
269,0.04690931004376011,0.04872413272872246,0.04999996437288677,-6.338975635828044e-06,-8.542075312125494e-06,-0.00020598660952609563,-8.851722668623552e-05,-4.048180457516537e-08,-3.0469447335836747e-06,-0.0007175034879350962,-0.00010426701843776828
270,0.047822625605968117,0.04864841557195312,0.049999964397502705,-6.342547956671826e-06,-8.247437718736058e-06,-0.0002081725696998697,-8.637298742542043e-05,-4.18211207886543e-08,-3.0561139142346117e-06,-0.000780210266351832,-0.00010469523875675697
271,0.048738339554601086,0.04856909783059066,0.049999964475932274,-6.347142986438583e-06,-7.942829109649053e-06,-0.00021040811219762677,-8.429324952885509e-05,-4.3170715002815996e-08,-3.064976870865331e-06,-0.0008503973064347255,-0.00010513620531807365
272,0.0496559547748401,0.04848609204828269,0.049999964607015265,-6.352804849077278e-06,-7.629126249519726e-06,-0.0002126933467282178,-8.22861329652369e-05,-4.4359449447028965e-08,-3.0734888361365536e-06,-0.0009292683700584193,-0.00010558675745243113
273,0.05057496145462338,0.0483993232588906,0.04999996478938729,-6.35958741930331e-06,-7.3074203408273515e-06,-0.00021502813686392541,-8.035985956666991e-05,-4.5471590937040673e-08,-3.081599748588009e-06,-0.001018277127514939,-0.00010604389713988945
274,0.0514948498720492,0.048308727328163915,0.04999996502148047,-6.367574900108918e-06,-6.978913557944567e-06,-0.0002174124690618165,-7.851870032027364e-05,-4.649857743288521e-08,-3.089260739615843e-06,-0.0011191917291574608,-0.00010650479849574914
275,0.05241509625692131,0.04821425318970723,0.04999996530153384,-6.376843676818356e-06,-6.6449195167216e-06,-0.0002198458793682461,-7.676945097045973e-05,-4.745792026028539e-08,-3.0964123382060833e-06,-0.0012341794993575724,-0.00010696681682540718
276,0.053335185773296045,0.04811587046732869,0.04999996562761139,-6.387486902566913e-06,-6.306825467184636e-06,-0.00022232818010420644,-7.511983130825683e-05,-4.8255969886668026e-08,-3.1030004194857307e-06,-0.0013659193922333892,-0.00010742750004106613
277,0.05425458554043697,0.048013563696236154,0.0499999659976086,-6.399617553108746e-06,-5.966077782019538e-06,-0.00022485923189309866,-7.357165304711089e-05,-4.900610406366468e-08,-3.108969044770346e-06,-0.001517753258361528,-0.00010788460068216406
278,0.05517275578701674,0.04790732717532231,0.04999996640928106,-6.413330349935728e-06,-5.6241720431473666e-06,-0.00022743862940439606,-7.21308242646046e-05,-4.96938348248932e-08,-3.1142574023042994e-06,-0.001693891344051007,-0.00010833608171250365
279,0.05608916186929922,0.04779719064901128,0.04999996686026067,-6.42875616033304e-06,-5.282529467510304e-06,-0.00023006613947875845,-7.080195791786537e-05,-5.029264116274135e-08,-3.1188048600711422e-06,-0.0018996957200247055,-0.00010878012597155784
280,0.05700325658776622,0.047683183458344186,0.049999967348070856,-6.446008140831385e-06,-4.942631999660231e-06,-0.00023274094628805044,-6.958888116059825e-05,-5.071370878795278e-08,-3.1225477025571814e-06,-0.00214207670897908,-0.0001092151448280724
281,0.05791451669839534,0.047565372592005765,0.04999996787013289,-6.465270425853268e-06,-4.605896918452818e-06,-0.0002354627059202012,-6.849431520095095e-05,-5.12817344144878e-08,-3.1254239237808875e-06,-0.0024300570400233893,-0.00010963978371089506
282,0.058822394305357774,0.0474438329735123,0.049999968423782654,-6.486677190074413e-06,-4.273664276867321e-06,-0.00023823099962417537,-6.752133776899427e-05,-5.167533956296211e-08,-3.1273705441200205e-06,-0.002775589443885598,-0.00011005292519262764
283,0.059726350082849225,0.04731866854623114,0.049999969006311325,-6.5103755723523465e-06,-3.947254006824081e-06,-0.00024104506283816803,-6.667215347988531e-05,-5.195215280195953e-08,-3.128313290681063e-06,-0.0031947638955562574,-0.00011045368804532812
284,0.060625854494510925,0.0471900143622359,0.0499999696149763,-6.536512452281621e-06,-3.6279226081185447e-06,-0.00024390431814187946,-6.595510058104992e-05,-5.2038142683841215e-08,-3.128206316785543e-06,-0.003709630782220312,-0.00011084143900698734
285,0.06152038306718532,0.04705800381887318,0.04999997024699612,-6.565351801897695e-06,-3.3168671450867778e-06,-0.0002468079548749292,-6.536500586662441e-05,-5.267723324209328e-08,-3.126974681870789e-06,-0.00435102195070006,-0.0001112158013581759
286,0.06240940621228877,0.04692279322868084,0.04999997089957406,-6.597051474417991e-06,-3.015134918592941e-06,-0.00024975536642464117,-6.490504165412858e-05,-5.2922224824669684e-08,-3.124555644435833e-06,-0.00516303567174388,-0.00011157664479818787
287,0.06329240614065651,0.04678458132137845,0.04999997156993997,-6.631788769013343e-06,-2.7237877329250778e-06,-0.00025274551536882245,-6.457453855546191e-05,-5.290121052325958e-08,-3.120874462265142e-06,-0.006210385948660294,-0.0001119240669593299
288,0.06416889056689945,0.04664360071561255,0.04999997225535965,-6.66973619455348e-06,-2.4438083566966745e-06,-0.00025577743130981816,-6.438521813834086e-05,-5.2912952241968014e-08,-3.115879813745983e-06,-0.007590860549669192,-0.00011225840726582029
289,0.06503836421388376,0.046500068310267484,0.049999972953122,-6.711186145482755e-06,-2.176186757857741e-06,-0.00025885046548252446,-6.433262751670554e-05,-5.322762675064041e-08,-3.1095242344002054e-06,-0.009457259430525763,-0.00011258027039413445
290,0.06590033032171627,0.04635421445620073,0.04999997366055662,-6.756401997270187e-06,-1.9218007370941845e-06,-0.0002619635636577707,-6.441567529691383e-05,-5.3819508849528575e-08,-3.1017366219581963e-06,-0.01205769046315529,-0.00011289051354536426
291,0.06675430548082283,0.046206296446109976,0.049999974375070255,-6.805585650848053e-06,-1.6815057254090996e-06,-0.0002651156894295003,-6.462942837970331e-05,-5.3815416123370596e-08,-3.0924577732827816e-06,-0.01581307269086389,-0.00011319021249310915
292,0.06759984667483583,0.04605665304680624,0.04999997509416798,-6.858942714200928e-06,-1.4562159538002046e-06,-0.0002683056831617534,-6.49808207526803e-05,-5.387730794836898e-08,-3.081631691906701e-06,-0.021473537871297153,-0.0001134806446184764
293,0.06843651624116845,0.04590559522917466,0.049999975815454886,-6.916723626864843e-06,-1.2468320732806759e-06,-0.0002715323021273087,-6.547633529407904e-05,-5.4046562780740715e-08,-3.0692089051504362e-06,-0.03044813912764857,-0.00011376332241961061
294,0.06926387324554643,0.04575341722236931,0.049999976536624725,-6.979239306682468e-06,-1.0543281293950855e-06,-0.00027479457041209757,-6.611442950088531e-05,-5.431136784750379e-08,-3.0551481753110353e-06,-0.04551460247851415,-0.00011403999449307971
295,0.07008150142515653,0.045600441242976665,0.04999997725547546,-7.0467716762400154e-06,-8.797091048327577e-07,-0.0002780909895187497,-6.68910943204537e-05,-5.466716856972198e-08,-3.039398634648245e-06,-0.0722578078309451,-0.00011431262072426775
296,0.0708890082678898,0.045447010673665675,0.04999997796992422,-7.119606335996563e-06,-7.240575279813521e-07,-0.00028142040230218657,-6.780700641684234e-05,-5.492922383609766e-08,-3.021920070182096e-06,-0.12103559583907045,-0.0001145833632579056
297,0.07168601423220115,0.045293484603056655,0.049999978678015575,-7.198025463281115e-06,-5.885609829496169e-07,-0.00028478147922401253,-6.886195478728041e-05,-5.5136961663038164e-08,-3.002676475632677e-06,-0.20464441484049775,-0.00011485457741270567
298,0.072472160039613,0.045140233989115035,0.049999979377930034,-7.282334278721301e-06,-4.745214010943314e-07,-0.000288172830055112,-7.005876250332221e-05,-5.5476654381436674e-08,-2.9816359024605547e-06,-0.1822354667647867,-0.00011512881036465793
299,0.07324710315728553,0.044987616420130855,0.04999998006798072,-7.37285663624327e-06,-3.8338027954845377e-07,-0.0002915933471262154,-7.140248635550961e-05,-5.5869008974696044e-08,-2.9587965892635337e-06,-0.10792796572626805,-0.0001154088004170728
300,0.07401052011790042,0.04483598648656634,0.04999998074661572,-7.469980621508267e-06,-3.1673044333820466e-07,-0.00029504133507969756,-7.28823579265736e-05,-5.6645387047637996e-08,-2.934086825115653e-06,-0.06569978400214774,-0.00011569745306464785
301,0.07476210080738992,0.04468572937737725,0.04999998141244473,-7.573859050153023e-06,-2.7628598222087e-07,-0.0002985150105502762,-7.449994882335886e-05,-5.6283962379666264e-08,-2.9075092476122467e-06,-0.04241640640793046,-0.00011599782159706655
302,0.07550159306402542,0.04453727610794138,0.04999998206421614,-7.684939795896516e-06,-2.639674915389805e-07,-0.0003020127430723244,-7.625518628628924e-05,-5.659873281160799e-08,-2.8790550641315854e-06,-0.02905991107960077,-0.00011631311646463937
303,0.07622873812521995,0.04439096166665357,0.049999982700790466,-7.803592477730303e-06,-2.818552586725567e-07,-0.00030553334791258153,-7.817317236913368e-05,-5.754612786290636e-08,-2.84872479223259e-06,-0.0209411692331719,-0.0001166467428799316
304,0.07694325863953114,0.0442470762507583,0.04999998332115783,-7.930239660371979e-06,-3.3237833826351213e-07,-0.0003090753037390381,-8.022192196222022e-05,-5.780445988534666e-08,-2.816518819381322e-06,-0.015722245927664222,-0.00011700226677596182
305,0.0776449544747903,0.044106019405449115,0.04999998392445732,-8.065187608321932e-06,-4.179279079776698e-07,-0.0003126367250123254,-8.241028990596533e-05,-5.822418103207383e-08,-2.782440313077323e-06,-0.01220028953509014,-0.00011738336806828712
306,0.07833363593604947,0.043968150322238775,0.049999984509969335,-8.208837872545759e-06,-5.411674887717928e-07,-0.0003162160329552313,-8.473727939417586e-05,-5.861566521048189e-08,-2.7465028839803312e-06,-0.00972420144667403,-0.00011779385860353597
307,0.0790091291219494,0.04383381606314484,0.04999998507709765,-8.36157757153494e-06,-7.049139909779952e-07,-0.00031981165091851714,-8.72040691319853e-05,-5.905212674406357e-08,-2.7087271456183943e-06,-0.007922692760222628,-0.00011823767877415037
308,0.07967127562981248,0.04370334454536352,0.04999998562537407,-8.523803480968063e-06,-9.121809094804962e-07,-0.0003234219005840309,-8.981144492281601e-05,-5.950461101633664e-08,-2.6691376943308914e-06,-0.006573656196545034,-0.00011871889331943162
309,0.08031994396599478,0.04357705392368228,0.04999998615445262,-8.695922111956174e-06,-1.166109008960131e-06,-0.0003270450351426031,-9.255644545191899e-05,-5.984266238101554e-08,-2.627751957495997e-06,-0.005538477582526803,-0.00011924168379098257
310,0.08095501671665828,0.043455257355082384,0.04999998666410764,-8.878292875098663e-06,-1.4699703614280352e-06,-0.00033067901039366885,-9.543480700813234e-05,-5.990477092154833e-08,-2.5846388447492376e-06,-0.004727387271042221,-0.00011981035462883337
311,0.08157642188248114,0.04333824889114989,0.04999998715420114,-9.071523585004907e-06,-1.8271946112873215e-06,-0.00033432244759272153,-9.84567086561583e-05,-6.077767267242962e-08,-2.539828039050763e-06,-0.004080339192796485,-0.00012042933476961865
312,0.0821840648824272,0.043226270449068675,0.04999998762468393,-9.275973975181004e-06,-2.2413670352060736e-06,-0.00033797377367909186,-0.00010161856334889308,-6.115416084639946e-08,-2.4933727813375113e-06,-0.003556017663950086,-0.00012110316393036736
313,0.08277789128430796,0.04311959349180191,0.049999988075620026,-9.49207268522054e-06,-2.7160612788153248e-06,-0.00034163139560098845,-0.00010489338455954567,-6.098304794477372e-08,-2.445349240764814e-06,-0.003125280735711177,-0.00012183646380064808
314,0.08335789000943804,0.04301852028345234,0.049999988507168504,-9.720301138650642e-06,-3.254612432372681e-06,-0.0003452934410572505,-0.00010831523832166567,-6.183179124263916e-08,-2.395769018977197e-06,-0.002767117568498222,-0.00012263394158625344
315,0.0839240199438992,0.04292323120115769,0.049999988919586125,-9.960916168757246e-06,-3.8606783637812275e-06,-0.00034895763203917474,-0.00011185088806087151,-6.120615125837503e-08,-2.3447607715780077e-06,-0.0024660823491036822,-0.00012350041340136598
316,0.08447632574450538,0.042833981792141526,0.049999989313178256,-1.0214720045440479e-05,-4.537748632117303e-06,-0.0003526221813405568,-0.00011552272189874202,-6.193796764364379e-08,-2.2923342620326934e-06,-0.0022106211919626917,-0.00012444078998241173
317,0.0850148005158687,0.04275091248842556,0.049999989688300224,-1.0481903381034736e-05,-5.2892702743214734e-06,-0.0003562852207151617,-0.00011932647612411529,-6.175805822294933e-08,-2.238599517286631e-06,-0.001991955468334298,-0.00012546009891743813
318,0.08553948142284677,0.042674179184834564,0.049999990045367065,-1.0763153765687832e-05,-6.118918005418953e-06,-0.00035994470379835294,-0.00012322260590735823,-6.114395745271395e-08,-2.1836479430567107e-06,-0.0018033210487984751,-0.00012656346434121058
319,0.08605044964842942,0.04260395007330722,0.0499999903848231,-1.105897060204525e-05,-7.029495464515117e-06,-0.00036359929194683784,-0.00012728676665574312,-6.220427195557932e-08,-2.127574344883407e-06,-0.0016394390934950408,-0.00012775613861105617
320,0.08654772409188283,0.04254020348886597,0.049999990707150825,-1.136996359290598e-05,-8.025190946147173e-06,-0.00036724684942250266,-0.0001314481341978535,-6.18112210304389e-08,-2.0704672263419314e-06,-0.0014961418839273283,-0.00012904350179805706
321,0.08703141566407514,0.04248312121319006,0.049999991012871316,-1.1696603476684312e-05,-9.108437390838776e-06,-0.0003708857916863514,-0.00013571363524533808,-6.153852893930889e-08,-2.012449787258398e-06,-0.0013701040961711097,-0.00013043098514716158
322,0.08750163220699947,0.04243280077370343,0.0499999913025419,-1.2039483458159012e-05,-1.0281816091417443e-05,-0.00037451442052779065,-0.00014010041195433587,-6.185003087466612e-08,-1.9535704430884373e-06,-0.0012586466015140094,-0.0001319240942964694
323,0.08795846339472986,0.04238930901377367,0.04999999157677061,-1.239883724794224e-05,-1.1547632222277739e-05,-0.00037813060252538393,-0.0001445704692741856,-6.081079817477075e-08,-1.8939627982880314e-06,-0.0011595916435200157,-0.0001335284113420595
324,0.0884020561269655,0.0423527437045648,0.04999999183619123,-1.2775373883699776e-05,-1.2907778291688203e-05,-0.0003817320992164164,-0.00014913640916347504,-6.035411104221566e-08,-1.8337358919879225e-06,-0.00107115454427572,-0.00013524960379476765
325,0.08883255292777927,0.0423230885951816,0.049999992081429925,-1.3169674707898822e-05,-1.4364057178673927e-05,-0.000385317010624874,-0.0001538414362585172,-6.078712289081523e-08,-1.7730007155435145e-06,-0.0009918615053991875,-0.00013709347759734746
326,0.08925007196705007,0.04230025129980539,0.04999999231310111,-1.3582449392876283e-05,-1.5919174001803544e-05,-0.0003888838461263127,-0.0001586175785632804,-6.003162411616358e-08,-1.711869235149427e-06,-0.0009204867593839774,-0.00013906594019145793
327,0.08965478418079027,0.042284293057079744,0.049999992531830434,-1.4014115936348519e-05,-1.757346495670955e-05,-0.00039243065383503194,-0.00016348033386748284,-5.9483717507191614e-08,-1.650454756559817e-06,-0.0008560041513783238,-0.00014117294698752874
328,0.09004685572208523,0.04227518125468669,0.04999999273826314,-1.4465256922982236e-05,-1.9327772452593727e-05,-0.00039595588060011385,-0.00016842807235661894,-5.896528776361265e-08,-1.5888729804911452e-06,-0.0007975493646980348,-0.00014342053431466787
329,0.0904264581338592,0.04227286945918245,0.04999999293304852,-1.493640256833272e-05,-2.1182457795787066e-05,-0.00039945748831952894,-0.0001734573015710339,-5.840028549641829e-08,-1.527238463046896e-06,-0.0007443902166451241,-0.0001458148133459557
330,0.09079377689378441,0.04227728414720521,0.04999999311683736,-1.5428138270226847e-05,-2.313758430213122e-05,-0.0004029329484990045,-0.0001785567874321714,-5.7694741428804264e-08,-1.465664612473208e-06,-0.0006959031630297891,-0.0001483619693348922
331,0.09114901326433883,0.042288360638253836,0.04999999329025966,-1.5941116778728782e-05,-2.5192753975574878e-05,-0.00040638083470585144,-0.00018372960039414465,-5.701918937006667e-08,-1.4042684295328402e-06,-0.0006515544703153984,-0.0001510682541960007
332,0.09149235879995618,0.04230599611303941,0.04999999345393144,-1.6475880318089194e-05,-2.7347133680292755e-05,-0.0004097991195150599,-0.0001889641716843471,-5.625571475320612e-08,-1.3431516830171135e-06,-0.000610885090811051,-0.0001539399799993518
333,0.09182401543839165,0.04233008338538437,0.0499999936084687,-1.703292422869723e-05,-2.9599458054210026e-05,-0.00041318616403709403,-0.0001942511007655412,-5.526237245589982e-08,-1.2824563840135874e-06,-0.0005734984730619352,-0.00015698352111531163
334,0.09214419860128628,0.042360500193719064,0.0499999937544722,-1.761301883071689e-05,-3.194833876489916e-05,-0.0004165402564897443,-0.0001996117498492822,-5.4893138923262086e-08,-1.2222775895959597e-06,-0.000539050591090365,-0.0001602053183882126
335,0.09245310999700031,0.042397082623603054,0.04999999389253069,-1.821663242010826e-05,-3.439214143979754e-05,-0.0004198589498315958,-0.0002050185576081276,-5.401936320481582e-08,-1.162723273494356e-06,-0.0005072417931079253,-0.0001636118623752565
336,0.09275097847751973,0.04243970710096563,0.04999999402321678,-1.8844404621362133e-05,-3.692841049394949e-05,-0.0004231405021036248,-0.00021044284221716225,-5.274677050692844e-08,-1.1039000961932686e-06,-0.0004778101038249632,-0.0001672096436422356
337,0.09303803940302607,0.0424882746848858,0.049999994147086016,-1.949681169985592e-05,-3.9553276815882905e-05,-0.0004263830382245363,-0.000215914988075383,-5.196050167910471e-08,-1.0459130463811188e-06,-0.0004505256567635802,-0.00017100517057159402
338,0.09331450909371736,0.04254257512881725,0.04999999426468192,-2.017447675913005e-05,-4.226444472968291e-05,-0.0004295848448018857,-0.00022141681984066963,-5.0958323782879233e-08,-9.88863438110348e-07,-0.00042518606498131485,-0.00017500499640291513
339,0.09358061587258654,0.04260244433281515,0.04999999437652928,-2.0877964342612017e-05,-4.505844341565403e-05,-0.00043274385579474613,-0.0002269451506435871,-5.000322289561154e-08,-9.328475883217934e-07,-0.0004016125607088011,-0.0001792156867797909
340,0.09383659320015006,0.04266768507057482,0.049999994483134275,-2.160784652485532e-05,-4.793158602375971e-05,-0.0004358576552921283,-0.0002324951783521101,-4.901589889527713e-08,-8.779574424401998e-07,-0.0003796467594526426,-0.00018364380686498692
341,0.09408268252481584,0.042738123107907755,0.04999999458497229,-2.2364757013219686e-05,-5.0879718823827486e-05,-0.0004389246954600026,-0.0002380533842369914,-4.795181141048488e-08,-8.242831685501767e-07,-0.00035914790994314696,-0.00018829591255840002
342,0.09431911459582827,0.04281356037668053,0.049999994682494546,-2.314921318658038e-05,-5.389856568223454e-05,-0.00044194312296775206,-0.00024362314434256405,-4.692743260648058e-08,-7.719096778500355e-07,-0.0003399905721276809,-0.00019317854545231744
343,0.09454612584141131,0.042893792691105305,0.049999994776139645,-2.3961745101071537e-05,-5.698356566007974e-05,-0.00044491121908370364,-0.0002491880441084504,-4.5822712735343885e-08,-7.209168976686351e-07,-0.00032206265391294844,-0.0001982982157293806
344,0.0947639531233289,0.04297860688138597,0.04999999486633122,-2.4802848089212987e-05,-6.01297827254295e-05,-0.0004478269365936206,-0.0002547508920542896,-4.477679382830502e-08,-6.713791970789014e-07,-0.0003052637314390046,-0.00020366139097320688
345,0.09497283604919526,0.043067802412641215,0.04999999495347273,-2.5673069595235858e-05,-6.33322090848617e-05,-0.0004506878008690809,-0.00026029266882687807,-4.358671645832146e-08,-6.233653697435686e-07,-0.0002895036158442972,-0.00020927447778461714
346,0.09517302140719983,0.04316117753595822,0.04999999503793416,-2.6572986270000896e-05,-6.65852095658836e-05,-0.0004534923960503644,-0.00026582504506222904,-4.259726082977977e-08,-5.769406954957045e-07,-0.00027470111212779975,-0.00021514381101882826
347,0.09536474132351597,0.04325850857303457,0.04999999512006259,-2.7503026441908756e-05,-6.988348761423055e-05,-0.0004562387435619365,-0.0002713241265155375,-4.137577747087562e-08,-5.321630119535805e-07,-0.0002607829513494915,-0.00022127564885465712
348,0.09554823453782403,0.04335957831330238,0.04999999520019188,-2.8463647485670015e-05,-7.322131450204697e-05,-0.0004589249145465182,-0.00027679631602950394,-4.033027423133717e-08,-4.890621864192104e-07,-0.00024768286507546725,-0.00022767614050750158
349,0.0957237328068585,0.04346417525764609,0.04999999527864476,-2.945498400997251e-05,-7.659233241738604e-05,-0.00046154827873921454,-0.00028219763771630824,-3.8670897595238785e-08,-4.4770858525025364e-07,-0.00023534080199881678,-0.00023435132455126492
350,0.09589148505273737,0.04357208050674433,0.04999999535570878,-3.047789033056111e-05,-7.9990959178333e-05,-0.00046410669765941444,-0.00028757890686392784,-3.7732704072368506e-08,-4.081432741940418e-07,-0.0002237022425014062,-0.00024130717141866923
351,0.09605171729809159,0.04368298769477762,0.04999999543161561,-3.1532962175745764e-05,-8.34127407366007e-05,-0.0004665991410594567,-0.0002929477486759424,-3.704006346083588e-08,-3.7040086406745923e-07,-0.00021271756675849839,-0.00024854959277306976
352,0.09620464461381498,0.04379662912730067,0.049999995506573996,-3.262054527835417e-05,-8.685310420275712e-05,-0.00046902360802314507,-0.0002982209553010762,-3.567006601201683e-08,-3.345095330331575e-07,-0.00020234152739099102,-0.0002560843369268614
353,0.09635051230961375,0.043912866521066386,0.04999999558079345,-3.374079744233066e-05,-9.030375070985197e-05,-0.00047137872312329475,-0.00030342800891958177,-3.450483276878913e-08,-3.005097338059724e-07,-0.00019253279906242358,-0.00026391694500129987
354,0.09648954894396691,0.044031479654661476,0.04999999565447118,-3.489427277819312e-05,-9.375882739050639e-05,-0.0004736626502224552,-0.0003085875359829515,-3.375019019813408e-08,-2.683911243698831e-07,-0.00018325356222425262,-0.0002720527814757409
355,0.09662197171904861,0.04415224806290072,0.049999995727796065,-3.608080853770621e-05,-9.721170277015178e-05,-0.00047587264768049605,-0.0003136387967970222,-3.233556000736826e-08,-2.3816783509419907e-07,-0.00017446914778707849,-0.0002804969789932449
356,0.09674801748707593,0.04427500492957522,0.04999999580093767,-3.730079246331332e-05,-0.00010065484112756546,-0.00047800657957989867,-0.0003185682580806315,-3.078198673733823e-08,-2.0984900550614417e-07,-0.00016614773272523764,-0.00028925442596278985
357,0.0968679113447769,0.0443995523488097,0.04999999587402605,-3.8554538217238115e-05,-0.00010408152383391245,-0.0004800629443664972,-0.0003234563337173313,-3.002534754159569e-08,-1.8343733373675627e-07,-0.00015826005304825263,-0.00029832987051413296
358,0.0969818495409333,0.04452556594876882,0.049999995947159766,-3.984247136036296e-05,-0.00010748916402290523,-0.0004820402440771055,-0.00032824563095346093,-2.8953627051464537e-08,-1.5892869748483607e-07,-0.000150779150020523,-0.0003077279190788132
359,0.09709004451529796,0.04465282365939273,0.04999999602041785,-4.11647227681254e-05,-0.00011087149384246013,-0.00048393660165099207,-0.0003329235187266022,-2.7881801756279856e-08,-1.3631240619069885e-07,-0.0001436801514279617,-0.0003174529228230209
360,0.09719270801573111,0.044781129505148974,0.04999999609386649,-4.252141599723707e-05,-0.00011422203249779255,-0.0004857499355344782,-0.00033749520662240684,-2.691167289015084e-08,-1.1557248576260026e-07,-0.00013694007729439503,-0.00032750897263802086
361,0.0972900466358043,0.0449102876776001,0.049999996167547585,-4.391276118974519e-05,-0.00011753496311093157,-0.00048747883735791007,-0.00034194072941318154,-2.5845935169854783e-08,-9.668760532815156e-08,-0.00013053766472104404,-0.0003378998872444776
362,0.09738226107761101,0.045040103453360125,0.04999999624148582,-4.533871590464318e-05,-0.00012080397561247869,-0.0004891216280078592,-0.00034625703119672835,-2.48254163892625e-08,-7.963154841924667e-08,-0.0001244532118839724,-0.0003486291976301208
363,0.09746954857060955,0.04517037512481499,0.049999996315699215,-4.679925970554963e-05,-0.00012402326601082173,-0.0004906769207122041,-0.0003504465857986361,-2.390632758419997e-08,-6.437305888640697e-08,-0.00011866843774302207,-0.00035970014316081037
364,0.09755209930402083,0.04530092328024109,0.04999999639019623,-4.829431902737918e-05,-0.00012718714681407415,-0.0004921429294670467,-0.00035449661663733423,-2.2921339493109372e-08,-5.087665616900131e-08,-0.00011316635735660009,-0.00037111565839933975
365,0.0976301027137312,0.045431552737750576,0.04999999646497115,-4.9823858966771965e-05,-0.00013028995835434986,-0.0004935176093651803,-0.0003583990328479558,-2.2021641399305736e-08,-3.910255589632275e-08,-0.0001079311716410385,-0.00038287836158580786
366,0.09770374398208026,0.04556208447296057,0.04999999653999408,-5.138788374399957e-05,-0.00013332624350847336,-0.0004947998311512179,-0.0003621551732067019,-2.1163158336889865e-08,-2.900708204500986e-08,-0.0001029481646401005,-0.0003949905473860716
367,0.09777319893576412,0.04569234621465732,0.049999996615220366,-5.2986156544895276e-05,-0.00013629084715266837,-0.0004959880634975689,-0.00036575368721969426,-2.0306414327819766e-08,-2.054263052832186e-08,-9.82036123934478e-05,-0.00040745418257263
368,0.09783864081089799,0.04582216022264707,0.049999996690600415,-5.461845929917519e-05,-0.00013917875761538902,-0.000497081095260567,-0.00036918892874382436,-1.9482785162949767e-08,-1.365820990200048e-08,-9.36847014094588e-05,-0.0004202708859978032
369,0.09790023802475067,0.045951358653505886,0.04999999676607776,-5.628448701623703e-05,-0.0001419847763737549,-0.0004980773295362569,-0.0003724547568708658,-1.8711920901637313e-08,-8.299436335625674e-09,-8.937945438460623e-05,-0.00043344192583356483
370,0.09795815339797395,0.04607977885295361,0.04999999684158611,-5.798399805541779e-05,-0.00014470447880774576,-0.0004989750626073664,-0.0003755503275897354,-1.799285520576177e-08,-4.40914187799218e-09,-8.527666341387988e-05,-0.0004469682097767141
371,0.09801254741845578,0.046207271796442524,0.04999999691704014,-5.971677223307445e-05,-0.00014733297682622333,-0.0004997733796555733,-0.00037846434861421585,-1.7271192476187025e-08,-1.927409107045647e-09,-8.13658293603951e-05,-0.000460850260437964
372,0.09806357212685082,0.04633367283985399,0.04999999699234539,-6.148230764303269e-05,-0.00014986564893875235,-0.000500471426140609,-0.00038119536475278437,-1.6653467937999267e-08,-8.119551995723527e-10,-7.763710770238843e-05,-0.0004750882466142339
373,0.09811137569122384,0.04645885130366554,0.04999999706740298,-6.328061055764352e-05,-0.0001522994535447502,-0.0005010682495685171,-0.00038377902819775045,-1.6312801776052765e-08,-9.526524737019201e-10,-7.408125304229373e-05,-0.000489681936919357
374,0.09815609149158448,0.046582662326506624,0.04999999714212919,-6.510992201990724e-05,-0.00015462868323853064,-0.0005015618461427432,-0.0003860964498016983,-1.5465060343444748e-08,-2.310812883985338e-09,-7.068957644638256e-05,-0.0005046306279887505
375,0.09819787213528498,0.04670503511146734,0.04999999721643962,-6.697043330250137e-05,-0.00015684831652866703,-0.0005019504515761116,-0.00038819442852400243,-1.4700532346978434e-08,-4.81777201451953e-09,-6.74539127336636e-05,-0.0005199332159210683
376,0.09823684994445413,0.046825818548159544,0.04999999729020929,-6.886195106461358e-05,-0.00015895566926052733,-0.0005022343810645234,-0.000390197936212644,-1.4660424874080036e-08,-8.4043804962676e-09,-6.436657308600434e-05,-0.000535588354994955
377,0.09827312817875383,0.046944765602005584,0.049999997363301886,-7.07838829318885e-05,-0.00016095278340617707,-0.0005024125578567481,-0.00039194696000777185,-1.4137031989491788e-08,-1.3000578064168866e-08,-6.142030937948463e-05,-0.0005515943453659714
378,0.09830683985358392,0.04706185305274868,0.04999999743559442,-7.27353172002398e-05,-0.00016283293270886627,-0.000502484313554715,-0.0003934802080038935,-1.379576541893357e-08,-1.8535748866914194e-08,-5.8608286984244e-05,-0.0005679489741015494
379,0.09833810070549127,0.04717697289746024,0.04999999750697166,-7.471545056511215e-05,-0.00016459288028796942,-0.0005024487801735231,-0.00039481031126342714,-1.3495728978796251e-08,-2.4934742437657902e-08,-5.5924054304092326e-05,-0.000584649612879213
380,0.0983670196945492,0.04729002714738095,0.049999997577320314,-7.67234687064123e-05,-0.00016623016196613152,-0.000502304720537319,-0.00039591334643773735,-1.3252017261322635e-08,-3.2125643963677995e-08,-5.336151687335894e-05,-0.0006016932283793335
381,0.0983937025002053,0.04740092198670645,0.04999999764651791,-7.875874587528186e-05,-0.00016774248942335123,-0.0005020520757782432,-0.0003967943775933236,-1.3033235823911582e-08,-4.005581333339157e-08,-5.091491401688577e-05,-0.0006190764194043581
382,0.09841824690357509,0.04750955648859531,0.04999999771443206,-8.082090012342622e-05,-0.00016912915138885207,-0.0005016907514951124,-0.0003974992432631552,-1.2980900798709172e-08,-4.864089444477741e-08,-4.857879500651347e-05,-0.0006367954354104957
383,0.09844074025311136,0.04761583295725072,0.04999999778093933,-8.290861912558436e-05,-0.0001703889889573856,-0.0005012206122501612,-0.00039797485806047916,-1.294622364866882e-08,-5.781208703412782e-08,-4.6347997402091516e-05,-0.0006548461010002755
384,0.09846127376048712,0.04771970419340191,0.04999999784593445,-8.502077345922121e-05,-0.00017151916948696892,-0.000500640701331904,-0.00039818239747546613,-1.288734274851322e-08,-6.750090466137142e-08,-4.4217630906575186e-05,-0.000673223761282297
385,0.09847993736110697,0.04782113754449286,0.04999999790931504,-8.715649653394508e-05,-0.00017251685900157815,-0.0004999507461898489,-0.0003982002381235361,-1.2919279868128797e-08,-7.764019613259424e-08,-4.218305981533929e-05,-0.0006919233900158454
386,0.09849680174466258,0.047920029195175365,0.049999997970966215,-8.931515208635579e-05,-0.00017338361104431878,-0.0004991508627998013,-0.0003979933972004801,-1.308095853858049e-08,-8.816443410541076e-08,-4.0239885460429966e-05,-0.0007109396502715741
387,0.09851193852061742,0.04801631958514986,0.049999998030772215,-9.149562442782134e-05,-0.00017411891633202156,-0.0004982410744503802,-0.00039756763726472855,-1.323156784138746e-08,-9.900951573379013e-08,-3.838393200405389e-05,-0.0007302668458312462
388,0.09852541390746573,0.048109956031708645,0.049999998088625,-9.369692465610851e-05,-0.00017472294346341607,-0.0004972217063519937,-0.0003969229001086205,-1.3490918604475155e-08,-1.1011356570516536e-07,-3.661123258180865e-05,-0.000749898937616727
389,0.09853728805114459,0.048200890178713714,0.04999999814442163,-9.591796339640316e-05,-0.00017519601339073906,-0.0004960927297322611,-0.00039605400525033474,-1.3816580768377662e-08,-1.214163354005095e-07,-3.491801700619006e-05,-0.000769829549819814
390,0.09854761875587997,0.048289076927113955,0.04999999819806284,-9.815773827451235e-05,-0.00017553869471898615,-0.0004948542472291898,-0.00039497288526035845,-1.4165050465919649e-08,-1.3286008379773579e-07,-3.330070051606693e-05,-0.0007900519936210573
391,0.09855645658514776,0.04837447960071439,0.04999999824944534,-0.00010041537174254505,-0.00017575228164949208,-0.0004935069566853467,-0.0003936800640076399,-1.4618755983519804e-08,-1.4438962950186296e-07,-3.175587204310188e-05,-0.0008105592890238661
392,0.09856384645440376,0.04845706086020449,0.04999999829846713,-0.00010268969588772702,-0.0001758381770125789,-0.0004920514024379439,-0.0003921765892300755,-1.512287006733004e-08,-1.5595226532209638e-07,-3.028028431664575e-05,-0.0008313441809335597
393,0.0985698293959522,0.04853680191858939,0.04999999834503267,-0.00010497964237712269,-0.00017579828209216125,-0.0004904883890828469,-0.0003904664481524378,-1.5697009914106275e-08,-1.6749833005526868e-07,-2.8870844236279707e-05,-0.0008523991543896645
394,0.09857444038188107,0.04861367274199703,0.04999999838905135,-0.00010728404797030738,-0.00017563452645993053,-0.0004888185710343466,-0.0003885587502736598,-1.6335841124259787e-08,-1.7898045230994633e-07,-2.7524604477827208e-05,-0.0008737164571617726
395,0.09857771100904152,0.048687664530706304,0.04999999843043463,-0.00010960191423111796,-0.00017534956737683648,-0.00048704254263405296,-0.00038645160384476185,-1.705742214141992e-08,-1.9035461450190224e-07,-2.62387556403898e-05,-0.0008952881311568668
396,0.09857966680783974,0.048758759281759934,0.049999998469088106,-0.00011193234441016317,-0.0001749462427626259,-0.0004851615534837305,-0.0003841548168566078,-1.7823655440452058e-08,-2.0157988775105567e-07,-2.50106179665244e-05,-0.0009171060218079113
397,0.09858032928915027,0.048826956312357034,0.049999998504917875,-0.0001142740953271949,-0.00017442737527087173,-0.00048317669429973276,-0.0003816697862930596,-1.866530752181461e-08,-2.1261815400029695e-07,-2.3837634985398893e-05,-0.000939161809959061
398,0.09857971514343739,0.04889225848801296,0.049999998537832976,-0.00011662617725532094,-0.00017379664394116028,-0.0004810893876532672,-0.00037901828181929886,-1.952676420557964e-08,-2.2343486448133007e-07,-2.271736675444853e-05,-0.0009614470603208224
399,0.0985778341279017,0.048954668278332565,0.04999999856774165,-0.0001189874879081937,-0.00017305821769610273,-0.0004789008353857506,-0.00037619229988195,-2.0503998499066256e-08,-2.3399848043885579e-07,-2.16474835274258e-05,-0.0009839532318514442
400,0.09857469514439474,0.04901420168283627,0.049999998594551225,-0.00012135700129282674,-0.00017221580197042687,-0.00047661237804092095,-0.000373210379621014,-2.147395683493869e-08,-2.442807234992145e-07,-2.062576038689997e-05,-0.001006671694185741
401,0.09857030080059541,0.04907087005938631,0.04999999861816111,-0.00012373385171849624,-0.000171273699336054,-0.0004627588179651288,-0.00037007135688327253,-2.257697140350956e-08,-2.542565146238925e-07,-1.9650071639096937e-05,-0.0010295937610986729
402,0.09870174993953273,0.04925768370922052,0.04999999863846371,-0.00013028533438802392,-0.0001802555220661838,-0.00040857119040075104,-0.00033970564254559577,-9.957088877854403e-06,-3.808113359341742e-07,-1.8910090388980734e-05,-0.0010555422559730303
403,0.0993067094260982,0.049652441521007354,0.04999998782604667,-0.00016497185257481,-0.000236328788324612,-0.0004069181152203629,-0.0003065150522161275,-5.498008249560371e-05,-7.530203218746028e-07,-1.8551567748905593e-05,-0.0010837410542559748
404,0.09956955714572698,0.048035467425530075,0.04999992405983787,-0.00017484600632215465,-0.00027030698767099387,-0.00040503396337570707,-0.0008889578166417778,-0.0004841192567255348,-7.324775156787531e-07,-1.823505025755353e-05,-0.0011141635032813526
405,0.09969349602497606,0.04783195397846378,0.049999776083941516,-0.00016297865366642615,-0.0002711837388229675,-0.0003836044667966691,-0.0013547440757974982,-0.00030455001979134977,-5.902060520909772e-07,-1.8000736073079347e-05,-0.0011433795674918228
406,0.09977823273087186,0.04855937859220399,0.04999954893409834,-0.0001440683539920131,-0.0002211783783573188,-0.00036096411239727846,-0.0013167283032089472,-3.113930506515317e-05,-4.3291578803217233e-07,-1.7833067134564157e-05,-0.001169255234852499
407,0.09983877394761988,0.04938654766449999,0.04999927140381377,-0.0001174116977050806,-0.0001638998844554008,-0.00035665913509481663,-0.001218651421368122,-4.5353203859122004e-06,-3.1689619513433657e-07,-1.7748990165013668e-05,-0.0011913488423301664
408,0.09988567297320484,0.0499454411900043,0.04999898258058607,-8.467606355089057e-05,-0.00011871167834713088,-0.000346298692639826,-0.0011465869611129165,-4.954636551701697e-06,-1.0791232027210928e-06,-1.775411469742415e-05,-0.0012098528639327263
409,0.09990935732976892,0.04990388121864528,0.04999871457649901,-5.98748090693275e-05,-8.490867107742375e-05,-0.00033030741990236023,-0.001225317013449967,-4.276743766240543e-06,-2.9416490126258187e-06,-1.7843129615458362e-05,-0.001225067552831014
410,0.09991818205440846,0.04925031323298061,0.049998488314340436,-4.1607862405431766e-05,-6.03305032393105e-05,-0.00030868879794391526,-0.0012323925038799644,-1.3321019878276275e-06,-6.155220684575817e-06,-1.801095805378024e-05,-0.0012372377094928095
411,0.09991873341138124,0.047962159994712095,0.04999831761219133,-2.8532023958942175e-05,-4.2909297632942433e-05,-0.0002907586400929659,-0.0011271656258031726,-4.734981757792411e-06,-1.0586341235848317e-05,-1.8260707123880234e-05,-0.0012465435335030828
412,0.09991310500398318,0.04619335979900239,0.04999821267508133,-1.780462190478806e-05,-3.1024050433065005e-05,-0.00026766740888510755,-0.0011087743332609534,-4.6767523599555716e-05,-1.9339485611919795e-05,-1.851921524909705e-05,-0.0012537967782118237
413,0.09990431603112539,0.04384216121512194,0.04999819393760042,-1.2601907772686619e-05,-2.700623927809135e-05,-0.0002452987122920052,-0.0009417260298505425,-3.2348954846384004e-05,-3.219701038847171e-05,-1.8741476725971103e-05,-0.001259577567002258
414,0.09989293158155438,0.04130534653290036,0.04999826869323325,-9.727187318773669e-06,-2.3960916544724222e-05,-0.00021549222832984734,-0.00087808130774647,-2.538949775043875e-05,-5.0078683734969525e-05,-1.8889850569198324e-05,-0.0012642238068843424
415,0.09987727659530538,0.03869540994394144,0.049998431023562794,-8.730113125777014e-06,-2.384529913902387e-05,-0.00017083134511889996,-0.00048781424993649125,-8.793559391051531e-05,-5.471144133242717e-06,-1.9065332187425226e-05,-0.0012683547992667255
416,0.09986481218898985,0.03682643031023726,0.04999857265063488,-8.538015159369958e-06,-2.348249046703496e-05,-0.0001452735970156054,-0.00043508230010047555,-6.85499981045723e-06,-9.744692653449099e-07,-1.9330510796241506e-05,-0.0012722160335435027
417,0.09984060192183206,0.035206294107323566,0.04999867860918836,-8.101195460961882e-06,-2.411084103900018e-05,-0.00012665036491821315,-0.0005270225810818374,-1.1618311873462517e-05,-3.0019021171274875e-07,-1.9629668141271643e-05,-0.00127584015785843
418,0.09981410360033871,0.033741312490403644,0.04999877342675205,-7.5885284155926695e-06,-2.5093945121392944e-05,-0.0001108351771240586,-0.0005444100825116038,-9.9122516985517e-06,-3.547640121118257e-07,-1.9967557351515204e-05,-0.0012789066618364006
419,0.0997853117296322,0.03230200059554439,0.049998868217129504,-7.039225612059466e-06,-2.5477274477420295e-05,-9.630651937611279e-05,-0.0005517213139683008,-3.8437989132944494e-05,-4.89163107645658e-07,-2.0348330398830584e-05,-0.0012817342999904562
420,0.09976736233430208,0.031218136830686246,0.04999896602679864,-7.143812625411304e-06,-2.5131321070221706e-05,-8.43934462547385e-05,-0.0005725351511500776,-1.7055945136235096e-05,-5.997269960146851e-07,-2.0778093655465968e-05,-0.0012846635478238502
421,0.0997662803959331,0.030506230793300233,0.04999906661882015,-7.086178689075837e-06,-2.4375487365837225e-05,-7.318521509295186e-05,-0.00069537473609671,-4.271329453331418e-05,-6.779590773897614e-07,-2.1275423427149028e-05,-0.0012880453468607266
422,0.09976030413048136,0.02947836958022415,0.049999169316830655,-7.308709841478053e-06,-2.454147302840372e-05,-6.285227988705582e-05,-0.0005093586514703929,-4.150161475990899e-05,-6.598556843400007e-07,-2.1826716619669e-05,-0.0012922650577761776
423,0.09975072031225526,0.029220375779473996,0.04999927052962015,-8.440566839310149e-06,-2.3628425055736547e-05,-5.437191139812002e-05,-0.0006341537227854133,-1.9159218936692923e-05,-6.595632563977713e-07,-2.2427101019088182e-05,-0.0012972144199797913
424,0.09973505325226724,0.029096798268886795,0.04999936653002936,-9.88743665702648e-06,-2.4085460146302118e-05,-4.665273673330771e-05,-0.0005319862975738943,-3.0405421057366766e-05,-6.335994228278645e-07,-2.3073392895566824e-05,-0.001302822546099864
425,0.09971535516852933,0.029511023819805124,0.049999455586326805,-1.1694929052030994e-05,-2.420217689573406e-05,-3.9674404129982076e-05,-0.00040462525794282556,-6.102914994698949e-05,-5.829259593142861e-07,-2.3758392799148973e-05,-0.0013088362000077047
426,0.09969730188568207,0.030592878435026255,0.04999953668487479,-1.3773446784354129e-05,-2.2928868680799464e-05,-3.3757025743310074e-05,-0.00039974923129193485,-3.453723593338509e-06,-5.280704217724357e-07,-2.4478673651739905e-05,-0.0013151170691803587
427,0.09967725752068449,0.031912105901444804,0.049999609307724006,-1.622851517053616e-05,-2.1826306285217516e-05,-2.8809548955778148e-05,-0.00039618919254280627,-2.365561158512719e-06,-4.7008480516380013e-07,-2.523351267824698e-05,-0.0013217380783531391
428,0.09965553843868236,0.03341938268587751,0.04999967327963298,-1.905357184967077e-05,-2.092951963760235e-05,-2.471810351794209e-05,-0.0003893995308317244,-1.938408558999072e-06,-4.1090335967792114e-07,-2.602208160726482e-05,-0.0013287425334869473
429,0.0996327200619167,0.035066465447467284,0.049999728784881056,-2.2237755656144555e-05,-2.0250458387398034e-05,-2.1381103078685098e-05,-0.000381673889933154,-1.5549766203548643e-06,-3.523328654384959e-07,-2.6843608100527415e-05,-0.001336150706877601
430,0.09960936909076112,0.03680050773863185,0.04999977626778007,-2.5763790801646108e-05,-1.9794891882408192e-05,-1.869978267460344e-05,-0.0003732046752702445,-1.3884259715268854e-06,-2.9615060788636163e-07,-2.769744505892948e-05,-0.00134396653130068
431,0.09958613108297582,0.0385687403912556,0.049999816351033094,-2.960787569385671e-05,-1.9557301345571725e-05,-1.6581403678814693e-05,-0.0003639059723354876,-1.302266241509642e-06,-2.4323457855879666e-07,-2.8583047583225846e-05,-0.0013521805007280932
432,0.09956364370793908,0.040321226473323715,0.04999984976048917,-3.374280137480694e-05,-1.952628957741271e-05,-1.4944891281516913e-05,-0.0003545038343872875,-1.2261565416338271e-06,-1.946178526907556e-07,-2.9499927029058088e-05,-0.001360773022005363
433,0.09954253331328658,0.042010896460725006,0.049999877263869535,-3.8139218445456604e-05,-1.9698164160882188e-05,-1.3712747010861717e-05,-0.0003457189304754138,-1.138231255026767e-06,-1.509532166577146e-07,-3.0447557341193005e-05,-0.0013697185423950842
434,0.09952327989652203,0.04359515071055946,0.04999989962830685,-4.276417930620788e-05,-2.007874875304089e-05,-1.2819813888791256e-05,-0.0003378534165676683,-1.0317236274204333e-06,-1.1266342150871886e-07,-3.142554181807357e-05,-0.001378989997760582
435,0.09950633020191908,0.04503828339713298,0.049999917587701614,-4.758653217546618e-05,-2.0685153193771975e-05,-1.2201989387322125e-05,-0.00033076104591600597,-9.008520578390744e-07,-8.011384326230186e-08,-3.2433370834014164e-05,-0.0013885606448587196
436,0.09949198278883706,0.046311318798099944,0.049999931818744126,-5.257119537729324e-05,-2.153769265888141e-05,-1.180454148306641e-05,-0.00032416146132163703,-7.648126825188228e-07,-5.3439749293312035e-08,-3.3470650988470225e-05,-0.0013984068016692068
437,0.09948047379023892,0.04739474964313211,0.049999942930387446,-5.7685821156430024e-05,-2.2659023853823164e-05,-1.1576161661213163e-05,-0.0003176610334776342,-6.42202621747856e-07,-3.26723425016694e-08,-3.453703443399548e-05,-0.0014085083478278324
438,0.09947197324506207,0.04827819871325681,0.049999951451456054,-6.289393027663213e-05,-2.4061873974088798e-05,-1.1471601582586869e-05,-0.0003109875542577356,-5.539451422009734e-07,-1.7677968927263932e-08,-3.563229300744168e-05,-0.0014188493516854403
439,0.09946659570823087,0.04896216980477441,0.04999995782894223,-6.81640095403022e-05,-2.5751432664601376e-05,-1.1450952407606208e-05,-0.0003041275485884398,-5.032506464885955e-07,-8.191808391356116e-09,-3.67564199828542e-05,-0.0014294189322610368
440,0.09946441641521776,0.04945619046691406,0.04999996242529196,-7.346348625786073e-05,-2.7724317008631704e-05,-1.1476921888467257e-05,-0.0002973897207994014,-4.793158723259694e-07,-3.7201613511610135e-09,-3.790951455119294e-05,-0.0014402112404753064
441,0.09946543748123597,0.049777821736304226,0.04999996552930699,-7.876059044985281e-05,-2.9968010080532202e-05,-1.1521414062940387e-05,-0.00029112337506376207,-4.5989955310687947e-07,-3.7756365936995135e-09,-3.9091837357531684e-05,-0.0014512251850473984
442,0.0994696742192378,0.049950342796993445,0.04999996735410746,-8.402876602662343e-05,-3.246468442499686e-05,-1.1558888161193176e-05,-0.0002855851489584893,-4.394447046252026e-07,-7.781941216528368e-09,-4.0303790873581316e-05,-0.001462464025949911
443,0.09947706687374544,0.049999957860672496,0.04999996804800913,-8.924086657256583e-05,-3.519087454391116e-05,-1.157128325384294e-05,-0.0002810274891089648,-4.1011108464772406e-07,-1.51590096732452e-08,-4.154593181341585e-05,-0.0014739348341860042
444,0.09948756813383687,0.04995348074496633,0.04999996770334741,-9.437569733897246e-05,-3.8125131053617304e-05,-1.1543881356567704e-05,-0.0002775416651275009,-3.6890335763928306e-07,-2.5299592818718618e-08,-4.28188471717791e-05,-0.0014856478323485311
445,0.09950107875380532,0.04983647893745213,0.049999966362988285,-9.941248372971187e-05,-4.124576161030446e-05,-1.1467173944642832e-05,-0.0002751419960986823,-3.2261729643323633e-07,-3.7700347409546036e-08,-4.412323286347026e-05,-0.0014976160096189575
446,0.09951748858351797,0.04967175119858914,0.04999996403035772,-0.0001043351689183256,-4.453472042173956e-05,-1.1336853691427448e-05,-0.00027367871371097863,-2.774777669856121e-07,-5.1860307386385075e-08,-4.545978188107221e-05,-0.0015098544503903968
447,0.09953666741060006,0.049478842757481184,0.04999996067447279,-0.00010913055374622844,-4.797534157888866e-05,-1.1149740995728567e-05,-0.00027304160175845027,-2.3599928056228237e-07,-6.738720580700124e-08,-4.6829136339082515e-05,-0.0015223799753357823
448,0.09955840749074656,0.049273799926098705,0.04999995624124066,-0.00011378603971145534,-5.155384147416964e-05,-1.0905908225960073e-05,-0.00027311412850394845,-2.0142468315498263e-07,-8.397670650622747e-08,-4.823195023036111e-05,-0.0015352110129829126
449,0.09958249976201222,0.04906919718603314,0.04999995066105046,-0.00011829499858529715,-5.5260363653367554e-05,-1.0608776763931643e-05,-0.0002737668692134321,-1.7321512757462187e-07,-1.0112531397048178e-07,-4.9668788218029305e-05,-0.0015483673508304855
450,0.09960868904236847,0.04887467830284127,0.04999994385210427,-0.000122649172720464,-5.908598823164922e-05,-1.0263762219377352e-05,-0.000274826365057379,-1.5071977088609856e-07,-1.1873844056543897e-07,-5.114009947250096e-05,-0.0015618698249574357
451,0.09963667803700518,0.04869706553209321,0.04999993572690172,-0.00012684407496055828,-6.30222053362807e-05,-9.876202253138396e-06,-0.0002761526557151228,-1.384619565669709e-07,-1.3659287111744045e-07,-5.264620739252056e-05,-0.001575740376887896
452,0.09966610917882676,0.048541583308962855,0.04999992620292998,-0.00013087676924353206,-6.706100346799324e-05,-9.454529485047408e-06,-0.0002777685585897416,-1.3160867240458174e-07,-1.5443924588732457e-07,-5.4187284328421296e-05,-0.0015900024143355243
453,0.09969660973385137,0.04841142744270169,0.049999915205661764,-0.000134747978677782,-7.119996331577781e-05,-9.008435427239421e-06,-0.0002795182808768004,-1.2802256321720051e-07,-1.7215595302112882e-07,-5.576319857144384e-05,-0.001604680598230171
454,0.09972775814403242,0.0483084685922019,0.0499999026666976,-0.0001384589859930328,-7.543233543455671e-05,-8.550244089393879e-06,-0.00028132807346992195,-1.3387882802362583e-07,-1.89522771660536e-07,-5.7373835301245836e-05,-0.0016198014066795307
455,0.09975911472415701,0.048234162109665905,0.04999988853110323,-0.0001420119791093349,-7.975212056453748e-05,-8.091193325714032e-06,-0.000283131463220343,-1.4696441041905928e-07,-2.06358348801804e-07,-5.901863918389282e-05,-0.0016353929383345752
456,0.0997901765329242,0.04818940754872663,0.049999872761049426,-0.0001454092590385673,-8.415230062081802e-05,-7.645930269953523e-06,-0.0002849233278539032,-1.7125208273682802e-07,-2.22581344688505e-07,-6.069699072171365e-05,-0.001651485661134625
457,0.09982044353830859,0.04817428582267719,0.049999855344210864,-0.00014865851271734105,-8.862829852102572e-05,-7.23030779358196e-06,-0.0002866663853637874,-2.1169974218082643e-07,-2.3786854204746564e-07,-6.24079110711004e-05,-0.0016681124864454289
458,0.09984938715247697,0.0481894312136905,0.04999983628504993,-0.00015176626939423442,-9.317216211633157e-05,-6.8612791063732045e-06,-0.0002883556589949876,-2.680770023744117e-07,-2.521932699279999e-07,-6.4150223630714e-05,-0.0016853092110134052
459,0.09987645545749849,0.04823448877281039,0.049999815617213846,-0.00015474220651217306,-9.777672868093992e-05,-6.558712420148907e-06,-0.0002900771505665034,-3.518788105338899e-07,-2.6501010773047913e-07,-6.592249264618957e-05,-0.0017031143308389764
460,0.09990110705675656,0.048309602202656864,0.04999979339535596,-0.00015759361236737703,-0.0001024293060790798,-6.344308541396469e-06,-0.00029179322882555425,-4.547894150164211e-07,-2.763221708446632e-07,-6.77230962723594e-05,-0.0017215686326491402
461,0.09992280400057103,0.04841376677540596,0.04999976970499992,-0.00016033239756747914,-0.00010711198920379654,-6.241775381552713e-06,-0.0002936939417850226,-5.890306624678487e-07,-2.8575291524936207e-07,-6.955004202644837e-05,-0.0017407139347457093
462,0.09994099388487585,0.04854579778854387,0.04999974465432677,-0.00016296736016520845,-0.00011180073240970724,-6.27850119999338e-06,-0.00029592178179882467,-7.405189421660907e-07,-2.931511764596017e-07,-7.140114537612652e-05,-0.001760592112197363
463,0.0999548522312032,0.0487020239903683,0.04999971838525805,-0.00016550496138264327,-0.00011643774927141206,-6.480676873779615e-06,-0.000298500555800274,-8.887132025847677e-07,-3.717069667455365e-07,-7.323912939502522e-05,-0.0017812214220260143
464,0.09995891098167112,0.04888012873964171,0.049999691072158,-0.0001674849284662781,-0.00012031889594717293,-6.86870925952111e-06,-0.000282518652966246,-1.1363810017428477e-06,-3.7744161063165347e-07,-7.49932883491863e-05,-0.0018026083582603559
465,0.09994750017266418,0.04901438484739632,0.04999966283078263,-0.00017006497289275165,-0.00012378152516525254,-7.457909647852347e-06,-0.0003047020873054862,-3.88403805118287e-06,-3.880474893317605e-07,-7.664098336293851e-05,-0.001824844359974259
466,0.09992741929002076,0.04917906631652249,0.04999963382899575,-0.0001724856399281405,-0.00012765447748629252,-8.282838614222681e-06,-0.0003207307599950582,-1.2625713452507625e-06,-3.7468277750256067e-07,-7.815593586978321e-05,-0.0018480018774458642
467,0.09989852392489083,0.049335431769996,0.04999960431642414,-0.0001750254673041626,-0.00013192879891819819,-9.242602937242685e-06,-0.00038551841862499714,-1.283921483263839e-05,-3.493793391123677e-07,-7.95619782345694e-05,-0.001872363523645089
468,0.09986143843749562,0.049510314148007994,0.049999574459274304,-0.00017818274077370348,-0.00014037822188611485,-1.0510483046305725e-05,-0.0004383453633636236,-1.334541775577236e-05,-3.1553994173630327e-07,-8.086268811614134e-05,-0.001898183199571822
469,0.09981487731449179,0.0497005880119596,0.04999954448073099,-0.00018130099586359945,-0.00014853218063844598,-1.205853503882482e-05,-0.0005840740050189197,-3.4881326428148896e-05,-2.7799609430168624e-07,-8.206071323153472e-05,-0.0019256750935310691
470,0.09975813187402781,0.049880383921378245,0.049999514546200205,-0.00018523641953502404,-0.00015944087678750914,-1.3997770874230933e-05,-0.0005626147030852735,-1.4159854799800087e-06,-2.470586977793128e-07,-8.314966764076869e-05,-0.001955060120333596
471,0.09969010503266401,0.049976108624976756,0.04999948475075029,-0.00018943205352453407,-0.00017153722484259662,-1.667156182234166e-05,-0.0005364042590372264,-1.8513430859457003e-06,-1.6616673380335667e-07,-8.413550352555959e-05,-0.001986150777903273
472,0.09961821116436301,0.04997936712292032,0.0499994557084562,-0.00019250817680481534,-0.0001811674535947442,-2.0096064727931364e-05,-0.0004630973271559924,-2.4374514396185987e-05,-1.365557581142023e-07,-8.502312543139112e-05,-0.0020184133698055856
473,0.09953150267799547,0.04982749039841904,0.04999942832175904,-0.0001946741860281869,-0.00018383009722170807,-2.3948406809506503e-05,-0.00042008148739114404,-1.0102199667016976e-05,-1.2060286202813318e-07,-8.577953773737825e-05,-0.0020515154102203038
474,0.09943018950369786,0.04958013854537749,0.0499994030965635,-0.00019719489300275462,-0.00018712694104099613,-2.824582632228586e-05,-0.00033704692032188177,-1.854017136793118e-05,-9.225275067799555e-08,-8.63736663854014e-05,-0.002085343364166222
475,0.09931109922797664,0.04932982066463614,0.04999938041926724,-0.00019966002537908482,-0.0001884754983294155,-3.3172216392307454e-05,-0.00035396957537159324,-1.6873084405233385e-06,-9.138768015924249e-08,-8.678218288053028e-05,-0.0021197673280026258
476,0.09917658299630053,0.049040604500092067,0.04999936080006058,-0.0002021241459696671,-0.00018968961383927427,-3.8755827833976375e-05,-0.00036173703847453,-1.1727270248229615e-06,-8.905789232873705e-08,-8.698710713251022e-05,-0.0021547586777210578
477,0.0990243185344026,0.048729113200970335,0.049999344679281625,-0.00020478112014477956,-0.00019057283983765644,-4.5031078813281974e-05,-0.00037302120472304523,-1.0560643204371445e-06,-8.81193846922614e-08,-8.697129297375998e-05,-0.0021902967585539844
478,0.0988539129571468,0.048399429199472516,0.049999332437566185,-0.00020771751032306652,-0.00019152087858696643,-5.2066112234144544e-05,-0.0003974155115429312,-1.0044713008028339e-06,-8.896852836576205e-08,-8.671972140983635e-05,-0.002226416078619856
479,0.09866671232824893,0.04804655982210595,0.0499993244083938,-0.0002110507572329183,-0.00019348523282220322,-5.992305650121974e-05,-0.0004240964481141418,-9.159920750789752e-07,-9.194362591040804e-08,-8.621853392706239e-05,-0.002263198656962235
480,0.09846304165329563,0.04767699008662353,0.04999932087655945,-0.00021483948253187137,-0.00019660883701969804,-6.866266143894862e-05,-0.0004536582564469427,-8.864150231602252e-07,-9.74925349196046e-08,-8.545619562713941e-05,-0.0023007457332409062
481,0.09824370678927956,0.04729454258133796,0.049999322098975764,-0.00021917284910709478,-0.00020120292213265394,-7.834586369937195e-05,-0.00048534461529925466,-9.178544360111118e-07,-1.0630369298052623e-07,-8.442279035739444e-05,-0.002339182886131014
482,0.09800952954822822,0.04690397759308012,0.04999932828059952,-0.00022414187355577093,-0.00020749691834310614,-8.904316615284122e-05,-0.0005180237931199372,-9.768101563167875e-07,-1.1903813446537678e-07,-8.311104704633061e-05,-0.002378651838875436
483,0.09776136662916421,0.04651142397011483,0.04999933958336707,-0.0002298346454499657,-0.00021561228411505408,-0.00010082377660474128,-0.0005502614076249301,-1.0315385452486225e-06,-1.3674741516216332e-07,-8.151622305844451e-05,-0.002419300258709834
484,0.0974998353098982,0.04612465725725532,0.049999356119890453,-0.00023633821206851363,-0.0002255451140624738,-0.00011382135028113874,-0.0005803025560453534,-1.0588446457404643e-06,-1.603778920323466e-07,-7.963325765932786e-05,-0.0024612747401037433
485,0.09722024729361373,0.0457450440882557,0.049999377682913945,-0.00024379072227247742,-0.0002372441381256167,-0.0001280900964404296,-0.0006057595601305366,-9.87178736977512e-07,-1.9234346870111815e-07,-7.746217093105579e-05,-0.0025047064543612116
486,0.09691653018408126,0.045374507619235754,0.049999402881474864,-0.0002521932784969398,-0.00025043667389674243,-0.00014954648890988867,-0.0006236334447748959,-8.037289376261469e-07,-2.954423735774859e-07,-7.446260460665954e-05,-0.0025496550369030124
487,0.09657101447319089,0.04507862346169636,0.049999436667247626,-0.00026162589130491256,-0.0002642507119257035,-0.0001635976580690494,-0.0006600128253921866,-1.9851336219289806e-06,-3.811545868066088e-07,-7.166971375014798e-05,-0.0025963542003632862
488,0.09624129263323908,0.044635814336648025,0.04999947173383952,-0.00027133342408738295,-0.00028153909998426086,-0.00017870928297963027,-0.0004516934568528086,-3.4240252716699615e-05,-3.501518464728129e-07,-6.863532403078057e-05,-0.002644561942809337
489,0.09583778916931564,0.04416790063271369,0.04999950221818791,-0.00028261775030805156,-0.00029052889804116164,-0.00019641552317874427,-0.00041996242362074554,-1.9657103621284477e-05,-3.473394278426799e-07,-6.553090868530501e-05,-0.0026935437941497335
490,0.09542550273918915,0.043802905840029716,0.04999952919182554,-0.0002920852623750679,-0.00028980336211470236,-0.00021532914229702578,-0.0004948890418745577,-1.3799391126667615e-05,-3.251100114780088e-07,-6.240548166858189e-05,-0.0027429793480133694
491,0.09503668413958286,0.04327830338532754,0.04999955371947684,-0.00030174147414092185,-0.0002912799878994694,-0.00023539584696006703,-0.0005733441794291139,-1.2481453268264886e-05,-3.8077786299512885e-07,-5.9321756996653055e-05,-0.0027931866637384535
492,0.09464700472563921,0.042958855124042294,0.049999576580134625,-0.0003110526598342023,-0.0002978605475727619,-0.00025589867402439013,-0.00056074297754094,-8.348642381861282e-07,-4.6649811111179943e-07,-5.6228455167838815e-05,-0.0028442886246018463
493,0.09422363971949133,0.04271628780515766,0.049999598379317826,-0.00032000893666594515,-0.0003021097994545934,-0.0002767654406312983,-0.000550524506252259,-7.37823086183198e-07,-5.769267455526118e-07,-5.312905198592206e-05,-0.002896093481733985
494,0.09376693884242426,0.04253312286199724,0.0499996195674577,-0.0003286528001200582,-0.0003041137399654745,-0.0002979322333995218,-0.0005357328918762505,-7.260156849042687e-07,-7.076025494481772e-07,-5.003389791842294e-05,-0.0029484053351083853
495,0.09327533044451124,0.04240852081006774,0.049999640463819536,-0.00033705093412930096,-0.00030375262906582527,-0.00031932951042495873,-0.0005207476788200438,-6.201284463713819e-07,-8.565480829357552e-07,-4.6957893625084607e-05,-0.0030010315058338188
496,0.09274855876246053,0.04233864469750517,0.04999966123065059,-0.000345298984658529,-0.0003013446610085782,-0.00034089813733178946,-0.0005059484974481165,-5.430376290860295e-07,-1.0227249310224312e-06,-4.391703696208585e-05,-0.0030537983231553934
497,0.09218657907169986,0.04231904640584188,0.04999968192534815,-0.00035345318795911755,-0.0002971757287230806,-0.00036258450663381975,-0.0004915444878861308,-4.774899480253225e-07,-1.205562380654418e-06,-4.0926955216337974e-05,-0.0031065480141543554
498,0.09158951289355087,0.04234507219447456,0.04999970254109423,-0.0003615569162766176,-0.000291499872294697,-0.00038433559300634864,-0.0004776428104378283,-4.2081680362571205e-07,-1.4046591115112677e-06,-3.800218313019095e-05,-0.00315913693421248
499,0.09095769753914959,0.0424120741696264,0.04999972303055466,-0.0003696417580862279,-0.00028455698326742683,-0.00040610022204489674,-0.0004642150306608528,-3.748146184534562e-07,-1.6195361997351603e-06,-3.515585531147779e-05,-0.0032114345650321994
500,0.09029163284175541,0.04251555013609252,0.049999743321600426,-0.00037773427974554684,-0.00027656847914702586,-0.0004278293552225774,-0.0004513183084782213,-3.349827295551222e-07,-1.8496882451297895e-06,-3.239954841932517e-05,-0.003263322708487085
501,0.0895920050011989,0.04265103571305176,0.04999976332779877,-0.0003858550085222821,-0.0002677380612588996,-0.00044947693084913603,-0.0004389694076962769,-3.008016165040317e-07,-2.094521990746886e-06,-2.9743214545162275e-05,-0.0033146946691570353
502,0.08885966981050035,0.04281413394325012,0.04999978295565591,-0.0003940200729582982,-0.0002582500985862516,-0.00047099918968730216,-0.0004271091893315315,-2.7365308596927207e-07,-2.353363936227102e-06,-2.719517362140003e-05,-0.003365454181659576
503,0.08809558947442056,0.043000771552397093,0.04999980210974929,-0.00040224152740114984,-0.0002482639463523919,-0.0004923551861906641,-0.00041571210022084415,-2.507722456357442e-07,-2.6254573452768005e-06,-2.4762146561128984e-05,-0.003415514312183609
504,0.08730084995617558,0.04320704807029699,0.049999820696430386,-0.0004105281785015929,-0.0002379199987872472,-0.0005135070559857504,-0.00040478070150129497,-2.3159562090313557e-07,-2.909979482419938e-06,-2.2449319134587668e-05,-0.003464796635383588
505,0.0864766448184176,0.043429359402937504,0.0499998386265437,-0.00041888590235748243,-0.00022734063197483867,-0.0005344197458819861,-0.00039428865420632064,-2.1526538773741777e-07,-3.20605151396166e-06,-2.0260427284800128e-05,-0.003513230473260083
506,0.08562426370528586,0.043664369811331406,0.04999985581743587,-0.00042731807421546466,-0.00021663206351187154,-0.000555061240532873,-0.00038423077785409987,-2.0114735832521546e-07,-3.5127512161341706e-06,-1.819785939068914e-05,-0.0035607522108512045
507,0.08474508154238095,0.04390906788348211,0.049999872194466694,-0.0004358254499879386,-0.00020588578496313176,-0.000575402279911403,-0.00037459449958987534,-1.8879758556522575e-07,-3.829116755605608e-06,-1.626277134010721e-05,-0.0036073047058353246
508,0.08384055161111897,0.04416070666014988,0.04999988769208612,-0.0004444068567791111,-0.00019518078759644974,-0.0005954161987930315,-0.0003653703606687486,-1.7775288085886132e-07,-4.154164444165897e-06,-1.445520872117677e-05,-0.003652836824712047
509,0.08291219598394171,0.04441686841353608,0.04999990225453866,-0.00045305917255994866,-0.0001845852772443881,-0.0006150782639271275,-0.0003565494262147695,-1.678025682849693e-07,-4.48689028518887e-06,-1.2774231746408977e-05,-0.003697303024636618
510,0.0819616053177954,0.04467535026836296,0.04999991583626146,-0.00046177773508785584,-0.000174157250572619,-0.0006343676044902726,-0.0003481091698631644,-1.590844078691589e-07,-4.826304694120681e-06,-1.1218039146106463e-05,-0.003740662867226965
511,0.08099039316062925,0.04493428930187715,0.04999992840339788,-0.00047055726478388685,-0.00016394536727176221,-0.000653336203021582,-0.00034005093039013445,-1.5035379874461796e-07,-5.17018893736455e-06,-9.78407797519747e-06,-0.0037828828588610027
512,0.07999902236180594,0.045195402720998756,0.049999939903907435,-0.00047940590492548277,-0.00015400347620045035,-0.0006717656028460709,-0.0003324716817587614,-1.426726612407947e-07,-5.519679194588868e-06,-8.469262862662536e-06,-0.0038239299473738493
513,0.0789920673239095,0.045449160929605235,0.04999995033591009,-0.0004882456828036403,-0.0001443522299450297,-0.0006896799512488301,-0.00032508480944670737,-1.4017491878348665e-07,-5.873967897599908e-06,-7.2698771041247455e-06,-0.003863776810586768
514,0.07797091337431679,0.045695977916517014,0.04999995976115526,-0.0004971120394707744,-0.00013498822424953878,-0.0007072728226296056,-0.0003175937454216182,-1.3242635077403975e-07,-6.232289609630784e-06,-6.1817810909873885e-06,-0.003902395116373395
515,0.07693484858471118,0.04594130951102211,0.04999996819067687,-0.0005060688791175175,-0.0001259544019668438,-0.0007246665063283461,-0.0003106312360614538,-1.2293632778437313e-07,-6.588890963003105e-06,-5.2005522453070555e-06,-0.003939769640086076
516,0.07588300910811667,0.04618985163856573,0.049999975507715295,-0.000515113863135577,-0.00011731560215487482,-0.000741476841373946,-0.00030464056180790067,-1.1699906821149852e-07,-6.944585286304585e-06,-4.3217459559442634e-06,-0.003975892003027406
517,0.074822099063678,0.046428025675368335,0.04999998174655865,-0.00052407325480193,-0.00010908951351173767,-0.0007576901567050559,-0.0002987187763210386,-1.213196441085529e-07,-7.30101634904933e-06,-3.540286875946107e-06,-0.004010747589845816
518,0.0737531547402475,0.046657711596456604,0.04999998698154168,-0.0005329598694509962,-0.00010121875832714955,-0.0007732162300690009,-0.0002924154978245497,-1.1650526943185469e-07,-7.661021445984015e-06,-2.8513443520083544e-06,-0.004044321871174353
519,0.07267915386315027,0.04687600341887745,0.04999999128490849,-0.0005417814665760538,-9.368975049505913e-05,-0.0007882379705943213,-0.0002866544236894697,-1.0711899989246376e-07,-8.024376043680496e-06,-2.2498909428731027e-06,-0.004076603374069623
520,0.07160056619110526,0.047085806890841984,0.04999999471266593,-0.0005506220187882889,-8.65285961381757e-05,-0.0008030549266929759,-0.0002810738224070519,-1.006575445217095e-07,-8.373532967277287e-06,-1.7311915277996073e-06,-0.0041075883518874815
521,0.07051612139956409,0.047292150792208734,0.04999999725937585,-0.0005595618387174256,-7.981617430140234e-05,-0.0008173182301871055,-0.000275325495749712,-1.0478902368049603e-07,-8.719042742163982e-06,-1.29028399028463e-06,-0.00413727489383823
522,0.06943005777791575,0.04749113020808201,0.04999999894881706,-0.000568425497182878,-7.349105543882354e-05,-0.0008311349894952336,-0.0002693181741051376,-1.2107236102565366e-07,-9.068061363089442e-06,-9.227231657744449e-07,-0.004165663461957655
523,0.06834161292415408,0.04768473760754772,0.049999999833435026,-0.0005772257683329677,-6.749143502600346e-05,-0.0008445148161959157,-0.00026403451920486987,-1.0522366977738784e-07,-9.418531987410724e-06,-6.234255658831257e-07,-0.004192745054024542
524,0.06725251132713295,0.04787222291473283,0.04999999996236829,-0.0005859554313341036,-6.184979282888478e-05,-0.0008575678323549182,-0.00025950506096705794,-9.793446764660985e-08,-9.75290688735645e-06,-3.8791079972347977e-07,-0.00421852586188246
525,0.06616359468296977,0.048053629394123255,0.04999999939485472,-0.0005946225414819108,-5.662007476685856e-05,-0.0008702048291941857,-0.00025508581893518567,-9.64382280699283e-08,-1.0070114789272226e-05,-2.1201473314824969e-07,-0.004243018384636791
526,0.06507660323858216,0.048228256603218396,0.04999999821291017,-0.0006031537633699542,-5.180726973544106e-05,-0.0008820326022230133,-0.0002499190450180322,-1.0939739070181531e-07,-1.0382779636910054e-05,-9.143890228040248e-08,-0.004266232230039797
527,0.06399493876216973,0.04839271734194541,0.04999999650058583,-0.0006114107166496521,-4.7306154420990024e-05,-0.0008932002780097535,-0.0002446980797685683,-1.1362082119603656e-07,-1.070362421960635e-05,-2.21074591572237e-08,-0.004288167618298223
528,0.06291869315368663,0.04854782891476862,0.04999999429602224,-0.0006194692392537458,-4.309363777580481e-05,-0.0009038410059425787,-0.0002400836965534836,-9.677263790308643e-08,-1.1007284964203247e-05,-9.825994285568497e-13,-0.004308815863469891
529,0.06184886898365665,0.04869529891221655,0.049999991646445585,-0.0006273997564316953,-3.921341067333784e-05,-0.0009140095978368746,-0.00023546085867565125,-9.961280511561199e-08,-1.1301079419841423e-05,-2.1493674835481392e-08,-0.004328188720772732
530,0.0607861002913051,0.048835952554133845,0.04999998860207105,-0.0006352019234087771,-3.5665870448901866e-05,-0.000923604402376028,-0.0002308589464519173,-1.0374079550956594e-07,-1.1576162894136848e-05,-8.304577144735504e-08,-0.004346298369702837
531,0.059731862632995215,0.048969167341491884,0.04999998523684931,-0.0006428332959857891,-3.243609433978878e-05,-0.0009324976960866462,-0.0002261565823573619,-1.094515056365708e-07,-1.1860603704239243e-05,-1.8129324971657686e-07,-0.0043631525684663134
532,0.05868801083036921,0.04909344239678621,0.04999998155438531,-0.000650254054974071,-2.9471732453480334e-05,-0.0009408253586594153,-0.0002217437868239358,-1.0668482275377755e-07,-1.2135295823412478e-05,-3.132332913154577e-07,-0.00437874980549263
533,0.057655014097370706,0.04920930004117546,0.04999997756246674,-0.0006575424736856785,-2.6777821176288905e-05,-0.0009490337081331473,-0.00021797037334181368,-9.724872285232777e-08,-1.2389897861435836e-05,-4.757618330570103e-07,-0.004393110409905051
534,0.056631203668621545,0.04931997726825435,0.04999997332056818,-0.0006648065760741007,-2.4410497744336567e-05,-0.0009567574107754234,-0.00021391978953033686,-1.0572524899998825e-07,-1.262404128722945e-05,-6.662760004506401e-07,-0.004406250164967258
535,0.05561909705408463,0.049423272343643895,0.04999996895430292,-0.0006718687799537359,-2.2327818772441785e-05,-0.0009639390777213866,-0.00020962832786608487,-1.2095682677681907e-07,-1.2855377903143116e-05,-8.818150391838491e-07,-0.004418192910477867
536,0.05461867198265005,0.04951840624251494,0.04999996450133298,-0.0006786803376238479,-2.0485715595265415e-05,-0.0009705957295309741,-0.00020565048907883465,-1.1122428844601018e-07,-1.3074717017104365e-05,-1.1200286299552292e-06,-0.004428943639463945
537,0.05363084939550729,0.049605267384769114,0.04999995999744903,-0.000685252776855255,-1.8881836727953377e-05,-0.0009766988496606333,-0.0002017400984186679,-1.117966377250923e-07,-1.3282252656667932e-05,-1.3785855685891292e-06,-0.004438513344076709
538,0.05265669176886517,0.04968367334610112,0.049999955470384674,-0.0006915849048814288,-1.750980056285434e-05,-0.0009823232939099723,-0.0001978767104446888,-1.1473250793869738e-07,-1.347674676122325e-05,-1.6552964713703474e-06,-0.004446915525502425
539,0.05169623938927838,0.049753835788065304,0.049999950944770784,-0.0006976960810338701,-1.6358039950460337e-05,-0.0009874748301845532,-0.0001941220834851265,-1.1542188360635919e-07,-1.3658222666304368e-05,-1.9481066029472357e-06,-0.004454163650780205
540,0.050750039521486406,0.04981554268287118,0.0499999464593171,-0.0007035802711285455,-1.5418140627914502e-05,-0.0009921541217353684,-0.00019054835138376802,-1.1714404735130302e-07,-1.3826374698452634e-05,-2.2550887244272557e-06,-0.004460273827366896
541,0.04981851432149179,0.049868623112717635,0.0499999420478594,-0.0007092298879018623,-1.4680443400318854e-05,-0.0009963789803716975,-0.0001871054555522278,-1.1790213960694018e-07,-1.3981074000072733e-05,-2.5744384147203474e-06,-0.004465262352149012
542,0.048901980835426684,0.04991294600238225,0.04999993774017397,-0.0007146397595377313,-1.4135177046163413e-05,-0.0010001666769693168,-0.0001837584568420425,-1.1929006404898246e-07,-1.4118980875038674e-05,-2.90442182738432e-06,-0.00446914703443738
543,0.04800060485567957,0.0499483961296206,0.04999993358188155,-0.0007198040856624187,-1.3772615297109981e-05,-0.0010034514168866509,-0.0001805032225092873,-1.215068010651521e-07,-1.4246793520106563e-05,-3.2434458320554565e-06,-0.004471944982851881
544,0.04711501881695975,0.049974662918609906,0.04999992958990999,-0.0007246960642973655,-1.3578350570463117e-05,-0.0010062642396967173,-0.0001774059928720817,-1.2181183706161391e-07,-1.4360968317822387e-05,-3.5900979237264145e-06,-0.004473672096338162
545,0.0462454078214522,0.04999170331702332,0.049999925771511106,-0.0007293280375802744,-1.3543552411063462e-05,-0.0010086283428035045,-0.00017449198639951646,-1.2029074980546284e-07,-1.4461247620167422e-05,-3.943008337805856e-06,-0.0044743459421011
546,0.04539212530626352,0.04999947539775186,0.04999992213820915,-0.0007337082252885411,-1.3658989512575946e-05,-0.0010107638990317204,-0.00017172472144011408,-1.2213551769946207e-07,-1.4543381999711647e-05,-4.300865922003487e-06,-0.004473989082824417
547,0.04455385318721562,0.049997899221452945,0.04999991874812568,-0.0007378681133466854,-1.3904793500170913e-05,-0.0010123177110911812,-0.00016932038124650717,-1.1883538775236957e-07,-1.4613205885349919e-05,-4.662470238098063e-06,-0.004472621989147242
548,0.043732924324659736,0.04998698883994284,0.049999915653093,-0.000741704717336811,-1.4282227436935536e-05,-0.0010133535829652863,-0.00016708763723727316,-1.1978178804383788e-07,-1.4669405672990993e-05,-5.026679862402681e-06,-0.0044702702479542675
549,0.04292905478278796,0.049966844937632385,0.04999991279793522,-0.000745253266626354,-1.4783662378856507e-05,-0.0010139465155004277,-0.00016462714120279998,-1.208251347861733e-07,-1.4712550626999426e-05,-5.392459187704935e-06,-0.004466951011245596
550,0.042142291980937475,0.049937527051258236,0.049999910162350135,-0.0007485525651908854,-1.5392439882202093e-05,-0.001010603012431634,-0.00016234068607445806,-1.2155179263118043e-07,-1.478667264105234e-05,-5.759137522756869e-06,-0.004462652726610867
551,0.04139336645332217,0.04990230698042636,0.04999990722817302,-0.0007512330338596074,-1.627805636345173e-05,-0.0010017592708292133,-0.00015747912402730435,-3.1411687473337224e-07,-1.4950158729359383e-05,-6.126594640016323e-06,-0.0044572904684859055
552,0.04070543615118345,0.049850316666243816,0.049999901219467374,-0.0007540500735539503,-1.768714609521416e-05,-0.000995865213389106,-0.00014634078252129257,-1.887539269773697e-06,-1.231901328651918e-05,-6.462166636453134e-06,-0.00445060764756113
553,0.040097961197590196,0.04968914897719334,0.04999988552964654,-0.0007600809475463169,-1.9497790068912657e-05,-0.0009860454438484411,-0.00014064965944271535,-8.67959806782892e-06,-1.0810618605587754e-05,-6.752230808817986e-06,-0.004442150646374897
554,0.039576760328230015,0.04935413614446485,0.049999853037963324,-0.0007719619713627143,-2.245721698796108e-05,-0.0009681922906583017,-0.00017111818306148052,-1.1864854968735017e-05,-2.3734552589609684e-05,-7.157832054208893e-06,-0.004431657454649935
555,0.03912193498900936,0.049088744033213026,0.049999801876565414,-0.0007924195973330354,-2.78193148521195e-05,-0.0009627025330619275,-0.00022952110157348216,-7.958552487252746e-06,-1.038159504728649e-05,-7.738330374089798e-06,-0.004419159290831072
556,0.03877841500544377,0.04889575450711421,0.04999972328218331,-0.0008203465041401389,-3.243117611903895e-05,-0.0009574901789201136,-0.0002923983265645802,-1.2853827684011776e-05,-2.0338703907645572e-05,-8.200559446390653e-06,-0.004404686347075164
557,0.03849786312587409,0.04857813640218822,0.04999962471769798,-0.0008543925654119973,-3.649399929278353e-05,-0.000961058861283597,-0.0003385941672604531,-1.485740540374536e-05,-1.7712772606273425e-05,-8.69432286697209e-06,-0.004388108530722602
558,0.03826121345362817,0.04796712448079154,0.049999492578332326,-0.0008934170802317861,-4.249483494508106e-05,-0.0009732134523157843,-0.0003989434917457402,-9.004178536997642e-06,-1.8721156982111005e-05,-9.2038633017162e-06,-0.004368940319599924
559,0.038090349907864474,0.04719059912335599,0.04999931337165506,-0.0009404400225051318,-5.096995306689176e-05,-0.000994652394837938,-0.00046394095988944173,-7.516123332607094e-06,-1.9779201167825997e-05,-9.726641707140047e-06,-0.004346801363206477
560,0.03802398821943473,0.04622858183261356,0.049999079995863525,-0.0009968959092202954,-6.04938420923743e-05,-0.001028368297035703,-0.0005417707143351436,-4.885742328042397e-06,-4.470687395664502e-05,-1.0356929918632619e-05,-0.004321719562506766
561,0.03803781287527684,0.04523122268088209,0.0499987969202883,-0.0010617029939697209,-7.16677703931525e-05,-0.001065169767762384,-0.0005817229393869638,-6.186750397318974e-06,-1.9635652376762445e-05,-1.0828782174377622e-05,-0.0042939409123514405
562,0.03819890539893224,0.044401964543316984,0.049998464273045634,-0.0011327734510968566,-8.058429947489261e-05,-0.0011179158351494053,-0.0006202015210874379,-9.40534573601326e-06,-2.3225476117778624e-05,-1.1302672615786425e-05,-0.004264042559141765
563,0.03848755757605286,0.041648117888408026,0.049998068976024886,-0.0012123090078695713,-9.028554577549902e-05,-0.0011812313539483546,-0.0006362940184772015,-1.3674201909452677e-05,-3.011707164128541e-05,-1.1671712774668803e-05,-0.004232684116150879
564,0.03904430387433957,0.038020673594971334,0.0499975698485387,-0.0013048143888441375,-9.769098652265826e-05,-0.0012860255992581515,-0.0006831862265244126,-3.676517371786758e-05,-2.9171004027850535e-05,-1.2162384900005573e-05,-0.004201100824137506
565,0.03985813922043789,0.03489242837537601,0.049996984537797495,-0.0014157211907803568,-9.790646853045805e-05,-0.0014008506994685028,-0.0008685481152497232,-2.3683382096351124e-05,-1.2821110659025034e-05,-1.285256840137475e-05,-0.0041706451972061106
566,0.041049881191346844,0.03342760577004094,0.049996312817147316,-0.0015383806648938273,-9.046544457075184e-05,-0.0015594840843577637,-0.001024301745928824,-2.707229032239411e-05,-2.229039538031102e-05,-1.2948835781398112e-05,-0.0041417447754083314
567,0.04253938216247041,0.028391999968843614,0.04999549612665524,-0.0016734849021547895,-8.649419064320867e-05,-0.0015607940823376277,-0.001168846501968801,-1.4225568520487286e-05,-3.6780015202950454e-05,-1.3444300558523093e-05,-0.004116335695854764
568,0.043526594066915614,0.0226073124970325,0.04999467378918823,-0.0018730788627466487,-5.891324447537152e-05,-0.001624483934882008,-0.0013339411234483123,-5.9946516557829455e-05,-1.4580642061951292e-05,-1.399659239012991e-05,-0.004095072020401732
569,0.04432433248531939,0.020966973876837595,0.049994137345723694,-0.002059847241425388,-3.220276678147977e-05,-0.0014856623042397079,-0.0015607228269800544,-0.00015449638885911554,-2.6234331881190356e-05,-1.4423366688047542e-05,-0.004084412993753609
570,0.044185137483528585,0.023968236185188712,0.049994072677238856,-0.0022911012194913906,-1.5067934280000627e-05,-0.0014037032045252033,-0.0015541579341515899,-0.00029088836163282394,-2.0432326239251112e-05,-1.4795165753393224e-05,-0.00408361499829149
571,0.04402819050023103,0.02800372100581519,0.04999468873251992,-0.002555737197940147,-2.3781144795551283e-05,-0.0013758805188652176,-0.0018252652371302247,-0.00022483184875454754,-1.722763200922272e-05,-1.5042167159546024e-05,-0.004093241103209823
572,0.043883432609939134,0.03209835113763956,0.04999576000947705,-0.0028267653802662033,-4.541015090170955e-05,-0.0013737002953858974,-0.0017790738493204117,-9.572062117513269e-05,-1.5196758095378856e-05,-1.5185220821055598e-05,-0.004108353051702504
573,0.0438318592942378,0.03610329491491201,0.049997042833004636,-0.003096815284798721,-6.935888660783182e-05,-0.0013813510450261504,-0.0015295541379600763,-0.00011768385593313724,-1.3907240216921242e-05,-1.5241783802035276e-05,-0.004125889808603171
574,0.043846992713236416,0.03948293368147491,0.0499983011748992,-0.0033565622339684163,-8.748118966043366e-05,-0.0013979435012940581,-0.0008672407711856067,-0.00020459758525248617,-1.3110011717378361e-05,-1.5225736590660308e-05,-0.004144187229622226
575,0.04412370104168151,0.042117220238428184,0.04999932046673636,-0.0036058079224881023,-0.00011049234838374724,-0.001409754044554315,-0.000887741451151669,-1.5057254131534137e-05,-1.2590140326093595e-05,-1.514783538081299e-05,-0.004162645312259082
576,0.04452544196888769,0.044088471359692065,0.049999914073401874,-0.003850906881714022,-0.00013491549638585778,-0.001416641111082253,-0.0008429214358329773,-2.114712515322026e-05,-1.227147992341387e-05,-1.5018043186376771e-05,-0.004180388590945568
577,0.04502968458138748,0.04555150807809557,0.049999920293471965,-0.004090717764226036,-0.00016071456250784448,-0.001420430924808176,-0.0007147256401367486,-2.4042366931098513e-05,-1.2109738474250994e-05,-1.4843661072580364e-05,-0.00419704807207368
578,0.04570556598831746,0.046686854919961336,0.0499991971992956,-0.004329706235427963,-0.0001920738886361179,-0.0014175732528358951,-0.000734059838578105,-1.485250595578691e-05,-1.2052568924772e-05,-1.4631465094349795e-05,-0.004212799138754595
579,0.04650180902466839,0.04748555048247408,0.04999761730113162,-0.004572405245904787,-0.00022523040873747015,-0.0014161213319119226,-0.0005229238886386156,-5.479915489559062e-05,-1.2110643247523991e-05,-1.4386536137674066e-05,-0.004228149876118677
580,0.04750577658917801,0.04810495314395708,0.049995063135336935,-0.004815900164795353,-0.00026442745951653156,-0.0014122522006999776,-0.0004926958936266601,-6.170576853037346e-06,-1.2237711190354439e-05,-1.4112651392793027e-05,-0.0042439162403904995
581,0.04867560879771292,0.048549634409197795,0.04999142335071165,-0.005067181129433145,-0.00030801409762749047,-0.0014053533134162934,-0.0005124915624037385,-2.1726506020058878e-05,-1.2413174653787358e-05,-1.3814514794275484e-05,-0.004260607254046984
582,0.04994618049730185,0.04884992134732645,0.0499865874338511,-0.005325290483148034,-0.0003507950146523462,-0.001395321157665879,-0.0006756656221114099,-4.068245107191615e-05,-1.2617726116083686e-05,-1.3496831971643278e-05,-0.00427779231557114
583,0.05120647946871529,0.04906337791260812,0.04998044466203334,-0.005586551092620962,-0.00039002104841591944,-0.0013829442139933414,-0.0008988285553641617,-2.895601573982276e-05,-1.283848806934125e-05,-1.3164049761866414e-05,-0.004294561944948059
584,0.05247188963544074,0.04919968231898686,0.04997288144249947,-0.005853358094289862,-0.00042765481350368626,-0.001376440828429975,-0.0005725477240048349,-7.391860708594322e-05,-1.3103250285637731e-05,-1.2818192915178634e-05,-0.004311660005421153
585,0.05403178645362242,0.04928443396859625,0.04996377850389433,-0.006132671911491046,-0.0004738867203052618,-0.0013695094073503003,-0.000667274056468159,-2.706337909330614e-05,-1.3368145728415976e-05,-1.2460518583311436e-05,-0.004330691003064142
586,0.05574841211142167,0.049308259518522295,0.04995300662429473,-0.006428225591943711,-0.0005197343341902817,-0.0013641054890925228,-0.0007269651396200061,-8.867681572155561e-06,-1.3634982966961523e-05,-1.2093222068203291e-05,-0.004352150779479271
587,0.05756223885010382,0.04929029290952884,0.04994042736946239,-0.0067336757618383985,-0.0005640437745157112,-0.0013627886971329121,-0.0006298981024883687,-1.0506455510039814e-05,-1.3900054764048423e-05,-1.1717423070956594e-05,-0.004376586034370783
588,0.05957753006053915,0.04923032552271638,0.049925894820705745,-0.007053798076505123,-0.0006140179474640732,-0.0013623955505046481,-0.0007653343491256237,-3.022201417479664e-05,-1.4132780552841628e-05,-1.1334116441902673e-05,-0.0044051766147221
589,0.0617935390476359,0.04911485386460587,0.04990924590325269,-0.007396586371825305,-0.0006645973451640474,-0.001364297417938774,-0.0008571759099140763,-9.741299436427653e-06,-1.4331019123848152e-05,-1.094445862974775e-05,-0.004438682500944828
590,0.06413629782022634,0.04893826226676749,0.04989030322040586,-0.007755422795525791,-0.0007150252670305383,-0.0013657272488768152,-0.0012298794463276863,-5.5553078709635884e-05,-1.4463746051446183e-05,-1.0549880925682556e-05,-0.0044772062309680226
591,0.06656527211299679,0.04870275595264876,0.04986887391665836,-0.008136877978418389,-0.0007615581925843193,-0.0013797979319590497,-0.0008545547025278211,-9.74413997028023e-05,-1.4559124357658625e-05,-1.0150500100730471e-05,-0.0045221454465561835
592,0.06863907179879469,0.04930939301059044,0.04984474679398227,-0.008460940687819076,-0.0007445135854869662,-0.0014223041063098638,-0.0007697896799072623,-7.017372263362631e-05,-9.161503408047687e-05,-1.0132063705585238e-05,-0.0045620734457440595
593,0.06749604298530636,0.047540737956582854,0.04981829591600606,-0.008400577288846644,-0.0004077438223192921,-0.001475665111513952,-0.0007126224809326231,-1.1446893950051162e-05,-0.00020705542044174917,-1.065688875621794e-05,-0.004591251110221592
594,0.06652793910395303,0.03703551223187988,0.04978975488591177,-0.00836081212356087,-0.00018160290312851346,-0.0015349754962683366,-0.0006762300617992878,-2.8544707674882375e-05,-0.00035938893907826045,-1.1705722283067148e-05,-0.0046095177756735415
595,0.06562876247409916,0.024206112269505073,0.04975910373896736,-0.008336226375242945,-4.871891003923636e-05,-0.001613120538071073,-0.0007144180708564818,-3.5786415537586436e-05,-0.0007445941832691314,-1.3501063780704978e-05,-0.0046159718136677295
596,0.06449003440601157,0.012830022351490375,0.04972637493732804,-0.008325497543263598,-5.118721645164485e-07,-0.0017014348315511176,-0.0007776077254675329,-1.3290773495100439e-05,-0.00120276706284528,-1.621080667817858e-05,-0.004610120462352105
597,0.06334886471180405,0.005639595201979687,0.04969166915727826,-0.008326152164178898,-3.139409672451045e-05,-0.0017902042878154547,-0.0008078910759650171,-4.065886514581507e-06,-0.0018078758061752364,-2.0224329923981325e-05,-0.004592064924330373
598,0.0619204113112566,0.002597113275456995,0.04965498418076851,-0.008266345737458264,-0.00011946758196779698,-0.0018598533361394221,-0.0007979642832651734,-2.3309642074309522e-06,-0.0025275163918917196,-2.5127830060897307e-05,-0.00455862919146456
599,0.058701360237773594,0.0032847773668974374,0.04961707345596836,-0.007872247938153812,-0.00017225105839240287,-0.0019367216602422619,-0.0007223804132081568,-8.299410183099099e-06,-0.0034083004542259155,-3.0709448274744304e-05,-0.004508508317075301
600,0.05553298551242047,0.004028852069482356,0.04957845894797525,-0.00750650387790349,-0.0002743254232226681,-0.0020231771083716295,-0.0006331504555419087,-1.9244425857323222e-05,-0.004595552729096223,-3.6627801946510385e-05,-0.00444194675800105
601,0.05241710366236727,0.00521896915919409,0.04953944912391513,-0.00716998657069043,-0.0004281313247122072,-0.002116211368989641,-0.000558159954380244,-1.0058337466034573e-05,-0.006014772569598395,-4.259976899482988e-05,-0.004359116016883786
602,0.04936370592893005,0.006500612027380746,0.049500296933567695,-0.0068462188859444,-0.0006277496168205685,-0.002213454194363414,-0.00054842175450176,-1.3963214769319165e-05,-0.007662381961918008,-4.857774110381945e-05,-0.004260593558450829
603,0.04641196789335569,0.0078383853480312,0.04946119026242589,-0.006533162483665382,-0.0008683386375492649,-0.002313023077357725,-0.000596650643274188,-2.1014129742980003e-05,-0.009528711151013343,-5.4504000527221176e-05,-0.004147251514755735
604,0.043587460489643265,0.009189838659411647,0.049422309098009036,-0.006229185218913334,-0.0011437176032127903,-0.0024139948113154333,-0.0006951721734367311,-2.3673810574109666e-05,-0.01160872370070138,-6.032232455952075e-05,-0.004020182244769132
605,0.04090673757937769,0.01051892601444615,0.04938382556352779,-0.005932933021008422,-0.001447524644318217,-0.0025159593006742614,-0.000819570675957948,-1.916245491884183e-05,-0.013900307372688644,-6.597958496718625e-05,-0.0038806081424312532
606,0.03837464760849464,0.0118059194869061,0.049345903957376175,-0.005643129292243365,-0.001774872809363861,-0.0026187387396137884,-0.000941935577429831,-1.2364240319584496e-05,-0.016403104027937775,-7.142819588852467e-05,-0.0037297927080713884
607,0.0359884241805596,0.013047424749253656,0.049308700797425546,-0.005358627409713436,-0.002122755029716098,-0.002722248758414759,-0.001042707939632237,-7.021543751761783e-06,-0.019117943401188477,-7.662738001754976e-05,-0.0035689979931449196
608,0.03374328738411615,0.014246853885707934,0.049272364869290874,-0.0050785218084714295,-0.0024891074214283145,-0.0028264202451223548,-0.001114162732847035,-3.809151849054615e-06,-0.02204661198569975,-8.154316778328062e-05,-0.0033994851143773724
609,0.03163494988291445,0.015408280844912399,0.049237037277755386,-0.004802183490384488,-0.0028719637505693904,-0.002931161206300649,-0.0011564985616132617,-2.177426040361752e-06,-0.02519172847907138,-8.61477820261603e-05,-0.0032225311392506473
610,0.02966020327450314,0.016534356265791764,0.04920285150055803,-0.004529247421797825,-0.0032689305050875176,-0.0030363408476993398,-0.0011735325679183006,-1.5072636188051547e-06,-0.028556656604654895,-9.041890245107981e-05,-0.0030394474901975694
611,0.027816777443055288,0.01762614081743654,0.04916993344379108,-0.0042595847604665225,-0.003676878729934053,-0.0031417798480721524,-0.0011703268392011523,-1.410049094374699e-06,-0.032145431788651604,-9.433904234645174e-05,-0.0028515945181767444
612,0.02610304813486668,0.01868349181418376,0.04913840149820051,-0.003993275845167996,-0.004091731771322046,-0.0032472511640198806,-0.0011520031839609146,-1.705497538750933e-06,-0.035962680870627685,-9.789509999519502e-05,-0.002660390960081939
613,0.02451777945397811,0.019705647609572097,0.04910836659572784,-0.003730586031417644,-0.004508296413856384,-0.003352505757972116,-0.0011233399854972959,-2.3291195248020813e-06,-0.0400134988997339,-0.00010107804624964379,-0.002467317031877546
614,0.023059854378721947,0.020692282098634336,0.04907993226567425,-0.003471938629577379,-0.004920223752024059,-0.00345734040800266,-0.0010884565999731421,-3.1810941436560825e-06,-0.04430321291772731,-0.00010388264377198741,-0.0022739079076151236
615,0.021727876494442844,0.02164550134800134,0.04905319468991047,-0.003217875853819333,-0.00532028751159829,-0.0035616989148855613,-0.0010503428056836128,-3.996362920588581e-06,-0.04883703518876931,-0.00010630707780248225,-0.0020817330537360275
616,0.020519585865167358,0.022572430743209426,0.049028242756598006,-0.0029690052916787834,-0.005701158032129567,-0.0036657563803301294,-0.0010103260865435004,-4.419477136252681e-06,-0.05361969659425786,-0.00010835243092470241,-0.0018923596355490272
617,0.019431270448570286,0.023487075326395743,0.049005158111929834,-0.0027259435545975283,-0.006056541491886519,-0.00376992755625232,-0.0009681921801529825,-4.28328303314629e-06,-0.05865521304306738,-0.00011002204241171703,-0.0017073053924062985
618,0.01845750236541817,0.024410141099396602,0.04898401520943823,-0.002489277815125405,-0.006382197749684438,-0.0038747924770351147,-0.0009232744923792779,-3.729029913301929e-06,-0.06394681805287482,-0.00011132087991642523,-0.0015279927293399241
619,0.017591376753103374,0.025367143388889454,0.04896488135645443,-0.0022595566315907318,-0.00667633513978647,-0.003980987764560732,-0.000875745085068047,-3.0390383471967652e-06,-0.06949700484802425,-0.0001122550546545548,-0.0013557157786659023
620,0.016825140566741562,0.026386436805707753,0.04894781675733968,-0.0020373052779840807,-0.006939256354270332,-0.004089116300024576,-0.0008270104299299419,-2.407921783742495e-06,-0.07530756586696791,-0.00011283153275235482,-0.001191625506091983
621,0.016150875735653793,0.02749800929822779,0.048932874553146606,-0.001823048464083299,-0.007172612380266583,-0.004199701127341481,-0.0007791795651428401,-1.8981835410158965e-06,-0.08137960007362723,-0.00011305800834133526,-0.0010367302843270487
622,0.015561014884530376,0.028732653271543153,0.048920100857409166,-0.0016173282269456631,-0.007378671177056211,-0.004313176475931046,-0.000734238768927753,-1.5216011206575786e-06,-0.0877134982705104,-0.00011294287070941499,-0.0008919058968675302
623,0.015048644870879303,0.030120531481701053,0.04890953478779745,-0.0014207135630532443,-0.007559797759368797,-0.004435035669852489,-0.000693611684255302,-1.2854767419412383e-06,-0.0943089121332768,-0.00011249521132224632,-0.0007579093916112576
624,0.014804114995286867,0.028578715119165113,0.048901208493408704,-0.0012381896706844195,-0.0076624745440922355,-0.0045845801547297225,-0.0006685410044156015,-9.500170676801645e-07,-0.07837719517690032,-0.00011946125224139753,-0.0006372336901621371
625,0.015380572975982588,0.01586748688135475,0.04889244492689249,-0.0010906430542152784,-0.007530589198352188,-0.004734282454640129,-0.0006751141045242548,-6.982683657952293e-07,-0.07277665182646385,-0.00013705286190134508,-0.0005305908678921999
626,0.01574575414518792,0.009150920986836952,0.04888257275304708,-0.000955232853203343,-0.007461768411780041,-0.004875333125926493,-0.0006512855179607868,-2.9798600280628307e-06,-0.07094986985093756,-0.00016426237550160576,-0.0004374686503399935
627,0.015886675526047105,0.006477471817159734,0.04887231343534207,-0.000825927825613855,-0.007487236227439547,-0.004597947100538107,-0.0006886128103360534,-6.25249822405749e-06,-0.054570454790144246,-0.00018813647565451086,-0.0003576820367487313
628,0.017502190866432548,0.015667766010591593,0.04886174510499758,-0.0007393023652098078,-0.00727881253485041,-0.004306125342497118,-0.0006796568632125854,-7.340547654166585e-06,-0.04568030140175022,-0.0002052756180355409,-0.00029079733946068436
629,0.01944797746598301,0.03137258906043769,0.048848678549099904,-0.0006721573564097282,-0.006933139623241058,-0.004338206940150822,-0.0006742097320966423,-2.517172788429889e-06,-0.05017257778267456,-0.00021268423922211248,-0.00023642431832606397
630,0.01967532853325364,0.03617211339628095,0.04883520398997683,-0.0005685448941647361,-0.006956254373546436,-0.004432050688351541,-0.000691714056301862,-8.961499588622246e-06,-0.05255077713032505,-0.00021627401328415337,-0.00019390991204686582
631,0.01960440918704479,0.03886968757060436,0.04882401989186352,-0.0004649378433194385,-0.007054511439571538,-0.004532356772405774,-0.0007536775665357709,-5.334999514161609e-06,-0.05738502482260491,-0.00022127636554731482,-0.00016297707938556485
632,0.019569017295286713,0.04158314713838777,0.0488151585497043,-0.000370210728127946,-0.007148863997246556,-0.004637897524180016,-0.0007331085507757962,-4.761726017932233e-07,-0.062455585354299084,-0.00022585055279857651,-0.0001440929547625662
633,0.019575580741667292,0.0441444470003288,0.048808645689238976,-0.00028498067378475856,-0.007231501714967519,-0.004748876249779923,-0.0006936341524124146,-1.6615102822470362e-06,-0.06775911061596752,-0.0002299937601701455,-0.00013752517279225468
634,0.019629539712209786,0.0464162625375205,0.04880450014374149,-0.0002098650724072067,-0.007298030468533733,-0.004865407191275373,-0.0006577689782716334,-1.4997222024248913e-06,-0.07329284263888672,-0.00023370300563236503,-0.0001434936868428995
635,0.01973107526039283,0.04826599345500228,0.04880273386812434,-0.00014539980225425768,-0.0073494170075851075,-0.004987484636926237,-0.000627590692602098,-1.2340782404862694e-06,-0.07905336943854116,-0.00023697565762339628,-0.00016215934114003345
636,0.019879410605564675,0.04952666408485254,0.048803351948152836,-9.209649571651603e-05,-0.007387254581889501,-0.0051150614390392535,-0.0006035837577655911,-1.0895583955061738e-06,-0.08503664954390427,-0.00023980952309998082,-0.000193628513046595
637,0.020073948257738804,0.049999957766807296,0.04880635260433844,-5.04564016562812e-05,-0.007412551786694155,-0.005248036669474798,-0.0005852063768543303,-1.0025173651229125e-06,-0.09123790889043595,-0.00024220287442616828,-0.0002379577251734546
638,0.020314156957968416,0.049476342653119475,0.04881172719060224,-2.0967109150403506e-05,-0.007425876089202981,-0.0053862483172377774,-0.0005721323541365564,-9.039084147843823e-07,-0.09765157326596613,-0.000244154516772421,-0.00029515581863341476
639,0.02059948977494131,0.04777015471288623,0.04881946018775201,-4.100614378088833e-06,-0.007427432772576667,-0.0055294748769789135,-0.0005638852599076927,-7.664206691515574e-07,-0.10427121238083428,-0.000245663835520954,-0.0003651843527934166
640,0.020929306633968154,0.04476748357435169,0.04882952919181538,-3.107528110501442e-07,-0.007417131847691849,-0.005677450013739367,-0.0005596815026365221,-6.024986873853777e-07,-0.111089475454686,-0.0002467308323819926,-0.0004479566622926172
641,0.021302723079482572,0.04047857301541448,0.048841904897301905,-1.0030210814338138e-05,-0.007394758754464223,-0.005829887974957623,-0.000558521831408143,-4.427141959695291e-07,-0.1180980262660873,-0.0002473561494288077,-0.0005433363782885195
642,0.02171843764635066,0.03507936732981494,0.04885655107550481,-3.3668720034406614e-05,-0.0073601602180275935,-0.005986507517290344,-0.0005593592068180442,-3.1033044933792553e-07,-0.12528748784899932,-0.0002475410774588574,-0.0006511363599977672
643,0.022174563487912125,0.02892309474155937,0.04887342454799051,-7.16131092837744e-05,-0.007313405270853133,-0.0061470517198267145,-0.0005612617242150009,-2.130208542894252e-07,-0.13264739891580402,-0.00024728754855763996,-0.0007711187342637716
644,0.02266849947792125,0.02250570801949019,0.04889247515545824,-0.0001242289264108927,-0.00725486522766993,-0.006311297508473476,-0.0005634917761199176,-1.4773641510146263e-07,-0.14016618071776774,-0.0002465981173361023,-0.0009029963433704882
645,0.023196819277754237,0.01638174988217185,0.04891364572218503,-0.00019186308243799942,-0.007185243289884869,-0.006479056356639062,-0.0005655171698890626,-1.0753272050578744e-07,-0.1478311180738998,-0.00024547593832825254,-0.0010464355749449212
646,0.023755189879809114,0.011047950910771494,0.04893687201630713,-0.00027484675644115166,-0.007105549396479617,-0.0066501704335479,-0.0005670238169841468,-8.589033484440733e-08,-0.1556283520716469,-0.00024392474546340167,-0.0012010603262045802
647,0.02433829998702934,0.006832162544970372,0.04896208270622285,-0.0003734981091889471,-0.007017055085182565,-0.006824505658504553,-0.0005678678280673921,-7.827630810197661e-08,-0.1635428890561137,-0.00024194883889812636,-0.0013664568066841176
648,0.02493979896062169,0.0038314383369973666,0.04898919931343879,-0.00048812457974030496,-0.00692124150166506,-0.00700186344474279,-0.0005684617208316922,-9.28159664681516e-08,-0.1715587227158826,-0.00023955307927002686,-0.001542178518210878
649,0.02555219257975587,0.0019257637390030467,0.04901813616223871,-0.0006190222826219514,-0.006819682021745946,-0.007182230457610611,-0.0005692810518667102,-9.182146243347233e-08,-0.179658769637695,-0.00023674285013830022,-0.001727749047185706
650,0.026167273683712196,0.0008565416442409643,0.049048800326516456,-0.0007664631104548539,-0.006713705179248435,-0.007365587604226186,-0.0005707147065550089,-1.0310073861319324e-07,-0.1878249184540749,-0.00023352407941394445,-0.0019226659676180764
651,0.026775364230312404,0.00033254231228454497,0.04908109157421325,-0.0009307114109068817,-0.0066050693584255825,-0.007551635973202646,-0.000571194279473275,-1.557682907105118e-07,-0.19603782001068173,-0.0002299034278817342,-0.0021264126806766303
652,0.027364731762875044,0.00011117656472663258,0.04911490230994117,-0.0011120559618002805,-0.006496348156854563,-0.007740428235258579,-0.0005696711014024913,-1.531573019519783e-07,-0.20427694721007064,-0.00022588838346618867,-0.0023384672998815375
653,0.027923279055551132,3.1544000041755866e-05,0.04915011751622487,-0.0013107667103863878,-0.006389646894505285,-0.007931774479533662,-0.0005695365252904594,-1.921282404282465e-07,-0.21252145618249454,-0.00022148729418883435,-0.0025583038653401446
654,0.028437563182133453,7.479406327158237e-06,0.049186614693893155,-0.0015270935951381594,-0.006286902874469633,-0.008125616523206147,-0.0005686287768185139,-2.286167131160255e-07,-0.2207491353405839,-0.0002167095082958794,-0.0027853997190338082
655,0.02889282861307456,1.4584980080908748e-06,0.04922426380220715,-0.0017613052480585766,-0.006190511550780292,-0.008321858750090073,-0.0005675608408637345,-2.728440620103356e-07,-0.2289370587377106,-0.00021156549272422908,-0.003019244414738836
656,0.029273419381379173,2.2999972476923694e-07,0.04926292719951658,-0.0020136620590967217,-0.006102776117388034,-0.008520425642912338,-0.0005666253273375332,-3.171249431943579e-07,-0.23706145437590975,-0.00020606692405773495,-0.0032593444409471923
657,0.029562918844893118,2.8813596587306943e-08,0.04930245958495516,-0.0022844182978575996,-0.006026011973080734,-0.007840797724402888,-0.0005659971502609551,-3.654017461940384e-07,-0.24509769524054426,-0.00020022676739259667,-0.0035052287310980926
