frame,reward_tracking_lin_vel,reward_tracking_ang_vel,reward_tracking_height,cost_lin_vel_z,cost_ang_vel_xy,cost_joint_velocity,cost_action_nn,cost_action_rate,cost_feet_slip,cost_leg_base_angle,cost_orientation
0,0.001930454136227711,0.5,0.9996956471151509,-0.0,-0.0,-8.721947579462562e-06,-0.060966260731220245,-0.0,-3.222641404652982e-08,-3.8512198795869814e-09,-3.786449638102155e-07
1,0.0018908242480558293,0.4998376431723963,0.9996987654959131,-4.698918088217048e-06,-0.0003031092863710633,-3.210889541511878e-05,-0.026797359809279442,-0.03221135213971138,-5.733127965508375e-08,-3.1692094220468085e-08,-4.552938465806339e-06
2,0.0018990962479460696,0.49988486913169883,0.9997071320631427,-1.3669185645500297e-05,-0.0006547099912135787,-9.379388069166513e-05,-0.017836807295680046,-0.01319811213761568,-4.96106391525453e-08,-3.012831196685227e-07,-1.6344957873055056e-05
3,0.001936795238934119,0.49999044193168335,0.9997192037697761,-2.309332736759246e-05,-0.0008202342022086624,-0.0001652890625172935,-0.009574536234140396,-0.011246459558606148,-3.6569015549998335e-08,-9.530538080864045e-07,-3.642437119327757e-05
4,0.0019793457038777148,0.499715873449958,0.9997336412385838,-2.9998774499960618e-05,-0.0008063961596766529,-0.0002514432274475116,-0.008915875107049942,-0.000320642429869622,-2.6455118551451353e-08,-1.968784074791805e-06,-6.383708656694314e-05
5,0.002020760743276554,0.49918447895135465,0.9997494077799498,-3.5667788113835067e-05,-0.0008007109741474091,-0.00034356814176815346,-0.008446888998150826,-0.0005995193496346474,-1.9231364618788517e-08,-3.2905689685481747e-06,-9.893795665219811e-05
6,0.0020543809276811573,0.498610752361652,0.9997658663939312,-4.0332137139742385e-05,-0.0008488071930742158,-0.00043643582452760265,-0.007829496636986732,-0.0006208545528352261,-1.4130939685346902e-08,-4.835286618005314e-06,-0.00014326133856605545
7,0.0020808462535236195,0.4981738779027888,0.9997825339861043,-4.397277516733908e-05,-0.000926055564763439,-0.0005332406767110256,-0.007015017792582512,-0.00041707573109306395,-1.0535220616968856e-08,-6.498809276290218e-06,-0.00019850304187928172
8,0.0021031830869892806,0.4979710223074952,0.9997990395313784,-4.6541587404152914e-05,-0.0010104709217578962,-0.0006395841862837541,-0.006342305801808834,-0.00029065398848615587,-8.383018480000264e-09,-8.178637904400059e-06,-0.0002662930603836625
9,0.0021226927022079552,0.4980111268004347,0.9998151107104255,-4.8198143129825864e-05,-0.0011014321298101946,-0.0007597481163130112,-0.005831528455018997,-0.0001963063405128196,-7.430081391219593e-09,-9.79294546745476e-06,-0.0003483248930291604
10,0.0021405104032926428,0.4982451566908379,0.9998305592759624,-4.906751771534159e-05,-0.001198243919984763,-0.0008956874831120287,-0.005485469475388527,-0.00011770118726417422,-7.356480999579578e-09,-1.1286353800068639e-05,-0.0004462822640683488
11,0.0021574664260954717,0.49859750283253945,0.9998452590677006,-4.925107931082109e-05,-0.0013004338988036274,-0.0010472627807248914,-0.0052751279436051846,-6.387480243574828e-05,-7.947436906591849e-09,-1.2628379772175833e-05,-0.0005618259081287547
12,0.0021741001032361163,0.49899248493443515,0.9998591300758298,-4.88385814623689e-05,-0.0014077734206953284,-0.0012132377358008378,-0.005153526086360216,-3.417095649638213e-05,-8.898482358289336e-09,-1.3807987378954845e-05,-0.0006966072541277623
13,0.002190790122706437,0.49936725487227407,0.9998721272333657,-4.791826678778972e-05,-0.0015198600575857674,-0.001391680477605449,-0.0050874133594334126,-1.8903416275861673e-05,-9.979006271492745e-09,-1.482730932129503e-05,-0.0008522771428015868
14,0.002207792223426761,0.4996758392049099,0.9998842321169624,-4.657312917494428e-05,-0.0016359724999115755,-0.001580459726441195,-0.005053963977843523,-1.1593680937949102e-05,-1.099064106940596e-08,-1.5696271507066463e-05,-0.0010304905170507362
15,0.0022252603128442095,0.499888833261689,0.999895446531739,-4.488502585740939e-05,-0.0017553639470916922,-0.0017773474142546801,-0.00503678061068058,-7.761791493976489e-06,-1.175400447758394e-08,-1.64285218791861e-05,-0.0012329036473052142
16,0.002243289779460549,0.4999911619039937,0.9999057874121245,-4.292715895047497e-05,-0.0018770929781890824,-0.001980307547972261,-0.005025649908930063,-5.679238256561803e-06,-1.213314121705035e-08,-1.703871061141724e-05,-0.001461165897368916
17,0.002261926282233146,0.49997926216787064,0.9999152827598942,-4.076875238589306e-05,-0.00200035422013083,-0.0021874435440672785,-0.005013884045183659,-4.222561528877122e-06,-1.2057350063120213e-08,-1.7540879244714472e-05,-0.0017169099026267177
18,0.002281188992169926,0.49985785271189564,0.9999239684219076,-3.8469379394614324e-05,-0.0021242731442037794,-0.0023975883928865297,-0.004997767508029938,-3.1815595775697147e-06,-1.1525448410892496e-08,-1.7947735783552178e-05,-0.0020017359995265467
19,0.0023010624096831463,0.4996362734948451,0.9999318848998492,-3.608082466614321e-05,-0.0022480426796260815,-0.0026097593757324787,-0.004974681418389082,-2.425773800496245e-06,-1.0586191040129002e-08,-1.8270392961527748e-05,-0.0023171947725012026
20,0.0023215442288935123,0.4993253375384384,0.9999390750636389,-3.364794806723671e-05,-0.002370732153371949,-0.002822873149224105,-0.004943982232362032,-1.9042757912757224e-06,-9.324868136329412e-09,-1.8518401861229702e-05,-0.00266476501039341
21,0.0023426519570382913,0.4989362712086682,0.9999455835710777,-3.1210415003224786e-05,-0.002491430152736164,-0.0030358111598486853,-0.004906104877591133,-1.5693990462750662e-06,-7.862148412192987e-09,-1.8699831919233458e-05,-0.0030458395376079354
22,0.0023644171474651423,0.49848041684250766,0.9999514563162745,-2.8802135969853415e-05,-0.002609291114482659,-0.003247474194100379,-0.004862450063228607,-1.3561459581978852e-06,-6.338747806705206e-09,-1.8821438108565734e-05,-0.0034617145271756754
23,0.002386881150912022,0.4979690447898178,0.9999567396803118,-2.645090481585479e-05,-0.002723561199045353,-0.0034568366485622846,-0.004815184511244297,-1.2090999916836154e-06,-4.931856803849664e-09,-1.8888878107984823e-05,-0.0039135828147203395
24,0.002410092048056871,0.4974130855481174,0.999961479753432,-2.417878083282225e-05,-0.0028336093762224034,-0.003662938457018426,-0.004766431637108326,-1.0918535053860978e-06,-3.776629105063279e-09,-1.890692426101123e-05,-0.004402530660362619
25,0.0024340975011696276,0.4968228378395926,0.9999657216343135,-2.200256456065896e-05,-0.0029389231674417852,-0.0038649326003128153,-0.004717979580163956,-9.942021961251157e-07,-3.1904243038883117e-09,-1.887964826532399e-05,-0.0049295390146486245
26,0.002458948049327942,0.49620773139084523,0.9999695088780661,-1.9935289716807966e-05,-0.003039163224724623,-0.004061797529133628,-0.0046715461649000645,-9.011134238789964e-07,-3.5101264929589103e-09,-1.88105767510612e-05,-0.005495486399866937
27,0.00248469307900468,0.4955769712004692,0.9999728831565374,-1.7985417920410868e-05,-0.0031340701788581853,-0.004252726514850358,-0.004628185648471117,-8.174957315532083e-07,-5.007425990075362e-09,-1.8702833437638007e-05,-0.006101152962383104
28,0.002511371565301379,0.49493881256731853,0.9999758839070376,-1.6157897296334848e-05,-0.003223541639201699,-0.004437187801331213,-0.004588352981954813,-7.507952091145853e-07,-7.952671879454182e-09,-1.8559286484755525e-05,-0.006747223304965312
29,0.002539028670649248,0.49430004335669436,0.9999785479497001,-1.4454350925132771e-05,-0.003307449439856115,-0.00461481500371656,-0.004552431870251894,-6.960797236388316e-07,-1.2759668032924688e-08,-1.8382636437227295e-05,-0.007434285766682136
30,0.0025677047280702266,0.4936659190965923,0.9999809093162431,-1.287479203042194e-05,-0.003385741227783325,-0.0047853253463909845,-0.004520345013588667,-6.574510962309432e-07,-1.967210400188232e-08,-1.8175459697485903e-05,-0.008162835173391333
31,0.0025974318005386786,0.4930406250402594,0.9999829992330207,-1.141724551035136e-05,-0.003458397264808257,-0.004948630032848911,-0.004491020459681749,-6.22802474481432e-07,-2.8978019807222702e-08,-1.7940227343148357e-05,-0.00893327479005829
32,0.002628246525073253,0.49242740881320535,0.999984846212088,-1.007916982139172e-05,-0.003525441892472299,-0.005117460858900604,-0.004463730379939079,-6.098263156673056e-07,-4.08051241821619e-08,-1.7679738978752984e-05,-0.009746302728612518
33,0.0026608482775361065,0.4917748660483984,0.9999864751084299,-8.828310589736104e-06,-0.003593503405171512,-0.005263079036464043,-0.00444374792277813,-5.882126856704417e-07,-1.274851377251575e-07,-1.7396139030815744e-05,-0.010602289977673547
34,0.0026940074177677687,0.4911922120954725,0.9999879099244178,-7.748712089696437e-06,-0.0036512802320258233,-0.005386113922724401,-0.004463016055524349,-4.6764784201513976e-05,-1.1906232044533977e-07,-1.7091056554804947e-05,-0.011500658787946445
35,0.0027275529343889575,0.49067784062664993,0.9999891706913291,-6.683919776997035e-06,-0.003695331684277117,-0.005520446066291943,-0.004351303447037935,-3.726597788045183e-05,-1.2316764923096003e-07,-1.6766415920077843e-05,-0.012441186230998887
36,0.0027631877548612476,0.4901945839744373,0.9999902766655788,-5.780441164791192e-06,-0.0037384793735931554,-0.005643131359327849,-0.004338185302913189,-1.933920975716319e-05,-1.3799243113289093e-07,-1.6425428549498713e-05,-0.013423094466713456
37,0.002801296243083825,0.4897125398034134,0.9999912462674527,-4.931862291436636e-06,-0.0037599179548562533,-0.005764856090372444,-0.004324736073613167,-2.514552033971995e-05,-1.59787596097543e-07,-1.6070274028345453e-05,-0.014446182731268298
38,0.002839486555533082,0.4892234292989907,0.9999920954546454,-4.227446680801109e-06,-0.003793685011383314,-0.005879633085938392,-0.004290115088224411,-5.857340283910162e-07,-1.8776444499635608e-07,-1.570147413331942e-05,-0.015511193737169932
39,0.002879122393408565,0.48875381616111857,0.9999928395968986,-3.6037297166949436e-06,-0.0038216135017960645,-0.005987304702029434,-0.0042534396052360535,-6.899927029735409e-07,-2.2107392159105786e-07,-1.5320654562015808e-05,-0.01661770078815005
40,0.0029202568540864942,0.4883025300379085,0.9999934908197022,-3.053420321837654e-06,-0.003843445429048396,-0.006088091462855003,-0.00421480368822813,-6.247474857445923e-07,-2.5922533667051863e-07,-1.4929560622511571e-05,-0.017765152024997066
41,0.0029629624161517107,0.48787114857298736,0.9999940598977732,-2.5708525683896327e-06,-0.003859231815482023,-0.006182258801628629,-0.00416912604123354,-7.256701906044327e-07,-3.0205135313013144e-07,-1.4529829792938701e-05,-0.018952877871574493
42,0.003007308770267496,0.48746004934597975,0.9999945564344142,-2.150329251232249e-06,-0.003868884114689829,-0.006270039125984402,-0.004120537545531988,-7.205958922895661e-07,-3.493907466751515e-07,-1.4122972227541724e-05,-0.020180086570393087
43,0.0030533811912623506,0.48707033702594604,0.9999949889653778,-1.7862343772426786e-06,-0.0038724270604087153,-0.006351588654028777,-0.004068034701049328,-7.707596410000406e-07,-4.011929935664436e-07,-1.371044091816645e-05,-0.021445874282034406
44,0.003101253726249541,0.4867028093626701,0.9999953650537619,-1.4730253879455886e-06,-0.0038699183365255765,-0.006427000683611445,-0.004011637531220913,-8.291771109725232e-07,-4.5742514090222285e-07,-1.3293577350872605e-05,-0.022749226445043576
45,0.003150999835513256,0.486358148337429,0.9999956913798091,-1.2054516513466222e-06,-0.00386143076626829,-0.006496393152692983,-0.003951256163418293,-8.989758839561546e-07,-5.180513866133267e-07,-1.287362802119456e-05,-0.02408901948844154
46,0.0032026977722372503,0.4860369375987415,0.9999959738339739,-9.785195623107131e-07,-0.0038470519301729376,-0.006559877802978298,-0.003886985592544079,-9.744634326125379e-07,-5.830256467465979e-07,-1.2451752405511128e-05,-0.02546402371384227
47,0.003256428659613323,0.4857397218285752,0.9999962176012721,-7.875326112485955e-07,-0.0038268927478601446,-0.006617549076456069,-0.003818840254098177,-1.060981389855442e-06,-6.522822543477314e-07,-1.202903332010241e-05,-0.02687290622636667
48,0.003312276143199042,0.48546693738756225,0.9999964272399701,-6.281096812717114e-07,-0.0038010730945068675,-0.006669542340902925,-0.003746958216652274,-1.1555100627447246e-06,-7.257543478554483e-07,-1.1606483274444777e-05,-0.02831423406042346
49,0.0033703300744489977,0.48521890549093644,0.999996606750772,-4.961548314948677e-07,-0.003769733850172207,-0.006715940353168592,-0.0036714866291731596,-1.2575389973790152e-06,-8.033437705968931e-07,-1.1185046226674997e-05,-0.029786477903307546
50,0.0034306802337115416,0.4849958467420522,0.9999967596425465,-3.879451377720048e-07,-0.00373302627557916,-0.006756844443535885,-0.0035925614647567272,-1.3674912224814761e-06,-8.850058031752274e-07,-1.0765604687792329e-05,-0.03128801609701699
51,0.0034934218030856063,0.4847978992252141,0.9999968889947044,-3.0009086107682846e-07,-0.003691120890592821,-0.00680703799064567,-0.003510457696393132,-1.4773621614949661e-06,-9.721073410553975e-07,-1.0348758497258017e-05,-0.03281716518743553
52,0.0035598145654531137,0.48456605859727453,0.9999969969278223,-2.237581742693124e-07,-0.0036443319660375666,-0.006866687377229715,-0.003430580487474799,-1.4439530104937148e-06,-1.0656073640738736e-06,-9.934805285628484e-06,-0.034372215765326425
53,0.0036299774678502567,0.4842995124484053,0.9999970847211216,-1.589495501693553e-07,-0.003593152084321817,-0.006935922254542925,-0.0033534211106598377,-1.4410024959943257e-06,-1.1664652789092672e-06,-9.523925434788165e-06,-0.03595142706839454
54,0.003704053176743098,0.48399580580553586,0.9999971534600621,-1.0548899690477688e-07,-0.0035378843558081124,-0.0070151619122755466,-0.003284970996901393,-1.1953386547247646e-06,-1.2754912755593337e-06,-9.116256866865669e-06,-0.03755309089220743
55,0.003782182548379037,0.48365484729304553,0.9999972040582958,-6.331050193268475e-08,-0.0034794838732873333,-0.007104503199617683,-0.003220170270651579,-1.1371720347597147e-06,-1.3936367870373332e-06,-8.711939901652736e-06,-0.03917554219134081
56,0.003864530876591472,0.4832739495982905,0.9999972372637871,-3.20908377002315e-08,-0.0034182012864767716,-0.007109723813952221,-0.0031587183475494385,-1.0976469866363914e-06,-1.4993170681767915e-06,-8.312457828576385e-06,-0.04081729280421414
57,0.003942873729665205,0.4832161461744979,0.9999972573163816,-2.0954695675122677e-08,-0.0033564087080865273,-0.007139431076941159,-0.0030541932210326195,-2.168037826777436e-05,-1.6393066812086508e-06,-7.919195975572298e-06,-0.042476695614037184
58,0.004026761301226867,0.4830828827454677,0.9999972689833599,-1.3744478950400634e-08,-0.003291008047356399,-0.007145690475165532,-0.002999326214194298,-2.2327119495457737e-06,-1.7406246164809477e-06,-7.533123231821568e-06,-0.04415219930750579
59,0.004112617314641363,0.48300161244416967,0.9999972739604934,-1.034071122490873e-08,-0.0032257881503889962,-0.007134826665829153,-0.0028993745800107718,-1.6901549315662123e-05,-1.8564146513742154e-06,-7.154958312588011e-06,-0.04584244585443532
60,0.004200179730250383,0.48294075930874014,0.9999972730996746,-7.695846685175597e-09,-0.0031592444473116064,-0.00711930119325593,-0.00276108062826097,-5.149304342921823e-06,-1.977261544893532e-06,-6.784767512215892e-06,-0.04754522005410329
61,0.00429155758613799,0.48293828622878365,0.9999972667409668,-5.823562477494474e-09,-0.003086861772165424,-0.007095285028697616,-0.002631246345117688,-1.2097307262592949e-05,-2.096789249410315e-06,-6.4233307914860465e-06,-0.04925655248770623
62,0.004387831193529701,0.48298001163841886,0.9999972550686527,-3.801789498494875e-09,-0.0030006125851119486,-0.007067693987754219,-0.0025235151406377554,-3.333453605591785e-06,-2.2175918238471234e-06,-6.071411793768378e-06,-0.050972605072021754
63,0.004488038945346438,0.48304961498385196,0.9999972383507021,-2.611724235834029e-09,-0.0029115567212333235,-0.007036676374983511,-0.002413562498986721,-3.629581215136568e-06,-2.3388736507088125e-06,-5.729315211532713e-06,-0.052690864338534586
64,0.004592362563643554,0.48314597146931415,0.9999972173881513,-1.9782709669384007e-09,-0.00281990023753745,-0.007002067425183984,-0.0023045993875712156,-3.7153488392505096e-06,-2.460007473244034e-06,-5.397262852909881e-06,-0.05440876649854036
65,0.004700967054631006,0.48326648218388296,0.9999971929283401,-1.7203446820465716e-09,-0.0027258576450435498,-0.006963779056981525,-0.002197426976636052,-3.7615343444485916e-06,-2.5804901001288504e-06,-5.075444853748397e-06,-0.056123720509315855
66,0.004814016848421851,0.48340887820824757,0.9999971656595666,-1.7516488667320724e-09,-0.0026297659313298852,-0.006921811265491642,-0.0020909891463816166,-3.924353222828358e-06,-2.7000008180370257e-06,-4.764015684219311e-06,-0.057833118033572536
67,0.004931690392816662,0.4835704874967736,0.9999971362192202,-2.0570605826302652e-09,-0.002531876524158868,-0.0068762030919272635,-0.0019859038293361664,-4.043703029310564e-06,-2.818155186887813e-06,-4.463095294990788e-06,-0.05953432999531316
68,0.005054180365579479,0.4837490674754933,0.9999971052004827,-2.67962914497267e-09,-0.002432472097404239,-0.00682702882963561,-0.0018824442522600293,-4.154175712756114e-06,-2.9345984293777453e-06,-4.1727809116189295e-06,-0.06122471766222121
69,0.0051816894088248765,0.4839425114783932,0.9999970731556558,-3.702504008823055e-09,-0.0023318400489710485,-0.006774318592108657,-0.0017808955162763596,-4.251564405421959e-06,-3.0489675365042225e-06,-3.8931456822259735e-06,-0.0629016386733649
70,0.005314424308215611,0.4841488200289791,0.9999970405969538,-5.2405427803457555e-09,-0.0022302667344187756,-0.0067221063947353376,-0.0016814806731417775,-4.342707143223379e-06,-3.201901308728168e-06,-3.6242208149050376e-06,-0.06456213003477454
71,0.0054523156884822704,0.4843642058729537,0.9999970078565853,-6.435247314049944e-09,-0.0021263149103921282,-0.006707571388315702,-0.0016095973551273346,-7.032488065306097e-05,-3.453720150076434e-06,-3.3656626660879505e-06,-0.06620304160149199
72,0.005600237290349507,0.484479771837458,0.9999969765816424,-1.0345885650941725e-08,-0.0020214415850070035,-0.006704141960812436,-0.0015799005050212145,-6.065381967346184e-06,-3.7368071146693734e-06,-3.1170278271066844e-06,-0.06782142644935787
73,0.005755985620489459,0.4845016745617451,0.9999969487448912,-1.613414580340665e-08,-0.0019157144670830606,-0.006666402341773452,-0.0015754852211102843,-3.741304317372851e-05,-3.7268284298129443e-06,-2.878355843074659e-06,-0.06941937067091977
74,0.005911369998361842,0.4845567346190128,0.9999969256899017,-2.9502490494405213e-08,-0.0018335617981734274,-0.006597594125848214,-0.0014330613194033504,-5.425847848528065e-05,-3.7718995727935674e-06,-2.6498585718044763e-06,-0.0709983792308576
75,0.006070978547461564,0.4846592586316907,0.9999969068401879,-4.098260421950736e-08,-0.0017461312925580827,-0.0065243524835789605,-0.0012940163724124432,-1.1499932043079752e-05,-3.847654829106059e-06,-2.431590120363202e-06,-0.07255419161052085
76,0.006237749919599807,0.48481278153171187,0.9999968904930223,-5.30451049003668e-08,-0.001654911593574207,-0.006439345221412757,-0.0011601925361901522,-3.5578090319177136e-05,-3.922406449291668e-06,-2.2238716150657895e-06,-0.07408070908286228
77,0.006413916549051304,0.48501141602266795,0.9999968755206793,-6.069566218456085e-08,-0.001551440977879315,-0.00635225143831333,-0.0010816175490617752,-4.63970354758203e-06,-4.002888147358091e-06,-2.0269979184169936e-06,-0.07557263730525356
78,0.006597282729686286,0.485224313292161,0.9999968611280937,-6.963508533928357e-08,-0.0014496277106104199,-0.006263010588604861,-0.0010052901925519109,-4.6534687498933636e-06,-4.0832701013977195e-06,-1.8408564341141186e-06,-0.07702765603049871
79,0.006788154726397559,0.48545170636954543,0.99999684762452,-8.007346384052999e-08,-0.0013498302710946595,-0.006171255797328604,-0.0009323169942945242,-4.6803447730781045e-06,-4.1605163510661015e-06,-1.6652903028415661e-06,-0.07844347560643228
80,0.00698685081236777,0.4856887847970449,0.999996835296912,-9.200951155784345e-08,-0.00125205665671252,-0.006076684787617524,-0.0008636728161945939,-4.513794010563288e-06,-4.232665618219015e-06,-1.5001203532973993e-06,-0.07981780504781058
81,0.007193682573649062,0.4859326855186631,0.9999968243789411,-1.0546871295915674e-07,-0.0011565313804153138,-0.005979180414013993,-0.0007985379197634757,-4.553241069515934e-06,-4.29883018791839e-06,-1.3451507774096037e-06,-0.08114838631844007
82,0.007408987763760484,0.48617974566453787,0.9999968150610301,-1.2045062817086237e-07,-0.0010633997910211327,-0.005878703348126241,-0.0007371524698100984,-4.50048310085549e-06,-4.358293293873105e-06,-1.2001692863194544e-06,-0.08243299740603677
83,0.007633121146050766,0.48642752346695345,0.9999968074983411,-1.3697288530390346e-07,-0.0009728877638024891,-0.005775272207740597,-0.0006795766530558467,-4.433842150319833e-06,-4.410687437364222e-06,-1.0649558679351613e-06,-0.08366947801922733
84,0.007866451120444618,0.4866738583052098,0.9999968018151516,-1.5499108259489535e-07,-0.000885211819142867,-0.005666592685124924,-0.0006260508671402931,-4.36557684224681e-06,-4.470437158997616e-06,-9.392838565370459e-07,-0.084855976844496
85,0.008109653676651585,0.4869181523185805,0.9999967982102955,-1.776719011380009e-07,-0.0008012821728130655,-0.005541996879642316,-0.0005624884506687522,-2.557754487497732e-05,-4.48738511229569e-06,-8.229445937040721e-07,-0.08598989430878543
86,0.008360502521293299,0.48719336275547936,0.9999967958771372,-1.9157346627074555e-07,-0.0007182846391295188,-0.005430625806411276,-0.0005093012005090714,-2.6749123207991943e-05,-4.508143941067405e-06,-7.156641977090541e-07,-0.08706850712669448
87,0.0086242502113485,0.4874580690347666,0.9999967947244329,-2.1256794558186932e-07,-0.0006392989147466546,-0.00531075033002801,-0.00046741534606553614,-1.2207432519062422e-05,-4.513178517970233e-06,-6.1726166305974e-07,-0.08808884159569845
88,0.008900109461956065,0.4877159528127183,0.9999967951109633,-2.291618517977656e-07,-0.0005613221284113155,-0.005193785901262232,-0.00044942725799046457,-1.5967030776664615e-05,-4.522681097903826e-06,-5.274779188966696e-07,-0.08904976976126196
89,0.009185284776962966,0.4879426120858153,0.9999967972155892,-2.5456903551285106e-07,-0.0004918542489277424,-0.005073700304429405,-0.0004142151155974716,-3.829375145869562e-06,-4.5247465428769e-06,-4.459303299010504e-07,-0.08995155273826298
90,0.009482182769041165,0.48815845064624974,0.9999968016962012,-2.8112945350016634e-07,-0.00042642492022068303,-0.004950436222915018,-0.00038380673504434526,-3.7955460356897675e-06,-4.518871417769448e-06,-3.72331775807082e-07,-0.09079259425611513
91,0.009791261257054136,0.48836007821162514,0.9999968084767417,-3.08461998542776e-07,-0.0003651406168229555,-0.004824081860774812,-0.0003569354594219476,-3.577626102924114e-06,-4.5045145308988364e-06,-3.063942360053835e-07,-0.09157139927537722
92,0.010112978683914869,0.4885485718897022,0.9999968174451848,-3.36440701627802e-07,-0.00030826933961341233,-0.004694853810823455,-0.00033367646392434835,-3.5264010875835083e-06,-4.481722195209995e-06,-2.478249733568869e-07,-0.09228661140872133
93,0.010447855555643993,0.4887230805118969,0.9999968284806803,-3.6489501607914365e-07,-0.00025596507281873605,-0.004562901134826601,-0.00031381711596623063,-3.345558980072383e-06,-4.450266733669638e-06,-1.9632602506679574e-07,-0.09293700201579796
94,0.010796412431886884,0.48888424042912293,0.9999968414532946,-3.936609603126512e-07,-0.00020843396024855076,-0.004428348131373717,-0.00029745156643912196,-3.223243311367696e-06,-4.4101249614432444e-06,-1.5159636742598199e-07,-0.09352149570795185
95,0.011159185255709385,0.48903209669176656,0.9999968562274045,-4.225830567043487e-07,-0.00016583827407095708,-0.004291362582788762,-0.0002844849368557334,-3.1058143576956354e-06,-4.361329398984507e-06,-1.1333020066994494e-07,-0.09403915810559618
96,0.011536738676622277,0.489166829834177,0.9999968726620607,-4.51470003168054e-07,-0.00012832800519102324,-0.004152140994810572,-0.0002748411789070815,-2.9812629236403154e-06,-4.303932950667366e-06,-8.121753417703925e-08,-0.09448920512160741
97,0.011929657941958938,0.48928870135479574,0.9999968906129884,-4.801700362719569e-07,-9.604447797335137e-05,-0.00401089076401048,-0.00026839273050427437,-2.8613162612600718e-06,-4.238033373706229e-06,-5.494478250646254e-08,-0.09487101453242387
98,0.01233854711747219,0.48939813727329373,0.9999969099385951,-5.085522273232407e-07,-6.91150551084789e-05,-0.003867892724210101,-0.00026503618573769927,-2.7297689939587144e-06,-4.163805974147442e-06,-3.419511049528464e-08,-0.09518413798048014
99,0.012764041081075591,0.48949567109776354,0.9999969305033318,-5.364991996997775e-07,-4.765270004839241e-05,-0.0037234223182385207,-0.0002646232023835182,-2.599118488433305e-06,-4.081416209059477e-06,-1.864896187876397e-08,-0.09542831447663161
100,0.013206794134563868,0.48958203335243394,0.9999969521833767,-5.639591403900075e-07,-3.1752016787725e-05,-0.0035778242578389007,-0.00026698512374423444,-2.4590663088019937e-06,-3.991121438078098e-06,-7.984429031715316e-09,-0.09560348496378226
101,0.013667491216865236,0.489658138661326,0.9999969748718536,-5.908985509203202e-07,-2.148562014315131e-05,-0.0034314698601868444,-0.00027192156994715333,-2.3140264602261595e-06,-3.893214118353364e-06,-1.877466140058143e-09,-0.09570980971976582
102,0.014146842317688481,0.48972513026582665,0.9999969984820294,-6.173363929428753e-07,-1.6899198772506757e-05,-0.0032847639932875043,-0.0002792055020108819,-2.1708899566874607e-06,-3.788033842406042e-06,-2.2151425822817352e-12,-0.09574768484435274
103,0.0146455858618556,0.4897844235535342,0.9999970229527481,-6.433497416421937e-07,-1.8005711291572982e-05,-0.003138143408957158,-0.0002885660214815289,-2.0274671896913787e-06,-3.6759727918132297e-06,-2.0312459160488333e-09,-0.09571776045661215
104,0.015164485928263033,0.4898377248112695,0.9999970482518652,-6.690520030767226e-07,-2.477918028370832e-05,-0.0029920565523062197,-0.00029972806805744767,-1.8960361103381729e-06,-3.5575233213038824e-06,-7.635753344830156e-09,-0.0956209593716955
105,0.0157043284186383,0.4898870380783824,0.999997074381402,-6.946446977255622e-07,-3.7147567219847055e-05,-0.002846994105432193,-0.00031237563234753907,-1.7726176793075865e-06,-3.432857578913297e-06,-1.648576417489429e-08,-0.0954585002298957
106,0.01626594431546658,0.4899346399415003,0.9999971013843715,-7.204671945341101e-07,-5.4979613216296646e-05,-0.0027033453450753695,-0.00032633161754347384,-1.7307609141425928e-06,-3.3030199021376373e-06,-2.8250337905426442e-08,-0.09523189802955981
107,0.0168501191526463,0.489983412001014,0.9999971293335145,-7.46535459649896e-07,-7.810095776860261e-05,-0.0025617987841024255,-0.00034099837648682296,-1.62861033459194e-06,-3.1684874201877846e-06,-4.259795731535502e-08,-0.09494299442125917
108,0.017457780090742097,0.49003590656607643,0.9999971583486272,-7.735559349117037e-07,-0.00010623107441721343,-0.002422658434666991,-0.0003566196246538311,-1.677890168139129e-06,-3.0296853007943158e-06,-5.9196676881290904e-08,-0.09459397215779669
109,0.01808976061703803,0.490095350280948,0.9999971885950166,-8.017106927091874e-07,-0.00013906034353677554,-0.0022864255959576677,-0.00037224413244985044,-1.5945377072057454e-06,-2.8875023187886555e-06,-7.771490264118558e-08,-0.09418736999187857
110,0.018746866922699505,0.4901645812942359,0.999997220275999,-8.317338666979033e-07,-0.0001760903327835688,-0.0021534347646066827,-0.00038829000550322235,-1.7084892078855773e-06,-2.742586847663467e-06,-9.782258777259782e-08,-0.093726079488438
111,0.01942996582137537,0.4902468896999219,0.9999972536343491,-8.639475612597817e-07,-0.00021683716505233475,-0.0020240078830939404,-0.00040436696144752204,-1.7763746882337728e-06,-2.5957454660422195e-06,-1.1919189504023133e-07,-0.09321330730387667
112,0.02013986918468798,0.4903450901001312,0.9999972889327118,-8.988412659981102e-07,-0.00026068769220861655,-0.0018984004752762638,-0.0004202266864012927,-1.8292666936758906e-06,-2.447798841895152e-06,-1.414988730419518e-07,-0.09265258105840801
113,0.020877344830911502,0.49046153888779753,0.9999973264533263,-9.369391419802103e-07,-0.00030692959472600954,-0.0017767838699366892,-0.000435535708675161,-1.8404035699859378e-06,-2.2994849002078293e-06,-1.6442544962851936e-07,-0.0920477318940667
114,0.021643092055664587,0.49059792226078364,0.9999973664886462,-9.787859757502343e-07,-0.00035474538852294744,-0.0016592076782237534,-0.00044998180237598717,-1.7863525272332481e-06,-2.1515870276677533e-06,-1.8766172913003449e-07,-0.09140285797011902
115,0.022437714554763306,0.4907552031251398,0.9999974093265784,-1.024836890468991e-06,-0.00040324995086484883,-0.0015456803892554196,-0.0004631750925909728,-1.6912604223762173e-06,-2.004915129302975e-06,-2.1090868058863668e-07,-0.09072227156364807
116,0.02326175313946223,0.4909333868492201,0.999997455233112,-1.0754595900907268e-06,-0.00045150261650252205,-0.0014361242942240446,-0.0004747974453493953,-1.5629219660695526e-06,-1.860216905993453e-06,-2.3388109509538367e-07,-0.09001044215522735
117,0.02411565786655274,0.49113149230004405,0.9999975044351533,-1.1309035714389265e-06,-0.0004985443348703045,-0.001330423886245235,-0.0004843150672968477,-1.4266480548030813e-06,-1.718237087262829e-06,-2.5631044150865293e-07,-0.08927194063234345
118,0.024999774215490652,0.4913473960945973,0.9999975571072598,-1.191379862497492e-06,-0.0005433848457893018,-0.0012284295798858957,-0.000491378188598901,-1.3388795423452393e-06,-1.5796880723908771e-06,-2.7794803689753066e-07,-0.08851138462508062
119,0.025914346484357597,0.4915779010202774,0.9999976133604694,-1.2569785376233779e-06,-0.0005850475266243875,-0.0011299714271762514,-0.0004958146600984037,-1.3554355291489628e-06,-1.4452131349007403e-06,-2.9856788988778717e-07,-0.08773337852020602
120,0.026859521414385884,0.4918188339688084,0.999997673232961,-1.3277168421718148e-06,-0.0006226021837644454,-0.0010348979344573935,-0.0004977423814125359,-1.532054284325568e-06,-1.3154108487744965e-06,-3.1796926158667217e-07,-0.08694245229826002
121,0.02783536801846963,0.49206514219590247,0.9999977366815697,-1.4034231147312691e-06,-0.000655204132091932,-0.0009430822621255805,-0.0004976000054739416,-1.9203168903914047e-06,-1.1908055843018281e-06,-3.3597904137428087e-07,-0.0861430028773269
122,0.0288418776340803,0.49231106713154466,0.9999978035752642,-1.4838043035519853e-06,-0.0006821222614957819,-0.0008544496539353755,-0.0004962589591741562,-2.554799038989586e-06,-1.0718481432859195e-06,-3.524533814333035e-07,-0.08533923890725922
123,0.029878989482509496,0.49255025302793193,0.9999978736942436,-1.5684139294082778e-06,-0.0007027781301767742,-0.0007689948661699874,-0.0004950189031660557,-3.462976337686996e-06,-9.589090002433541e-07,-3.6727879019433683e-07,-0.08453513086023923
124,0.03094659984939968,0.49277594313746087,0.9999979467311528,-1.656641210240046e-06,-0.0007167670903325633,-0.0006867982295667734,-0.0004956038319505751,-4.64930144516984e-06,-8.522671730640666e-07,-3.8037237084702356e-07,-0.08373436893406783
125,0.03204458161953498,0.4929811070891687,0.9999980222966773,-1.7477517661948976e-06,-0.0007238804759609229,-0.000608060011561348,-0.0005001546232961118,-6.10316692473134e-06,-7.521358093881949e-07,-3.916814371872722e-07,-0.08294032838385981
126,0.03317281998165661,0.49315854044766533,0.9999980999272149,-1.8408217525002464e-06,-0.0007241157655422941,-0.000533104015378778,-0.0005111508653499186,-7.793219083396252e-06,-6.585558696435435e-07,-4.011823530103317e-07,-0.08215604676418117
127,0.034331230803812396,0.4933009308946833,0.9999981790959217,-1.9348694897095778e-06,-0.0007176684241650078,-0.0004623928191647094,-0.0005312997964210808,-9.697538189357147e-06,-5.717511529455524e-07,-4.0887842559303487e-07,-0.08138419903132618
128,0.035519773758954126,0.49340093418747244,0.9999982592248969,-2.0286282410578636e-06,-0.0007049690426275718,-0.00039658518196265027,-0.0005632234970107675,-1.1537764294189401e-05,-4.91696843137546e-07,-4.1479684514868925e-07,-0.08062710991410495
129,0.036738567011847356,0.4934510876540741,0.9999983397089391,-2.1212339365784337e-06,-0.0006865375158623604,-0.0003364580747914207,-0.0006095217540860176,-1.3459473848342896e-05,-4.183174612849025e-07,-4.1898400720587966e-07,-0.07988677825836489
130,0.03798780934589478,0.4934439155585208,0.9999984199390519,-2.21168188198182e-06,-0.0006630784767129454,-0.0002829769809153564,-0.0006717307842336595,-1.5098581570782699e-05,-3.5159099633328767e-07,-4.2150109851758924e-07,-0.0791648902365663
131,0.03926790766873702,0.493371666674284,0.999998499322087,-2.2993017499056955e-06,-0.0006353383072967192,-0.00023722900248887858,-0.0007507074042223394,-1.6333080566255376e-05,-2.914450320666458e-07,-4.2241942108854995e-07,-0.07846282804182904
132,0.04057955946042734,0.4932264906898796,0.9999985773013285,-2.3834129480675084e-06,-0.000604218915707857,-0.00020041072902663923,-0.0008456007926724851,-1.699639869912062e-05,-2.378240535243303e-07,-4.21815001220429e-07,-0.07778165918392937
133,0.04192378639218174,0.49300024047229696,0.9999986533715131,-2.4635788190757264e-06,-0.0005706562524189739,-0.0001737728067585535,-0.0009536666329950094,-1.6962525478447787e-05,-1.906804469503385e-07,-4.1976414873973135e-07,-0.07712211188879221
134,0.0433020046922533,0.49268450592262897,0.9999987270918447,-2.5394427933001803e-06,-0.0005356296760738614,-0.0001585588587255179,-0.0010701664723455906,-1.6204323401325382e-05,-1.499635348909203e-07,-4.1634005251871044e-07,-0.07648450232994304
135,0.0447160907903153,0.492270804970432,0.9999987980899756,-2.610577876449408e-06,-0.0005001693950152536,-0.0001559448929688179,-0.0011885915882885456,-1.4831918633717578e-05,-1.1560729632990927e-07,-4.116108436314573e-07,-0.07586861169797435
136,0.046168452920871295,0.49175092552904015,0.9999988660556176,-2.676147028866461e-06,-0.00046536889865961744,-0.00016698161137541394,-0.0013012816198170185,-1.3129717444826383e-05,-8.750121856864025e-08,-4.056390117394391e-07,-0.0752735232554797
137,0.04766205974489421,0.49111757958084296,0.9999989307265251,-2.734770538487603e-06,-0.00043238142635339244,-0.00019255454441279463,-0.0014005783013999462,-1.1609349712671246e-05,-6.548738383475017e-08,-3.984816129251246e-07,-0.07469744446963378
138,0.04920043366776781,0.490365182726051,0.9999989918715214,-2.7843639135758704e-06,-0.00040239591062478516,-0.00023336355412075156,-0.0014804102247580886,-1.0902291251113638e-05,-4.9403643971625954e-08,-3.901910893475474e-07,-0.07413755580963646
139,0.050787544618888236,0.48949072668722277,0.9999990492734488,-2.822204825418753e-06,-0.000376578405595693,-0.0002899238394579076,-0.0015380512923002243,-1.151907599705737e-05,-3.909262922904567e-08,-3.8081632463094356e-07,-0.07358994560869402
140,0.05242758094013809,0.4884942186004446,0.9999991027189904,-2.845349285901851e-06,-0.00035596735286722427,-0.0003625811847339905,-0.0015754698542878032,-1.3502414731192403e-05,-3.435405361265805e-08,-3.704037646342373e-07,-0.07304968970728148
141,0.05412458509406684,0.4873786959163526,0.9999991519975928,-2.851155873046305e-06,-0.00034136086466066563,-0.0004515522205769189,-0.0015991972759366035,-1.615248947928194e-05,-3.5014454209041753e-08,-3.5899828830021305e-07,-0.07251110924919549
142,0.05588197603086614,0.4861496803521653,0.9999991969098928,-2.8379906742941987e-06,-0.00033321815338967204,-0.000556956811181742,-0.001618088106624782,-1.813475500966888e-05,-4.120142596722337e-08,-3.4664276767182986e-07,-0.07196820653523914
143,0.05770214091058047,0.48481470216991734,0.9999992372849639,-2.8057779218273337e-06,-0.0003315882127390484,-0.0006788162475180642,-0.001639421097934246,-1.8038377675111406e-05,-5.323704025277028e-08,-3.3337546407625107e-07,-0.07141524755200744
144,0.059586230445152814,0.48338325279630256,0.9999992730063719,-2.7566395745985857e-06,-0.0003360317281494417,-0.000817059916395894,-0.0016664324793964624,-1.5580730178044178e-05,-7.087849077092648e-08,-3.192249082686299e-07,-0.07084738151585354
145,0.061534235526780515,0.48186771073137974,0.999999304040981,-2.6948209206911633e-06,-0.0003456381151360198,-0.0009715628018888252,-0.0016989067662507296,-1.1992762665613554e-05,-9.519215194997411e-08,-3.0420471802324295e-07,-0.07026108373013182
146,0.06354536297168863,0.48028459680710356,0.9999993304501931,-2.6250937282197167e-06,-0.00035925636199203587,-0.0011435269320908053,-0.001728633651509881,-7.931995241960976e-06,-1.275130151151048e-07,-2.883716892312125e-07,-0.06965353581369224
147,0.06561672969425585,0.47862331881437953,0.9999993522021287,-2.5403612796787187e-06,-0.00037669928243604204,-0.0013290496377021022,-0.0017484202980995178,-4.773772161570378e-06,-1.6784140670719876e-07,-2.7169528801485504e-07,-0.0690245884825195
148,0.0677519411535534,0.4769624299566394,0.9999993696070665,-2.4746967721103298e-06,-0.00039373390396939365,-0.0015291466365844805,-0.0017574524972587824,-3.7208567391644465e-06,-2.1822323561458147e-07,-2.540672813208491e-07,-0.06837636999481803
149,0.06994909726664003,0.4753192516731384,0.9999993832477813,-2.4163549411103567e-06,-0.0004106261438219147,-0.001742511174758904,-0.0017445130506530404,-3.523712393871392e-06,-2.801375486362917e-07,-2.3545139830335775e-07,-0.06771107631096387
150,0.07221004131648208,0.47372938791337005,0.9999993935500288,-2.3693200005272272e-06,-0.00042633225061938454,-0.001968288079915596,-0.0017223091563209891,-4.34342609878513e-06,-3.553650100140227e-07,-2.1582673016624434e-07,-0.0670315724897309
151,0.07453621876273056,0.4722267363623988,0.9999994009849004,-2.334508302705926e-06,-0.0004402912697448448,-0.002205140901410568,-0.001687031821347773,-5.245976808510022e-06,-4.45610044599809e-07,-1.9520915216165624e-07,-0.06634102593879071
152,0.07693000040427185,0.47084000518208097,0.9999994060402935,-2.31334144419074e-06,-0.00045204960048254313,-0.0024520757116883395,-0.0016471251146867871,-5.7430074775766116e-06,-5.525428719935962e-07,-1.7367308519015822e-07,-0.06564254339901238
153,0.07939416596693208,0.4695928270006399,0.9999994092038469,-2.304838318948232e-06,-0.00046182580474674647,-0.0027083558657229347,-0.0016081221401691437,-5.713091013603844e-06,-6.77778533114772e-07,-1.5137231738173422e-07,-0.06493878353133754
154,0.08193148914220197,0.46850192443922956,0.9999994109225752,-2.3070556298240646e-06,-0.0004701673610920263,-0.0029735404733768917,-0.0015741968527436256,-5.347437763703056e-06,-8.228960648002592e-07,-1.285582243651568e-07,-0.06423175604006005
155,0.08454459357584114,0.4675777712548294,0.9999994115823629,-2.3173353600787023e-06,-0.00047785412451179627,-0.0032474338613253714,-0.0015479325084015727,-4.923570941173239e-06,-9.894687744868424e-07,-1.055949264418606e-07,-0.06352273852517283
156,0.08723581112098051,0.4668258347056867,0.9999994114952954,-2.3327229020532513e-06,-0.00048574461389134583,-0.0035300362478597773,-0.0015305252745747566,-4.627020643965807e-06,-1.1794075269232169e-06,-8.297188981644106e-08,-0.06281230085688633
157,0.09000707140064372,0.46624799267654105,0.9999994108962228,-2.3502689297328436e-06,-0.0004946669037438574,-0.0038214317633562503,-0.0015216488391160965,-4.517457000474678e-06,-1.3939223306874788e-06,-6.131476614137077e-08,-0.06210040848575755
158,0.09285996162626967,0.46584361478245956,0.9999994099482886,-2.3674759404665247e-06,-0.0005053198594996555,-0.004121848477643209,-0.0015220704954117537,-4.574216291075572e-06,-1.6350183929566966e-06,-4.139548993476463e-08,-0.06138654337996709
159,0.09579562212305229,0.46561048710537056,0.9999994087496447,-2.3819308890108362e-06,-0.0005183263465750039,-0.004431384165599827,-0.001529213972389698,-4.685640305979177e-06,-1.9038932734696585e-06,-2.414210066928456e-08,-0.06066984115291732
160,0.09881500763948148,0.46554512966917083,0.9999994073457288,-2.3920947053581333e-06,-0.0005341137601043842,-0.004750252529927825,-0.0015439036069437861,-4.910443749395199e-06,-2.2029144362030062e-06,-1.0648311458067858e-08,-0.05994921251258444
161,0.10191870962237068,0.4656436431585345,0.9999994057391952,-2.3963186930570195e-06,-0.0005530815416127379,-0.005078308603913833,-0.001561995828524232,-4.982553491572617e-06,-2.5337819641738285e-06,-2.183276731951438e-09,-0.05922346101762571
162,0.105107321326716,0.4659009871733354,0.9999994039027529,-2.394029609731409e-06,-0.0005754056755616931,-0.0054154266083442,-0.0015834091464057565,-5.062513537268387e-06,-2.898102955680799e-06,-2.0114606066152193e-10,-0.058491395006211276
163,0.10838123742959954,0.46631174190414965,0.9999994017932109,-2.384738804037395e-06,-0.0006012183646929774,-0.005761196836117135,-0.0016053346917033195,-4.986717158317333e-06,-3.2972776733953725e-06,-6.350442037281264e-09,-0.057751901751470935
164,0.11174076406199031,0.4668693753141708,0.9999993993596844,-2.3685880762616074e-06,-0.0006304920845434976,-0.006115075211713404,-0.0016261461423709989,-4.873248144576792e-06,-3.732441019584913e-06,-2.2482757579084628e-08,-0.05700401178580835
165,0.11518616358503854,0.46756677069689284,0.9999993965536169,-2.345915778739975e-06,-0.0006631315323635719,-0.006476350718071982,-0.0016444479115307331,-4.738819370686542e-06,-4.204523993870445e-06,-5.066060346429063e-08,-0.056246932754806855
166,0.11871768170203496,0.4683961036491693,0.9999993933329197,-2.317217062609743e-06,-0.0006989731569407671,-0.006844122994471973,-0.0016586657147854567,-4.594133770297049e-06,-4.713979441181845e-06,-9.316416506981292e-08,-0.055480075635554744
167,0.12233557096019604,0.4693487081273777,0.9999993896668055,-2.2832205900120126e-06,-0.0007377660422865465,-0.007217449111132729,-0.0016683026915416121,-4.495842404139694e-06,-5.26102461787079e-06,-1.5249697568867665e-07,-0.05470306720584496
168,0.12603995989201347,0.4704152179110744,0.99999938553833,-2.2446392431980823e-06,-0.0007792117582662998,-0.007595268204584534,-0.001672864076681435,-4.446108050615294e-06,-5.845494795088989e-06,-2.313904611590772e-07,-0.05391574821254803
169,0.12983096789043996,0.47158555043232403,0.9999993809453095,-2.2022656846164626e-06,-0.000822956338774003,-0.007976542946999066,-0.0016727411421015859,-4.44868646809482e-06,-6.467038263632239e-06,-3.3280736274408736e-07,-0.05311816290375035
170,0.13370859404056465,0.4728489934395403,0.9999993759005552,-2.1567968921397193e-06,-0.0008686266483818183,-0.008360243128434886,-0.0016684948932379484,-4.4772709770768415e-06,-7.1248840936518604e-06,-4.599444433948286e-07,-0.05231054181263572
171,0.13767276611984383,0.47419412705726627,0.9999993704309833,-2.108931296598367e-06,-0.0009158239072334012,-0.008745478174145026,-0.0016615291824564338,-4.505075139604742e-06,-7.818030902683661e-06,-6.162344709486926e-07,-0.05149327931551584
172,0.14172322102957258,0.4756090457916221,0.9999993645761487,-2.0592503380694656e-06,-0.0009641537767658698,-0.009131539309729483,-0.0016533067682757974,-4.506244749791222e-06,-8.545961265512954e-06,-8.053483563255394e-07,-0.05066690368449535
173,0.14585935759091015,0.4770813359631237,0.9999993583839182,-2.0080881686351758e-06,-0.0010132437750702966,-0.009517704714301542,-0.001643844530917704,-4.470720796234673e-06,-9.306960224061988e-06,-1.0311971005872274e-06,-0.049832059341742216
174,0.1500807154006335,0.4785979593877824,0.9999993519110293,-1.956056651838532e-06,-0.0010626898792235537,-0.009903791742278425,-0.0016371802194043994,-4.3353384171496145e-06,-1.0100691804585414e-05,-1.297935370221203e-06,-0.04898947556778808
175,0.15438607520508577,0.4801458561930679,0.9999993452166462,-1.903063447434238e-06,-0.0011122112798133427,-0.010289284103615019,-0.0016304882010444999,-4.198369424557313e-06,-1.0925558198129756e-05,-1.6099640539903278e-06,-0.048139951895138575
176,0.15877446225944147,0.4817111481904632,0.9999993383624355,-1.8496761835404402e-06,-0.001161378490511307,-0.010674258781442684,-0.0016278722323477268,-3.973393631895306e-06,-1.1780441238886983e-05,-1.9719348592325576e-06,-0.04728434600269853
177,0.16324449523252965,0.4832803724243562,0.9999993314130389,-1.7959065107882319e-06,-0.0012099450983027128,-0.011058829405632492,-0.001628706930205226,-3.7391093883343274e-06,-1.266455536424136e-05,-2.3887578468660858e-06,-0.046423548644799875
178,0.16779421982394255,0.48483981914090446,0.9999993244280407,-1.7418269245591932e-06,-0.0012575685222676997,-0.011443016328724864,-0.0016322104493156075,-3.51734502146428e-06,-1.3576528519728974e-05,-2.865606423215589e-06,-0.045558484002787225
179,0.17242196114358405,0.4863760246926237,0.9999993174661866,-1.6876844394890355e-06,-0.0013039292322331447,-0.011827184189472375,-0.0016401726752519608,-3.2778241347841686e-06,-1.4515400562193704e-05,-3.407928241776042e-06,-0.044690098892691814
180,0.17712558425109357,0.4878761018463391,0.9999993105830287,-1.6334407677188174e-06,-0.0013487807862932434,-0.012211502627865594,-0.001650801976211369,-3.0606779546360485e-06,-1.547963071598207e-05,-4.0214553408402674e-06,-0.043819360955193926
181,0.18190284077666705,0.48932742811737007,0.9999993038312068,-1.579397647543945e-06,-0.001391753967825211,-0.012596277807003084,-0.0016646692529320717,-2.8723475224978756e-06,-1.6467768439677294e-05,-4.71221361909469e-06,-0.04294725806701611
182,0.18675135632871695,0.49071836650480555,0.9999992972633232,-1.5257006082581015e-06,-0.0014325507499338547,-0.012981855688350752,-0.0016813541296869516,-2.7179189601156395e-06,-1.747830616507637e-05,-5.486538888466719e-06,-0.04207478937059383
183,0.1916685128774,0.492038204048796,0.9999992909294239,-1.4725193572814774e-06,-0.0014708551792908166,-0.01336853794385574,-0.0017005210975185037,-2.594374791442533e-06,-1.8509555749508816e-05,-6.351092917212452e-06,-0.04120296132712856
184,0.19665169085916592,0.4932773244650646,0.9999992848779995,-1.420054917990989e-06,-0.0015063679014331046,-0.0137566384079508,-0.0017218233551830053,-2.5042872948688455e-06,-1.955976895492939e-05,-7.3128813101281875e-06,-0.04033278208975301
185,0.2016981224306,0.4944272859764922,0.9999992791562371,-1.36848352918501e-06,-0.0015387984244141974,-0.014146449548941096,-0.0017450122395530343,-2.4445814688078826e-06,-2.0627078560244513e-05,-8.379275379799873e-06,-0.039465256640924665
186,0.2068050353065086,0.4954809042058786,0.9999992738102441,-1.3180329589072918e-06,-0.0015678701374526153,-0.014538263161186855,-0.0017702535260468721,-2.4334510726475855e-06,-2.1709688333278053e-05,-9.55803535813282e-06,-0.03860137703274956
187,0.21196943467332643,0.49643224318095663,0.9999992688840793,-1.2687592057206279e-06,-0.0015933589830830187,-0.014932079064007656,-0.0017952029593288898,-2.3732879981253063e-06,-2.280517585727886e-05,-1.0857334915701009e-05,-0.03774212289970422
188,0.21718877623338215,0.497276412767484,0.9999992644239208,-1.22106386587394e-06,-0.0016149853404724846,-0.015328232339199107,-0.001822222606278956,-2.3958314159244765e-06,-2.3911718926493175e-05,-1.2285794384609965e-05,-0.03688845506589967
189,0.22246007873188006,0.49800982766856255,0.9999992604773777,-1.1750016985725888e-06,-0.0016326035209123415,-0.01572672236766249,-0.0018489350331947207,-2.4119956378854113e-06,-2.502679079849533e-05,-1.3852512427561345e-05,-0.03604130620631079
190,0.22778041377229102,0.4986298059282283,0.9999992570921271,-1.1308739010195003e-06,-0.001645962924761169,-0.016127692000235522,-0.0018765737768262625,-2.451442924211733e-06,-2.6148311912643914e-05,-1.5567100618107032e-05,-0.03520157568423546
191,0.23314699912245415,0.49913479430425234,0.9999992543174187,-1.0887679458180898e-06,-0.001654981553250984,-0.016531158770031612,-0.0019044681685045362,-2.4905939426389523e-06,-2.7273977296145694e-05,-1.7439728138756538e-05,-0.034370120254855877
192,0.23855707003777185,0.49952401400839475,0.9999992522017801,-1.0488335684310445e-06,-0.0016595688304178173,-0.01693717953446589,-0.0019325085449963808,-2.539974275350687e-06,-2.8401689520889568e-05,-1.948116766942202e-05,-0.03354775192979145
193,0.24400787033847965,0.49979740745338874,0.9999992507943612,-1.011241673650113e-06,-0.001659669158303672,-0.017345845805777457,-0.0019616526551544666,-2.6358188733865973e-06,-2.9529253124755227e-05,-2.170285015650624e-05,-0.03273522843439829
194,0.2494964112962708,0.4999555023503201,0.999999250141607,-9.75936676312297e-07,-0.0016553187483337073,-0.017756832614945456,-0.0019891452975571156,-2.631664983709925e-06,-3.065396024912135e-05,-2.4116914517845425e-05,-0.03193325362471518
195,0.2550203749546461,0.4999992525339667,0.9999992502902297,-9.431505321799416e-07,-0.0016465117928179274,-0.01817013035003447,-0.0020172037184238434,-2.6749135031423066e-06,-3.177378279788316e-05,-2.673627265870955e-05,-0.031142477828319394
196,0.2605772197042998,0.49992998032700975,0.9999992512877286,-9.128830889721291e-07,-0.0016333782415197237,-0.018585461778864998,-0.002044229069724679,-2.7229971237829886e-06,-3.2886005374724866e-05,-2.9574675130419355e-05,-0.0303634930540752
197,0.26616439337199244,0.49974928832512855,0.9999992531812797,-8.853268695504664e-07,-0.001615961225752616,-0.019002709179052724,-0.002071121707558632,-2.773466349026421e-06,-3.398844630166368e-05,-3.26467817288657e-05,-0.029596831402194705
198,0.2717793656451163,0.49945895242571836,0.9999992560179815,-8.604960222397987e-07,-0.0015944285956748633,-0.019421677057952308,-0.002097811782732606,-2.818767370627029e-06,-3.507880128647931e-05,-3.5968250959492816e-05,-0.028842961345940322
199,0.27741976863344986,0.49906082480416714,0.9999992598410893,-8.384180371322568e-07,-0.001568983738402163,-0.019842163574462057,-0.002124228049069643,-2.8594806735782186e-06,-3.615485438556292e-05,-3.9555829589862744e-05,-0.02810228854690915
200,0.2830832359120449,0.4985567600121004,0.9999992646896835,-8.190993936335952e-07,-0.0015398586146546376,-0.020263915818336416,-0.0021503339521586895,-2.895881607400952e-06,-3.7214320607138866e-05,-4.3427457155823806e-05,-0.027375157370792942
201,0.28876750559807757,0.4979485615806363,0.9999992705980897,-8.02556935444208e-07,-0.00150731258798778,-0.020686629940588796,-0.0021759921219199896,-2.9252491913211998e-06,-3.8254815401868466e-05,-4.7602372453433976e-05,-0.02666185285630205
202,0.2944704104843439,0.4972379701700184,0.9999992775960549,-7.888111601173924e-07,-0.0014716272776481689,-0.02111001381072619,-0.0022011171095073223,-2.94782353194023e-06,-3.927400367597364e-05,-5.210123742183014e-05,-0.025962603781512363
203,0.3001897686949027,0.4964266284268958,0.999999285708087,-7.778701416569699e-07,-0.0014331034317385395,-0.021533724242358863,-0.002225472591817379,-2.958935738206492e-06,-4.026985106255206e-05,-5.6946271395132706e-05,-0.025277586542030897
204,0.30592365518052567,0.49551610347395375,0.9999992949539795,-7.698391753111301e-07,-0.0013920471971260037,-0.021957661711009012,-0.0022509009577333927,-3.025341356988065e-06,-4.124019371895421e-05,-6.216141036882748e-05,-0.024606924729736957
205,0.31166959419186524,0.49450770238725933,0.9999993053449568,-7.646028150036495e-07,-0.0013488220858787062,-0.022381324631354074,-0.0022749658674001694,-3.0275521112343995e-06,-4.218243081521643e-05,-6.77724682231935e-05,-0.023950693852648156
206,0.3174257820154758,0.4934027340571219,0.9999993168842822,-7.622697632909262e-07,-0.0013037473268283672,-0.022804472526332734,-0.002299416111782193,-3.036123416677583e-06,-4.309460183386084e-05,-7.380732256764952e-05,-0.023308928292750733
207,0.3231903527541786,0.4922021805617898,0.9999993295684191,-7.627975002839202e-07,-0.0012572204176478899,-0.023226724321566902,-0.0023231657687574625,-3.04937248074566e-06,-4.397424964882621e-05,-8.029613295543078e-05,-0.022681624725071865
208,0.32896129112479244,0.4909072461732753,0.9999993433852787,-7.662705368847323e-07,-0.0012095674489240667,-0.023647735968234884,-0.0023467494174838066,-3.06252809423313e-06,-4.481908507477352e-05,-8.727156139797368e-05,-0.022068747086725248
209,0.334736728550162,0.48951893504406074,0.9999993583158667,-7.727460256981633e-07,-0.001161146210702726,-0.024067179466389213,-0.002370172645896673,-3.0714738841197686e-06,-4.5626821506340926e-05,-9.476903616527455e-05,-0.02147023085597922
210,0.3405147757153691,0.4880382690335165,0.9999993743329378,-7.822774018195357e-07,-0.001112309846724534,-0.02448471302826646,-0.0023934971541166306,-3.079167981923092e-06,-4.639518973213612e-05,-0.0001028270463278393,-0.02088598800030904
211,0.34629362144657944,0.48646626273859894,0.9999993914009434,-7.949443863330239e-07,-0.0010634079788562523,-0.0248999843444434,-0.0024167667143046856,-3.0810754196863854e-06,-4.71218682941648e-05,-0.00011148746875062647,-0.02031591162833528
212,0.35207149505424284,0.4848040142651835,0.9999994094763164,-8.108311798696831e-07,-0.0010147832410991014,-0.025312703851393788,-0.0024400982074439526,-3.0850533221382648e-06,-4.7804690439098105e-05,-0.00012079594440670799,-0.019759881023571176
213,0.35784654608945915,0.48305268492773695,0.9999994285070026,-8.300227654296075e-07,-0.000966766138448694,-0.025722543272312864,-0.0024635258596390486,-3.0840851650282275e-06,-4.8441420788250034e-05,-0.0001308023057061311,-0.019217766613750895
214,0.3636170391256116,0.4812135677626478,0.999999448432809,-8.526329493854928e-07,-0.000919676455808305,-0.026129203975760972,-0.0024870955385267735,-3.0815926947980188e-06,-4.902988311590276e-05,-0.00014156105080460774,-0.018689434298486206
215,0.36938120621833415,0.47928815060602675,0.9999994691857835,-8.78773058228473e-07,-0.0008738205095730913,-0.02653237801344763,-0.0025108729023486376,-3.072698518735706e-06,-4.95679273388341e-05,-0.00015313189045364187,-0.018174749899563695
216,0.37513734429290313,0.47727813104353944,0.9999994906904734,-9.085764086760615e-07,-0.0008294891226297755,-0.026931756238674092,-0.0025348993949592113,-3.0617254651588155e-06,-5.005343328786114e-05,-0.0001655803657872126,-0.017673583631515728
217,0.38088379382744025,0.4751854722086358,0.9999995128648392,-9.42195267080434e-07,-0.0007869556064536241,-0.027327083452714146,-0.0025591994635760784,-3.045856374228606e-06,-5.048441702755459e-05,-0.000178978565111619,-0.017185813846938163
218,0.3866188276197991,0.47301245816846865,0.9999995356204268,-9.797730701739503e-07,-0.0007464771016705934,-0.027718082941250954,-0.00258387322537601,-3.026637614311767e-06,-5.0858941410192456e-05,-0.00019340595012808784,-0.016711330716114678
219,0.39234080638387564,0.47076164302759244,0.9999995588627935,-1.0214758649203208e-06,-0.000708290577766923,-0.02810452766745749,-0.0026088727172464132,-3.001350478371023e-06,-5.1175192916615744e-05,-0.00020895030537638454,-0.0162500398007718
220,0.3980480298764352,0.46843604091121777,0.9999995824921813,-1.0674661988745693e-06,-0.0006726132523117875,-0.02848613115156321,-0.0026342631317675114,-2.9706395707762567e-06,-5.1431335166277235e-05,-0.00022570881414883442,-0.015801865011623163
221,0.40373897823808785,0.46603898354347373,0.9999996064045554,-1.1179408734855327e-06,-0.0006396423311864372,-0.02886264024263661,-0.0026600733399391174,-2.937192220997531e-06,-5.162573102459184e-05,-0.0002437893059790065,-0.01536675149426894
222,0.4094120987004538,0.46357421125461196,0.9999996304927397,-1.1730965444463648e-06,-0.0006095524065555762,-0.029233847245194275,-0.0026862279046326876,-2.894529870900442e-06,-5.1756916812453054e-05,-0.0002633117469721007,-0.014944667913834952
223,0.41506579383605763,0.4610459841666471,0.999999654646644,-1.2331203533780907e-06,-0.0005824974127027841,-0.029599511287795727,-0.0027126919012516737,-2.847034238584456e-06,-5.1823507758062994e-05,-0.0002844099524100021,-0.014535608447063472
224,0.42069859215745276,0.45845896135158787,0.999999678754182,-1.298224221986744e-06,-0.0005586079245747496,-0.029959459500350085,-0.0027395354118198156,-2.7939506708207773e-06,-5.182436183559028e-05,-0.00030723359073529083,-0.014139594464535839
225,0.42630894495334065,0.4558182628824426,0.9999997027020487,-1.3685980267116167e-06,-0.0005379923656393168,-0.030313446034282675,-0.0027666313108056784,-2.73399109573802e-06,-5.1758406785790126e-05,-0.0003319505341829251,-0.013756675662357113
226,0.4318955002542886,0.4531294632685338,0.9999997263767824,-1.4444704264343409e-06,-0.0005207355754781167,-0.030661249860286763,-0.002793933730572462,-2.6676084416976664e-06,-5.162479150005298e-05,-0.00035874962199704117,-0.013386930990586195
227,0.4374569005249224,0.4503986218986595,0.9999997496660822,-1.5260653356423195e-06,-0.0005068986112952193,-0.031002705059054315,-0.0028213923797011375,-2.5974982236220967e-06,-5.142292173953942e-05,-0.00038784396482621195,-0.013030469270068535
228,0.4429917386934631,0.44763221984303814,0.9999997724590569,-1.6135762211636255e-06,-0.0004965181173018553,-0.031337604361201594,-0.0028488526586443186,-2.518501560189179e-06,-5.115242086349215e-05,-0.00041947485567868104,-0.012687429165358116
229,0.44849877088058887,0.4448371687198587,0.9999997946471598,-1.7072320134734807e-06,-0.0004896076159531537,-0.031665805988161676,-0.0028763210866600275,-2.4354317247343715e-06,-5.081317751789872e-05,-0.00045391646300144297,-0.012357978701973343
230,0.4539766584592591,0.4420207798354319,0.9999998161249273,-1.8072100069873123e-06,-0.000486156284531095,-0.03198705235653126,-0.0029035848565399647,-2.34646313401754e-06,-5.040510064677384e-05,-0.0004914814116485439,-0.012042314549222624
231,0.459424341001773,0.43919073887327686,0.9999998367910473,-1.9137467286092993e-06,-0.0004861295528693706,-0.032301167934507546,-0.002930503571406007,-2.252394551760517e-06,-4.9928541114999834e-05,-0.0005325275191935154,-0.01174066100348229
232,0.4648406839551919,0.4363550586437295,0.9999998565493579,-2.0270332871356498e-06,-0.0004894671113039244,-0.03260799921369818,-0.0029569363687187433,-2.1556957108259667e-06,-4.938424731708055e-05,-0.000577466048673199,-0.01145326873516744
233,0.47022456417608166,0.4335220520953503,0.999999875308904,-2.1472447209113867e-06,-0.0004960856247163868,-0.032907379552114854,-0.0029828865081071854,-2.0530269466689788e-06,-4.8773197212078484e-05,-0.0006267716940272695,-0.011180412539192771
234,0.47557497171988367,0.4307003079419149,0.9999998929847362,-2.2745742066453036e-06,-0.0005058808450812072,-0.033199194606560935,-0.003008334431797266,-1.951709919012501e-06,-4.8096494001660753e-05,-0.0006809948552275123,-0.010922388704626414
235,0.4808908075594841,0.4278984233477889,0.999999909498354,-2.409128221231002e-06,-0.0005187249976538674,-0.03348319300122951,-0.003032776527106762,-1.8452561789672473e-06,-4.7355565726593646e-05,-0.0007407767073071603,-0.010679513051738072
236,0.48617133920997163,0.42512522729673236,0.9999999247785644,-2.5510999110512982e-06,-0.000534463877219072,-0.03375923183703934,-0.0030563194304704666,-1.7377120684614056e-06,-4.6551987147988117e-05,-0.0008068679297023396,-0.01045211796569449
237,0.49141569584443096,0.4223895419802039,0.9999999387620551,-2.700568830628578e-06,-0.000552919783754986,-0.034027115695371986,-0.0030783270485699177,-1.630713086342439e-06,-4.568786985466084e-05,-0.0008801521908372305,-0.010240549093293862
238,0.49662310349350486,0.4197003916406449,0.9999999513935384,-2.857668313223669e-06,-0.0005739026367795356,-0.03428668744180716,-0.0030990808736532927,-1.5230538110699854e-06,-4.476551304612556e-05,-0.0009616756383853891,-0.010045161788223771
239,0.501792874274031,0.4170666474679373,0.9999999626262009,-3.0224781107038317e-06,-0.0005971959406921961,-0.03453779281660651,-0.0031182090751826763,-1.4183527810018859e-06,-4.378747918754618e-05,-0.0010526843791151916,-0.009866317062779007
240,0.5069242599585109,0.41449717134073205,0.9999999724218066,-3.195048913529231e-06,-0.0006225753207005523,-0.03478020766681673,-0.00313568115234375,-1.3158511364963488e-06,-4.27565445069125e-05,-0.0011546723242727584,-0.009704377742072832
241,0.5120168028358661,0.41200048136313605,0.9999999807510115,-3.3754508325473024e-06,-0.0006497904832483708,-0.03501377387438778,-0.0031512752175331116,-1.2176102472949424e-06,-4.167580088557671e-05,-0.0012694430144501343,-0.00955970416121793
242,0.5170699388270227,0.409585012973727,0.9999999875934302,-3.5636951044757592e-06,-0.0006785815072115804,-0.035238348486177,-0.0031648576259613037,-1.1229709571125568e-06,-4.054859892434486e-05,-0.0013991903793911249,-0.00943264989823437
243,0.522083138787178,0.4072588209296427,0.99999999293743,-3.7597284256798548e-06,-0.0007086744212502206,-0.03545374804967847,-0.0031762460712343454,-1.0333382078897557e-06,-3.937845577104317e-05,-0.0015466049626866084,-0.009323557195400164
244,0.527056018397793,0.4050297010686614,0.9999999967801796,-3.963521676011384e-06,-0.0007397846807931431,-0.03565983533496627,-0.003185317385941744,-9.503999649496109e-07,-3.8169129027675907e-05,-0.0017150154802525,-0.009232752309724285
245,0.5319881450173716,0.4029050768545473,0.9999999991275538,-4.174965309028516e-06,-0.0007716219424171775,-0.03585638199480661,-0.003191957250237465,-8.738261954022164e-07,-3.6924475050824694e-05,-0.001908579606468023,-0.009160540915526873
246,0.5368793098284713,0.4008919570522414,0.9999999999939543,-4.394000232415191e-06,-0.0008038898993504794,-0.036043242808676317,-0.0031960993073880672,-8.04819705990667e-07,-3.5648605823359017e-05,-0.0021325447876557446,-0.009107203526722443
247,0.5417292152794275,0.3989968389288652,0.9999999994019815,-4.620484501369917e-06,-0.0008362890461879707,-0.03622027538974318,-0.0031975661404430866,-7.435818361045676e-07,-3.434573925817094e-05,-0.002393610198732507,-0.009072990960675226
248,0.5465375857440253,0.397225819362959,0.9999999973820578,-4.854217610228798e-06,-0.000868521837450271,-0.036387316583440445,-0.0031963433139026165,-6.900062317072297e-07,-3.3020190279047915e-05,-0.0027004364052659363,-0.009058119845335142
249,0.5513042532388702,0.39558445417208976,0.9999999939720822,-5.095010713525461e-06,-0.0009002916064668504,-0.0365442406688859,-0.0031923167407512665,-6.447525038311142e-07,-3.1676381159099014e-05,-0.003064376335284641,-0.0090627681840234
250,0.5560290101012839,0.394077815261551,0.9999999892170173,-5.342594102367439e-06,-0.0009313093724407046,-0.03669084459661742,-0.0031854843255132437,-6.087147994549014e-07,-3.0318717056717287e-05,-0.003500543519280216,-0.009087071431853389
251,0.5607118358645502,0.39271040116044226,0.9999999831683505,-5.5967571538158175e-06,-0.0009612929457960256,-0.03682700186144568,-0.0031758006662130356,-5.806318199574889e-07,-2.895171425275124e-05,-0.004029407883307086,-0.009131118737536827
252,0.56535261633432,0.3914861621706904,0.9999999758834411,-5.857200473612347e-06,-0.000989971874927694,-0.03695260104031885,-0.003163236426189542,-5.617998226625787e-07,-2.757986246213864e-05,-0.004679238175021908,-0.00919494946116692
253,0.5699512341807023,0.3904085195849388,0.9999999674251032,-6.123560209217272e-06,-0.0010170901345380884,-0.03706750448225457,-0.0031477876473218203,-5.504249998011801e-07,-2.6207613015790407e-05,-0.00548994080708121,-0.009278549882434754
254,0.5745076732342973,0.38948033450747727,0.9999999578609935,-6.395507885305642e-06,-0.0010424065899386754,-0.03717162162189588,-0.0031294699292629957,-5.483712470777391e-07,-2.4839376129852755e-05,-0.00651928237857086,-0.009381850508099403
255,0.5790218456764495,0.38870394960555993,0.9999999472630098,-6.672623543595891e-06,-0.0010657000772621894,-0.037264787683346304,-0.003108320292085409,-5.534777187676809e-07,-2.347944418547573e-05,-0.007853331975802165,-0.009504723915344654
256,0.5834938356109113,0.38808114796134713,0.9999999357065623,-6.954559604896518e-06,-0.001086768064305614,-0.03734691562354187,-0.003084359923377633,-5.663094952979009e-07,-2.2132042355184868e-05,-0.009624700190334816,-0.00964698257179066
257,0.5879236349193481,0.38761321505443463,0.9999999232697868,-7.2408734227121395e-06,-0.0011054278735183416,-0.037417935883046455,-0.00305764889344573,-5.862783041266084e-07,-2.0801265884480668e-05,-0.012045902435823125,-0.009808377535426682
258,0.5923112098439252,0.3873008872546104,0.9999999100331887,-7.531083005657837e-06,-0.0011215238140874916,-0.03747776563442337,-0.0030283089727163315,-6.125320055616612e-07,-1.9491041917381804e-05,-0.015473745717883586,-0.009988597717041062
259,0.5966565873607808,0.38714440937267713,0.999999896078912,-7.824745179897475e-06,-0.0011349233255978002,-0.037526360301761194,-0.0029963250271975994,-6.457851782215585e-07,-1.8205142244418534e-05,-0.02054162142182477,-0.010187269325268538
260,0.6009597544085082,0.38714357279480427,0.999999881490218,-8.121311238471718e-06,-0.001145517611597113,-0.037563613291413576,-0.00296186120249331,-6.834656005594297e-07,-1.694711601156236e-05,-0.02845186238207973,-0.010403956083111583
261,0.6052208147862773,0.3872976707372678,0.9999998663507014,-8.420353434853076e-06,-0.0011532260906173847,-0.03758949466483134,-0.0029249885119497776,-7.270061814779183e-07,-1.5720341896746735e-05,-0.04167760292662309,-0.010638159889096076
262,0.6094397820733385,0.3876055421840385,0.9999998507434608,-8.721343650321973e-06,-0.001157991601836659,-0.03760398964768567,-0.002885758876800537,-7.758196147733543e-07,-1.4527966209373567e-05,-0.06579852440444413,-0.010889322069413742
263,0.6136166440326666,0.3880656508548414,0.9999998347509613,-9.023731302112278e-06,-0.0011597861492304476,-0.03760707373288781,-0.002844346920028329,-8.275042659988685e-07,-1.3372890122957779e-05,-0.11457295770379733,-0.011156824876969382
264,0.6177514532399044,0.3886759932153997,0.9999998184544162,-9.326995300299557e-06,-0.0011586026207643441,-0.037598767156845125,-0.0028008499648422003,-8.836893243824306e-07,-1.225778185021883e-05,-0.22222942287505631,-0.011439993606243794
265,0.6218441825709907,0.3894342058536819,0.9999998019334103,-9.630548432963986e-06,-0.0011544625124831787,-0.03757902518350783,-0.002755378605797887,-9.42833025874279e-07,-1.1185047495414975e-05,-0.44715551476037413,-0.01173809940734921
266,0.6258949413184247,0.3903375379066097,0.999999785265125,-9.93393435312365e-06,-0.001147409879503949,-0.03754788263978488,-0.0027080730069428682,-1.0046846909972373e-06,-1.015683984392776e-05,-3.724512113011297,-0.012050362218130216
267,0.6299037267143804,0.391382877360698,0.9999997685237356,-1.02365890584987e-05,-0.0011375106516098518,-0.03290172739722987,-0.002659022342413664,-1.069504719453107e-06,-2.040781234329074e-05,-3.254331818818357,-0.01244370414416367
268,0.6423776389822952,0.34064995960273653,0.999999652559728,-1.4048967298511365e-05,-0.0012528868971647133,-0.031315267110037015,-0.0018123984336853027,-0.0040400950238108635,-3.526210826920508e-05,-2.9652909466034623,-0.012862601778464761
269,0.6509219146707067,0.28697569833040676,0.9999992146240049,-1.435428679616043e-05,-0.0014509174648912233,-0.03052538165486843,-0.004864479880779982,-0.007989540696144104,-4.2040262675044866e-05,-2.835339346457297,-0.013370783203838329
270,0.6567075381633865,0.24713609916614504,0.9999984229062191,-1.1585042651001395e-05,-0.0015329898510619826,-0.029601335217413538,-0.009578799828886986,-0.0034602819941937923,-4.613137671223786e-05,-2.7486194621892057,-0.013894751881974464
271,0.6609049726477046,0.2207838422294097,0.9999973264123616,-8.055794505557127e-06,-0.0015929373290071856,-0.028857337459464307,-0.012427964247763157,-0.000681665726006031,-9.261005505614861e-06,-2.6832750398213463,-0.01443245973608818
272,0.6644833254948895,0.1999900306299566,0.9999960297826986,-5.126615479600117e-06,-0.0016545504852527293,-0.028247675717294942,-0.013097395189106464,-0.0001319241855526343,-5.156675162784571e-06,-2.6304472075287957,-0.014983132543105283
273,0.6677537640698555,0.18570018961139184,0.9999946364280548,-2.895433312127244e-06,-0.0017068321618799668,-0.02765532137620968,-0.012795062735676765,-9.880540892481804e-05,-3.5515324360298394e-05,-2.5854412733863636,-0.015553159503216996
274,0.6707508679497028,0.17698493411063768,0.9999932419032604,-1.3626376945090154e-06,-0.0017519689224614321,-0.02701599083406466,-0.012094782665371895,-8.201945456676185e-05,-0.00010051027184740591,-2.5459426520051203,-0.01614375379232915
275,0.6735058300171305,0.1726367099354234,0.9999919326578476,-4.599044814875815e-07,-0.0017958529414946983,-0.02727516850434084,-0.011298020370304585,-6.120993930380791e-05,-0.00021395293717148657,-2.5108569943869155,-0.01675361718396154
276,0.6754289051600714,0.17250217188366274,0.9999908624425525,-4.798814039926632e-08,-0.0018271338714179006,-0.027943920559843315,-0.00965496152639389,-0.00024788148584775627,-0.00036172815560905956,-2.4788884791658603,-0.01738377968848645
277,0.6771211197867143,0.17359397865871257,0.9999902608248252,-1.2493147999828558e-08,-0.001862941090473285,-0.02887907057138446,-0.008344135247170925,-0.00048555133980698884,-0.0005455931159896604,-2.4496107896139563,-0.018036949311715237
278,0.6784282411548076,0.1748995824773505,0.9999901510774338,-7.76132508390719e-08,-0.0019689753263678004,-0.03034717733401142,-0.0075704012997448444,-0.0007037762552499771,-0.000750830784601328,-2.421796766441237,-0.01872719103430137
279,0.6793197581184764,0.17502236353894307,0.9999905262723332,-1.750842061667954e-07,-0.002167583361261624,-0.03243622677120911,-0.007313860114663839,-0.0008678198209963739,-0.0009728252090893543,-2.394579966207172,-0.01946725106115883
280,0.6798062363260037,0.17419009198691862,0.9999913575596743,-2.935289479405879e-07,-0.002455994977490073,-0.03500256647175601,-0.007407486438751221,-0.000566109549254179,-0.0012448264233796626,-2.367032914530817,-0.020263749549204478
281,0.6799471333375965,0.17602194412242772,0.9999925445530262,-5.678761784941628e-08,-0.002755372140794846,-0.03364438107812145,-0.007518342230468988,-0.0002176330890506506,-0.0015491471640272675,-2.338226861042503,-0.021116854837590106
282,0.6813810973283003,0.17903209580723478,0.999993954548944,-3.1888034262707254e-08,-0.0030663649730679047,-0.021661200064358725,-0.007426564581692219,-5.817690180265345e-05,-0.00036757160596027514,-2.3127494505792856,-0.022012861899896673
283,0.6866646933215576,0.18969427492394997,0.9999946292994127,-2.8504672517431266e-07,-0.003420013924610411,-0.017275852736904053,-0.006424645893275738,-0.001798414858058095,-0.000124710788997458,-2.292309751125115,-0.022942247607187244
284,0.6898749178617835,0.2068040485154471,0.9999947496508182,-2.993283048076962e-07,-0.0036429622308220768,-0.015128532466836899,-0.006275430787354708,-0.0006276533822529018,-4.3976025470928325e-05,-2.2749624070067402,-0.023897805526627958
285,0.6923546329487237,0.22755979301981102,0.9999947126970076,-1.8855398089662195e-07,-0.00374151062394124,-0.013575506618388335,-0.004785946570336819,-0.0008088616887107491,-1.2156639105625684e-05,-2.259820934310188,-0.024870341072002686
286,0.6948834449526251,0.2500563568274402,0.9999946915646495,-8.121445177667422e-08,-0.0037166967042472515,-0.012417206779512668,-0.004442368168383837,-0.0002907326561398804,-1.572561611475253e-06,-2.2468411663567847,-0.02584942031074287
287,0.6973942736733955,0.2728059997117253,0.9999947621503662,-2.525452896862623e-08,-0.0036317994861226506,-0.011643457210096617,-0.004203954711556435,-3.627129990491085e-05,-2.4994501807822385e-05,-2.2333406686403987,-0.02683459745466489
288,0.6998496633689449,0.2939970359605475,0.9999950420577549,-1.0302348308791605e-08,-0.003523688265776121,-0.01091855082583894,-0.003804592415690422,-7.387145888060331e-05,-2.53227084103063e-05,-2.221634055506828,-0.027816790063778345
289,0.702613176897726,0.3129770427069015,0.9999954788149611,-1.689774076359801e-08,-0.0034128520593598114,-0.009703484993239756,-0.0035688045900315046,-0.00012527195212896913,-6.832982733841585e-06,-2.2129486403641265,-0.02879956701145594
290,0.70637949327289,0.331581381738885,0.9999959013817622,-4.2727186810978417e-08,-0.0033280965038486984,-0.008932604450990133,-0.004037933424115181,-0.0001118136424338445,-1.2856538259961573e-05,-2.205581125264874,-0.029783912153701197
291,0.7098362976196517,0.3483067772082118,0.9999962647737953,-8.178112288945912e-08,-0.0032446534319258724,-0.008354779310472753,-0.004397023934870958,-5.569347558775917e-05,-1.5148194669422836e-05,-2.1992185466379492,-0.03076621361219077
292,0.7133028768698918,0.364023728213977,0.9999966087827561,-1.2689935208547474e-07,-0.003135307613712932,-0.00790638574680671,-0.004558252170681953,-1.5360779798356816e-05,-1.5597578262088766e-05,-2.193409912408542,-0.031744645373506346
293,0.7165872163233945,0.3759439699152186,0.9999969493382812,-1.8237420173254636e-07,-0.003041299410415779,-0.0075251678994540305,-0.004827133379876614,-1.6773103197920136e-05,-1.5009738410278767e-05,-2.187910016990121,-0.03272194031285682
294,0.7198349105333801,0.3863358264462537,0.9999972886947793,-2.622823286966572e-07,-0.0029572219399253414,-0.007198839454049618,-0.005052774678915739,-1.2619097105925903e-05,-1.4075977263293733e-05,-2.1825472380119764,-0.033697821990252314
295,0.7230593720169459,0.3954392592521908,0.999997622708346,-3.7359615527405797e-07,-0.0028812526292034987,-0.006919362542997414,-0.005224335938692093,-9.456920452066697e-06,-1.3063817188393998e-05,-2.1771965936287,-0.03467200468946918
296,0.7262792512022226,0.40345890480141505,0.9999979456459749,-5.231794623280307e-07,-0.0028105166432561023,-0.006682757291859476,-0.005367681384086609,-8.55812686495483e-06,-1.2083871733504612e-05,-2.1717506771643023,-0.03564392255117411
297,0.7295058181532121,0.410555265020029,0.9999982518935581,-7.164748018621465e-07,-0.002742661926296596,-0.0064838858223462545,-0.005485563538968563,-6.8581962295866106e-06,-1.1171450043338473e-05,-2.1660972212724943,-0.03661282225179757
298,0.7327427869333348,0.4168574554015843,0.9999985368107666,-9.58373178541613e-07,-0.002677036651029725,-0.006320110829601625,-0.0055807894095778465,-5.557185431825928e-06,-1.0329323731799166e-05,-2.160126747980477,-0.03757795792174298
299,0.735993762959586,0.42248942995418587,0.9999987969872137,-1.2525771302284697e-06,-0.00261299071069027,-0.006188031752973204,-0.005655822344124317,-4.4858265937364195e-06,-9.551862897907545e-06,-2.15370408471019,-0.03853852597251574
300,0.7392599102209199,0.4275494854599663,0.9999990302808442,-1.6013559384210786e-06,-0.002550033248643783,-0.006085362512249053,-0.005711400415748358,-3.603187906264793e-06,-8.82233460588894e-06,-2.146683232282623,-0.039493720070621345
301,0.7425429213442891,0.43213311018392525,0.9999992356897557,-2.0060402606500833e-06,-0.0024878659603958793,-0.006009207860946549,-0.005748385097831488,-3.020648591700592e-06,-8.142099836002119e-06,-2.1388888141579274,-0.04044269440326581
302,0.7458426538164314,0.43630830663695264,0.9999994131721345,-2.4663615171235803e-06,-0.0024262029040442905,-0.005958670828175593,-0.005766150541603565,-2.5206295504176524e-06,-7.506125127356674e-06,-2.1301200265470572,-0.04138458849230594
303,0.7491604597377188,0.4401422898972363,0.9999995634663362,-2.9816218566885912e-06,-0.0023649008185893084,-0.0059311383528823855,-0.005763990804553032,-2.2261431240622187e-06,-6.902221064570128e-06,-2.120139648770045,-0.04231853335163359
304,0.7524962785692494,0.4436885308967477,0.9999996878786128,-3.5502690670462982e-06,-0.002303824165027611,-0.005925096328690823,-0.005744564346969128,-2.087932898575673e-06,-6.32540122531634e-06,-2.108676063612949,-0.04324367674903612
305,0.7558501804135926,0.4469979295823268,0.9999997881348036,-4.170285284627311e-06,-0.0022429465349816558,-0.00594114762195855,-0.005708206444978714,-2.0724983187392354e-06,-4.2387592090204725e-06,-2.0953019080814004,-0.044159880824697406
306,0.7592245473508601,0.4513045685085692,0.9999998662014696,-4.872874395477987e-06,-0.002181966626767997,-0.005997610781959934,-0.005876326933503151,-4.329798321123235e-05,-4.556501709463839e-06,-2.0795909660692042,-0.045064411816898776
307,0.7626007549096163,0.4541572012243757,0.9999999243129267,-5.530378600364779e-06,-0.0021125454520319878,-0.006051674691487028,-0.005516061559319496,-2.8940428819623776e-05,-4.37848567365996e-06,-2.061539233675956,-0.045954973450577
308,0.7660192578197889,0.4568377308597339,0.9999999645263788,-6.28019613817215e-06,-0.0020515040481023307,-0.006137323970391171,-0.005504698026925325,-1.909705861180555e-05,-4.045168514487568e-06,-2.0405906417612036,-0.046831626859774156
309,0.7694557293517471,0.4593591071684701,0.9999999888485269,-7.041712490031861e-06,-0.0019827496322304835,-0.0062297006009692756,-0.0053952583111822605,-1.3220622349763289e-05,-3.676160953076333e-06,-2.0163225694992795,-0.047694167288598835
310,0.7729123871846723,0.4618433167905932,0.9999999992754619,-7.881974596527147e-06,-0.0019245196072246442,-0.006341193946472014,-0.005284586455672979,-3.355395620019408e-06,-3.2891974465642405e-06,-1.98837549925197,-0.048543648888865
311,0.7763905509243757,0.4642425184096481,0.9999999977371199,-8.7604553377471e-06,-0.0018664931082339558,-0.006471803169591073,-0.005171520635485649,-3.593066594476113e-06,-2.9160480428845194e-06,-1.9564717547798667,-0.049379421309663045
312,0.7798894324338835,0.46656572002751473,0.9999999860854454,-9.672564750050805e-06,-0.0018084775877257207,-0.006621434169940715,-0.005040496122092009,-4.289881417207653e-06,-2.5664894246211793e-06,-1.9205153694026098,-0.05020082137746755
313,0.7834099736733893,0.4688189727735827,0.9999999659918775,-1.0617402633821458e-05,-0.001750595582826092,-0.006789772443443582,-0.00490210298448801,-4.671813712775474e-06,-2.2443733884458854e-06,-1.8806792525951324,-0.05100722527131474
314,0.7869524665002395,0.4710079733047676,0.9999999389399084,-1.159342493227781e-05,-0.001692896277701367,-0.006973002548166963,-0.0047542983666062355,-5.301280452840729e-06,-1.9631908340255957e-06,-1.8374957968066719,-0.05179689992004504
315,0.790555434817467,0.4728896186889272,0.9999999062412726,-1.2593269069974688e-05,-0.0016346481245524786,-0.007176414812904749,-0.004607213195413351,-5.257736120256595e-06,-3.3522384418302023e-06,-1.7921647915202232,-0.05256864819778333
316,0.7941314410911133,0.47412866324507097,0.9999998689764504,-1.3552944594703927e-05,-0.0015794269940155945,-0.0073720501365649345,-0.004183604847639799,-6.905439659021795e-05,-3.306610734406096e-06,-1.7461922260751015,-0.053325435725635764
317,0.7977622832607113,0.4757545863010756,0.9999998283205622,-1.4696554238463686e-05,-0.0015314866355185127,-0.0076028372517564155,-0.004204464145004749,-1.2824437362723984e-05,-2.216034187422106e-06,-1.700390100422643,-0.05407002900738086
318,0.8014060890987362,0.47790423954077055,0.9999997853755271,-1.5890340719294e-05,-0.0014793930433365757,-0.007855538930720971,-0.004160725511610508,-6.376979854394449e-06,-1.7693125063608475e-06,-1.6565163032329124,-0.05480170583198152
319,0.8050589448950035,0.4800266288388134,0.9999997407786927,-1.710147367468253e-05,-0.0014313295435360992,-0.008134140989284859,-0.003937051631510258,-1.97995213966351e-05,-1.5642907814884366e-06,-1.6167165608864176,-0.05551854621190614
320,0.8087391808648053,0.4820239091249097,0.9999996949529363,-1.8300927489789016e-05,-0.0013785179406800628,-0.008444267697845707,-0.0037828886415809393,-2.3285103452508338e-05,-1.5578627091056952e-06,-1.5826408497520132,-0.056216985526842886
321,0.8124426919460764,0.48386021018873204,0.9999996479258367,-1.9468377959720278e-05,-0.0013196988022746306,-0.008773552457846714,-0.0035895530600100756,-1.0408768503111787e-05,-1.566241330418256e-06,-1.5553381879702717,-0.056894971452352845
322,0.8161728191084121,0.48565028642226765,0.9999995997068006,-2.068476214862841e-05,-0.0012617847698714703,-0.00912674700823034,-0.003443663939833641,-9.493829566054046e-06,-1.7104123097611422e-06,-1.535165968527875,-0.05755196812829448
323,0.8199240826347292,0.48733402746384114,0.9999995503545503,-2.1923564851417887e-05,-0.0012040973539405207,-0.009500415378420425,-0.0032618860714137554,-1.079490812117001e-05,-1.9789729416512904e-06,-1.5220178485356506,-0.05818723468972187
324,0.8236987232518659,0.4889049979532622,0.9999994998333138,-2.3201848295061772e-05,-0.0011476531810271798,-0.009897908426837762,-0.003091393271461129,-1.1796215403592214e-05,-2.34670464859531e-06,-1.5153329718625406,-0.058800169724137145
325,0.827496066999833,0.4903732287529187,0.9999994480219823,-2.4518342039615074e-05,-0.001091398439694225,-0.010319249763364707,-0.0029326477088034153,-1.124899154092418e-05,-2.8210230188773885e-06,-1.514277328391514,-0.059390082269108226
326,0.8313144024052618,0.49174324742293885,0.9999993946902662,-2.5881066957380417e-05,-0.0010359829933738647,-0.010765004770368805,-0.0027739908546209335,-1.1977182111877482e-05,-3.409638419578342e-06,-1.5179004385153112,-0.059956433005007664
327,0.8351534372670986,0.49301444853718007,0.9999993395701844,-2.7296094657155518e-05,-0.000981585525525736,-0.01123694833506043,-0.002620995743200183,-1.2821268683183007e-05,-4.12075533758919e-06,-1.5252398834297116,-0.06049860082921448
328,0.8390125236678901,0.4941852008213459,0.9999992823131247,-2.8765245127401917e-05,-0.0009279846066335589,-0.011736069945908475,-0.0024740754161030054,-1.3532713637687266e-05,-4.9618933006846505e-06,-1.5354034300725539,-0.06101583146285611
329,0.8428907639221521,0.49525387727026904,0.9999992224942539,-3.0293274869138118e-05,-0.0008752179194672806,-0.012263468896731692,-0.0023335760924965143,-1.4204187209543306e-05,-5.942891161411286e-06,-1.5476033977814427,-0.0615073183399297
330,0.8467866768198212,0.49621908787230434,0.9999991595826965,-3.188578443372289e-05,-0.000823379973152153,-0.012820525364696309,-0.0022006635554134846,-1.4890148122503888e-05,-7.0727821867236235e-06,-1.5611723006805622,-0.06197221298603197
331,0.8506992165513776,0.49707922677291516,0.9999990929798759,-3.354924180757152e-05,-0.0007725627009732211,-0.013408382523238326,-0.0020761671476066113,-1.5554593119304627e-05,-8.36148102995988e-06,-1.5755714292147436,-0.06240964063552814
332,0.8546267101361877,0.4978324597385345,0.999999022003476,-3.529081464608116e-05,-0.0007228954464665606,-0.01416288973640759,-0.0019610198214650154,-1.6162968677235767e-05,-6.316319545539926e-06,-1.585673453959646,-0.06281551975061776
333,0.8583038671160739,0.4984285173446364,0.9999989303443797,-3.721497697714446e-05,-0.0006662762345096577,-0.014782563899412486,-0.0018449719063937664,-3.600757190724835e-05,-1.277342122577939e-05,-1.6028739233914864,-0.063196761118745
334,0.8624616272230745,0.4988545826209849,0.9999988252930058,-3.950329396494707e-05,-0.0006231490192541632,-0.015500092648898659,-0.0017578453989699483,-1.4496565199806355e-05,-1.3555857018079592e-05,-1.6174539833292318,-0.06354807599435514
335,0.8666042097332266,0.49931310302746607,0.9999987408572858,-4.1683964051047034e-05,-0.0005795435362021286,-0.016250884731367547,-0.00164996727835387,-1.4802108125877567e-05,-1.4854222133667308e-05,-1.6320068185247043,-0.0638719359097788
336,0.8707768150361141,0.4996951693442547,0.9999986762697011,-4.373512647966867e-05,-0.0005377533650476145,-0.017019583076012788,-0.0015826181042939425,-1.0948468116112053e-05,-1.6419466941390342e-05,-1.6461286575945513,-0.06416687651799395
337,0.8749419290493258,0.49992859719261834,0.9999986309791913,-4.5635191673148855e-05,-0.0004972512349756771,-0.017786598010148005,-0.0015150952385738492,-7.3444980444037355e-06,-1.8186379662527838e-05,-1.659615581830165,-0.06443185391230112
338,0.8790897229055603,0.49999971470710275,0.9999986030907296,-4.737968818798624e-05,-0.0004597421623475042,-0.018547355187322975,-0.0014545622980222106,-6.058141025278019e-06,-2.0057885850673524e-05,-1.6723677052243227,-0.06466590919746192
339,0.8832159396982908,0.49991217996820214,0.9999985903383922,-4.898112444916879e-05,-0.0004256178501824777,-0.019297964076395637,-0.0013986089034006,-5.343021712178597e-06,-2.200789422565921e-05,-1.6843525790450504,-0.06486837759534053
340,0.8873105734880256,0.4996777350017811,0.9999985903546255,-5.044753963227961e-05,-0.00039493532939145314,-0.020042394575799677,-0.0013473907019942999,-4.9142790885525756e-06,-2.3986529037187854e-05,-1.6955824441097531,-0.06503888382752286
341,0.8913810289446293,0.49930915241395785,0.9999986011245215,-5.1797545848380377e-05,-0.0003676111600609783,-0.02077859750675414,-0.0012991245603188872,-4.623670974979177e-06,-2.5967546433122075e-05,-1.706081508881929,-0.0651771200104654
342,0.8954215576325643,0.498821405418222,0.9999986216562705,-5.303202883583505e-05,-0.0003435072011610077,-0.02150460158347839,-0.001253954484127462,-4.462362085178029e-06,-2.795182286421067e-05,-1.7158899672945152,-0.06528296534761503
343,0.8994269069911336,0.49823071079913417,0.9999986507506321,-5.415172805972604e-05,-0.00032254809509946224,-0.022219188191388985,-0.001212269882671535,-4.242264822096331e-06,-2.9922193999946457e-05,-1.7250504671371623,-0.06535630513582415
344,0.903392085007097,0.4975536487224813,0.9999986871394863,-5.515825162659735e-05,-0.0003046347371735452,-0.022921324809718358,-0.0011733763385564089,-4.109668225282803e-06,-3.18748464087795e-05,-1.7336076999188146,-0.06539708315032941
345,0.9073126621173021,0.4968061364599464,0.9999987295718862,-5.605611872418549e-05,-0.0002896624336578757,-0.02361036557372238,-0.0011379752540960908,-3.911863586836262e-06,-3.379949949631273e-05,-1.7416059432264412,-0.06540530971458956
346,0.9111844735953958,0.49600316433846975,0.9999987768640417,-5.684920704058169e-05,-0.0002775266461941078,-0.02428571079142023,-0.00110537966247648,-3.789949005295057e-06,-3.568799358627345e-05,-1.7490881687171045,-0.06538106177719645
347,0.9150034339138244,0.495158428576804,0.99999882792513,-5.7542502286494934e-05,-0.0002681202059732001,-0.024946944534567337,-0.0010757709387689829,-3.6490478123596404e-06,-3.7533313807366216e-05,-1.7560951696922424,-0.0653244862500541
348,0.9187656972545637,0.49428439975031635,0.999998881770238,-5.814048361943884e-05,-0.00026133135551718384,-0.025593710557243816,-0.0010490018175914884,-3.525946340232622e-06,-3.932971834042025e-05,-1.7626651548697112,-0.0652357908338316
349,0.9224675568562443,0.4933921017112388,0.9999989375218602,-5.864781704328007e-05,-0.0002570486510652515,-0.02622567023829434,-0.0010250159539282322,-3.408497377677122e-06,-4.1070029982821684e-05,-1.7688335704966978,-0.06511524468491783
350,0.9261055102032961,0.49249114920688963,0.9999989944081673,-5.906886060384978e-05,-0.00025516299098289174,-0.026842490890653593,-0.0010036396561190486,-3.3119547424576012e-06,-4.2751987841530815e-05,-1.7746330701830353,-0.0649631784677958
351,0.9296762614934792,0.49158979478151343,0.9999990517584271,-5.940828637527069e-05,-0.00025556017789084946,-0.027444017619528825,-0.0009849539492279291,-3.1965957987267757e-06,-4.437557471513546e-05,-1.7800934908335941,-0.06477998385659811
352,0.9331765572019809,0.4906950479771273,0.9999991089960184,-5.9670530682716456e-05,-0.00025812605657787245,-0.028030093600956527,-0.0009688544669188559,-3.075339009228628e-06,-4.5932675382268686e-05,-1.7852420886448206,-0.06456610562749614
353,0.9366033195379523,0.48981269928497245,0.9999991656291496,-5.985921703140432e-05,-0.0002627546341853679,-0.02860586000858275,-0.0009550566901452839,-2.9921563964308007e-06,-4.738090404375145e-05,-1.7901056471992067,-0.06432211593518135
354,0.939962108029615,0.48893479641469845,0.9999992217136875,-5.998191591958467e-05,-0.0002692466174514731,-0.02915970507992056,-0.0009429947240278125,-2.9630348308273824e-06,-4.876117305210174e-05,-1.7947032941209913,-0.06404849800672273
355,0.9432370696043525,0.48808317717192157,0.9999992772717242,-6.0021276593949445e-05,-0.0002776016461421915,-0.029695457866095207,-0.0009341674158349633,-2.873626044674893e-06,-5.0098550389321494e-05,-1.7990576130106495,-0.06374588763383061
356,0.9464301003640975,0.4872571924209081,0.999999331302815,-5.998968141160115e-05,-0.00028778429645627226,-0.030215409245847088,-0.0009270990849472582,-2.6878653898165794e-06,-5.126488424133144e-05,-1.8031863622932374,-0.06341491090702105
357,0.9495438987991331,0.48644939029929735,0.9999993842677524,-5.989475489258104e-05,-0.0002995159723576346,-0.030709141118900187,-0.0009216860635206103,-2.6618554329616018e-06,-5.244055954958845e-05,-1.8071063579099453,-0.06305626043319856
358,0.9525632030598081,0.4856870938612258,0.9999994354122973,-5.972363001746651e-05,-0.0003128472953143028,-0.031181756531838346,-0.0009191975113935769,-2.5070924039027886e-06,-5.3543398233795406e-05,-1.810830872723238,-0.0626705742651443
359,0.9554909388462315,0.48496693341160796,0.999999483919379,-5.949666462880842e-05,-0.00032769826212881254,-0.03163656513318002,-0.0009179483749903738,-2.2831393380329246e-06,-5.4566622883309526e-05,-1.8143742738942548,-0.062258596124698876
360,0.9583271086630423,0.4842877858872216,0.9999995294919923,-5.922560836966357e-05,-0.0003438010516421183,-0.032075200980563885,-0.0009182335343211889,-2.2081503630033694e-06,-5.551482659141092e-05,-1.817749984453498,-0.06182117032113025
361,0.9610714393316295,0.48364766726015307,0.9999995720986734,-5.8917415019292965e-05,-0.00036100339489744107,-0.03249866412741805,-0.0009201194043271244,-2.1167873001104454e-06,-5.637800158348884e-05,-1.8209703371864105,-0.06135917333039434
362,0.9637231371243945,0.48304569187644464,0.999999611830494,-5.85740706721674e-05,-0.00037920694582263363,-0.032907324214900426,-0.0009234592434950173,-2.1032531094533624e-06,-5.7172712723893834e-05,-1.8240466374007356,-0.06087349410047897
363,0.9662812960187883,0.4824806557041689,0.9999996488260345,-5.819833264420658e-05,-0.00039828874443875544,-0.03329750215030565,-0.0009285099804401398,-1.990224291148479e-06,-5.7930724319929585e-05,-1.82698812184889,-0.060364978937229086
364,0.9687406851378292,0.48196282187599104,0.9999996830266358,-5.7788259336685085e-05,-0.0004182599701465204,-0.03367840149393472,-0.0009351797634735703,-1.897394781735784e-06,-5.861371325761051e-05,-1.8298056402525575,-0.059834574402813465
365,0.9711075975915596,0.4814727871517474,0.9999997144576083,-5.735883898284977e-05,-0.0004389097868696265,-0.034048381630835706,-0.0009424763265997171,-1.8399291548121255e-06,-5.9205641829081615e-05,-1.8325067033226259,-0.05928316090656981
366,0.9733801346554047,0.4810096037383388,0.9999997436038868,-5.690408719825583e-05,-0.0004600806899666522,-0.03440549803419042,-0.0009515522397123277,-1.83946337983798e-06,-5.973514997922465e-05,-1.8350999275894209,-0.05871171108991922
367,0.9755567838960066,0.4805733010676702,0.9999997707156602,-5.6419129010954585e-05,-0.0004817963232554165,-0.03475128622105926,-0.0009620432392694056,-1.7686821820461773e-06,-6.018494780531957e-05,-1.8375927221845647,-0.05812115208292355
368,0.977638604200925,0.4801573317047483,0.9999997960253802,-5.5903245568364136e-05,-0.0005039761393150852,-0.03507806781373595,-0.0009736173669807613,-1.715045868877496e-06,-6.059528386791158e-05,-1.8399903365139902,-0.05751232389418676
369,0.9796199102546419,0.479777374584011,0.9999998195925106,-5.534808547618007e-05,-0.0005266661970727999,-0.035386766346953404,-0.000986675382591784,-1.6023994930947083e-06,-6.0996873993098966e-05,-1.8422987832987539,-0.056886101378182674
370,0.9815004544107401,0.4794360512296768,0.9999998411191713,-5.4762687242627154e-05,-0.00054987917226422,-0.03568414469278402,-0.00100008025765419,-1.4460456441156566e-06,-6.132814319077195e-05,-1.8445233459232349,-0.0562433433478476
371,0.9832837684555324,0.479120779421323,0.999999860589814,-5.416016946971466e-05,-0.0005733843839101782,-0.03596897805694826,-0.00101383775472641,-1.4196664324117592e-06,-6.16368393751062e-05,-1.8466684501415225,-0.05558491384746744
372,0.984968515182254,0.47883533067319456,0.999999878055146,-5.3541515347975124e-05,-0.0005970660230868475,-0.036255050149603736,-0.0010287340264767408,-1.3613248484034557e-06,-6.18064346421277e-05,-1.8487406067646845,-0.05491184411517993
373,0.986563240283512,0.47854294527839925,0.9999998939424986,-5.291698777391417e-05,-0.0006206618408022065,-0.03652695984758848,-0.0010439773323014379,-1.3995510244058096e-06,-6.191189882719529e-05,-1.850743236159296,-0.0542250211415658
374,0.9880607210903659,0.4782689225793005,0.9999999087018803,-5.226050909707041e-05,-0.0006442615613860597,-0.03678346414633679,-0.0010615376522764564,-1.3632381978823105e-06,-6.200854424340248e-05,-1.8526815453777399,-0.05352539197483624
375,0.989461166680026,0.47801661076493535,0.999999922227459,-5.1572182978026916e-05,-0.0006681141482617788,-0.037025897191220146,-0.0010790808591991663,-1.2054023272867198e-06,-6.206050482606317e-05,-1.8545580273751867,-0.05281370403890834
376,0.9907653638612932,0.4777865223664673,0.9999999344798243,-5.085691108902841e-05,-0.000692096419822307,-0.03725144286517878,-0.0010966977570205927,-1.1183354899912956e-06,-6.141601985834066e-05,-1.8563780930558895,-0.05209063792765783
377,0.991974199522513,0.47757207741344443,0.9999999454562275,-5.007736851216753e-05,-0.0007168819329023761,-0.03745541794305945,-0.0011307310778647661,-5.5529035307699814e-06,-6.147624137651648e-05,-1.8581466127491706,-0.05135741644067651
378,0.9930898664019885,0.47736697467149564,0.999999955223379,-4.9339398175363696e-05,-0.0007395333999967918,-0.03765574214430534,-0.0011559576960280538,-7.10524432179227e-07,-6.203168722322927e-05,-1.8598586099473398,-0.050615476010184846
379,0.9941116328454404,0.4771737449409377,0.9999999638685063,-4.8613112518466126e-05,-0.0007615840732987006,-0.03783936806674202,-0.0011657600989565253,-5.455337372950453e-07,-6.210161429528023e-05,-1.8615144776225376,-0.04986576837594789
380,0.9950366372692131,0.47700922283273445,0.9999999713318645,-4.7854699257196064e-05,-0.0007833924605368682,-0.038021590060976745,-0.0011747454991564155,-1.202288331114687e-06,-6.199216189353631e-05,-1.8631226713793951,-0.04910911086564502
381,0.9958738190445916,0.4768600954192098,0.9999999776144997,-4.708739718445351e-05,-0.0008054831108244791,-0.038204936232815935,-0.001185917411930859,-9.675611636339454e-07,-6.16687653544182e-05,-1.8646862626455645,-0.04834563681429434
382,0.9966239624794571,0.4767254127026709,0.999999983070492,-4.6287472463148085e-05,-0.0008287014448837702,-0.03836942163446579,-0.0012049751821905375,-8.717600508134637e-07,-6.118681582489289e-05,-1.8662090898784058,-0.047575624667753995
383,0.9972832476535207,0.476625362301479,0.9999999876115633,-4.544760647832164e-05,-0.0008521812242654749,-0.03853064635069102,-0.0012331274338066578,-1.8866257960326038e-06,-6.117640755649367e-05,-1.8676925713857448,-0.04680003306017941
384,0.9978576474480091,0.4765222773850333,0.999999991392635,-4.464689886123587e-05,-0.000874012327996462,-0.03868335536962135,-0.00124257686547935,-3.2169782571145333e-07,-6.077782370605858e-05,-1.869136157689004,-0.04601962951585223
385,0.9983443118753752,0.47644875115171303,0.9999999944520674,-4.379011132415735e-05,-0.000896827765347068,-0.0388180782546064,-0.0012633558362722397,-1.8050096741717425e-06,-6.0397674535505764e-05,-1.8705439926755432,-0.04523513617069061
386,0.9987457588187336,0.47639666855897134,0.9999999967837282,-4.293751470872098e-05,-0.0009183193829774312,-0.03894809149892971,-0.0012777689844369888,-5.353429060050985e-07,-6.000167409032733e-05,-1.8719171414040137,-0.044447237397620236
387,0.9990642526785969,0.47637458475901323,0.9999999984361296,-4.206196273610568e-05,-0.000940674230652431,-0.03906776806599444,-0.0012962882174178958,-6.297939876276359e-07,-5.957729426560165e-05,-1.8732569808772028,-0.04365644154805609
388,0.999300859333117,0.47637149798222145,0.9999999994710063,-4.118515416498374e-05,-0.0009621895774708094,-0.0391812834280511,-0.0013133655302226543,-4.756500686653453e-07,-5.913557809668136e-05,-1.874565107915588,-0.04286360587418578
389,0.9994576507861956,0.4763851855259346,0.9999999999494046,-4.030530186751823e-05,-0.000983197215997159,-0.039288507032776504,-0.0013298123376443982,-4.334474965617119e-07,-5.8604938653193316e-05,-1.8758430740873042,-0.0420694781028792
390,0.9995362835631482,0.4764104136056691,0.9999999999275003,-3.942101441900178e-05,-0.001003657181420325,-0.039380075401765316,-0.0013461228227242827,-4.0284990632244444e-07,-5.815099817486217e-05,-1.8770921602515434,-0.04127474717311359
391,0.9995372874442552,0.476474705808356,0.9999999994462735,-3.852599942253059e-05,-0.0010237995783628246,-0.039463290407604545,-0.0013621218968182802,-3.443365130806342e-07,-5.7681872608798796e-05,-1.878312828165967,-0.04048001401001275
392,0.999463252941877,0.47656663385226544,0.9999999985871868,-3.763390779227943e-05,-0.0010435973112701848,-0.039540542767208926,-0.001376417581923306,-2.991007477248786e-07,-5.720376881027807e-05,-1.8795061889923952,-0.0396859145394017
393,0.9993161637653876,0.47668413582245217,0.9999999974442799,-3.6750071701531186e-05,-0.001062841060803918,-0.03962317913518743,-0.0013905571540817618,-2.955617901534424e-07,-5.666850406215521e-05,-1.8806741179813038,-0.038893161663825164
394,0.9990982272400145,0.4767989057036273,0.9999999960785508,-3.5880127510449975e-05,-0.0010813004512083934,-0.039703628928529064,-0.0014046152355149388,-3.081386807934905e-07,-5.6062197284218475e-05,-1.8818174509834422,-0.03810239254466502
395,0.9988105800791404,0.4769182133011658,0.9999999944545824,-3.501133746066961e-05,-0.00109903880625072,-0.03977587495764066,-0.0014195741387084126,-2.877817735225108e-07,-5.549189145910601e-05,-1.8829379469071164,-0.03731426040764018
396,0.9984547436960391,0.47705558556146416,0.9999999925954713,-3.413653543171657e-05,-0.0011164222197624577,-0.039841671353889045,-0.0014337609754875302,-2.3443219276941818e-07,-5.491521846607687e-05,-1.8840359348583424,-0.0365292563150707
397,0.9980326169378585,0.4772100984105304,0.9999999905426207,-3.3259373967044934e-05,-0.0011334729966232316,-0.03990220557174151,-0.0014465785352513194,-1.8963542913752462e-07,-5.4325247964617365e-05,-1.8851122278677932,-0.03574790247184091
398,0.9975461300733477,0.47738047022556024,0.999999988335218,-3.238246788166637e-05,-0.0011500782874914687,-0.039958134083271535,-0.001458840910345316,-1.734767209882193e-07,-5.3724684039460494e-05,-1.8861676489577506,-0.03497073474749707
399,0.996997137319854,0.47756511702405824,0.999999986008521,-3.150795732282962e-05,-0.001166182414130959,-0.040009998410566065,-0.0014705490320920944,-1.568347158809047e-07,-5.3113578549586505e-05,-1.8872029786600137,-0.03419827973916626
400,0.9963874647225482,0.4777631261338413,0.9999999835935143,-3.063694459218088e-05,-0.0011817892278291353,-0.04005817089071587,-0.0014817340997979045,-1.4266345260693925e-07,-5.249296683970846e-05,-1.888218968108278,-0.03343104594348619
401,0.9957189299081325,0.4779736868238195,0.9999999811172754,-2.9770388143143204e-05,-0.001196892711898574,-0.0401030383938464,-0.001492373296059668,-1.2869269028215058e-07,-5.1864171105189875e-05,-1.8892163302452976,-0.032669524443299576
402,0.9949933466439445,0.47819656901542346,0.9999999786034663,-2.8908880587646362e-05,-0.0012115016776665798,-0.04014496763343958,-0.0015024630120024085,-1.1582564241052751e-07,-5.1228158864559655e-05,-1.8901957375008398,-0.031914188216880426
403,0.9942125185177583,0.4784336519526066,0.9999999760727581,-2.8052989993018226e-05,-0.0012256214177975965,-0.04018421385274067,-0.001512003131210804,-1.0399716643405554e-07,-5.0585967191361415e-05,-1.8911578236159625,-0.031165493743172918
404,0.9933782603822477,0.4786840117080469,0.9999999735433778,-2.7203180279598487e-05,-0.0012392583345244177,-0.040221427171938086,-0.0015210314886644483,-9.380518406487681e-08,-4.993601074984859e-05,-1.8921032190880316,-0.030423883508234842
405,0.9924922896482755,0.47894562413868125,0.9999999710265691,-2.636000250142789e-05,-0.0012524113482970578,-0.04025687370193965,-0.0015295128105208278,-8.431052833657304e-08,-4.928215421205447e-05,-1.8930324511391614,-0.02968977867906529
406,0.9915563511039402,0.47921743731644906,0.999999968531692,-2.5523369569396634e-05,-0.0012650813363672413,-0.04029118957657486,-0.0015374949434772134,-7.587271255715677e-08,-4.8599233750443345e-05,-1.8939462094866866,-0.028963605693788114
407,0.9905719543584953,0.4794954538828172,0.9999999660130845,-2.4693284878457584e-05,-0.0012772505781395726,-0.040320330690777,-0.0015448915073648095,-6.704547672597982e-08,-4.794179037251556e-05,-1.8948449719710014,-0.0282457587749115
408,0.9895416793584253,0.4797891443898094,0.999999963508704,-2.38674340090073e-05,-0.0012890172169573156,-0.04034628491508917,-0.0015518682776018977,-6.173079469817822e-08,-4.728452474805065e-05,-1.8957290179422828,-0.027536601571323913
409,0.9884670918104238,0.48009567397258246,0.9999999610771582,-2.304934185499388e-05,-0.0013004027182165396,-0.04037030496976946,-0.0015578282764181495,-5.37525046695464e-08,-4.662551602775318e-05,-1.896598789705436,-0.026836500240078914
410,0.9873499189074074,0.48041317325537897,0.9999999587516082,-2.2241112904113938e-05,-0.0013113238720000606,-0.04039300836832521,-0.001563402358442545,-5.017830773113019e-08,-4.596503761314001e-05,-1.8974547360125442,-0.026145819460819796
411,0.9861917782796985,0.4807396009535842,0.9999999565489457,-2.1443915618173997e-05,-0.0013217591319294854,-0.040414819063027074,-0.0015686257975175977,-4.9218570552511665e-08,-4.5304223193781753e-05,-1.8982972913479406,-0.025464909988885495
412,0.9849942842558459,0.4810735198975596,0.99999995447624,-2.0658166237381253e-05,-0.0013317228843247064,-0.04043599977981583,-0.0015735110500827432,-4.83697135678085e-08,-4.464418381800663e-05,-1.8991268690981107,-0.024794104063564724
413,0.9837590428849698,0.4814137421508553,0.999999952535191,-1.988405286642338e-05,-0.0013412350615863188,-0.04045673761058328,-0.0015780397225171328,-4.745641390968558e-08,-4.3985949844238276e-05,-1.899943860351356,-0.02413371668474836
414,0.9824876579884384,0.48175922188822806,0.9999999507247859,-1.9121650111371063e-05,-0.0013503164719341433,-0.04047714624986178,-0.0015822038985788822,-4.656273944192435e-08,-4.333028995541338e-05,-1.9007486344458944,-0.023484047615583002
415,0.9811817127164012,0.48210899797710455,0.999999949042833,-1.8371069622792433e-05,-0.0013589823744042946,-0.040497311725735965,-0.0015860205749049783,-4.628796901329224e-08,-4.2677841165481044e-05,-1.9015415409896008,-0.02284538296146464
416,0.9798427652220034,0.48246220655531463,0.9999999474867414,-1.763244256564512e-05,-0.0013672481372407372,-0.040517340517525695,-0.001589465420693159,-4.6480508331114834e-08,-4.202921681527682e-05,-1.9023229111310813,-0.022217996055909923
417,0.9784723711448672,0.4828180549247744,0.9999999460539861,-1.6905908227265278e-05,-0.0013751268198394053,-0.040537308829786255,-0.0015925874467939138,-4.679616694147626e-08,-4.138488079750151e-05,-1.9030930586093815,-0.021602148253021078
418,0.9770720470166449,0.4831757619811561,0.9999999447423096,-1.619164506303038e-05,-0.0013826310224415177,-0.04055730342964914,-0.0015953837428241968,-4.747628779000479e-08,-4.074523148685865e-05,-1.9038522814978625,-0.020998089440616256
419,0.9756432882663466,0.4835346106312487,0.9999999435497072,-1.5489871354981428e-05,-0.001389771909699738,-0.0405773880584811,-0.0015978795709088445,-4.876006443055303e-08,-4.011060973356826e-05,-1.9046008634813463,-0.020406058485309256
420,0.974187548844965,0.48389397017280844,0.9999999424743693,-1.4800815655702636e-05,-0.0013965606674231478,-0.04059041917274733,-0.0016000693431124091,-5.006299375054368e-08,-3.9481269900855744e-05,-1.9053390752509203,-0.01982628354903015
421,0.9727083584880291,0.4842646175285306,0.9999999415145132,-1.4124219023005454e-05,-0.0014031397033053593,-0.04047282071591985,-0.0016022484051063657,-5.763676469427992e-08,-3.937587048208918e-05,-1.906062521583673,-0.019258543262711134
422,0.9712490302986547,0.484863351022635,0.9999999424597046,-1.3453666453652119e-05,-0.0014121582323555633,-0.04024692527656824,-0.0016092474106699228,-4.5540181758951803e-07,-4.004554314498151e-05,-1.906769386854489,-0.018702598569102405
423,0.9698112327842807,0.48568293965756043,0.9999999496063358,-1.2887408293521131e-05,-0.0014245463390409445,-0.03996401750293092,-0.001611204817891121,-2.705864517338341e-06,-4.08114998251016e-05,-1.9074545638630356,-0.018157834573635165
424,0.9684053865194393,0.4867202939763297,0.9999999636978104,-1.2572689249041133e-05,-0.0014368065862742285,-0.03974255043138721,-0.0016271645436063409,-9.05257820704719e-06,-3.190645400892978e-05,-1.9079955958016719,-0.01761895530117174
425,0.9670197378221292,0.4880496045221662,0.9999999868150298,-1.2673222358078824e-05,-0.0014466282336756196,-0.03975966689319787,-0.001656235777772963,-2.2851272660773247e-05,-5.7031077818670477e-05,-1.9086747102427475,-0.017097307736509575
426,0.9655397059094645,0.48941412947837176,0.9999999997156859,-1.3201936880638222e-05,-0.001451393997173705,-0.039985506412046484,-0.0017101019620895386,-3.516652577673085e-05,-4.989046335627831e-05,-1.9091531358439562,-0.016578529052680452
427,0.9639616161456379,0.49037544311778375,0.9999999931367474,-1.3915952809259126e-05,-0.0014483630841393973,-0.04019438620094916,-0.0018385843141004443,-2.9513001209124923e-05,-4.737109283391242e-05,-1.909752471332606,-0.016075385241212225
428,0.9623747963237703,0.4907448201796983,0.9999999672928794,-1.4654750390325698e-05,-0.0014473493397634842,-0.0400750478563108,-0.001956550870090723,-1.1445639756857418e-05,-8.618951586339211e-05,-1.9102663492579408,-0.015577750071224115
429,0.9609024572280214,0.49098716736920955,0.9999999061343254,-1.5618444884559454e-05,-0.0014580769476063228,-0.040726864948158525,-0.0019813217222690582,-9.450188372284174e-06,-5.454795454650904e-05,-1.9108235783997907,-0.015090099883882718
430,0.9592024486420827,0.49145250455475675,0.9999998057826438,-1.7092220659922106e-05,-0.0014647664804135745,-0.041318421518664265,-0.0020636236295104027,-3.7750920455437154e-05,-5.2503859523817865e-05,-1.911392542003463,-0.01461118351162677
431,0.9575433918159835,0.49123774585893937,0.9999996763775669,-1.8601147913165738e-05,-0.0014609310391418477,-0.04138206306437926,-0.0022260500118136406,-3.265517807449214e-05,-8.961183157568903e-05,-1.9118882180813008,-0.014137752692568848
432,0.9560312894297764,0.4905675580790768,0.9999994790244419,-2.0349991970231096e-05,-0.001467829642607771,-0.04247480775263259,-0.002195310778915882,-7.828051820979454e-06,-6.0602600699692963e-05,-1.9124250193273236,-0.013674618398221778
433,0.9542753417228034,0.49033948611032985,0.9999992228496813,-2.2776121643030735e-05,-0.0014678495720044393,-0.043260568126294856,-0.002292117103934288,-3.7936788430670276e-05,-5.9332258193054854e-05,-1.912974404280548,-0.013220985394555386
434,0.9526420099132759,0.48918135782672395,0.9999989308089324,-2.5301222125310692e-05,-0.0014582422392299859,-0.043874842929037594,-0.002350383438169956,-3.9001857658149675e-05,-4.345031344125734e-05,-1.9133983081533854,-0.012772991815691538
435,0.9511073096324336,0.48784987365382054,0.9999985239370862,-2.8431305291030983e-05,-0.0014474850962416296,-0.04550213919010643,-0.0021979855373501778,-1.1773112419177778e-05,-7.364092459151531e-05,-1.9139260003074399,-0.012340232557999454
436,0.949391719046731,0.4865668358460381,0.999998048766674,-3.2078430498909334e-05,-0.0014314349583154646,-0.04625038854063297,-0.0022999003995209932,-2.9004804673604667e-05,-0.00011148603805600718,-1.9143813538959564,-0.01191755225813372
437,0.94800215578828,0.483650115131847,0.9999974571182286,-3.5967818739598575e-05,-0.0014088366846016437,-0.04842660077020199,-0.002150129759684205,-6.342209235299379e-05,-7.720944458467502e-05,-1.9148888168611273,-0.011511120122840444
438,0.9463356787062902,0.48144591224145483,0.9999967767641844,-4.097456457276433e-05,-0.0013744890613669148,-0.049628598911118024,-0.002150391461327672,-3.204445238225162e-05,-0.00011197022811879274,-1.9153524844957976,-0.01111925836315123
439,0.9450816797952578,0.4768723743790057,0.9999959604247628,-4.6105883980353353e-05,-0.0013359916787780673,-0.052411222977461355,-0.0020243742037564516,-8.773232548264787e-05,-8.214700394237244e-05,-1.9158628923374856,-0.010746074612733294
440,0.9435406241312979,0.47331833955533426,0.9999950365667373,-5.26321379308476e-05,-0.0012859997786637384,-0.05422168797469573,-0.001961673842743039,-3.7151738069951534e-05,-0.00011468188362160684,-1.916334159958404,-0.0103904785824642
441,0.9424756844313303,0.4667001151630928,0.9999939453492098,-5.923909819429851e-05,-0.0012370813831560094,-0.057002234301203866,-0.0018759580561891198,-8.314579463331029e-05,-7.138894403552685e-05,-1.9167749600792963,-0.010053688334831869
442,0.941408627802435,0.46075648121969326,0.9999925991460858,-6.739436018821954e-05,-0.0011890086985679343,-0.06091054803329572,-0.0017575357342138886,-3.950297832489014e-05,-9.264275290461413e-05,-1.9172883536096077,-0.009737810913132658
443,0.9402610022106261,0.45564155890800817,0.9999911432158441,-7.698363041837612e-05,-0.0011310214857809264,-0.0645578748201011,-0.0017583678709343076,-3.1893487175693735e-05,-7.681945689384255e-05,-1.9177296425787198,-0.009441295394473068
444,0.9396512723253864,0.44784979631460103,0.999989426643064,-8.714637748379843e-05,-0.0010686711699972374,-0.06866036934333104,-0.0017248735530301929,-7.968442514538765e-05,-0.00015847364618810965,-1.9181570801392127,-0.009166078296380515
445,0.9395285642632991,0.43823585124949943,0.9999872426700694,-9.854582135703975e-05,-0.0010292127017673812,-0.0723343855069199,-0.0017621110891923308,-0.00015968779916875064,-0.0001368260197445361,-1.9186041381008085,-0.008914500883204193
446,0.9378473797143948,0.4394891456913969,0.9999846872970597,-0.00011531628379914456,-0.0009599036299306367,-0.06397124327889112,-0.0019433925626799464,-4.771331077790819e-05,-8.31649846808065e-05,-1.9190753037610468,-0.008661753221724888
447,0.9320886185554581,0.44429387419713706,0.9999840079408459,-0.00013920590249510127,-0.0008084264336198346,-0.06037031299420771,-0.002324966946616769,-0.0003413008525967598,-6.283250532697786e-05,-1.9198102580712346,-0.00840417159427205
448,0.9267597506225433,0.4432196515031226,0.9999855439700507,-0.0001497852047707218,-0.0007084651530279111,-0.05932563558504203,-0.002651209942996502,-0.0007422952330671251,-5.208268273984671e-05,-1.9206342569038726,-0.008136223928780021
449,0.9216318609632552,0.4381771475903614,0.9999883286375296,-0.00014899158881250901,-0.0006965246298951097,-0.05949725879114499,-0.003150245873257518,-0.00039291399298235774,-4.5810032731719845e-05,-1.9215254668196982,-0.007858772130739926
450,0.9168254598898213,0.43088689867849483,0.9999915249335128,-0.00014018262854295887,-0.0007235243795806366,-0.0600468119567845,-0.003695089602842927,-0.00018800403631757945,-4.207565530988543e-05,-1.922458653636439,-0.007576208161249645
451,0.9123800446177719,0.42297199237672733,0.9999945337536916,-0.00012644650099746007,-0.0007502522879695772,-0.060627118043456496,-0.003966046497225761,-0.0001056649416568689,-3.951518144990043e-05,-1.9234162201979936,-0.007293395526251705
452,0.9082338721532311,0.4152605439443699,0.9999969896776888,-0.00010977448123523714,-0.0007942254125382697,-0.06110722761833379,-0.003938210196793079,-0.00016052361752372235,-3.719476300596247e-05,-1.9243875410982723,-0.007011836291787355
453,0.9043822943149677,0.40799165618032673,0.9999987207024156,-9.18384101924748e-05,-0.0008679784070248773,-0.06141687508934969,-0.0038438523188233376,-0.00011501597327878699,-3.500704370703552e-05,-1.9253650223592278,-0.006732434920783977
454,0.9008292952024349,0.40160745866120295,0.9999997007466087,-7.42413605769868e-05,-0.0009651163740824518,-0.06155226977197174,-0.003683437593281269,-9.648134437156841e-05,-3.3319728853793695e-05,-1.926342425316187,-0.0064573157062272155
455,0.8975805587983006,0.39639667425849984,0.9999999999936613,-5.803628496690695e-05,-0.001078253477772495,-0.06151821562548808,-0.003490522736683488,-6.659096106886864e-05,-3.186729201407644e-05,-1.927314775819005,-0.006189765147047937
456,0.8946290397003691,0.3925189229391543,0.9999997418139187,-4.385755295342503e-05,-0.0011969046505548332,-0.0613369810395949,-0.0032988658640533686,-4.6358098188648e-05,-3.048984621579719e-05,-1.928278110968983,-0.005933615487502043
457,0.8919557849171045,0.3903013642765789,0.9999990703622136,-3.195701455972554e-05,-0.0013141575150211748,-0.06104024081627099,-0.0031190516892820597,-3.106408257735893e-05,-2.913106749880315e-05,-1.92922981078393,-0.005692670021891145
458,0.8895294936332014,0.38964603395766567,0.9999981284019005,-2.2382165599028336e-05,-0.001423580268563948,-0.060653677637478226,-0.002927725436165929,-4.226671808282845e-05,-2.767654878220438e-05,-1.9301685558266677,-0.005470255673651219
459,0.8873323256839819,0.39048788155490527,0.999997044679246,-1.4829743250807042e-05,-0.001528813905189823,-0.06015773156799736,-0.002798470901325345,-1.092493585019838e-05,-2.616950456641869e-05,-1.9310939372819633,-0.005269216963756665
460,0.8853106081633532,0.39253455701461165,0.9999959262581606,-9.220208265463767e-06,-0.0016188714759748026,-0.05962066899343375,-0.002719596493989229,-1.1621841622400098e-05,-2.460994350644247e-05,-1.9320055930901203,-0.005091722421963063
461,0.883435439716224,0.39568158193213016,0.9999948559734831,-5.198710746648417e-06,-0.0017042667502489277,-0.05903610784792213,-0.002579189371317625,-1.3738546840613708e-05,-2.30240635244323e-05,-1.9329034781918808,-0.0049395289611899665
462,0.8817105244842769,0.3996416395699617,0.9999938936396289,-2.53197163042733e-06,-0.001771300205963582,-0.05842966293480947,-0.0024856755044311285,-4.178167273494182e-06,-2.1424050327796296e-05,-1.933787633194889,-0.0048140024251231124
463,0.8801004710357105,0.4043050194987012,0.9999930775735507,-9.303136899988189e-07,-0.0018275252210090997,-0.057813518294532025,-0.0024018625263124704,-3.059298251173459e-06,-1.9832715150943763e-05,-1.93465830264592,-0.0047159010420182255
464,0.8785895285031063,0.40950661545122563,0.9999924289401824,-1.5823233279315755e-07,-0.001873616717990895,-0.0571972153506224,-0.002329312264919281,-2.197039748352836e-06,-1.8270663908148505e-05,-1.9355157725416392,-0.004645622903384903
465,0.8771642468156041,0.41509935487663185,0.9999919547993207,-1.2563059852555248e-08,-0.001910580139840525,-0.05658777909656275,-0.0022645245771855116,-1.7235695395356743e-06,-1.675618995417973e-05,-1.936360338961179,-0.004603274638548401
466,0.8758145468452471,0.4209455852662253,0.9999916515035425,-3.2334168197796057e-07,-0.0019392268468049147,-0.05599027178814252,-0.0022072040010243654,-1.3668671954292222e-06,-1.5303825884621944e-05,-1.9371922837267546,-0.0045887346382338726
467,0.8745322879210149,0.4269241997628011,0.9999915077643673,-9.520174943074732e-07,-0.001960413057148283,-0.05540816605248431,-0.0021558585576713085,-1.1251155456193374e-06,-1.3924608181802585e-05,-1.9380118630555376,-0.0046017009634302854
468,0.8733113184893985,0.4329278263485757,0.9999915072769389,-1.788349300603102e-06,-0.001974900448291577,-0.054843653149738804,-0.002109602326527238,-9.39657866183552e-07,-1.2626273610092202e-05,-1.9388193011984507,-0.004641733972936529
469,0.8721469473637238,0.43886416558640795,0.9999916308726594,-2.7469647794930214e-06,-0.0019834275600430686,-0.054297841089524325,-0.002067956840619445,-7.901858793957217e-07,-1.1413383053376572e-05,-1.9396147887972401,-0.004708290302183738
470,0.8710354802695452,0.44465520072481846,0.9999918581986141,-3.763125218045715e-06,-0.0019866271844530344,-0.05377135307828811,-0.0020304203499108553,-6.549970521518844e-07,-1.0287938054665705e-05,-1.9403984831263075,-0.004800750728052222
471,0.8699742592422887,0.45023452633025823,0.9999921689833188,-4.789638992541685e-06,-0.0019851596009923997,-0.0532649372966326,-0.001996296225115657,-5.486887175720767e-07,-9.243101559041273e-06,-1.9411704543925243,-0.00491842197843418
472,0.8689665265717491,0.45551966584992665,0.999992543836684,-5.792782869241237e-06,-0.001979512434158164,-0.05277805987487303,-0.00196544686332345,-4.4815203636972e-07,-8.285155795377146e-06,-1.9419306900519449,-0.005060563633251594
473,0.8680105989417403,0.4604839735050395,0.9999929648869839,-6.750650890640162e-06,-0.00197024463378834,-0.05230961409357971,-0.0019375807605683804,-3.6062641584067023e-07,-7.4088395398363236e-06,-1.9426791348345285,-0.005226415739245032
474,0.8671036097555523,0.4651100479031268,0.9999934163398455,-7.65011342532292e-06,-0.0019578899992426188,-0.05185861921052405,-0.0019123548408970237,-2.8947269470336323e-07,-6.609890785227162e-06,-1.9434157785192874,-0.005415228922875935
475,0.8662435113015917,0.4693901952925638,0.9999938845911794,-8.484340562204906e-06,-0.0019429263973169113,-0.051423633439544834,-0.0018894855165854096,-2.3290742490189587e-07,-5.883608562627586e-06,-1.9441406024500147,-0.005626261486734144
476,0.8654307018093952,0.4733241038748081,0.9999943582205781,-9.251221200489723e-06,-0.0019257761360523553,-0.05100265584901561,-0.0018687447300180793,-1.8839722315533436e-07,-5.2250026104834965e-06,-1.9448535313207271,-0.005858777438626262
477,0.8646684175276024,0.47691726054817696,0.9999948279839391,-9.951919786302158e-06,-0.001906821688089596,-0.050594451604128926,-0.0018499288707971573,-1.5455719903911813e-07,-4.628704746696961e-06,-1.9455544228125667,-0.006112046966817457
478,0.8639580393846685,0.4801776321013878,0.9999952865910781,-1.0589347628452364e-05,-0.0018863897235360915,-0.0501983184291177,-0.001832774723879993,-1.2941804072852392e-07,-4.089344086202974e-06,-1.9462431059812424,-0.00638535252026872
479,0.8632991423479827,0.48311588984251597,0.9999957283911487,-1.1167630245025158e-05,-0.0018647540857600988,-0.0498138415283858,-0.0018170932307839394,-1.1019427859082498e-07,-3.601893424642214e-06,-1.9469194213323768,-0.006677994105092233
480,0.8626901456366896,0.4857452766591301,0.9999961491278506,-1.1691797804425762e-05,-0.0018421542998537928,-0.049440742241033245,-0.0018027618061751127,-9.553929913863612e-08,-3.1617565463126323e-06,-1.9475832400225066,-0.006989293769805008
481,0.8621288867692941,0.48808123903071066,0.9999965457408101,-1.2167532277976346e-05,-0.0018188046988087045,-0.049078777643673646,-0.0017895944183692336,-8.484589386625885e-08,-2.764787584790141e-06,-1.9482344709838477,-0.0073185986767826585
482,0.8616130007431222,0.49014077283215285,0.9999969161963277,-1.2600889059571988e-05,-0.001794895709647111,-0.04872768823544624,-0.0017775526503100991,-7.733180495961278e-08,-2.4072653152742196e-06,-1.9488730624200579,-0.007665283593588398
483,0.8611400916825607,0.4919420223474253,0.9999972593368783,-1.2998112441308726e-05,-0.001770599976505748,-0.048387166793301656,-0.0017664888873696327,-7.336886653774854e-08,-2.0858691956473805e-06,-1.949498999992259,-0.008028752439529063
484,0.8607078994201709,0.49350377312845545,0.9999975747431215,-1.3365419989443092e-05,-0.001746067757368349,-0.04805686330459507,-0.0017563155852258205,-7.253900236037225e-08,-1.797622335528987e-06,-1.9501123030437488,-0.008408438919429929
485,0.8603143478833551,0.4948451108142384,0.999997862604989,-1.370883095499439e-05,-0.0017214303272209083,-0.04773637375148739,-0.0017469675512984395,-7.383223987744714e-08,-1.5398440655825869e-06,-1.9507130201453187,-0.008803806946824835
486,0.8599575475187275,0.4959850330620667,0.9999981236019934,-1.4034059734134732e-05,-0.0016968050030265094,-0.047425271175288095,-0.0017383313970640302,-7.717800087903015e-08,-1.3100919488086257e-06,-1.9513012246307864,-0.009214350066246041
487,0.8596358177299209,0.4969421548068526,0.9999983587936734,-1.4346424047314553e-05,-0.0016722863387685083,-0.0471231360274683,-0.0017303447239100933,-8.20821099978275e-08,-1.1060970220795568e-06,-1.9518770118304254,-0.009639590312948518
488,0.8593475837900802,0.49773448254138974,0.9999985695195032,-1.4650780395344741e-05,-0.0016479541278111485,-0.04682951522571189,-0.0017229554941877723,-8.762059167111147e-08,-9.257862356633652e-07,-1.9524404950152343,-0.010079076929089737
489,0.8590914734531309,0.4983792394059624,0.999998757312666,-1.4951534253478638e-05,-0.001623874639096564,-0.04654393275636827,-0.0017160790739580989,-9.381478349723693e-08,-7.672504257902804e-07,-1.9529918016662138,-0.010532384696301952
490,0.8588663408155398,0.49889274759585334,0.9999989238281666,-1.5252579525258791e-05,-0.001600100804177727,-0.046265882466959715,-0.0017096542287617922,-1.0004601591617757e-07,-6.287475491305174e-07,-1.9535310687661338,-0.010999112214806666
491,0.8586712118379258,0.4992903039415372,0.9999990707814025,-1.5557484035729203e-05,-0.0015766786984563257,-0.04599488052999397,-0.0017037700163200498,-9.972399794833109e-08,-5.084653235699256e-07,-1.9540584400080097,-0.011478878208239195
492,0.8585050930941804,0.49958610030109546,0.9999991998956754,-1.586874008973752e-05,-0.0015536144057314847,-0.045730682504249436,-0.0016980604268610477,-1.1699403046350199e-07,-4.048230604172669e-07,-1.9545740642622869,-0.011971320647596193
493,0.858367320430697,0.4997932611884018,0.9999993128643119,-1.6189225528518163e-05,-0.0015309539862429149,-0.04547276308015836,-0.001692483900114894,-1.2077686051270575e-07,-3.16411749918414e-07,-1.955078094350707,-0.012476096185963327
494,0.8582572684796266,0.4999237692279771,0.9999994113203085,-1.6521261975165075e-05,-0.0015086990850343874,-0.04522067693057906,-0.00168752355966717,-1.1326753934781664e-07,-2.417529095511618e-07,-1.9555706861569033,-0.012992876842101011
495,0.8581739731360606,0.4999885026221229,0.9999994968104416,-1.6866356206336682e-05,-0.001486872560214076,-0.04497417745698782,-0.0016828038496896625,-1.2213840250296926e-07,-1.79525967539269e-07,-1.956051998300719,-0.013521350197512466
496,0.8581168175185468,0.49999726608127254,0.9999995707822198,-1.7226150770055607e-05,-0.001465493243625684,-0.04473286843179804,-0.001678126398473978,-1.2219878442465415e-07,-1.2851144417961768e-07,-1.9565221910174218,-0.014061214520832558
497,0.8580852882369853,0.49995887760960867,0.9999996345746998,-1.760153030928051e-05,-0.0014445091577059402,-0.04449650098513432,-0.001673687482252717,-1.237694959854707e-07,-8.757444291433411e-08,-1.956981425972735,-0.014612177235561118
498,0.8580786992897222,0.49988120832930705,0.9999996894143047,-1.7993573676883665e-05,-0.0014239410878672107,-0.04426480487603954,-0.0016694050282239914,-1.2358808021417644e-07,-5.567665054834084e-08,-1.9574298664661285,-0.01517395703936125
499,0.8580964385401334,0.4997712481651668,0.9999997364156904,-1.840299712224335e-05,-0.0014037810353115475,-0.04403754024230693,-0.0016652594786137342,-1.2336317922745366e-07,-3.18686933162404e-08,-1.957867676989399,-0.01574628131169007
500,0.8581379065094543,0.4996351717779899,0.9999997765836396,-1.8830327875192197e-05,-0.0013840208403478108,-0.04381448681103729,-0.0016612298786640167,-1.2233739710154623e-07,-1.528609031975777e-08,-1.9582950230747753,-0.016328885135357164
501,0.8582025190792908,0.4994784066452334,0.9999998108177278,-1.9275942235267614e-05,-0.0013646493375665245,-0.04359544381953972,-0.0016573210014030337,-1.2101170909772918e-07,-5.144577693794693e-09,-1.958712070965878,-0.016921510555610867
502,0.8582897021619749,0.4993057039954215,0.9999998399183878,-1.974008234563721e-05,-0.001345657266286325,-0.043380225812318256,-0.0016535194590687752,-1.1917419584506206e-07,-7.340481182044556e-10,-1.9591189874982373,-0.017523906092243528
503,0.8583988837213633,0.4991212031998988,0.9999998645938472,-2.0222887077398395e-05,-0.0013270329939111959,-0.0431686579989937,-0.0016497778706252575,-1.1717069270389402e-07,-1.4136647744229236e-09,-1.9595159399309363,-0.018135825922283966
504,0.8585295110029698,0.49892849152833035,0.999999885467485,-2.072438307718896e-05,-0.0013087645541521673,-0.04296058835594845,-0.0016461143968626857,-1.1540800670672979e-07,-6.605922468403424e-09,-1.9599030956910708,-0.018757029433185003
505,0.8586810432131667,0.4987306594971197,0.9999999030853075,-2.1244513544349015e-05,-0.0012908406185377535,-0.042755866088605474,-0.0016425366047769785,-1.1285762013812928e-07,-1.5791349232996395e-08,-1.960280622341207,-0.019387281016229087
506,0.8588529378752516,0.4985303539760119,0.999999917923362,-2.1783142075681154e-05,-0.0012732502233558738,-0.0425543540836467,-0.0016390203963965178,-1.1087676909937727e-07,-2.8509774883740046e-08,-1.9606486873421767,-0.02002634979762769
507,0.8590446865937376,0.4983298308824711,0.9999999303949394,-2.2340117174261372e-05,-0.0012559830331722777,-0.04235591839276868,-0.0016355803236365318,-1.0720727061652724e-07,-4.432669804031195e-08,-1.961007457839472,-0.02067400871064386
508,0.8592557540037038,0.49813101338560845,0.9999999408573221,-2.2915094984531843e-05,-0.001239023546221466,-0.04216046494613346,-0.0016321709845215082,-1.069358575023216e-07,-6.287504692064857e-08,-1.9613571005385813,-0.021330034917267912
509,0.8594856672913054,0.49793550057072883,0.9999999496182838,-2.3507919212804527e-05,-0.001222368013540374,-0.04196785988741399,-0.0016287969192489982,-1.0362754210291314e-07,-8.381699553796075e-08,-1.96169778157729,-0.021994209551701723
510,0.8597339444973509,0.49774462490580507,0.9999999569418901,-2.4118193552013435e-05,-0.0012059998471008802,-0.04177800725448429,-0.001625519129447639,-1.0109128112389953e-07,-1.0684997630892953e-07,-1.9620296664350598,-0.022666317682539502
511,0.8600000831707321,0.4975594749608493,0.9999999630537945,-2.4745625859463272e-05,-0.001189918531572964,-0.0415908015123689,-0.001622288953512907,-9.907589060276223e-08,-1.3170163292025218e-07,-1.9623529197593959,-0.02334614879109679
512,0.8602836338913055,0.49738095035409735,0.9999999681461782,-2.53898153217436e-05,-0.0011741120461690358,-0.04140614471166442,-0.0016190954484045506,-9.678851142780331e-08,-1.581277173301871e-07,-1.962667705173847,-0.024033495593422965
513,0.8605841488904852,0.49720976807322464,0.9999999723820643,-2.6050358348097618e-05,-0.0011585714319841455,-0.041223944524536246,-0.0016159600345417857,-9.460936922778274e-08,-1.859085022648837e-07,-1.9629741851871796,-0.024728154306514913
514,0.8609011924181608,0.49704647774761546,0.9999999758992723,-2.6726849491911982e-05,-0.0011432890251523613,-0.041044108353240794,-0.0016128644347190857,-9.226395292216694e-08,-2.1484640865850757e-07,-1.9632725210744089,-0.025429924671371198
515,0.8612343382207641,0.49689150819928724,0.999999978813887,-2.7418847422970247e-05,-0.0011282569305692818,-0.04086655249996741,-0.0016098209889605641,-9.045127313811463e-08,-2.4476360322715737e-07,-1.9635628727908139,-0.026138609992571917
516,0.8615831727967298,0.49674516016211684,0.999999981223312,-2.8125897607005233e-05,-0.0011134691051594438,-0.040691197911691165,-0.0016068321419879794,-8.809384866026448e-08,-2.7550013927331517e-07,-1.9638453989071494,-0.026854017143736815
517,0.8619472966639508,0.4966076349535446,0.9999999832090032,-2.8847570649546056e-05,-0.001098919180623188,-0.0405179625662507,-0.0016038950998336077,-8.641614357429717e-08,-3.069109604153819e-07,-1.964120256506288,-0.02757595655276647
518,0.8623263177203001,0.4964790552339216,0.999999984838828,-2.9583390717738648e-05,-0.0010846013279269715,-0.04034677095554633,-0.0016010032268241048,-8.441398335889971e-08,-3.3886531935680927e-07,-1.9643876010619676,-0.028304242395504175
519,0.8627198534543062,0.4963594618935762,0.9999999861691236,-3.0332917209057756e-05,-0.0010705110542291148,-0.040177549695020354,-0.0015981639735400677,-8.283839747491584e-08,-3.7124499920965115e-07,-1.964647586371945,-0.029038692477255157
520,0.8631275392449164,0.4962488413852129,0.9999999872464793,-3.1095655540370305e-05,-0.0010566428072533382,-0.04001022919074011,-0.0015953778056427836,-8.076241186927291e-08,-4.039434288306869e-07,-1.964900364541369,-0.02977912808143921
521,0.8635490177460717,0.49614711592240673,0.9999999881092788,-3.187114844897922e-05,-0.0010429916078773533,-0.03984473630170864,-0.0015926480991765857,-7.886849573424115e-08,-4.368633254830572e-07,-1.965146085925757,-0.03052537410449906
522,0.8639839336674872,0.49605417947967184,0.999999988789044,-3.265892196343511e-05,-0.0010295534325076574,-0.03968100706633601,-0.0015899698482826352,-7.737050111700228e-08,-4.6991667735819274e-07,-1.9653848990497662,-0.03127725920215886
523,0.8644319492689923,0.49596987954692817,0.9999999893115695,-3.345851000582384e-05,-0.0010163244488839026,-0.039518976707042804,-0.0015873430529609323,-7.570459104044858e-08,-5.030231191376881e-07,-1.965616950536154,-0.03203461564183739
524,0.8648927380167856,0.4958940302046774,0.9999999896979048,-3.426945026130067e-05,-0.0010033002377255141,-0.03935858532114785,-0.0015847714385017753,-7.400932844348063e-08,-5.361111594721456e-07,-1.965842385140019,-0.03279727923405792
525,0.865365976911991,0.4958264258076997,0.9999999899651775,-3.509127579056573e-05,-0.0009904772428002268,-0.039199774447669304,-0.001582266646437347,-7.255551537355132e-08,-5.691144623406363e-07,-1.9660613457693608,-0.03356508959923265
526,0.8658513501794727,0.4957668379659489,0.9999999901272911,-3.592352677221818e-05,-0.0009778528981939398,-0.039042482865271476,-0.0015798034146428108,-7.100624088707264e-08,-6.019719706702014e-07,-1.9662739733087695,-0.03433789008612968
527,0.8663485529859489,0.4957150337439857,0.9999999901955174,-3.67657472861089e-05,-0.0009654234151820527,-0.03888666168074822,-0.0015774169005453587,-6.942516961316869e-08,-6.346302838569363e-07,-1.9664804066715058,-0.03511552770280445
528,0.8668572895912298,0.49567074922168824,0.9999999901790005,-3.761750326158011e-05,-0.0009531863236057525,-0.0387322539631833,-0.001575071015395224,-6.803507091035499e-08,-6.670388852573904e-07,-1.9666807828066775,-0.03589785322635764
529,0.8673772647311218,0.4956337224220818,0.9999999900851733,-3.8478359057789394e-05,-0.0009411389757160978,-0.03857921152590275,-0.0015727926511317492,-6.667873009291725e-08,-6.991527769091817e-07,-1.9668752366265505,-0.036684721091964335
530,0.8679082008052265,0.49560368362764023,0.9999999899200911,-3.9347875247808665e-05,-0.0009292781226217497,-0.03842748584212448,-0.0015705759869888425,-6.523569595628942e-08,-7.309307542949587e-07,-1.9670639010449227,-0.0374759892689793
531,0.86844982373227,0.4955803579508378,0.9999999896887125,-4.022562094292236e-05,-0.0009176006534451463,-0.038277029800968865,-0.0015684118261560798,-6.398926188921905e-08,-7.623361160308286e-07,-1.9672469069873804,-0.0382715195566742
532,0.8690018518996614,0.4955634744141325,0.9999999893951372,-4.111119486876264e-05,-0.0009061057255657616,-0.03812779969724804,-0.0015663206577301025,-6.260273011093886e-08,-7.933341983540543e-07,-1.9674243833690082,-0.03907117755254623
533,0.8695640278482039,0.49555275375026164,0.9999999890427979,-4.200418758769138e-05,-0.0008947900093982814,-0.037979752250544264,-0.0015642739599570632,-6.150209230781911e-08,-8.238945292051848e-07,-1.9675964570710307,-0.03987483231584096
534,0.8701360912862385,0.4955479184857084,0.9999999886346101,-4.290420601269807e-05,-0.0008836510769140782,-0.03783284772766524,-0.0015622948994860053,-6.010289865798768e-08,-8.539894077679535e-07,-1.9677632529869546,-0.040682356637105024
535,0.8707177855906489,0.4955487019570825,0.9999999881730969,-4.3810870857653645e-05,-0.0008726874098395656,-0.03768704636970978,-0.0015603861538693309,-5.8894364940442756e-08,-8.835937735744232e-07,-1.9679248940286322,-0.041493626921687225
536,0.8713088638023627,0.4955548333179858,0.9999999876604798,-4.472379873586038e-05,-0.0008618961452500554,-0.0375423156762183,-0.00155853689648211,-5.782260714681797e-08,-9.12684713152367e-07,-1.9680815011125,-0.042308523073972884
537,0.8719090864554652,0.4955660383356975,0.9999999870987598,-4.5642637984677384e-05,-0.0008512754745827637,-0.03739861889186662,-0.0015567352529615164,-5.669230063176656e-08,-9.412418337251902e-07,-1.9682331931321049,-0.043126928474755695
538,0.8725182145524324,0.495582066729875,0.9999999864897817,-4.656703955948093e-05,-0.000840822869303817,-0.03725592045091158,-0.0015550173120573163,-5.543054371059952e-08,-9.692473156452879e-07,-1.9683800870154933,-0.04394873004961972
539,0.8731360074319602,0.4956026576580506,0.9999999858352674,-4.7496656074186996e-05,-0.0008305368157291782,-0.03711419111345542,-0.0015533502446487546,-5.440776718046436e-08,-9.966853035773206e-07,-1.9685222977629406,-0.044773818274023915
540,0.8737622369392362,0.4956275654039623,0.9999999851368556,-4.843117485309715e-05,-0.0008204151510610922,-0.03697340288465155,-0.0015517481369897723,-5.352405452185849e-08,-1.0235414287233724e-06,-1.9686599384283543,-0.04560208687117377
541,0.874396682146846,0.49565654540773596,0.9999999843961238,-4.937026156395791e-05,-0.0008104553569496639,-0.03683352544994015,-0.0015502177411690354,-5.2331657229842676e-08,-1.0498027197574729e-06,-1.9687931201170166,-0.04643343303452872
542,0.8750391153642482,0.49568935968194877,0.9999999836145943,-5.031361306663519e-05,-0.0008006560431209314,-0.036694535979644526,-0.0015487297205254436,-5.144300274650959e-08,-1.0754593116876207e-06,-1.9689219520235133,-0.04726775738276308
543,0.8756893201306869,0.4957257758985718,0.999999982793765,-5.1260953633020004e-05,-0.0007910152231071399,-0.03655640432112912,-0.0015473270323127508,-5.057891883097909e-08,-1.1005011014540191e-06,-1.969046541444762,-0.0481049638546053
544,0.876347075356632,0.495765581116751,0.9999999819351025,-5.2211979819691113e-05,-0.0007815310589626321,-0.036419111665067616,-0.0015459733549505472,-4.95814020951002e-08,-1.1249208978641213e-06,-1.969166993777401,-0.04894495946040142
545,0.877012178047637,0.4958085523042615,0.9999999810400415,-5.3166428067686745e-05,-0.0007722006909405026,-0.03628263788884318,-0.0015446825418621302,-4.869590952694125e-08,-1.1487132100557966e-06,-1.9692834126045704,-0.04978765404890773
546,0.8776844211507465,0.49585447639831187,0.99999998011,-5.412403707176527e-05,-0.0007630219635727728,-0.036146960868320886,-0.0015434605302289128,-4.7800917002405185e-08,-1.171872158298724e-06,-1.9693958996934358,-0.05063296047548325
547,0.878363597688518,0.4959031555627165,0.9999999791463695,-5.5084554573876225e-05,-0.0007539927218564628,-0.03601206223046255,-0.0015423039440065622,-4.694783939385161e-08,-1.1943938851715296e-06,-1.9695045549599877,-0.051480794892953506
548,0.8790494985369779,0.4959543958073372,0.9999999781505178,-5.604775285449974e-05,-0.0007451122105899953,-0.03587792314142703,-0.0015411993954330683,-4.621940163929139e-08,-1.2162755864072575e-06,-1.9696094765132406,-0.052331076375157784
549,0.8797419290759636,0.4960080040724833,0.9999999771237845,-5.7013393050683036e-05,-0.000736377025327043,-0.035744529811068924,-0.0015401591081172228,-4.543614906538096e-08,-1.2375159049193453e-06,-1.9697107606791502,-0.05318372661878912
550,0.8804406927427317,0.49606379993380795,0.999999976067471,-5.798125222537475e-05,-0.0007277855254715735,-0.03561186717273241,-0.0015391798224300146,-4.4741135241110896e-08,-1.2581143984708485e-06,-1.9698085020339147,-0.0540386703663706
551,0.8811455919418137,0.4961216104419693,0.9999999749828479,-5.895113270482839e-05,-0.000719336056802373,-0.035479925986852685,-0.001538262004032731,-4.3913040315146645e-08,-1.2780723613594673e-06,-1.9699027934465918,-0.05489583501171343
552,0.8818564404177016,0.49618125852227646,0.9999999738711617,-5.992284167821101e-05,-0.000711026075152293,-0.03534869040781815,-0.001537407049909234,-4.327013769511723e-08,-1.2973900756327518e-06,-1.9699937260638656,-0.0557551505873016
553,0.8825730427172594,0.49624259112570984,0.9999999727336173,-6.089617624939731e-05,-0.0007028539445714704,-0.035218148132773935,-0.0015366064617410302,-4.2651510767655054e-08,-1.3160699739681936e-06,-1.9700813892986684,-0.05661654958607317
554,0.8832952136468478,0.4963054481660232,0.9999999715713686,-6.187095113180276e-05,-0.0006948166387029012,-0.035088292743516936,-0.00153586664237082,-4.1869107292313856e-08,-1.334116390684136e-06,-1.9701658709256549,-0.05747996687577795
555,0.88402276634453,0.4963696748789797,0.999999970385538,-6.284701142771753e-05,-0.0006869128169003147,-0.0349591162064963,-0.0015351928304880857,-4.1316759791243385e-08,-1.3515326170478397e-06,-1.9702472571027716,-0.05834534000457009
556,0.8847555179090029,0.49643512854229377,0.9999999691772191,-6.382419370033514e-05,-0.0006791404932654639,-0.03483060822862571,-0.001534567680209875,-4.079131343814879e-08,-1.3683229285028945e-06,-1.9703256323239533,-0.05921260888174511
557,0.8854932836825397,0.4965016768401068,0.9999999679474584,-6.480233264632976e-05,-0.0006714974561261653,-0.03470276786457455,-0.0015340050449594855,-4.004789744271875e-08,-1.3844938185480173e-06,-1.9704010794875768,-0.06008171556879478
558,0.8862358905296686,0.49656917598204675,0.999999966697264,-6.578129006039114e-05,-0.0006639814693020068,-0.03457558252070346,-0.0015334917698055506,-3.9577656707479036e-08,-1.4000504790477557e-06,-1.9704736799230262,-0.06095260439185346
559,0.8869831495207808,0.49663750669347567,0.9999999654276077,-6.6760920400941e-05,-0.0006565908279937653,-0.03444905141137653,-0.0015330511378124356,-3.897363853866409e-08,-1.4149998577652864e-06,-1.9705435133816924,-0.06182522190118869
560,0.8877348899519546,0.49670654388823626,0.9999999641394187,-6.774108950961653e-05,-0.0006493232750991648,-0.034323170166021454,-0.001532654045149684,-3.857525143757812e-08,-1.4293495433612511e-06,-1.9706106580969451,-0.0626995166627424
561,0.8884909354732557,0.49677617289536613,0.999999962833593,-6.872167230651814e-05,-0.000642176747649803,-0.03419793915475522,-0.0015323195839300752,-3.788271740745586e-08,-1.4431073281996136e-06,-1.9706751907844702,-0.06357543919486863
562,0.8892511153508894,0.49684627680382903,0.9999999615109993,-6.970255375328181e-05,-0.0006351492672326818,-0.03407335570556669,-0.001532034482806921,-3.755409139216681e-08,-1.45628136440345e-06,-1.9707371866464212,-0.06445294187607802
563,0.8900152591798521,0.49691674877778563,0.9999999601724725,-7.068360690826585e-05,-0.0006282385281275268,-0.03394944076403614,-0.001531801768578589,-3.698793449302684e-08,-1.4688819162037907e-06,-1.9707967193981124,-0.06533197888366744
564,0.890783222703919,0.4969874976334051,0.9999999588188266,-7.166473276133243e-05,-0.0006214426421135523,-0.03382616842649054,-0.0015316203935071826,-3.6541308645610115e-08,-1.4809179119374833e-06,-1.9708538613099091,-0.06621250615989559
565,0.8915548045788626,0.4970584211433556,0.9999999574508552,-7.264582470537862e-05,-0.0006147595494189607,-0.0337035439155105,-0.0015314999036490917,-3.596803210825783e-08,-1.492399772392388e-06,-1.970908683268544,-0.0670944813717715
566,0.89232984122243,0.497129418156101,0.9999999560693251,-7.362679382631243e-05,-0.0006081874010033679,-0.033581564208461256,-0.0015314178308472037,-3.5816043464365066e-08,-1.5033364394035113e-06,-1.9709612547363322,-0.06797786373509775
567,0.8931081636440457,0.4972004096056576,0.9999999546749775,-7.460752682847016e-05,-0.000601723867356257,-0.03346022968735381,-0.0015313879121094942,-3.524148795008841e-08,-1.5137388771132863e-06,-1.9710116437538183,-0.0688626140850653
568,0.8938896016878415,0.49727130990821844,0.9999999532685249,-7.558794152337529e-05,-0.0005953674572558525,-0.033339569002401426,-0.0015314207412302494,-3.492271716254436e-08,-1.5236189299508653e-06,-1.9710599169965821,-0.0697486948101597
569,0.894674028014276,0.49734203745754835,0.9999999518506737,-7.656794144728198e-05,-0.0005891158334868678,-0.033219561243175315,-0.0015314994379878044,-3.4435245765962463e-08,-1.5329879811353083e-06,-1.9711061398174519,-0.07063606975789256
570,0.8954612452206812,0.49741251149893156,0.9999999504221243,-7.754746030967709e-05,-0.0005829675744658253,-0.03310020943196442,-0.0015316200442612171,-3.4022090034113717e-08,-1.5418571194112948e-06,-1.9711503762612494,-0.07152470391512444
571,0.8962510962978535,0.49748266790926093,0.9999999489835709,-7.852641898793927e-05,-0.0005769198251356401,-0.03298151811624282,-0.0015317886136472225,-3.3814465894010937e-08,-1.5502378569080925e-06,-1.9711926890470517,-0.07241456352713607
572,0.8970434175417751,0.49755242985114384,0.9999999475356959,-7.950473376183173e-05,-0.0005709715032031836,-0.03286349196554926,-0.0015320128295570612,-3.325452979652255e-08,-1.5581429841869288e-06,-1.9712331396361695,-0.07330561644242536
573,0.8978380483592943,0.4976217305378999,0.9999999460791752,-8.048234216888221e-05,-0.000565120926072834,-0.03274615630739425,-0.0015322702238336205,-3.306970697281031e-08,-1.5655842971673066e-06,-1.9712717882003201,-0.07419783138210999
574,0.8986348622091693,0.4976905209127028,0.999999944614691,-8.145915773964319e-05,-0.0005593653038169856,-0.03262949322535551,-0.0015325818676501513,-3.276466742363482e-08,-1.5725746004831924e-06,-1.9713086936382582,-0.0750911781682766
575,0.8994336676331717,0.49775873615637806,0.9999999431429207,-8.243512293287301e-05,-0.0005537037223871094,-0.03251351368205034,-0.0015329321613535285,-3.22392423868223e-08,-1.5791271334397938e-06,-1.971343913683958,-0.07598562767149478
576,0.9002343193281478,0.4978263160358545,0.9999999416645502,-8.341018165616841e-05,-0.0005481335550334798,-0.03239821956074951,-0.0015333238989114761,-3.1997004157346964e-08,-1.5852536938949108e-06,-1.97137750485735,-0.07688115174286662
577,0.9010366520841258,0.4978932125674149,0.9999999401802825,-8.438427646300705e-05,-0.0005426539441064292,-0.03228361655821068,-0.0015337589429691434,-3.173243001697301e-08,-1.5909674265452316e-06,-1.971409522468293,-0.07777772328376507
578,0.9018405160058968,0.4979593827369078,0.9999999386908147,-8.535732968773192e-05,-0.000537262469777818,-0.03216973610565233,-0.0015342364786192775,-3.138785231726615e-08,-1.5962824110830506e-06,-1.9714400206609621,-0.0786753159310593
579,0.9026457875862683,0.4980247781404897,0.9999999371968609,-8.632929263452499e-05,-0.0005319577148570556,-0.03205655826205291,-0.0015347568551078439,-3.130986314658912e-08,-1.6012106525624224e-06,-1.9714690524112584,-0.07957390411445694
580,0.903452285095551,0.49808935871606114,0.9999999356991303,-8.730007992273292e-05,-0.0005267375865229268,-0.03194409521496891,-0.0015353234484791756,-3.0725669120101884e-08,-1.6057670279073814e-06,-1.9714966696038063,-0.08047346328600935
581,0.904259857378157,0.49815308104333156,0.9999999341983404,-8.826967935929562e-05,-0.0005216014616713392,-0.031832328086015924,-0.001535914489068091,-3.056238995213789e-08,-1.6099625773405398e-06,-1.9715229230429003,-0.08137396949173548
582,0.905068330676716,0.49821590261612503,0.9999999326952309,-8.923801702067429e-05,-0.0005165464166003972,-0.03172128897879286,-0.0015365503495559096,-3.041371243739377e-08,-1.6138113270365887e-06,-1.9715478624063334,-0.08227539926499267
583,0.9058775833157865,0.49827780044239844,0.9999999311905364,-9.02050373511727e-05,-0.0005115716180731959,-0.03161101085810853,-0.001537222065962851,-2.991440695154779e-08,-1.6173281999143607e-06,-1.9715715362850064,-0.08317772995568526
584,0.90668750002821,0.4983387393301146,0.9999999296850417,-9.1170704111343e-05,-0.0005066753040079791,-0.03150147752857028,-0.0015379305696114898,-2.9738423279468407e-08,-1.6205259807897072e-06,-1.9715939922264383,-0.084080939499071
585,0.9074979051475623,0.4983986880567117,0.9999999281795512,-9.213495549443633e-05,-0.0005018561556975409,-0.03139269723416809,-0.0015386792365461588,-2.9615357277634757e-08,-1.623417454755216e-06,-1.9716152767384079,-0.08498500635837127
586,0.9083086581398873,0.49845762251046194,0.9999999266748563,-9.309773368233711e-05,-0.0004971122182009409,-0.03128465560771813,-0.0015394650399684906,-2.928747200314774e-08,-1.626015864911845e-06,-1.9716354353208119,-0.08588990967997281
587,0.909119583093793,0.4985155103438345,0.9999999251717577,-9.405900855952379e-05,-0.0004924428192560948,-0.031177385428721626,-0.0015402791323140264,-2.8992067413469158e-08,-1.6283349760889926e-06,-1.9716545124833222,-0.08679562913908555
588,0.9099305714833067,0.4985723361043752,0.9999999236710821,-9.501872648174224e-05,-0.00048784592852404697,-0.031070914882869262,-0.0015411230269819498,-2.8784690186967055e-08,-1.630388955736499e-06,-1.971672551722703,-0.08770214451691731
589,0.9107415082497801,0.49862808241015594,0.9999999221736909,-9.597683362494595e-05,-0.0004833200112815484,-0.03096523119278748,-0.0015420104609802365,-2.8700389620439637e-08,-1.6321903372831316e-06,-1.9716895955549933,-0.08860943614234056
590,0.9115522267062042,0.4986827278469224,0.9999999206804369,-9.693326445695708e-05,-0.0004788640761778701,-0.030860342799622728,-0.0015429274644702673,-2.841983892665212e-08,-1.6337528828455435e-06,-1.9717056855572732,-0.08951748494643615
591,0.9123625891997892,0.49873625949062095,0.9999999191921737,-9.788799291460421e-05,-0.00047447680760909645,-0.03075623711754127,-0.0015438722912222147,-2.821173872291638e-08,-1.635088649842363e-06,-1.9717208623844422,-0.09042627254377175
592,0.9131724298258809,0.4987886545672267,0.9999999177097842,-9.884098980152721e-05,-0.00047015755706299406,-0.030652946245376973,-0.001544844708405435,-2.7974206062708618e-08,-1.6362119545024227e-06,-1.9717351657743543,-0.09133578060387483
593,0.9139816492686678,0.49883990543565476,0.9999999162341628,-9.979218830236099e-05,-0.0004659038289973916,-0.03055049665700641,-0.0015458629932254553,-2.784980424053174e-08,-1.6371359803558079e-06,-1.971748634548117,-0.09224599079306853
594,0.9147901338605336,0.49889000579756326,0.9999999147662054,-0.00010074152095930555,-0.0004617149070308808,-0.030448876455604786,-0.0015468947822228074,-2.752367755931573e-08,-1.6378740668899286e-06,-1.9717613066500737,-0.09315688544924827
595,0.9155977244292325,0.498938941521007,0.9999999133068217,-0.00010168897554102428,-0.00045758987448093374,-0.030348096851521785,-0.0015479675494134426,-2.7433234350837665e-08,-1.6384384933098369e-06,-1.9717732191729085,-0.09406844748687375
596,0.9164042922441601,0.4989867063834455,0.99999991185695,-0.00010263451360910343,-0.000453527919450227,-0.03024814543473014,-0.0015490622026845813,-2.713629676520668e-08,-1.6388415212364658e-06,-1.9717844083551435,-0.09498066000220468
597,0.9172096866676098,0.49903328829247556,0.9999999104175418,-0.00010357810224219349,-0.00044952733804532136,-0.030149047440916708,-0.0015501953894272447,-2.7278117542550717e-08,-1.6390950024220676e-06,-1.9717949095711114,-0.09589350640766922
598,0.9180137984758723,0.49907869008239647,0.9999999089895203,-0.00010451965338383706,-0.00044558762043224345,-0.030050836403296463,-0.0015513466205447912,-2.676654631272868e-08,-1.6392137805131759e-06,-1.9718047573477009,-0.09680697031741575
599,0.9188165349009734,0.49912290481522986,0.9999999075738268,-0.0001054591524828741,-0.0004417070327754834,-0.029953496133690652,-0.0015525310300290585,-2.680024735468578e-08,-1.639209643362457e-06,-1.9718139854332053,-0.0977210356914141
600,0.9196177379549414,0.4991659341788589,0.9999999061714273,-0.00010639655209855213,-0.00043788547432313193,-0.029857038358688862,-0.0015537523431703448,-2.664060438917204e-08,-1.6390946389074951e-06,-1.971822626786964,-0.09863568731963042
601,0.9204172891989768,0.49920777152880214,0.9999999047832658,-0.00010733181276768289,-0.0004341221020667289,-0.029761449052487066,-0.001554991235025227,-2.6489773929938565e-08,-1.6388801097499077e-06,-1.9718307135926876,-0.09955091014465288
602,0.9212150441137515,0.4992484165462898,0.9999999034102879,-0.00010826490387979524,-0.0004304155702686468,-0.02966675581293753,-0.0015562598127871752,-2.6287974463912178e-08,-1.638579051553793e-06,-1.9718382772786787,-0.10046668912410696
603,0.922010906433288,0.49928787669329866,0.9999999020534389,-0.0001091957755153861,-0.00042676492622875976,-0.02957298540705906,-0.0015575425932183862,-2.6155289489793176e-08,-1.6382032977391737e-06,-1.9718453484988734,-0.10138300923618733
604,0.922804783758948,0.4993261524821271,0.999999900713675,-0.00011012437899896796,-0.0004231689142581607,-0.029480127139469132,-0.0015588703099638224,-2.6176195433436078e-08,-1.6377643977100592e-06,-1.9718519571549864,-0.10229985586255984
605,0.9235965366905003,0.4993632461342842,0.9999998993919439,-0.00011105067687981037,-0.00041962726518682367,-0.029388186585327197,-0.0015602119965478778,-2.5969914219103885e-08,-1.6372742806798139e-06,-1.9718581324412359,-0.10321721504201817
606,0.9243860473734054,0.4993991626097823,0.9999998980891717,-0.00011197463218343994,-0.00041613931687297333,-0.02929715258075538,-0.0015615824377164245,-2.5906508938078332e-08,-1.6367436291451617e-06,-1.9718639028462719,-0.10413507317135419
607,0.9251731826964733,0.4994339046637507,0.9999998968062817,-0.00011289622766411647,-0.0004127043040790159,-0.029207054059200085,-0.0015629850095137954,-2.5790036772832536e-08,-1.636184376137006e-06,-1.9718692961697266,-0.10505341710083381
608,0.9259578576469581,0.4994674793859183,0.9999998955441936,-0.00011381540958042976,-0.00040932169906384894,-0.02911791086085798,-0.0015644044615328312,-2.572326529559632e-08,-1.6356081079288681e-06,-1.9718743395142235,-0.10597223382156212
609,0.9267399815265047,0.49949989989935034,0.999999894303817,-0.00011473212933222922,-0.00040599025068057505,-0.02902971354732698,-0.0015658567426726222,-2.562280343454404e-08,-1.63502566482973e-06,-1.9718790593049123,-0.10689151054184436
610,0.9275194277571795,0.49953116838942174,0.9999998930860396,-0.00011564635345239871,-0.00040270962678799456,-0.028942467882148028,-0.0015673385933041573,-2.5507246093070535e-08,-1.6344480997559242e-06,-1.971883481327656,-0.10781123532546022
611,0.9282960878485575,0.49956129466881216,0.9999998918917522,-0.00011655808178408012,-0.00039947974231814717,-0.02885616232877945,-0.0015688349958509207,-2.5421046601081798e-08,-1.633885785702409e-06,-1.9718876307426925,-0.10873139639138193
612,0.9290698441765343,0.4995902876966773,0.9999998907218406,-0.00011746726908992376,-0.0003962990525504124,-0.028770820663244018,-0.0015703667886555195,-2.547426802834707e-08,-1.6333489077808879e-06,-1.971891532064191,-0.1096519821041245
613,0.9298406141183417,0.4996181587235898,0.9999998895771391,-0.00011837385510227185,-0.00039316746190567423,-0.028686466478116797,-0.0015719195362180471,-2.5283213744842215e-08,-1.6328490632315172e-06,-1.9718952091606134,-0.11057298162500714
614,0.9306083180410345,0.4996449162923949,0.9999998884584895,-0.000119277837966903,-0.00039008461674913615,-0.028603085365734787,-0.0015735013876110315,-2.5469798714539138e-08,-1.6323957848806534e-06,-1.9718986852869766,-0.11149438453250168
615,0.931372839191439,0.4996705748195887,0.999999887366712,-0.00012017915443013586,-0.00038704973553223623,-0.028520685123721447,-0.0015751069877296686,-2.511846020070152e-08,-1.6320008183240416e-06,-1.9719019831296862,-0.11241618102723294
616,0.9321340815600545,0.49969514318664143,0.9999998863026008,-0.00012107782073101735,-0.0003840628704985536,-0.02843925016989416,-0.0015767402946949005,-2.5382787427474796e-08,-1.6316720281761284e-06,-1.971905124805705,-0.11333836181843637
617,0.9328919339807161,0.49971863285970747,0.999999885266941,-0.00012197379055750168,-0.00038112304251506377,-0.028358807186936005,-0.0015784027054905891,-2.5167823380911614e-08,-1.631420508860719e-06,-1.9719081318389784,-0.11426091792757523
618,0.9336463291752838,0.4997410565455929,0.999999884260484,-0.00012286704053161442,-0.00037822995359503134,-0.0282793741685191,-0.0015800814144313335,-2.5188857222246952e-08,-1.631256337311483e-06,-1.9719110251768812,-0.11518384061205837
619,0.9343971969096698,0.49976242879159727,0.9999998832839673,-0.00012375751879841504,-0.00037538259294879917,-0.028200937025712372,-0.0015817934181541204,-2.526776476940995e-08,-1.6311894559082702e-06,-1.9719138252171342,-0.11610712186462986
620,0.9351444262734838,0.49978276468057253,0.9999998823380933,-0.00012464522368316376,-0.0003725814482055112,-0.0281235013912824,-0.0015835334779694676,-2.5209068610365648e-08,-1.6312290101647135e-06,-1.97191655183183,-0.11703075477680863
621,0.9358879355554767,0.49980207641474095,0.9999998814235468,-0.0001255301372263514,-0.0003698260902995646,-0.028047052398997428,-0.0015853019431233406,-2.527931819429341e-08,-1.6313840168224351e-06,-1.9719192243592627,-0.11795473299963335
622,0.9366276226920066,0.49982037785348193,0.9999998805409812,-0.00012641224371224148,-0.00036711612490149405,-0.027971611693054902,-0.0015870986972004175,-2.5262178127150037e-08,-1.6316643017894338e-06,-1.9719218616274437,-0.11887905062053095
623,0.9373634302280953,0.49983768437696974,0.9999998796910106,-0.0001272915037418092,-0.0003644509253848197,-0.027897194601162405,-0.0015889155911281705,-2.5291793548376518e-08,-1.632079362677297e-06,-1.9719244819354118,-0.11980370207310949
624,0.9380952944896757,0.4998540127847551,0.9999998788742164,-0.00012816788513764,-0.00036182997556431974,-0.0278237890390124,-0.0015907747438177466,-2.532531162557916e-08,-1.6326384699434286e-06,-1.971927103081173,-0.12072868258097769
625,0.9388231223233743,0.4998693767988166,0.9999998780911595,-0.00012904139628741766,-0.00035925335590573866,-0.027751400308767077,-0.0015926597407087684,-2.5405597625649534e-08,-1.6333502968755917e-06,-1.9719297423861666,-0.12165398818203682
626,0.9395468451987229,0.4998837904086407,0.9999998773423661,-0.00012991200272714288,-0.0003567205640710577,-0.027680012746739927,-0.001594557543285191,-2.5410129111946844e-08,-1.6342238903902067e-06,-1.9719324166942578,-0.12257961516408679
627,0.9402663745459376,0.49989727146023794,0.9999998766283348,-0.0001307797207226567,-0.0003542308202460356,-0.027609644194445174,-0.0015965038910508156,-2.554729938708533e-08,-1.6352677021253528e-06,-1.9719351423806615,-0.1235055608096603
628,0.9409816557919516,0.4999098355790937,0.9999998759495409,-0.00013164451912968706,-0.00035178475860421846,-0.027540309078112057,-0.0015984688652679324,-2.5537218562021735e-08,-1.6364914005583197e-06,-1.9719379353404134,-0.12443182345370825
629,0.9416926372390334,0.4999215000065478,0.9999998753064168,-0.00013250637329329762,-0.0003493816732000478,-0.02747199475175136,-0.0016004713252186775,-2.5669878667144985e-08,-1.637903408119737e-06,-1.9719408110203493,-0.12535840199076717
630,0.9423992402155716,0.4999322800887188,0.9999998746993617,-0.00013336528592569386,-0.0003470214379869587,-0.027404701816157406,-0.0016024974174797535,-2.5705425343858224e-08,-1.6395125004683266e-06,-1.9719437844359675,-0.12628529611145187
631,0.9431014022619061,0.4999421933301972,0.9999998741287345,-0.00013422124160424273,-0.0003447036921994554,-0.027338419451470454,-0.0016045606462284923,-2.5854250296220016e-08,-1.6413265061075284e-06,-1.971946870167238,-0.12721250622391117
632,0.9437990521110657,0.4999512549301358,0.99999987359487,-0.0001350742615160848,-0.0003424281902237894,-0.02727315851200191,-0.0016066607786342502,-2.5959552729659663e-08,-1.6433542277974441e-06,-1.9719500823656386,-0.12814003335744362
633,0.9444921455245336,0.4999594843491958,0.9999998730980764,-0.00013592431744939814,-0.0003401944158098871,-0.027208933320374412,-0.0016087782569229603,-2.600360282656311e-08,-1.6456047360964489e-06,-1.971953434755708,-0.1290678794927884
634,0.9451806384693792,0.49996689755065443,0.9999998726386167,-0.00013677139805629888,-0.00033800261056042395,-0.02714573038956885,-0.0016109452117234468,-2.6222311433343748e-08,-1.648085923918523e-06,-1.971956940656602,-0.12999604760524294
635,0.9458644676560274,0.4999735119791242,0.9999998722167193,-0.00013761550979142026,-0.0003358523069451325,-0.02708355099661973,-0.0016131451120600104,-2.6275637665662543e-08,-1.6508065757975073e-06,-1.971960613003667,-0.13092454150827273
636,0.9465435815435853,0.4999793448701945,0.99999987183258,-0.000138456656417154,-0.00033374349829954736,-0.027022377340236495,-0.0016153723699972034,-2.6477035675043226e-08,-1.6537736195601262e-06,-1.9719644643289216,-0.1318533657054318
637,0.9472179172590601,0.49998441402513766,0.9999998714863554,-0.0001392948429421955,-0.0003316755038739283,-0.026962223338250456,-0.001617630710825324,-2.6507905204198323e-08,-1.6569963590890867e-06,-1.9719685067757873,-0.13278252554420558
638,0.9478874418121268,0.49998873712899605,0.99999987117818,-0.00014013008292001125,-0.00032964852651014715,-0.026903083936103186,-0.0016199303790926933,-2.6712852374544127e-08,-1.6604939565603819e-06,-1.971972752097094,-0.13371202897070725
639,0.9485521360466771,0.49999233108533997,0.9999998709082221,-0.0001409626951386857,-0.00032766437299965793,-0.02684491071369419,-0.0016222422709688544,-2.5724615326794265e-08,-1.6642624417084957e-06,-1.9719772116819407,-0.13464188101277033
640,0.9492119033745439,0.499995216164802,0.9999998706762331,-0.00014179196969953828,-0.0003257152037889824,-0.02678775318255244,-0.0016246347222477198,-2.725586689678039e-08,-1.668311207771984e-06,-1.9719818965936413,-0.1355720842331126
641,0.9498667436076863,0.49999740866175885,0.9999998704818699,-0.00014261826733283074,-0.00032380415268393946,-0.026731602307958794,-0.001627026591449976,-2.748863359158804e-08,-1.6726264251500385e-06,-1.9719868174734654,-0.13650263755120942
642,0.9505166069876824,0.4999989251762361,0.9999998703247919,-0.00014344076475268256,-0.0003219215059498109,-0.02667653529401472,-0.0016294977394863963,-2.942887178392084e-08,-1.6772445516396684e-06,-1.9719919846331824,-0.1374335471035801
643,0.9511615125627266,0.49999977974255627,0.9999998702052147,-0.00014426095246288287,-0.00032008587223246953,-0.02662247190069448,-0.0016319521237164736,-2.7046272776942715e-08,-1.682168688032977e-06,-1.9719974080703655,-0.13836482950047763
644,0.9518013767982691,0.4999999914541142,0.9999998701235576,-0.0001450781652272981,-0.0003182907599986327,-0.026569434665480004,-0.0016344946343451738,-2.7289564386023812e-08,-1.6874137377282877e-06,-1.9720030975581004,-0.13929650568724888
645,0.9524361248997424,0.4999995798913022,0.9999998700799637,-0.00014589296618561156,-0.0003165466475387949,-0.026517399412419037,-0.0016370501834899187,-2.7886716935654476e-08,-1.6929788880345719e-06,-1.9720090625609057,-0.1402285969504609
646,0.9530657780782615,0.4999985637792726,0.9999998700746456,-0.00014670492128145208,-0.0003148415047033293,-0.02646634922560903,-0.001639654510654509,-2.8073497304603734e-08,-1.6988720132069606e-06,-1.9720153120665214,-0.14116111696335898
647,0.9536902939287135,0.49999696130832677,0.9999998701074534,-0.00014751405804376365,-0.00031317543012778117,-0.02641629159211988,-0.0016423106426373124,-2.831483847387517e-08,-1.7051018009008318e-06,-1.9720218547636443,-0.14209408079474078
648,0.9543096572697696,0.49999479017600446,0.9999998701781859,-0.0001483203661983964,-0.00031154851320245425,-0.026367234785228587,-0.0016449886607006192,-2.8419616882047194e-08,-1.7116768869160912e-06,-1.9720286990256188,-0.14302750406937417
649,0.9549238601486615,0.4999920682029884,0.9999998702865909,-0.00014912384332348751,-0.00030995971479706784,-0.026319166611131064,-0.0016477162716910243,-2.8707567878427653e-08,-1.7186056721066207e-06,-1.972035852927294,-0.14396140298826943
650,0.9555328730368989,0.49998881360289876,0.9999998704324011,-0.00014992453933753084,-0.0003084091540589347,-0.026272079971854316,-0.001650483114644885,-2.8947328090112023e-08,-1.7258957711051404e-06,-1.972043324254105,-0.1448957949164529
651,0.9561366750301625,0.4999850435662258,0.9999998706153278,-0.00015072246738270816,-0.00030689659487598644,-0.026225961082564,-0.0016533051384612918,-2.9148692348712757e-08,-1.7335555514050772e-06,-1.9720511205057862,-0.14583069832222958
652,0.9567352394075236,0.49998077644088834,0.9999998708350554,-0.00015151767849202222,-0.00030542204758036127,-0.026180817468019053,-0.001656163134612143,-2.936297249789277e-08,-1.7415934127628754e-06,-1.9720592489041904,-0.14676613296075644
653,0.9573285618051663,0.49997602939407304,0.9999998710912619,-0.0001523101997660216,-0.00030398547288866003,-0.02613665261153571,-0.0016590635059401393,-2.9580304428122872e-08,-1.7500181747079855e-06,-1.972067716380972,-0.14770211893727328
654,0.9579166432924646,0.49997081953940936,0.9999998713835815,-0.00015310001300671643,-0.000302585717916601,-0.026093451885337154,-0.0016620067181065679,-2.9772644793979453e-08,-1.7588376485004882e-06,-1.9720765295892377,-0.14863867692487304
655,0.9584994613821645,0.499965164854132,0.9999998717116091,-0.00015388717493388342,-0.0003012230387116264,-0.026051210837138752,-0.0016649967292323709,-3.00888771676e-08,-1.768060918979573e-06,-1.972085694920957,-0.14957582880654305
656,0.9590770093440577,0.49995908183115223,0.9999998720749381,-0.00015467172710788751,-0.00029989708494863366,-0.02600991074850654,-0.0016680445987731218,-3.035775364423898e-08,-1.7776952285149236e-06,-1.972095218514978,-0.15051359766022732
657,0.9596492662076286,0.49995258800935266,0.9999998724731316,-0.00015545370029219847,-0.000298608114766752,-0.025969561629431828,-0.0016711264615878463,-3.057714081933227e-08,-1.7877501464665223e-06,-1.9721051062521795,-0.15145200751004825
658,0.9602162434211308,0.4999457010063432,0.9999998729057314,-0.000156233132117737,-0.0002973554346056584,-0.02593016122513365,-0.0016742643201723695,-3.0806912576508694e-08,-1.798233833126949e-06,-1.9721153637496487,-0.15239108297649806
659,0.9607779413363583,0.49993843638048735,0.9999998733722483,-0.00015701002077851388,-0.000296138889336719,-0.025891697247499693,-0.0016774266259744763,-3.09860261893391e-08,-1.8091558350268352e-06,-1.9721259963738786,-0.15333084911379732
660,0.9613343550592228,0.499930811259577,0.9999998738721754,-0.00015778444091787662,-0.0002949575770741378,-0.025854166771468387,-0.0016806635539978743,-3.134776349611457e-08,-1.8205250290523746e-06,-1.9721370092725146,-0.15427133219400568
661,0.9618854829990899,0.49992284389594976,0.9999998744050237,-0.00015855644405746877,-0.000293812267145094,-0.025817548395735152,-0.0016839412273839116,-3.1626807839302273e-08,-1.8323487207841835e-06,-1.97214840735444,-0.15521255978653312
662,0.9624313177658739,0.499914549785945,0.9999998749702783,-0.00015932606441058662,-0.0002927022731175464,-0.025781848319019793,-0.0016872737323865294,-3.185465047295111e-08,-1.8446364277207499e-06,-1.9721601952824543,-0.15615456011073753
663,0.9629718726235718,0.49990594607556726,0.9999998755673967,-0.00016009333617316793,-0.000291627553089091,-0.025747066755492848,-0.0016906512901186943,-3.212217691839214e-08,-1.8573980605912236e-06,-1.972172377498043,-0.1570973622849906
664,0.963507160295897,0.49989704769469007,0.9999998761958154,-0.00016085828574198392,-0.000290587675844394,-0.025713190917162117,-0.0016940874047577381,-3.2467486477116836e-08,-1.8706417753951595e-06,-1.972184958215345,-0.1580409959601906
665,0.9640371834859914,0.4998878721864743,0.9999998768549536,-0.00016162096426240537,-0.0002895822121557811,-0.025680210849620234,-0.0016975601902231574,-3.2640400604577735e-08,-1.884377648210068e-06,-1.9721979414293695,-0.15898549159327383
666,0.9645619469476268,0.49987843334561505,0.9999998775442297,-0.00016238143339464557,-0.00028861103428826253,-0.025648112366871915,-0.0017010997980833054,-3.3009975197728636e-08,-1.8986138498645926e-06,-1.9722113309317972,-0.15993088056390367
667,0.9650814553721474,0.4998687500120307,0.9999998782630528,-0.00016313973878237124,-0.0002876738762345088,-0.025616896397393566,-0.0017046849243342876,-3.324812425375967e-08,-1.913360276372438e-06,-1.9722251302972524,-0.16087719493970615
668,0.9655957281944199,0.4998588355145797,0.9999998790108167,-0.00016389592003799585,-0.00028677038891576157,-0.025586564112699942,-0.0017083113780245185,-3.35238965476492e-08,-1.9286268746692186e-06,-1.9722393428847078,-0.16182446694527314
669,0.9661047880201614,0.4998487060787004,0.9999998797868943,-0.00016464999542601492,-0.0002858996549788618,-0.025557099624047157,-0.0017120016273111105,-3.383418345492828e-08,-1.9444234663094416e-06,-1.9722539718539036,-0.16277272983995061
670,0.9666086376288965,0.4998383764478569,0.9999998805906386,-0.00016540203518830684,-0.0002850623498561994,-0.025528495081210283,-0.0017157570691779256,-3.4121139691478675e-08,-1.960759354439291e-06,-1.9722690201778375,-0.16372201838044398
671,0.9671072935459505,0.4998278627308108,0.9999998814214023,-0.00016615209628503998,-0.00028425814160068475,-0.025500734917923276,-0.001719559426419437,-3.447837926273678e-08,-1.977643900155867e-06,-1.9722844906366008,-0.16467236746164687
672,0.9676007698734604,0.4998171809010056,0.9999998822785388,-0.00016690023244934324,-0.0002834861767877281,-0.02547381986281807,-0.0017234033439308405,-3.472210963195721e-08,-1.9950873267008623e-06,-1.9723003858109196,-0.16562381232783913
673,0.9680890903084814,0.4998063436283811,0.9999998831614038,-0.00016764649695418755,-0.00028274632191092907,-0.025447748240474678,-0.0017273211851716042,-3.50237634449968e-08,-2.0131005063258724e-06,-1.9723167080899842,-0.1665763886081048
674,0.9685722828534742,0.4997953651833991,0.9999998840693154,-0.00016839088322945375,-0.00028203781860700993,-0.025422505886372366,-0.001731278607621789,-3.5292071487447174e-08,-2.031693393171198e-06,-1.9723334596901712,-0.16753013256972277
675,0.9690503602967095,0.4997842620234745,0.9999998850015829,-0.00016913349638283788,-0.00028136082674303257,-0.02539808429841024,-0.001735299825668335,-3.5657947705658444e-08,-2.0508765174148504e-06,-1.972350642656882,-0.1684850815285162
676,0.969523345283147,0.4997730465385299,0.9999998859575442,-0.00016987438934999138,-0.0002807150435519917,-0.025374464149779823,-0.0017393754096701741,-3.5920038499170914e-08,-2.0706584259839234e-06,-1.9723682588445373,-0.1694412733636094
677,0.96999125212814,0.4997617332581393,0.9999998869365103,-0.00017061359759566315,-0.0002801001925940602,-0.025351648163006644,-0.0017435053596273065,-3.624646538469278e-08,-2.0910516490209925e-06,-1.9723863099335592,-0.17039874595652382
678,0.9704541173541399,0.49975033440659394,0.9999998879377725,-0.0001713511651522322,-0.000279515326886412,-0.025329634032461117,-0.0017477032961323857,-3.660399627847255e-08,-2.1120663227900065e-06,-1.9724047974426768,-0.17135753767050693
679,0.9709119685683397,0.49973886467997963,0.9999998889606216,-0.00017208713866799256,-0.00027896070336813373,-0.02530840899011652,-0.0017519440734758973,-3.691517491688501e-08,-2.1337145219607997e-06,-1.9724237227341161,-0.17231768739604222
680,0.971364831186185,0.49972733802731834,0.9999998900043646,-0.0001728216001792547,-0.000278435408246446,-0.025287959017684568,-0.0017562528373673558,-3.7135094999030116e-08,-2.1560049216813314e-06,-1.9724430870015568,-0.17327923445678298
681,0.9718127262235331,0.4997157661126252,0.9999998910682975,-0.00017355457332546645,-0.0002779396721073363,-0.025268271384613468,-0.0017606202745810151,-3.7559825472044395e-08,-2.1789500849451287e-06,-1.9724628912757862,-0.1742422191222201
682,0.9722556787935817,0.49970416269363144,0.9999998921517113,-0.00017428615420071823,-0.00027747316045986456,-0.025249344051111906,-0.0017650319496169686,-3.778396617803992e-08,-2.2025607465912616e-06,-1.972483136458587,-0.17520668155529845
683,0.972693726365213,0.49969253987321477,0.9999998932539116,-0.00017501636779891126,-0.00027703491853930045,-0.025231173206898088,-0.0017694998532533646,-3.8097038412843176e-08,-2.226847976624675e-06,-1.9725038232626102,-0.1761726615520851
684,0.9731269036059363,0.4996809081955141,0.9999998943741811,-0.00017574524381649043,-0.0002766244431063868,-0.025213745523865756,-0.0017740491311997175,-3.848804652761828e-08,-2.2518245039044315e-06,-1.9725249522669406,-0.17714019935983025
685,0.9735552372701987,0.4996692820813724,0.9999998955118026,-0.00017647286081440806,-0.00027624167023792694,-0.025197049172455875,-0.0017786488169804215,-3.8762742349263135e-08,-2.277499991845118e-06,-1.9725465239077065,-0.17810933636488452
686,0.9739787539470569,0.49965767157352564,0.9999998966660598,-0.00017719926715481743,-0.0002758868411382756,-0.025181069071772623,-0.001783308107405901,-3.911388191113474e-08,-2.3038871829073264e-06,-1.9725685384701621,-0.17908011387428704
687,0.9743974866472319,0.49964608743326044,0.9999998978362357,-0.00017792452482811438,-0.0002755586232083517,-0.025165803639484723,-0.0017880166415125132,-3.939481985071325e-08,-2.3309974810601786e-06,-1.9725909961150785,-0.18005257272837774
688,0.9748114728005516,0.49963454185207884,0.9999998990216176,-0.00017864867257745939,-0.00027525683782155273,-0.025151271069431973,-0.001792785944417119,-3.971907602817737e-08,-2.3588456021728017e-06,-1.9726138968514242,-0.18102675406903668
689,0.9752207670520362,0.4996230433673027,0.9999999002214921,-0.00017937173581238455,-0.00027498099513010476,-0.025137433475653347,-0.0017976252129301429,-4.006501086450953e-08,-2.3874415118466388e-06,-1.9726372405583303,-0.18200269929689933
690,0.9756253817811065,0.4996116050929481,0.9999999014351393,-0.0001800937819497459,-0.00027473094512824785,-0.025124278967144125,-0.00180252140853554,-4.0319839911262534e-08,-2.416797242022191e-06,-1.9726610269808333,-0.1829804500486814
691,0.9760253508706556,0.4996002332106809,0.9999999026618359,-0.00018081487355974972,-0.00027450621486646955,-0.02511179538449806,-0.0018074852414429188,-4.077079651665372e-08,-2.4469251087082926e-06,-1.9726852557417556,-0.18396004805580657
692,0.9764207074658391,0.49958894317188535,0.9999999039008659,-0.0001815350629512993,-0.00027430647549032944,-0.02509997668090702,-0.001812500529922545,-4.0961165126418564e-08,-2.4778378526468324e-06,-1.972709926349425,-0.18494153510665512
693,0.976811490905995,0.49957774046980885,0.9999999051515283,-0.00018225441491346764,-0.00027413123058701064,-0.025088843882892193,-0.0018175753066316247,-4.140897047477665e-08,-2.509550438905137e-06,-1.9727350381838429,-0.1859249528342552
694,0.9771977593967323,0.4995666373155899,0.9999999064131291,-0.00018297292956705833,-0.00027397994780552687,-0.025078355489231145,-0.001822713646106422,-4.164180111843052e-08,-2.542071821947784e-06,-1.9727605904943157,-0.18691034289943717
695,0.9775795286912224,0.49955563940853137,0.9999999076849679,-0.00018369071258673812,-0.00027385236352698097,-0.025068500254227636,-0.0018279210198670626,-4.1898346125890384e-08,-2.57541422440623e-06,-1.97278658241525,-0.1878977471221347
696,0.977956835442294,0.4995447589099739,0.9999999089663304,-0.00018440779114823824,-0.0002737481855174728,-0.025059263394071763,-0.0018331671599298716,-4.2122291432633574e-08,-2.60959107009629e-06,-1.972813012976037,-0.18888720688411592
697,0.9783297143587297,0.4995340015192797,0.9999999102565142,-0.0001851242538659675,-0.0002736663785418405,-0.02505063593640643,-0.0018384940922260284,-4.245246643108658e-08,-2.6446102163910047e-06,-1.972839881075489,-0.18987876310371388
698,0.9786982090084869,0.4995233740839888,0.9999999115548142,-0.00018584013689072886,-0.0002736067895041241,-0.025042649490107604,-0.0018438574625179172,-4.2158276869486144e-08,-2.6805256323977724e-06,-1.972867185522491,-0.19087245265367941
699,0.9790623613444644,0.499512870583997,0.9999999128603616,-0.00018655477492855125,-0.00027356492978816406,-0.025035320989136786,-0.0018494101241230965,-4.712055101663282e-08,-2.7173171533999928e-06,-1.972894925047128,-0.19186831745101685
700,0.9794222366887141,0.49950253404466816,0.999999914172707,-0.00018726947770215507,-0.0002735501277475889,-0.025028566995087792,-0.0018548844382166862,-4.308309442535574e-08,-2.7549921685321284e-06,-1.9729230982144956,-0.19286640433507793
701,0.9797778370871847,0.499492372313741,0.9999999154914848,-0.00018798366354029163,-0.0002735570509060579,-0.025022402338907592,-0.0018604877404868603,-4.4837253909690844e-08,-2.7935741387003156e-06,-1.97295170357915,-0.19386676334966826
702,0.9801291798296693,0.49948240625354534,0.9999999168161745,-0.00018869790918248032,-0.0002735927418257474,-0.02501680642768256,-0.0018661266658455133,-4.449692170283015e-08,-2.833067440385112e-06,-1.9729807396034298,-0.1948694445289248
703,0.9804763331637804,0.4994726203997897,0.9999999181463233,-0.0001894118198994292,-0.00027364917426134504,-0.025011793044325603,-0.0018718289211392403,-4.4768391660454654e-08,-2.8734900579878915e-06,-1.9730102045422537,-0.1958744890206729
704,0.9808193528003087,0.4994630194404343,0.9999999194812541,-0.00019012539863922683,-0.00027372560143435956,-0.025007331048156885,-0.0018775928765535355,-4.520541807551126e-08,-2.9148541990731792e-06,-1.9730400965661508,-0.19688193770069165
705,0.9811582621522885,0.4994536119651532,0.9999999208203002,-0.0001908387269278588,-0.0002738218511239767,-0.025003410052114743,-0.0018834250513464212,-4.554939891932008e-08,-2.9571741221210543e-06,-1.973070413752349,-0.19789183121518186
706,0.9814931020278399,0.49944440208928836,0.9999999221628129,-0.00019155184736049428,-0.0002739373096735069,-0.02500001315915377,-0.0018893239321187139,-4.5847652785369064e-08,-3.0004627920566665e-06,-1.973101154092164,-0.19890421027888197
707,0.9818239049222057,0.49943539520025027,0.9999999235081483,-0.0001922648092696777,-0.0002740721855104468,-0.02499713772906549,-0.0018952633254230022,-4.612862269937068e-08,-3.0447352556584524e-06,-1.9731323154834397,-0.1999191145340446
708,0.9821507200507362,0.49942659494230246,0.9999999248556575,-0.000192977616380299,-0.0002742246688241889,-0.024994798243105805,-0.0019012832781299949,-4.661272612338507e-08,-3.0900081788166104e-06,-1.9731638957325939,-0.20093658284936738
709,0.9824735986138312,0.4994180083563031,0.9999999262047027,-0.00019369030681145468,-0.0002743952849915352,-0.02499293790235434,-0.0019073585281148553,-4.685066912202274e-08,-3.1362910440338636e-06,-1.9731958925585429,-0.2019566546381959
710,0.9827925509737845,0.49940963997719434,0.9999999275546715,-0.00019440298827548685,-0.00027458351795277085,-0.024991568623887343,-0.0019135030452162027,-4.718226875866094e-08,-3.1835998436713497e-06,-1.9732283036011857,-0.20297936892199098
711,0.9831076305744562,0.49940149242364346,0.9999999289049546,-0.0001951156534966793,-0.0002747890695452034,-0.024990676661372994,-0.0019197029760107398,-4.7510479106449566e-08,-3.2319485124410697e-06,-1.973261126424548,-0.20400476413974267
712,0.9834188752862945,0.49939357158470643,0.9999999302549456,-0.00019582835454779205,-0.00027501126632609055,-0.024990257721085644,-0.0019259694963693619,-4.789521668158159e-08,-3.281351254053107e-06,-1.9732943585115146,-0.20503287777518284
713,0.9837263292109081,0.49938588031026626,0.9999999316040455,-0.0001965411034360118,-0.0002752494486132022,-0.024990325428565868,-0.0019323000451549888,-4.827292343634326e-08,-3.3318258895225433e-06,-1.9733279972699505,-0.2060637462623976
714,0.98403004624306,0.4993784235122856,0.9999999329516591,-0.00019725390826586033,-0.00027550286879901424,-0.024990824803854065,-0.0019386974163353443,-4.860681102059061e-08,-3.383380470593839e-06,-1.9733620400269392,-0.20709740622998202
715,0.9843300353199056,0.4993712046387907,0.9999999342972175,-0.00019796689516362473,-0.00027577203845476837,-0.024991766907524086,-0.001945157302543521,-4.8893596726884425e-08,-3.4360316091846375e-06,-1.9733964840208562,-0.20813389443709934
716,0.9846263488036602,0.49936422485698656,0.9999999356401512,-0.00019868002686674227,-0.0002760562474848866,-0.02499314002185569,-0.0019516724860295653,-4.929828989475027e-08,-3.48979455875422e-06,-1.9734313264379701,-0.2091732466691027
717,0.9849190249213667,0.49935748861737217,0.9999999369799076,-0.0001993933943748105,-0.00027635488772801775,-0.024994936969752527,-0.0019582516979426146,-4.956983090664835e-08,-3.5446823158775342e-06,-1.9734665643950777,-0.21021549771387538
718,0.9852081047701069,0.4993509970512322,0.9999999383159484,-0.0002001069734155892,-0.0002766673009032933,-0.024997168753995436,-0.001964892027899623,-4.9889042230688574e-08,-3.6007129094148236e-06,-1.973502194923353,-0.21126068164486939
719,0.9854936370736148,0.499344752598491,0.9999999396477223,-0.0002008207803154474,-0.0002769931631113425,-0.024999784967498738,-0.001971607329323888,-5.035996153424094e-08,-3.6578955167717965e-06,-1.9735382150010343,-0.21230883234089276
720,0.9857756366892527,0.49933875714134346,0.9999999409747035,-0.00020153491556365748,-0.00027733229987737893,-0.025002795513468335,-0.0019783794414252043,-5.055098384332268e-08,-3.7162466362788173e-06,-1.9735746215484966,-0.2133599832251679
721,0.9860541518937405,0.49933301203504016,0.9999999422963773,-0.00020224936779444485,-0.00027768417932352873,-0.025006192911833643,-0.0019852176774293184,-5.1172669657262304e-08,-3.7757810663938462e-06,-1.9736114114290584,-0.21441416666958113
722,0.9863292227544561,0.4993275256016741,0.999999943612246,-0.00020296418828669714,-0.0002780480082854119,-0.025009965114958208,-0.0019921103958040476,-5.123306934251559e-08,-3.836511363235287e-06,-1.973648581429982,-0.21547141412106838
723,0.9866008840415734,0.49932229190062144,0.9999999449218138,-0.00020367935977892913,-0.0002784235023565477,-0.02501412347483925,-0.001999068073928356,-5.163973071375949e-08,-3.898456166180035e-06,-1.9736861282687757,-0.21653175639169184
724,0.9868691838319199,0.49931731256132417,0.9999999462245784,-0.0002043948954867559,-0.0002788101501246524,-0.025018618985032607,-0.002006091410294175,-5.2002036454723566e-08,-3.9616241082169955e-06,-1.973724048618583,-0.21759522381533508
725,0.9871341359029708,0.4993125896907526,0.999999947520064,-0.0002051108882416702,-0.0002792077261723156,-0.025023460524502505,-0.002013184828683734,-5.230453581361871e-08,-4.026031151891523e-06,-1.9737623390936243,-0.21866184602897037
726,0.9873957872568518,0.4993081207365841,0.9999999488077967,-0.0002058272999983488,-0.0002796156916726193,-0.025028639507805237,-0.0020203262101858854,-5.2727330057678046e-08,-4.091692786839066e-06,-1.9738009962647594,-0.2197316513793609
727,0.9876541738263963,0.4993039112909539,0.999999950087313,-0.00020654418309142,-0.0002800331576382174,-0.02503415010804784,-0.0020275444258004427,-5.315198947641875e-08,-4.1586229346569205e-06,-1.9738400166592702,-0.2208046679547165
728,0.9879093299877125,0.49929996412932015,0.9999999513581773,-0.00020726156526704238,-0.0002804604401683416,-0.02503999632539006,-0.0020348054822534323,-5.3202295902110563e-08,-4.226837875396515e-06,-1.9738793967482586,-0.22188092316780483
729,0.9881612986802626,0.4992962710651683,0.9999999526199489,-0.00020797940757062916,-0.0002808964694302292,-0.025046135734298442,-0.002042155945673585,-5.387617463270544e-08,-4.296345709469498e-06,-1.9739191329451984,-0.22296044307070856
730,0.9884100968756375,0.49929283976091887,0.9999999538721924,-0.00020869779023529933,-0.00028134096115953406,-0.025052571920401206,-0.0020495476201176643,-5.384935519714418e-08,-4.367162381896624e-06,-1.9739592216069781,-0.22404325356379312
731,0.9886557623563366,0.49928965864815966,0.9999999551144773,-0.00020941668746562965,-0.00028179393794900684,-0.02505929726151518,-0.002057010307908058,-5.440459815986287e-08,-4.439302385116079e-06,-1.97399965905001,-0.22512937979341258
732,0.9888983304753789,0.4992867354468636,0.9999999563463796,-0.0002101361334915302,-0.00028225452146815903,-0.025066306276040416,-0.0020645433105528355,-5.4798960036350763e-08,-4.51277966876808e-06,-1.9740404415505464,-0.2262188455127277
733,0.9891378354021401,0.4992840691642777,0.9999999575674899,-0.0002108561160573218,-0.00028272219411782886,-0.025073604512119898,-0.0020721268374472857,-5.497291510891955e-08,-4.587611486289317e-06,-1.9740815653476667,-0.22731167350326278
734,0.989374315609094,0.4992816559934994,0.9999999587773986,-0.00021157662588604787,-0.0002831964410288734,-0.02508114911304712,-0.0020797818433493376,-5.550176140900476e-08,-4.663804496393251e-06,-1.9741230266355168,-0.2284078859246067
735,0.9896077852823907,0.49927949719946785,0.9999999599757138,-0.00021229773870668097,-0.00028367707866509985,-0.0250889478022341,-0.002087491098791361,-5.57215749097395e-08,-4.741375167404879e-06,-1.9741648215565686,-0.22950750413837526
736,0.9898382834775339,0.4992775884125121,0.9999999611620569,-0.00021301942601857721,-0.0002841635042876318,-0.025096990968887022,-0.002095268340781331,-5.6128904191155016e-08,-4.82033783666854e-06,-1.974206946236684,-0.23061054852595986
737,0.9900658393278887,0.4992759319515172,0.999999962336055,-0.0002137417059004377,-0.0002846552970937659,-0.02510527031972751,-0.0021031128708273172,-5.642856137910712e-08,-4.900704076523611e-06,-1.9742493967650447,-0.2317170384928158
738,0.9902904828682436,0.49927452149212737,0.9999999634973399,-0.00021446456121909278,-0.000285151927025183,-0.025113791510217344,-0.0021110076922923326,-5.6669030357170413e-08,-4.982490074408224e-06,-1.9742921691772057,-0.2328269923792195
739,0.9905122491841731,0.4992733534734994,0.9999999646455395,-0.00021518796397194902,-0.0002856529920796087,-0.02512251314225631,-0.002118967939168215,-5.706672467908902e-08,-5.065703525109138e-06,-1.9743352594814354,-0.23394042747479116
740,0.9907311513704118,0.4992724293996702,0.9999999657802948,-0.00021591197800062455,-0.0002861578135429875,-0.025131443833294978,-0.0021269863937050104,-5.741160791217226e-08,-5.150359760007802e-06,-1.9743786636546088,-0.2350573604860519
741,0.9909472233223584,0.499271745779574,0.9999999669012642,-0.00021663659083090076,-0.0002866664045323335,-0.02514057365361831,-0.002135076094418764,-5.7796803787368844e-08,-5.236471636368911e-06,-1.9744223776464658,-0.23617780712786174
742,0.9911604926523541,0.4992713014951345,0.9999999680081147,-0.00021736179313671807,-0.00028717785657188054,-0.025149894698993706,-0.0021432330831885338,-5.8116825130127836e-08,-5.324051048008836e-06,-1.974466397380833,-0.23730178229679252
743,0.9913709836990853,0.49927109333227027,0.9999999691005158,-0.0002180875794518128,-0.0002876923521979468,-0.025159413793836245,-0.0021514396648854017,-5.842359129815122e-08,-5.41311413675639e-06,-1.9745107187545217,-0.23842929983453345
744,0.9915787302109118,0.4992711151404422,0.9999999701781419,-0.0002188139181321923,-0.0002882087520294595,-0.02516909001882326,-0.0021597070153802633,-5.879605424752299e-08,-5.503665788822956e-06,-1.9745553376342593,-0.23956037241103978
745,0.9917837409882104,0.4992713702732933,0.9999999712406812,-0.00021954086665179457,-0.0002887270705045497,-0.025178929730297093,-0.0021680460777133703,-5.905705080522239e-08,-5.595720521194213e-06,-1.9746002498514106,-0.2406950121054942
746,0.9919860468339647,0.49927185072490854,0.9999999722878257,-0.00022026837159591943,-0.0002892467948020213,-0.02518892752525363,-0.0021764463745057583,-5.961512528074309e-08,-5.689291734650136e-06,-1.9746454512261291,-0.241833229378362
747,0.9921856728504498,0.4992725580449699,0.9999999733192758,-0.00022099644210789627,-0.0002897670035745389,-0.02519907026758602,-0.0021848937030881643,-5.957452842153543e-08,-5.784388498852854e-06,-1.9746909375459532,-0.24297503327764178
748,0.9923826386464772,0.4992734826707773,0.9999999743347315,-0.00022172502442433043,-0.00029028731588724477,-0.025209369602131444,-0.002193426713347435,-6.031198296341245e-08,-5.881028521791267e-06,-1.9747367045833153,-0.24412043218110718
749,0.9925769735473197,0.4992746257063629,0.9999999753339006,-0.00022245413370832446,-0.00029080757289511,-0.02521977925697942,-0.002201992552727461,-6.022702336849761e-08,-5.979212319181645e-06,-1.9747827480849836,-0.24526943378652274
750,0.9927686820753014,0.4992759768450428,0.999999976316502,-0.0002231837673697298,-0.00029132733477469735,-0.025230313879163236,-0.0022106501273810863,-6.100440685941066e-08,-6.0789573173414566e-06,-1.9748290637694534,-0.246422045148399
751,0.9929577931812701,0.4992775403153869,0.9999999772822599,-0.00022391391849246005,-0.00029184652428389317,-0.025240982969109246,-0.0022193524055182934,-6.107278949230022e-08,-6.1802786797006066e-06,-1.974875647368299,-0.24757827188570916
752,0.9931443338228384,0.4992793073036894,0.9999999782309085,-0.00022464451492453668,-0.00029236396888921183,-0.025251731539063606,-0.0022281173150986433,-6.132830066007955e-08,-6.283173913009296e-06,-1.974922494572535,-0.2487381185104829
753,0.9933283026504627,0.4992812735816044,0.9999999791621809,-0.0002253756061625648,-0.00029287990881111156,-0.025262612477104006,-0.0022369446232914925,-6.174398237135392e-08,-6.387669851393673e-06,-1.9749696010626243,-0.24990158865569267
754,0.9935097414172354,0.49928343627141925,0.9999999800758165,-0.00022610708520976985,-0.00029339341423689644,-0.02527354458793027,-0.0022458359599113464,-6.221331716460554e-08,-6.493757153063244e-06,-1.975016962507457,-0.2510686845987247
755,0.9936886384795157,0.4992857916073702,0.9999999809715672,-0.00022683904823368365,-0.00029390421993961735,-0.02528458058517361,-0.002254789462313056,-6.251352857589154e-08,-6.601461157562243e-06,-1.9750645745576767,-0.25223940756452934
756,0.9938650328099696,0.49928833839654896,0.9999999818491954,-0.00022757138655111307,-0.00029441171823286414,-0.025295686677262164,-0.0022638016380369663,-6.281816666842133e-08,-6.7107847001494346e-06,-1.9751124328642722,-0.25341375804024685
757,0.9940389282521195,0.4992910695245341,0.9999999827084691,-0.0002283041196440666,-0.0002949159222158696,-0.025306857466794744,-0.0022728736512362957,-6.313306499805549e-08,-6.8217369289508465e-06,-1.975160533054233,-0.25459173510920236
758,0.9942103415635187,0.4992939817549655,0.9999999835491581,-0.00022903718781432908,-0.0002954156734335392,-0.02531806671251913,-0.0022820006124675274,-6.33433643315584e-08,-6.93422793031513e-06,-1.9752088707279665,-0.2557733394801503
759,0.99437929431226,0.49929707358768716,0.9999999843710695,-0.00022977126301286375,-0.0002959135973087277,-0.025329237683442255,-0.002290935954079032,-5.773225453253872e-08,-7.048374165890306e-06,-1.975257441444159,-0.2569585626162423
760,0.994545762046482,0.4993002948714694,0.9999999851738115,-0.00023050472156661977,-0.0002963984779670796,-0.025340475549624056,-0.0023002491798251867,-6.541529273818014e-08,-7.164204300399522e-06,-1.9753062407953217,-0.25814738832592876
761,0.9947097928561677,0.49930364532941374,0.9999999859570318,-0.00023123844169553945,-0.000296875425216941,-0.025351750417863996,-0.002309504197910428,-6.312831857258061e-08,-7.281703536210287e-06,-1.9753552643208758,-0.25933979693466425
762,0.9948714080858482,0.4993071017749747,0.9999999867205033,-0.00023197174789458473,-0.00029733773221022,-0.025363038437598785,-0.0023188921622931957,-6.517948492046344e-08,-7.400885669579574e-06,-1.9754045075554914,-0.2605357719092089
763,0.9950305869142071,0.49931071559659435,0.9999999874639974,-0.00023270532814718126,-0.00029779515679260424,-0.025374383531642685,-0.0023283285554498434,-6.527127993649628e-08,-7.5217703980845204e-06,-1.9754539661734218,-0.2617353088042665
764,0.9951873558115085,0.4993144775162897,0.9999999881874077,-0.0002334390806386021,-0.0002982472388076911,-0.025385708391023474,-0.002337839687243104,-6.579985267762822e-08,-7.644337122532601e-06,-1.9755036358164464,-0.2629384019056843
765,0.9953417006574352,0.4993183911735958,0.9999999888906179,-0.00023417304611188906,-0.00029869351001652033,-0.025397059511512787,-0.0023474048357456923,-6.588602019519385e-08,-7.768609124934783e-06,-1.975553512097064,-0.26414504437785713
766,0.9954936459894254,0.49932244751362825,0.9999999895735076,-0.00023490712682512217,-0.00029913366332006813,-0.02540840691295962,-0.00235703750513494,-6.63547794488295e-08,-7.894584874566138e-06,-1.9756035906490492,-0.2653552283003751
767,0.995643190715928,0.49932664591765685,0.9999999902359566,-0.0002356413176529517,-0.00029956713992315866,-0.025419747138930786,-0.0023667176719754934,-6.669605312481508e-08,-8.02227150055426e-06,-1.9756538670874857,-0.2665689443013878
768,0.9957903415160231,0.49933098380715946,0.9999999908778464,-0.00023637557554205237,-0.0002999933080821164,-0.025431083744553187,-0.0023764779325574636,-6.727047718868562e-08,-8.15168069248734e-06,-1.9757043370382026,-0.26778618225673656
769,0.9959351047057908,0.499335458838531,0.9999999914990593,-0.00023710984450965684,-0.0003004123257965061,-0.025442389603926707,-0.002386304549872875,-6.767183435840707e-08,-8.282816648132037e-06,-1.975754996116627,-0.2690069311317694
770,0.9960774767954208,0.4993400677918038,0.9999999920994732,-0.0002378440442037858,-0.0003008234724466671,-0.025453672668067834,-0.0023962222039699554,-6.864460289079943e-08,-8.415679713344205e-06,-1.9758058399265808,-0.27023117989096046
771,0.9962174647944222,0.4993448129996747,0.9999999926789791,-0.00023857828026916655,-0.0003012276515765892,-0.02546494095412821,-0.0024061785079538822,-6.859163192984852e-08,-8.550274331289025e-06,-1.975856864094164,-0.2714589181769049
772,0.9963550745529984,0.49934969563633586,0.9999999932374751,-0.00023931248428342113,-0.0003016245508529544,-0.02547613835014483,-0.0024161862675100565,-6.850625311471958e-08,-8.686584638313243e-06,-1.975908064228805,-0.27269013551157445
773,0.996490291299168,0.4993547048805102,0.999999993774841,-0.0002400466661867881,-0.0003020143048468117,-0.025487310536755937,-0.002426241524517536,-6.875951896745391e-08,-8.824632494892963e-06,-1.9759594359593078,-0.27392481863616447
774,0.9966231334103831,0.4993598363415923,0.9999999942909442,-0.00024078066376527347,-0.00030239451180004304,-0.025498380546687936,-0.002436346374452114,-6.880568292899625e-08,-8.964395693701098e-06,-1.9760109748849743,-0.2751629504368801
775,0.9967535793248026,0.4993650779331075,0.9999999947856356,-0.00024151440742912618,-0.0003027645945856303,-0.02550937651257928,-0.0024465087335556746,-6.916044270610655e-08,-9.105894431989917e-06,-1.9760626765619538,-0.2764045111444007
776,0.996881637720424,0.4993704211338743,0.9999999952587583,-0.00024224778753966753,-0.0003031231086708797,-0.025520311632791615,-0.0024567334912717342,-6.944662089836129e-08,-9.249140298433628e-06,-1.9761145365951607,-0.2776494786375132
777,0.997007310258058,0.4993758582357237,0.999999995710163,-0.0002429807183800065,-0.0003034698001237043,-0.025531142169474996,-0.0024670218117535114,-7.001050050803315e-08,-9.394122023827576e-06,-1.9761665505811994,-0.27889783037412624
778,0.9971305816126173,0.4993813896993632,0.9999999961397066,-0.00024371320731423146,-0.00030380478367368705,-0.025541911524265864,-0.0024773869663476944,-7.032672044715582e-08,-9.540864587263484e-06,-1.9762187141467338,-0.2801495435288969
779,0.9972514587519407,0.4993870088096012,0.9999999965472526,-0.0002444451353612687,-0.00030412786354549375,-0.025552551473057947,-0.002487804042175412,-7.076349106682756e-08,-9.689344077482696e-06,-1.9762710229219485,-0.28140459400873397
780,0.9973699200544344,0.4993927108571441,0.9999999969326693,-0.00024517651209611817,-0.00030443839380377824,-0.025563088794491387,-0.0024982914328575134,-7.120009826167006e-08,-9.839580457429159e-06,-1.9763234725130585,-0.2826629569377665
781,0.997485965166848,0.49939849130715436,0.9999999972958309,-0.00024590724013744846,-0.000304736584674592,-0.025573542456122384,-0.0025088500697165728,-7.198651275075463e-08,-9.991578160345432e-06,-1.9763760585791559,-0.28392460752527826
782,0.9975995920588595,0.4994043529593829,0.9999999976366255,-0.00024663734398457446,-0.0003050224887089938,-0.025583853879489356,-0.0025194452609866858,-7.160133463912643e-08,-1.0145308969355788e-05,-1.9764287767709545,-0.28518952056003477
783,0.9977107796756033,0.49941028498566986,0.9999999979549408,-0.00024736676928229786,-0.0003052959133760922,-0.025594070891829534,-0.0025301130954176188,-7.221301956406023e-08,-1.0300797839372788e-05,-1.9764816227716897,-0.28645766967394537
784,0.9978195299795136,0.49941629021187817,0.9999999982506612,-0.0002480954261964945,-0.0003055562061830583,-0.02560412300216158,-0.0025408254005014896,-7.232216603370034e-08,-1.0458013781955016e-05,-1.9765345922621131,-0.2877290268015498
785,0.9979258175248125,0.49942235607099783,0.999999998523674,-0.00024882327703217277,-0.00030580272336316975,-0.025614032454145685,-0.002551583107560873,-7.243858846095463e-08,-1.061697010525959e-05,-1.9765876808807654,-0.2890035607354944
786,0.9980296379718724,0.49942847478576163,0.9999999987738639,-0.00024955015841241515,-0.000306033875328952,-0.02562381363442007,-0.0025624067056924105,-7.281768432676472e-08,-1.0777676244641875e-05,-1.9766408843189187,-0.2902812381219758
787,0.9981309814624622,0.4994346414943444,0.9999999990011216,-0.00025027600738833014,-0.0003062497994932451,-0.025633421698019302,-0.002573283389210701,-7.30795051140376e-08,-1.0940113264060976e-05,-1.9766941982700788,-0.2915620246210376
788,0.9982298258219873,0.49944084896359525,0.9999999992053437,-0.00025100077571827366,-0.00030644977356898315,-0.025642894398995534,-0.002584233647212386,-7.331940565791228e-08,-1.1104299700530229e-05,-1.9767476184499668,-0.29284588478074036
789,0.998326164225501,0.49944709087966327,0.9999999993864317,-0.00025172433438155423,-0.0003066340144638699,-0.025652171957935076,-0.0025952442083507776,-7.386932310282646e-08,-1.1270207671554021e-05,-1.976801140587725,-0.2941327822771691
790,0.9984199697362841,0.49945336472648255,0.9999999995442941,-0.0002524466834218912,-0.0003068019214048042,-0.025661278370596865,-0.002606297144666314,-7.418525882485483e-08,-1.1437849263518565e-05,-1.9768547604068971,-0.29542267941972944
791,0.998511230711428,0.49945966788360197,0.9999999996788473,-0.0002531677534059278,-0.00030695304547282245,-0.02567022394076168,-0.0026174220256507397,-7.438561766548446e-08,-1.1607227513026465e-05,-1.9769084736748384,-0.29671553753292124
792,0.9985999315632033,0.4994659936520839,0.9999999997900142,-0.00025388742414093955,-0.000307087395002142,-0.0256789672981751,-0.002628604182973504,-7.482240960143827e-08,-1.1778319670958373e-05,-1.97696227616165,-0.29801131683261173
793,0.9986860468191701,0.499472337654345,0.9999999998777218,-0.00025460567036568644,-0.0003072045047316397,-0.025687546466799462,-0.00263984058983624,-7.506439203552873e-08,-1.1951145546994958e-05,-1.9770161636746513,-0.29930997669996035
794,0.9987695629513743,0.49947869715599585,0.9999999999419036,-0.00025532239100983523,-0.0003073043701687096,-0.02569589715027334,-0.002651137299835682,-7.522129408243927e-08,-1.2125667699837767e-05,-1.977070132023037,-0.30061147600550653
795,0.9988504486257445,0.4994850643050899,0.999999999982498,-0.00025603754831412157,-0.00030738692976425456,-0.025704044989642467,-0.0026624868623912334,-7.570719162686146e-08,-1.230189815550192e-05,-1.9771241770085142,-0.3019157717195796
796,0.9989286873711026,0.49949143729027945,0.9999999999994487,-0.00025675103189359117,-0.00030745101476621937,-0.02571200301893196,-0.002673893002793193,-7.605189722426076e-08,-1.2479839020326557e-05,-1.977178294493895,-0.30322281899843917
797,0.9990042583914369,0.4994978128259463,0.9999999999927055,-0.00025746277369815754,-0.00030749660295252725,-0.02571972548822291,-0.002685358515009284,-7.608743857190348e-08,-1.26594612011365e-05,-1.9772324803354753,-0.30453257225695357
798,0.9990771309207713,0.4995041852046289,0.9999999999622231,-0.00025817270593340633,-0.00030752354520485124,-0.02572724867289876,-0.0026968815363943577,-7.636349863560099e-08,-1.2840781256719885e-05,-1.9772867304224435,-0.3058449847867718
799,0.9991472857945529,0.4995105481305929,0.9999999999079625,-0.00025888070277130243,-0.0003075315097190768,-0.025734514416350107,-0.0027084327302873135,-7.657644829350829e-08,-1.3023761247049643e-05,-1.9773410406645735,-0.3071600081646176
800,0.9992146891631107,0.499516897378869,0.9999999998298905,-0.00025958675855233284,-0.00030751969468732564,-0.02574154085278773,-0.002720054006204009,-7.675298263620789e-08,-1.3208404352794784e-05,-1.9773954069512898,-0.3084775919519173
801,0.9992793171804839,0.4995232275990829,0.9999999997279818,-0.000260290703668766,-0.0003074876625429174,-0.025748337944821148,-0.0027317123021930456,-7.680284141997618e-08,-1.3394711328394705e-05,-1.9774498252227783,-0.30979768354956416
802,0.9993411435410756,0.49952953303068065,0.9999999996022199,-0.00026099244137378684,-0.0003074346626484952,-0.025754889845547586,-0.0027434243820607662,-7.704087323645581e-08,-1.3582780801714011e-05,-1.9775042914511816,-0.31112022576937604
803,0.999400132693698,0.4995358027866871,0.9999999994526023,-0.0002616912647219784,-0.00030735821740264415,-0.025761274263742816,-0.002755521796643734,-8.349077518232662e-08,-1.3772527131968639e-05,-1.97755880166734,-0.3124451674339632
804,0.9994562655039547,0.4995420667634272,0.9999999992791028,-0.00026238834713074473,-0.00030726657823450335,-0.025767367062591202,-0.0027673577424138784,-7.788658962226691e-08,-1.396388191122511e-05,-1.9776133518952854,-0.31377246329993325
805,0.9995094975585962,0.4995483216328468,0.9999999990816831,-0.0002630830126046701,-0.0003071564989227248,-0.02577321917662885,-0.0027793925255537033,-8.041669019576148e-08,-1.4156880643847734e-05,-1.9776679382153497,-0.31510207160154763
806,0.9995597977969245,0.4995545843260666,0.9999999988603127,-0.0002637757051459146,-0.0003070333504748516,-0.02577882208047357,-0.0027914028614759445,-7.922328393306088e-08,-1.4351497754496444e-05,-1.9777225567510204,-0.31643394910482203
807,0.999607136613159,0.4995608211658658,0.9999999986149486,-0.00026446586200385666,-0.00030689059582033695,-0.025784144179896135,-0.0028034765273332596,-7.993072159706571e-08,-1.4547711761692041e-05,-1.9777772035517545,-0.31776804177850226
808,0.9996514771368704,0.49956703272929043,0.9999999983455707,-0.00026515340906062924,-0.000306727492514818,-0.02578921888139626,-0.0028156060725450516,-8.018845676360797e-08,-1.474553753193724e-05,-1.9778318747251256,-0.31910429403433743
809,0.9996927868403782,0.4995732164057925,0.9999999980521609,-0.00026583823671202765,-0.0003065439323220107,-0.025793991559104393,-0.0028278050012886524,-8.04089594907964e-08,-1.494493101520342e-05,-1.977886566380942,-0.32044265031125807
810,0.9997310242931933,0.49957936533840647,0.9999999977347062,-0.00026652027388529613,-0.0003063405206010595,-0.025798483526293523,-0.0028400456067174673,-8.078057334159894e-08,-1.5145900883909684e-05,-1.9779412746284653,-0.32178305367343674
811,0.9997661544884543,0.4995854783704452,0.9999999973932006,-0.00026719940530263594,-0.0003061160153686858,-0.025802705654763725,-0.002852346282452345,-8.108884230750846e-08,-1.5348442601262836e-05,-1.9779959956435975,-0.32312544516677233
812,0.9997981396216058,0.49959155332650174,0.9999999970276382,-0.00026787552808505343,-0.0003058706037275516,-0.025806622612006426,-0.0028647209983319044,-8.144625240902315e-08,-1.555252447563363e-05,-1.9780507256020485,-0.32446976585836507
813,0.9998269374469869,0.49959758938717924,0.9999999966380178,-0.00026854858202783545,-0.00030560465725650737,-0.02581026575950922,-0.002877140184864402,-8.172597176780982e-08,-1.5758157642130788e-05,-1.9781054607110171,-0.3258159563102089
814,0.9998525095433679,0.4996035826016989,0.999999996224341,-0.0002692184442993757,-0.00030531784671929536,-0.025813588187873174,-0.0028896271251142025,-8.217807589971926e-08,-1.5965301270270176e-05,-1.978160197205838,-0.32716395592771874
815,0.9998748116888136,0.4996095306987239,0.9999999957866117,-0.0002698850718502992,-0.00030501003605888465,-0.025816603270600015,-0.002902151318266988,-8.218308522600637e-08,-1.6173951311322986e-05,-1.9782149313126718,-0.32851370330021723
816,0.9998938020843223,0.49961543033401346,0.9999999953248407,-0.0002705483269107282,-0.0003046811918442607,-0.025819325580187524,-0.0029147493187338114,-8.270958318234989e-08,-1.6384107692631445e-05,-1.978269659311009,-0.3298651356803276
817,0.9999094379253324,0.49962128054145566,0.9999999948390397,-0.0002712081214901831,-0.00030433092169004173,-0.025821723849404662,-0.002927418565377593,-8.323704747681404e-08,-1.659573696641287e-05,-1.978324377515248,-0.3312181891787296
818,0.9999216733356538,0.4996270812688378,0.9999999943292205,-0.0002718643814963106,-0.00030395924398637306,-0.025823824436726928,-0.0029401166830211878,-8.324582978502804e-08,-1.680884427815683e-05,-1.9783790822690155,-0.3325727996365468
819,0.9999304633759327,0.4996328307139096,0.9999999937953967,-0.0002725170035317413,-0.0003035663806044782,-0.02582557906789163,-0.0029528834857046604,-8.349398683549225e-08,-1.7023378932973374e-05,-1.9784337699033419,-0.33392890177639745
820,0.9999357601133223,0.4996385219154886,0.9999999932375934,-0.0002731658499979283,-0.00030315196314910874,-0.025827007903870755,-0.002965721767395735,-8.402709283927834e-08,-1.7239346590667406e-05,-1.9784884367524662,-0.3352864298715619
821,0.9999375165674399,0.4996441580467882,0.9999999926558426,-0.00027381088207869793,-0.0003027165862032328,-0.025828122460610444,-0.0029785996302962303,-8.429117315245094e-08,-1.7456740889527568e-05,-1.9785430792358296,-0.3366453171460284
822,0.9999356841996961,0.4996497388887042,0.9999999920501672,-0.0002744519681449941,-0.0003022592470209658,-0.02582888913878605,-0.0029915492050349712,-8.462144762688695e-08,-1.7675520183397817e-05,-1.9785976937729945,-0.3380054952466888
823,0.9999302129698753,0.49965525874473277,0.9999999914205977,-0.00027508902033554174,-0.00030178048273691086,-0.025829337442249092,-0.0030045523308217525,-8.496162706705945e-08,-1.7895694188251516e-05,-1.978652276816356,-0.33936689634874334
824,0.9999210524280528,0.4996607215008384,0.9999999907671636,-0.0002757219614094263,-0.00030128074173283473,-0.025829422558142887,-0.003017606446519494,-8.51708819027408e-08,-1.8117210795239838e-05,-1.9787068248340944,-0.3407294519309307
825,0.9999081508933172,0.4996661209088898,0.9999999900898993,-0.0002763506750231911,-0.0003007595569534817,-0.02582916267849262,-0.00303072901442647,-8.563243625303585e-08,-1.834007094475254e-05,-1.9787613342935626,-0.34209309216780626
826,0.9998914558833484,0.49967146074606605,0.9999999893888433,-0.0002769750916101597,-0.0003002169758151212,-0.025828564327681068,-0.003043884877115488,-8.563646503034761e-08,-1.856426146593064e-05,-1.9788158017273965,-0.3434577459386685
827,0.9998709135256049,0.49967673601695745,0.9999999886640332,-0.0002775950507375012,-0.00029965261877793847,-0.025827598933762252,-0.0030571126844733953,-8.611999646745971e-08,-1.8789742891177474e-05,-1.9788702236669398,-0.3448233411303453
828,0.9998464698537802,0.49968194607503924,0.9999999879155176,-0.0002782104842955521,-0.0002990668663196537,-0.02582629382674607,-0.0030703910160809755,-8.639936055487851e-08,-1.9016521825221362e-05,-1.9789245966828846,-0.3461898055016216
829,0.9998180686941679,0.49968709374234116,0.9999999871433407,-0.0002788212978563095,-0.0002984597618998303,-0.0258246060857359,-0.0030837329104542732,-8.659306871550143e-08,-1.9244543096764576e-05,-1.9789789173621448,-0.347557066256702
830,0.9997856549454655,0.4996921734068616,0.9999999863475515,-0.0002794273869996547,-0.0002978315228056427,-0.025822552826516233,-0.003097129985690117,-8.704328280373375e-08,-1.9473804297750754e-05,-1.9790331822852352,-0.3489250498085833
831,0.9997491706862871,0.49969718759876364,0.9999999855282096,-0.0002800286455560555,-0.0002971820505353512,-0.025820143940516592,-0.003110574558377266,-8.726434685968343e-08,-1.9704295579309617e-05,-1.9790873881040705,-0.35029368148972667
832,0.9997085569414134,0.49970213506734495,0.9999999846853638,-0.00028062498569510485,-0.00029651120541958847,-0.025817350060310225,-0.0031240812968462706,-8.758670588804307e-08,-1.9935969922056575e-05,-1.9791415314690128,-0.3516628854926954
833,0.999663755588871,0.49970701449158755,0.9999999838190682,-0.0002812162872622753,-0.00029581905895143126,-0.02581419785109919,-0.0031376401893794537,-8.791833039367702e-08,-2.016883479976744e-05,-1.9791956090604157,-0.3530325853387999
834,0.9996147051263274,0.4997118286990495,0.9999999829293803,-0.00028180245578766894,-0.00029510571067981094,-0.025810648865067197,-0.0031512591522186995,-8.822313191103603e-08,-2.0402834076521004e-05,-1.9792496175862717,-0.35440270429443066
835,0.9995613467002212,0.49971657518299856,0.9999999820163582,-0.00028238340139256294,-0.0002943714939655826,-0.02580671441247659,-0.0031649209558963776,-8.832618192400332e-08,-2.0637958058126003e-05,-1.9793035537372425,-0.3557731645537505
836,0.9995036174297284,0.49972125137106493,0.9999999810800773,-0.0002829589688533045,-0.0002936161384591127,-0.025802405903912928,-0.003178647719323635,-8.870090795198848e-08,-2.0874198121002673e-05,-1.9793574142780113,-0.3571438875789567
837,0.9994414536787138,0.4997258601519302,0.9999999801206021,-0.000283529118277271,-0.00029284004497133747,-0.025797694862240372,-0.0031924229115247726,-8.89263915837546e-08,-2.111150340278262e-05,-1.979411195980201,-0.35851479471799164
838,0.9993747936914322,0.4997303993393242,0.9999999791379984,-0.00028409370575426115,-0.0002920434244545069,-0.025792604449431922,-0.003206241177394986,-8.909032800374916e-08,-2.134987715455121e-05,-1.9794648956400325,-0.35988580626711586
839,0.9993035707667568,0.49973487001806016,0.9999999781323407,-0.0002846526395761911,-0.0002912260746294763,-0.02578710022191254,-0.003220133250579238,-8.95162060032817e-08,-2.158926103319737e-05,-1.9795185100759296,-0.36125684176773365
840,0.9992277223849825,0.49973927123777745,0.9999999771037066,-0.0002852058058397683,-0.0002903884236075108,-0.025781196717073546,-0.0032340658362954855,-8.984514465737448e-08,-2.1829650328063604e-05,-1.979572036107216,-0.3626278197862999
841,0.9991471806860985,0.49974360198750434,0.9999999760521849,-0.0002857530989902485,-0.00028953008502274473,-0.02577490013042852,-0.0032480417285114527,-8.989088939870271e-08,-2.207102392623904e-05,-1.979625470621847,-0.36399865831393324
842,0.999061877662303,0.4997478639451351,0.999999974977852,-0.0002862944312413764,-0.00028865179071457917,-0.02576818765985098,-0.0032620816491544247,-9.031968772887922e-08,-2.231333740603381e-05,-1.9796788105108403,-0.365369274756239
843,0.9989717474355796,0.4997520575649321,0.9999999738807891,-0.0002868296880186145,-0.00028775315020392636,-0.025761077289214576,-0.0032761655747890472,-9.032358150307118e-08,-2.2556582573810724e-05,-1.9797320526934066,-0.36673958615140445
844,0.9988767192566068,0.4997561808215683,0.9999999727610792,-0.00028735877927573263,-0.0002868351111457558,-0.025753539497178818,-0.0032903125975281,-9.08087542939029e-08,-2.280070462454484e-05,-1.9797851940944466,-0.36810950887014304
845,0.9987767263809911,0.49976023499618927,0.9999999716188201,-0.0002878815514888354,-0.000285897148998334,-0.025745584385110785,-0.0033045008312910795,-9.090783237297728e-08,-2.3045690260940447e-05,-1.979838231633967,-0.36947895848022294
846,0.9986716972450332,0.4997642195826934,0.9999999704541156,-0.0002883979591768916,-0.00028493996696442504,-0.025737220134900162,-0.003318737493827939,-9.112432763913603e-08,-2.329152040801958e-05,-1.9798911622863884,-0.3708478496528683
847,0.9985615584769443,0.49976813580182095,0.9999999692670676,-0.0002889078136422054,-0.00028396316407052125,-0.02572842260236801,-0.0033330246806144714,-9.133171374742233e-08,-2.3538145663962856e-05,-1.9799439830298509,-0.3722160961904609
848,0.9984462417461991,0.4997719816286389,0.9999999680577949,-0.0002894110622418215,-0.00028296745997957116,-0.025719215273852774,-0.0033473565708845854,-9.170933168434203e-08,-2.3785567334834063e-05,-1.9799966908997566,-0.3735836113630056
849,0.9983256702833354,0.49977576097480997,0.9999999668263981,-0.00028990761172002425,-0.00028195245320489806,-0.025709565758267095,-0.003361741080880165,-9.183916205302012e-08,-2.40337176488416e-05,-1.9800492829390977,-0.3749503078761185
850,0.9981997753574076,0.4997794723598246,0.999999965572983,-0.00029039734261372116,-0.00028091890664575794,-0.025699483728116965,-0.003376175882294774,-9.199819572813794e-08,-2.4282582816137174e-05,-1.9801017561619436,-0.37631609827676527
851,0.9980684807780409,0.49978311473437675,0.9999999642976709,-0.00029088015276975033,-0.00027986696498702267,-0.025688980902246642,-0.003390667727217078,-9.243617427046047e-08,-2.453214710088037e-05,-1.9801541076632738,-0.3776808940022641
852,0.9979317090357082,0.49978669274916815,0.9999999630005746,-0.0002913559245702109,-0.00027879665313843536,-0.02567803174381748,-0.0034051905386149883,-9.242271659104517e-08,-2.4782351434113738e-05,-1.9802063345319525,-0.3790446059726166
853,0.9977893884401454,0.49979020404434193,0.9999999616818178,-0.0002918245542208966,-0.0002777084406695828,-0.02566665537298717,-0.003419767366722226,-9.266450007316962e-08,-2.503319014478719e-05,-1.980258433870512,-0.3804071448150634
854,0.9976414389125167,0.499793649878149,0.9999999603415337,-0.0002922859208410273,-0.0002766026900536248,-0.025654824670412503,-0.0034343814477324486,-9.285744084763792e-08,-2.5284603171537365e-05,-1.9803104028045624,-0.3817684202793248
855,0.9974877876210929,0.4997970304973435,0.9999999589798565,-0.00029273994392461645,-0.0002754792995916094,-0.025642548387593316,-0.003449039300903678,-9.299770198367696e-08,-2.5536570134178936e-05,-1.9803622384386301,-0.3831283416464203
856,0.9973283549460018,0.49980034639438875,0.9999999575969266,-0.000293186506197677,-0.0002743389032747557,-0.025629835841719996,-0.0034637516364455223,-9.329571781790946e-08,-2.5789073332269476e-05,-1.980413937940317,-0.3844868174542636
857,0.9971630596207552,0.49980359873783137,0.9999999561928794,-0.00029362549886578987,-0.0002731814457081088,-0.025616665585825586,-0.003478506812825799,-9.343965245989239e-08,-2.6042055428228202e-05,-1.980465498489348,-0.3858437558335351
858,0.9969918273285425,0.4998067883932557,0.99999995476786,-0.0002940568178928315,-0.0002720076239039068,-0.0256030543847573,-0.0034933113493025303,-9.357573560464516e-08,-2.629550450555364e-05,-1.9805169172754882,-0.38719906487877903
859,0.9968145738179475,0.4998099166738292,0.9999999533220162,-0.00029448036334316075,-0.0002708177066574458,-0.02558897720399841,-0.003508136374875903,-9.373577114502041e-08,-2.654936020489643e-05,-1.980568191502929,-0.38855265143410767
860,0.9966312235359588,0.4998129822412481,0.9999999518555043,-0.0002948960103987905,-0.0002696115856379358,-0.025574440382651335,-0.0035230061039328575,-9.375526133226231e-08,-2.6803597623415335e-05,-1.9806193183663883,-0.3899044217560726
861,0.9964416939881509,0.49981598660301835,0.9999999503684942,-0.000295303669362768,-0.0002683899993127291,-0.025559453028484645,-0.0035379217006266117,-9.399682454613867e-08,-2.7058195280116673e-05,-1.9806702951154938,-0.3912542817199528
862,0.9962459007334885,0.49981893082056084,0.9999999488611453,-0.0002957032275427113,-0.00026715302396548623,-0.0255439971695649,-0.003552887821570039,-9.432415026822127e-08,-2.7313096337369747e-05,-1.980721119007232,-0.392602136485278
863,0.9960437654547865,0.4998218152208941,0.9999999473336247,-0.00029609458158406774,-0.00026590115058353027,-0.025528088483812435,-0.0035678844433277845,-9.436640624471693e-08,-2.7568286764735358e-05,-1.9807717873148303,-0.39394789076548
864,0.9958352011082489,0.49982464340952176,0.9999999457861017,-0.0002964776275329914,-0.0002646346066723695,-0.025511701272150192,-0.0035828982945531607,-9.433593817220753e-08,-2.7823699573432706e-05,-1.9808222973133636,-0.39529144824356877
865,0.9956201298939165,0.4998274114847497,0.9999999442187604,-0.00029685223654303983,-0.00026335354723488834,-0.025494845013962413,-0.0035979710519313812,-9.459034089331908e-08,-2.807931340329707e-05,-1.9808726462666233,-0.39663271223101215
866,0.9953984659259144,0.49983012299695473,0.9999999426317965,-0.00029721832902283255,-0.00026205870607265826,-0.025477526386187166,-0.0036130778025835752,-9.471503403801762e-08,-2.8335100210872297e-05,-1.980922831497309,-0.3979715860763262
867,0.9951701223863644,0.49983278037115025,0.9999999410253879,-0.00029757580298171114,-0.00026075049071331435,-0.025459726961066974,-0.003628219710662961,-9.484568153084183e-08,-2.8590998482122025e-05,-1.9809728503192887,-0.3993079721287369
868,0.9949350185373952,0.4998353819528264,0.9999999393997344,-0.0002979245142050405,-0.00025942907085173077,-0.025441462918816157,-0.00364339048974216,-9.495444430740463e-08,-2.88469966351674e-05,-1.9810227000648806,-0.40064177198615575
869,0.9946930643638414,0.49983793077753924,0.9999999377550315,-0.0002982644139810824,-0.00025809480587214533,-0.0254227096517189,-0.003658592002466321,-9.49008054362821e-08,-2.91030213127657e-05,-1.9810723780727046,-0.4019728872719879
870,0.994444181295706,0.4998404262008707,0.9999999360914803,-0.0002985953488098043,-0.00025674846886960455,-0.02540347515043345,-0.0036738307680934668,-9.506509712764455e-08,-2.9359049528740272e-05,-1.981121881666319,-0.4033012189737198
871,0.9941882798340881,0.4998428693233779,0.9999999344093077,-0.0002989172298209817,-0.00025539023884926326,-0.02538376731102321,-0.0036890991032123566,-9.52414040966687e-08,-2.96150526629393e-05,-1.981171208238698,-0.40462666724464774
872,0.9939252709729082,0.499845262212923,0.9999999327087231,-0.00029922995502697843,-0.00025402057059611114,-0.025363567259433742,-0.0037043974734842777,-9.520270083385185e-08,-2.987096258428103e-05,-1.9812203551662575,-0.40594913208839856
873,0.9936550731809276,0.4998476041358911,0.9999999309899547,-0.0002995334013806415,-0.0002526401156922047,-0.02534288879490129,-0.00371971121057868,-9.526119981728698e-08,-3.0126762981458737e-05,-1.9812693198402451,-0.4072685125900567
874,0.9933775937814909,0.4998498966908285,0.9999999292532378,-0.0002998274764805949,-0.00025124901057861507,-0.02532171345294798,-0.0037350694183260202,-9.539758849541613e-08,-3.038238450697405e-05,-1.981318099668004,-0.408584707516237
875,0.993092751775663,0.4998521412516404,0.9999999274988015,-0.00030011209598938604,-0.00024984802136688076,-0.02530004800138919,-0.0037504411302506924,-9.551558832754381e-08,-3.063779819366063e-05,-1.9813666920356168,-0.4098976151520344
876,0.9928004554241385,0.49985433860435213,0.9999999257268869,-0.0003003871371895302,-0.0002484372851434914,-0.025277920859888513,-0.003765842877328396,-9.553622248859028e-08,-3.089299706935887e-05,-1.9814150944061024,-0.4112071325060691
877,0.9925006055097402,0.4998564926754599,0.9999999239377254,-0.0003006524791300811,-0.00024701729950957397,-0.025255267486850728,-0.0037812606897205114,-9.532318046012733e-08,-3.114785255030218e-05,-1.9814633041859353,-0.4125131568137179
878,0.9921931376084137,0.4998585992095144,0.9999999221315824,-0.0003009080369646523,-0.00024558898388718064,-0.0252321511772367,-0.0037967353127896786,-9.581626159160805e-08,-3.140241053245552e-05,-1.9815113187968365,-0.4138155857571432
879,0.9918779392197935,0.4998606655362066,0.9999999203087064,-0.000301153745318608,-0.00024415299557800565,-0.02520850452878438,-0.003812196897342801,-9.548333679276766e-08,-3.16565362681864e-05,-1.9815591356891098,-0.4151143162149964
880,0.9915549466095617,0.49986268707172476,0.9999999184693626,-0.0003013894457419575,-0.00024270953297569163,-0.02518437751834275,-0.0038276552222669125,-9.54125596308586e-08,-3.1910253999407564e-05,-1.9816067522842058,-0.4164092434082928
881,0.9912240492641816,0.4998646657917941,0.9999999166138631,-0.0003016150250050993,-0.00024125885579134737,-0.025159756621879848,-0.0038431650027632713,-9.578299398071977e-08,-3.2163498936688274e-05,-1.9816541660677562,-0.4177002616714898
882,0.9908851624892027,0.4998666055079435,0.9999999147424726,-0.00030183043201478403,-0.00023980152875106308,-0.02513462514272345,-0.0038586806040257215,-9.554953805945843e-08,-3.241620392621438e-05,-1.9817013744913146,-0.4189872654684821
883,0.9905382043846765,0.49986850548075085,0.9999999128554838,-0.00030203552246241017,-0.00023833847288283217,-0.025109007636989606,-0.0038742271717637777,-9.575602177847031e-08,-3.266844276932496e-05,-1.981748375029406,-0.4202701476351873
884,0.9901830843548198,0.49987036604862334,0.9999999109532288,-0.0003022299061932411,-0.00023686948136688492,-0.02508290637989888,-0.003890062915161252,-9.900002595486512e-08,-3.292005375509265e-05,-1.9817951651630037,-0.4215488050647773
885,0.9898197015384583,0.49987219832813395,0.9999999090358545,-0.00030241415833849063,-0.0002353986597522269,-0.025056286322872733,-0.0039055808447301388,-9.522527477656695e-08,-3.3170963348484754e-05,-1.9818417423375294,-0.42282313730181703
886,0.9894479813487915,0.4998740014909566,0.9999999071035343,-0.000302587823244618,-0.00023392459473854,-0.02502919044980551,-0.003921230789273977,-9.618749174933328e-08,-3.342118994835243e-05,-1.981888104090945,-0.4240930451060835
887,0.9890678250856948,0.49987578410435357,0.9999999051564923,-0.00030275109464601864,-0.00023244986820129745,-0.025001572376934157,-0.00393680902197957,-9.553592406064126e-08,-3.367076781880346e-05,-1.9819342479113133,-0.425358423932887
888,0.9886791676645142,0.49987753041518557,0.9999999031950356,-0.00030290293322406353,-0.00023097063144503517,-0.024973502119146316,-0.003952935338020325,-1.0190917265617827e-07,-3.391937621074072e-05,-1.9819801712751322,-0.42661917438985963
889,0.9882818518058114,0.49987926784025,0.9999999012191316,-0.00030304531784742557,-0.00022949574825712588,-0.024944816156975358,-0.003967952914535999,-8.908667581408736e-08,-3.416698292209067e-05,-1.9820258716104082,-0.42787519446252653
890,0.9878758815169386,0.49988097103212153,0.9999998992291623,-0.00030317590516636464,-0.00022801596801344827,-0.024915661452355183,-0.003983764443546534,-9.718526428059704e-08,-3.441374444516102e-05,-1.9820713463739663,-0.4291263766933051
891,0.9874611171710738,0.49988265485812333,0.9999998972257386,-0.0003032959131013876,-0.00022653790020756378,-0.024885974030974995,-0.003999227657914162,-9.48141476442288e-08,-3.4659481212166145e-05,-1.9821165930481301,-0.43037260646718245
892,0.9870374499394957,0.49988428982473515,0.9999998952092192,-0.00030340412410438585,-0.0002250545114973135,-0.0248557641386178,-0.004014846868813038,-9.561509273225965e-08,-3.49041823007426e-05,-1.9821616089828702,-0.4316137598221339
893,0.9866048150500965,0.49988589777092535,0.9999998931802714,-0.000303500995414177,-0.0002235717091053679,-0.024825036873121216,-0.0040304409340023994,-9.534662126498006e-08,-3.514782297511088e-05,-1.9822063916381023,-0.4328497248439077
894,0.9861631217723547,0.49988747689686014,0.9999998911393368,-0.000303586367245564,-0.00022208993276444494,-0.02479380855267818,-0.004046117886900902,-9.630014119466068e-08,-3.539047979350735e-05,-1.982250938461582,-0.4340803875588074
895,0.9857122873285211,0.49988903108466104,0.9999998890868605,-0.00030365980124370654,-0.00022060952399327878,-0.024762075486576517,-0.00406215526163578,-1.003099896479398e-07,-3.563174834793626e-05,-1.9822952468937431,-0.4353056447886884
896,0.9852521863887174,0.49989057736126336,0.9999998870228728,-0.0003037228974458462,-0.0002191372597212279,-0.02472978060865135,-0.004077185411006212,-8.946986440605542e-08,-3.587174600918688e-05,-1.9823393144059915,-0.43652538946627806
897,0.9847827834793427,0.49989210011422924,0.9999998849478157,-0.0003037736089156745,-0.00021766560859426016,-0.024696955281302703,-0.004092948045581579,-9.652872989818206e-08,-3.611043059327504e-05,-1.9823831384586263,-0.43773950929329675
898,0.9843039863379662,0.4998936046312823,0.9999998828623282,-0.00030381298759460265,-0.0002162000245982973,-0.024663622800129008,-0.004108399618417025,-9.471335715716123e-08,-3.634786075270703e-05,-1.982426716470766,-0.4389478833328738
899,0.9838156616242842,0.4998950696792134,0.9999998807669419,-0.00030383952059985546,-0.0002147350415671833,-0.024629752784799147,-0.004124250262975693,-9.838488068680817e-08,-3.658371819825488e-05,-1.982470045789297,-0.4401503897725423
900,0.9833177413586062,0.4998965226264214,0.9999998786621439,-0.0003038548714642836,-0.0002132792217385227,-0.024595315102257546,-0.00413944898173213,-9.177038151619854e-08,-3.6818083760512387e-05,-1.982513123753411,-0.44134691568086437
901,0.9828101694630007,0.4998979533877904,0.9999998765484388,-0.0003038575876619846,-0.00021182819702104616,-0.024560387977990577,-0.0041551534086465836,-9.656212540676279e-08,-3.705095001645412e-05,-1.9825559478364612,-0.4425373453269129
902,0.9822928193864576,0.49989937382064115,0.9999998744263839,-0.00030384855087028635,-0.0002103865099601827,-0.024524862014260844,-0.004170496482402086,-9.384999088979384e-08,-3.728191708924666e-05,-1.9825985154115786,-0.4437215633467879
903,0.981765617669609,0.4999007686371555,0.9999998722963905,-0.0003038274946081021,-0.00020895247645867833,-0.02449235981255617,-0.004185400437563658,-8.908127568929558e-08,-3.7515455138703075e-05,-1.9826408213148063,-0.44489935158103333
904,0.9812253106823474,0.4999004420581442,0.9999998701544287,-0.000303790835351644,-0.00020760510975288368,-0.024455614609057798,-0.004201170522719622,-9.344297779989574e-08,-3.7744123680726464e-05,-1.9826828635929428,-0.4460706020652397
905,0.9806783696365721,0.4999018494863067,0.9999998680019455,-0.0003037426408938769,-0.00020618905257236846,-0.024418444163420105,-0.004217732697725296,-1.0670320449435167e-07,-3.797088362674404e-05,-1.9827246429838945,-0.4472353110209662
906,0.9801212516222684,0.49990325144288306,0.9999998658446431,-0.00030368274656872063,-0.00020479039604722615,-0.024380761250426354,-0.004232821520417929,-9.234006626002156e-08,-3.8195979549805936e-05,-1.9827661565537573,-0.4483933552685527
907,0.9795539578915853,0.49990463371693405,0.9999998636829497,-0.00030360866981538103,-0.0002034005294237179,-0.024346220627949788,-0.004248931538313627,-1.0328771082868116e-07,-3.842342377498328e-05,-1.9828073992329482,-0.44954452561463987
908,0.9789729483229029,0.4999044033126737,0.9999998615118567,-0.00030352075065591356,-0.00020211615217288536,-0.02431027878338772,-0.004264366813004017,-9.162798875195222e-08,-3.86882318830847e-05,-1.9828483716406824,-0.4506883407428508
909,0.9783870643506308,0.4999055762121928,0.9999998593420564,-0.0003033366430372463,-0.00020061706548624915,-0.02427817687051453,-0.004359198734164238,-3.4183326533820946e-06,-3.890238310471335e-05,-1.9828890777756734,-0.45182611460844235
910,0.9777842787003289,0.4999091763163566,0.9999998571115395,-0.00030334088781819736,-0.00019984847398974405,-0.024235954127503657,-0.004284361843019724,-2.436296881569433e-06,-3.9106658305829345e-05,-1.982929509851017,-0.45295870719318165
911,0.977177554812697,0.49991231955388765,0.9999998548206653,-0.00030322491797983933,-0.00019873906096712796,-0.02419643279745711,-0.004328321199864149,-1.1183126389369136e-06,-3.9313497891087464e-05,-1.9829696688547882,-0.4540863095154587
912,0.9765611678369411,0.4999165926252625,0.9999998525047751,-0.00030317765386564816,-0.0001978305640070745,-0.02415672661469561,-0.004312706179916859,-1.3969330439067562e-06,-3.9518948429110594e-05,-1.9830095476442893,-0.45520803014907046
913,0.9759275806296025,0.49991636761341435,0.9999998501622083,-0.0003030236228339001,-0.00019654309422486723,-0.02412039281924738,-0.004329782444983721,-1.1118174114699286e-07,-3.9730856555384036e-05,-1.9830491286093375,-0.4563215272387597
914,0.9752792393920215,0.49991441180319235,0.9999998478311825,-0.00030284664355171865,-0.00019534053253690288,-0.024086908887536028,-0.004343362059444189,-1.0606697742332472e-07,-3.9947689484124493e-05,-1.9830884054337692,-0.457426147066362
915,0.9746158029229108,0.49991050438266876,0.9999998455082223,-0.00030263847577216205,-0.00019422922043796335,-0.024056574677036164,-0.004360518883913755,-1.0010462148102306e-07,-4.0170359988340905e-05,-1.983127372053051,-0.4585213681023436
916,0.9739375887157735,0.4999049569033168,0.9999998431893321,-0.0003024094697376623,-0.0001932791012950411,-0.0240293297907173,-0.004377428907901049,-9.786418075918846e-08,-4.039886561062409e-05,-1.9831660243362048,-0.45960693271012354
917,0.9732443892321397,0.4998976229117195,0.9999998408647326,-0.00030215975936268946,-0.0001925030131744203,-0.023994095666720398,-0.00439539086073637,-1.0058894872599922e-07,-4.108292337455671e-05,-1.9832045162623713,-0.46068210647041724
918,0.9725714627764133,0.4998977897882715,0.9999998386148117,-0.0003015960243910359,-0.00019090094684051572,-0.02398762799703882,-0.004711158107966185,-3.491875759209506e-05,-4.192013891657114e-05,-1.983243006091225,-0.4617505230350863
919,0.9718647723833995,0.4999038538108877,0.9999998362644796,-0.0003014112897332583,-0.00019108817290956366,-0.023957745516708023,-0.004688340239226818,-4.826858457818162e-06,-4.175918945412832e-05,-1.9832812876086756,-0.4628199451691997
920,0.97114888135777,0.49991886353770126,0.9999998335234719,-0.0003015710439452063,-0.00019211528688820696,-0.023911893123131245,-0.00448633125051856,-1.9876279111485928e-05,-4.1731859960384056e-05,-1.9833191894759534,-0.4638953073043612
921,0.9704484786663392,0.49993347122787063,0.9999998304587114,-0.00030164010808447967,-0.00019275580442846605,-0.02387352110322542,-0.0045287092216312885,-4.61770105175674e-06,-4.179226519173101e-05,-1.9833567641658338,-0.46497624219739375
922,0.9697249685291901,0.4999409263067634,0.9999998271426963,-0.0003016766269732458,-0.0001928742452060801,-0.02381940137038044,-0.004472562577575445,-1.3329335160960909e-05,-4.186420821299008e-05,-1.9833939786280042,-0.4660541523118736
923,0.9689832418855933,0.4999447607167511,0.9999998237645551,-0.0003013533364915722,-0.00019142474711118473,-0.023755281688812427,-0.004488619044423103,-1.1734649518757578e-07,-4.162502886388654e-05,-1.9834306595783298,-0.4671236901418929
924,0.9682223871775751,0.4999490343392589,0.9999998205077262,-0.0003013552065090489,-0.0001903798567297439,-0.023674018800760314,-0.004198374226689339,-3.507424844428897e-05,-4.17913578448643e-05,-1.983466835506911,-0.468179610161535
925,0.9674786211111571,0.4999455117271139,0.9999998176599478,-0.0003005535061914434,-0.00018724303517568154,-0.02362866623642491,-0.004555634688585997,-4.9370275519322604e-05,-4.200669200681023e-05,-1.9835027167577253,-0.46921786548487876
926,0.9666928355807162,0.4999427883091609,0.9999998152031535,-0.0003001437033020434,-0.0001852317875807006,-0.02357323174282441,-0.0044615487568080425,-1.3022789062233642e-05,-4.2192099676924624e-05,-1.9835382562451493,-0.4702366933725509
927,0.9658839195054031,0.4999349282119848,0.9999998129819174,-0.00029943512079202636,-0.00018324299545970012,-0.02352932707763393,-0.004546600393950939,-1.745156987453811e-05,-4.240023282573735e-05,-1.9835734388279658,-0.47123729557497207
928,0.9650744530328121,0.49993450694933045,0.9999998110175738,-0.00029898449413456657,-0.00018230344739437546,-0.023487979319648595,-0.00456102704629302,-9.804799105950224e-08,-4.260445698856056e-05,-1.9836082900531284,-0.4722257900341488
929,0.9642482543915026,0.4999326320691964,0.9999998091427236,-0.00029851696270377865,-0.00018159280495736235,-0.023449399171797246,-0.004578634165227413,-1.125721524886103e-07,-4.280700255793118e-05,-1.9836427961382386,-0.47320182852147885
930,0.9634052099686354,0.4999294756242379,0.9999998073504396,-0.0002980303309425297,-0.00018112543325266668,-0.023387265120183992,-0.004595499951392412,-1.0722173016119996e-07,-4.282291899585474e-05,-1.9836768674699894,-0.4741683813186448
931,0.9625657769751114,0.49993126212176103,0.999999805576144,-0.0002979249958573806,-0.00018052435424977372,-0.023304490688387684,-0.004344589076936245,-2.489547841832973e-05,-4.300662072135528e-05,-1.9837104205102596,-0.4751242427229684
932,0.9617292766354121,0.4999257463269817,0.9999998040074789,-0.00029743566401718333,-0.00017896904791557717,-0.023221744010307358,-0.0043897307477891445,-4.1957214307331014e-06,-4.3390690271011746e-05,-1.9837434599966781,-0.47606368312827857
933,0.9608757277002261,0.4999172791955732,0.9999998028636429,-0.0002970188452118363,-0.0001769524622769876,-0.023128040439774546,-0.004269003868103027,-2.167323327739723e-05,-4.3626970177158126e-05,-1.9837759747651025,-0.4769779269616047
934,0.9600029915354688,0.49989521211953797,0.9999998023105552,-0.000296114005538467,-0.00017442346353976557,-0.023044931740565638,-0.004363213665783405,-3.5864050005329773e-06,-4.386044325234036e-05,-1.9838080109719656,-0.47786014226498685
935,0.9591114884294024,0.49986991228323563,0.9999998024245242,-0.0002952978371023245,-0.00017246196231292807,-0.022960138597086725,-0.004351709503680468,-1.094955109692819e-06,-4.4064488302536186e-05,-1.9838396004912209,-0.47871028324282705
936,0.9582070674309738,0.49983890167753847,0.9999998030973444,-0.0002944023574862771,-0.00017105266517329238,-0.02287923447511562,-0.004381387494504452,-1.235987156178453e-06,-4.424748566827013e-05,-1.983870781455365,-0.4795293148682307
937,0.9572960248087634,0.49980805996151617,0.9999998042571239,-0.00029358426213100885,-0.00017003140164542762,-0.022799996629485873,-0.004396953620016575,-1.7346319225453044e-07,-4.438932686071341e-05,-1.9839016059160857,-0.4803195906968841
938,0.9563741263070079,0.49977460656834594,0.9999998057821134,-0.00029275645406757567,-0.00016939631145712592,-0.022724800888941948,-0.004427563399076462,-4.2457554627617355e-07,-4.444779669526991e-05,-1.9839321656288182,-0.48108189446618754
939,0.9554416232727617,0.4997395295956752,0.9999998075885789,-0.00029189286952105225,-0.000169190681846376,-0.022662026112346922,-0.004496391862630844,-1.9911487925128313e-06,-4.409694310061136e-05,-1.9839625832160275,-0.48181705967828503
940,0.9545007591408914,0.499704430041938,0.999999809576525,-0.00029088827524233673,-0.0001694540301747442,-0.02261713636668103,-0.004725776147097349,-2.075417069136165e-05,-4.4060090925457974e-05,-1.9839928964501465,-0.48253002194669514
941,0.9535350371305337,0.49968253505295374,0.9999998114681714,-0.0002902024791720852,-0.00017046331154316847,-0.022568344780210883,-0.004724843427538872,-4.470081876206677e-06,-4.4149783164016874e-05,-1.9840230627303215,-0.483228306285441
942,0.9525683324112225,0.4996739781869438,0.9999998130328227,-0.00028959248377003925,-0.0001716609873270818,-0.022522664938173464,-0.004785903263837099,-7.761471351841465e-06,-4.430351858555254e-05,-1.9840530657694295,-0.48391927839883553
943,0.9516022084467162,0.49968220060197766,0.9999998141641397,-0.0002891785838193419,-0.00017229623733772237,-0.022474519197843577,-0.00479609752073884,-1.1339884053995775e-07,-4.446713285913184e-05,-1.9840828849873569,-0.48460732410205987
944,0.9506229250592515,0.49969311910168257,0.9999998147913247,-0.00028874646277544155,-0.00017301080415461095,-0.02242435061272174,-0.004807666875422001,-1.2270704985439806e-07,-4.462581058592498e-05,-1.9841124792186513,-0.4852919853717672
945,0.9496305262606218,0.4997062210449321,0.999999814966462,-0.00028828969360278014,-0.0001738060515385313,-0.022372412935571278,-0.004818401765078306,-1.1832686652724078e-07,-4.477388609175049e-05,-1.9841418161714737,-0.485972750903808
946,0.9486251230720245,0.49972082816606267,0.9999998147386778,-0.00028780460555564074,-0.00017468380185980828,-0.02231896185730471,-0.004828889854252338,-1.1148438261443516e-07,-4.491011893958155e-05,-1.984170870071407,-0.48664909673130946
947,0.9476068667201784,0.49973654247806926,0.9999998141533958,-0.0002872899696388692,-0.00017562955156459557,-0.022264112152581537,-0.0048378328792750835,-1.1162275370679708e-07,-4.503474850985973e-05,-1.9841996199403569,-0.487320441972814
948,0.9465756318009292,0.49975284274957965,0.9999998132529274,-0.0002867434310575931,-0.00017663575240416248,-0.022208041596910866,-0.004846854601055384,-1.1465991178738477e-07,-4.5148823752256764e-05,-1.9842280481131362,-0.48798614429603404
949,0.9455313944347828,0.499769385955871,0.99999981207696,-0.0002861646410565069,-0.00017770747100770477,-0.02215083035659078,-0.004855874460190535,-1.1721158443833701e-07,-4.5253308020994624e-05,-1.984256139514815,-0.48864557106062134
950,0.9444742005490377,0.4997858885648833,0.9999998106620738,-0.00028555382192577204,-0.0001788507253855373,-0.0220925793258811,-0.004864952526986599,-1.2019278017305624e-07,-4.5349132289022594e-05,-1.9842838809520587,-0.48929810829593756
951,0.9434040533493814,0.49980213417793173,0.9999998090419656,-0.0002849115098659421,-0.00018007212991510445,-0.02203337065358764,-0.004874033387750387,-1.2298343676775403e-07,-4.543700741493031e-05,-1.9843112607433893,-0.4899431644270097
952,0.9423209497557312,0.4998179554295918,0.9999998072476001,-0.00028423847694473953,-0.0001813783325599749,-0.02197323412891533,-0.004883161745965481,-1.2661662651680672e-07,-4.5517363949650776e-05,-1.9843382682148918,-0.49058017070511317
953,0.9412249211744991,0.4998332232734952,0.9999998053074728,-0.0002835355296047045,-0.00018277691158451005,-0.02191223877982706,-0.004892271943390369,-1.2967647933237458e-07,-4.5590600333876586e-05,-1.9843648935451483,-0.4912085816584193
954,0.9401159560840777,0.49984784966820717,0.9999998032477851,-0.00028280362158280425,-0.00018427489485938682,-0.021850393671786747,-0.004901387263089418,-1.3344943283755129e-07,-4.5656828688785735e-05,-1.9843911275294674,-0.491827874982704
955,0.938994085609308,0.4998617675013213,0.9999998010926,-0.00028204363507724567,-0.0001858803122688646,-0.021787738707646265,-0.004910475108772516,-1.3700714873721154e-07,-4.5716190475122675e-05,-1.9844169613818305,-0.49243755077173257
956,0.9378593158967387,0.4998749385388006,0.9999997988640766,-0.00028125643948636507,-0.00018760093073485202,-0.021724313120525758,-0.004919569473713636,-1.4105062007274682e-07,-4.5768732735196967e-05,-1.9844423868082477,-0.493037130816666
957,0.9367116398596237,0.499887343613672,0.9999997965825254,-0.00028044292115000284,-0.00018944501686624817,-0.021660111090065118,-0.004928617272526026,-1.4483974553058943e-07,-4.5814369975505506e-05,-1.9844673957618175,-0.4936261577156712
958,0.935551105094084,0.4998989727422611,0.9999997942665728,-0.0002796038643784179,-0.0001914204821533308,-0.021595176333111966,-0.004937633406370878,-1.4906994749708247e-07,-4.5853109166421585e-05,-1.984491980459938,-0.4942041933064165
959,0.9343776980317056,0.4999098329046181,0.9999997919332589,-0.00027874007243483225,-0.00019353545495747634,-0.02152949679917992,-0.004946578294038773,-1.5333607450429554e-07,-4.588479823218889e-05,-1.984516133331039,-0.49477081696460934
960,0.9331914696176156,0.4999199346689396,0.9999997895981674,-0.00027785218287072625,-0.0001957982963049231,-0.021463099077151878,-0.004955513868480921,-1.5802756081484404e-07,-4.5909381123531765e-05,-1.9845398469323041,-0.4953256253783664
961,0.9319924316363132,0.4999292996841018,0.9999997872755813,-0.0002769408472534855,-0.00019821744473690975,-0.021396005451479915,-0.004964346531778574,-1.626041381541654e-07,-4.592677166833477e-05,-1.9845631140440583,-0.495868230120785
962,0.9307805909778409,0.4999379508054693,0.9999997849784729,-0.00027600664171059295,-0.0002008013161055254,-0.021328202553395875,-0.004973139613866806,-1.673726472972703e-07,-4.5936808463338215e-05,-1.9845859275271391,-0.4963982574492215
963,0.9295560121570965,0.4999459131792358,0.9999997827186763,-0.00027505006045363184,-0.00020355882133227298,-0.02125972108697833,-0.004981816280633211,-1.7239278804481728e-07,-4.593944016780563e-05,-1.984608280374793,-0.49691534775028773
964,0.9283187027464846,0.4999532159948343,0.9999997805069767,-0.00027407156582294825,-0.00020649828562962924,-0.021190547263088045,-0.004990444518625736,-1.7775778360373806e-07,-4.5934492474612005e-05,-1.9846301656643928,-0.4974191534567547
965,0.9270687223860256,0.49995988657465945,0.9999997783531382,-0.0002730715830050863,-0.00020962880385710613,-0.02112069707421456,-0.004998957738280296,-1.8309462745946803e-07,-4.5921889296416125e-05,-1.9846515765075834,-0.49790933848769026
966,0.9258061026429782,0.49996595361863516,0.9999997762660213,-0.0002720504545534131,-0.00021295908576115887,-0.02105018652107763,-0.005007388535887003,-1.8898124665156502e-07,-4.590153677514929e-05,-1.9846725062080068,-0.49838557742339223
967,0.924530876535023,0.4999714451566407,0.99999977425362,-0.00027100853120124666,-0.00021649861830037723,-0.02097899367304636,-0.005015680566430092,-1.9458343558653723e-07,-4.587321018844375e-05,-1.9846929480775637,-0.4988475553294426
968,0.9232431167862177,0.49997638572369757,0.9999997723231607,-0.0002699461214600982,-0.00022025666916956132,-0.02090716070638654,-0.00502374954521656,-2.0048362614488724e-07,-4.583734388738934e-05,-1.9847128954965965,-0.49929496046592775
969,0.9219428865801811,0.4999807976084342,0.9999997704813759,-0.00026886262388302806,-0.00022424371213378798,-0.0208347180720775,-0.0050325640477240086,-2.0920131760249205e-07,-4.579347817951933e-05,-1.9847323419745349,-0.49972749696658797
970,0.9206301731349104,0.49998471199362154,0.999999768733689,-0.0002677596395541221,-0.0002284678178846376,-0.020761619717809432,-0.005040622781962156,-2.156058656055393e-07,-4.5741452010787545e-05,-1.9847512809532597,-0.5001448865713194
971,0.9193051012029868,0.49998814708574635,0.9999997670847512,-0.00026663666336051273,-0.00023294023888611608,-0.020687906789639852,-0.005048792343586683,-2.1994262056068692e-07,-4.568129352142339e-05,-1.9847697060449712,-0.5005468648006679
972,0.9179677570779705,0.49999112642045546,0.9999997655388472,-0.0002654944351684088,-0.00023766368760447636,-0.020613547242645837,-0.005056742113083601,-2.2836509572243813e-07,-4.5612799222567463e-05,-1.9847876108568803,-0.5009331756157652
973,0.9166181905456635,0.4999936565012762,0.9999997640996148,-0.00026433260827931753,-0.00024265372584884374,-0.020538567345905343,-0.0050645992159843445,-2.356423038918365e-07,-4.553597872226331e-05,-1.9848049889251276,-0.501303560119096
974,0.9152564560366302,0.4999957512641489,0.9999997627705085,-0.0002631513036848852,-0.0002479196177209667,-0.020462950896316508,-0.005072378553450108,-2.43498220697802e-07,-4.545071679310036e-05,-1.9848218338506929,-0.5016577673382349
975,0.9138826582117439,0.49999742005440323,0.9999997615545307,-0.000261950571638806,-0.0002534723372342703,-0.02038670903453853,-0.005080119241029024,-2.5133456915682473e-07,-4.535685461265893e-05,-1.9848381391937562,-0.5019955559792342
976,0.9124968625244488,0.49999867141618765,0.9999997604542334,-0.00026073070222509587,-0.0002593211754279243,-0.02030983952208862,-0.005087532103061676,-2.5913476520145196e-07,-4.525439020773161e-05,-1.9848538985924344,-0.5023166911644082
977,0.9110991714201074,0.4999995099337494,0.9999997594719303,-0.0002594914524126665,-0.000265477279457232,-0.02023234748251435,-0.005094957537949085,-2.6752954340736324e-07,-4.514344878514271e-05,-1.984869105712077,-0.5026209405992664
978,0.9096896964114088,0.49999993854233926,0.9999997586097393,-0.0002582327030094126,-0.00027195154778789457,-0.020154264566529776,-0.00510259298607707,-2.7731149998544424e-07,-4.5023837497599556e-05,-1.984883754219749,-0.5029080813830415
979,0.9082684700077662,0.4999999581023487,0.9999997578691627,-0.00025695488887346604,-0.00027875558664421313,-0.020078891314566534,-0.005109929013997316,-2.865385226868966e-07,-4.499322372048935e-05,-1.984897844439357,-0.5031773669763986
980,0.9068401905170733,0.4999995993607507,0.9999997572693569,-0.0002555579100080345,-0.0002861012753942285,-0.020007952641465345,-0.0052384608425199986,-4.607870323525276e-06,-4.4840155409332895e-05,-1.9849113740705169,-0.5034302595997376
981,0.9053850408321319,0.49999844849726044,0.9999997566960049,-0.00025437722747014604,-0.00029315196650911586,-0.019926028764235718,-0.005117937456816435,-5.187639544601552e-06,-4.467043908187256e-05,-1.9849243271458503,-0.5036678553985241
982,0.9039337874315757,0.49999667379255786,0.9999997561463413,-0.00025305503712141415,-0.0003007886689798014,-0.019846952853667887,-0.005151156801730394,-9.462734738008294e-07,-4.4506770696912414e-05,-1.9849367029333316,-0.5038902345002398
983,0.9024753108589803,0.4999937330646964,0.9999997556834914,-0.0002517912924082415,-0.00030753681090575706,-0.019764794908432498,-0.0051368223503232,-2.629132950460189e-06,-4.4328620777482966e-05,-1.9849484919286384,-0.5040963854682821
984,0.9009960550767346,0.49999111396302454,0.9999997553113266,-0.0002504126565270511,-0.0003161846233053698,-0.01968220619580601,-0.005144402384757996,-3.431537152209785e-07,-4.4145493493482385e-05,-1.9849596745189004,-0.5042839032001207
985,0.8995058543120782,0.4999880376863068,0.9999997550988744,-0.00024901277765878227,-0.0003252378700276717,-0.019599134555613098,-0.005150983110070229,-3.3193839499290334e-07,-4.3955865293834985e-05,-1.984970246044523,-0.504452621881555
986,0.8980049146597086,0.4999845172324817,0.9999997550449263,-0.000247593858761488,-0.00033468908347683525,-0.019515572642062398,-0.005157497711479664,-3.444353353643237e-07,-4.375947179889711e-05,-1.984980201512746,-0.5046024087971086
987,0.8964934612596241,0.49998052093604595,0.9999997551471715,-0.00024615579129498707,-0.00034453904733936245,-0.01943150947150352,-0.005163911264389753,-3.6247436696612567e-07,-4.3555202314221784e-05,-1.9849895356420306,-0.5047331078987831
988,0.8949712794791131,0.499976052273299,0.9999997554030813,-0.00024469900521344927,-0.0003548170837886348,-0.01934671936640469,-0.0051705241203308105,-3.7791184581692505e-07,-4.3337453493127255e-05,-1.9849982423075159,-0.5048445943923875
989,0.893438402005634,0.4999710643543319,0.9999997558089427,-0.00024322931686722473,-0.00036552002519435933,-0.019255673167361584,-0.005170295014977455,-4.035700271742826e-07,-4.296173782856031e-05,-1.9850062782756521,-0.5049375404938843
990,0.8918884505246266,0.4999651284191494,0.9999997563420296,-0.0002418956822011908,-0.000376190823451081,-0.01915311530806645,-0.0049855331890285015,-1.1812580851255916e-05,-4.2718048641018615e-05,-1.9850136302845371,-0.5050094756849598
991,0.8903502595696767,0.4999622063331963,0.9999997571772875,-0.00024024817064745885,-0.0003887773315492699,-0.019062351708584384,-0.0050888024270534515,-3.6921021546731936e-06,-4.2492763248004694e-05,-1.985020340359032,-0.5050566142450956
992,0.8887895043697871,0.4999604793449619,0.9999997584157709,-0.00023856931580724879,-0.0004022832448077238,-0.01897562749394573,-0.0051751527935266495,-4.019319476356031e-06,-4.226173003518521e-05,-1.9850263888451858,-0.5050765210886509
993,0.8871887359107916,0.49996059573696894,0.9999997599845726,-0.0002368105027880904,-0.000419953162439286,-0.018888794355254226,-0.0051915827207267284,-3.025176738447044e-06,-4.203225986393247e-05,-1.9850317684126595,-0.5050705533315398
994,0.8856010091226526,0.49995667865957577,0.9999997618056592,-0.00023517767813599857,-0.00043469132184787503,-0.018804211663099535,-0.005214429460465908,-1.7050839460353018e-06,-4.179386544005973e-05,-1.9850364978524508,-0.5050432824055442
995,0.8840042531380362,0.49995032811236684,0.9999997637408524,-0.0002335765327070689,-0.00044943461642714904,-0.01871953618956212,-0.005220562219619751,-4.7314446760537976e-07,-4.153924134565845e-05,-1.9850405657605592,-0.5049953284139257
996,0.8823896766412322,0.49994402983071073,0.9999997657697707,-0.00023192585644561821,-0.0004661600419823109,-0.018634800666606582,-0.005227056331932545,-4.931659418616618e-07,-4.126973675834332e-05,-1.9850439516232452,-0.5049254292612058
997,0.8807575881032734,0.4999378342612907,0.999999767932049,-0.00023022200317001563,-0.00048500476063984113,-0.018550069942386248,-0.005234586074948311,-4.757244482789247e-07,-4.098662414041896e-05,-1.9850466365102315,-0.5048324009158768
998,0.8791085773395408,0.4999317783512982,0.9999997702675099,-0.00022846360741822687,-0.0005060639522351736,-0.01846532568069189,-0.005240230821073055,-4.5862651631978224e-07,-4.069090275889178e-05,-1.9850486023277913,-0.5047151220155717
999,0.877442984380479,0.4999259125242237,0.9999997728156709,-0.0002266482121907037,-0.0005294421134382234,-0.018380547322976594,-0.005244176369160414,-4.5140620841266355e-07,-4.038329057610632e-05,-1.9850498313301577,-0.5045724422478655
