frame,reward_tracking_lin_vel,reward_tracking_ang_vel,reward_tracking_height,cost_lin_vel_z,cost_ang_vel_xy,cost_joint_velocity,cost_action_nn,cost_action_rate,cost_feet_slip,cost_leg_base_angle,cost_orientation
0,0.0001930454136227711,0.05,0.04998478235575755,-0.0,-0.0,-3.1770382774929774e-07,-0.006501559168100357,-0.0,-1.0774938700364018e-10,-4.178021340513518e-10,-4.6405242943068415e-09
1,0.0001876320171248794,0.049970126629770927,0.04998490014477582,-2.420171556388277e-07,-2.3216563788069143e-05,-7.212318930512777e-07,-0.003147505223751068,-0.0008300845511257648,-3.3965578829683047e-10,-3.9613958554960985e-08,-5.921813765816992e-08
2,0.00018548324367521159,0.049915778680219056,0.04998522294718355,-7.86684869152716e-07,-5.729194492383003e-05,-8.830432652082635e-07,-0.0016058564651757479,-0.00046104236389510334,-1.6402777004054138e-09,-2.4812262523553505e-07,-2.3083062003529367e-07
3,0.00018494742176312134,0.04988488114163891,0.049985703073018126,-1.4517184683802874e-06,-8.469847080605427e-05,-8.882391164044123e-07,-0.0007657762034796178,-0.00023419361968990415,-1.0281215389625963e-06,-6.744651175255518e-07,-5.646045745142145e-07
4,0.00018594872475535782,0.049884848906533025,0.049986301447537136,-2.079713831904374e-06,-9.94379284881466e-05,-1.0542539993721572e-06,-0.00042505754390731454,-0.0002373204770265147,-4.745139699746095e-07,-1.2542242199834244e-06,-1.0854638714566803e-06
5,0.00018795559529212878,0.049904616640401675,0.049986983882132845,-2.7534389429751956e-06,-0.00011210145509037583,-1.4806805423072286e-06,-0.0008251556428149343,-0.00019561305816750973,-2.5416476302031605e-07,-1.927452940957634e-06,-1.8347692440616187e-06
6,0.00018890671297847012,0.04989926265358957,0.049987717865369034,-3.34951418494019e-06,-0.0001330427670489145,-1.8759610397130246e-06,-0.0017425696132704616,-0.0002944478183053434,-1.3825040227383015e-07,-2.7200662805695925e-06,-2.9148353642841516e-06
7,0.0001873109881489049,0.049901025992162354,0.0499884771703162,-3.9226003403606144e-06,-0.000180428205558447,-2.4628508315337873e-06,-0.0010562411043792963,-0.0001272071385756135,-7.940902843839004e-08,-3.571397106609915e-06,-4.429140482591253e-06
8,0.00018701475121397522,0.049914837626700174,0.049989243829079225,-4.3955565758306035e-06,-0.0002157144993537541,-3.2261001489865376e-06,-0.000979541684500873,-5.463896286528325e-06,-4.870424870877926e-08,-4.399477945557531e-06,-6.432855937219884e-06
9,0.00018680688335191465,0.04993007198356671,0.04999000507481393,-4.786741915389514e-06,-0.0002517958622992873,-4.166556978336475e-06,-0.0008694459684193134,-8.949868970375974e-06,-3.246905412958377e-08,-5.144259806691716e-06,-8.997587980479525e-06
10,0.0001868147132368879,0.04994805544558068,0.04999075050058508,-5.090250575657235e-06,-0.0002860739393753503,-5.300942255958188e-06,-0.0007840835605747998,-6.615555321332067e-06,-2.3623179000248422e-08,-5.760259178555945e-06,-1.2187309859747251e-05
11,0.0001870217178926838,0.0499650855887432,0.049991472386827454,-5.3150821701989135e-06,-0.0003187615225033005,-6.609827208322767e-06,-0.0007402983028441668,-3.761029802262783e-06,-1.8434996179952856e-08,-6.2255243444914165e-06,-1.606646700812488e-05
12,0.0001873322084342687,0.04997906136124951,0.04999216521177218,-5.469322476121535e-06,-0.00035102473653705554,-8.078675104864713e-06,-0.0006856109830550849,-4.4222938413440716e-06,-1.5017838445272423e-08,-6.53545445233288e-06,-2.069715151515667e-05
13,0.0001878069339395179,0.049989507888695384,0.04999282509140366,-5.556471182001703e-06,-0.00038165548635017737,-9.685133362909454e-06,-0.0006419558194465935,-3.6809942685067654e-06,-1.245183554473537e-08,-6.694738310780681e-06,-2.6133710093661584e-05
14,0.0001884416473692339,0.049996233151702485,0.049993449451214346,-5.58227843506204e-06,-0.00041046217279586475,-1.1403631631069753e-05,-0.0006073046824894845,-3.035158442799002e-06,-1.027120718158459e-08,-6.7167877706741655e-06,-3.242445038805049e-05
15,0.00018923452811171813,0.04999950397069563,0.04999403673774543,-5.552384250676237e-06,-0.0004372243516089434,-1.3208855231549948e-05,-0.0005787362460978329,-2.4542389382986585e-06,-8.327293987912455e-09,-6.620297242155545e-06,-3.961052285328104e-05
16,0.00019018810618410327,0.04999979379188738,0.04999458620768496,-5.472417338595626e-06,-0.0004616688450068333,-1.5077469707824466e-05,-0.0005545566673390567,-1.945766371136415e-06,-6.554559242510196e-09,-6.42630714714987e-06,-4.772502215317525e-05
17,0.00019130501916587932,0.04999767604840717,0.04999509777126561,-5.348379694703755e-06,-0.00048357618273827806,-1.6988602569945933e-05,-0.0005328307161107659,-1.5411357026096084e-06,-4.966460127128674e-09,-6.155943916725878e-06,-5.6792308568609704e-05
18,0.00019258928594839285,0.049993735638974496,0.04999557186141329,-5.1860739803569704e-06,-0.0005027172080482319,-1.8929325812853498e-05,-0.0005124328308738768,-1.220397621182201e-06,-3.604925450603165e-09,-5.82863683123842e-06,-6.682730473271729e-05
19,0.00019404327624728741,0.049988493969854136,0.049996009291589344,-4.991189165170635e-06,-0.0005189015416627055,-2.0889452087251867e-05,-0.0004924814566038549,-9.91143679129891e-07,-2.499471722077976e-09,-5.4615004202148046e-06,-7.783515110078938e-05
20,0.00019566954623575686,0.04998236817599472,0.049996411152342046,-4.769539712414949e-06,-0.0005319828612650688,-2.2857972915581176e-05,-0.0004724981845356524,-8.285381341011089e-07,-1.6533693599565274e-09,-5.069156707274499e-06,-8.981106919913706e-05
21,0.00019747095777073056,0.04997568760650301,0.04999677879007686,-4.5269713352207045e-06,-0.0005418769321426964,-2.4823652135666773e-05,-0.0004522271628957242,-7.20642901796964e-07,-1.0520441683952684e-09,-4.663913697731884e-06,-0.00010274051453176528
22,0.0001994505528856438,0.04996871442224701,0.049997113775704184,-4.269085719080645e-06,-0.000548553694934544,-2.6775522028788022e-05,-0.0004316579143051058,-6.468966944339627e-07,-6.74162338926479e-10,-4.255898032398399e-06,-0.000116599509363605
23,0.00020161082626914877,0.049961658305878794,0.04999741785651439,-4.001065863404538e-06,-0.000552043071724038,-2.8703471697778784e-05,-0.00041090496233664453,-5.96020413468068e-07,-4.990753860961829e-10,-3.8532591289629985e-06,-0.0001313551888362618
24,0.00020395371347886956,0.04995468759426416,0.049997692902823174,-3.727572884577481e-06,-0.0005524287474618718,-3.0598448180103816e-05,-0.0003901674353983253,-5.590031832980458e-07,-4.985459056760663e-10,-3.462382361211759e-06,-0.00014696653270619375
25,0.0002064802958254616,0.04994793670600824,0.04999794085703291,-3.4527628533077512e-06,-0.0005498479947479569,-3.245232512168928e-05,-0.00036965589970350266,-5.292632181408408e-07,-6.468089189951403e-10,-3.0881312823616525e-06,-0.00016338526766945826
26,0.00020919077227268213,0.04994151184496098,0.049998163688314154,-3.1802355102052207e-06,-0.0005444829641384605,-3.425670595366164e-05,-0.00034960213815793395,-5.032779881730676e-07,-9.225209225941367e-10,-2.7341009550574843e-06,-0.00018055689240514572
27,0.00021208480735351856,0.04993549526703467,0.04999836335906879,-2.9130906865615706e-06,-0.0005365544278276688,-3.6004968972775596e-05,-0.0003301737306173891,-4.801174782187445e-07,-1.3056292562089723e-09,-2.4027605174200673e-06,-0.00019842171588402809
28,0.00021516152546221685,0.04992995291223948,0.04999854179589132,-2.6538738385933854e-06,-0.0005263055476721992,-3.7693251131406814e-05,-0.0003115206491202116,-4.573844023525453e-07,-1.7835565008841842e-09,-2.0956021436701095e-06,-0.0002169158887113288
29,0.0002184192889333032,0.0499249246439657,0.04999870085632533,-2.404599996517255e-06,-0.0005139945676265268,-3.931954774338437e-05,-0.00029374490259215236,-4.3522808823581727e-07,-2.3377286439696667e-09,-1.8132951893040936e-06,-0.00023597239742415195
30,0.0002218559447864141,0.049920430647081605,0.0499988423062025,-2.1668700526002297e-06,-0.0004998860284590338,-4.0883292579078445e-05,-0.000276918348390609,-4.1316948795611097e-07,-2.951782933167901e-09,-1.5558669335514578e-06,-0.00025552201565184586
31,0.00022546909387800688,0.04991647906463017,0.04999896780702406,-1.9418918198860266e-06,-0.0004842442472217923,-4.238478311795312e-05,-0.0002610704686958343,-3.915800732556818e-07,-3.6093671187870078e-09,-1.322860702371578e-06,-0.000275494194148405
32,0.00022925618530591918,0.04991306712573541,0.04999907890987018,-1.7305477612835887e-06,-0.000467327469463178,-4.382477033143111e-05,-0.00024621174088679254,-3.703902109464252e-07,-4.295337043204974e-09,-1.1134717524373039e-06,-0.0002958178472017861
33,0.00023321476650076543,0.04991018641540641,0.04999917705366069,-1.5334145836206908e-06,-0.0004493811331115103,-4.520454451837166e-05,-0.00023231026716530323,-3.49923851672429e-07,-4.991568801517199e-09,-9.266602475239271e-07,-0.000316422031084306
34,0.00023734289875283578,0.04990782629889402,0.04999926356573674,-1.3507884671892352e-06,-0.0004306353783897984,-4.652508512241093e-05,-0.00021934907999821007,-3.297654984635301e-07,-5.671970914790269e-09,-7.612384396469458e-07,-0.00033723656826870855
35,0.0002416387225955948,0.04990597754859262,0.049999339664549884,-1.182756542162262e-06,-0.00041130520029019366,-4.778751134066932e-05,-0.0002073173673124984,-3.0971096975918044e-07,-6.347127308760266e-09,-6.15940287042649e-07,-0.00035819262267581587
36,0.0002461002378135769,0.049904625827850775,0.04999940646357229,-1.0291568331316019e-06,-0.0003915889183403428,-4.899321550238113e-05,-0.000196144450455904,-2.8997928325225075e-07,-7.001629908556583e-09,-4.894687212255127e-07,-0.0003792231283858992
37,0.00025072664056247285,0.04990375379107466,0.049999464975978264,-8.89685433347303e-07,-0.00037166343296949706,-5.014317712938806e-05,-0.00018571611144579947,-2.7170221983396914e-07,-7.62295600841788e-09,-3.805325728559137e-07,-0.0004002631029699216
38,0.00025551756786060676,0.04990335757096839,0.049999516119750474,-7.638789422102936e-07,-0.0003516858413624444,-5.123797399535012e-05,-0.00017603526066523045,-2.5543985771037114e-07,-8.202537516142177e-09,-2.8787507607752537e-07,-0.0004212500245443266
39,0.0002604726040356965,0.049903430034515556,0.0499995607227661,-6.511483625145015e-07,-0.00033180068879735546,-5.2277852225380314e-05,-0.00016707477334421128,-2.380108270472192e-07,-8.735213916922911e-09,-2.1028807098373371e-07,-0.0004421242022467003
40,0.00026559151727647824,0.04990395627176823,0.04999959952874839,-5.508328239296743e-07,-0.00031213631479484603,-5.32631005400322e-05,-0.00015878344129305333,-2.213896834746265e-07,-9.217978998243899e-09,-1.4662159716740248e-07,-0.0004628290120348583
41,0.0002708746745322562,0.049904918854487716,0.04999963320334088,-4.6219172883982073e-07,-0.0002928045952879705,-5.419385019781151e-05,-0.00015111378161236644,-2.0538958267479757e-07,-9.649843637444183e-09,-9.578949199346142e-08,-0.0004833110906226298
42,0.0002763227929780526,0.04990629772778273,0.04999966233988466,-3.8443889647546017e-07,-0.0002739027337108006,-5.506990690086305e-05,-0.00014401410589925945,-1.9053604205510055e-07,-1.0031223238296703e-08,-5.6771514106157704e-08,-0.0005035205002744434
43,0.0002819368304759646,0.049908072724058825,0.04999968746532384,-3.167591640344839e-07,-0.00025551382170581967,-5.589138545232167e-05,-0.00013744352327194065,-1.7649578865075455e-07,-1.0363821808636434e-08,-2.861298123554234e-08,-0.0005234108435156498
44,0.00028771850231370665,0.0499102190887562,0.049999709045731804,-2.5831357613990675e-07,-0.0002377074370522791,-5.665784076307484e-05,-0.00013136437337379903,-1.633655131172418e-07,-1.0650233399841025e-08,-1.0422799146758367e-08,-0.0005429393411070623
45,0.0002936695296448076,0.049912711607204306,0.04999972749190282,-2.0827553643111191e-07,-0.00022054103804028844,-5.736894835329285e-05,-0.00012574068387039006,-1.5090775207227125e-07,-1.0893899204435454e-08,-1.3704644295257994e-09,-0.0005620668931660526
46,0.0002997921470270692,0.049915519755238266,0.04999974316482998,-1.658267964839567e-07,-0.0002040611124907777,-5.802429926100983e-05,-0.00012053325917804614,-1.3952301003428147e-07,-1.1098372979732494e-08,-6.824936457405357e-10,-0.0005807580950900488
47,0.0003060890281641687,0.049918612738146004,0.04999975638078696,-1.3017549194781393e-07,-0.00018830311243856726,-5.862330134832221e-05,-0.00011571925278985873,-1.2855619502261106e-07,-1.1268985257214586e-08,-7.638707679318174e-09,-0.0005989812423912711
48,0.00031256293687581386,0.04992195661882437,0.04999976741630825,-1.0056207184605456e-07,-0.0001732939616755538,-5.9165857541134436e-05,-0.00011126547178719193,-1.1859727067076165e-07,-1.1410156044276786e-08,-2.1568313615953e-08,-0.0006167083011046817
49,0.0003192174411704794,0.04992551572318282,0.049999776512631544,-7.625799819222175e-08,-0.00015905090317502586,-5.9651634580221624e-05,-0.00010712630319176242,-1.0971946551308065e-07,-1.1525141439631796e-08,-4.184634099965844e-08,-0.0006339147781164811
50,0.00032605646396123084,0.04992925373915743,0.04999978387990745,-5.658275425308509e-08,-0.00014558181250425625,-6.008040340359979e-05,-0.00010326543269911781,-1.0213987167162486e-07,-1.1618371300311865e-08,-6.789018495919882e-08,-0.0006505796086346019
51,0.0003330847083561236,0.049933138581396114,0.04999978970123259,-4.090673665400219e-08,-0.00013288843130020698,-6.045157346134036e-05,-9.968160156859085e-05,-9.518451093981639e-08,-1.1694628910445093e-08,-9.91560017182912e-08,-0.0006666851129776196
52,0.0003403066403077733,0.049937138024579074,0.049999794136197935,-2.8646836573248657e-08,-0.00012096708230038312,-6.076458264227706e-05,-9.637232142267749e-05,-8.819462493647734e-08,-1.1757809630943158e-08,-1.351353205877471e-07,-0.0006822169179384701
53,0.00034772703572750574,0.04994121408185328,0.04999979732430807,-1.9272998336648767e-08,-0.00010980860779141993,-6.101969316998947e-05,-9.330221655545756e-05,-8.140326457350966e-08,-1.1809468598161206e-08,-1.7535277778036034e-07,-0.0006971638326094039
54,0.0003553515975266121,0.049945328404151744,0.04999979938792388,-1.2301534619414073e-08,-9.939923707987024e-05,-6.121660321181584e-05,-9.043952013598755e-05,-7.633573062548749e-08,-1.1857923979261206e-08,-2.1936364535494086e-07,-0.0007115176779268135
55,0.00036318652976731437,0.04994944815464738,0.04999980043486906,-7.303073244911603e-09,-8.972022584284595e-05,-6.135513878710915e-05,-8.778720803093165e-05,-7.108452848569868e-08,-1.190379676248763e-08,-2.6675128748346204e-07,-0.0007252731705157234
56,0.0003712377705522177,0.04995354303330032,0.04999980056082385,-3.893152569489102e-09,-8.075042737601088e-05,-6.143530623862232e-05,-8.534290100215003e-05,-6.623821491302806e-08,-1.1949604438736649e-08,-3.171251643182492e-07,-0.0007384277940418061
57,0.0003795120205517565,0.04995757875285586,0.04999979985137542,-1.7353274416257582e-09,-7.246510167071722e-05,-6.145742353237182e-05,-8.305416122311726e-05,-6.232745164425069e-08,-1.1998237895286315e-08,-3.701192366687134e-07,-0.0007509816162711484
58,0.0003880166160498526,0.04996152823498678,0.049999798383945034,-5.372341506010458e-10,-6.483735531535893e-05,-6.142181950705544e-05,-8.093407086562365e-05,-5.916551160112249e-08,-1.2052017658523022e-08,-4.2539001914755493e-07,-0.0007629370930704537
59,0.0003967594867694346,0.049965366288028334,0.049999796229081676,-4.724887085976832e-11,-5.783745581873231e-05,-6.132865788565205e-05,-7.897313480498269e-05,-5.5988131464346225e-08,-1.2113103293611036e-08,-4.826152641501138e-07,-0.0007742989194312503
60,0.00040574852312778403,0.04996906976462287,0.049999793451708574,-5.370247337769737e-11,-5.14353106887545e-05,-6.11783949510738e-05,-7.715983520029113e-05,-5.331792962692816e-08,-1.2183737349554484e-08,-5.41492769938374e-07,-0.0007850739063975185
61,0.0004149922711961468,0.04997261771781644,0.049999790112380094,-3.804765314096865e-10,-4.559969506198264e-05,-6.097154287408903e-05,-7.548925350420177e-05,-5.089910004585363e-08,-1.226388211380586e-08,-6.01739004005593e-07,-0.0007952708165387779
62,0.0004244996080370111,0.04997599112257488,0.04999978626809298,-8.843627601497318e-10,-4.029870487824429e-05,-6.070873555188381e-05,-7.394919521175325e-05,-4.8985413059199345e-08,-1.2351885030379697e-08,-6.63088457111995e-07,-0.00080490019234908
63,0.00043427987873911216,0.049979174211768555,0.04999978197307476,-1.4518860846235574e-09,-3.550002968836867e-05,-6.039100284918151e-05,-7.253218063851818e-05,-4.756608618095015e-08,-1.2451531793828075e-08,-7.252927754903454e-07,-0.0008139741819543577
64,0.0004443434282782866,0.04998215384344362,0.04999977727923254,-1.996750685022495e-09,-3.117129352854498e-05,-6.001892789417914e-05,-7.124033436411992e-05,-4.628239835824388e-08,-1.2562866205169103e-08,-7.881193719970678e-07,-0.0008225064118102815
65,0.0004547002704188642,0.049984919786802744,0.04999977223654389,-2.456163772418832e-09,-2.728078139396515e-05,-5.959346761027709e-05,-7.00732198311016e-05,-4.493062633059708e-08,-1.268530783637956e-08,-8.513512388882679e-07,-0.0008305118702247563
66,0.00046536111967459713,0.049987462186505384,0.04999976689346656,-2.7885056529327587e-09,-2.3797271542095632e-05,-5.911569611551861e-05,-6.902047607582062e-05,-4.4034418777982864e-08,-1.2819581675830698e-08,-9.147861190601042e-07,-0.0008380067820008263
67,0.0004763371483319702,0.04998977417103551,0.049999761297152744,-2.970250781542916e-09,-2.069043974484381e-05,-5.8586644068789226e-05,-6.807996396673843e-05,-4.3327990084662815e-08,-1.2966022900084241e-08,-9.782356815754267e-07,-0.0008450084697418962
68,0.00048763992530965664,0.04999185046881646,0.04999975549365953,-2.9935300787154535e-09,-1.7930557245822168e-05,-5.8007659789525005e-05,-6.7258755734656e-05,-4.270792075544705e-08,-1.3125644716889687e-08,-1.0415254245701135e-06,-0.0008515352350596062
69,0.0004992816555090248,0.04999368822119951,0.049999749527895154,-2.864733951158309e-09,-1.548915096482342e-05,-5.737990597072385e-05,-6.654638855252415e-05,-4.2159964408483575e-08,-1.3297348420377315e-08,-1.1044937203919296e-06,-0.000857606267352298
70,0.0005112746122098351,0.049995286000900176,0.04999974344364139,-2.600858317918172e-09,-1.3338833596063757e-05,-5.6704799166422374e-05,-6.594676960958168e-05,-4.179932489023486e-08,-1.3480097435875952e-08,-1.166991638394448e-06,-0.0008632415373945681
71,0.000523631723204686,0.04999664403663113,0.04999973728361862,-2.228745595310024e-09,-1.14534759977705e-05,-5.598382851038452e-05,-6.545666110469028e-05,-4.1561875718798547e-08,-1.3673356246670573e-08,-1.2288826638123369e-06,-0.0008684616895996967
72,0.0005363664239837074,0.04999776434278963,0.049999731089381105,-1.782734790792486e-09,-9.808143922276952e-06,-5.5218439032122755e-05,-6.507424404844642e-05,-4.1493109392831684e-08,-1.3876693551858294e-08,-1.2900419421850456e-06,-0.0008732879464393592
73,0.0005494924360460308,0.04999865081604033,0.04999972490131564,-1.303146378189185e-09,-8.379282334187456e-06,-5.44103895367213e-05,-6.480382580775768e-05,-4.151184995748736e-08,-1.4089387346546542e-08,-1.3503560414309245e-06,-0.0008777420276277511
74,0.0005630242753430825,0.04999930860338672,0.049999718758409924,-8.356133294552505e-10,-7.144707789987964e-06,-5.35612115176165e-05,-6.464454781962559e-05,-4.1492427271805354e-08,-1.431061995558155e-08,-1.4097224288604803e-06,-0.0008818460715677257
75,0.0005769765273898459,0.04999974428543658,0.049999712698165194,-4.2858088534747624e-10,-6.083664057959567e-06,-5.267267202002094e-05,-6.459319411078468e-05,-4.16022380989034e-08,-1.4539173187163326e-08,-1.4680492237431557e-06,-0.0008856225666030584
76,0.0005913644609385876,0.049999965882470465,0.049999706756597935,-1.3322888204283317e-10,-5.176810221124756e-06,-5.174656210136396e-05,-6.465479964390397e-05,-4.179258539238617e-08,-1.4773891666749319e-08,-1.5252550842910769e-06,-0.0008890942953688809
77,0.0006062037339461592,0.049999982885911565,0.04999970096807765,-2.1943588811811218e-12,-4.406306529310186e-06,-5.078462707091254e-05,-6.482557364506647e-05,-4.1989306254208714e-08,-1.501352857603367e-08,-1.5812685068311118e-06,-0.0008922842507252409
78,0.0006215105430505751,0.049999806120645175,0.049999695365272476,-8.892851563495787e-11,-3.7555553879100134e-06,-4.97888202151156e-05,-6.510725506814197e-05,-4.226547645203027e-08,-1.5273046408571463e-08,-1.636027873145356e-06,-0.000895215595477961
79,0.0006373020231902674,0.04999944772360398,0.049999689979017714,-4.472647768576283e-10,-3.209588050705299e-06,-4.876092318880682e-05,-6.549953104695305e-05,-4.224155247811723e-08,-1.5521230194645323e-08,-1.6894802590927151e-06,-0.0008979116451468142
80,0.0006535941963854513,0.04999892128949164,0.04999968483826716,-1.1302353639317318e-09,-2.7547020617186166e-06,-4.770329168189304e-05,-6.600104825338349e-05,-4.2401115507573195e-08,-1.5763198026642284e-08,-1.7415825614956222e-06,-0.0009003957403920408
81,0.0006704058113154559,0.04999824276121605,0.04999967997008384,-2.1901733548015737e-09,-2.3785037399670947e-06,-4.661818294517979e-05,-6.660806684521958e-05,-4.3883151334966897e-08,-1.600286912400925e-08,-1.7923013176759145e-06,-0.0009026911532753576
82,0.0006877560786875451,0.04999742690308488,0.049999675399440426,-3.677861703969697e-09,-2.0700666587649473e-06,-4.5507131837518926e-05,-6.733366899425164e-05,-4.3429785989701486e-08,-1.6240844871129515e-08,-1.8416107655995268e-06,-0.0009048210459863793
83,0.0007056634442467663,0.04999649051296756,0.04999967114909648,-5.6425532982269395e-09,-1.8194986970737028e-06,-4.4372431655875447e-05,-6.816200766479596e-05,-4.363651839867089e-08,-1.647595479278667e-08,-1.8894935252790001e-06,-0.0009068084682429608
84,0.000724147864108115,0.04999545206287363,0.04999966723961772,-8.131713812937495e-09,-1.6185228977005426e-06,-4.321615706767071e-05,-6.90947927068919e-05,-4.3903352064944556e-08,-1.670515540719545e-08,-1.9359398818681182e-06,-0.0009086763346657048
85,0.000743229555598066,0.04999433160787674,0.04999966368955029,-1.1191965113971091e-08,-1.4600978165969561e-06,-4.204054622071449e-05,-7.01306780683808e-05,-4.4240291430241996e-08,-1.6926128188348824e-08,-1.9809481202703056e-06,-0.0009104473828570316
86,0.0007629296486598763,0.04999315005423866,0.0499996605154424,-1.4867403363478118e-08,-1.338388311665731e-06,-4.084784518620049e-05,-7.126235868781805e-05,-4.441440282221265e-08,-1.7136543547361882e-08,-2.0245240947546075e-06,-0.0009121440946001279
87,0.0007832702956381537,0.04999192925865009,0.04999965773172981,-1.9199919208766838e-08,-1.2486275968070013e-06,-3.964022829869204e-05,-7.248708425322548e-05,-4.4505078733436676e-08,-1.7333949239295697e-08,-2.0666806625015193e-06,-0.0009137886092387336
88,0.0008042742980595591,0.04999069170457098,0.04999965535080019,-2.422973336416648e-08,-1.1871574982274593e-06,-3.8420134665103004e-05,-7.379728049272671e-05,-4.4462545645274076e-08,-1.7515868207537872e-08,-2.1074373748309963e-06,-0.0009154026586309394
89,0.0008259659412415445,0.04998946046237918,0.049999653382897746,-2.999270819277592e-08,-1.1513281121172537e-06,-3.7189788053987625e-05,-7.518431812059134e-05,-4.4322785441863743e-08,-1.7679746691669517e-08,-2.1468201275260864e-06,-0.0009170075061887639
90,0.0008483700066928553,0.04998825969554665,0.04999965183620784,-3.652492583694069e-08,-1.1394895660731158e-06,-3.5951504992309025e-05,-7.664484292035922e-05,-4.411360166045597e-08,-1.7823153084278457e-08,-2.1848609714180552e-06,-0.0009186239035564735
91,0.0008715124628959384,0.049987113061976354,0.04999965071697924,-4.385843032041686e-08,-1.150880438630732e-06,-3.47076410026485e-05,-7.816027209628373e-05,-4.365824324281675e-08,-1.7943529050539806e-08,-2.2215978835352923e-06,-0.000920271992599929
92,0.0008954208077748303,0.049986045473103716,0.04999965002945002,-5.2022428246811986e-08,-1.1854362963267693e-06,-3.346046641545823e-05,-7.972657476784661e-05,-4.3164057217381924e-08,-1.803867489047645e-08,-2.2570742636428115e-06,-0.0009219712363084618
93,0.000920123340345861,0.04998508068755462,0.04999964977596466,-6.104458210399603e-08,-1.2438653557928066e-06,-3.2212470146397503e-05,-8.132318907883018e-05,-4.231555905676032e-08,-1.8106311465706497e-08,-2.2913383575900865e-06,-0.0009237403321257816
94,0.000945650623861819,0.049984242062831974,0.04999964995692539,-7.094617653898714e-08,-1.3272904065465653e-06,-3.0965822551782396e-05,-8.293977589346468e-05,-4.139940301683964e-08,-1.8144275955096556e-08,-2.3244431329884514e-06,-0.0009255971187318411
95,0.0009720337386541514,0.04998355189203929,0.0499996505709471,-8.175062279547762e-08,-1.4373354441862984e-06,-2.9722960229490645e-05,-8.455556962871924e-05,-4.0291492808819385e-08,-1.8150669014858396e-08,-2.3564456621172673e-06,-0.0009275585108140226
96,0.0009993061948595878,0.049983031410516326,0.049999651614955384,-9.347346756790116e-08,-1.5758596806249766e-06,-2.8486173823089648e-05,-8.615580009063706e-05,-3.897558897847375e-08,-1.8123534162695373e-08,-2.3874066666374233e-06,-0.0009296403853345759
97,0.001027503012206153,0.04998269956420613,0.049999653084066245,-1.0612705232625928e-07,-1.7447912786937898e-06,-2.725771924394618e-05,-8.771356078796089e-05,-3.755213384692979e-08,-1.8061237749008575e-08,-2.4173901708098453e-06,-0.0009318574728648341
98,0.001056661180934521,0.04998257287280394,0.04999965497176471,-1.19721519987244e-07,-1.9459766218769822e-06,-2.603995034976441e-05,-8.920909749576822e-05,-3.590399089148377e-08,-1.796226777425216e-08,-2.446462805004812e-06,-0.0009342232596416296
99,0.001086820022297364,0.049982664304135976,0.04999965726992081,-1.342594084979226e-07,-2.181052431994441e-06,-2.4834909269934235e-05,-9.062619938049465e-05,-3.429009964861507e-08,-1.7825398303126705e-08,-2.474693445497182e-06,-0.0009367499090401417
100,0.0011180201882143507,0.049982982936385395,0.049999659968906034,-1.497438806318289e-07,-2.451292133619047e-06,-2.3644792718485254e-05,-9.193471487378702e-05,-3.2506086711237003e-08,-1.7649666559020628e-08,-2.502152465316123e-06,-0.0009394481508883794
101,0.0011503053949017585,0.04998353273087241,0.04999966305767347,-1.6616817052135385e-07,-2.7573240824701975e-06,-2.247167820676593e-05,-9.311120811617002e-05,-3.081742860899794e-08,-1.743376054147821e-08,-2.528911136342416e-06,-0.000942327164068934
102,0.0011837215615245551,0.04998431246019146,0.0499996665237121,-1.8352154246722255e-07,-3.0990559819218043e-06,-2.1317556858716127e-05,-9.413626685272902e-05,-2.9190491801500684e-08,-1.7177748606913472e-08,-2.5550409942005354e-06,-0.0009453944982049681
103,0.001218317043992184,0.04998531340943527,0.04999967035320685,-2.0178946067719097e-07,-3.475595713491297e-06,-2.018428929753493e-05,-9.498844156041741e-05,-2.7696874127514093e-08,-1.688159825965214e-08,-2.580613036904029e-06,-0.0009486559876566256
104,0.0012541427172586194,0.04998652021877159,0.0499996745310429,-2.2094790144485833e-07,-3.885048489436755e-06,-1.907352968619734e-05,-9.564327774569392e-05,-2.6437641409415846e-08,-1.6545799315502475e-08,-2.6056971786687927e-06,-0.0009521156674256458
105,0.0012912516482067316,0.049987908744405694,0.049999679040964695,-2.4097399234530145e-07,-4.3244943837385055e-06,-1.7986960030013745e-05,-9.6087773272302e-05,-2.548892830134264e-08,-1.6172251774032655e-08,-2.6303614428416144e-06,-0.0009557757244347041
106,0.0013296999784003418,0.04998944636659432,0.04999968386570408,-2.618348553959102e-07,-4.790008259796691e-06,-1.692617951257536e-05,-9.630404383642599e-05,-2.4807041754115744e-08,-1.5751415495053908e-08,-2.6546707942791163e-06,-0.0009596364279646649
107,0.0013695459445229865,0.04999109025030332,0.04999968898689333,-2.8348332062372745e-07,-5.2764513666493644e-06,-1.5892696576140305e-05,-9.628690168028697e-05,-2.5085412858061318e-08,-1.5292856348821337e-08,-2.678687220303448e-06,-0.0009636960649018339
108,0.001410852276454398,0.04999278844433097,0.04999969438524135,-3.0588018802968663e-07,-5.777713981934307e-06,-1.4887741215036792e-05,-9.602322825230658e-05,-2.498710749421207e-08,-1.4797523944310472e-08,-2.70246785420778e-06,-0.0009679509253885618
109,0.0014536829044382324,0.04999447595334702,0.0499997000405589,-3.289681449551654e-07,-6.286704156976215e-06,-1.3912192210123128e-05,-9.550951654091477e-05,-2.5421261540259366e-08,-1.4266683487205357e-08,-2.726063755881842e-06,-0.0009723953429848653
110,0.001498102615270341,0.049996082161976124,0.049999705931895566,-3.526960295256298e-07,-6.7957673339387855e-06,-1.2967216556724614e-05,-9.47522567003034e-05,-2.685957234405123e-08,-1.3702742279493492e-08,-2.749520054864304e-06,-0.0009770217478503429
111,0.0015441809344421435,0.0499975261272483,0.04999971203777162,-3.770027717759283e-07,-7.296669732145934e-06,-1.2053682013327071e-05,-9.37583899940364e-05,-2.8414408603794072e-08,-1.3104245737908314e-08,-2.7728741984164454e-06,-0.0009818207012732402
112,0.0015919881752275826,0.04999871971386229,0.04999971833615588,-4.018178627726793e-07,-7.780854920604855e-06,-1.1172300042804815e-05,-9.254132601199672e-05,-3.0666484462926746e-08,-1.248648095263562e-08,-2.796155546157444e-06,-0.0009867810092423148
113,0.001641598205191433,0.04999956914676179,0.04999972480467044,-4.2708718090866945e-07,-8.239932783284599e-06,-1.0323618507192598e-05,-9.110024984693155e-05,-3.2338320465896686e-08,-1.1846105412492773e-08,-2.8193827688139332e-06,-0.0009918898631261985
114,0.0016930838608835872,0.049999977686384624,0.04999973142070341,-4.5273328466621307e-07,-8.665724158231358e-06,-9.508043228270497e-06,-8.946993330027908e-05,-3.523107849900953e-08,-1.1188216336342576e-08,-2.8425639292443428e-06,-0.0009971330093957874
115,0.0017465197887593321,0.04999984934598655,0.04999973816165114,-4.786994708740164e-07,-9.050915683290085e-06,-8.726177600389648e-06,-8.768280531512573e-05,-3.829051564707697e-08,-1.0517769512082365e-08,-2.865696129067564e-06,-0.0010024949642560264
116,0.0018019835865168414,0.04999909123679592,0.04999974500513544,-5.049184449001403e-07,-9.389190942986975e-06,-7.978291985082963e-06,-8.575115498388186e-05,-4.122064112266344e-08,-9.839896018234225e-09,-2.8887630297719077e-06,-0.0010079592182353492
117,0.001859551757558353,0.049997618650574734,0.049999751928973345,-5.313256417493381e-07,-9.675361932820103e-06,-7.264693401499509e-06,-8.3712708146777e-05,-4.437477940655299e-08,-9.160179750372226e-09,-2.911734749131137e-06,-0.0010135084926571464
118,0.0019193017380576844,0.049995359435606734,0.049999758911390545,-5.578656586082622e-07,-9.905849288114435e-06,-6.585625451411443e-06,-8.159685967257246e-05,-4.774524953177206e-08,-8.48432772456487e-09,-2.934566501791509e-06,-0.001019125038292361
119,0.0019813104396827937,0.049992258852401134,0.04999976593122013,-5.844870862134194e-07,-1.0078882509640807e-05,-5.941267477970698e-06,-7.944244862301275e-05,-5.130453573087834e-08,-7.817866441041949e-09,-2.9571979829487573e-06,-0.001024790956734485
120,0.002045653675970854,0.04998828340306296,0.04999977296812211,-6.111539163576578e-07,-1.0194593329751674e-05,-5.3318976148187985e-06,-7.728399941697717e-05,-5.525611967982513e-08,-7.166279358942126e-09,-2.979552788648519e-06,-0.001030488536480051
121,0.002112407000695157,0.04998342593422803,0.04999978000272634,-6.378318783461446e-07,-1.0255110447618134e-05,-4.757761516648357e-06,-7.516448386013508e-05,-5.943776315575633e-08,-6.534698401074103e-09,-3.001537837179309e-06,-0.0010362006011671713
122,0.0021816439279617227,0.049977708690515675,0.04999978701668567,-6.6449897055455e-07,-1.0264492659375416e-05,-4.219205115107627e-06,-7.312557136174291e-05,-6.431900345660324e-08,-5.927755441100132e-09,-3.023043414904409e-06,-0.0010419108680243875
123,0.0022534366967499877,0.0499711847655066,0.049999793992881424,-6.911494745634211e-07,-1.0228708521570142e-05,-3.716622980762915e-06,-7.12068795110099e-05,-6.999183455036473e-08,-5.349635135113732e-09,-3.04394303570781e-06,-0.001047604296773172
124,0.0023278554132231265,0.04996394029270125,0.049999800915563476,-7.177883628199778e-07,-1.0155340496115063e-05,-3.250465410791095e-06,-6.945669883862138e-05,-7.642758959036655e-08,-4.803762557668143e-09,-3.064093822085727e-06,-0.0010532674461830632
125,0.002404966976013388,0.04995609353469021,0.04999980777050239,-7.444426404043234e-07,-1.0053559244342025e-05,-2.821332195797622e-06,-6.792102794861421e-05,-8.381672245150185e-08,-4.292551043870491e-09,-3.08333766584559e-06,-0.0010588887727057009
126,0.0024848371584617543,0.04994779014852572,0.049999814545014676,-7.711403843988788e-07,-9.933331890914345e-06,-2.429941568916836e-06,-6.664951797574759e-05,-9.228073594158559e-08,-3.817142717200526e-09,-3.1015024325186376e-06,-0.0010644589209051064
127,0.0025675285759016314,0.04993920119914258,0.049999821227957535,-7.979307076618704e-07,-9.805739508372228e-06,-2.077152874810382e-06,-6.569482502527535e-05,-1.0139073225445827e-07,-3.3758325168579e-09,-3.1184039277392294e-06,-0.0010699709980854426
128,0.0026531020194146006,0.04993051320813201,0.049999827809827604,-8.24873208320863e-07,-9.682107736839539e-06,-1.7638858432643136e-06,-6.510476669063792e-05,-1.111287275534778e-07,-2.978752681093471e-09,-3.133848453770914e-06,-0.0010754207885531862
129,0.0027416177328719957,0.04992192242379713,0.04999983428279628,-8.52059606984215e-07,-9.574078658162158e-06,-1.491175605997758e-06,-6.490227679023519e-05,-1.2219497591559048e-07,-2.6183235214617763e-09,-3.147634585183616e-06,-0.0010808068811994408
130,0.00283313083387171,0.04991362325693549,0.049999840640713035,-8.79573834000508e-07,-9.492448978783829e-06,-1.2602024793429734e-06,-6.51571317575872e-05,-1.314299993282475e-07,-2.292522653752772e-09,-3.159558024743203e-06,-0.001086130790211581
131,0.0029276963398740135,0.04990578579206478,0.04999984687904348,-9.075191642875025e-07,-9.448130472296045e-06,-1.0722479469514682e-06,-6.590575503651053e-05,-1.409245982131324e-07,-2.000221278952086e-09,-3.1694160666691066e-06,-0.0010913970443646038
132,0.0030253725056130745,0.04989857335040499,0.04999985299482559,-9.3601247296889e-07,-9.451263613535958e-06,-9.285570184763798e-07,-6.71493326080963e-05,-1.4868282960378565e-07,-1.7357986611047295e-09,-3.1770102905459196e-06,-0.0010966131041815342
133,0.0031262152953140825,0.049892109473647854,0.04999985898656583,-9.65169780613318e-07,-9.510638125289101e-06,-8.303296946678542e-07,-6.890780059620738e-05,-1.5441922585068824e-07,-1.5026569356443046e-09,-3.1821521305861692e-06,-0.0011017893149388065
134,0.003230283621149811,0.04988647794058826,0.04999986485413421,-9.95133305106005e-07,-9.63444505392775e-06,-7.786932262694834e-07,-7.116275082807988e-05,-1.5874859116138396e-07,-1.295384123319691e-09,-3.1846668741792543e-06,-0.0011069387659095448
135,0.003337637184584376,0.049881719778018085,0.04999987059870231,-1.026041473028991e-06,-9.829382375467917e-06,-7.746222930436005e-07,-7.389800884993747e-05,-1.601755172941921e-07,-1.112259825539735e-09,-3.184398481551132e-06,-0.001112077091600524
136,0.003448339336795274,0.04987781950272368,0.04999987622256588,-1.058037787109728e-06,-1.010137347250505e-05,-8.188922464177892e-07,-7.707963231950998e-05,-1.5974322309375566e-07,-9.457966747634108e-10,-3.1812145237502603e-06,-0.0011172222397182636
137,0.0035624595774236354,0.049874721562297414,0.04999988172898662,-1.0912647200346038e-06,-1.0455390990606142e-05,-9.119558350906765e-07,-8.064232679316774e-05,-1.5690636701037874e-07,-7.935040165595605e-10,-3.1750098409633147e-06,-0.001122394119208467
138,0.003680073943718592,0.04987232381510737,0.049999887122013593,-1.125863395061142e-06,-1.0895266526162007e-05,-1.0539099873649525e-06,-8.451937901554629e-05,-1.5347687565281376e-07,-6.549581592214438e-10,-3.165709326701364e-06,-0.0011276142123421266
139,0.0038012665074694586,0.04987049236999966,0.04999989240624614,-1.1619730420209157e-06,-1.1423888927158605e-05,-1.244482354938644e-06,-8.862488175509498e-05,-1.4968061634590413e-07,-5.2964962413679e-10,-3.153269600988552e-06,-0.001132905145725333
140,0.003926126705845094,0.04986905655050741,0.04999989758663087,-1.199726820003157e-06,-1.2042908639605229e-05,-1.4829920593450686e-06,-9.288440924137831e-05,-1.4654762026111712e-07,-4.18295598848859e-10,-3.1376804265503296e-06,-0.0011382902278748654
141,0.004054754360457225,0.049867823059412945,0.04999990266820852,-1.239242765865523e-06,-1.2753047857973782e-05,-1.7683725938815155e-06,-9.723231050884351e-05,-1.4458075270340487e-07,-3.2139497316026987e-10,-3.1189646662782288e-06,-0.0011437929597689792
142,0.004187257337919792,0.04986658059295724,0.049999907655837894,-1.2806217250190479e-06,-1.3554077422839884e-05,-2.0991850502747266e-06,-0.0001016062669805251,-1.442034118781521e-07,-2.3761034529590484e-10,-3.0971773771075505e-06,-0.0011494365452989607
143,0.00432375249804347,0.04986511072694247,0.04999991255392123,-1.3239381030233436e-06,-1.4444717965725486e-05,-2.4736516848715056e-06,-0.00010595915227895603,-1.4533998182741925e-07,-1.7069734633637736e-10,-3.072403859034245e-06,-0.001155243455100308
144,0.004464365322092044,0.04986319348506893,0.04999991736615092,-1.36925273209027e-06,-1.5422920070164532e-05,-2.8897861605846074e-06,-0.00011024788545910269,-1.4710468576595304e-07,-1.2308030469927018e-10,-3.0447561295391814e-06,-0.0011612349957037897
145,0.004609227932414031,0.0498606179453317,0.04999992209526236,-1.4165932743375582e-06,-1.6485203300066803e-05,-3.345411809341072e-06,-0.00011445124255260453,-1.496337631579081e-07,-9.653267968754978e-11,-3.014368857886831e-06,-0.001167430948953032
146,0.004758476984470638,0.04985717358229325,0.049999926742781316,-1.4659551438418936e-06,-1.7627146868502605e-05,-3.838244270782555e-06,-0.00011856835772050545,-1.522660539876597e-07,-1.0701002474327149e-10,-2.9813953192302375e-06,-0.0011738493873341147
147,0.0049122574511288744,0.049852662481093234,0.049999931308896614,-1.517347769144907e-06,-1.8843995966616097e-05,-4.366156724239362e-06,-0.00012258467904757708,-1.5241597850490507e-07,-1.5125824090636358e-10,-2.946001392176497e-06,-0.0011805064114669428
148,0.0050707095367825755,0.04984689148796816,0.04999993579226872,-1.5706906188950738e-06,-2.0128619933857027e-05,-4.927023630156843e-06,-0.0001265228056581691,-1.5378776652141823e-07,-2.3491805974336917e-10,-2.9083625714856487e-06,-0.0011874160642089363
149,0.005233975297960987,0.049839656887035295,0.049999940189980795,-1.6259260384518169e-06,-2.1474548635314904e-05,-5.518764618085137e-06,-0.0001304087054450065,-1.5291065835754125e-07,-3.631689469994126e-10,-2.868660398441835e-06,-0.0011945903538974042
150,0.00540220458106642,0.04983079043507559,0.049999944497649086,-1.6829680813883711e-06,-2.287525205652938e-05,-6.139571884353996e-06,-0.0001342034520348534,-1.4881727850024618e-07,-5.408223431869461e-10,-2.8270766806907394e-06,-0.001202039237740656
151,0.005575538867554734,0.0498201202396031,0.04999994870942459,-1.74170896249059e-06,-2.4322683218301953e-05,-6.7878416706170595e-06,-0.00013793025573249906,-1.4372106704740872e-07,-7.718722600001023e-10,-2.7837905891664877e-06,-0.0012097707687938044
152,0.005754118839436714,0.049807483303361606,0.04999995281811459,-1.8020388423421775e-06,-2.5809136502934942e-05,-7.46216449561476e-06,-0.00014159058628138155,-1.371105042835552e-07,-1.0593116400274754e-09,-2.7389757341508873e-06,-0.001217791200545045
153,0.005938083651462332,0.049792726249012875,0.0499999568153706,-1.8638317008870079e-06,-2.7326732941455174e-05,-8.161397162802019e-06,-0.00014518486568704247,-1.295605898121721e-07,-1.4049668842132227e-09,-2.692798106972103e-06,-0.0012261051438784123
154,0.0061275678216867946,0.04977570409308665,0.04999996069190676,-1.9269682341935357e-06,-2.8867845221923213e-05,-8.884642954070772e-06,-0.0001487055269535631,-1.2122964676564152e-07,-1.8092749068109131e-09,-2.645414505090256e-06,-0.0012347157479261248
155,0.006322702702106645,0.049756287951385036,0.04999996443778053,-1.991332530490678e-06,-3.0425034292757074e-05,-9.631170211108252e-06,-0.00015215617895592004,-1.1243420061646248e-07,-2.271244249530309e-09,-2.5969712134412164e-06,-0.001243624862025667
156,0.006523617199268524,0.049734362474592224,0.049999968042634346,-2.0568062249830835e-06,-3.199120052010584e-05,-1.040048480200832e-05,-0.00015552334662061185,-1.0348444590135841e-07,-2.7884970196555e-09,-2.547603317156721e-06,-0.001252833202913424
157,0.006730435992154268,0.04970983258774378,0.04999997149594643,-2.1232799731940317e-06,-3.355955921689345e-05,-1.11922699083488e-05,-0.00015880799037404358,-9.507437681577358e-08,-3.3568380192563117e-09,-2.4974344709384586e-06,-0.001262340518268642
158,0.0069432815378331824,0.0496826214962991,0.04999997478729329,-2.190658072909246e-06,-3.5123869326005776e-05,-1.2006362305316074e-05,-0.0001619959220988676,-8.652435923295343e-08,-3.971005573176449e-09,-2.4465765246897266e-06,-0.0012721457098974808
159,0.00716227344913009,0.04965267550185125,0.04999997790658,-2.2588452172777564e-06,-3.66779110920492e-05,-1.2842832907352504e-05,-0.00016508594853803515,-7.871508245216319e-08,-4.624235471883009e-09,-2.395129940286432e-06,-0.0012822469503261144
160,0.007387526950434985,0.04961996251409114,0.049999980844257004,-2.3277634012272243e-06,-3.821612177097192e-05,-1.3701789383494641e-05,-0.00016807693464215845,-7.148182845639894e-08,-5.308417075615838e-09,-2.3431843352254127e-06,-0.0012926417941407408
161,0.007619157935855082,0.04958447768941578,0.049999983591514016,-2.3973433973206965e-06,-3.9733347154147565e-05,-1.458354052289122e-05,-0.0001709545322228223,-6.47611315685026e-08,-6.014632792995291e-09,-2.29081870575546e-06,-0.001303327256699817
162,0.007857277582012724,0.04954623662174376,0.049999986140442015,-2.4675284280948854e-06,-4.122449959997605e-05,-1.5488543096987194e-05,-0.00017371586000081152,-5.866053953695882e-08,-6.733360936188893e-09,-2.2381022405485088e-06,-0.0013142998644639179
163,0.008101995491837944,0.0495052790987279,0.049999988484150736,-2.538260187701065e-06,-4.2684711775418634e-05,-1.6417293374771974e-05,-0.00017635540280025452,-5.312621809139273e-08,-7.454168144118804e-09,-2.18509493673764e-06,-0.0013255556870072236
164,0.008353420731861334,0.049461668097918056,0.049999990616869834,-2.6094960611388827e-06,-4.4109400834767444e-05,-1.7370515991905644e-05,-0.00017886850400827825,-4.819724708227113e-08,-8.163561126927581e-09,-2.131848135830661e-06,-0.0013370903976029289
165,0.008611658823638053,0.049415488858833505,0.04999999253403943,-2.681210931437816e-06,-4.54943174949721e-05,-1.8349036266510055e-05,-0.0001812443952076137,-4.370451023305577e-08,-8.851492743463544e-09,-2.0784049242971798e-06,-0.0013488992677948
166,0.008876812862880152,0.049366840738170666,0.04999999423235279,-2.7533662257004306e-06,-4.6834778994829816e-05,-1.935367031128859e-05,-0.00018348688900005072,-4.023528887842076e-08,-9.50609165118024e-09,-2.024801271782478e-06,-0.0013609771426850792
167,0.009148987490282682,0.04931583358046448,0.04999999570978852,-2.8259438186028078e-06,-4.8126399263812577e-05,-2.03855023637262e-05,-0.00018559068848844618,-3.689392258365842e-08,-1.0116800221509326e-08,-1.971066868040404e-06,-0.0013733184329889978
168,0.009428282575696948,0.04926260242224165,0.04999999696562227,-2.8989180575079763e-06,-4.936491918268632e-05,-2.144560075831176e-05,-0.00018754687334876508,-3.428582218134579e-08,-1.0671707138497102e-08,-1.9172253587923493e-06,-0.0013859171095211753
169,0.009714797732005898,0.04920728896486324,0.049999998000416254,-2.9722763713512208e-06,-5.0546049449188065e-05,-2.2535155474465323e-05,-0.00018935037951450795,-3.209499155332196e-08,-1.1171262370839103e-08,-1.863295143187834e-06,-0.0013987666769634628
170,0.010008626882175978,0.04915005164084249,0.049999998815996066,-3.04597578462704e-06,-5.1665244568210845e-05,-2.36553726516179e-05,-0.00019099802011623979,-3.042135432451687e-08,-1.158334970054651e-08,-1.8092904505734894e-06,-0.0014118602151361622
171,0.010309873064244916,0.04909106974101937,0.04999999941542815,-3.1200668086472266e-06,-5.271928900974191e-05,-2.4807797362011773e-05,-0.00019245335715822875,-2.9028143444520538e-08,-1.190575052928204e-08,-1.7552204756274553e-06,-0.001425190320125675
172,0.010618625277668908,0.049030524620843084,0.04999999980296662,-3.194509667229949e-06,-5.3702604450709044e-05,-2.5994411618210445e-05,-0.00019375752890482545,-2.9881395136044375e-08,-1.2134421897486071e-08,-1.7010907683202141e-06,-0.0014387489855672679
173,0.010934962062223956,0.04896853353143325,0.04999999998399666,-3.2692923075451795e-06,-5.4609998194286544e-05,-2.7216363968796496e-05,-0.00019494867592584342,-2.9057204642413126e-08,-1.2262804851522651e-08,-1.6469053734488906e-06,-0.0014525275439478788
174,0.011258988606475137,0.048905273503967395,0.049999999964982944,-3.344400824740529e-06,-5.5437627054510554e-05,-2.8475512521210602e-05,-0.00019595124467741698,-2.96977429314893e-08,-1.2285148430572096e-08,-1.5926658587719744e-06,-0.001466516662253453
175,0.011590784620479112,0.0488409342393378,0.049999999753401955,-3.419823288959495e-06,-5.618104329410896e-05,-2.9773675199655994e-05,-0.00019677721138577908,-3.089969524694425e-08,-1.2197257834088543e-08,-1.5383720578577303e-06,-0.0014807063946641467
176,0.011930433128637348,0.0487757002903237,0.049999999357674234,-3.4955465598796673e-06,-5.683557761788994e-05,-3.111269461243767e-05,-0.00019743536540772766,-3.271255977210785e-08,-1.1996932577154127e-08,-1.4840227614040656e-06,-0.001495086092334515
177,0.012278015827750996,0.04870975243618916,0.049999998787093256,-3.571557684047674e-06,-5.739662416228272e-05,-3.249472341847062e-05,-0.0001979306834982708,-3.509933677037225e-08,-1.1683866780648169e-08,-1.4296163431610004e-06,-0.0015096443825721062
178,0.012633606055456196,0.048643269725135656,0.049999998051751406,-3.6478396294778906e-06,-5.7859798038963074e-05,-3.392181668750835e-05,-0.00019827065989375114,-3.813016036247063e-08,-1.1259863605729798e-08,-1.3751516834461343e-06,-0.0015243691448335569
179,0.012997278222690981,0.04857642416263383,0.04999999716246225,-3.7243792731772518e-06,-5.822076819609462e-05,-3.539623215871486e-05,-0.0001984502887353301,-4.168221323652688e-08,-1.0728667982396293e-08,-1.3206287754760177e-06,-0.0015392474641462534
180,0.013369100906063755,0.04850939789488733,0.04999999613068517,-3.8011494443805085e-06,-5.847520953072657e-05,-3.692025971977264e-05,-0.00019848323427140713,-4.597446690013385e-08,-1.0096653304984716e-08,-1.266049270726754e-06,-0.0015542656256039835
181,0.013749138230912894,0.04844236600131555,0.049999994968451866,-3.878129495730408e-06,-5.861928939418622e-05,-3.849614511252164e-05,-0.00019838265143334866,-5.081922083149948e-08,-9.372891279890755e-09,-1.2114173394219188e-06,-0.0015694090695400052
182,0.01413745577612511,0.04837549199854968,0.04999999368828609,-3.955290456503146e-06,-5.8648882076603265e-05,-4.012646611698049e-05,-0.0001981475215870887,-5.62930395631156e-08,-8.568910068484781e-09,-1.156740519646732e-06,-0.0015846623572112377
183,0.014534107567523866,0.04830895471726472,0.04999999230312829,-4.032602664699587e-06,-5.856050837283344e-05,-4.181362782513107e-05,-0.00019780041475314647,-6.22565607955039e-08,-7.69934181780928e-09,-1.102030498956929e-06,-0.0016000091774422698
184,0.014939149043286405,0.04824291808268589,0.049999990826251006,-4.110040202703123e-06,-5.835092039290043e-05,-4.356022780769011e-05,-0.00019734988745767623,-6.88523300595989e-08,-6.781913563831249e-09,-1.0473041452587595e-06,-0.0016154323067679036
185,0.015352628570944377,0.04817754331530847,0.04999998927119111,-4.187555074709962e-06,-5.8017067842673676e-05,-4.5368814133189036e-05,-0.00019681161211337894,-7.586996275676938e-08,-5.837449761137588e-09,-9.925845519793768e-07,-0.001630913622954432
186,0.015774590046762845,0.0481129999551852,0.04999998765167785,-4.265114690460403e-06,-5.7556795002063566e-05,-4.724186578502144e-05,-0.000196201290236786,-8.344348145783442e-08,-4.890412008868232e-09,-9.379019834525869e-07,-0.0016464340873722978
187,0.01620507727266046,0.04804944520272341,0.04999998598154564,-4.342674285774981e-06,-5.696787199305077e-05,-4.918209557634379e-05,-0.00019553546735551208,-9.135536771509578e-08,-3.96803521217241e-09,-8.832951249515437e-07,-0.001661973716675034
188,0.01664412415968992,0.04798703907004086,0.04999998427466356,-4.420189822343249e-06,-5.624886722289109e-05,-5.119197622480444e-05,-0.00019483515643514693,-9.941778955635527e-08,-3.102353757694002e-09,-8.288123243253448e-07,-0.0016775116119564937
189,0.01709176397675417,0.04792593992411748,0.049999982544852266,-4.497617720550452e-06,-5.539911279880815e-05,-5.3274069167940105e-05,-0.00019411655375733972,-1.0778506265296528e-07,-2.329119339642323e-09,-7.745130125541915e-07,-0.001693025920933021
190,0.017548026181594296,0.04786629479324633,0.049999980805826766,-4.574891110000483e-06,-5.441807954917837e-05,-5.5430743097354025e-05,-0.00019339924619998783,-1.1619508910598597e-07,-1.6885154801386626e-09,-7.20469192053285e-07,-0.0017084938238897019
191,0.01801293722532983,0.047808254625791004,0.049999979071128034,-4.651957249010268e-06,-5.330628572969626e-05,-5.766412681751956e-05,-0.00019269928452558815,-1.2439245722362102e-07,-1.225120448037107e-09,-6.667670904596335e-07,-0.00172389156605091
192,0.01848652263582689,0.047751965575870914,0.04999997735403017,-4.728757904032243e-06,-5.206493897848459e-05,-5.9976520138984777e-05,-0.00019202593830414116,-1.3227594308773405e-07,-9.873465824578427e-10,-6.135088175568484e-07,-0.0017391944806361061
193,0.018968798203076374,0.047697584338594314,0.04999997566747846,-4.805228166780243e-06,-5.069634706915668e-05,-6.236975333399494e-05,-0.00019139834330417216,-1.3987400393489224e-07,-1.0279852019119298e-09,-5.60814235571716e-07,-0.0017543769926267217
194,0.019459784612523515,0.04764525516055076,0.049999974024019046,-4.881303712312529e-06,-4.9203384741557654e-05,-6.484559790344105e-05,-0.0001908296690089628,-1.4713005214161967e-07,-1.4040324901171076e-09,-5.088231264175355e-07,-0.0017694126122845017
195,0.019959496916655665,0.04759511531573503,0.049999972435734105,-4.956909908877812e-06,-4.758983325802534e-05,-6.740544026416337e-05,-0.00019032275304198265,-1.5344730286415142e-07,-2.1768546372766646e-09,-4.5769731895503816e-07,-0.0017842739747572303
196,0.020467950062244476,0.04754730581699267,0.04999997091418232,-5.031973862486802e-06,-4.586067373497015e-05,-7.005026736996004e-05,-0.00018989096861332655,-1.5918104168122227e-07,-3.4120763014501735e-09,-4.0762311764537274e-07,-0.001798932877223496
197,0.020985159939583827,0.047501955419766984,0.04999996947031755,-5.106425377902046e-06,-4.402180055849484e-05,-7.278088374901684e-05,-0.00018952695245388895,-1.6378764655655687e-07,-5.192650556548058e-09,-3.5881389592085644e-07,-0.001813360292273509
198,0.021511134757346475,0.04745919467178181,0.04999996811443878,-5.180163237182235e-06,-4.208009426908801e-05,-7.559757719271826e-05,-0.00018921634182333946,-1.6689294568550395e-07,-7.563952820343724e-09,-3.115128688108655e-07,-0.0018275264383383505
199,0.022045897327041063,0.04741915948733847,0.049999966856111806,-5.253153665475627e-06,-4.004403939254467e-05,-7.850046434249014e-05,-0.00018898106645792723,-1.7092419568598416e-07,-1.0622165095799543e-08,-2.659957784412003e-07,-0.001841400828104551
200,0.022589450228887347,0.047381958093695394,0.04999996570411373,-5.325287101875179e-06,-3.792242858415364e-05,-8.148908131650888e-05,-0.0001888307451736182,-1.7338861368898506e-07,-1.4447818715886482e-08,-2.2257434850860187e-07,-0.0018549522660502628
201,0.023141804901071227,0.04734765042670767,0.049999964666402844,-5.396478273588094e-06,-3.572531357860878e-05,-8.456178382047805e-05,-0.00018869030463974923,-1.7200518698246015e-07,-1.912570876997085e-08,-1.8159980856012217e-07,-0.0018681489140369842
202,0.02370298970301026,0.04731634771922251,0.04999996375004881,-5.466638973149489e-06,-3.3464507228374215e-05,-8.771735418554363e-05,-0.00018856576934922487,-1.7303186439221463e-07,-2.4743148208813864e-08,-1.4346613739719018e-07,-0.0018809583910114796
203,0.024273007678150302,0.04728814907987903,0.04999996296119277,-5.535680197837986e-06,-3.11524864992116e-05,-9.095366953187368e-05,-0.00018844683654606342,-1.7248522965473967e-07,-3.1389581448558236e-08,-1.0861403536403964e-07,-0.0018933478803264542
204,0.024851870730760436,0.047263130055157004,0.04999996230501981,-5.603509300187542e-06,-2.880298460956894e-05,-9.426817448342303e-05,-0.0001883117511169985,-1.7143499064786738e-07,-3.915500737432331e-08,-7.753506115764294e-08,-0.0019052841907988933
205,0.025439589094087528,0.04724135177293784,0.04999996178572298,-5.670033504923133e-06,-2.643069493973052e-05,-9.765772130845424e-05,-0.00018814222130458802,-1.7004285268740205e-07,-4.813084954022549e-08,-5.0775993456237216e-08,-0.001916733851275985
206,0.026036171223234435,0.04722286675826894,0.04999996140647825,-5.735157218096e-06,-2.4051439574933897e-05,-0.00010111866554286403,-0.00018792386981658638,-1.6867430474576395e-07,-5.8409657971609396e-08,-2.894355042309064e-08,-0.0019276632194294265
207,0.02664162214675187,0.047207709337658416,0.04999996116942524,-5.798783498916571e-06,-2.1681921693898824e-05,-0.00010464713356654529,-0.00018763658590614796,-1.6709289241134684e-07,-7.007642078349734e-08,-1.27094456612473e-08,-0.0019380385935543684
208,0.02725594161210501,0.047195902742609354,0.04999996107565356,-5.860822089440841e-06,-1.9339850483929795e-05,-0.00010823877694805811,-0.00018728314898908138,-1.6607459940587432e-07,-8.322238137435194e-08,-2.815755950511101e-09,-0.0019478263796607821
209,0.02787911706620287,0.047187460853023507,0.04999996112519986,-5.9211773138677034e-06,-1.7043912412959588e-05,-0.00011188897187245056,-0.00018686526163946837,-1.6540606395665236e-07,-9.79319559234323e-08,-8.078741498730464e-11,-0.001956993216867052
210,0.028511132323373895,0.04718236177364538,0.0499999613170545,-5.979752358060568e-06,-1.481322608799936e-05,-0.00011559265450365913,-0.00018636595632415265,-1.6495575039243704e-07,-1.142866099104806e-07,-5.405356755985238e-09,-0.0019655060843208816
211,0.029151964355085377,0.047180588106066484,0.049999961649179366,-6.036450103090207e-06,-1.2667666950855872e-05,-0.00011934460185545768,-0.00018580594041850418,-1.6553951809328282e-07,-1.3236321649922083e-07,-1.9779613700083843e-08,-0.0019733324578832226
212,0.02980157711614302,0.04718211136990097,0.04999996211853072,-6.091174420040941e-06,-1.062752106453247e-05,-0.0001231397862460195,-0.00018519519653636962,-1.6623992848963098e-07,-1.522339021631912e-07,-4.4290510410880805e-08,-0.001980440502917429
213,0.03045991215426644,0.04718688614312969,0.04999996272109223,-6.143831491445196e-06,-8.713586762714374e-06,-0.0001269728002407673,-0.00018455530516803265,-1.6781466172233195e-07,-1.7396438066297527e-07,-8.012995178606468e-08,-0.0019867992133722405
214,0.031126907215322887,0.04719485562930802,0.04999996345190856,-6.1943281853239005e-06,-6.946584933478778e-06,-0.00013083848931705932,-0.0001839069154812023,-1.6957861248556583e-07,-1.976148171272341e-07,-1.2860376351682773e-07,-0.0019923785913477264
215,0.03180247169818208,0.047205969130358225,0.04999996430513018,-6.2425749015576955e-06,-5.347513929629232e-06,-0.00013473159775311913,-0.00018328223086427897,-1.7190004086842237e-07,-2.2323758542406403e-07,-1.9114154763701923e-07,-0.001997149820358806
216,0.03248650662354706,0.0472201554507388,0.04999996527406842,-6.288480802542329e-06,-3.9369467377899785e-06,-0.00013864702383152672,-0.0001827132364269346,-1.7443088040636212e-07,-2.508756413264816e-07,-2.6930759295063325e-07,-0.0020010854173846846
217,0.033178889624599056,0.04723735400534282,0.04999996635124305,-6.331969069355825e-06,-2.7352483572386952e-06,-0.00014258037535764956,-0.00018224268569611013,-1.7711843725010112e-07,-2.8056628277552393e-07,-3.648130571261555e-07,-0.002004159439336017
218,0.03387946866688831,0.04725748840384481,0.04999996752845967,-6.37295152665267e-06,-1.762094220365149e-06,-0.00014652691806851695,-0.00018190566333942115,-1.79826358248647e-07,-3.123546101095355e-07,-4.795294380424697e-07,-0.0020063476126917557
219,0.0345880738404224,0.04728048971540988,0.04999996879688776,-6.411327473445996e-06,-1.036340384370528e-06,-0.00015048260157817593,-0.0001817120792111382,-1.8242498356357828e-07,-3.462590124005541e-07,-6.155033781325724e-07,-0.002007627458044272
220,0.035304518632969,0.0473063015693861,0.04999997014713059,-6.447015110017518e-06,-5.758870122557457e-07,-0.00015444355233284985,-0.00018169851682614535,-1.856881226558471e-07,-3.8228573896878484e-07,-7.749735432407718e-07,-0.0020079784870173224
221,0.036028593535752475,0.04733491901751332,0.04999997156929341,-6.479962249906276e-06,-3.973854250246941e-07,-0.00015840656531847502,-0.00018195409211330116,-1.8799862289142766e-07,-4.204515770060151e-07,-9.6038966512717e-07,-0.0020073824261990017
222,0.03676004361795314,0.04736629402461778,0.049999973053041796,-6.510100960262994e-06,-5.158711467616042e-07,-0.00016236877567402732,-0.00018249110144097358,-1.901123312109121e-07,-4.607569796758063e-07,-1.1744327831202865e-06,-0.0020058232662433745
223,0.03749861000925358,0.04740036349368364,0.0499999745876942,-6.537356125546064e-06,-9.448892064529186e-07,-0.00016632723708051044,-0.0001833108690334484,-1.9227543646138656e-07,-5.032049093194377e-07,-1.420038246419676e-06,-0.0020032873221504585
224,0.038244010739798495,0.04743711121298566,0.04999997616230752,-6.561656727478131e-06,-1.696213081696285e-06,-0.0001702802589819354,-0.00018445824389345944,-1.9448232535523857e-07,-5.477705936222448e-07,-1.7004217677792057e-06,-0.0019997633678022378
225,0.03899593920115585,0.04747653562124313,0.04999997776575194,-6.582962685706012e-06,-2.7796009162783507e-06,-0.0001742260851097643,-0.0001859802141552791,-1.9652075877729658e-07,-5.944307980248739e-07,-2.0191081764507684e-06,-0.0019952427522565517
226,0.0397540649255061,0.04751863244152682,0.0499999793867725,-6.601249536672568e-06,-4.202594364218318e-06,-0.00017816295754293507,-0.00018793277558870614,-1.9793586147898168e-07,-6.431910082464006e-07,-2.379963342278579e-06,-0.001989719431516681
227,0.04051802438495316,0.04756335089521935,0.04999998101407178,-6.616414452715194e-06,-5.970742932538164e-06,-0.00018208989258225125,-0.0001902344374684617,-1.9955650998326746e-07,-6.939782015865244e-07,-2.787227845454863e-06,-0.0019831898810050534
228,0.0412874904844761,0.04761068760832271,0.04999998263638866,-6.628473573629671e-06,-8.08782022545542e-06,-0.00018600554869095415,-0.00019297619292046875,-2.0230110919783328e-07,-7.468082303376707e-07,-3.2455578527985097e-06,-0.0019756531607200444
229,0.04206205289179382,0.04766065981892396,0.04999998424258335,-6.637304722230884e-06,-1.0555015303644478e-05,-0.0001899099294310557,-0.00019615462224464864,-2.032967785225992e-07,-8.016030327410991e-07,-3.7600682576241156e-06,-0.0019671108224262883
230,0.04284133995091244,0.04771324284867601,0.049999985821714756,-6.6429010469016904e-06,-1.3372157959419877e-05,-0.00019380162750937048,-0.00019973826420027763,-2.068736932869797e-07,-8.583172045489301e-07,-4.33637927922151e-06,-0.0019575668686724543
231,0.043624968173792245,0.047768455962301754,0.04999998736307732,-6.645237266107279e-06,-1.653673682227588e-05,-0.00019768107813965589,-0.000203848845558241,-2.0795926047867397e-07,-9.168882860156588e-07,-4.980671653909866e-06,-0.0019470277793864335
232,0.044412506542287324,0.04782624435631498,0.04999998885625295,-6.644291705865155e-06,-2.004418176359175e-05,-0.00020154738376118456,-0.00020839330682065338,-2.094911479844086e-07,-9.77245172164767e-07,-5.6997422446767515e-06,-0.001935502353723373
233,0.04520356103709806,0.04788651580979039,0.04999999029117646,-6.6400324898693535e-06,-2.3888970424436066e-05,-0.0002053997987048448,-0.0002133918460458517,-2.1077494238852523e-07,-1.0393041809876437e-06,-6.501067574499412e-06,-0.001923001574739898
234,0.045997728258738525,0.04794917903471318,0.04999999165817844,-6.632453746098964e-06,-2.8063849718498314e-05,-0.00020923762566617255,-0.00021884457964915782,-2.1204940026109398e-07,-1.1029769812893781e-06,-7.392875061268605e-06,-0.0019095385059560372
235,0.04679459999010769,0.0480141051759151,0.04999999294804114,-6.621529825918978e-06,-3.256052619712653e-05,-0.0002130591827098041,-0.00022473177523352206,-2.1257531557239417e-07,-1.168157216500659e-06,-8.384219884017107e-06,-0.001895128119251328
236,0.04759378901553943,0.04808114445274837,0.04999999415204301,-6.607255853915883e-06,-3.7369904948568474e-05,-0.00021686277117432181,-0.00023102811246644706,-2.125766371818827e-07,-1.2347294102489188e-06,-9.485069039164984e-06,-0.0018797871472454486
237,0.04839490733321897,0.04815010697149674,0.049999995261997256,-6.589620250169124e-06,-4.2482094521240455e-05,-0.000220646582347928,-0.0002377036726102233,-2.118853643651164e-07,-1.3025646427250857e-06,-1.0706396051690826e-05,-0.0018635339870965687
238,0.049197570886823305,0.04822078277387699,0.04999999627030145,-6.5686235531558315e-06,-4.788618123898506e-05,-0.00022440786662707957,-0.00024473981466144323,-2.1049179110832483e-07,-1.3715217924496421e-06,-1.2060284325042835e-05,-0.0018463885641174403
239,0.05000140987820324,0.04829291816308293,0.049999997169970556,-6.544264077342258e-06,-5.3571150027938016e-05,-0.00022814371756702727,-0.00025207659928128123,-2.0775496523128822e-07,-1.4414437044860027e-06,-1.3560040277087557e-05,-0.0018283721845276245
240,0.05080606429936592,0.04836623300112552,0.04999999795467076,-6.516550383864353e-06,-5.95253395245424e-05,-0.00023184987572231683,-0.00025967726833187044,-2.0496008801274002e-07,-1.5121576891121597e-06,-1.5220318234681613e-05,-0.0018095074182486915
241,0.05161120029856491,0.048440426409369686,0.04999999861874915,-6.48551007319145e-06,-6.573706722750373e-05,-0.00023552222712189708,-0.00026750151300802827,-2.0071470885341114e-07,-1.5834808726983205e-06,-1.7057259739646257e-05,-0.0017898180090628363
242,0.05241647705820836,0.04851516172594622,0.049999999157266134,-6.451170064220925e-06,-7.219372648505852e-05,-0.00023915562919566642,-0.00027547686477191746,-1.961793998361827e-07,-1.6552187675736243e-06,-1.908864821564158e-05,-0.0017693287505950951
243,0.05322156959399998,0.04859008346263369,0.04999999956603745,-6.413513395610788e-06,-7.88834613962499e-05,-0.0002427448645487566,-0.0002835210761986673,-1.9111310223252076e-07,-1.7271616477730777e-06,-2.1334078362810377e-05,-0.0017480653537796703
244,0.05402619277619484,0.048664845453968694,0.04999999984165773,-6.372634499295944e-06,-8.579385478811939e-05,-0.0002462843629582816,-0.00029165117302909493,-1.8658151645922771e-07,-1.7991022886814224e-06,-2.3815153600964123e-05,-0.0017260544901975643
245,0.054830020860405095,0.04873907719345326,0.04999999998153057,-6.328557572496159e-06,-9.291074203280497e-05,-0.00024976736569217025,-0.0002997776900883764,-1.79852904125255e-07,-1.8708017121585072e-06,-2.6555697375056925e-05,-0.001703323673569743
246,0.05563277397283372,0.04881237637990993,0.04999999998389928,-6.281344342949134e-06,-0.0001002214610975472,-0.00025318670160226465,-0.0003077985893469304,-1.750622260487944e-07,-1.9420297447199663e-06,-2.958198489080526e-05,-0.0016799011126118714
247,0.056434188174682015,0.04888437090045317,0.04999999984787959,-6.2310432386752755e-06,-0.00010771303702834139,-0.00025653571761930573,-0.0003157095634378493,-1.7045547906491265e-07,-2.0125553292114847e-06,-3.292302063258663e-05,-0.001655815657769479
248,0.05723399023858492,0.048954709968665806,0.04999999957348589,-6.177695527434365e-06,-0.00011537241890723855,-0.00025980731933513286,-0.00032344440114684403,-1.6612098363566474e-07,-2.082146860524011e-06,-3.6610845528647874e-05,-0.0016310967861474371
249,0.05803191321578976,0.049023069986237906,0.04999999916165006,-6.121383037204352e-06,-0.0001231851853623775,-0.0002629947787276341,-0.00033097341656684875,-1.623913732373694e-07,-2.150575320616408e-06,-4.068088338431198e-05,-0.0016057745913641232
250,0.05882768778473657,0.04908914088297403,0.04999999861423817,-6.062159903324306e-06,-0.000131136962696012,-0.00026609064435541757,-0.00033825080026872456,-1.5933289887470892e-07,-2.2176106699711963e-06,-4.517232999933773e-05,-0.001579879721448749
251,0.05962106214214165,0.049152647975512886,0.04999999793406293,-6.000112311699624e-06,-0.00013921294262639954,-0.0002690883870496803,-0.0003452424716670066,-1.5711798084794282e-07,-2.28304418497383e-06,-5.012859886088956e-05,-0.0015534433897505789
252,0.06041177583714026,0.04921334819465861,0.04999999712489843,-5.935339472782387e-06,-0.00014739691828166224,-0.0002719814054309037,-0.00035194275551475585,-1.5541603204383136e-07,-2.3466589009862702e-06,-5.559783787951467e-05,-0.0015264973699005817
253,0.06119954906808241,0.0492710325996244,0.049999996191472,-5.867883787067024e-06,-0.00015567240021066315,-0.0002747635269571501,-0.00035828480031341314,-1.543044021445894e-07,-2.408265298175275e-06,-6.163350834514359e-05,-0.0014990739358368037
254,0.06198412610811996,0.04932554712882943,0.04999999513945479,-5.797842022195579e-06,-0.00016402258790303671,-0.00027742942527766756,-0.000364287116099149,-1.547919907807227e-07,-2.4677017979048817e-06,-6.829506043400697e-05,-0.0014712058390784681
255,0.06276523534657079,0.04937679384302053,0.049999993975430534,-5.72527799100464e-06,-0.00017242999014385911,-0.00027997392024534877,-0.00036994947004131973,-1.5437483114055794e-07,-2.5248097327434337e-06,-7.564871230168844e-05,-0.0014429263560511306
256,0.06354259077654134,0.04942470682695582,0.049999992706869285,-5.650304321921407e-06,-0.000180874108903919,-0.00028239267567496304,-0.0003752432530745864,-1.5470611458567873e-07,-2.5794571190287e-06,-8.37683351268021e-05,-0.0014142693180834486
257,0.06431590539535091,0.049469255842153594,0.04999999134210475,-5.573010792933281e-06,-0.00018933431458245334,-0.0002846820819947484,-0.0003801716084126383,-1.5525044716468983e-07,-2.6315337879787677e-06,-9.273648826635343e-05,-0.0013852690760592467
258,0.06508488259634072,0.049510449703720705,0.04999998989026643,-5.493485475874873e-06,-0.00019778868597700516,-0.00028683905957735205,-0.00038473642780445516,-1.5590912028073944e-07,-2.680953231268866e-06,-0.0001026456202182298,-0.0013559604821974534
259,0.06584922278665743,0.04954833116775058,0.04999998836122424,-5.411832133756814e-06,-0.0002062142832917789,-0.0002888615068458739,-0.00038893663440831006,-1.5638092065728415e-07,-2.727655008600207e-06,-0.00011359946647943674,-0.0013263788814502709
260,0.06660861409731923,0.04958297650569674,0.04999998676551664,-5.328147384469687e-06,-0.00021458646806384626,-0.000290746964955519,-0.0003927790967281908,-1.5659323082672927e-07,-2.7715729714943832e-06,-0.00012571466714577308,-0.0012965600476475105
261,0.06736274571446751,0.04961448592518666,0.04999998511426622,-5.242502526786519e-06,-0.00022288103824645786,-0.0002924946522055559,-0.0003962436749134213,-1.5737263936443924e-07,-2.812707830089388e-06,-0.00013912266251045206,-0.0012665400663589975
262,0.06811132191654207,0.04964299109317045,0.04999998341909143,-5.155009822267296e-06,-0.00023107382078086134,-0.0002941046682846524,-0.0003993679420091212,-1.5727637503459846e-07,-2.851075978466582e-06,-0.00015397195438916807,-0.0012363553615638016
263,0.06885400963031603,0.0496686440298309,0.04999998169198379,-5.065761889240987e-06,-0.00023913694679000144,-0.0002955775510981942,-0.0004021446220576763,-1.562229812179794e-07,-2.8867001324096225e-06,-0.0001704307459748437,-0.0012060426803787913
264,0.06959048223334377,0.04969159560699029,0.049999979945220485,-4.974874302253209e-06,-0.00024704265294725166,-0.0002969143631830027,-0.00040458934381604195,-1.55638645082945e-07,-2.919628078940877e-06,-0.00018869003983667593,-0.0011756389398940195
265,0.07032042775907421,0.049711995613334226,0.049999978191261396,-4.882439508076035e-06,-0.00025476486153414555,-0.0002981162223352325,-0.0004067029512953013,-1.545184744600192e-07,-2.949921635144858e-06,-0.0002089673219037587,-0.0011451811005932977
266,0.07104354211758034,0.04973000868020527,0.04999997644263105,-4.788565785814753e-06,-0.00026227713285399576,-0.0002991853818435016,-0.0004084952233824879,-1.5300163624942797e-07,-2.9776672139664903e-06,-0.00023151095658691638,-0.0011147060784755698
267,0.07175951570594133,0.0497457935719659,0.04999997471180909,-4.69335323376932e-06,-0.0002695531679251044,-0.0003001247861643809,-0.000409974018111825,-1.5089111116139975e-07,-3.00296892573719e-06,-0.0002566054649844358,-0.001084250646471708
268,0.07246804191360935,0.0497595097211444,0.049999973011088536,-4.596897829594908e-06,-0.0002765671091817731,-0.00030093751570317334,-0.0004111461457796395,-1.4853263508030068e-07,-3.025941218193268e-06,-0.00028457783060863764,-0.0010538513004911567
269,0.07316883123136252,0.0497713100893465,0.04999997135246874,-4.499305911780517e-06,-0.0002832947165888835,-0.0003016274194162533,-0.0004120197263546288,-1.4584412610929576e-07,-3.046716723112148e-06,-0.0003158051221077562,-0.0010235441356380576
270,0.07386159480613141,0.0497813411018315,0.04999996974753584,-4.400670870176294e-06,-0.0002897122876788747,-0.00030219826013820313,-0.0004126141720917076,-1.425673161747909e-07,-3.065433779525925e-06,-0.0003507237246870271,-0.000993364722831572
271,0.07454606922827071,0.049789738479811496,0.04999996820736513,-4.301111749599489e-06,-0.00029579816521003104,-0.0003026543619926827,-0.00041293949470855296,-1.3906584683809342e-07,-3.0822357206558956e-06,-0.0003898405751464951,-0.0009633479650703464
272,0.0752219887304181,0.04979662979073037,0.0499999667424276,-4.200713451576719e-06,-0.00030153241036171143,-0.00030300053915833657,-0.00041297945426777005,-1.355836047878256e-07,-3.0972795232464543e-06,-0.00043374692933286196,-0.0009335279776979032
273,0.07588910947670993,0.04980213343262402,0.04999996536246545,-4.099578360429622e-06,-0.00030689676473156813,-0.00030324170327373015,-0.0004127672000322491,-1.315470257168272e-07,-3.110730389136484e-06,-0.00048313531180254205,-0.0009039379662304098
274,0.07654720262776095,0.04980636325734844,0.049999964076417026,-3.997807374012722e-06,-0.00031187567108788186,-0.000303383435559477,-0.00041229589260183275,-1.2703154084192647e-07,-3.122756829242087e-06,-0.0005388205395128512,-0.0008746101232780881
275,0.07719604281349295,0.04980942452694377,0.04999996289232577,-3.89549547016471e-06,-0.0003164542577583697,-0.0003034307553522907,-0.0004115886113140732,-1.2251766179360857e-07,-3.133522402159327e-06,-0.000601765857157407,-0.000845575516724748
276,0.077835436833366,0.04981141309309106,0.04999996181729221,-3.7927524766071527e-06,-0.00032062139460968536,-0.0003033892998754331,-0.00041065309778787196,-1.1777790831501989e-07,-3.143197487199863e-06,-0.0006731157478284144,-0.0008168639701073356
277,0.07846519987810817,0.049812417645360534,0.049999960857434717,-3.689674714740847e-06,-0.00032436797686109776,-0.0003032649576512577,-0.0004094888863619417,-1.128914846049156e-07,-3.1519518621442867e-06,-0.0007542374453442764,-0.0007885039874641665
278,0.07908516091225412,0.04981252282728728,0.04999996001782377,-3.586362435975485e-06,-0.0003276870508879589,-0.0003030633629161594,-0.0004081122751813382,-1.0794047966555809e-07,-3.159949769168938e-06,-0.0008467736984029957,-0.000760522673834967
279,0.07969517046273178,0.04981180936727583,0.04999995930246462,-3.4829162853642223e-06,-0.0003305741176964222,-0.00030279042465589367,-0.0004065323737449944,-1.0283752516215827e-07,-3.167359041634916e-06,-0.0009527105204313075,-0.0007329456575815301
280,0.08029508696979248,0.04981035398216127,0.04999995871425701,-3.3794153229493525e-06,-0.00033302739006821173,-0.00030245193315630334,-0.0004047432157676667,-9.792794486429557e-08,-3.1743343097740137e-06,-0.0010744647982833292,-0.0007057970338192211
281,0.08088480968964024,0.04980824079203566,0.04999995825502959,-3.275999342063476e-06,-0.0003350470286872676,-0.0003020537867293922,-0.00040279226959683,-9.24441962979472e-08,-3.181035279154552e-06,-0.0012149987832512975,-0.0006790993515081003
282,0.081464216922636,0.04980554106581897,0.049999957925564845,-3.1727493128023637e-06,-0.00033663395293636185,-0.00030160166171684465,-0.0004006463277619332,-8.781095317544896e-08,-3.1876008169266818e-06,-0.00137797101662417,-0.0006528735511047735
283,0.0820332304249511,0.04980232345973057,0.04999995772560509,-3.069773299153836e-06,-0.00033779334736437785,-0.00030110113038119566,-0.0003983450587838888,-8.27720896268147e-08,-3.1941792211125382e-06,-0.0015679373327100678,-0.0006271389023480962
284,0.08259178989653418,0.04979866441533788,0.04999995765387946,-2.96716127205583e-06,-0.0003385334122368462,-0.0003005580384999249,-0.00039587789797224104,-7.79639819370459e-08,-3.2009065604781516e-06,-0.0017906220393151496,-0.0006019130347310049
285,0.08313982963111166,0.04979464316839679,0.049999957708133404,-2.8650173762564147e-06,-0.0003388605634543052,-0.00028745454165447694,-0.00039327386184595525,-7.345878572095899e-08,-3.207901026964587e-06,-0.002053287526491533,-0.0005772119542775273
286,0.083842227364269,0.04994694439147676,0.04999995788523515,-2.9037893153365405e-06,-0.0003312065675026603,-0.00024899158751853616,-0.0005115907988511026,-2.6061947210109793e-05,-2.8121143571943327e-06,-0.0022931868214618348,-0.0005540100035473427
287,0.08502815726085304,0.04946699799650331,0.04999997136704101,-3.2714198983758655e-06,-0.0003077247988255221,-0.0002359442950823079,-0.0019222494447603822,-0.0007162311812862754,-2.423768785512935e-06,-0.0024739245079204316,-0.0005319956200159812
288,0.08596566026232963,0.04797324845275563,0.049999989394298866,-2.936501033740566e-06,-0.0003159762088497274,-0.00022182399886591008,-0.004027161281555891,-0.0005450028111226857,-2.0460261555540426e-06,-0.0026058348822167766,-0.0005102970620597648
289,0.08672446502353402,0.04728959519872655,0.04999999937149971,-2.495816081679231e-06,-0.00032766058430386204,-0.00021394186445693525,-0.004761001095175743,-0.0001457445468986407,-1.8762273964328446e-06,-0.002701508275971559,-0.0004889168412621016
290,0.08727230773775718,0.046698958709507826,0.04999999702265345,-1.8980032842974273e-06,-0.0003253950090231446,-0.00020872745103830953,-0.004997906740754843,-5.5157343012979254e-05,-1.0704151381489806e-06,-0.0027639031675127167,-0.00046797998303444344
291,0.0877558961968879,0.04652245175088895,0.04999998284340675,-1.384363765877648e-06,-0.00032358638391585674,-0.00020600231162033636,-0.0047010756097733974,-3.1899340683594346e-05,-8.643402711804867e-07,-0.002791396853037894,-0.00044726523163181504
292,0.08821856074087149,0.046640289163462904,0.04999995907579476,-9.336698119474186e-07,-0.0003319951685707298,-0.00020326636373486635,-0.003951491322368383,-0.00011221004388062283,-9.186172276994218e-07,-0.0027866050327446717,-0.00042642812282966394
293,0.08867567078096687,0.04683555159275646,0.049999928756092056,-5.615224622042583e-07,-0.00035373977997696593,-0.00020123931339117334,-0.0031608634162694216,-9.757608495419845e-05,-1.0828604247894523e-06,-0.002755655693723569,-0.00040531711193762376
294,0.08907955332472907,0.047049100948218375,0.049999895252629954,-2.8838468603227455e-07,-0.000376806583306281,-0.00020999130098100537,-0.0025013599079102278,-0.00010070233838632703,-2.0389539728857027e-06,-0.0026941456077842723,-0.0003839509290501543
295,0.08938047334590316,0.04727347477091952,0.049999867301122866,-1.0895679689556084e-07,-0.00040030960851124227,-0.0002233756842358649,-0.001883110380731523,-0.00016858636809047312,-3.4220490374950297e-06,-0.0026031980111438295,-0.000362532139003132
296,0.08963061076255693,0.04718565103283757,0.04999985151392848,-3.005419651603218e-08,-0.0004138213492411604,-0.00024261061148695632,-0.0017235421109944582,-6.936133286217228e-05,-5.485496567539448e-06,-0.002487796547414724,-0.00034131088699233955
297,0.08985914854255495,0.046844553218390456,0.049999849655786244,-4.471171516301902e-09,-0.0004222754545955825,-0.0002680564201497405,-0.0016546864062547684,-2.6979239919455722e-05,-8.378070588673231e-06,-0.00235079340789283,-0.0003205525012622371
298,0.090069758956008,0.04631710732559141,0.04999986111893806,-5.999496450961669e-10,-0.00041751159777436773,-0.0003015986873457151,-0.0017224008915945888,-5.41660119779408e-05,-1.2349051831733289e-05,-0.002193929716688456,-0.0003006491413135934
299,0.09026333865663788,0.045703080826553936,0.04999988332898778,-2.7921936865329785e-09,-0.0003953639711182319,-0.0002944562847947877,-0.0020108406897634268,-9.485355258220807e-05,-1.773900082600624e-05,-0.002018964080521103,-0.00028199140740474334
300,0.09053884165616334,0.04491287439310873,0.04999991236232301,-2.8187413701780236e-08,-0.00035353437151017025,-0.0001728472254132271,-0.0023687321227043867,-5.0919767090817913e-05,-8.748648665519263e-06,-0.0018695270982528114,-0.0002651274022235523
301,0.09108961504013662,0.04376378584920336,0.04999991956177809,-1.208163295876821e-07,-0.0002986426552140423,-0.00013181580330054663,-0.0022128522396087646,-0.00011358861956978217,-3.3099722168090898e-06,-0.0017609814678306247,-0.00024968109264113735
302,0.09150649714628947,0.043923713796893776,0.04999990942000543,-1.1551423692312871e-07,-0.00028542895549794553,-0.00011467919646788365,-0.0015296739293262362,-0.00013086007675155997,-3.3661576309905435e-06,-0.0016696810459409205,-0.00023510140480166922
303,0.09179220850401884,0.04427403279200396,0.049999892345810815,-7.867376904416175e-08,-0.0002670870948872363,-0.00012101736374288103,-0.0016190208261832595,-0.00010685921006370336,-6.0041696694979936e-06,-0.0015771972829971962,-0.00022133249821251123
304,0.09193738111401557,0.045063791313278485,0.049999877262720656,-3.455726304954027e-08,-0.0002574333127504425,-0.0001372112420667031,-0.0015160541515797377,-0.0001268558407900855,-9.5413408033829e-06,-0.0014801433800799915,-0.00020846513203255472
305,0.09201525093460203,0.04548261151743068,0.0499998744326024,-1.9040023757037405e-08,-0.00023803323970890525,-0.00014342869855022536,-0.0016123406821861863,-2.6680127120926045e-05,-1.4549086312860775e-05,-0.00137387787339975,-0.00019661115884119803
306,0.09211903412176511,0.04571606240557222,0.04999988399863719,-9.946159255050155e-09,-0.0002179838441897338,-0.00010827443952115518,-0.0017986694583669305,-4.714186434284784e-05,-7.579484815597231e-06,-0.0012843508723611014,-0.000185812989293913
307,0.0924241635048785,0.045658727301643394,0.049999886067835765,-2.050483117258359e-08,-0.00020273640143106676,-9.454820253665362e-05,-0.0018251575529575348,-8.385691762669012e-05,-4.616389259315087e-06,-0.0012145640509162794,-0.00017586779764690807
308,0.09269429385898598,0.04623440296582199,0.049999879437292324,-1.5047086960007886e-08,-0.00019727847898429716,-8.778427224203413e-05,-0.0015767350560054183,-7.891812856541947e-05,-2.759232356899074e-06,-0.0011567074646113443,-0.0001667236745165453
309,0.09288696057302674,0.04696055345130019,0.04999987000159059,-8.361290037214369e-09,-0.0001823171863841599,-8.649349384024684e-05,-0.0015024699969217181,-4.369038651930168e-05,-1.936260775140502e-06,-0.0011068475521073288,-0.00015841128678542333
310,0.09306871117237474,0.04763847419845266,0.04999986059867749,-2.0541163663046435e-09,-0.00017474583506562458,-8.938665049125929e-05,-0.0014778937911614776,-1.2124254681111779e-05,-4.170554766938109e-07,-0.0010508416903375352,-0.00015086050378612897
311,0.09321316463740226,0.04819647040482521,0.049999857541210675,-3.259383698640399e-12,-0.00016653627695620166,-8.897879917272904e-05,-0.0015097743598744273,-1.262102432519896e-05,-1.1881686876512713e-06,-0.00101811529360022,-0.0001440361433568544
312,0.09339508015130288,0.04864046014994965,0.04999985789561843,-5.835845914311652e-10,-0.00016301289160364392,-8.450828129775805e-05,-0.0015234320890158415,-1.0111983101523947e-05,-4.151105770854655e-07,-0.0009727545610992452,-0.00013790797460105645
313,0.09361811986159684,0.04898942887028485,0.049999857613091586,-1.1450878981937547e-09,-0.00016064192482833224,-8.293097443882216e-05,-0.001484527951106429,-3.868808926199563e-05,-3.4004405578406326e-07,-0.0009444749130471495,-0.0001324420674786253
314,0.09384379266061792,0.04930605054302878,0.04999985575961054,-1.9521526593282483e-09,-0.0001560725967341464,-8.279670783085804e-05,-0.0013343457831069827,-2.012446020671632e-05,-3.7252771291697095e-07,-0.0009192907583568642,-0.0001275990531192352
315,0.09406973871191686,0.049516498836084756,0.049999853828965816,-3.6274730176376283e-09,-0.00015197474512915638,-8.341054291725383e-05,-0.0013376112328842282,-7.174267011578195e-07,-3.982548634402054e-07,-0.0008959194243489572,-0.0001233356200757159
316,0.09429230440117675,0.049678686784486475,0.04999985258409928,-5.205876864333007e-09,-0.0001479779921252184,-8.443677270806237e-05,-0.0013234085636213422,-2.383634267744128e-07,-4.130306238990745e-07,-0.0008737069218925805,-0.00011963705866424805
317,0.09451816212354214,0.04979927621082697,0.04999985224897277,-6.400010282838751e-09,-0.00014463090794616742,-8.573345569407346e-05,-0.001305202953517437,-4.6672909093103954e-07,-4.2323129226817856e-07,-0.0008523700777605397,-0.0001164641988150356
318,0.09475043216219552,0.049886310061560614,0.049999852851031375,-7.127051255591664e-09,-0.0001420855676178183,-8.894912407734556e-05,-0.0012804836733266711,-3.6162992955723894e-07,-4.3415579835573157e-07,-0.0008317776498468535,-0.00011377101531260647
319,0.09497708135331424,0.049944727352983026,0.04999985432535377,-7.35392275814146e-09,-0.00014002739434741101,-9.306015963396643e-05,-0.0012380884727463126,-1.7790382571547525e-06,-3.878648276521981e-07,-0.0008130086329463878,-0.00011152524752346121
320,0.09520852452141411,0.049973433775136744,0.049999859568438006,-5.8447141726702515e-09,-0.00013855310813620168,-9.328148809770588e-05,-0.0012217953335493803,-2.6152081318286946e-06,-9.234413774739543e-07,-0.0007816474526060112,-0.00010964232431720561
321,0.09544493258001929,0.04999274252575493,0.04999986641022805,-3.803693807342939e-09,-0.00013858972979194709,-9.464898429903179e-05,-0.0012136622099205852,-4.896446625934914e-06,-4.352828938624853e-07,-0.0007645543053476899,-0.00010808870156858671
322,0.09573780562354275,0.04999866343671396,0.04999987235753564,-1.871283048457117e-09,-0.00013935156904771725,-9.69527053757867e-05,-0.0011492858175188303,-4.554364295472624e-06,-4.924274448581111e-07,-0.0007457668232374816,-0.00010673662590548245
323,0.09601601272342081,0.049999652411035996,0.049999875722453346,-1.5270750872606763e-09,-0.00013886257812808201,-9.947467046784867e-05,-0.001103138318285346,-1.407842205480847e-06,-5.474939575998465e-07,-0.0007282645622855505,-0.00010557322446046413
324,0.09628080381028008,0.04999398068589881,0.049999878176173754,-1.4727194359601883e-09,-0.00013783036227595644,-0.00010213155465547196,-0.0010978984646499157,-5.359166266316606e-07,-5.945040581221656e-07,-0.0007117017721271482,-0.00010460193208919899
325,0.0965347193932573,0.049980084991744375,0.0499998805501471,-1.455663917185729e-09,-0.00013706334556319618,-0.00010487146309477915,-0.0010746774496510625,-5.574972306021664e-07,-6.378847214038435e-07,-0.0006959490748099848,-0.00010382078404303497
326,0.09678186462305445,0.04995767818013394,0.0499998832550221,-1.3839093890838545e-09,-0.00013650526048915887,-0.00010775037181004247,-0.001040863455273211,-7.567981015199621e-07,-6.82176753315033e-07,-0.0006809515724308216,-0.00010321496251566628
327,0.09702430663610895,0.04992794064542575,0.049999886465369486,-1.237592122727904e-09,-0.00013607711182497706,-0.00011076877883758284,-0.001000265940092504,-9.713766075947206e-07,-7.301593559533325e-07,-0.0006666957480387927,-0.00010276315529589155
328,0.09726217658124647,0.049892941662222696,0.04999989022653661,-1.0244243155986498e-09,-0.0001357063409923229,-0.00011397785050349869,-0.0009577944874763489,-1.0764609896796173e-06,-7.837914225886702e-07,-0.0006531863303068584,-0.0001024422877152149
329,0.09749513336613486,0.04985494318811295,0.04999989451482677,-7.686064193056076e-10,-0.00013536292171249155,-0.0001173899121046125,-0.0009158034226857126,-1.1056830544475815e-06,-8.439526817272051e-07,-0.000640433047991574,-0.00010222900420585242
330,0.09772252233782502,0.049815995713715464,0.04999989927323688,-5.032614151415582e-10,-0.0001350633029456898,-0.0001280905711920976,-0.0008758069016039371,-1.105845399251848e-06,-9.983245953153565e-07,-0.0006236641378434756,-0.00010209095260468038
331,0.09792275565739565,0.049789470212266936,0.049999907767763495,-1.8119786065686563e-10,-0.0001341210574505139,-0.00012882029834164642,-0.0008017673972062767,-1.4820109754509758e-05,-8.487900622868934e-07,-0.0006103128725801645,-0.00010205770214028834
332,0.09814891316590771,0.049815162500793556,0.049999916088388136,-3.0563772918545727e-10,-0.00013432549865014293,-0.00013168867186424724,-0.0008878675289452076,-3.19531282002572e-05,-1.0124524105694334e-06,-0.000598714377516945,-0.00010204141480099113
333,0.0983744469600829,0.049799329591060905,0.049999921836515415,-5.715483242693454e-10,-0.0001370473628548418,-0.00013523005349943182,-0.0007537290221080184,-8.391290066356305e-06,-1.1563027403120845e-06,-0.0005886566052826455,-0.00010194319281829343
334,0.09858013828364454,0.04978340222314429,0.04999992662550792,-7.045849286606227e-10,-0.00013801054026568052,-0.00013938751702462964,-0.0007573722978122532,-4.230519721204473e-07,-1.2794502796489424e-06,-0.0005797219986697911,-0.00010179064903650098
335,0.09876756802414889,0.049756208348540276,0.049999931206869595,-7.704788522678481e-10,-0.00013953691499730012,-0.00014386806103467724,-0.0007205578149296343,-1.2250031886651414e-06,-1.3971053418977613e-06,-0.0005717450347035329,-0.00010161355090312365
336,0.09893926373689371,0.049727546152996106,0.049999935924559896,-8.777775684856262e-10,-0.00014107977448003467,-0.00014860174442231984,-0.0006904565962031484,-1.0541408528297325e-06,-1.519719169962291e-06,-0.0005646833834434022,-0.00010142714371609389
337,0.09909706183767067,0.04970046855851314,0.049999940910018054,-1.0447412608226887e-09,-0.00014288544307875835,-0.00015359811719180825,-0.0006587391835637391,-1.185796691061114e-06,-1.6486573201434242e-06,-0.0005585543815940418,-0.00010123393931242863
338,0.09924130169216908,0.049676705940508825,0.04999994617457219,-1.3023825712303297e-09,-0.00014496959127864565,-0.00015890705268414173,-0.0006275191553868353,-1.3343164937396068e-06,-1.7885000513194487e-06,-0.0005533867456698388,-0.00010103168205685657
339,0.0993714644497289,0.04965824794032436,0.04999995166888102,-1.6713383963186853e-09,-0.00014732079330089505,-0.00016833050789533585,-0.0005985765601508319,-1.336279524366546e-06,-2.7199574194913274e-06,-0.0005445611742685461,-0.0001008045189382138
340,0.09947752279380036,0.04965073040201673,0.049999959203565036,-2.4666971140917473e-09,-0.00014929418404764966,-0.00017317893145909645,-0.0005595302791334689,-6.173916517582256e-06,-1.8550424625493937e-06,-0.000540844574341235,-0.00010059720079180594
341,0.09958325573933086,0.04969710268540012,0.04999996624164187,-5.566813956801415e-09,-0.000151802506679493,-0.00017920682140007952,-0.0005810668808408082,-8.464094207738526e-06,-2.186191156504086e-06,-0.0005379635647193401,-0.00010037256356404666
342,0.0996720745084619,0.04971173880591321,0.049999971693178345,-7.038913390764324e-09,-0.00015662646077896478,-0.0001856440157477384,-0.0005181859596632421,-4.872654699283885e-06,-2.4641904781399206e-06,-0.0005369521278503802,-0.00010009172641842402
343,0.09974009200647822,0.04972632679399841,0.049999976451387054,-7.92880546457008e-09,-0.0001607097535905961,-0.00019254986105773426,-0.000519540801178664,-3.978779261615273e-07,-2.7118980696334696e-06,-0.0005375796549678402,-9.977149645030834e-05
344,0.09978850456079918,0.04973291264040171,0.049999980888979195,-8.673750103863025e-09,-0.00016527842103327802,-0.0001998262227282375,-0.000499811430927366,-1.3821594393448322e-06,-2.9546689817410114e-06,-0.0005398331643569979,-9.943922922763811e-05
345,0.09981784078585591,0.04974077862431617,0.04999998511363694,-9.699945237802362e-09,-0.0001697063287138237,-0.00020750510042906966,-0.00048325146781280637,-1.4223762718756916e-06,-3.2041795546877216e-06,-0.0005438189460133471,-9.911668538087467e-05
346,0.09982828695499445,0.04975194191605945,0.0499999890877091,-1.117244426972039e-08,-0.0001740700342425949,-0.00022196623338046446,-0.00046668326831422746,-1.6230766277658404e-06,-2.01219633015877e-06,-0.0005444273522439142,-9.880219667188614e-05
347,0.09981669194959568,0.04978184572246171,0.049999993553493785,-1.4248602628525322e-08,-0.00017746108135358596,-0.00022872851613405326,-0.0004404198843985796,-6.973543349886313e-06,-3.2838333486820733e-06,-0.0005498080848129018,-9.855451239006979e-05
348,0.09978824066017968,0.049855185605274355,0.04999999694727634,-2.3452618878447833e-08,-0.00017992107376287126,-0.00023770809526725916,-0.00047168353921733797,-9.679712093202397e-06,-3.8378987936641885e-06,-0.0005585772853170288,-9.835663608603355e-05
349,0.09973859448516381,0.049893505903514906,0.049999998798269774,-2.9231992420906627e-08,-0.00018496017033991846,-0.00024745872545547373,-0.00043458162690512836,-7.654840374016203e-06,-4.2517851960866885e-06,-0.0005709410865218277,-9.817406401744374e-05
350,0.09966606351984524,0.049928062470246726,0.0499999997040139,-3.268656233940875e-08,-0.0001881347454324176,-0.00025757920216646274,-0.00045112427324056625,-4.3630029722407926e-07,-4.5846453284449636e-06,-0.0005866825293000975,-9.80227234182229e-05
351,0.09957218520672693,0.04995172426414163,0.04999999999581594,-3.375749863069257e-08,-0.00019181451164374135,-0.0002676386958669075,-0.000455459114164114,-8.622555469628423e-07,-4.876429143076889e-06,-0.0006059515025179836,-9.79331974747596e-05
352,0.09945746445943848,0.049970338723753144,0.04999999987094503,-3.3263266065461595e-08,-0.0001951330482927234,-0.0002775083679786506,-0.00046378537081182003,-7.129225991775456e-07,-5.145880121873335e-06,-0.0006291046273002171,-9.793495677765519e-05
353,0.09932201753253007,0.04998432484094846,0.04999999945408788,-3.152962305027528e-08,-0.00019824664398897932,-0.0002871597603896119,-0.0004712211084552109,-5.691571800525708e-07,-5.427958208261981e-06,-0.0006567061670765355,-9.805470506236965e-05
354,0.0991661749355302,0.04999392084097122,0.04999999883073857,-2.8743863972655056e-08,-0.00020112842517954773,-0.0002966284520081402,-0.0004776406567543745,-5.013118311580911e-07,-5.652390376459987e-06,-0.0006895026162200907,-9.831638295891825e-05
355,0.09898991513654566,0.049999156145533526,0.04999999806394509,-2.5446828842321966e-08,-0.00020361695669011837,-0.0003058786461377109,-0.00048599133151583374,-4.115846365948528e-07,-5.971281008823068e-06,-0.0007284470782041603,-9.874197336935821e-05
356,0.09879423052776919,0.04999958952969197,0.04999999720230198,-2.1364784600266363e-08,-0.00020582176156821097,-0.0003149839065598974,-0.0004900707281194627,-4.390777235130372e-07,-6.13455283950795e-06,-0.0007749108465885204,-9.935196207250667e-05
357,0.09857834844732104,0.04999477005640398,0.04999999628478789,-1.7520919588949412e-08,-0.000207403667119256,-0.00032409073249479417,-0.0005001981044188142,-3.464128326413629e-07,-6.357846570593563e-06,-0.000830247520990758,-0.00010015948030581684
358,0.0983427913599014,0.049984359682877844,0.04999999534832327,-1.3960502153767921e-08,-0.00020877248034142178,-0.0003315554612518337,-0.00041264211176894605,-3.6746583646163344e-05,-6.576387746719228e-06,-0.0008965091604446918,-0.00010118263244669013
359,0.0980884195919336,0.049971792046853175,0.04999999444891453,-1.2931369245962362e-08,-0.00020145043831554178,-0.00033882680210725895,-0.0004590514290612191,-1.4974363693909254e-05,-6.838358496155245e-06,-0.0009763754058620425,-0.00010244045583334
360,0.09782457563100244,0.04994716931254456,0.049999993645418725,-1.2604499595133399e-08,-0.0001906186798614496,-0.00034609794198034845,-0.00044460422941483557,-1.0404643944639247e-05,-7.070877146918094e-06,-0.0010739185319887728,-0.00010394650253038559
361,0.09755130811925841,0.04992923672239791,0.04999999298146915,-1.3581599112197015e-08,-0.00017579544769703224,-0.0003546417947275358,-0.0005284057697281241,-6.052112075849436e-05,-7.288177511726714e-06,-0.001194913788961755,-0.00010567318910527208
362,0.09724364183568812,0.04990168428850681,0.049999992421139915,-8.471324796352643e-09,-0.00017770523804907124,-0.0003629985092509569,-0.0005370168364606798,-1.962627749207968e-07,-7.501629233519841e-06,-0.0013478607893746674,-0.00010760311276834816
363,0.09691849556044324,0.04987038412264602,0.049999991900477145,-4.416638143774113e-09,-0.0001791607512238787,-0.00037117700306414013,-0.0005404104595072567,-2.3342839483575517e-07,-7.70781696035591e-06,-0.001545029653365819,-0.00010974642578767072
364,0.09657692355410777,0.04983571389192263,0.04999999141935005,-1.6404717010822034e-09,-0.00017980873073264212,-0.0003792142514472824,-0.0005440624663606286,-1.9576195597892365e-07,-7.906806347314725e-06,-0.0018053776893222557,-0.00011211071954882483
365,0.09621955042174618,0.04979732778194748,0.049999990977881194,-1.9538219862689161e-10,-0.0001797378051605144,-0.0003871485473651931,-0.0005445058341138065,-1.3760316619482182e-07,-8.098266221065454e-06,-0.0021595450383190876,-0.00011470103374416993
366,0.09584709633659522,0.04975562941797183,0.049999990574938244,-1.6755368849847198e-10,-0.00017896242185298284,-0.00039496242892200295,-0.0005458872183226049,-1.1800658938909692e-07,-8.282132541418836e-06,-0.002659711604911713,-0.00011752035554204546
367,0.09545968151914151,0.04971083910670291,0.049999990209374116,-1.6164637110892445e-09,-0.0001776234497575615,-0.000402660542445122,-0.0005468165618367493,-1.1096650354147641e-07,-8.458215931009216e-06,-0.0034007903305761397,-0.0001205695007765325
368,0.0950578123214792,0.04966322895519812,0.04999998987996124,-4.584103521407545e-09,-0.00017574581432366573,-0.00041024821538850607,-0.0005473601631820202,-1.0441929276794326e-07,-8.626997084578417e-06,-0.004570675307951439,-0.00012384711822929935
369,0.09464201054537204,0.04961308892888649,0.049999989585263124,-9.093440880062304e-09,-0.0001733598052524978,-0.0004177309005857062,-0.0005474863573908806,-9.836417547148812e-08,-8.788453119831166e-06,-0.006585245086237779,-0.00012734989549557644
370,0.09421279092733066,0.04956066679001018,0.04999998932365262,-1.5150357376997975e-08,-0.00017050081471124275,-0.00042511373289757197,-0.0005472357734106481,-9.351140306534944e-08,-8.94262354439208e-06,-0.010517750829857356,-0.00013107269635317524
371,0.09377066748563753,0.04950618473215092,0.0499999890933372,-2.274467291994678e-08,-0.00016720536843341683,-0.00043240200121299316,-0.0005465861177071929,-8.988698851908339e-08,-9.090390475106673e-06,-0.019824937503934353,-0.0001350087045925884
372,0.09331616117404122,0.04944984876146002,0.04999998889239601,-3.185468670522487e-08,-0.0001635112156280009,-0.00043960156346098124,-0.0005455415230244398,-8.760817848951774e-08,-9.229560010688969e-06,-0.04989148448988745,-0.0001391495497867299
373,0.09284977666846506,0.04939179026725315,0.04999998871882442,-4.243411991043798e-08,-0.0001594520691738031,-0.00044671782118927404,-0.0005441710236482322,-8.58701625361391e-08,-9.361369714624976e-06,-0.1879405665938044,-0.00014348544172301312
374,0.09237203979752004,0.0493321780026916,0.0499999885705846,-5.4428975738961455e-08,-0.00015506430197912273,-0.0004537552100939235,-0.0005424401606433094,-8.460767020324056e-08,-9.486676636109583e-06,-0.07868205398295536,-0.00014800542042923167
375,0.09188346623763605,0.04927119510585451,0.04999998844565659,-6.777444523870416e-08,-0.00015038522531360981,-0.0004607179670735174,-0.0005403782124631107,-8.364510506453371e-08,-9.60416641669365e-06,-0.023842910271053692,-0.0001526974293534688
376,0.0913845344898534,0.049208939902418945,0.04999998834205738,-8.238918789709048e-08,-0.00014545232215450245,-0.0004676109793390322,-0.0005380316288210452,-8.402470541568619e-08,-9.714747085140854e-06,-0.010335206146191376,-0.00015754842444128356
377,0.09087576514196445,0.04914552598647506,0.04999998825784433,-9.818629973444282e-08,-0.00014029963852325703,-0.0004744385657318446,-0.00053538748761639,-8.451561228639548e-08,-9.817921493389702e-06,-0.005519457362648675,-0.0001625445827021306
378,0.09035765979029181,0.049081054670452554,0.049999988191087606,-1.1506448735791401e-07,-0.00013496092323742447,-0.00048120546669736246,-0.0005324903759174049,-8.528417794195775e-08,-9.913673655247638e-06,-0.003339495484930821,-0.00016767138361000196
379,0.08983071141643047,0.049015603137545195,0.04999998813988355,-1.3291487119914926e-07,-0.00012946938952688457,-0.0004879070860698625,-0.0005293536814861,-8.660395423021328e-08,-1.0002012203270688e-05,-0.0021915369136353414,-0.0001729137450159382
380,0.08929548389413534,0.04894936773316261,0.049999988102507,-1.5162393584717735e-07,-0.00012385787424057656,-0.0004945451155337146,-0.0005259757745079696,-8.839899834356402e-08,-1.0082689312391347e-05,-0.0015218727377448507,-0.00017825626191597674
381,0.0887525529840467,0.048882612852867144,0.049999988069144824,-1.7105018043691514e-07,-0.00011815805467497168,-0.0005011667227194508,-0.0005223306361585855,-9.205611206652975e-08,-1.0156489584609384e-05,-0.001101490607102868,-0.00018368301881667556
382,0.08820200181070836,0.048814787710864754,0.04999998804188034,-1.9096502268086458e-07,-0.00011238752380380013,-0.0005077588173516575,-0.0005185034824535251,-9.455865068730418e-08,-1.022286970580613e-05,-0.0008226874747726617,-0.00018917759156244685
383,0.08764445365848884,0.048746100823277454,0.04999998802509093,-2.1131169723201767e-07,-0.00010657586816037077,-0.0005143149386629783,-0.000514625571668148,-9.466874928421021e-08,-1.0281747517995735e-05,-0.0006297308610039462,-0.00019472346554471698
384,0.08708042062605012,0.048676672370870214,0.04999998801983868,-2.3200108464472148e-07,-0.00010075720399052879,-0.0005208335516045984,-0.0005106671596877277,-9.396325850730136e-08,-1.0333001685329941e-05,-0.0004915740794754205,-0.00020030425689668738
385,0.08651038239024952,0.048606660660568395,0.04999998802604886,-2.5292108469483963e-07,-9.496323103177552e-05,-0.000527310458108528,-0.0005066102021373808,-9.497167496874681e-08,-1.0376481980536491e-05,-0.0003898787621285676,-0.00020590381232425795
386,0.08593484881123295,0.048536249148095005,0.04999998804203135,-2.739472470688662e-07,-8.922008769310358e-05,-0.0005337289891232928,-0.000502458424307406,-9.66786615208548e-08,-1.0412118838656886e-05,-0.0003132847475712365,-0.00021150622525532953
387,0.08535444030303624,0.04846582436206383,0.04999998806458408,-2.9494426179456007e-07,-8.355314919925911e-05,-0.0005400790179336873,-0.0004981675301678479,-1.0025231489407815e-07,-1.043888999100198e-05,-0.00025446934892637846,-0.00021709608267943725
388,0.08476986137744268,0.04839598924430049,0.049999988074452786,-3.157068296607488e-07,-7.798447596189142e-05,-0.0005465543534818252,-0.0004936765762977302,-1.0844395603726298e-07,-1.0460155333270795e-05,-0.00020855927793074705,-0.00022265740090549556
389,0.08417976408805299,0.04832391736671249,0.04999998808375261,-3.357092805245713e-07,-7.250002831512805e-05,-0.0005529771774611573,-0.000489222293253988,-1.064168131392762e-07,-1.0474295357868392e-05,-0.00017221282052036415,-0.00022817470864127374
390,0.08358607946567036,0.04825172419581378,0.049999988121209184,-3.5548223513300753e-07,-6.714222484568323e-05,-0.0005593230500251255,-0.0004850817786063999,-9.843227388728337e-08,-1.0478870981806374e-05,-0.00014308652126590417,-0.00023363252324223687
391,0.08298935169201058,0.04817981265864831,0.04999998817084278,-3.7494011044846776e-07,-6.19531463348525e-05,-0.0005656134667223789,-0.0004808202793356031,-9.84162156214552e-08,-1.0475346500094532e-05,-0.00011949351725583678,-0.00023901771349981433
392,0.08238987426670412,0.04810845537632033,0.04999998822212804,-3.9379080700122666e-07,-5.694841416737103e-05,-0.0005718842565860003,-0.00047642146819271147,-1.0545225137548186e-07,-1.0463980271053063e-05,-0.00010020324647528558,-0.0002443170860498827
393,0.08178777385403617,0.048037255068492254,0.04999998827105265,-4.117448155384567e-07,-5.212730170486379e-05,-0.0005780367411266586,-0.0004720000724773854,-1.0942068229269353e-07,-1.0443044559212704e-05,-8.429852888787216e-05,-0.00024951832856182917
394,0.08118447588553057,0.04796795076424347,0.04999998830116504,-4.2877893205133295e-07,-4.750886331968276e-05,-0.0005843573759363181,-0.000467520032543689,-1.1864325699662004e-07,-1.0416450432423492e-05,-7.109215984212508e-05,-0.00025460803213173236
395,0.08057778319817564,0.047896612322816834,0.04999998831208778,-4.440602902474056e-07,-4.307331097297437e-05,-0.0005905976999975783,-0.0004630457260645926,-1.1746989514449524e-07,-1.0381749059001354e-05,-6.00532872236819e-05,-0.0002595747063139066
396,0.07997031531483023,0.04782656215064271,0.049999988330425946,-4.5833868858124e-07,-3.884983019009875e-05,-0.0005969308744031852,-0.0004589070158544928,-1.138238090447885e-07,-1.0341980884841268e-05,-5.0778568390148635e-05,-0.00026440508542173745
397,0.07936072530371248,0.047755261628446316,0.04999998835064138,-4.7118674545573054e-07,-3.484959303361615e-05,-0.0006032003581990119,-0.000454704713774845,-1.0759361401824208e-07,-1.0293745714197984e-05,-4.294634968490837e-05,-0.0002690897578688751
398,0.07875075233042123,0.04768501859631029,0.04999998839171521,-4.830804668541381e-07,-3.109552464219109e-05,-0.0006094092462233244,-0.0004507818666752428,-1.0559619312289215e-07,-1.0236128701725379e-05,-3.63055946904351e-05,-0.0002736187696082879
399,0.07814066467739682,0.04761577952277969,0.04999998843806051,-4.938288380276407e-07,-2.7599606785732277e-05,-0.0006155850222310053,-0.0004468190891202539,-1.0785588955286585e-07,-1.0170781032215916e-05,-3.065425813967393e-05,-0.0002779844448670121
400,0.07753063060749904,0.047547659236812326,0.04999998848186576,-5.031761953426558e-07,-2.436336308730368e-05,-0.0006222678528756915,-0.0004428816610015929,-1.1171929514830481e-07,-1.0263569472785009e-05,-2.5960031428721054e-05,-0.00028222325130414976
401,0.07694745440971237,0.047515200262366095,0.04999998854240442,-5.147852205840366e-07,-2.1926212984113347e-05,-0.0006287520321980716,-0.0004385912325233221,-1.2353011413779313e-07,-1.0260087456100326e-05,-2.199906958701495e-05,-0.0002863271599174119
402,0.07636993580261509,0.04748083929613536,0.049999988642069663,-5.251596337092974e-07,-1.9710714229522926e-05,-0.0006350869842006796,-0.0004333436081651598,-1.083472724872081e-07,-1.0054215280465237e-05,-1.874460162470066e-05,-0.0002903308443431332
403,0.07579215135883648,0.0474427898684685,0.049999988750118324,-5.340337886965016e-07,-1.7694162268352005e-05,-0.0006413526028822492,-0.00042692499118857086,-1.1857584070185112e-07,-9.79914905709202e-06,-1.5999552500052484e-05,-0.0002942060602112951
404,0.0752142261793387,0.04740378691390758,0.0499999888495193,-5.412906246264538e-07,-1.5884756086282717e-05,-0.0006475881522565785,-0.00042011859477497637,-1.240726419382554e-07,-9.523601448486623e-06,-1.3670184615134513e-05,-0.00029794423555528564
405,0.07463640526385246,0.04736505100524358,0.04999998893173569,-5.468336062092688e-07,-1.4280044422137107e-05,-0.0006538105446130656,-0.00041376028093509376,-1.2319043207753566e-07,-9.240959599644804e-06,-1.1684620807588388e-05,-0.0003015377441382065
406,0.07405898687612429,0.04732723964346148,0.04999998899310407,-5.505823714878951e-07,-1.2878632348267212e-05,-0.0006600279251609321,-0.00040787109173834324,-1.2231663504280732e-07,-8.957828428372641e-06,-9.986028653244683e-06,-0.0003049799539596903
407,0.07348232087956605,0.04729069673010869,0.04999998903267341,-5.524983806017578e-07,-1.1679057995292333e-05,-0.000666243934791076,-0.00040235076448880136,-1.2116706216147577e-07,-8.675462332153502e-06,-8.52855681312215e-06,-0.0003082651337631002
408,0.07290674183713793,0.047255553047242264,0.04999998905090992,-5.525418813798333e-07,-1.0679033764748813e-05,-0.0006724586490893442,-0.00039720788481645286,-1.199472734469964e-07,-8.396492576122505e-06,-7.2747086601675555e-06,-0.00031138839651626677
409,0.0723326084686423,0.04722190741473359,0.049999989048942935,-5.507283117896716e-07,-9.87703072508812e-06,-0.0006786706434623446,-0.00039237161399796605,-1.1861208548680224e-07,-8.121144893723847e-06,-6.193722152824958e-06,-0.00031434576712090716
410,0.07176025813896066,0.047189827582338924,0.04999998902814266,-5.470748444163024e-07,-9.270908657363732e-06,-0.0006848773465824242,-0.00038784631760790944,-1.170875734146648e-07,-7.849607600882765e-06,-5.260094807003703e-06,-0.00031713409394305283
411,0.07119000497172084,0.04715932567454428,0.0499999889899195,-5.416125708763863e-07,-8.857790286009903e-06,-0.0006910765668062457,-0.0003836264368146658,-1.1563802360115005e-07,-7.581916748363219e-06,-4.452609777978366e-06,-0.00031975104128835984
412,0.07062217623796867,0.04713041913011312,0.04999998893561125,-5.343856277336791e-07,-8.634851227744835e-06,-0.0006972654358080995,-0.0003796827222686261,-1.1410322997562616e-07,-7.318107890553897e-06,-3.753546016653496e-06,-0.00032219507728123046
413,0.07005707516026514,0.047103127606373835,0.049999988866441705,-5.254443858333362e-07,-8.598718552782745e-06,-0.000703441231622368,-0.00037601261283271015,-1.1238337549457356e-07,-7.058250830590597e-06,-3.148056774865535e-06,-0.0003244654516753605
414,0.06949499036022184,0.04707747397700745,0.04999998878350859,-5.148567704580453e-07,-8.745460587725434e-06,-0.0007096011540895946,-0.00037259081727825105,-1.1076269146315099e-07,-6.802082142850297e-06,-2.623662605300304e-06,-0.00032656216950042424
415,0.06893619273522951,0.04705346808912672,0.04999998868779483,-5.026878274304851e-07,-9.070644731981907e-06,-0.0007157755979772091,-0.0003694187034852803,-1.0909131020753193e-07,-6.550668886253454e-06,-2.169980158541691e-06,-0.0003284860451659065
416,0.06838071674301259,0.047031768321576045,0.049999988584479516,-4.890111952416564e-07,-9.570422741039894e-06,-0.0007218884533382977,-0.0003664434188976884,-1.0601392119724551e-07,-6.30273858355702e-06,-1.7778909920084465e-06,-0.00033023839458192264
417,0.06782927671154097,0.04701132642875572,0.04999998847629869,-4.740757353686567e-07,-1.0236714455114007e-05,-0.0007279569145089826,-0.0003637280606199056,-1.0459429944376097e-07,-6.0568509011658474e-06,-1.4400119817099861e-06,-0.0003318215770284409
418,0.06728195939005563,0.04699221594669727,0.049999988355952846,-4.578388368972928e-07,-1.1064503506798107e-05,-0.0007339951737123202,-0.0003611924475990236,-1.0380792758724056e-07,-5.81610790034904e-06,-1.1498456578883075e-06,-0.0003332384546175242
419,0.0667389195637673,0.04697478200252657,0.049999988221367676,-4.4033930289817097e-07,-1.204857970965199e-05,-0.0007400083087240431,-0.00035885217948816717,-1.0259733329576193e-07,-5.579044989193843e-06,-9.020176605354424e-07,-0.00033449244948229024
420,0.0662003037733148,0.046959130550919125,0.04999998807314393,-4.216508427088275e-07,-1.318156306590077e-05,-0.0007459962612850999,-0.000356731383362785,-1.0049252807675657e-07,-5.345950467256327e-06,-6.919210304581975e-07,-0.0003355873451683437
421,0.06566628750969278,0.04694534218530219,0.04999998791310248,-4.0190445666363076e-07,-1.4455799834140308e-05,-0.0007503094982006394,-0.00035478241625241935,-9.843133597087217e-08,-5.095182074050919e-06,-5.141461276598432e-07,-0.0003365250264326759
422,0.06514567084583536,0.04690760321350948,0.04999998763035272,-3.8134267833666306e-07,-1.5815747972361128e-05,-0.0007515349841155652,-0.00035416873288340867,-1.5010952836291835e-07,-4.728945386310913e-06,-3.637427991403069e-07,-0.0003372992977157687
423,0.06465885277225182,0.04680616420137026,0.049999986449979786,-3.6014115881009825e-07,-1.7374596169808002e-05,-0.0007549930840320266,-0.00035449230927042663,-4.227489625918679e-05,-2.704573278205182e-06,-2.1632382640947391e-07,-0.0003377371540752552
424,0.06414184121480111,0.046647796865350616,0.04999998271388735,-3.0177885603876745e-07,-1.7785909592330347e-05,-0.0007578731988212954,-0.0004282953741494566,-1.701411747490056e-05,-4.8317756909983916e-06,-8.595458395109482e-08,-0.0003377091768410002
425,0.06362621252806193,0.04620581115511177,0.04999997457039211,-2.1468475058801688e-07,-2.061530260919231e-05,-0.0007553997833601913,-0.00045227105147205293,-2.6500047169975005e-05,-3.0520045868263697e-06,-2.4013472067792043e-08,-0.00033739881343281875
426,0.06310980582604914,0.0458562510349069,0.04999996415105344,-1.2461306213118112e-07,-2.6078781678810794e-05,-0.0007610498288856708,-0.0004201107658445835,-2.223992305516731e-05,-4.244136478553716e-06,-4.749445190788763e-11,-0.00033662840300342485
427,0.0625862048187192,0.04561933646153358,0.04999994993806081,-5.889788207143301e-08,-2.9032876677044513e-05,-0.0007687297503076315,-0.0004604539426509291,-4.2970077629433945e-06,-3.819462344611251e-06,-3.077470029470105e-08,-0.00033548865192507024
428,0.06206311327309712,0.045254152416538365,0.04999992954020721,-1.1660530419018274e-08,-3.320335930685811e-05,-0.0007743034410978675,-0.0004970861482433975,-3.370507783984067e-06,-2.306634557762568e-06,-1.0236218072542262e-07,-0.0003340527758499909
429,0.061528099514781415,0.04480395713854925,0.049999904898036976,-1.550621741651187e-09,-3.8157706410345076e-05,-0.0007835162432421375,-0.0005597106064669788,-5.987062650092412e-06,-3.118182360194895e-06,-2.3946880689265686e-07,-0.0003321201739197705
430,0.06100493947397975,0.04463471366619521,0.0499998738335553,-3.964449972251384e-08,-4.345925887638477e-05,-0.0007961126991747067,-0.0006160968914628029,-4.705113042291487e-06,-2.678623918343843e-06,-4.447284152098395e-07,-0.0003297058146754269
431,0.060492015585853424,0.04431918159916883,0.04999983317134831,-1.4601351844130588e-07,-5.053359056107871e-05,-0.0008121494068483861,-0.0006735869101248682,-4.268269094609423e-06,-3.408477846268075e-06,-7.344512092381392e-07,-0.00032676803497820996
432,0.05998877683730458,0.04399804729751905,0.04999977855547602,-3.508214798622558e-07,-5.927800803654554e-05,-0.0008310887055244054,-0.0007550946320407093,-6.317910447251052e-06,-1.5938851827302749e-06,-1.1112728472907592e-06,-0.0003232912100879088
433,0.05947569477842164,0.043194143753649224,0.049999718246576993,-6.705732469787432e-07,-6.991064441637198e-05,-0.000851367713044168,-0.0008544258889742196,-6.798217782488791e-06,-1.4619989737726413e-06,-1.4941507978854725e-06,-0.0003193792122385959
434,0.05898578677289129,0.042987224691442644,0.04999965498484424,-1.0847316930631464e-06,-8.118049007704996e-05,-0.000870304358568437,-0.0009243153035640717,-1.012688153423369e-05,-2.8224987856084774e-06,-1.9863942172918438e-06,-0.00031487140230101026
435,0.05855443177518053,0.04314081718707907,0.049999579232753354,-1.6257407204083316e-06,-9.38737826582696e-05,-0.0009017106772162266,-0.0009551678085699677,-5.280538516672095e-06,-1.274883423991211e-06,-2.6602816791192194e-06,-0.00030973556529378254
436,0.05813084192250211,0.04273144858104322,0.049999482394988026,-2.370288689491324e-06,-0.00010878128423534513,-0.0009385642509979501,-0.0010370889212936163,-8.388451533392072e-06,-1.2977567599917414e-06,-3.4522023296456865e-06,-0.00030406366114836265
437,0.057732371853538404,0.042261443293834855,0.049999369488645196,-3.334009856510147e-06,-0.0001260460405575899,-0.0009833253246116108,-0.0010603434639051557,-6.544552434206707e-06,-1.5258747668915477e-06,-4.39602537036186e-06,-0.00029786704846317537
438,0.05737629938420438,0.04172438460885192,0.04999923942669766,-4.527328308691165e-06,-0.00014407233571680665,-0.0010375969708634786,-0.001078822766430676,-6.1845066738897e-06,-2.567551669770275e-06,-5.408412796025878e-06,-0.0002912986515159231
439,0.0570819742638006,0.04137362776963719,0.04999909067710739,-5.937415150783814e-06,-0.0001620551730882952,-0.0011035611649669078,-0.001105535659007728,-7.730296601948794e-06,-2.146916185868351e-05,-6.757618187300625e-06,-0.0002841983094454449
440,0.056857957144151164,0.041096043849962904,0.049998914935080845,-7.850222032491645e-06,-0.00018932335269839992,-0.0011899312065733081,-0.001087579526938498,-2.8947635655640624e-05,-5.584733937660792e-06,-8.769562743661376e-06,-0.0002765557038807961
441,0.05672558699302149,0.039753521758653224,0.04999870868977968,-1.006701984381497e-05,-0.00021477980092159878,-0.0011014214033463528,-0.0011331402929499745,-2.0512650735327043e-05,-9.892182128758306e-06,-1.0358238384820532e-05,-0.00026830122428437095
442,0.05588594913775802,0.03728914292637111,0.04999856591590953,-1.3436761241145294e-05,-0.00026984452961864824,-0.0010446593405496112,-0.0016786124324426055,-0.000130144675495103,-4.435819105195959e-06,-1.1835960057362862e-05,-0.00025920364824000075
443,0.05497920665855586,0.03582816632434304,0.04999861461009651,-1.5902275058215013e-05,-0.00032592086166782845,-0.0010327079823703048,-0.0026243082247674465,-0.0002054482465609908,-1.8772537339696092e-06,-1.2962220475028702e-05,-0.0002488067847428922
444,0.05425020656209513,0.03496983177951186,0.049998790125381366,-1.6974828895378368e-05,-0.0003809682219713964,-0.0010364443035474947,-0.0021933482494205236,-0.00013078260235488415,-7.596638886540588e-07,-1.3856295426469887e-05,-0.00023767946266782929
445,0.05359786738925013,0.034952301107733,0.049999027694340774,-1.7019795851775263e-05,-0.00042723675583537167,-0.00104908580817819,-0.0016050428384914994,-0.00010481787467142567,-2.912585421816892e-07,-1.458529787597227e-05,-0.00022627805178157342
446,0.053001255299989086,0.03541032054178643,0.049999280678688,-1.6897322904600412e-05,-0.0004577348190466688,-0.001062556234766386,-0.0013555310433730483,-2.7784917620010674e-05,-9.747045042800255e-08,-1.5204863736585105e-05,-0.00021500075843836078
447,0.05246687007867345,0.036242648764210496,0.049999513423001046,-1.5411553765555515e-05,-0.0004660204524019037,-0.001077659519039215,-0.0010188225423917174,-6.311449396889657e-05,-2.2581990661521893e-08,-1.575543079263645e-05,-0.00020416668405604725
448,0.051991124271152045,0.037209593066462786,0.04999970408062295,-1.3855376490620278e-05,-0.0004580864641349267,-0.0010888302943785726,-0.0008420058875344694,-3.803232539212331e-05,-4.717385848400098e-09,-1.6267656101216524e-05,-0.00019397036049734523
449,0.05157986867820069,0.03822401392269952,0.04999984545007726,-1.205583411943382e-05,-0.0004502758453307057,-0.0011009196068706762,-0.0007169437594711781,-8.699300087755546e-05,-2.1336376358157705e-08,-1.676351321698983e-05,-0.00018459250045767356
450,0.05122998553837696,0.039141669413951564,0.049999937630093555,-1.0261299942050613e-05,-0.00042838116499360323,-0.0011075634564973503,-0.000633978983387351,-3.729811214725487e-05,-5.9415385807400726e-08,-1.7261845636273384e-05,-0.00017610126712101946
451,0.050903233052330125,0.040030650983500775,0.049999986422853165,-8.670507046059058e-06,-0.0004134342149775304,-0.0011143650663303017,-0.0006252357270568609,-7.393003033939749e-05,-1.1468490458002452e-07,-1.7774407947151076e-05,-0.0001685287221775287
452,0.05061265241034333,0.04070268738419732,0.04999999997687333,-7.202236720779009e-06,-0.0003877827453239862,-0.0011184732336730469,-0.000541048648301512,-2.3744029022054747e-05,-1.9034509304579541e-07,-1.830845346037608e-05,-0.0001619592298563057
453,0.05035686545165005,0.0414786992008585,0.049999987168523476,-5.9819307452842815e-06,-0.0003661581631884511,-0.0011227774246915787,-0.0005423097754828632,-2.7931257136515342e-05,-2.85831547768572e-07,-1.8871593269227218e-05,-0.00015643868183693366
454,0.050117091156891405,0.04220246379069853,0.049999956707751765,-4.822999882684329e-06,-0.00033680329066655435,-0.0011226249025601065,-0.0004885291564278305,-4.039881969220005e-05,-3.920911347742534e-07,-1.9464532941751794e-05,-0.00015185699530748055
455,0.04984584166387379,0.04281431765843294,0.04999991631553976,-3.966867214327241e-06,-0.0003135512266742236,-0.0011220416038674147,-0.0005390573642216623,-8.954918484960217e-06,-5.108777953898818e-07,-2.0083808805729e-05,-0.0001480700603189569
456,0.04959874690370794,0.043298253832170064,0.04999987189286945,-3.265000254558986e-06,-0.0002920808606422659,-0.001120211979987104,-0.0004784697375725955,-2.0212046365486458e-05,-6.447115986936503e-07,-2.0729796943638615e-05,-0.00014507544396097775
457,0.049375395345573336,0.04387582413731722,0.0499998280245668,-2.728901431313716e-06,-0.0002757793133894184,-0.001118932377080762,-0.0005006594001315534,-2.403722464805469e-05,-7.832080309015947e-07,-2.1403823368680482e-05,-0.00014288474600906108
458,0.04914985781464138,0.04436589890917558,0.04999978803789938,-2.2815221573543015e-06,-0.0002543406471691889,-0.0011167700470265305,-0.0004927035770379007,-4.476778201478737e-07,-1.007935496137009e-06,-2.2104087903900593e-05,-0.0001414689781113759
459,0.0489311131245737,0.044826904677501084,0.049999754248693726,-1.921870640788539e-06,-0.00023481528501394157,-0.0011143716575076257,-0.00046870167716406286,-6.298863013398659e-07,-1.1577567206063607e-06,-2.2825215556010256e-05,-0.0001407610828132739
460,0.04871635201176164,0.04518794188098208,0.04999972789659627,-1.6530494428210535e-06,-0.00021774036445646244,-0.0011116603206308175,-0.00046556495362892747,-2.348761398707211e-07,-1.3216952133004043e-06,-2.35676878470577e-05,-0.0001407002182145227
461,0.04851241056962954,0.045462865252125825,0.04999970955263614,-1.4499468432845375e-06,-0.0002027939183495875,-0.0011089295641735703,-0.00045623964979313314,-6.136713750493072e-07,-1.4616870201742633e-06,-2.4320783887232968e-05,-0.00014124645676205243
462,0.04831478171767596,0.04573728579137305,0.04999969903327138,-1.302919237620344e-06,-0.00018957058961259588,-0.001106077219223891,-0.0004450325795914978,-4.972229703525954e-07,-1.6170881715474235e-06,-2.5083230527818304e-05,-0.00014234483292532648
463,0.048116998081111514,0.04603690462451685,0.04999969570916482,-1.1973150889561338e-06,-0.000177353674789446,-0.0011032332418122852,-0.0004349278751760721,-2.6170911837652966e-07,-1.8147257674864558e-06,-2.5859913134240677e-05,-0.0001439324006364619
464,0.04791749349114518,0.04642841902221778,0.04999969851690567,-1.1266022779769115e-06,-0.00016631433882979992,-0.0011003214653936234,-0.0004252919170539826,-2.1346924938825396e-07,-2.0050145198014432e-06,-2.6651580646388067e-05,-0.00014595785985725433
465,0.0477236652005707,0.04679166216852684,0.0499997064503184,-1.0831394014415214e-06,-0.00015622798471131454,-0.0010973598414123424,-0.0004162568075116724,-1.9884633672972996e-07,-2.1932587760980536e-06,-2.7454846201475226e-05,-0.00014837630435616733
466,0.04753654138008058,0.047128005603298724,0.04999971857741034,-1.0631673571831557e-06,-0.00014702874888766174,-0.0010943399816957572,-0.000407402723794803,-1.8938659707146144e-07,-2.3789525523542625e-06,-2.8266815902121036e-05,-0.00015114752198171108
467,0.04735659247976548,0.0474396933655557,0.049999733964561956,-1.0638412682215083e-06,-0.00013862379707553225,-0.0010912617113493514,-0.000398897536797449,-1.8077730601362418e-07,-2.56196433793949e-06,-2.9084802923427308e-05,-0.00015423436586891638
468,0.04718406927805059,0.047728244504819245,0.04999975172374446,-1.0827195875907204e-06,-0.00013088950914940417,-0.0010881266931590237,-0.00039081493741832674,-1.721407727472979e-07,-2.7418049449025804e-06,-2.9906286114669806e-05,-0.00015760172299954155
469,0.0470190886132312,0.047994859176656766,0.049999771045940965,-1.1178635351187672e-06,-0.0001237038679962514,-0.0010849325751877176,-0.0003832050133496523,-1.6389371637615113e-07,-2.9181355668668244e-06,-3.072889474969777e-05,-0.00016121619265166756
470,0.046861778810768896,0.04824052674872112,0.049999791219230344,-1.1677254128731626e-06,-0.0001169672788080599,-0.0010816625975092718,-0.0003760645049624145,-1.5633382588475797e-07,-3.090365682984009e-06,-3.155039236202221e-05,-0.0001650460408778664
471,0.04671232682697851,0.048466181148516,0.04999981163835429,-1.231004595394993e-06,-0.00011059896953601842,-0.0010782780276159822,-0.00036937493132427335,-1.4959447014462057e-07,-3.257112677786376e-06,-3.2368650206639404e-05,-0.00016906114628005396
472,0.046570976817761484,0.04867278484081754,0.049999831814583985,-1.3065318029366406e-06,-0.00010453080433684903,-0.001074758371179216,-0.0003631009894888848,-1.4309608786788885e-07,-3.417332325660962e-06,-3.3181626832577915e-05,-0.00017323292935453224
473,0.046437906023831604,0.0488611131915033,0.04999985136616225,-1.3934039502930607e-06,-9.871585648428166e-05,-0.0010710985566049558,-0.00035716654383577406,-1.3751530048011773e-07,-3.5703116024893185e-06,-3.3987364936910354e-05,-0.00017753429930171137
474,0.046313197302647116,0.04903189160419631,0.04999986999868273,-1.4908670411883073e-06,-9.312191593931381e-05,-0.001067300966182508,-0.00035152153577655554,-1.327456402577809e-07,-3.715672959928769e-06,-3.4784028654380176e-05,-0.00018193947812481399
475,0.04619683971779889,0.04918641424848522,0.049999887490678324,-1.598209299269786e-06,-8.772571946320641e-05,-0.0010633783421194263,-0.0003461545566096902,-1.2864865084338817e-07,-3.853144968675443e-06,-3.5569822139713734e-05,-0.00018642406425520047
476,0.04608883498272283,0.0493242559808234,0.04999990368401824,-1.7146919352100306e-06,-8.250923151505727e-05,-0.0010593401750879246,-0.00034103842335753143,-1.248271246367949e-07,-3.982880708654422e-06,-3.634312778748771e-05,-0.0001909647396806619
477,0.04598908310134525,0.04944682602077161,0.04999991847586504,-1.8395176089753733e-06,-7.746018232107011e-05,-0.00105519803992265,-0.000336176686687395,-1.2127165405217966e-07,-4.105057637252309e-06,-3.710242287616811e-05,-0.00019553939731220064
478,0.0458974933693561,0.04955492859565821,0.04999993181171741,-1.9717920151392e-06,-7.256954769746677e-05,-0.0010509463714239704,-0.00033157484722323716,-1.1771081886990942e-07,-4.2199900324491906e-06,-3.784632670296747e-05,-0.0002001270450232666
479,0.045814834315561964,0.04964499095943218,0.04999994367955021,-2.110498313064362e-06,-6.783088095070012e-05,-0.0010465779944533302,-0.00032720831222832203,-1.159354283686298e-07,-4.33311023202986e-06,-3.856762217033918e-05,-0.00020471196313343834
480,0.04574239162152307,0.04971230199289543,0.0499999541386737,-2.2547550444568946e-06,-6.323885459039353e-05,-0.0010421575927800461,-0.00032304186606779695,-1.1602261196230756e-07,-4.416409150902744e-06,-3.926768042007885e-05,-0.00020927375568330047
481,0.04567733026080018,0.0497726942300618,0.049999963229293974,-2.403995095557254e-06,-5.878772479709791e-05,-0.0010376973071946859,-0.000319132290314883,-1.0993284149662941e-07,-4.503102899302632e-06,-3.9945237853568355e-05,-0.00021379504204933872
482,0.04561883969121422,0.04982873885526409,0.049999971006833364,-2.5567664777372177e-06,-5.447869771855477e-05,-0.0010332215897477027,-0.0003156284801661968,-1.0443800846360318e-07,-4.59217970800527e-06,-4.0606171020319173e-05,-0.00021825471665394412
483,0.04556563248513118,0.04988324520574906,0.0499999775344395,-2.711873736325712e-06,-5.031966772797673e-05,-0.0010286373440176668,-0.00031280991970561445,-9.728501026984304e-08,-4.696603038495628e-06,-4.1248015834865234e-05,-0.00022263852965041157
484,0.04552099939569248,0.04992474927449417,0.04999998292707411,-2.866275826828694e-06,-4.6308362558262666e-05,-0.001023936910579709,-0.0003095917636528611,-1.0598246547033341e-07,-4.794382766566571e-06,-4.186529848362012e-05,-0.00022693536190764062
485,0.045485707377400764,0.0499529400820251,0.04999998732927069,-3.0199306513419146e-06,-4.245842944742111e-05,-0.0010191279407995668,-0.00030646080267615616,-1.0093405222733054e-07,-4.79401152749256e-06,-4.245929309887148e-05,-0.00023113142004987588
486,0.04545893382411048,0.0499727268909888,0.049999990864204306,-3.172527331560231e-06,-3.878708912765935e-05,-0.0010142547184472533,-0.0003036287962459028,-9.785940591200415e-08,-4.911943820481982e-06,-4.302544206565415e-05,-0.00023521953086718924
487,0.045438578418696265,0.04998851119702757,0.04999999363799951,-3.323269976952745e-06,-3.530474439910706e-05,-0.0010092810293977328,-0.00030100191361270845,-9.632784525592797e-08,-4.979280724772967e-06,-4.356943595330854e-05,-0.00023918634925224186
488,0.04542557224534638,0.049997573486763,0.0499999957566365,-3.4705404112015864e-06,-3.1998172535208906e-05,-0.0010042020529733733,-0.0002986017207149416,-9.614840479343911e-08,-5.042227167498727e-06,-4.408983050809525e-05,-0.00024302380638384003
489,0.045419901752307,0.04999992514151734,0.049999997326086114,-3.6134001037346055e-06,-2.8867496616352984e-05,-0.0009989943665843716,-0.00029623560840263963,-9.834686665044501e-08,-5.038564802359404e-06,-4.4586585221053654e-05,-0.0002467241736172763
490,0.04542244248780306,0.04999617062368457,0.04999999844524982,-3.751320287232672e-06,-2.592199405590943e-05,-0.0009936700466022142,-0.00029391609132289886,-9.943844503368382e-08,-5.080607714801245e-06,-4.5056575108558477e-05,-0.0002502834365619469
491,0.04543224669115783,0.04998659632148661,0.04999999920087411,-3.883912696938816e-06,-2.3160222344050867e-05,-0.0009882211156373134,-0.00029161045677028596,-9.998132100008661e-08,-5.1206182242085935e-06,-4.550150740675677e-05,-0.0002536952683031311
492,0.045449296299092674,0.04997100868054754,0.049999999668679504,-4.010594631863492e-06,-2.058253416856926e-05,-0.0009826436412648182,-0.0002893808705266565,-1.0002161587863156e-07,-5.156865325119811e-06,-4.592170287168784e-05,-0.0002569552439719787
493,0.04547354851995658,0.04994922912117383,0.049999999915390586,-4.130844110264209e-06,-1.8185625576603716e-05,-0.0009769330797004554,-0.00028717421810142696,-1.0141784656525488e-07,-5.188040321267523e-06,-4.631739359866204e-05,-0.0002600598479648801
494,0.04550497847862531,0.04992109220504834,0.049999999998515864,-4.244297958859028e-06,-1.596721232916814e-05,-0.000971085458256847,-0.00028495752485468984,-1.0295284624817214e-07,-5.213146846955416e-06,-4.6688748587672615e-05,-0.0002630065368832024
495,0.04554356841213867,0.049886445822975356,0.049999999966575503,-4.350726369399014e-06,-1.3924844451857462e-05,-0.000965098227101831,-0.0002827274438459426,-1.0442056463944027e-07,-5.231433520387701e-06,-4.7035890554438176e-05,-0.00026579366417262804
496,0.045589280542834586,0.049845147600025445,0.04999999985965686,-4.449963710547821e-06,-1.2054443023268797e-05,-0.0009589704985068901,-0.00028046799707226455,-1.055487572898528e-07,-5.242341292807181e-06,-4.7358909926299215e-05,-0.00026842038725082327
497,0.045642069849651024,0.04979707657850943,0.049999999710148804,-4.541933974086769e-06,-1.0351407263843593e-05,-0.0009527015477439117,-0.00027817999944090843,-1.0668647121292452e-07,-5.245561276277059e-06,-4.765787642135898e-05,-0.00027088656915280574
498,0.04570188136574017,0.049742127553255744,0.04999999954356306,-4.626550382549382e-06,-8.809830621266465e-06,-0.0009462925622771793,-0.0002758419723249972,-1.0760784618923935e-07,-5.240841056048749e-06,-4.793284760219214e-05,-0.00027319267590839323
499,0.04576864419204989,0.04968022055733398,0.04999999937938043,-4.703828023200973e-06,-7.423732677078635e-06,-0.0009397456158169808,-0.0002734465815592557,-1.0849043263760905e-07,-5.228032085709915e-06,-4.818387531355874e-05,-0.0002753397410521767
500,0.0458422849029033,0.049611306850704785,0.04999999923188283,-4.773844929865548e-06,-6.186964024289227e-06,-0.0009330633258642529,-0.00027100948500446975,-1.0913824155522889e-07,-5.20713778348013e-06,-4.8411011131763535e-05,-0.0002773293210650957
501,0.04592273161089849,0.04953537027405677,0.04999999911093145,-4.8366598068778945e-06,-5.093074974974912e-06,-0.0009262489787082184,-0.0002685101644601673,-1.1007772826587825e-07,-5.178230843065702e-06,-4.861431268708501e-05,-0.00027916341768280005
502,0.04600989702523356,0.04945242410146703,0.04999999902266997,-4.892356646524376e-06,-4.135367042598887e-06,-0.0009193062808226732,-0.0002659438760019839,-1.1057242232936915e-07,-5.141422827924058e-06,-4.8793847090931625e-05,-0.00028084439983386034
503,0.04610368534181484,0.049362521903184506,0.04999999897015783,-4.941053463597197e-06,-3.307171162286276e-06,-0.0009122392488433181,-0.00026331617846153677,-1.1127756494033747e-07,-5.096906273696953e-06,-4.89496937856181e-05,-0.0002823749776514209
504,0.046204007348393035,0.04926575720607137,0.04999999895392668,-4.982866618940202e-06,-2.6020866584130337e-06,-0.0009050524177578356,-0.00026061516837216914,-1.1173376890383224e-07,-5.04490780363667e-06,-4.908194773020448e-05,-0.00028375817558402963
505,0.04631077046924429,0.049162271246880725,0.04999999897246216,-5.0179273217250655e-06,-2.013768933853192e-06,-0.0008977508651440834,-0.00025783616001717746,-1.1237526820195853e-07,-4.985657416910458e-06,-4.919072014860834e-05,-0.0002849972848144718
506,0.046423869759326754,0.04905224655931489,0.04999999902262432,-5.046418864859417e-06,-1.5360328703347896e-06,-0.0008903380207558025,-0.00025500651099719107,-1.1266192956327359e-07,-4.919523204145571e-06,-4.9276140946002286e-05,-0.00028609579759903775
507,0.04654321439755101,0.04893590527674502,0.04999999909999765,-5.068374262434628e-06,-1.162732220589797e-06,-0.0008828192721946816,-0.0002520668494980782,-1.1313621683939346e-07,-4.846787826917878e-06,-4.93383613832739e-05,-0.00028705735500068663
508,0.046668691068212254,0.048813524665496655,0.04999999919919765,-5.083989636571522e-06,-8.881380786718147e-07,-0.0008751988693224372,-0.00024903935263864696,-1.1326820725798825e-07,-4.767801747769584e-06,-4.937755382655244e-05,-0.0002878857461226951
509,0.04680020050556416,0.04868543130345722,0.04999999931414035,-5.093385411326742e-06,-7.067496458299022e-07,-0.0008674830545146296,-0.0002459318784531206,-1.1340905814449798e-07,-4.682910808396023e-06,-4.939391261902349e-05,-0.0002885849217909302
510,0.04693765046836432,0.048552019121427835,0.04999999943827211,-5.096774149028648e-06,-6.134392333486344e-07,-0.0008596762137422636,-0.00024274620227515697,-1.133346287929271e-07,-4.592506164327512e-06,-4.938765433829065e-05,-0.00028915893222592555
511,0.04708093330389022,0.04841369469917786,0.04999999956476431,-5.094251132058716e-06,-6.030930200550989e-07,-0.000851783435431364,-0.00023947596491780132,-1.1333393246104606e-07,-4.496987614575614e-06,-4.935901825328624e-05,-0.00028961183320188347
512,0.04722994575569772,0.048270920420881575,0.04999999968668337,-5.085948687004329e-06,-6.710090118704032e-07,-0.0008438100018551651,-0.00023609930940438062,-1.1301538194175009e-07,-4.396738908358925e-06,-4.930826647158661e-05,-0.00028994766888042585
513,0.04738457190041254,0.048124203278886946,0.049999999797147233,-5.072032749283108e-06,-8.127152757962155e-07,-0.0008357610931464418,-0.0002326357498532161,-1.1244925701703323e-07,-4.292184808197377e-06,-4.923568357953972e-05,-0.0002901704824494665
514,0.04754472521035373,0.04797410618469186,0.04999999988946147,-5.0526384148210955e-06,-1.024126174573861e-06,-0.0008276421767628344,-0.00022907753009349108,-1.1184771864236609e-07,-4.183745675549042e-06,-4.914157728944987e-05,-0.00029028430363157596
515,0.047710303901808276,0.047821228924028944,0.04999999995723909,-5.027907097843492e-06,-1.3014188597587142e-06,-0.00081945858145328,-0.00022542374790646136,-1.1105577613079731e-07,-4.071840500786174e-06,-4.9026277184194625e-05,-0.00029029308093297116
516,0.04788120644104313,0.04766619646947006,0.04999999999450751,-4.99798678655322e-06,-1.641024450781017e-06,-0.0008112160607873114,-0.00022166660346556455,-1.0996777888294673e-07,-3.956904013243018e-06,-4.88901347921939e-05,-0.00029020068360457145
517,0.04805734353600413,0.04750968324291141,0.049999999995802236,-4.9630224098374835e-06,-2.0396405192887023e-06,-0.000802920263906999,-0.00021782303520012647,-1.0887850976359914e-07,-3.839367388500944e-06,-4.873352376131172e-05,-0.00029001090391298764
518,0.048238625799475965,0.0473523907044559,0.049999999956249,-4.923170587239972e-06,-2.4942553362663743e-06,-0.0007945771800537079,-0.00021388403547462076,-1.0744781775429146e-07,-3.7196622009710363e-06,-4.8556838921351496e-05,-0.0002897274401141777
519,0.048424970147901175,0.04719504077147991,0.0499999998716337,-4.878581288429938e-06,-3.002029198814723e-06,-0.0007861928872787857,-0.0002098537952406332,-1.0593441146511395e-07,-3.598214810989045e-06,-4.836049526178557e-05,-0.0002893538846832219
520,0.04861629617926667,0.04703838194782991,0.04999999973846137,-4.82941220767614e-06,-3.5603936174251176e-06,-0.0007777734255826224,-0.00020574196241796017,-1.0405609884855949e-07,-3.475449466608867e-06,-4.814492676190007e-05,-0.0002888937316549318
521,0.04881254074261109,0.04688318030591532,0.0499999995540022,-4.775816320020604e-06,-4.1668845523140965e-06,-0.0007693257868715929,-0.00020154406956862658,-1.0227756774838781e-07,-3.351788128512132e-06,-4.7910586119646904e-05,-0.0002883503989152373
522,0.04901363683181764,0.04673020733356026,0.049999999316324595,-4.717998448895921e-06,-4.819093929674656e-06,-0.0007608563545860742,-0.0001972855970961973,-9.988820437456525e-08,-3.2276405347448982e-06,-4.765794376083122e-05,-0.0002877272322918954
523,0.049219534523312736,0.04658023606347951,0.04999999902431855,-4.656110963984064e-06,-5.5148616257753625e-06,-0.0007523721704588817,-0.00019297200196888298,-9.757003738286585e-08,-3.1034092848046754e-06,-4.738748658369656e-05,-0.0002870275177048258
524,0.04943019090754445,0.046434023693129545,0.049999998677705805,-4.590352572584849e-06,-6.251953380260563e-06,-0.0007438796225541793,-0.0001886049285531044,-9.497679087644428e-08,-2.979472979953202e-06,-4.709971633263111e-05,-0.0002862544815521781
525,0.0496455709805796,0.04629231567015151,0.049999998277039305,-4.520875686507424e-06,-7.028304490233307e-06,-0.000735386051624103,-0.00018419545085635036,-9.228166675256944e-08,-2.85620861060937e-06,-4.679514829393469e-05,-0.000285411314723682
526,0.04986565390217412,0.04615585076157188,0.04999999782368944,-4.447897517482944e-06,-7.841609685958688e-06,-0.000726898560796406,-0.0001797477452782914,-8.938302897831818e-08,-2.7339717411513227e-06,-4.647431038408823e-05,-0.00028450123619389543
527,0.05009043276260444,0.046025350869135374,0.049999997319812965,-4.371634544010507e-06,-8.68933983258549e-06,-0.0007184246761072566,-0.00017529602337162942,-8.605629631119882e-08,-2.6131048624339656e-06,-4.613774176648043e-05,-0.00028352753103460664
528,0.050319919578872975,0.04590148954328844,0.049999996768316936,-4.2923006811541945e-06,-9.568859251088072e-06,-0.0007099715789797422,-0.00017084415594581515,-8.280414220962484e-08,-2.4939237384838827e-06,-4.578599153456462e-05,-0.00028249357199809525
529,0.05055413016282995,0.045784889703910946,0.04999999617281064,-4.210123574616084e-06,-1.047729667755407e-05,-0.0007015464898520432,-0.00016640633111819625,-7.944807833837331e-08,-2.3767202264343927e-06,-4.5419616446915086e-05,-0.0002814028269347798
530,0.05079309195896057,0.045676130061436844,0.0499999955375493,-4.1253196870272246e-06,-1.141171177247822e-05,-0.0006931570533998837,-0.0001619879767531529,-7.597427043037897e-08,-2.2617721575896084e-06,-4.5039179374088425e-05,-0.00028025891146008885
531,0.05103685025130196,0.04557574645863713,0.04999999486736079,-4.038169370625774e-06,-1.2368270397289257e-05,-0.0006848105756017985,-0.00015762174734845757,-7.231668774920763e-08,-2.1493281349036928e-06,-4.464524792758896e-05,-0.0002790656412894498
532,0.05128546587761976,0.04548421359220867,0.049999994167570075,-3.948904624413067e-06,-1.334320143491285e-05,-0.000676514392499395,-0.00015331477334257215,-6.871909619121652e-08,-2.039615015935873e-06,-4.423839297468772e-05,-0.0002778270525687524
533,0.051539011967806914,0.04540193886639626,0.049999993443924085,-3.857787349779878e-06,-1.433205969593267e-05,-0.0006682753672341119,-0.00014907025615684688,-6.553122489094676e-08,-1.9328287728538928e-06,-4.381918678722101e-05,-0.0002765474088472871
534,0.051797558657721135,0.04532925564217957,0.04999999270250105,-3.76508034176638e-06,-1.533019957678603e-05,-0.0006601005578922605,-0.00014490923786070198,-6.224328075177255e-08,-1.8291469939238496e-06,-4.3388201390566745e-05,-0.0002752312325500531
535,0.0520612016110821,0.04526644659900011,0.049999991949621334,-3.6710581865715334e-06,-1.633218289332663e-05,-0.000651996749635152,-0.0001408412354066968,-5.9416475295392956e-08,-1.7287180437129586e-06,-4.294600723319632e-05,-0.0002738833369488221
536,0.05233003771819418,0.045213709696568544,0.049999991191758304,-3.5759926511116845e-06,-1.733225836644929e-05,-0.0006439703183702211,-0.00013687652244698256,-5.697626193068572e-08,-1.6316684188577862e-06,-4.249317168305085e-05,-0.0002725088334388105
537,0.05260417480493404,0.04517119106628775,0.049999990435444286,-3.480165393709692e-06,-1.8324122340307545e-05,-0.0006360275855694257,-0.00013303232844918966,-5.494528565463952e-08,-1.5381003388593224e-06,-4.203025805799129e-05,-0.00027111314150584384
538,0.05288372424998762,0.0451389579392254,0.049999989687179856,-3.3838531907443227e-06,-1.9301129055959916e-05,-0.0006281743863439526,-0.00012931514356750995,-5.361006216730857e-08,-1.4480902392068645e-06,-4.1557824048801474e-05,-0.0002697019709874864
539,0.05316879527879729,0.0451170176556121,0.049999988953351365,-3.2873334665339737e-06,-2.0256422171363044e-05,-0.0006204164087294056,-0.00012573867570608854,-5.290742066677012e-08,-1.3616962440485792e-06,-4.1076420757829204e-05,-0.00026828132700767727
540,0.05345950858764628,0.04510531132581222,0.04999998824014885,-3.19088234781199e-06,-2.1182557141994664e-05,-0.000612758811174321,-0.00012231171422172338,-5.299529703961525e-08,-1.2789496778472772e-06,-4.058659150616549e-05,-0.00026685749248008016
541,0.05375597235297511,0.04510371573106913,0.04999998755349538,-3.094766143853858e-06,-2.2072253597557574e-05,-0.0006052063892963102,-0.00011905427527381107,-5.381668799486761e-08,-1.1998671523719982e-06,-4.008887085586629e-05,-0.0002654369867758324
542,0.05405829395590314,0.045112056074747664,0.049999986898978215,-2.9992471186591467e-06,-2.291824839254441e-05,-0.000597762237349783,-0.00011597422417253256,-5.5425999789804337e-08,-1.1244299775499323e-06,-3.9583784110292406e-05,-0.0002640265179698222
543,0.05436657973080488,0.04513007909617857,0.049999986281806456,-2.9045073671272354e-06,-2.371370968503184e-05,-0.0005904306792090473,-0.00011305137741146609,-5.7871080372251527e-08,-1.052628888427129e-06,-3.907184726078202e-05,-0.0002626329415031387
544,0.054680912476245125,0.045157534717956666,0.0499999857067466,-2.8108407836816147e-06,-2.4451097989395698e-05,-0.0005832150694225966,-0.000110324275738094,-6.107722327897136e-08,-9.844235157732917e-07,-3.855356657742485e-05,-0.0002612632551241656
545,0.05500138361658119,0.04519410845943719,0.049999985178062895,-2.718474365653051e-06,-2.5123395023797747e-05,-0.0005761187454091779,-0.00010782767640193924,-6.497031534991038e-08,-9.197671922492005e-07,-3.802943813906508e-05,-0.0002599245906886428
546,0.05532808828760705,0.045239459921617625,0.04999998469949717,-2.627624498437369e-06,-2.572401204919125e-05,-0.000569143766758407,-0.00010555156040936708,-6.952227948886502e-08,-8.585886839687586e-07,-3.749994757195864e-05,-0.00025862411338547413
547,0.05566106595369752,0.045293170862669624,0.04999998427425599,-2.5384769083375532e-06,-2.624796452980999e-05,-0.000562291869116058,-0.00010351923265261576,-7.438954696681321e-08,-8.008115849395202e-07,-3.696556938714641e-05,-0.0002573689177423683
548,0.05600035655698659,0.045354811228119324,0.04999998390499544,-2.4512106531948887e-06,-2.6690739019507953e-05,-0.0005555643275081899,-0.00010173982445849106,-7.971955540142517e-08,-7.463490940826483e-07,-3.642676765520399e-05,-0.0002561660189539023
549,0.056345989186227345,0.04542393172641738,0.04999998359380268,-2.3659905425129137e-06,-2.704837497133967e-05,-0.000548962007902452,-0.00010021992784459144,-8.530192729949704e-08,-6.951051555276241e-07,-3.5883995915957865e-05,-0.0002550223001956064
550,0.05669797374814853,0.045500058200786744,0.04999998334220035,-2.282961138207852e-06,-2.731787203693719e-05,-0.0005424852083460045,-9.897996642393991e-05,-9.08362380869221e-08,-6.469760363806479e-07,-3.533769714302172e-05,-0.0002539444484044074
551,0.05705629580835132,0.0455826936581887,0.04999998315115864,-2.2022486153620313e-06,-2.7497610928400003e-05,-0.0005361337746635924,-9.802416025195271e-05,-9.636943332225201e-08,-6.018540935040294e-07,-3.478830419593907e-05,-0.0002529389110724023
552,0.05742092908013752,0.04567133762118249,0.049999983021101826,-2.1239665291047847e-06,-2.7586770896796664e-05,-0.0005299071617252493,-9.7365838882979e-05,-1.0163403629803724e-07,-5.596256260231026e-07,-3.423624025728891e-05,-0.0002520118519344059
553,0.05779182428025595,0.04576547287813373,0.04999998295192464,-2.0482083990399806e-06,-2.7585807445163934e-05,-0.0005238043408104878,-9.700923692435026e-05,-1.0651744020151455e-07,-5.201720161298119e-07,-3.368191859564622e-05,-0.0002511690958555607
554,0.05816891002293764,0.04586457312057867,0.04999998294301727,-1.9750513346590473e-06,-2.7496330557929542e-05,-0.0005178239659396187,-9.69579559750855e-05,-1.1092428309211755e-07,-4.833748764210738e-07,-3.3125743055041635e-05,-0.00025041610202654265
555,0.05855210444758322,0.045968114048893303,0.049999982993288825,-1.9045590460224377e-06,-2.7320725568144052e-05,-0.000511964282042706,-9.721048263600096e-05,-1.1476650030317614e-07,-4.491112566789774e-07,-3.25681082715846e-05,-0.00024975793169604743
556,0.05894129717403184,0.04607556634705082,0.049999983101205424,-1.8367737940563507e-06,-2.7062645086630864e-05,-0.0005062231805474292,-9.777512605069205e-05,-1.178819601932446e-07,-4.17259189982253e-07,-3.200939948800493e-05,-0.00024919921334369354
557,0.05933636429444298,0.04618640506236543,0.049999983264819366,-1.7717295887597262e-06,-2.672667994174868e-05,-0.000500598281297547,-9.863739978754893e-05,-1.2034506369218434e-07,-3.8769682210506265e-07,-3.144999304312967e-05,-0.0002487441284962086
558,0.059737165016771565,0.04630010643839663,0.04999998348180015,-1.709443329121899e-06,-2.631805154318166e-05,-0.0004950868260979735,-9.979773312807083e-05,-1.2197433818528225e-07,-3.6030337133831413e-07,-3.0890256553800235e-05,-0.00024839639570582104
559,0.060143538846653535,0.04641616035335304,0.049999983749475806,-1.6499203783973509e-06,-2.5842933730461806e-05,-0.0004896860408695303,-0.00010124793334398419,-1.2307303620673338e-07,-3.349590761196457e-07,-3.033054873256182e-05,-0.00024815926718074093
560,0.06055531546505841,0.04653406746268171,0.049999984064870676,-1.5931536261752788e-06,-2.530793000700203e-05,-0.00048439267123856727,-0.000102969839645084,-1.232139368312346e-07,-3.115470121532483e-07,-2.9771219351603813e-05,-0.00024803552270553773
561,0.0609723037032103,0.04665334420903249,0.04999998442474746,-1.5391249908393004e-06,-2.472017605020427e-05,-0.0004792034430121377,-0.0001049550628522411,-1.2257474679699953e-07,-2.899535947780586e-07,-2.9212609576413724e-05,-0.00024802746654672666
562,0.06139430305001842,0.04677351537561857,0.04999998482564309,-1.4878079748137758e-06,-2.4087206265219323e-05,-0.0004741149641109833,-0.00010718432167777792,-1.2163050655544794e-07,-2.700676715126167e-07,-2.8655051780941076e-05,-0.0002481369401169534
563,0.06182110265653765,0.046894134820667684,0.04999998526391261,-1.4391656260167265e-06,-2.3416540008259596e-05,-0.0004692747049726313,-0.00010964286047965288,-1.1975251368312456e-07,-2.567786978571569e-07,-2.8099845672340203e-05,-0.0002483664716842137
564,0.06225349427232283,0.04705056654266165,0.04999998573133236,-1.3935923841848872e-06,-2.2712937583513213e-05,-0.0004645121188799871,-0.0001122568137361668,-1.0913504411291797e-07,-2.4304005114868706e-07,-2.7547256113117428e-05,-0.0002487168105647019
565,0.06269040776579159,0.04720934734849205,0.04999998621814692,-1.3503506737056307e-06,-2.1989765095225492e-05,-0.00045980338420994023,-0.00011508377792779356,-1.1149563050594224e-07,-2.2997011573845717e-07,-2.699844003054924e-05,-0.0002491892249847141
566,0.06313150295122992,0.047362660644750317,0.04999998672511094,-1.3093497167205777e-06,-2.1250395924214463e-05,-0.00045515643519282206,-0.00011810840078396723,-1.0654304105628398e-07,-2.1734457755596823e-07,-2.645310450462651e-05,-0.00024978284127584173
567,0.06357662835656418,0.047510683594585594,0.049999987251854755,-1.2706396509848395e-06,-2.0501982504064643e-05,-0.0004505736580665903,-0.00012132726988056675,-1.0452023246898534e-07,-2.0535091102342628e-07,-2.591139967087225e-05,-0.0002504970302294737
568,0.06402559723077293,0.04765348114299873,0.049999987796935305,-1.2342553241161228e-06,-1.9750781016484375e-05,-0.0004460563104268755,-0.0001247092295670882,-1.0273814865513486e-07,-1.940960014581639e-07,-2.5373503971156412e-05,-0.00025133105911201464
569,0.0644781838960705,0.04779109379448864,0.049999988358092426,-1.200190781369067e-06,-1.9003296339894458e-05,-0.0004416042414574395,-0.00012822411372326314,-1.000507197090883e-07,-1.836324417847018e-07,-2.4839611391283125e-05,-0.0002522839971465305
570,0.06493413476598633,0.04792355326462089,0.04999998893248646,-1.1684196805683868e-06,-1.826591431616394e-05,-0.00043721660008401897,-0.0001318443100899458,-9.696211833443158e-08,-1.739763296227073e-07,-2.4309922969231496e-05,-0.0002533546776157567
571,0.06539318208499138,0.048050881111664126,0.04999998951688444,-1.1388964893694443e-06,-1.75446890427342e-05,-0.00043289209075282956,-0.0001355528220301494,-9.351728635920153e-08,-1.6512033746475715e-07,-2.3784641126608103e-05,-0.0002545417010458214
572,0.0658550590709207,0.04817309526440092,0.04999999010781911,-1.1115665788387663e-06,-1.6845091349058006e-05,-0.0004286287638565222,-0.00013932010915596038,-8.965930931026378e-08,-1.570412302293453e-07,-2.326396579842858e-05,-0.0002558434451319538
573,0.06631949033018024,0.048290216366378085,0.049999990701711884,-1.086368079507663e-06,-1.61719824408196e-05,-0.00042442472513433616,-0.00014313001884147525,-8.573960030844319e-08,-1.497064423878957e-07,-2.2748091472763734e-05,-0.0002572580669367384
574,0.06678620109552286,0.04840226771995723,0.04999999129498389,-1.0632299442789451e-06,-1.5529641235757628e-05,-0.00042027723646231657,-0.00014696252765133977,-8.166417586608077e-08,-1.4307832504407909e-07,-2.2237205266516567e-05,-0.00025878351640255576
575,0.06725490886941658,0.04850928817700176,0.04999999188413942,-1.0420816792931986e-06,-1.492164601978846e-05,-0.00041618362779892616,-0.0001507971464889124,-7.767422260940293e-08,-1.3711690710726998e-07,-2.173148558763878e-05,-0.00026041754492011574
576,0.06772532938044444,0.04861128179094082,0.049999992465834905,-1.0228449575625331e-06,-1.4350925028019294e-05,-0.00041214033164835165,-0.00015462638111785054,-7.371533428113253e-08,-1.3175539901922865e-07,-2.1231103335150868e-05,-0.0002621576627118855
577,0.06819719213960586,0.04870752904189849,0.049999993036885064,-1.0054449034006308e-06,-1.3819152507709374e-05,-0.0004081442322372715,-0.00015842249558772892,-6.98129767329192e-08,-1.269453411499462e-07,-2.0736219989257055e-05,-0.00026400116728718045
578,0.0686702164574133,0.04879789782269946,0.049999993594290165,-9.898015997263356e-07,-1.3327709671869403e-05,-0.0004041930088579145,-0.00016218134260270745,-6.616237158141303e-08,-1.2264342238410249e-07,-2.024698730646405e-05,-0.0002659451488024908
579,0.06914412362908515,0.04888266183537303,0.049999994135376626,-9.758328096652963e-07,-1.2877571485829754e-05,-0.00040028419073247554,-0.0001658858236623928,-6.268725627478489e-08,-1.1887817027771997e-07,-1.976355052004255e-05,-0.0002679865617793664
580,0.06961863310205615,0.04896209290402867,0.049999994657801326,-9.634822120000856e-07,-1.2468881941374643e-05,-0.00039641449888214815,-0.0001695569371804595,-5.9777697458685e-08,-1.1551930006110698e-07,-1.9286040553071282e-05,-0.0002701222540794219
581,0.07009348158374386,0.049036443319831736,0.04999999515954758,-9.526489202578169e-07,-1.2101893813694167e-05,-0.00039258083322781776,-0.0001731374068185687,-5.662322521970964e-08,-1.1254363631623539e-07,-1.8814567360409044e-05,-0.0002723489582470541
582,0.07056839081196342,0.04910595307604921,0.04999999563891578,-9.432635030003437e-07,-1.1775678641752879e-05,-0.00038878058297800113,-0.00017660559387877584,-5.394435831362898e-08,-1.099271396807131e-07,-1.8349231600042346e-05,-0.00027466324875724166
583,0.07104308792213457,0.04917086185994313,0.04999999609450146,-9.352548460660703e-07,-1.148871657257797e-05,-0.000385012001387214,-0.00017999902775045484,-5.138620196021293e-08,-1.0765201208882455e-07,-1.7890124566363887e-05,-0.0002770616104848059
584,0.07151735210458485,0.04923140851732242,0.04999999652518123,-9.285632948384676e-07,-1.1239319565247444e-05,-0.00038127255320391084,-0.0001833037968026474,-4.929774988227109e-08,-1.0569385224783987e-07,-1.7437328204280698e-05,-0.00027954048171079804
585,0.07199093208042949,0.049287811238395055,0.04999999693009486,-9.231253797480249e-07,-1.1025420262723243e-05,-0.0003775600604668383,-0.00018651934806257486,-4.7478675213596944e-08,-1.0403042144262962e-07,-1.6990914149362427e-05,-0.00028209622724121306
586,0.07246359028097529,0.04934027974795954,0.04999999730863003,-9.188805719427126e-07,-1.0844659889127743e-05,-0.00037387221645949874,-0.00018963559705298394,-4.585159629755253e-08,-1.0264159346758456e-07,-1.6550944337340153e-05,-0.0002847251503851305
587,0.072935089397777,0.04938902185672417,0.04999999766040624,-9.157699468842926e-07,-1.0694438767318027e-05,-0.000370207369316682,-0.00019265407172497362,-4.4585966918475606e-08,-1.0150802363033176e-07,-1.6117471297587794e-05,-0.0002874234922792897
588,0.07340520840840796,0.04943423079982201,0.049999997985259836,-9.137362026974782e-07,-1.0571854149364977e-05,-0.0003665638755753238,-0.00019556870392989367,-4.35182521130173e-08,-1.0061127638177318e-07,-1.569053847415348e-05,-0.0002901874362558499
589,0.07387373052429078,0.04947609614169088,0.04999999828322886,-9.12723161666029e-07,-1.0473944629288376e-05,-0.0003629399347774064,-0.00019838842854369432,-4.2721136850332186e-08,-9.993518719249289e-08,-1.5270180684300764e-05,-0.00029301311786249424
590,0.07434043923058126,0.0495148061777666,0.04999999855453629,-9.126767642399261e-07,-1.0397640428089447e-05,-0.00035933399956414444,-0.00020110886543989182,-4.22187653725814e-08,-9.946347852767262e-08,-1.4856424342935693e-05,-0.0002958966299986433
591,0.07480512933998008,0.049550537158072505,0.04999999879957323,-9.135452489655355e-07,-1.0339779367937104e-05,-0.00035574450678731357,-0.0002037362428382039,-4.1877910916809924e-08,-9.918265092501853e-08,-1.4449287889086028e-05,-0.00029883402785291165
592,0.0752675958057226,0.04958346502379927,0.04999999901888445,-9.152764162478755e-07,-1.0297243733906698e-05,-0.0003521704633411796,-0.00020627227786462754,-4.185055146876948e-08,-9.908355175424328e-08,-1.4048782693028287e-05,-0.0003018213367951284
593,0.07572765418811771,0.04961375138261648,0.049999999213152416,-9.178239212842784e-07,-1.0266926527299473e-05,-0.00034861090454186053,-0.00020872354798484594,-4.212757431787395e-08,-9.915242948058484e-08,-1.3654913268937088e-05,-0.000304854554260956
594,0.07618512238568675,0.04964155258459463,0.049999999383182725,-9.21138758233686e-07,-1.0245754614230958e-05,-0.0003450646213176763,-0.0002110938512487337,-4.246451368317139e-08,-9.937663486045457e-08,-1.3267677166891654e-05,-0.0003079296564541198
595,0.0766398191685963,0.04966702224465635,0.04999999952989027,-9.251742266203334e-07,-1.0230873106503267e-05,-0.0003415307254622357,-0.00021339047816582024,-4.305059775333575e-08,-9.974530639011383e-08,-1.2887065579262678e-05,-0.0003110425969833924
596,0.07709156691862697,0.049690305162853055,0.049999999654285615,-9.298816680116135e-07,-1.021942146131766e-05,-0.0003380082306930033,-0.00021561696485150605,-4.38353389142776e-08,-1.002482888596503e-07,-1.2513063781413343e-05,-0.000314189318131461
597,0.07754020241519313,0.04971153945392453,0.04999999975746108,-9.352181225265128e-07,-1.0208868940594484e-05,-0.0003344966258918699,-0.00021777917572762817,-4.485191951175693e-08,-1.0087477874894064e-07,-1.2145651376249032e-05,-0.0003173657549313841
598,0.07798556583952537,0.0497308553582148,0.04999999984057716,-9.411383466480168e-07,-1.0196678600328738e-05,-0.00033099552821400655,-0.00021988785010762513,-4.5934140047165783e-08,-1.0161482375522819e-07,-1.1784802757325966e-05,-0.000320567836570708
599,0.0784275142586793,0.04974837504107066,0.04999999990485029,-9.476006972473118e-07,-1.0180689479844889e-05,-0.00032750427649905,-0.0002219480084022507,-4.724054747384798e-08,-1.0245833628165289e-07,-1.1430487489961292e-05,-0.0003237914981482784
600,0.07886589839603703,0.04976421642701808,0.04999999995154115,-9.545620221875204e-07,-1.0158837988829859e-05,-0.0003240225139116473,-0.00022397049178835005,-4.853532686865947e-08,-1.0339596089519416e-07,-1.1082670627457055e-05,-0.00032703268298553504
601,0.07930057887820499,0.049778490218523735,0.049999999981943224,-9.619802630549355e-07,-1.0129398190420726e-05,-0.0003205497001984327,-0.00022596093185711652,-5.009171033520943e-08,-1.0441889666882947e-07,-1.0741313219550371e-05,-0.0003302873561118584
602,0.07973142217045132,0.04979130095295232,0.0499999999973715,-9.698167048341655e-07,-1.0090861249586266e-05,-0.00031708585867061393,-0.00022792971867602319,-5.158689830864205e-08,-1.0551764644634669e-07,-1.0406372546617228e-05,-0.0003335515102032868
603,0.08015830584948852,0.04980274332227911,0.049999999999152465,-9.78031521782387e-07,-1.0041966318257905e-05,-0.0003136579077832824,-0.0002298894542036578,-5.3242811048903604e-08,-1.0668579605578249e-07,-1.0077802710356345e-05,-0.00033682117775590066
604,0.08058148921139822,0.0498143670417769,0.04999999998861462,-9.867193462973546e-07,-9.979214988932542e-06,-0.00031034469552697526,-0.00023185131431091577,-5.427597926654926e-08,-1.1065985043637844e-07,-9.756098508132413e-06,-0.0003400907763749519
605,0.08100249835660067,0.04983167719878112,0.0499999999675036,-9.962227152864073e-07,-9.893900420103578e-06,-0.00030700975486331553,-0.00023392439470626414,-5.323127183487486e-08,-1.1353304247802546e-07,-9.4414175140904e-06,-0.00034335581051657925
606,0.08141939180315172,0.04984676080670392,0.04999999993767695,-1.005609202878954e-06,-9.799272185804857e-06,-0.0003036611376351911,-0.00023628408962395042,-5.4274245542274e-08,-1.1594826610185178e-07,-9.133606745057932e-06,-0.00034661318852179833
607,0.08183223567633434,0.04985975186197546,0.04999999990057121,-1.0150242123360071e-06,-9.698059419972316e-06,-0.00030030560556900494,-0.00023863087699282914,-5.437322769807906e-08,-1.1801143220870715e-07,-8.832548981489973e-06,-0.00034986028395611797
608,0.08224110362564625,0.04987084152010363,0.049999999857382,-1.024567563076391e-06,-9.59315113675197e-06,-0.00029694742167841624,-0.00024099003348965198,-5.662499802383536e-08,-1.1979891288814575e-07,-8.538140623452267e-06,-0.0003530946856085671
609,0.08264586695355881,0.04988023238359887,0.04999999980914504,-1.034269927219271e-06,-9.483445395932803e-06,-0.0002935894370055927,-0.00024330083397217095,-5.941284442201322e-08,-1.2136516368560333e-07,-8.250285769543917e-06,-0.0003563138053009018
610,0.08304636784119951,0.049888109858053274,0.0499999997567902,-1.0441481389032376e-06,-9.367010283421169e-06,-0.0002902342787379321,-0.00024561502505093813,-6.153837972533438e-08,-1.2274982019701962e-07,-7.968893211618236e-06,-0.00035951487187437837
611,0.08344248398240106,0.04989463756637725,0.04999999970117827,-1.054199985583343e-06,-9.242910372868962e-06,-0.0002868838310841549,-0.00024792944896034896,-6.375127270530356e-08,-1.239805566409473e-07,-7.693874618334736e-06,-0.0003626950269209995
612,0.08383409491612732,0.04989995761810986,0.049999999643125986,-1.0644273573360133e-06,-9.110633634847695e-06,-0.00028354004419832587,-0.00025027498486451805,-6.587969636484559e-08,-1.2507548866113367e-07,-7.425143107961934e-06,-0.0003658513714017667
613,0.0842210979832847,0.049904188194992066,0.04999999958342146,-1.0748187270426326e-06,-8.970007275595052e-06,-0.0002802048466891454,-0.00025266571901738644,-6.760136983530174e-08,-1.2604645106912192e-07,-7.162612419027505e-06,-0.00036898103875185177
614,0.08460341227149129,0.04990742990320156,0.049999999522832544,-1.0853751772674656e-06,-8.821645851546979e-06,-0.00027687920174877204,-0.00025512679712846875,-6.925956341774508e-08,-1.2690179969089075e-07,-6.9061966236355044e-06,-0.0003720812347413626
615,0.08498095229368416,0.04990976521452811,0.049999999462106856,-1.0960615012357235e-06,-8.665990330111095e-06,-0.0002735645320337419,-0.00025762998848222196,-7.063180618160914e-08,-1.276456554526786e-07,-6.655809948682381e-06,-0.00037514924361676025
616,0.08535364058637362,0.04991126345342896,0.0499999994019681,-1.1068707056908673e-06,-8.50385274042567e-06,-0.0002702070208199403,-0.00026021263329312205,-7.204566543350666e-08,-1.310350445719197e-07,-6.411392674186912e-06,-0.0003781810682602983
617,0.08572156594158147,0.049911979780621424,0.049999999342857426,-1.1152118883760075e-06,-8.315810755510917e-06,-0.00026691434856655115,-0.00025753164663910866,-1.182305524594085e-07,-1.303801931522359e-07,-6.1728726534071234e-06,-0.0003811710613969445
618,0.08608362438954045,0.049912498422649366,0.049999999285538305,-1.1267143927994789e-06,-8.110660814563205e-06,-0.00026366670158574145,-0.00026267225621268153,-7.534887913607236e-08,-1.301804119579065e-07,-5.94013467164943e-06,-0.00038411824643471896
619,0.08644198310392064,0.04991238710500951,0.049999999230860126,-1.1382341476091358e-06,-7.939221280213613e-06,-0.00026040440347533154,-0.00026856298791244626,-7.29081506278817e-08,-1.3015174836319515e-07,-5.713066934231897e-06,-0.0003870280296075137
620,0.0867962961316923,0.04991124252919414,0.049999999179698655,-1.1508190162956632e-06,-7.834602405058465e-06,-0.0002569891038662162,-0.00027772164321504533,-2.736587885010522e-05,-1.306953998713946e-07,-5.491511146411444e-06,-0.00038978760083599126
621,0.08708053413927959,0.04992112187523087,0.04999999911867946,-1.1242883595462325e-06,-6.027549231585933e-06,-0.0002535563257325711,-0.0003038791473954916,-5.960446287645027e-06,-1.327347068818899e-07,-5.275281897942903e-06,-0.00039234172036078506
622,0.08738464385865323,0.04993545132643509,0.04999999903982201,-1.113311944526221e-06,-5.178508519790689e-06,-0.00025047965456871283,-0.00034676570794545114,-7.99300687504001e-06,-1.3421605164977312e-07,-5.064197064712655e-06,-0.00039480711792469285
623,0.08770589729692004,0.04993913817512999,0.049999998952348655,-1.1101581977536288e-06,-4.92625783844092e-06,-0.0002473070543385182,-0.00028083898359909654,-1.4092183846514672e-05,-1.3513349171010928e-07,-4.858393677056758e-06,-0.00039724206677921054
624,0.08804966619734661,0.04993362770995259,0.04999999886614828,-1.1230244186469845e-06,-4.885755115441449e-06,-0.0002441631072568503,-0.00028460624162107706,-8.618089708534171e-08,-1.3547640374921482e-07,-4.658047373845595e-06,-0.00039965091508337787
625,0.08838794567137537,0.049927055268418175,0.04999999878954223,-1.136122697216652e-06,-4.8703176867393985e-06,-0.00024105212655189568,-0.00028834803379140794,-5.79692560620515e-08,-1.354428876294461e-07,-4.463021254984186e-06,-0.0004020337395434549
626,0.08872020189825748,0.049919855110239025,0.049999998723231465,-1.1490516729131572e-06,-4.868939750546704e-06,-0.00023797443423164588,-0.00029249012004584074,-6.395433160832908e-08,-1.3509592492279657e-07,-4.273200936106488e-06,-0.0004043892329137119
627,0.08904622878968506,0.04991206222784606,0.04999999866742439,-1.161707998755745e-06,-4.872671377428848e-06,-0.00023492143714753748,-0.00029602207359857857,-7.323775719214609e-08,-1.3450290602505073e-07,-4.088481902279953e-06,-0.0004067150558808264
628,0.08936594001725814,0.04990362841249013,0.04999999862221449,-1.1742242666629437e-06,-4.875942016899681e-06,-0.00023188761557550662,-0.00029958979575894773,-7.792259992811523e-08,-1.3370898151408603e-07,-3.908771711749366e-06,-0.00040900898723911905
629,0.0896794815634106,0.049894520236823,0.049999998587734434,-1.1867317260522326e-06,-4.882748018843187e-06,-0.00022887409206494565,-0.00030324418912641704,-7.680753810745955e-08,-1.327405818597908e-07,-3.7339846342488914e-06,-0.00041126941571406774
630,0.08998692180963112,0.04988472943412603,0.04999999856402232,-1.199218615401333e-06,-4.8936111235403755e-06,-0.00022588238956124237,-0.0003070059174206108,-7.516725730738472e-08,-1.3161647709369705e-07,-3.5640396060484384e-06,-0.0004134950400562878
631,0.09028833242815856,0.04987424852360006,0.04999999855094551,-1.2116766891132223e-06,-4.909380518616321e-06,-0.00022291394910338186,-0.0003108654636889696,-7.33397484964371e-08,-1.3034985665542897e-07,-3.398859354012118e-06,-0.00041568485372634937
632,0.0905837709536842,0.04986307258076313,0.049999998548214866,-1.2240943006286297e-06,-4.93078216934319e-06,-0.00021997022197525106,-0.0003148068208247423,-7.181435535130731e-08,-1.2895031653536255e-07,-3.2383698863922576e-06,-0.0004178380945934318
633,0.09087329184732697,0.04985119479720783,0.04999999855540388,-1.2364653747821342e-06,-4.9584250929656165e-06,-0.00021705257964840297,-0.00031883371411822736,-7.031851367855779e-08,-1.2742444014319288e-07,-3.082500118405127e-06,-0.0004199542191040903
634,0.09115694855373699,0.04983860901885907,0.04999999857197388,-1.2487901270642903e-06,-4.99304845010557e-06,-0.00021416207758594814,-0.0003229238500352949,-6.868464197395951e-08,-1.2577804599083784e-07,-2.9311815395455977e-06,-0.00042203288839026264
635,0.0914347852677919,0.04982531495156789,0.049999998597295536,-1.2610699995843926e-06,-5.035313503637342e-06,-0.00021129988352212864,-0.00032708063372410834,-6.698215315736888e-08,-1.240154983743362e-07,-2.7843480036098048e-06,-0.000424073953217761
636,0.0917068460622105,0.049811313598497255,0.04999999863066626,-1.2733077420639794e-06,-5.085898497101007e-06,-0.00020846694460480142,-0.0003313011839054525,-6.539845998076999e-08,-1.2214096812926623e-07,-2.6419354887750437e-06,-0.00042607745277496793
637,0.09197317167274968,0.04979661055599418,0.049999998671328955,-1.2855116949866406e-06,-5.145527760419747e-06,-0.0002056645255410777,-0.0003355622466187924,-6.347575975951258e-08,-1.2015650451926458e-07,-2.5038819967403544e-06,-0.0004280436107775559
638,0.09223380656687663,0.049781213160314336,0.04999999871848933,-1.2976929374643625e-06,-5.214884110925219e-06,-0.0002028936751740742,-0.0003398785775061697,-6.16914306306171e-08,-1.1806823846972065e-07,-2.370127493870164e-06,-0.0004299728213912499
639,0.09248879510426351,0.04976512810221831,0.04999999877132975,-1.30985970342018e-06,-5.294602877663365e-06,-0.00020015520202050496,-0.0003442171437200159,-5.98980562926954e-08,-1.1587848471906227e-07,-2.2406137465087973e-06,-0.0004318656342321193
640,0.09273817269170909,0.049748372199444404,0.04999999882902301,-1.3220267616165038e-06,-5.385267304886103e-06,-0.00019745006981343558,-0.00034857913851737976,-5.793901536321755e-08,-1.1359100095666526e-07,-2.1152841925177147e-06,-0.00043372273986826295
641,0.0929819754929811,0.049730963756485745,0.049999998890741006,-1.334203899173512e-06,-5.487305821203485e-06,-0.00019477910179445748,-0.0003529620880726725,-5.595524754653525e-08,-1.1120849240029944e-07,-1.9940838990496537e-06,-0.0004355449732308229
642,0.09322024273016677,0.0497129248072608,0.04999999895566441,-1.3464087815958385e-06,-5.601333608878073e-06,-0.00019214311462789223,-0.00035736089921556413,-5.404887915005929e-08,-1.0873814531192164e-07,-1.876959486304215e-06,-0.00043733330449206777
643,0.09345301296025345,0.04969427674071496,0.04999999902299361,-1.3586534745745854e-06,-5.727685708434251e-06,-0.0001895429744539501,-0.0003617517068050802,-5.2063406030811166e-08,-1.0618223434816052e-07,-1.7638590740243172e-06,-0.0004390888080436429
644,0.09368032365360622,0.04967504886115398,0.04999999909195617,-1.3709565513221655e-06,-5.8666148761844e-06,-0.00018697924479462623,-0.0003661364899016917,-5.016262960566564e-08,-1.0354556399739416e-07,-1.6547321881048732e-06,-0.00044081265917997363
645,0.09390220914263916,0.04965527492309546,0.04999999916181144,-1.3833323613889854e-06,-6.018396633084535e-06,-0.00018445270879075232,-0.0003705102135427296,-4.807692022268384e-08,-1.0083256470850355e-07,-1.5495296328868982e-06,-0.0004425061381489292
646,0.0941187093053702,0.04963498725474915,0.04999999923185421,-1.395796774971937e-06,-6.183318817925959e-06,-0.0001819637876841932,-0.00037486053770408034,-4.615051096834577e-08,-9.804863517960763e-08,-1.448203436974323e-06,-0.0004441706184083622
647,0.09432985904947908,0.0496142284913243,0.04999999930142042,-1.408366924627287e-06,-6.3614928788999875e-06,-0.00017951313763689192,-0.0003791860945057124,-4.424036603722925e-08,-9.519848988289754e-08,-1.3507067560651559e-06,-0.00044580754544505923
648,0.09453569700541303,0.04959303744096287,0.04999999936989089,-1.421058933921071e-06,-6.552968924264044e-06,-0.00017710128199971073,-0.00038347180816344917,-4.2349139306452344e-08,-9.228777136521414e-08,-1.2569938277228246e-06,-0.00044741843516069653
649,0.09473626574375645,0.04957145832613863,0.04999999943669514,-1.4338942946666884e-06,-6.757832059692823e-06,-0.00017472865499539782,-0.0003877240524161607,-4.045637069793884e-08,-8.932125376718209e-08,-1.1670198876417683e-06,-0.0004490048691092803
650,0.09493160248888831,0.04954953742114826,0.04999999950131164,-1.4468871621888285e-06,-6.9760189265590765e-06,-0.00017239559180946463,-0.00039193002157844603,-3.859476649381577e-08,-8.630577557751403e-08,-1.080741036400629e-06,-0.00045056848198156386
651,0.09512174734906603,0.04952732629740951,0.04999999956326738,-1.4600541496370814e-06,-7.2074257195416204e-06,-0.00017010235482590248,-0.00039607365033589303,-3.6781933943075273e-08,-8.32469022182057e-08,-9.981142301900138e-07,-0.00045211095514638574
652,0.0953067407250622,0.04950487893800085,0.04999999962213939,-1.4734111454397192e-06,-7.451856663506839e-06,-0.00016784933268477822,-0.00040016809361986816,-3.506651680140749e-08,-8.015019230954272e-08,-9.190971558076485e-07,-0.00045363400707228684
653,0.09548662743957023,0.04948224698473689,0.04999999967755467,-1.486976261524552e-06,-7.709209996811364e-06,-0.00016563684959845846,-0.00040419536526314914,-3.3297894219685986e-08,-7.702187896309815e-08,-8.436481479643431e-07,-0.0004551393914928685
654,0.09566145262575217,0.049459483274580815,0.04999999972919026,-1.500766986062209e-06,-7.979150095506464e-06,-0.0001634650013851586,-0.00040816047112457454,-3.166387685382688e-08,-7.38684858484717e-08,-7.717261583491008e-07,-0.0004566288933232497
655,0.09583126091492516,0.04943665070372074,0.0499999997767719,-1.5147997994309186e-06,-8.26140043766132e-06,-0.00016133394251090948,-0.00041205325396731496,-3.005586890481027e-08,-7.069613346531742e-08,-7.032906274343891e-07,-0.0004581043149983724
656,0.09599609764233975,0.04941380297532308,0.04999999982007164,-1.5290890586378283e-06,-8.555555698073188e-06,-0.00015924372858749976,-0.00041587030864320695,-2.8488395642511932e-08,-6.751154078889175e-08,-6.38301413229192e-07,-0.00045956746840515855
657,0.09615601023396488,0.04939100084762745,0.04999999985890593,-1.5436490377434396e-06,-8.861206796551993e-06,-0.0001571944263996169,-0.000419609306845814,-2.7050544915141472e-08,-6.432295247790921e-08,-5.767187724366749e-07,-0.00046102018424301963
658,0.09631105167919972,0.049368303146480205,0.04999999989313473,-1.5584984588488563e-06,-9.177999379541269e-06,-0.00015518619145528785,-0.0004232710343785584,-2.5589462993025336e-08,-6.11335665955851e-08,-5.185032691103254e-07,-0.00046246430273532736
659,0.09646127355004068,0.049345765493649864,0.04999999992265922,-1.5736551773153506e-06,-9.505416578566205e-06,-0.00015321892815811584,-0.0004268475458957255,-2.4202623905011933e-08,-5.795235224389399e-08,-4.636156905349729e-07,-0.0004639016617969784
660,0.09660672851828894,0.049323449869588726,0.04999999994741802,-1.589131551501964e-06,-9.842935869058226e-06,-0.00015129257731171406,-0.0004303445166442543,-2.2875147109857608e-08,-5.4786378198766796e-08,-4.1201699817044084e-07,-0.00046533410093049007
661,0.09674747035223141,0.04930141224436659,0.049999999967384384,-1.6049409533689357e-06,-1.0189944461957056e-05,-0.0001493173184249356,-0.00043374914093874395,-2.1628588697808482e-08,-5.159833913632196e-08,-3.636622685666332e-07,-0.0004667598324356011
662,0.09688222908097041,0.04927665981312656,0.0499999999825437,-1.6205823705470914e-06,-1.055391526168822e-05,-0.00014769296046533858,-0.0004092572198715061,-1.7810645658755675e-05,-4.826620626623683e-08,-3.1852688349830843e-07,-0.0004680887492851344
663,0.09699602401330382,0.049292681871873086,0.049999999991325865,-1.5930550257597386e-06,-9.072410885820841e-06,-0.00014588059206695886,-0.00045136475819163024,-6.7957853389088996e-06,-4.6275773143197816e-08,-2.7657848244866563e-07,-0.00046931332390179916
664,0.09711387756368335,0.04932386236509484,0.04999999999545994,-1.589257665054717e-06,-8.589405159690098e-06,-0.00014432255175158326,-0.0004977480857633054,-6.926112291694153e-06,-4.376522530028021e-08,-2.377439147403257e-07,-0.00047055893954047227
665,0.09723262503624502,0.04932495683756495,0.04999999999763903,-1.5919225807668942e-06,-8.52866946599348e-06,-0.00014249153732092822,-0.00044470932334661484,-1.234048522746889e-05,-4.108486203968315e-08,-2.0199213761689525e-07,-0.0004718418025408096
666,0.09735337110444409,0.049299260311854026,0.04999999999898543,-1.6114903375241073e-06,-9.066649310008758e-06,-0.00014102691502776454,-0.0004145648272242397,-1.772738505678717e-05,-3.8384964110050317e-08,-1.6932210120712733e-07,-0.0004730447522268849
667,0.09745622635198169,0.049310599526530115,0.04999999999951955,-1.5892412354208142e-06,-7.951869665078699e-06,-0.00013937731895894537,-0.00045697265886701643,-7.038665444270009e-06,-3.636748033685049e-08,-1.396906356512069e-07,-0.0004741622397827059
668,0.0975618469335037,0.04933767729769423,0.049999999999506384,-1.5915125956509355e-06,-7.73931210484866e-06,-0.00013798117209007076,-0.0005049442406743765,-6.902156655996805e-06,-3.387204172438478e-08,-1.130264331902448e-07,-0.00047532237607022176
669,0.0976672242833658,0.049335407548447965,0.049999999999293714,-1.5997629113713906e-06,-7.88790561436396e-06,-0.0001363913709081685,-0.00045435037463903427,-1.2080955457349773e-05,-3.1261009321595815e-08,-8.929198134631056e-08,-0.00047654234775298574
670,0.09777518870123247,0.04930799943090563,0.04999999999911697,-1.6270989112026414e-06,-8.614563264397033e-06,-0.00013489675205914246,-0.0004564144182950258,-2.0281831325519306e-08,-2.8126005454239995e-08,-6.845967215019942e-08,-0.0004777973023059438
671,0.09787820931749863,0.049280419943602494,0.049999999999270475,-1.6582936559997733e-06,-9.374229601874673e-06,-0.00013340802938510736,-0.0004636388330254704,-7.497043696957917e-08,-2.463138856185291e-08,-5.048038170126996e-08,-0.00047909375472715836
672,0.09797709487451614,0.04925280688429877,0.049999999999639444,-1.6851651312708094e-06,-1.0151319248958964e-05,-0.00013193232594107038,-0.0004648053727578372,-6.504379257421533e-08,-2.1934396512150372e-08,-3.530956413351025e-08,-0.00048043147350966303
673,0.09807084919014179,0.04922655402433315,0.04999999999996101,-1.7120903056243892e-06,-1.0865201944730935e-05,-0.00013047701543207577,-0.0004669275658670813,-1.5133524300381396e-07,-1.957396255069712e-08,-2.290260443354316e-08,-0.00048179619798815397
674,0.09815947401476421,0.04920201705429074,0.049999999999884144,-1.7380248155337053e-06,-1.1499259424166007e-05,-0.00012909013805266872,-0.0004676286189351231,-9.380418930504675e-08,-1.7440554205935875e-08,-1.321632966930426e-08,-0.00048318724285335824
675,0.09824469471174073,0.049179903149955004,0.04999999999899343,-1.76559905168865e-06,-1.2197939478326721e-05,-0.00012774016991882065,-0.00046990555711090565,-1.1875214589451843e-08,-1.5424972547501773e-08,-6.20810723736928e-09,-0.00048461375146053226
676,0.09832569930144104,0.049159104098604106,0.04999999999680917,-1.7933196687946535e-06,-1.2877723565204279e-05,-0.00012642570070589679,-0.00047219297266565263,-1.1661879462110392e-08,-1.3513999142962152e-08,-1.8339083081428046e-09,-0.00048607520087864817
677,0.09840263687199181,0.04913957476583572,0.04999999999282509,-1.8212163691532164e-06,-1.354052655901931e-05,-0.00012514659549251416,-0.0004744393809232861,-1.0843485220846105e-08,-1.1693902783459333e-08,-4.9856068452285015e-11,-0.0004875713164761985
678,0.09847563647335421,0.04912133510740896,0.04999999998653118,-1.8492870322831472e-06,-1.4185520517368434e-05,-0.00012390260543770445,-0.0004765496705658734,-9.68687796643053e-09,-1.0016765859648903e-08,-8.120979277532126e-10,-0.0004891017807040305
679,0.09854482428407339,0.04910444043102691,0.04999999997743579,-1.8774469275473638e-06,-1.481081566060996e-05,-0.0001226930723960838,-0.00047857858589850366,-9.3458227823362e-09,-8.473270586031634e-09,-4.0767375282940054e-09,-0.0004906662273813749
680,0.09861032264094716,0.049088892047523425,0.04999999996508273,-1.905726106525787e-06,-1.5416163248111548e-05,-0.00012151767859372079,-0.0004805430944543332,-8.794946992907171e-09,-7.077675976615267e-09,-9.799773586369437e-09,-0.0004922643897393629
681,0.09867225281335334,0.0490746849217053,0.04999999994906071,-1.9341287820376212e-06,-1.600168336455663e-05,-0.00012037627718147067,-0.00048243580386042595,-7.981491911834837e-09,-5.844549969462529e-09,-1.7937065436174406e-08,-0.0004938961495464334
682,0.09873073455600706,0.049061818309932656,0.04999999992901188,-1.962670119539968e-06,-1.6567893407355978e-05,-0.00011926850041079434,-0.00048425907152704895,-7.557120262902117e-09,-4.7866211082894525e-09,-2.844430875566436e-08,-0.0004955615019966446
683,0.09878588085943373,0.049050272444945385,0.04999999990463617,-1.9913623390842573e-06,-1.71146519978625e-05,-0.00011819399508990982,-0.0004860216286033392,-7.1143939628370845e-09,-3.922902563737726e-09,-4.1277029919908677e-08,-0.0004972604663834098
684,0.09883780168455907,0.04904002621433536,0.04999999987569356,-2.0202139755198175e-06,-1.7641951593625376e-05,-0.00011715243498510786,-0.00048771544243209064,-6.757308490534797e-09,-3.254483486668877e-09,-5.6390586905377945e-08,-0.0004989930919526375
685,0.09888660392954382,0.049031061843650615,0.0499999998420037,-2.0492469865283476e-06,-1.8149808543549315e-05,-0.00011614355953795029,-0.0004893407458439469,-6.299750054949982e-09,-2.7925329551124412e-09,-7.374017001445539e-08,-0.0005007594490500535
686,0.09893239319548558,0.04902335402818159,0.04999999980344364,-2.078476388454993e-06,-1.863824661443573e-05,-0.00011516704511750709,-0.0004909018753096461,-5.936687585972322e-09,-2.5468376114837124e-09,-9.328081934573682e-08,-0.0005025596465297064
687,0.09897527147001906,0.0490168764233143,0.049999999759944985,-2.10791841692631e-06,-1.910746791922843e-05,-0.00011422250161743364,-0.0004924085224047303,-5.653262302729445e-09,-2.5264980085790236e-09,-1.1496744503064429e-07,-0.0005043937981242165
688,0.09901533925163697,0.04901159220389929,0.049999999711488385,-2.1375914985323004e-06,-1.9557342906521574e-05,-0.0001133097862880416,-0.0004938555648550391,-5.363811617087322e-09,-2.7401291675734677e-09,-1.38754823261292e-07,-0.0005062620008805079
689,0.09905269750947486,0.04900746882407237,0.049999999658096476,-2.1675167846254414e-06,-1.998799150159939e-05,-0.00011242840208693062,-0.000495251442771405,-5.116882473288342e-09,-3.1960433704378126e-09,-1.6459763115940966e-07,-0.0005081643368475877
690,0.09908744099727554,0.04900447178261018,0.049999999599830834,-2.1977010069540104e-06,-2.039936462932963e-05,-0.00011157799180667491,-0.0004965916159562767,-4.862144020734149e-09,-3.9023652343964005e-09,-1.9245047746007303e-07,-0.0005101008604367415
691,0.09911966602874332,0.04900256866733224,0.04999999953678719,-2.2281607933625065e-06,-2.079152660462197e-05,-0.00011075811543316719,-0.0004978841752745211,-4.6372488071710904e-09,-4.8720051463095185e-09,-2.222679141678135e-07,-0.0005120716002287429
692,0.09914946578074524,0.049001715258740114,0.049999999469088674,-2.2589034279831113e-06,-2.1164452645409676e-05,-0.00010996855730188356,-0.000499113870318979,-4.456138125163989e-09,-6.101735419018165e-09,-2.540044586827736e-07,-0.0005140765429630204
693,0.09917693412969905,0.04900187820514988,0.049999999396880046,-2.2899495317314202e-06,-2.1518154165232263e-05,-0.0001092090476183746,-0.0005003090482205153,-4.253242646967692e-09,-7.605528372138634e-09,-2.8761459948666667e-07,-0.0005161156426482694
694,0.09920216335313525,0.049003009479320535,0.04999999932031898,-2.321314459386355e-06,-2.1852830578647902e-05,-0.00010847912222047113,-0.000501456786878407,-4.066051939588533e-09,-9.390946853265386e-09,-3.2305285391623194e-07,-0.000518188819772155
695,0.099225242071895,0.04900507581477904,0.049999999239574475,-2.3529993430828936e-06,-2.2168430752089493e-05,-0.0001077783645518233,-0.0005025655846111476,-3.952214111535568e-09,-1.1465624372864642e-08,-3.60273815728859e-07,-0.0005202959232603336
696,0.09924625862514676,0.04900803511922207,0.049999999154825496,-2.3850101243991553e-06,-2.246478528142026e-05,-0.00010710639540336645,-0.0005036285729147494,-3.78415299095991e-09,-1.3836843555997987e-08,-3.9923214695540204e-07,-0.0005224367423938454
697,0.09926530160267766,0.049011848548888994,0.049999999066255185,-2.417352878010828e-06,-2.274209285091996e-05,-0.00010646289208140535,-0.0005046529113315046,-3.6748877274561664e-09,-1.651171761189995e-08,-4.3988259221686095e-07,-0.0005246110209305811
698,0.09928245770400232,0.04901647486037088,0.049999998974045945,-2.450036245715891e-06,-2.30004152788795e-05,-0.00010584765821125894,-0.0005056445370428264,-3.550418625763996e-09,-1.9497521261953823e-08,-4.821800254340366e-07,-0.0005268184393559114
699,0.09929781261850681,0.04902186505574726,0.049999998878373614,-2.4830684329348184e-06,-2.3239763370477743e-05,-0.00010526015035110244,-0.0005066038575023413,-3.45738970786158e-09,-2.28010894652963e-08,-5.260794729631432e-07,-0.0005290586179285503
700,0.09931145007358178,0.04902798783559586,0.04999999877940773,-2.5164476312549767e-06,-2.3460172990088585e-05,-0.00010470005515987261,-0.0005075309309177101,-3.3596414539260877e-09,-2.6429397807031213e-08,-5.715361567625163e-07,-0.0005313311157686851
701,0.09932345291687035,0.04903480060501506,0.04999999867731242,-2.550173819001094e-06,-2.366177909838832e-05,-0.00010416698113532136,-0.0005084223230369389,-3.2577311959158806e-09,-3.0389236379225006e-08,-6.185055259558244e-07,-0.0005336354280153218
702,0.09933390290939162,0.049042265700200496,0.049999998572243465,-2.5842463845930864e-06,-2.384468042873609e-05,-0.00010366061224877167,-0.0005092841456644237,-3.1908500286448316e-09,-3.468792584753945e-08,-6.669432603249274e-07,-0.0005359709887323214
703,0.09934288124345059,0.04905034020442766,0.049999998464344934,-2.6186671786660527e-06,-2.400910881229163e-05,-0.00010318068129086582,-0.0005101248389109969,-3.134168480301014e-09,-3.9342644352727736e-08,-7.168052767567467e-07,-0.0005383371606197662
704,0.0993504678983215,0.04905898413759685,0.04999999835374547,-2.6534315648474167e-06,-2.4154963760650637e-05,-0.00010272678737353,-0.0005109342164359987,-3.117584412848373e-09,-4.4336796362856616e-08,-7.680477702581786e-07,-0.0005407332432684684
705,0.09935674061420201,0.04906816471137957,0.049999998240559146,-2.6885473963985393e-06,-2.4282625818167137e-05,-0.00010229867995392734,-0.0005117243272252381,-2.988369329770535e-09,-4.968415015242709e-08,-8.206272763632908e-07,-0.0005431584881728513
706,0.09936177576982703,0.04907784717876043,0.049999998124890026,-2.724002659273442e-06,-2.4392201557003136e-05,-0.00010189594241531001,-0.0005124942981638014,-2.9460751616028347e-09,-5.5394545057995834e-08,-8.745006866582543e-07,-0.0005456121021261669
707,0.09936564878270772,0.04908799028487995,0.049999998006830665,-2.7597926936681526e-06,-2.4484040563388495e-05,-0.00010151822087899783,-0.0005132463993504643,-2.939881449393056e-09,-6.147438223136407e-08,-9.296252666250595e-07,-0.0005480932196860922
708,0.09936843414450482,0.04909855990881258,0.04999999788645879,-2.7959101896613203e-06,-2.455811358237071e-05,-0.00010116533133609225,-0.000513977836817503,-2.918653096983803e-09,-6.792941695966592e-08,-9.85958652113536e-07,-0.000550600886521355
709,0.09937020563142372,0.0491095189541778,0.04999999776383474,-2.832353992943207e-06,-2.461464938519677e-05,-0.0001008366850368446,-0.0005146979237906635,-2.8936602003426515e-09,-7.476461163665823e-08,-1.0434588951324142e-06,-0.0005531340999446287
710,0.09937103370422394,0.04912083942359982,0.04999999763900666,-2.869108773057125e-06,-2.465395965165451e-05,-0.00010053212398494444,-0.0005153992096893489,-2.8846913746605196e-09,-8.19852361942374e-08,-1.1020845026459894e-06,-0.0005556918111287491
711,0.09937098915234586,0.04913248847784108,0.04999999751201337,-2.906168715061955e-06,-2.4676312451216978e-05,-0.00010025134681456045,-0.0005160797154530883,-2.8492121995071784e-09,-8.959643164622747e-08,-1.161794419962536e-06,-0.0005582729163227351
712,0.09937014038006359,0.04914443529348102,0.0499999973828813,-2.9435232891739987e-06,-2.4682008259175596e-05,-9.999402041267626e-05,-0.0005167613853700459,-2.8592817002959237e-09,-9.760260734066295e-08,-1.2225480833410845e-06,-0.000560876259976899
713,0.09936855451355131,0.049156650512205316,0.04999999725162265,-2.9811678309667025e-06,-2.4671308854401687e-05,-9.976003594959455e-05,-0.0005174254765734076,-2.8394941953280295e-09,-1.060075265214034e-07,-1.2843054018778295e-06,-0.0005635006361403861
714,0.09936629736104748,0.049169100281321286,0.04999999711823325,-3.019095132376809e-06,-2.464450030276814e-05,-9.954881048331011e-05,-0.000518086482770741,-2.8683504460502718e-09,-1.1481318280575556e-07,-1.3470268040670384e-06,-0.0005661447947954316
715,0.09936343313463761,0.04918176425024927,0.0499999969827011,-3.057288175520627e-06,-2.4602001081583593e-05,-9.936015759960124e-05,-0.0005187333445064723,-2.8474740343398253e-09,-1.2403969668050754e-07,-1.4106732585932734e-06,-0.0005688074393342045
716,0.09936002473021667,0.049194612765890586,0.04999999684500889,-3.0957274063384747e-06,-2.454404017520433e-05,-9.919380225441616e-05,-0.0005193698452785611,-2.9202567031205717e-09,-1.3366691054271137e-07,-1.4752062765383218e-06,-0.0005714872127359372
717,0.09935613332761283,0.04920762414862494,0.04999999670512804,-3.1344141256141102e-06,-2.447080858465579e-05,-9.904955697853323e-05,-0.0005200090236030519,-2.8880082769688897e-09,-1.4370441006365056e-07,-1.5405879412128233e-06,-0.0005741827317972253
718,0.09935181779742103,0.04922077016723196,0.04999999656301948,-3.173336202602816e-06,-2.4383075408141825e-05,-9.892724910290235e-05,-0.00052063720067963,-2.8624904668816953e-09,-1.5416030902365364e-07,-1.6067808715491683e-06,-0.0005768926081485842
719,0.09934713550149114,0.04923402372128298,0.04999999641863001,-3.2124875607545517e-06,-2.4281185912648137e-05,-9.882630269509796e-05,-0.0005212660180404782,-2.9457141170752266e-09,-1.6503814255112345e-07,-1.6737483043057953e-06,-0.0005796153952802902
720,0.09934214377904188,0.04924737030280055,0.049999996271903074,-3.2518367454954047e-06,-2.4165204329903817e-05,-9.874659824095036e-05,-0.000521892390679568,-2.962089018510028e-09,-1.7634093785734363e-07,-1.7414541308724054e-06,-0.000582349584534494
721,0.09933689691303745,0.04926078480516819,0.04999999612278197,-3.2913767717826835e-06,-2.4035643072274525e-05,-9.868785997068986e-05,-0.0005225180648267269,-2.99866198538723e-09,-1.8807087007504232e-07,-1.8098628559306758e-06,-0.0005850936436177424
722,0.09933144752457279,0.04927424959184201,0.04999999597120221,-3.331090972800845e-06,-2.3892893241567654e-05,-9.864989224746268e-05,-0.0005231381510384381,-3.00230484917563e-09,-2.00229078420943e-07,-1.8789396012935125e-06,-0.0005878460207503352
723,0.09932584684229237,0.04928774594914212,0.04999999581709448,-3.3709686142225984e-06,-2.373736957701049e-05,-9.863246692543358e-05,-0.0005237650475464761,-3.0585931565241253e-09,-2.128277117764823e-07,-1.9486500689081216e-06,-0.0005906051408558967
724,0.0993201443430312,0.049301253795785566,0.04999999566037833,-3.4109958108250566e-06,-2.356945162054026e-05,-9.863511806337691e-05,-0.0005243874620646238,-3.107366808308143e-09,-2.2586580657894398e-07,-2.0189606331558853e-06,-0.0005933693970343519
725,0.09931438837341762,0.049314764498585566,0.04999999550097288,-3.4511469381155985e-06,-2.338955226388886e-05,-9.865783655885305e-05,-0.0005250092945061624,-3.1610507544854727e-09,-2.393236654196803e-07,-2.089838338322651e-06,-0.000596137155117638
726,0.09930862522277249,0.0493282567003093,0.049999995338798515,-3.4914234978274887e-06,-2.319810138162864e-05,-9.870030384411053e-05,-0.000525645213201642,-3.131019665758572e-09,-2.532286526243525e-07,-2.161250904567551e-06,-0.0005989067876477583
727,0.09930289707184965,0.04934171402117854,0.04999999517376996,-3.531798232437804e-06,-2.2995749185480295e-05,-9.876242521839176e-05,-0.0005262705381028354,-3.1931459698597564e-09,-2.675502716594485e-07,-2.233166730343818e-06,-0.0006016766727923208
728,0.09929724755987338,0.049355127535877764,0.04999999500579813,-3.5722744449570237e-06,-2.2782926266029643e-05,-9.884398927724426e-05,-0.0005269096582196653,-3.235234746767901e-09,-2.823126067901187e-07,-2.3055548150028567e-06,-0.0006044451536949672
729,0.09929171761376542,0.049368475225081865,0.0499999948347889,-3.612825334994432e-06,-2.2559868271538552e-05,-9.894457502243267e-05,-0.0005275519797578454,-3.2608469258121886e-09,-2.9751441296091545e-07,-2.3783848942913586e-06,-0.0006072105563589514
730,0.09928634590798957,0.04938175047934371,0.04999999466065305,-3.6534270113786287e-06,-2.232709897837896e-05,-9.906399444288466e-05,-0.0005282036727294326,-3.3710976232725898e-09,-3.1315548861797546e-07,-2.4516274162592673e-06,-0.0006099711825685412
731,0.09928117127456232,0.049394942971822516,0.049999994483307074,-3.6940632395983526e-06,-2.2084848531455573e-05,-9.920204603172882e-05,-0.0005288554239086807,-3.3780196417865227e-09,-3.292417617453945e-07,-2.5252535289151185e-06,-0.0006127253115302335
732,0.09927622769987504,0.049408042270300954,0.04999999430266577,-3.7347166766073547e-06,-2.183365733370988e-05,-9.935858892042654e-05,-0.0005295097944326699,-3.419771577028996e-09,-3.4575863380162236e-07,-2.599235059832899e-06,-0.000615471240302534
733,0.09927154964598006,0.04942103948354863,0.04999999411864239,-3.775381535988072e-06,-2.1574150376020108e-05,-9.953351489924074e-05,-0.0005301749333739281,-3.4634808354638835e-09,-3.6271426417617534e-07,-2.6735444335046563e-06,-0.0006182072729414489
734,0.09926716834154557,0.04943392307511398,0.049999993931144605,-3.81604343922048e-06,-2.1306668645029077e-05,-9.972645395842013e-05,-0.0005308481049723923,-3.4780538449297183e-09,-3.801069477208705e-07,-2.748154809819015e-06,-0.0006209317202369882
735,0.09926311423353469,0.04944668646897043,0.049999993740086825,-3.856674482434472e-06,-2.1031673671134436e-05,-9.993724217804468e-05,-0.0005315275629982352,-3.5767084849425146e-09,-3.9793581962541806e-07,-2.8230400806379573e-06,-0.0006236428846077518
736,0.0992594163655728,0.04945932112366913,0.049999993545391384,-3.897262736290601e-06,-2.0749551693343493e-05,-0.00010016570979641662,-0.0005322154029272497,-3.592550701370101e-09,-4.1619836717527784e-07,-2.8981748239336763e-06,-0.0006263390630566425
737,0.09925610087852915,0.049471823369414754,0.049999993346979146,-3.937792151891172e-06,-2.0460747218623318e-05,-0.00010041168919151566,-0.0005329036503098905,-3.6391505364719023e-09,-4.348959006356988e-07,-2.973534296194753e-06,-0.0006290185670832801
738,0.09925319291055813,0.049484184596461096,0.049999993144775046,-3.9782450318047625e-06,-2.016570541747153e-05,-0.00010067508521455547,-0.000533607613760978,-3.683048532820976e-09,-4.5402558100192796e-07,-3.0490943910767677e-06,-0.0006316797172727104
739,0.0992507151960263,0.04949639834865089,0.049999992938701804,-4.018612510778144e-06,-1.9864860821172016e-05,-0.00010095563471325805,-0.0005343164084479213,-3.729011766040458e-09,-4.7355831978750803e-07,-3.1248317052853364e-06,-0.000634320853983903
740,0.0992486899166415,0.04950846263913477,0.049999992728684266,-4.058887772873061e-06,-1.955883783490309e-05,-0.00010125309725758483,-0.0005350380088202655,-3.713280793959939e-09,-4.935528536634411e-07,-3.20072359816804e-06,-0.0006369403363885658
741,0.0992471349856334,0.04952036844308584,0.04999999251466122,-4.099018593357164e-06,-1.9247801469681272e-05,-0.00010156724134763472,-0.0005357646732591093,-3.865817443937658e-09,-5.13979215776179e-07,-3.2767481247312325e-06,-0.0006395364977404497
742,0.09924607118318983,0.049532115602432446,0.04999999229657909,-4.139000060692113e-06,-1.8931964838341958e-05,-0.0001018979859510266,-0.0005364997196011245,-3.938749326692914e-09,-5.348143019090293e-07,-3.3528839283795278e-06,-0.0006421076465456757
743,0.0992455158320769,0.04954370256148161,0.04999999207438466,-4.178830277492482e-06,-1.8611945394252255e-05,-0.00010224541624304072,-0.0005372395971789956,-3.811191362501631e-09,-5.560701715707472e-07,-3.4291102730329346e-06,-0.0006446521739403119
744,0.09924547867375323,0.04955512390129593,0.04999999184801926,-4.218501066917136e-06,-1.8288435146870206e-05,-0.0001026091425612731,-0.0005379817448556423,-3.890172184384255e-09,-5.777350327948349e-07,-3.505407102418362e-06,-0.0006471685393720784
745,0.09924597504293436,0.04956637677773167,0.049999991617429775,-4.257989804601952e-06,-1.7961737069623624e-05,-0.00010298897490621951,-0.0005387530545704067,-3.970960005261759e-09,-5.998323025950473e-07,-3.5817550910223913e-06,-0.0006496551681582094
746,0.09924701646386386,0.04957745607514393,0.049999991382581634,-4.297260827019317e-06,-1.7632000225007238e-05,-0.00010338480745670576,-0.0005395180778577924,-4.036681655605889e-09,-6.223299255433045e-07,-3.6581355554195266e-06,-0.0006521104855798704
747,0.09924861305723837,0.04958836389311468,0.04999999114344271,-4.336321120947802e-06,-1.729970614440412e-05,-0.00010379658583049338,-0.0005402961396612227,-4.015597632189838e-09,-6.452355272813886e-07,-3.734530449286018e-06,-0.0006545329502067537
748,0.0992507718507434,0.04959909557378079,0.04999999089998616,-4.375145030428757e-06,-1.696534103611016e-05,-0.00010422425166122171,-0.000541074201464653,-4.044038881545475e-09,-6.685358905999255e-07,-3.8109223126159143e-06,-0.0006569210618424151
749,0.0992534987007012,0.049609649117902305,0.04999999065218367,-4.413737506858077e-06,-1.6629250155187285e-05,-0.00010466738515305406,-0.0005418683285824955,-4.096838424061389e-09,-6.922497101404303e-07,-3.887294311858884e-06,-0.0006592733393822357
750,0.0992567996438554,0.04962002495584286,0.049999990400016764,-4.452051456763844e-06,-1.6291640551099525e-05,-0.00010512596288791157,-0.000542675144970417,-4.154564248182169e-09,-7.163595844406125e-07,-3.963630346531503e-06,-0.0006615882978088227
751,0.09926067781474082,0.04963022405589798,0.04999999014348616,-4.4900845636484296e-06,-1.5952878192666667e-05,-0.00010559999594414159,-0.0005434826598502696,-4.176570644887079e-09,-7.408630695666508e-07,-4.039914908738433e-06,-0.0006638644737076496
752,0.09926513404776163,0.049640243188433374,0.04999998988258935,-4.5278268381457306e-06,-1.5613373677224635e-05,-0.0001060891411488679,-0.0005442934343591332,-4.160412014897474e-09,-7.657541545581209e-07,-4.1161330480099364e-06,-0.0006661004538244521
753,0.09927016899457798,0.04965008562607706,0.04999998961733162,-4.565260145755881e-06,-1.527357535423104e-05,-0.00010659370611001147,-0.00054512033239007,-4.206561765585093e-09,-7.910084124881808e-07,-4.192270336598951e-06,-0.0006682948768655827
754,0.09927577956403107,0.049659746097983695,0.049999989347714324,-4.60239851791642e-06,-1.4933832406856037e-05,-0.00010711297750525746,-0.0005459511885419488,-4.194018021763668e-09,-8.166693069874694e-07,-4.268313052465014e-06,-0.0006704463971984618
755,0.09928196427946784,0.04966922936216254,0.04999998907375788,-4.639173672379318e-06,-1.4594282807607778e-05,-0.00010764719909487405,-0.0005467915907502174,-4.287777244371682e-09,-8.427081772360496e-07,-4.344248103978569e-06,-0.0006725536748483022
756,0.09928871834507386,0.04967853299014757,0.04999998879549967,-4.675601862984365e-06,-1.42552526825449e-05,-0.00010819613022052474,-0.0005476332153193653,-4.317624924254915e-09,-8.69117729974351e-07,-4.420062893955869e-06,-0.0006746153671901563
757,0.09929603755859216,0.04968766198593358,0.049999988512976976,-4.71165869700598e-06,-1.3917037070489964e-05,-0.0001087597631441319,-0.0005484807770699263,-4.263902564360933e-09,-8.958934501597263e-07,-4.495745406581199e-06,-0.0006766302022391828
758,0.09930391133186448,0.04969661529134462,0.04999998822623311,-4.747347673309949e-06,-1.3580140117933597e-05,-0.00010933802255386023,-0.0005493363132700324,-4.3215115930195225e-09,-9.230313342420081e-07,-4.571284068176131e-06,-0.0006785969704922808
759,0.0993123326825354,0.04970539064735414,0.04999998793530846,-4.782650968911245e-06,-1.3244713291960406e-05,-0.00010993063688740674,-0.000550197612028569,-4.328736036285363e-09,-9.505266536646437e-07,-4.6466679059565965e-06,-0.0006805144638342849
760,0.0993212913126156,0.04971399283583877,0.04999998764025983,-4.8175494963334015e-06,-1.29110985845088e-05,-0.00011053764142839305,-0.0005510598421096802,-4.3199981369923535e-09,-9.783750815681877e-07,-4.7218865571195815e-06,-0.0006823815149095172
761,0.09933077527033722,0.04972242105718814,0.049999987341156786,-4.852033015142151e-06,-1.2579552864918904e-05,-0.00011115904576137417,-0.0005519292317330837,-4.356333516142286e-09,-1.0065733118375581e-06,-4.7969301380154774e-06,-0.000684196982219359
762,0.09934077129923542,0.049730676455087275,0.049999987038070626,-4.886092469378046e-06,-1.225032413836357e-05,-0.00011179446301175958,-0.0005528095061890781,-4.384625995612623e-09,-1.0351135097370633e-06,-4.87178931528889e-06,-0.0006859597573940076
763,0.09935126622045075,0.04973876178549275,0.049999986731083225,-4.919708842344601e-06,-1.1923654504401274e-05,-0.00011244420557778355,-0.0005536855314858258,-4.3673162863910875e-09,-1.0639940112521277e-06,-4.9464551726589395e-06,-0.0006876687721913988
764,0.09936224318260495,0.04974667480751982,0.0499999864202777,-4.952883856195729e-06,-1.1599842469374165e-05,-0.00011310772039017294,-0.0005545676103793085,-4.389094865331344e-09,-1.0932064774886248e-06,-5.02091929491697e-06,-0.0006893229793141767
765,0.09937368763821242,0.0497544236847727,0.049999986105752035,-4.985584765649051e-06,-1.1279043172084455e-05,-0.0001137853156411732,-0.0005554541130550206,-4.389587804354278e-09,-1.1227488040805e-06,-5.0951738190196045e-06,-0.0006909213633958914
766,0.09938557951462426,0.049762004269958464,0.04999998578761691,-5.0178167430748946e-06,-1.0961561517599969e-05,-0.00011447676343808137,-0.0005563465529121459,-4.4007877342266966e-09,-1.1526114251294345e-06,-5.169211324177779e-06,-0.0006924629557605454
767,0.09939790010112375,0.049769420407111443,0.04999998546598105,-5.049564177734478e-06,-1.064763329286876e-05,-0.00011518210451381378,-0.0005572359659709036,-4.3953383155326264e-09,-1.1827745325535876e-06,-5.243024864736235e-06,-0.0006939468291488206
768,0.09941062888446393,0.049776673383825534,0.04999998514096336,-5.080827870083849e-06,-1.033748656997646e-05,-0.00011590115666999858,-0.0005581294535659254,-4.372475270741916e-09,-1.2132815416783342e-06,-5.316607913769212e-06,-0.0006953720894710223
769,0.09942374370233789,0.04978376329816648,0.04999998481269058,-5.1115697205634766e-06,-1.0031262283714691e-05,-0.00011663371280488542,-0.0005590202636085451,-4.4587715741783995e-09,-1.244093481624227e-06,-5.3899543897138e-06,-0.000696737842329917
770,0.0994372243335807,0.04979069532891174,0.04999998448130308,-5.141789034782116e-06,-9.72908557936146e-06,-0.00011737980086388854,-0.0005599192809313536,-4.44316095027375e-09,-1.2752088864072692e-06,-5.46305866681625e-06,-0.0006980432012958457
771,0.09945104632300579,0.04979747253026861,0.049999984146950845,-5.171475785380104e-06,-9.431227323132972e-06,-0.00011813965221204818,-0.0005608045612461865,-4.346596860216323e-09,-1.3066221840619335e-06,-5.535915524643961e-06,-0.0006992873753070997
772,0.09946518167254527,0.04980409444071526,0.04999998380977873,-5.200637585823191e-06,-9.138031446911128e-06,-0.00011891282034297334,-0.0005616973503492773,-4.418141852369217e-09,-1.338326072903393e-06,-5.608520117375246e-06,-0.000700469631492353
773,0.09947960738887267,0.049810563985739104,0.04999998346994057,-5.229248288416269e-06,-8.849547302527247e-06,-0.00011969964878752596,-0.0005625950871035457,-4.405794395978546e-09,-1.3703196581682222e-06,-5.680867958137974e-06,-0.0007015892355305875
774,0.09949429500352552,0.04981688116684314,0.04999998312759747,-5.257310687389107e-06,-8.565917514946501e-06,-0.00012049959033428594,-0.0005634855479001999,-4.397839870051712e-09,-1.4025991566147173e-06,-5.752954982034101e-06,-0.0007026454868671929
775,0.09950921820922563,0.0498230511706629,0.04999998278292044,-5.284798174332864e-06,-8.287370945222024e-06,-0.00012131300267078346,-0.000564376765396446,-4.396014219310018e-09,-1.4351158923493698e-06,-5.824777517237079e-06,-0.0007036377349995455
776,0.09952434728861219,0.04982907377043788,0.049999982436091196,-5.311737095590994e-06,-8.014132001314962e-06,-0.00012213975698871748,-0.0005652690306305885,-4.347945559146638e-09,-1.467952269501351e-06,-5.896332317543508e-06,-0.0007045653640631002
777,0.09953965067982216,0.04983494872507499,0.04999998208729409,-5.3380701787934876e-06,-7.746190156987685e-06,-0.0001229795364501416,-0.0005661544855684042,-4.431615518996068e-09,-1.5010503971969376e-06,-5.967616518924722e-06,-0.0007054277634620027
778,0.09955510067410958,0.04984068145274979,0.04999998173672765,-5.363808830671308e-06,-7.483710250312048e-06,-0.0001238326393829336,-0.0005670471582561731,-4.429260513916233e-09,-1.534411311865047e-06,-6.0386274671016515e-06,-0.0007062243102274947
779,0.09957066557945993,0.04984627342337523,0.04999998138459318,-5.388945866405856e-06,-7.226863978926764e-06,-0.0001246988098151117,-0.0005679128807969391,-4.309514078926213e-09,-1.5680272215610192e-06,-6.1093628862856624e-06,-0.000706954476475715
780,0.09958631060437845,0.04985172869612842,0.049999981031094196,-5.413480848997948e-06,-6.975885335897877e-06,-0.00012557811772334593,-0.0005687905359081924,-4.360015015691943e-09,-1.6018953792596039e-06,-6.179820860738486e-06,-0.0007076178153774823
781,0.09960200373485492,0.04985704786883453,0.04999998067644255,-5.437400312246002e-06,-6.730821496220295e-06,-0.00012647066502710326,-0.0005696595762856305,-4.351356164278286e-09,-1.6360113123378192e-06,-6.249999775473814e-06,-0.000708213865569835
782,0.09961771047381979,0.04986223101351958,0.04999998032085157,-5.460702899735689e-06,-6.491814581269475e-06,-0.00012737616994410033,-0.0005705214571207762,-4.334702374819699e-09,-1.6703673181326093e-06,-6.319898304518325e-06,-0.0007087422062577944
783,0.09963339686312013,0.04986728249215585,0.04999997996454008,-5.483375924977168e-06,-6.258973382109791e-06,-0.00012829490594943983,-0.0005713817081414163,-4.333081449203746e-09,-1.7049718633204189e-06,-6.389515402466469e-06,-0.0007092024420592449
784,0.09964902673988818,0.04987220224541967,0.04999997960773065,-5.505413863805925e-06,-6.032376904359631e-06,-0.0001292264609743433,-0.0005722332280129194,-4.328803093756051e-09,-1.7397982275948237e-06,-6.458850307640706e-06,-0.0007095942089650506
785,0.09966456515281595,0.0498769950340156,0.049999979250653075,-5.526809877643865e-06,-5.812178206843543e-06,-0.00013017092941319943,-0.0005730747943744063,-4.2994456883604926e-09,-1.7748862207832763e-06,-6.52790263389273e-06,-0.0007099171617089862
786,0.09967997466928484,0.049881662953540296,0.049999978893555716,-5.547534048236426e-06,-5.5984003584664825e-06,-0.0001311286053453664,-0.0005739101325161755,-4.334021586060999e-09,-1.8101556814885062e-06,-6.59667213163e-06,-0.0007101709919855598
787,0.09969521810676682,0.04988620697488471,0.049999978536668654,-5.567637031981882e-06,-5.391226914705799e-06,-0.00013209931030201365,-0.0005747408140450716,-4.227465932871155e-09,-1.845629782376931e-06,-6.665158753607872e-06,-0.0007103554706075762
788,0.09971025682341086,0.04989062908443673,0.049999978180223045,-5.587086438147312e-06,-5.190782258992234e-06,-0.00013308388071356264,-0.0005755617166869342,-4.24625845596438e-09,-1.8811655860977385e-06,-6.733362534744172e-06,-0.0007104704744620259
789,0.09972505170686974,0.04989492612360968,0.04999997782443171,-5.605981741382654e-06,-4.9971650859903396e-06,-0.00013407928440150089,-0.0005764120141975582,-4.172608036867587e-09,-1.917496614882355e-06,-6.801284784889896e-06,-0.0007105157651341577
790,0.0997395613594122,0.04989909873738705,0.04999997746962433,-5.623834035729728e-06,-4.809852492966377e-06,-0.00013508803580417994,-0.0005771837313659489,-5.007273706780779e-09,-1.9534821302334404e-06,-6.868926238505734e-06,-0.0007104908320703172
791,0.09975376371347716,0.04990317774378664,0.049999977116071556,-5.641295812613424e-06,-4.6297451415592764e-06,-0.000136098135146577,-0.0005779913044534624,-3.6976934847388065e-09,-1.9934306972256184e-06,-6.9362915127924795e-06,-0.0007103944658527392
792,0.09976759505263988,0.049907159889002135,0.049999976764549176,-5.6559714316346716e-06,-4.455084492898002e-06,-0.00013705900548793335,-0.0005782834487035871,-1.236111302205245e-08,-2.032070811876876e-06,-7.0033678251526305e-06,-0.000710220506559189
793,0.09978130266189203,0.04991113070580316,0.049999976414596504,-5.6703921688655545e-06,-4.284706270554255e-06,-0.0001386822671735956,-0.0005184740875847638,-2.3400805730489083e-05,-2.0759927677237475e-06,-7.070149555279754e-06,-0.0007098076623026481
794,0.09979680268758268,0.049928763954187855,0.04999997616814723,-5.599652264517635e-06,-3.862729209346513e-06,-0.0001406895976023768,-0.0005149454227648675,-1.103701379179256e-05,-2.1189670370868e-06,-7.136620824797152e-06,-0.000708995281829133
795,0.0998114809725251,0.049955767340204765,0.04999997617227112,-5.499607390631905e-06,-3.387383018831941e-06,-0.00014261746350566359,-0.0005879425443708897,-1.3358090654946864e-05,-2.1646770749892738e-06,-7.202932917960347e-06,-0.0007079497539997144
796,0.09982170212367025,0.049971590518532796,0.0499999764030524,-5.457548592313661e-06,-2.8669214156835915e-06,-0.000144182006394496,-0.0006092384574003518,-1.0876526175707113e-05,-2.2068835553139563e-06,-7.26927960000077e-06,-0.0007068571815441617
797,0.0998314548108142,0.04997659134046259,0.04999997673408873,-5.454882846990089e-06,-2.6004811951596865e-06,-0.00014520375383063322,-0.0005776915932074189,-1.2168871762696654e-05,-2.2426407993609646e-06,-7.335418179526304e-06,-0.0007057342274245016
798,0.09984231743426582,0.04997748652028072,0.04999997704988521,-5.48923927879802e-06,-2.6111489421299448e-06,-0.0001462590346125869,-0.0005767151014879346,-4.363513550487141e-09,-2.2788796732568443e-06,-7.401102924166853e-06,-0.0007045820561712171
799,0.09985255910179339,0.04997810397315447,0.049999977297211146,-5.521320437737687e-06,-2.6150387594884712e-06,-0.0001473400674710228,-0.0005770762218162417,-1.606852961799632e-08,-2.3153617406042077e-06,-7.466348656625021e-06,-0.0007034039119072304
800,0.09986207971092563,0.04997862112310302,0.04999997748100554,-5.551992843843807e-06,-2.601226272831262e-06,-0.0001484360418381336,-0.0005782446824014187,-1.0842104103403472e-08,-2.353492860443959e-06,-7.5311706859548216e-06,-0.000702203882667439
801,0.09987085911938329,0.0499790518488567,0.049999977605075296,-5.580531812424166e-06,-2.5761565270642732e-06,-0.00014949093747643598,-0.0005795095930807292,-1.0766529889849608e-08,-2.413186497588625e-06,-7.595603213062392e-06,-0.0007009767642657277
802,0.09987892510742602,0.049979468945151984,0.04999997767537978,-5.598917295956695e-06,-2.5512244418353607e-06,-0.0001505841017174211,-0.0005787084228359163,-1.4687587679418357e-07,-2.447408489969655e-06,-7.659638616659517e-06,-0.000699710900585996
803,0.0998863862512718,0.049980221457224,0.049999977695304926,-5.624017772058375e-06,-2.5437356344036084e-06,-0.00015174266591189102,-0.0005781019572168589,-3.853471852721668e-08,-2.480251627230494e-06,-7.723248552205983e-06,-0.0006984104619584959
804,0.09989289947369172,0.04998092438797963,0.049999977666199034,-5.6493000130313565e-06,-2.522436349967522e-06,-0.00015294581416185277,-0.0005771989817731082,-1.5832729616249708e-07,-2.513638103490936e-06,-7.786434039636714e-06,-0.0006970968565617574
805,0.0998984334333194,0.04998129653478134,0.04999997758918854,-5.675940501052337e-06,-2.4530267678395963e-06,-0.00015411974114378025,-0.0005821105442009866,-1.4321743435630196e-07,-2.547569592034534e-06,-7.849204869705763e-06,-0.0006957682360767083
806,0.0999031302421359,0.049981560896491,0.04999997746806375,-5.697486687690031e-06,-2.4180190158256653e-06,-0.00015529758243786304,-0.0005838224897161126,-1.1436232405515057e-08,-2.5821203511103676e-06,-7.911590357475014e-06,-0.0006944060520275366
807,0.09990686768804259,0.04998179697332187,0.04999997730946773,-5.716443956028757e-06,-2.38979030089322e-06,-0.00015648299783444148,-0.0005849899025633931,-7.325636097732513e-09,-2.617309564877698e-06,-7.973601363990912e-06,-0.0006930046385696261
808,0.0999095920770843,0.049982037921765525,0.04999997711780725,-5.732995482020642e-06,-2.3665240651382583e-06,-0.00015767537253430632,-0.0005859078373759985,-6.336235980342053e-09,-2.6536136582723123e-06,-8.035247824281264e-06,-0.0006915596973845112
809,0.09991125770453331,0.04998230446781519,0.04999997689723543,-5.74699380327035e-06,-2.3488159632894424e-06,-0.0001588750352414988,-0.0005867219879291952,-6.04915451063448e-09,-2.6904710877275583e-06,-8.096538645343418e-06,-0.0006900677019025393
810,0.09991181912127334,0.049982610814988095,0.04999997665156908,-5.758835621220197e-06,-2.336766783911842e-06,-0.0001600917506350074,-0.0005873246118426323,-4.9346873254307866e-09,-2.7255224843948103e-06,-8.157478967644221e-06,-0.0006885267253508614
811,0.09991122711575506,0.049982965081053425,0.04999997638392631,-5.769814000440517e-06,-2.3292988894388727e-06,-0.000161324473612663,-0.0005879736854694784,-4.547219045747397e-09,-2.761348858698064e-06,-8.21807522905582e-06,-0.0006869370374607463
812,0.09990943864553015,0.04998332231768413,0.049999976097152676,-5.779092095491416e-06,-2.322613322029837e-06,-0.0001625672871113736,-0.0005888220039196312,-6.227246274193021e-09,-2.797556833878654e-06,-8.278337329353902e-06,-0.0006852988434532486
813,0.09990641045084751,0.049983682067890986,0.04999997579411231,-5.7866750130664064e-06,-2.319443514767687e-06,-0.00016381702062494302,-0.000589927367400378,-6.941154762074575e-09,-2.8340509936974623e-06,-8.338275919678289e-06,-0.000683609657212335
814,0.09990209164414103,0.04998407302259447,0.04999997547784626,-5.7922510368427845e-06,-2.3269318330929346e-06,-0.00016507869557820512,-0.0005905113648623228,-4.32424362983852e-09,-2.8707871454953956e-06,-8.397901894825103e-06,-0.0006818670932399464
815,0.09989644982654523,0.0499844986821226,0.0499999751512811,-5.796284571208586e-06,-2.339964808847795e-06,-0.0001663525724530304,-0.0005910712643526495,-4.270940046069427e-09,-2.907724445892836e-06,-8.457223949678228e-06,-0.0006800705818738096
816,0.09988944439066166,0.049984957453768415,0.04999997481688165,-5.798861446711754e-06,-2.358908968516621e-06,-0.0001676394103385312,-0.0005915979854762554,-4.174709911097807e-09,-2.944839877482496e-06,-8.516251332678424e-06,-0.0006782196762353524
817,0.09988103380224295,0.049985430548424026,0.04999997447691817,-5.8000707572759755e-06,-2.3838801239468945e-06,-0.00016893951305494803,-0.0005921059055253863,-4.147922005870441e-09,-2.982103545705794e-06,-8.574994224964053e-06,-0.0006763140986848909
818,0.09987117500943352,0.04998589336716508,0.049999974133417086,-5.799985461284509e-06,-2.414956551144336e-06,-0.00017025324332124869,-0.0005925879231654108,-4.071400994121177e-09,-3.0194818611703047e-06,-8.633463702195402e-06,-0.0006743536892157162
819,0.09985982970894852,0.04998634717166526,0.049999973788261806,-5.798670158353653e-06,-2.452314811973726e-06,-0.0001715801670940218,-0.0005930423503741622,-4.0332248651964164e-09,-3.056976511642346e-06,-8.691670558287308e-06,-0.0006723383851933237
820,0.09984695916560829,0.04998679427092541,0.04999997344324987,-5.796160662705642e-06,-2.496034830689715e-06,-0.00017292036105387987,-0.0005934742512181401,-4.024305777505788e-09,-3.094574356917817e-06,-8.74962550461094e-06,-0.0006702681993890542
821,0.09983252606962574,0.04998723553799341,0.04999997310008239,-5.7925108737485094e-06,-2.546274224364426e-06,-0.00017427386681113992,-0.0005938811809755862,-3.999724551562167e-09,-3.1322835245079593e-06,-8.807339025384686e-06,-0.0006681431916893419
822,0.09981649382301026,0.04998767215020367,0.049999972760352694,-5.787757907216737e-06,-2.6031757527829846e-06,-0.00017564059614993494,-0.0005942464340478182,-3.975278328738341e-09,-3.1700730872947427e-06,-8.864821476385923e-06,-0.0006659634846883794
823,0.09979882561788708,0.049988105684447295,0.04999997242555107,-5.781956727525765e-06,-2.666793204858016e-06,-0.00017702083454200935,-0.0005945959710516036,-3.959674810261049e-09,-3.207945682197164e-06,-8.922083052139068e-06,-0.0006637292885539299
824,0.09977948682448312,0.04998853576643438,0.049999972097051704,-5.7751561802125765e-06,-2.737123307808865e-06,-0.00017841427950269698,-0.0005949152982793748,-3.978236406965152e-09,-3.2459024094507074e-06,-8.979133851944519e-06,-0.000661440887104448
825,0.09975844168202513,0.04998896279947651,0.04999997177612248,-5.767383973224317e-06,-2.814196283260879e-06,-0.00017982094192539003,-0.0005952260107733309,-3.967259409876078e-09,-3.283961550899261e-06,-9.03598396497689e-06,-0.0006590985944298715
826,0.09973565591333543,0.049989386507650335,0.04999997146394496,-5.7586599906082115e-06,-2.898166639931992e-06,-0.0001812407839413618,-0.0005955011583864689,-3.989281793792543e-09,-3.322142257001685e-06,-9.092643303547133e-06,-0.0006567027339074012
827,0.09971109631252802,0.04998980752917799,0.0499999711616015,-5.749009411666764e-06,-2.9891407600314287e-06,-0.0001826737120078177,-0.0005957558169029653,-3.962720374062201e-09,-3.3604046861801583e-06,-9.149121587244093e-06,-0.0006542536592114056
828,0.09968472856671945,0.04999022655505378,0.04999997087007297,-5.738477483070353e-06,-3.0871707800678886e-06,-0.00018412011162836602,-0.0005959760746918619,-3.9673300200604444e-09,-3.3987541688813456e-06,-9.20542834222223e-06,-0.000651751806107684
829,0.09965652250415154,0.04999064279915951,0.04999997059023212,-5.727107384871467e-06,-3.19210292886497e-06,-0.00018557977918820808,-0.0005961655406281352,-3.9901446591272816e-09,-3.4371912178962664e-06,-9.261572903695978e-06,-0.0006491977087713559
830,0.09962644639422173,0.04999105560607247,0.04999997032285691,-5.714917157956071e-06,-3.3038312670407034e-06,-0.0001870526982577912,-0.0005963449948467314,-4.020459964948486e-09,-3.4757171409202593e-06,-9.317564492218459e-06,-0.0006465919202634181
831,0.09959446858554974,0.049991464193702706,0.04999997006865178,-5.701925987375076e-06,-3.422561027842271e-06,-0.00018853895461693281,-0.0005965042510069907,-4.004883535912995e-09,-3.5143356056929863e-06,-9.373412175694742e-06,-0.0006439349998169084
832,0.0995605598218487,0.0499918680979754,0.0499999698282331,-5.688160314616849e-06,-3.5482452490435797e-06,-0.000190038326415739,-0.0005966394674032927,-4.053876789811284e-09,-3.5530440925237073e-06,-9.429124876126686e-06,-0.0006412275427817277
833,0.09952468977695735,0.049992267039816025,0.04999996960214143,-5.673633351469162e-06,-3.6809239379626907e-06,-0.00019155094058230358,-0.000596763042267412,-4.062133740490026e-09,-3.591845409144298e-06,-9.484711296880873e-06,-0.000638470166431231
834,0.09948683068994997,0.04999266016355372,0.0499999693908462,-5.658366940092279e-06,-3.8206017429783765e-06,-0.00019307657500217053,-0.0005968545447103679,-4.083364313345328e-09,-3.6307384365007416e-06,-9.54018002217813e-06,-0.0006356635226508339
835,0.0994469540245864,0.04999304727231724,0.049999969194754086,-5.642370578359648e-06,-3.967241647220557e-06,-0.00019461527317258723,-0.0005969283520244062,-4.122175933929384e-09,-3.669723682073507e-06,-9.595539495095974e-06,-0.0006328082914169678
836,0.09940503317348502,0.049993427846945326,0.04999996901421244,-5.625662936375319e-06,-4.1208653900701265e-06,-0.0001961671271345094,-0.0005969785270281136,-4.107609807846302e-09,-3.708804047481955e-06,-9.650797912348614e-06,-0.0006299051774275323
837,0.09936104303472623,0.04999380117697376,0.04999996884950386,-5.608258107218115e-06,-4.281439546317636e-06,-0.0001977318555444416,-0.0005970082711428404,-4.159082855892393e-09,-3.7479762994225886e-06,-9.705963297280128e-06,-0.0006269549173672915
838,0.09931495750422334,0.049994167051308505,0.04999996870085685,-5.590168221711391e-06,-4.448929488606181e-06,-0.00019930964472942818,-0.0005970135098323226,-4.18266843382753e-09,-3.787243131271239e-06,-9.761043415927073e-06,-0.0006239582711251021
839,0.09926675346199688,0.049994524867385766,0.04999996856844536,-5.571407099540305e-06,-4.623338660209362e-06,-0.00020090019301313963,-0.000597003847360611,-4.206535120232502e-09,-3.826602817881556e-06,-9.816045921710796e-06,-0.0006209160245961549
840,0.09921640636472923,0.04999487422074874,0.049999968452404175,-5.551978788884665e-06,-4.804601537432588e-06,-0.00020250356898402893,-0.0005969610647298396,-4.24169854795764e-09,-3.866055657521331e-06,-9.870978342822962e-06,-0.0006178289908828668
841,0.09916389465662366,0.0499952148545143,0.04999996835282801,-5.531897817655392e-06,-4.992702267278629e-06,-0.00020411977518984905,-0.000596908968873322,-4.263031261331207e-09,-3.905602891037698e-06,-9.92584791742683e-06,-0.000614698007476903
842,0.09910919751118642,0.04999554627374922,0.049999968269760275,-5.5111761457975815e-06,-5.1875778923107255e-06,-0.00020574854718519495,-0.0005968338227830827,-4.282217691553569e-09,-3.945242137119561e-06,-9.980661772252878e-06,-0.0006115239309736183
843,0.0990522932471588,0.049995868144158385,0.0499999682032107,-5.489817091480469e-06,-5.389230488316428e-06,-0.00020738999833163973,-0.0005967400502413511,-4.3282053496795925e-09,-3.984974019318487e-06,-1.0035426792456614e-05,-0.0006083076307968465
844,0.09899316350865255,0.04999617999603407,0.049999968153155265,-5.467832846467836e-06,-5.597633537468433e-06,-0.000209043835869498,-0.0005966266035102308,-4.351607074681851e-09,-4.024797181667665e-06,-1.0090149711438806e-05,-0.0006050500016990964
845,0.09893178877575672,0.0499964817436374,0.04999996811953994,-5.445226240662434e-06,-5.812697782508286e-06,-0.00021071007717490204,-0.0005964887677691877,-4.383433171994966e-09,-4.064710758724368e-06,-1.0144837143194587e-05,-0.0006017519661784504
846,0.09886815256363765,0.049996772906464405,0.04999996810228541,-5.42200764428711e-06,-6.0343614672287695e-06,-0.00021238872053982614,-0.0005963380099274218,-4.410035892021824e-09,-4.104716045959457e-06,-1.0199495439227269e-05,-0.0005984144635525824
847,0.09880223883736826,0.04999705317720698,0.04999996810127746,-5.398185813659949e-06,-6.2625995249716725e-06,-0.00021407952882478065,-0.0005961635033600032,-4.441209622285669e-09,-4.144801651337264e-06,-1.0254130824761506e-05,-0.0005950384532420807
848,0.09873403130378035,0.0499973224850598,0.04999996811637816,-5.3737686341869965e-06,-6.4973133277209235e-06,-0.0002157825305300422,-0.0005959768313914537,-4.47283987625724e-09,-4.184986154300946e-06,-1.0308749320898668e-05,-0.00059162491901199
849,0.09866351782107495,0.04999758031564694,0.04999996814742769,-5.34875744020768e-06,-6.738440281630862e-06,-0.00021749736373880905,-0.0005957682151347399,-4.523755148255759e-09,-4.22525631302416e-06,-1.0363356794179151e-05,-0.0005881748470258519
850,0.09859068214810693,0.04999782666709601,0.049999968194250864,-5.32315395152472e-06,-6.9860374777710465e-06,-0.0002192240553066043,-0.0005955399828962982,-4.520922303186126e-09,-4.265612999794391e-06,-1.0417958976787488e-05,-0.0005846892276679202
851,0.09851551345890108,0.04999806129223943,0.04999996825666116,-5.296966352976401e-06,-7.240011765484361e-06,-0.00022096259732849933,-0.0005952953943051398,-4.588799562554868e-09,-4.306055687587791e-06,-1.047256132258252e-05,-0.0005811690879098927
852,0.09843800260484865,0.049998283813242,0.04999996833444361,-5.270207109098849e-06,-7.500172916885527e-06,-0.0002227126343019922,-0.0005950357881374657,-4.585601232065528e-09,-4.346581051737278e-06,-1.0527169128665565e-05,-0.0005776154866662463
853,0.09835813833656173,0.049998494133631666,0.04999996842736246,-5.2428793123798025e-06,-7.766449028890828e-06,-0.00022447434611226592,-0.0005947505705989897,-4.632741745780322e-09,-4.3871903287327e-06,-1.0581787501649529e-05,-0.0005740294837871659
854,0.09827591341925124,0.04999869182823838,0.04999996853517385,-5.214987017262354e-06,-8.03885612743844e-06,-0.00022624724569971752,-0.0005944591830484569,-4.6575818757332854e-09,-4.42787917296854e-06,-1.0636421401262697e-05,-0.0005704121557151413
855,0.098191318743214,0.04999887691122737,0.049999968657623746,-5.18653571994856e-06,-8.317212638572854e-06,-0.00022803135501630684,-0.0005941432318650186,-4.69029570737689e-09,-4.468646310299112e-06,-1.0691075658017447e-05,-0.0005667645980733801
856,0.09810434876820397,0.04999904892576453,0.04999996879444544,-5.157531337299755e-06,-8.601500774787832e-06,-0.00022982669988361269,-0.000593820121139288,-4.70984451439449e-09,-4.509466729276019e-06,-1.0745754819682882e-05,-0.0005630879235905452
857,0.0980149984252906,0.049999207582386934,0.04999996894534797,-5.127999532464968e-06,-8.891523249146341e-06,-0.00023163271833886312,-0.0005934880464337766,-4.766696815039495e-09,-4.550390288373599e-06,-1.0800463367800239e-05,-0.0005593832642704809
858,0.09792326446864792,0.04999935263070139,0.04999996911003859,-5.097907710026866e-06,-9.187284915743198e-06,-0.00023344942327580681,-0.000593141361605376,-4.779747708738569e-09,-4.591385667929277e-06,-1.085520557388918e-05,-0.000555651743991312
859,0.09782914263037533,0.04999948386576991,0.04999996928822345,-5.067279838007709e-06,-9.488783786980544e-06,-0.0002352764616226067,-0.0005927714519202709,-4.766807393252748e-09,-4.632452071928346e-06,-1.0909985514155981e-05,-0.0005518944700174336
860,0.09773262860409958,0.04999960111103401,0.049999969479601225,-5.036112795179288e-06,-9.796057046340307e-06,-0.00023711388225531555,-0.0005923725548200309,-4.846933077118365e-09,-4.673601587546633e-06,-1.096480709267327e-05,-0.0005481125879421097
861,0.09763372805565225,0.04999970406836506,0.04999996968386275,-5.004417831165295e-06,-1.010864951949438e-05,-0.00023896161562443385,-0.0005919790710322559,-4.825305932598667e-09,-4.7147917530651e-06,-1.1019673916928426e-05,-0.0005443072964682157
862,0.09753243905166185,0.04999979231880938,0.04999996990067003,-4.97222617348205e-06,-1.0426436897947707e-05,-0.00024081930955225148,-0.000591565272770822,-4.891111071714249e-09,-4.756046197986988e-06,-1.1074589503942137e-05,-0.0005404797998826062
863,0.09742876410575269,0.049999865479080224,0.0499999701296804,-4.939524057577827e-06,-1.074938156322702e-05,-0.00024268687308717869,-0.000591146235819906,-4.917134255322253e-09,-4.7973613598173285e-06,-1.1129557161998929e-05,-0.0005366313202534556
864,0.09732270836484327,0.049999923159722286,0.04999997037054954,-4.906323488635811e-06,-1.1077265041532754e-05,-0.000244563705265729,-0.0005907344166189432,-4.897512173585028e-09,-4.838731268951287e-06,-1.1184580126152478e-05,-0.00053276305958486
865,0.09721426943693229,0.04999996506818745,0.049999970622932544,-4.8726190028499e-06,-1.1410349478875265e-05,-0.0002464498358074175,-0.0005902922130189836,-4.93076646179702e-09,-4.880152992151001e-06,-1.1239661514991658e-05,-0.0005288762117018745
866,0.09710345685639578,0.049999990806448874,0.04999997088648789,-4.838422347132912e-06,-1.1748289463960502e-05,-0.0002483450924679002,-0.0005898436647839844,-4.939279207860636e-09,-4.921624117939774e-06,-1.129480408881898e-05,-0.0005249720010229253
867,0.09699027756888637,0.04999999998291524,0.04999997116086315,-4.803742178051871e-06,-1.209098793988116e-05,-0.00025024883124151036,-0.0005893920315429568,-4.976134171386093e-09,-4.963183120527937e-06,-1.1350010560296898e-05,-0.000521051650750311
868,0.09687473957356692,0.049999992167533314,0.049999971445706864,-4.768558026941529e-06,-1.2438452980410938e-05,-0.00025216116302089587,-0.0005889131571166217,-4.959667343484853e-09,-5.004763287631679e-06,-1.1405283347182699e-05,-0.0005171163687954254
869,0.09675684774721487,0.049999966846314636,0.04999997174065851,-4.732912593847247e-06,-1.2790644104616141e-05,-0.0002540818521693259,-0.0005884240963496268,-4.9498907195300035e-09,-5.04638383565891e-06,-1.146062461585627e-05,-0.0005131673935282701
870,0.09663661707601207,0.049999923466368834,0.04999997204534909,-4.696805554682256e-06,-1.3147045747343794e-05,-0.0002560107415583299,-0.0005879283999092877,-5.038347961061618e-09,-5.088029291006589e-06,-1.151603645395532e-05,-0.0005092060400375828
871,0.0965140620960937,0.04999986153195342,0.04999997235939278,-4.66026327861355e-06,-1.3507241369361724e-05,-0.00025794775749255676,-0.0005874383496120572,-4.9758779319120094e-09,-5.129657795871881e-06,-1.1571520636454526e-05,-0.0005052336358757907
872,0.09638919008535547,0.049999780630334355,0.04999997268238689,-4.623306986309586e-06,-1.387129888042593e-05,-0.00025989220576597415,-0.0005869583110325038,-5.056058238750438e-09,-5.171316797587886e-06,-1.1627078909634952e-05,-0.0005012514934055756
873,0.09626201714153027,0.04999968039263513,0.04999997301394228,-4.58591214418369e-06,-1.4239130365363362e-05,-0.0002618437259941982,-0.0005864869453944266,-5.0398800688356005e-09,-5.212994554106473e-06,-1.1682712881850596e-05,-0.0004972609034020565
874,0.0961325539775101,0.04999956047519635,0.049999973353679755,-4.548082470925455e-06,-1.4610946430546175e-05,-0.0002638017724158885,-0.0005860041710548103,-4.984093138205026e-09,-5.254684063903924e-06,-1.1738424023566064e-05,-0.0004932630860443139
875,0.09600080954063629,0.04999942014743332,0.04999997370123234,-4.509815320725444e-06,-1.498701100806591e-05,-0.00026576631215260527,-0.0005855093477293849,-4.994458624452136e-09,-5.296380652572283e-06,-1.1794213687878528e-05,-0.0004892592798465639
876,0.09586680886656769,0.04999925879385061,0.04999997405623119,-4.471132564353918e-06,-1.536656383527465e-05,-0.00026773737178325386,-0.0005850086454302073,-4.995242885996731e-09,-5.338082512924e-06,-1.185008293589248e-05,-0.00048525078891795625
877,0.09573057324739387,0.04999907594815476,0.04999997441828807,-4.432048836171998e-06,-1.5749416739497404e-05,-0.00026971392623941496,-0.0005845074192620814,-4.9790589429221654e-09,-5.379773214946545e-06,-1.1906032654740817e-05,-0.00048123890758224486
878,0.09559211354477547,0.049998870819647524,0.049999974787010605,-4.39256715677694e-06,-1.6135628523342188e-05,-0.00027169635213954765,-0.0005840005469508469,-4.982872336967148e-09,-5.421455244413969e-06,-1.1962063496084264e-05,-0.0004772249302649614
879,0.09545145758216812,0.04999864301804587,0.04999997516200904,-4.352700532492378e-06,-1.6524881138982717e-05,-0.00027368355876501314,-0.0005835010670125484,-4.957310562048178e-09,-5.46311288419817e-06,-1.2018175994417638e-05,-0.0004732101677314969
880,0.09530861952827312,0.049998391790680774,0.04999997554288835,-4.3124586686471495e-06,-1.6917030353700264e-05,-0.0002756758047714243,-0.000582994194701314,-4.927269703358661e-09,-5.504747248635939e-06,-1.207437058677708e-05,-0.00046919593438695415
881,0.0951636275142491,0.049998116511468106,0.04999997592925063,-4.271852416640108e-06,-1.731184313801211e-05,-0.000277672395765394,-0.0005825052503496408,-4.9079096342552475e-09,-5.546345926932131e-06,-1.2130647434941289e-05,-0.00046518354302260354
882,0.09501650082054883,0.049997816501532046,0.049999976320695444,-4.23089219868884e-06,-1.7709274314186786e-05,-0.00027967298454783547,-0.0005820011137984693,-4.8898276538977825e-09,-5.587906107810819e-06,-1.2187006547094705e-05,-0.0004611743039223902
883,0.09486726432890402,0.04999749115755129,0.04999997671682338,-4.1895836544399446e-06,-1.8109120390563386e-05,-0.0002816772040315913,-0.0005815103650093079,-4.855321034114013e-09,-5.629415627290724e-06,-1.2243447764220088e-05,-0.000457169527621996
884,0.09471594245239717,0.04999713974935571,0.049999977117238144,-4.147940002227627e-06,-1.8511236927882356e-05,-0.00028368459135896866,-0.0005810221773572266,-4.815598586560554e-09,-5.6708667264122645e-06,-1.2299970807284692e-05,-0.0004531705180185174
885,0.09456255964311033,0.0499967615940982,0.04999997752154519,-4.105968804623067e-06,-1.891549695644854e-05,-0.0002856947962457954,-0.0005805401597172022,-4.786331775363806e-09,-5.712250374535936e-06,-1.2356575284488485e-05,-0.00044917859079676866
886,0.09440714536155993,0.049996356052944675,0.049999977929348384,-4.063686056489038e-06,-1.932153135018423e-05,-0.0002877076433732706,-0.0005800701328553259,-4.737097381024569e-09,-5.753559813727035e-06,-1.2413260542715074e-05,-0.00044519507306083967
887,0.09424972897805671,0.04999592268494521,0.04999997834024816,-4.0211024495067665e-06,-1.9729212060128694e-05,-0.0002897220386391416,-0.0005796038312837481,-4.6908548156920915e-09,-5.794779737857477e-06,-1.247002578560278e-05,-0.0004412212764908324
888,0.09409033163212212,0.04999546051084365,0.04999997875384605,-3.978226142505685e-06,-2.0138483703117395e-05,-0.0002917381001805591,-0.0005791440489701927,-4.6467385494963764e-09,-5.835927720869046e-06,-1.252687007957373e-05,-0.00043725850475640355
889,0.09392899144963186,0.0499949691402394,0.049999979169750026,-3.935057194851137e-06,-2.054912300939692e-05,-0.00029375491130721374,-0.0005786963156424463,-4.608386561244515e-09,-5.87694671491476e-06,-1.2583792344842715e-05,-0.00043330804613677797
890,0.09376572513321785,0.049994447151041115,0.049999979587569014,-3.891626871476166e-06,-2.096116635962743e-05,-0.00029577232689002533,-0.0005782525986433029,-4.531880204439176e-09,-5.917888968319985e-06,-1.2640791388001264e-05,-0.0004293711918513468
891,0.09360057860659114,0.04999389443369784,0.04999998000691778,-3.847917311457578e-06,-2.1374154824352912e-05,-0.00029779005921901227,-0.0005778154009021819,-4.480941395712534e-09,-5.958670834092721e-06,-1.2697865719947134e-05,-0.00042544925741477575
892,0.0934335756387074,0.04999331025426528,0.04999998042740118,-3.8039887782136116e-06,-2.178768558195045e-05,-0.00029980736295098716,-0.0005774098099209368,-4.4134851329147295e-09,-5.999325450532973e-06,-1.2755013845001813e-05,-0.0004215435420126528
893,0.09326474816125564,0.049992694277107314,0.04999998084862821,-3.7598167269166107e-06,-2.2201977706084373e-05,-0.0003018237922809682,-0.0005770071293227375,-4.4006887023329e-09,-6.039834529887076e-06,-1.2812234118336241e-05,-0.00041765535618872544
894,0.09309413607718378,0.04999204655856613,0.04999998127021507,-3.7154278803023297e-06,-2.261633446044356e-05,-0.0003038385190207316,-0.0005766428075730801,-4.2703311997627225e-09,-6.080182168087097e-06,-1.286952471711549e-05,-0.000413785979884871
895,0.09292175804559104,0.0499913659083621,0.04999998169178383,-3.6708175858804063e-06,-2.3031461436667176e-05,-0.00030585131993328624,-0.0005762758082710207,-4.219736116084505e-09,-6.120350468922688e-06,-1.2926883828092774e-05,-0.0004099366522346269
896,0.09274765551054268,0.04999065218186985,0.04999998211296739,-3.6260122102771794e-06,-2.3446658845035385e-05,-0.00030786167895014473,-0.0005759353516623378,-4.146096355128748e-09,-6.1603702304663595e-06,-1.2984309382814159e-05,-0.00040610863974492026
897,0.09257187000263072,0.04998990542695442,0.049999982533402404,-3.5809977276245767e-06,-2.386184970761214e-05,-0.0003098684995662091,-0.0005756019963882864,-4.0574348325606024e-09,-6.2001919198020635e-06,-1.3041799216461428e-05,-0.0004023031786733139
898,0.09239442308885164,0.04998912366707999,0.04999998295273112,-3.5358020576965468e-06,-2.4277057284579276e-05,-0.0003118720334338097,-0.0005752749857492745,-3.956643013225403e-09,-6.239816899899298e-06,-1.3099351003751666e-05,-0.00039852148121428304
899,0.09221535955510457,0.04998830660948766,0.04999998337060294,-3.4904333986479305e-06,-2.4691978513485582e-05,-0.0003138711690199886,-0.0005749671836383641,-3.9268739371323136e-09,-6.279224866114881e-06,-1.3156962294609549e-05,-0.00039476479444491044
900,0.09203471617107573,0.04998745371700813,0.049999983786664697,-3.444917232885836e-06,-2.5105958524155147e-05,-0.0003158655200252355,-0.0005746944225393236,-3.79763021030044e-09,-6.318405398523268e-06,-1.321463059235496e-05,-0.00039103437040695783
901,0.09185252722213588,0.04998656514615958,0.04999998420056222,-3.3992578774277205e-06,-2.5519121220875877e-05,-0.00031785486542321146,-0.0005744354566559196,-3.7235630134802022e-09,-6.357353296825262e-06,-1.327235326465046e-05,-0.0003873314290621492
902,0.09166883540160757,0.049985641169506774,0.04999998461195997,-3.3534659678184855e-06,-2.5931202657985208e-05,-0.0003198379760654912,-0.0005741992499679327,-3.631640099754918e-09,-6.396045468812618e-06,-1.3330127547236468e-05,-0.00038365717607478575
903,0.09148366931702077,0.049984680819984376,0.04999998502052798,-3.3075541562498167e-06,-2.6342195914143926e-05,-0.00032181483009882477,-0.0005739882471971214,-3.5435370193681592e-09,-6.434475826186855e-06,-1.3387950590678715e-05,-0.00038001279701234923
904,0.0912970729186191,0.049983683947952356,0.04999998542594333,-3.2615346892380035e-06,-2.675188852725345e-05,-0.00032378433459736883,-0.0005737995379604399,-3.4277132243687447e-09,-6.472557569354194e-06,-1.3445818886632844e-05,-0.00037639947179302384
905,0.09110908039130343,0.04998265135623159,0.04999998582788863,-3.2154191792746538e-06,-2.7159934724262196e-05,-0.00032574621813942825,-0.0005736465100198984,-3.3637348462178807e-09,-6.5097222537267905e-06,-1.3503723925209108e-05,-0.0003728183583421239
906,0.09091972834502984,0.04998158565592216,0.04999998622603402,-3.1692126536495186e-06,-2.756640085834375e-05,-0.0003277001723167142,-0.000573506229557097,-3.2510143466168984e-09,-6.546172677721322e-06,-1.3561656707550875e-05,-0.0003692705921708472
907,0.09072905991191349,0.04998048852440483,0.049999986620060256,-3.1229246593298376e-06,-2.7971071955700093e-05,-0.0003296448360905509,-0.000573403958696872,-3.158488359744638e-09,-6.581953572912794e-06,-1.3619607741419384e-05,-0.00036575729989116396
908,0.09053710860343267,0.04997935931121688,0.04999998700966754,-3.0765697972900414e-06,-2.8373683436686e-05,-0.000331580272443897,-0.000573323923163116,-3.066389808736858e-09,-6.617145570731096e-06,-1.3677570189441733e-05,-0.0003622795945119304
909,0.09034391910413975,0.049978199285953456,0.049999987394580725,-3.030154241939572e-06,-2.8774271105948854e-05,-0.0003335051946349944,-0.0005732729332521558,-2.9423712355480802e-09,-6.6518084345889804e-06,-1.373553866327028e-05,-0.00035883857314384705
910,0.0901495255681889,0.049977007556032016,0.04999998777454538,-2.9836986290105184e-06,-2.9172430033961146e-05,-0.0003354192328123002,-0.000573248544242233,-2.8578550637092803e-09,-6.685973156065588e-06,-1.3793508851431838e-05,-0.0003554353227758768
911,0.08995396976560036,0.049975784904147946,0.0499999881493174,-2.937213122883761e-06,-2.9568124448988175e-05,-0.0003373220322624124,-0.000573258672375232,-2.7571278593541138e-09,-6.719663001262623e-06,-1.3851476916749373e-05,-0.00035207091942959394
912,0.08975729709060667,0.04997453249488808,0.049999988518668964,-2.890712080355265e-06,-2.9960999942101795e-05,-0.0003392123566430633,-0.0005733005236834288,-2.6777657868848337e-09,-6.752880891128732e-06,-1.3909439510693207e-05,-0.00034874642257569084
913,0.08955953844013734,0.049973249732338174,0.04999998888238259,-2.8442064915873214e-06,-3.0351139767740033e-05,-0.00034109005925687724,-0.0005733738071285188,-2.5594715236110233e-09,-6.785635996130135e-06,-1.3967393572085938e-05,-0.0003454628648420152
914,0.08936074009650002,0.049971938439995534,0.04999998924025453,-2.797707134912526e-06,-3.073830290591725e-05,-0.0003429539424994078,-0.0005734810256399214,-2.4841659840291186e-09,-6.81792467233731e-06,-1.4025336323180582e-05,-0.00034222125862602807
915,0.08916093478777587,0.04997059773648303,0.04999998959209018,-2.7512288649311252e-06,-3.112242589169823e-05,-0.0003448036128157754,-0.000573624565731734,-2.369547447145237e-09,-6.8497440580119815e-06,-1.4083265252244488e-05,-0.00033902259862991937
916,0.08896016650792235,0.04996922940360195,0.04999998993770165,-2.704783583459887e-06,-3.1503231035170846e-05,-0.00034663870022391533,-0.0005738033796660602,-2.3061339504693024e-09,-6.881090369963554e-06,-1.4141177830278517e-05,-0.0003358678576361106
917,0.08875847646306875,0.0499678340488368,0.04999999027691812,-2.658379638212991e-06,-3.188076967765022e-05,-0.00034845797920556514,-0.0005740175256505609,-2.201143489699575e-09,-6.911949929598004e-06,-1.419907165536325e-05,-0.00033275798813449
918,0.08855589963309765,0.04996641199074172,0.049999990609576855,-2.612033746911388e-06,-3.2254698846415714e-05,-0.00035026131991317813,-0.0005742709035985172,-2.116187003409209e-09,-6.942317399874139e-06,-1.425694438500686e-05,-0.00032969392780830673
919,0.08835248143256706,0.04996496563415481,0.04999999093552474,-2.565754537935137e-06,-3.26249165074331e-05,-0.0003520475213141267,-0.0005745649104937911,-2.039460378355784e-09,-6.972177805480456e-06,-1.4314793743090778e-05,-0.000326676591919145
920,0.0881482545912174,0.04996349504775111,0.049999991254619125,-2.5195574118459714e-06,-3.299128735461626e-05,-0.0003538164630620202,-0.0005748934927396476,-1.969656215905502e-09,-7.002000039175472e-06,-1.4372622640649423e-05,-0.0003237068826328201
921,0.08794325782650425,0.04996200661563313,0.04999999156671684,-2.473457582022232e-06,-3.3353796220328884e-05,-0.000355567787320977,-0.000575262529309839,-1.887584089033112e-09,-7.0319337684202e-06,-1.4430437308381634e-05,-0.0003207856928798869
922,0.08773753343802732,0.04996050520096288,0.049999991871670084,-2.4274707625741567e-06,-3.371215438248037e-05,-0.00035729986200409717,-0.0005756767932325602,-1.8353668584936145e-09,-7.06135821120694e-06,-1.4488244040325053e-05,-0.000317913885558475
923,0.08753111647984588,0.049958988441321274,0.04999999216935859,-2.3815775445717117e-06,-3.4066595139183725e-05,-0.0003590517081929501,-0.0005761144566349685,-1.7699957055583582e-09,-7.083823700335922e-06,-1.4545852555337166e-05,-0.0003150893271928644
924,0.08732416256696657,0.049962021277204664,0.049999992461663915,-2.335561204213283e-06,-3.443116563219942e-05,-0.0003607825224763487,-0.0005764720845036209,-1.6855674633831086e-09,-7.109203038107513e-06,-1.4603252342736207e-05,-0.0003123121625025245
925,0.08711654509488259,0.0499656102748699,0.049999992750955215,-2.2898608961536813e-06,-3.479470818066229e-05,-0.00036248820290886224,-0.0005769286071881652,-1.8697787762533835e-09,-7.135858025328364e-06,-1.4660294690825479e-05,-0.0003095804926816332
926,0.08690828258188965,0.04996878103010883,0.04999999303486702,-2.2444715610532847e-06,-3.5155947241256134e-05,-0.0003641709705531604,-0.0005774385645054281,-1.9953896313040786e-09,-7.164200484652327e-06,-1.4717102796873945e-05,-0.00030689649243086873
927,0.08669942843953203,0.04997154174217908,0.049999993311674866,-2.199306564547133e-06,-3.5514379000973304e-05,-0.0003658311239162477,-0.0005779709317721426,-1.955152706401009e-09,-7.193895676708836e-06,-1.4773723668370378e-05,-0.0003042612286211397
928,0.08649001203790663,0.04997391463986179,0.04999999358023849,-2.1542957225686617e-06,-3.58705790685515e-05,-0.0003674688060460148,-0.0005785641842521727,-1.8144747926385207e-09,-7.224671153843806e-06,-1.4830199582645146e-05,-0.0003016756704451955
929,0.08628008506696776,0.04997593542287548,0.049999993839873774,-2.109403643899745e-06,-3.622367360222457e-05,-0.0003690831897941608,-0.0005792197189293802,-1.7173802380199277e-09,-7.256709815606214e-06,-1.4886572411371476e-05,-0.0002991407857019976
930,0.08606968842562238,0.049977641161696874,0.049999994090219865,-2.0646458150125153e-06,-3.6572370961686826e-05,-0.0003706729850270273,-0.0005799461505375803,-1.6221352039380577e-09,-7.288943298752576e-06,-1.4942877035023324e-05,-0.0002966575461026757
931,0.08585888700521326,0.049979067966884914,0.04999999433116739,-2.0199711325081063e-06,-3.691579687448734e-05,-0.0003722377605154171,-0.0005807200213894248,-1.6137352565337437e-09,-7.321627918783194e-06,-1.4999140153621415e-05,-0.00029422687051978215
932,0.08564771482978327,0.04998024925693302,0.04999999456279616,-1.9754040073020685e-06,-3.725390355270781e-05,-0.0003737759533629896,-0.0005815423210151494,-1.5791450369562199e-09,-7.354361424269455e-06,-1.5055388024324752e-05,-0.00029184960926358604
933,0.0854362095542535,0.049981212571637755,0.049999994785305785,-1.9309414135178228e-06,-3.7586388539680324e-05,-0.00037528803758661827,-0.0005823877872899175,-1.5227575866916254e-09,-7.387614682702727e-06,-1.511164673392164e-05,-0.0002895266285542221
934,0.08522443204770662,0.049981986148368324,0.049999994998959706,-1.8866440680575299e-06,-3.791149824305083e-05,-0.00037677270371818625,-0.0005833017057739198,-1.5322435542586277e-09,-7.421120975720988e-06,-1.5167944390916144e-05,-0.0002872588201973506
935,0.08501241432452628,0.04998259355974492,0.049999995204052156,-1.84252098767696e-06,-3.822942125707173e-05,-0.00037822914032627756,-0.0005842869286425412,-1.572199481714165e-09,-7.4546352190229755e-06,-1.5224304087187881e-05,-0.00028504704269353146
936,0.08480020312786977,0.04998305640123062,0.049999995400894004,-1.7985935758638263e-06,-3.8539623911957497e-05,-0.0003796566309425475,-0.00058534782147035,-1.6748942233135722e-09,-7.488080326080546e-06,-1.5280745781296147e-05,-0.0002828920919518689
937,0.08458782142900126,0.04998339233054848,0.049999995589799,-1.7548737883295408e-06,-3.884290416891783e-05,-0.0003810541663406431,-0.0005864531849510968,-1.726731535534043e-09,-7.521377957997164e-06,-1.5337288023018917e-05,-0.0002807946865755578
938,0.08437530218124477,0.049983614752039884,0.04999999577106908,-1.711389482643128e-06,-3.913893015394464e-05,-0.000382421687442983,-0.0005876149516552687,-1.7924491890752847e-09,-7.55446545704202e-06,-1.5393947765997594e-05,-0.0002787555234344545
939,0.08416268712751576,0.04998373754080922,0.04999999594498282,-1.6681620510349776e-06,-3.942749924505989e-05,-0.0003837582097067888,-0.0005888332962058485,-1.877214605983113e-09,-7.58728138484104e-06,-1.545074057554518e-05,-0.0002767752726022421
940,0.08395000377815805,0.04998377113180827,0.049999996111790124,-1.62521876944607e-06,-3.970853813489102e-05,-0.00038506349645048716,-0.0005901168915443122,-1.9955705976570925e-09,-7.619885754111939e-06,-1.5507681773294486e-05,-0.00027485457400511026
941,0.08373728423521065,0.04998372589057279,0.04999999627170973,-1.582583383444876e-06,-3.998196514335624e-05,-0.0003863370274393903,-0.0005914621870033443,-2.1186739029843693e-09,-7.651958821652714e-06,-1.5564784248925785e-05,-0.00027299402064088764
942,0.08352456230743506,0.049983610403777336,0.04999999642494088,-1.5402617363815055e-06,-4.0248022526176127e-05,-0.00038757804323298465,-0.00059286825126037,-2.251145714282643e-09,-7.68361572523045e-06,-1.5622058716735064e-05,-0.0002711941627564944
943,0.08331186197104695,0.04998343213514707,0.049999996571656484,-1.498283921823891e-06,-4.0506435363642484e-05,-0.0003887865198381899,-0.0005943320575170219,-2.4135298204441824e-09,-7.714816301602483e-06,-1.5679516605338562e-05,-0.0002694555188335772
944,0.08309921598597728,0.0499831975241381,0.04999999671200725,-1.4566627847632729e-06,-4.07572553563833e-05,-0.0003899616998909567,-0.0005958629189990461,-2.5571547102032355e-09,-7.745516293727998e-06,-1.5737168369562743e-05,-0.0002677785776697338
945,0.08288665029194976,0.049982912716367,0.049999996846126604,-1.4154186885298124e-06,-4.1000356943488934e-05,-0.0003911033660645039,-0.0005974568775855005,-2.7429949422952404e-09,-7.775680001337842e-06,-1.579502371808228e-05,-0.00026616379797503455
946,0.08267419274376796,0.0499825838004177,0.0499999969741331,-1.3745624581471986e-06,-4.123584707281257e-05,-0.0003922112668030188,-0.0005991202197037637,-2.9568634207777222e-09,-7.80528744362057e-06,-1.5853091755328415e-05,-0.00026461159848527614
947,0.08246187297295117,0.049982216177370684,0.04999999709613864,-1.3341083273399305e-06,-4.146353067170485e-05,-0.00039328458670179125,-0.0006008512573316693,-3.1564131308670085e-09,-7.834204695852043e-06,-1.5911380349070182e-05,-0.00026312236828901985
948,0.08224971418399922,0.04998181400172064,0.04999999721224569,-1.2940674031551288e-06,-4.1683440928064094e-05,-0.0003943235222168675,-0.0006026488845236599,-3.396394054888674e-09,-7.862625911599384e-06,-1.5969897730173e-05,-0.00026169646293621156
949,0.08203774241478627,0.04998138287864523,0.04999999732255108,-1.2544567237025874e-06,-4.189556403617656e-05,-0.0003953272135253987,-0.0006045115878805518,-3.631773326517873e-09,-7.890392778126454e-06,-1.6028652635195967e-05,-0.00026033420708483217
950,0.0818259808687198,0.04998092676885065,0.04999999742714833,-1.215285459430879e-06,-4.209977941286562e-05,-0.0003962955188894981,-0.0006064567132852972,-3.8915692890384435e-09,-7.91748985976651e-06,-1.608765229352867e-05,-0.0002590359005165514
951,0.08161445715485072,0.049980450734292164,0.04999999752612873,-1.1765635821050477e-06,-4.2295979787696045e-05,-0.0003972282392543916,-0.0006084706983529031,-4.19608481294631e-09,-7.943899477493717e-06,-1.6146903756364116e-05,-0.0002578018058642789
952,0.08140319396705188,0.04997995884523719,0.04999999761958679,-1.1382987805447815e-06,-4.248429933354974e-05,-0.0003981251142355137,-0.0006105465581640601,-4.45865122600253e-09,-7.97005222916671e-06,-1.6206417465995495e-05,-0.00025663215948643206
953,0.08119220710780578,0.04997945608627335,0.04999999770761218,-1.1005206265453585e-06,-4.266435334606857e-05,-0.00039898579472572325,-0.0006127224187366664,-4.779047824143845e-09,-7.995196108753897e-06,-1.6266201990529127e-05,-0.0002555271710158825
954,0.08098153056464333,0.04997895286149334,0.049999997790296936,-1.0632092784549618e-06,-4.283643091890955e-05,-0.0003998099001245055,-0.0006149731925688684,-5.161594263114466e-09,-8.019431479369055e-06,-1.6326261131064332e-05,-0.00025448698961217525
955,0.08077116774990346,0.04997846735157582,0.04999999786772967,-1.026378015476114e-06,-4.30010128377121e-05,-0.000400597350701139,-0.0006172866560518742,-5.546025860780901e-09,-8.042841330423528e-06,-1.6386600869031504e-05,-0.000253511704148492
956,0.08056113575717964,0.04997800372177901,0.049999997939998334,-9.900329162351849e-07,-4.315823980912314e-05,-0.00040134832993227334,-0.0006196516333147883,-5.7363691574607856e-09,-8.065460205264457e-06,-1.6447228812873552e-05,-0.00025260138778341674
957,0.0803514734419239,0.049977565264961624,0.04999999800719587,-9.541924950285695e-07,-4.330727400917601e-05,-0.00040206207391795223,-0.0006220982177183032,-6.1368150561236234e-09,-8.087293198421112e-06,-1.6508152725639263e-05,-0.00025175612689487667
958,0.08014219542524709,0.049977155445621785,0.04999999806941216,-9.188673455491365e-07,-4.3447977011851304e-05,-0.00040273868706840703,-0.0006246211705729365,-6.510841199514061e-09,-8.108351583257544e-06,-1.656938071490534e-05,-0.000250975971181101
959,0.07993332274484358,0.049976777540875456,0.04999999812673929,-8.840641383346876e-07,-4.358050376065838e-05,-0.0004033775334887016,-0.0006272328901104629,-6.9298273785989295e-09,-8.128628413445374e-06,-1.663092118969469e-05,-0.00025026093700927093
960,0.07972486878673583,0.049976433993876676,0.0499999981792692,-8.497932808248192e-07,-4.3704824085329504e-05,-0.0004039785399099323,-0.0006299256347119808,-7.356243170164589e-09,-8.148121846589554e-06,-1.6692782761689185e-05,-0.0002496110146096812
961,0.07951685205666194,0.04997612743586605,0.04999999822709058,-8.160628315479564e-07,-4.38209549186157e-05,-0.0004045416934248117,-0.0006326972506940365,-7.785534883453238e-09,-8.166832378817766e-06,-1.6754974179711003e-05,-0.00024902616585532303
962,0.07930929314605002,0.04997586110579632,0.04999999827028858,-7.828828654844362e-07,-4.3928681846437124e-05,-0.00040506645899111556,-0.0006355522782541811,-8.24612378380607e-09,-8.184753356191889e-06,-1.6817504391197864e-05,-0.00024850632437922694
963,0.07910220077795847,0.0499756362123118,0.049999998308940516,-7.502633486593883e-07,-4.4028171615646443e-05,-0.0004055530915886295,-0.0006384882144629955,-8.699384324017956e-09,-8.201891683929449e-06,-1.6880382564086324e-05,-0.0002480513913558084
964,0.07889559381596095,0.04997545501339262,0.04999999834311762,-7.182111176395927e-07,-4.411944565844879e-05,-0.00040600112889183906,-0.0006415129755623639,-9.185043836623663e-09,-8.218244449967472e-06,-1.6943618128379513e-05,-0.0002476612390942193
965,0.07868948271080198,0.04997531973212477,0.04999999837288197,-6.867385140452958e-07,-4.4202366033896215e-05,-0.000406410605025017,-0.0006446177139878273,-9.686980995127215e-09,-8.233817450885848e-06,-1.7007220787256206e-05,-0.00024733571030520295
966,0.07848388206901402,0.049975232042855165,0.04999999839828411,-6.558535552167007e-07,-4.427683644371743e-05,-0.00040678175564134463,-0.0006478056311607361,-1.016064832271013e-08,-8.248621313129771e-06,-1.707120052263216e-05,-0.0002470746189302206
967,0.07827880825144044,0.04997519382045614,0.04999999841936583,-6.255655711497413e-07,-4.434283275465116e-05,-0.00040711422652276846,-0.000651082897093147,-1.0681051598737668e-08,-8.262660330572497e-06,-1.713556764727766e-05,-0.00024687775733640404
968,0.07807426961675754,0.04997520558352603,0.049999998436155796,-5.958855099465885e-07,-4.4400231849566715e-05,-0.00040740836446780603,-0.0006544493371620774,-1.1210878447798223e-08,-8.27595543103355e-06,-1.720033287399418e-05,-0.0002467448905837069
969,0.07787027953356628,0.04997526895134582,0.04999999844866973,-5.668214589608789e-07,-4.4449142911078954e-05,-0.00040766393772176195,-0.0006579022156074643,-1.1730127980058569e-08,-8.28852619717171e-06,-1.7265507468017777e-05,-0.00024667575486019965
970,0.0776668453798729,0.04997538441678132,0.04999999845690933,-5.383846694194266e-07,-4.44894172288467e-05,-0.00040788115669224796,-0.0006614431040361524,-1.2294104401178174e-08,-8.300414670219356e-06,-1.7331103403505892e-05,-0.00024667006002635584
971,0.07746397668157386,0.04997555300591557,0.049999998460861506,-5.105834429270762e-07,-4.452110061011869e-05,-0.0004080603287355991,-0.0006650768918916583,-1.28517383402027e-08,-8.311698648407563e-06,-1.7397133714064865e-05,-0.00024672749284823686
972,0.07726168614382538,0.049975775550075346,0.049999998460498796,-4.834295603831527e-07,-4.454392209597977e-05,-0.0004082008765011217,-0.0006688030553050339,-1.3390843101035443e-08,-8.321871104429789e-06,-1.7463608362884187e-05,-0.0002468477064224124
973,0.0770599810870435,0.04997605133720029,0.04999999845577923,-4.5692053267048176e-07,-4.455826198539731e-05,-0.00040830351457203716,-0.000672610301990062,-1.4027451200604446e-08,-8.33136982626156e-06,-1.75305364861229e-05,-0.00024703031321315856
974,0.07685886600324371,0.04997637960405423,0.049999998446645724,-4.310738012383615e-07,-4.456394389880516e-05,-0.00040836829840335925,-0.0006764972931705415,-1.4532530734356897e-08,-8.340194452040598e-06,-1.7597931297200135e-05,-0.0002472748990494903
975,0.07665834493241311,0.04997675893999974,0.049999998433022975,-4.0589844005272103e-07,-4.4561042801894715e-05,-0.00040839572505219687,-0.0006804686272516847,-1.49949261896154e-08,-8.348353871033532e-06,-1.7665805994244563e-05,-0.00024758104415094183
976,0.07645844015106619,0.04997719030248872,0.049999998414815866,-3.8140647283955967e-07,-4.454858803257022e-05,-0.0004083858892973553,-0.0006845499156042933,-1.5696825172994977e-08,-8.355738789593593e-06,-1.7734173099352994e-05,-0.00024794830786860773
977,0.0762591490580475,0.049977672505235174,0.049999998391912916,-3.576012419824123e-07,-4.45272855525799e-05,-0.0004083390091203481,-0.0006887185736559331,-1.62735478426157e-08,-8.362622443339683e-06,-1.7803046502018885e-05,-0.00024837621386209575
978,0.07606046942124578,0.049978203619564454,0.049999998364184416,-3.3449726245745857e-07,-4.44970834655962e-05,-0.0004082555539952377,-0.00069298135349527,-1.684968431447942e-08,-8.368857201684355e-06,-1.7872441456668453e-05,-0.0002488642618618324
979,0.07586241216168266,0.049978783310278115,0.04999999833148153,-3.1209915694671756e-07,-4.445788892042785e-05,-0.00040813564292662064,-0.0006973329000174999,-1.7400735075057128e-08,-8.374481522063816e-06,-1.7942372217544874e-05,-0.0002494119299191145
980,0.07566498140249403,0.0499794095642291,0.049999998293636404,-2.9041761568585037e-07,-4.440939301952136e-05,-0.0004079799044537201,-0.0007017843890935183,-1.8063813556068453e-08,-8.379844840805733e-06,-1.8012856285483454e-05,-0.0002500186743858005
981,0.07546816942250284,0.04998008020020584,0.04999999825046031,-2.6946374366154105e-07,-4.435195235092938e-05,-0.0004077886322591354,-0.0007063344237394631,-1.8569449977690056e-08,-8.384501183736707e-06,-1.8083910798333173e-05,-0.000250683924853819
982,0.0752719925133067,0.04998079402341615,0.0499999982017496,-2.4923819117137126e-07,-4.428536908327149e-05,-0.0004075615652327265,-0.0007109860307537019,-1.921932657467096e-08,-8.38820216740435e-06,-1.8155547147328213e-05,-0.00025140707812431473
983,0.07507644311237456,0.04998154693097326,0.04999999814728476,-2.2974485236425023e-07,-4.421017567673714e-05,-0.0004072996567334138,-0.0007157246000133455,-1.995779896901695e-08,-8.391378609289014e-06,-1.8227778217913366e-05,-0.000252187478667466
984,0.07488151098980059,0.04998233510138178,0.049999998086829964,-2.1099474937579951e-07,-4.4126780264616526e-05,-0.00040700346804368884,-0.0007205108413472772,-2.0244478093900398e-08,-8.394041270266416e-06,-1.830062071115286e-05,-0.0002530244512638065
985,0.07468721250230946,0.04998315436605344,0.049999998020127036,-1.9300007812532214e-07,-4.403405724446213e-05,-0.00040667368289415136,-0.0007253939984366298,-2.0746909967783722e-08,-8.396199181079073e-06,-1.8374091218405168e-05,-0.00025391732645822595
986,0.07449355364778847,0.04998400304435491,0.049999997946893464,-1.757679020007317e-07,-4.3931811198220463e-05,-0.0004063107713118322,-0.0007303899037651718,-2.1426050267336905e-08,-8.39790178160505e-06,-1.8448206817125603e-05,-0.00025486541448667925
987,0.07430052630814349,0.04998487723593171,0.04999999786682997,-1.5930453716445602e-07,-4.382048788411185e-05,-0.0004059149196634129,-0.0007354656117968261,-2.1935337102263475e-08,-8.398961210354224e-06,-1.8522983687436397e-05,-0.00025586798631229134
988,0.07410812543447708,0.049985772505736166,0.049999997779620935,-1.4361402136563255e-07,-4.370038480425731e-05,-0.0004054871555841681,-0.0007406381191685796,-2.2528286791612118e-08,-8.399750308792109e-06,-1.8598439261953553e-05,-0.0002569242846544889
989,0.0739163471716525,0.049986684590446036,0.049999997684932816,-1.2870685493524485e-07,-4.357139419507679e-05,-0.0004050278143139556,-0.0007458978216163814,-2.299281653961316e-08,-8.4001561686484e-06,-1.8674593405881783e-05,-0.00025803353749244965
990,0.07372518997535565,0.04998760903042439,0.04999999758241261,-1.1458856547305299e-07,-4.3433447245143836e-05,-0.0004045375683107352,-0.0007512362790293992,-2.345127469993713e-08,-8.400106813443896e-06,-1.8751464281672092e-05,-0.00025919495496006754
991,0.07353465545965206,0.049988541281853725,0.049999997471689824,-1.0126434957945633e-07,-4.328646670569254e-05,-0.0004040170989122299,-0.0007566793938167393,-2.4085654359851105e-08,-8.399703127889304e-06,-1.8829070198059885e-05,-0.0002604077150814047
992,0.07334473048302713,0.049989476252342784,0.04999999735238034,-8.873969488241559e-08,-4.313101680748184e-05,-0.0004034669520368505,-0.0007622012053616345,-2.4487965433195313e-08,-8.398923002749414e-06,-1.8907430273638398e-05,-0.0002616709658663414
993,0.0731554111525465,0.04999040854663045,0.04999999722408551,-7.702028581182242e-08,-4.296706042349595e-05,-0.00040288799108071754,-0.0007677990361116827,-2.4918964669495836e-08,-8.397790953390967e-06,-1.898656349682213e-05,-0.0002629838393844888
994,0.07296669496540002,0.049991332414477146,0.04999999708639135,-6.611168000659281e-08,-4.2794659873323454e-05,-0.0004022807553434838,-0.0007734842947684228,-2.5361549305102926e-08,-8.396330955631895e-06,-1.9066489187565642e-05,-0.00026434544714699107
995,0.07277857366308997,0.049992242266786335,0.04999999693886911,-5.60192940465537e-08,-4.261384425396077e-05,-0.0004016460199110281,-0.0007792480173520744,-2.5832600059061406e-08,-8.394564901467563e-06,-1.9147227006076532e-05,-0.00026575487977929297
996,0.07259104282836805,0.049993132430230604,0.04999999678107439,-4.6748423292125585e-08,-4.242458622577866e-05,-0.0004009847424547011,-0.0007850904366932809,-2.615806593553316e-08,-8.392521925037013e-06,-1.922879689351243e-05,-0.00026721120531456304
997,0.07240409531610585,0.0499939967705898,0.04999999661255125,-3.830324560459368e-08,-4.222719770447276e-05,-0.00040029742715953515,-0.0007910108543001115,-2.6604126901474956e-08,-8.390221404159293e-06,-1.9311219121256206e-05,-0.00026871346711198127
998,0.07221771925256261,0.04999482882915352,0.04999999643283373,-3.0688300901333695e-08,-4.202179531382917e-05,-0.00039958540832112186,-0.0007970000733621418,-2.6849070522416696e-08,-8.387986324976913e-06,-1.9394516481912378e-05,-0.0002702607009662613
999,0.07203190823441263,0.0499956228316254,0.04999999624144218,-2.3909292615305703e-08,-4.180840674164349e-05,-0.00039884875863705225,-0.0008030784665606916,-2.724908121365388e-08,-8.385228291767176e-06,-1.9478709917484992e-05,-0.00027185192396541615
