frame,reward_tracking_lin_vel,reward_tracking_ang_vel,reward_tracking_height,cost_lin_vel_z,cost_ang_vel_xy,cost_joint_velocity,cost_action_nn,cost_action_rate,cost_feet_slip,cost_leg_base_angle,cost_orientation
0,1.1253517471925913e-08,0.05,0.04998478235575755,-0.0,-0.0,-2.500773848652302e-07,-0.0007599458913318813,-0.0,-5.958357658273785e-12,-6.269736813939484e-09,-4.044743586545243e-10
1,1.2171734351276633e-08,0.0499815987164589,0.04998489329672669,-1.2048703057752374e-06,-2.019306707746858e-06,-8.128639291532592e-07,-0.0010024973889812827,-7.376150460913777e-05,-1.2772396139449932e-10,-2.836926040183236e-10,-7.799601239899001e-09
2,1.3278539020744697e-08,0.049943734186169556,0.049985192716585324,-3.6659085207793477e-06,-1.162067590827671e-05,-1.4658681648753687e-06,-0.0006339632673189044,-7.665317389182746e-05,-3.97171926043006e-10,-5.261656278570562e-09,-4.292655907849044e-08
3,1.4367561046570416e-08,0.049911766875771056,0.04998563168052882,-6.66534838549886e-06,-2.5021861288076588e-05,-2.1719444243592336e-06,-0.00036812745383940637,-0.00023974492796696723,-6.328610943899587e-10,-2.469997026027639e-08,-1.3145107324052705e-07
4,1.5384579779667285e-08,0.04993684185241656,0.04998617286502433,-9.948435045612768e-06,-3.5891836175421634e-05,-3.0505061937518635e-06,-0.0003561532648745924,-1.2686249647231307e-05,-8.058766606502905e-10,-4.715787514029468e-08,-2.963409806747985e-07
5,1.641421223030059e-08,0.049964251815752356,0.049986785172350126,-1.2967425842305206e-05,-4.729399610841754e-05,-4.177259236086009e-06,-0.00037430645897984505,-8.183795216609724e-06,-9.5273324756977e-10,-6.493610628384827e-08,-5.628135758751901e-07
6,1.747316096835418e-08,0.04998532151088357,0.04998744188418048,-1.5502667223655502e-05,-5.930888726001196e-05,-5.607729344001139e-06,-0.00039490367635153234,-6.899574600538472e-06,-1.0945454216292068e-09,-7.509027725147129e-08,-9.561663685194396e-07
7,1.8553299823435983e-08,0.049997482843684944,0.04998812198961224,-1.7531166950490652e-05,-7.115717398329379e-05,-7.376104532295338e-06,-0.00040944767533801496,-6.308402134891367e-06,-1.2581641967131335e-09,-7.706448611952995e-08,-1.4982733260494105e-06
8,1.963520771436196e-08,0.04999950165740093,0.04998880967786295,-1.910740328830319e-05,-8.169258319762812e-05,-9.514363202862535e-06,-0.0004297825216781348,-7.002601250860607e-06,-1.4791735863723507e-09,-7.1376411533545e-08,-2.2044645870877067e-06
9,2.070887605940506e-08,0.04999075111281824,0.04998949328882822,-2.029610354655834e-05,-9.00766485140652e-05,-1.203800266644193e-05,-0.0004540500813163817,-6.0912902881682385e-06,-1.7969560763271715e-09,-5.927772925910145e-08,-3.0824455235844637e-06
10,2.177077451420423e-08,0.04997057666861556,0.049990164288363746,-2.114126830329662e-05,-9.600595222743422e-05,-1.4946003996469641e-05,-0.0004781059978995472,-5.030991360399639e-06,-2.2445801388344722e-09,-4.2991883648200735e-08,-4.132452436175408e-06
11,2.2818912866952088e-08,0.04993845070111298,0.0499908164614783,-2.1681192425948e-05,-9.941691348009186e-05,-1.8222672304644203e-05,-0.0004984255065210164,-3.993764039478265e-06,-2.8405577891691705e-09,-2.5556760625050928e-08,-5.347773966904139e-06
12,2.38531164910576e-08,0.04989426406892319,0.049991445359762826,-2.1947794288825316e-05,-0.00010044966754546163,-2.1839570591069973e-05,-0.0005120785790495574,-3.0563385280402144e-06,-3.5952599485796046e-09,-1.0485164815910222e-08,-6.715867883365083e-06
13,2.487492637096597e-08,0.04983856250602345,0.049992047877355526,-2.1966549858510204e-05,-9.939487744345954e-05,-2.5759038018376826e-05,-0.0005177886341698468,-2.315502570127137e-06,-4.493443184078534e-09,-1.3338139402711613e-09,-8.219871876183078e-06
14,2.5887727680783748e-08,0.04977257914437752,0.04999262192681616,-2.175803391899068e-05,-9.663757258067203e-05,-2.9936878819694387e-05,-0.0005155584658496082,-1.78035918452224e-06,-5.506706978406461e-09,-1.303459257842182e-09,-9.84027819557053e-06
15,2.6896340132058532e-08,0.04969809145273884,0.04999316619651951,-2.133989357634067e-05,-9.259830882166045e-05,-3.432561352342734e-05,-0.0005065039731562138,-1.4200053328750073e-06,-6.598265413458686e-09,-1.2965000225089136e-08,-1.1556538550397988e-05
16,2.7906667034841916e-08,0.04961710018472531,0.04999367997085807,-2.0728966057443614e-05,-8.768503846584569e-05,-3.887690355149935e-05,-0.000492225110065192,-1.181230118163512e-06,-7.720903256779643e-09,-3.813630818210505e-08,-1.3348442536298854e-05
17,2.8925220763585127e-08,0.04953156163690403,0.04999416299963737,-1.9943048562926445e-05,-8.226087068709085e-05,-4.354449664987506e-05,-0.0004745565529447049,-1.0158378245250788e-06,-8.830218835520322e-09,-7.78899860760882e-08,-1.5197160424225748e-05
18,2.9958515772621266e-08,0.049443008422740437,0.04999461540135208,-1.9002042820429052e-05,-7.662345307862583e-05,-4.829151865609645e-05,-0.00045512078213505447,-8.880764994501078e-07,-9.832841661765272e-09,-1.3268894668514464e-07,-1.7085968142073874e-05
19,3.101238729191344e-08,0.04935180296179369,0.049995037551171996,-1.7927370512984524e-05,-7.100686081856994e-05,-5.308434292541141e-05,-0.0004351840470917523,-7.819718348400784e-07,-1.066094916620529e-08,-2.0256710734965905e-07,-1.9000603634556356e-05
20,3.209218811305715e-08,0.04925775237403673,0.04999543001191986,-1.6745120089950872e-05,-6.557379391261148e-05,-5.7890532657552156e-05,-0.0004155554051976651,-6.895258479744371e-07,-1.1270821216177163e-08,-2.8730946332474916e-07,-2.0929387640981948e-05
21,3.320371747896135e-08,0.04916060837871798,0.04999579355272352,-1.5483709871163662e-05,-6.0435744118890034e-05,-6.26790138129254e-05,-0.0003965676005464047,-6.123420348558284e-07,-1.1635173816729591e-08,-3.8652035953145936e-07,-2.2863189478566688e-05
22,3.4352737610981444e-08,0.04906035389531666,0.04999612914835076,-1.4172178321159189e-05,-5.565931425995427e-05,-6.742092322060615e-05,-0.00037873003748245537,-5.384532641983242e-07,-1.175639538360671e-08,-4.996663203498112e-07,-2.4795204064817204e-05
23,3.554477144052931e-08,0.04895702043013842,0.04999643795554286,-1.283884800271762e-05,-5.12742891641066e-05,-7.20902761213026e-05,-0.0003621410287450999,-4.7378088652294537e-07,-1.1651260732555374e-08,-6.261078039182488e-07,-2.6720670473289127e-05
24,3.678542059584639e-08,0.04885080816902476,0.04999672127644417,-1.150965871338683e-05,-4.728867512608365e-05,-7.66637093643486e-05,-0.0003467690839897841,-4.1727258803803124e-07,-1.1345710897865828e-08,-7.651202548543881e-07,-2.863659737233863e-05
25,3.8080164761685286e-08,0.04874211040298522,0.04999698051819408,-1.0207710591209471e-05,-4.3694316116973966e-05,-8.112005760317238e-05,-0.00033273219014517963,-3.6297493011261395e-07,-1.0874110902836132e-08,-9.159289515073345e-07,-3.054145484922005e-05
26,3.9434642223182535e-08,0.04863150703633896,0.04999721715673575,-8.952774334368992e-06,-4.047257093142052e-05,-8.543971995615202e-05,-0.0003200211504008621,-3.128159846710332e-07,-1.028060549970181e-08,-1.0777070624132287e-06,-3.243486603615518e-05
27,4.085467070126602e-08,0.04851969991667168,0.04999743271230894,-7.761136201144998e-06,-3.759807165967547e-05,-8.960782809190603e-05,-0.00030856693047098815,-2.675284633824049e-07,-9.597424453000598e-09,-1.2496003031002286e-06,-3.431732014775792e-05
28,4.234583592446391e-08,0.04840728431391142,0.04999762871152203,-6.645154875499515e-06,-3.504205527534581e-05,-9.361410384364046e-05,-0.00029830713174305856,-2.2643500585672882e-07,-8.847516578985472e-09,-1.4307344180853784e-06,-3.6189926395200875e-05
29,4.3913726751111036e-08,0.04829478200189805,0.0499978066482879,-5.613727382487422e-06,-3.277547511503482e-05,-9.745137641693127e-05,-0.0002891389303840697,-1.9051900324029702e-07,-8.048679972471931e-09,-1.6202635387677787e-06,-3.805421912215737e-05
30,4.5563984645892896e-08,0.048182684383079606,0.049997967959425134,-4.6728671058014035e-06,-3.076976011356531e-05,-0.0001011151715020542,-0.0002809527504723519,-1.5940440789563581e-07,-7.216162049557564e-09,-1.8173919055759971e-06,-3.99119895699262e-05
31,4.7302520025238865e-08,0.04807147993647108,0.049998114010401114,-3.825972989276981e-06,-2.8997487530548342e-05,-0.00010460273594215216,-0.00027360752574168146,-1.3363691664380895e-07,-6.363716099755523e-09,-2.021384715745168e-06,-4.176515902909377e-05
32,4.9135630224269216e-08,0.047961677290347185,0.04999824608758432,-3.0741851369529337e-06,-2.7433227457174596e-05,-0.00010791231058115665,-0.00026698291185311973,-1.1231708185732714e-07,-5.505680577469547e-09,-2.2315733230383094e-06,-4.361568485399139e-05
33,5.1070059645528285e-08,0.04785380856157279,0.049998365395005455,-2.4167086176310555e-06,-2.6053384023039174e-05,-0.00011104351461753949,-0.0002609434013720602,-9.50600096416565e-08,-4.656787079545471e-09,-2.4473534787373224e-06,-4.5465490012352816e-05
34,5.311327500106808e-08,0.047748459169118435,0.04999847305343618,-1.8510025387559532e-06,-2.483644993045107e-05,-0.00011399602487411118,-0.0002553669037297368,-8.158519904100103e-08,-3.832185536660451e-09,-2.668178618111413e-06,-4.7316421381385465e-05
35,5.5273373947512665e-08,0.047646238320957025,0.04999857010171864,-1.3732352214555049e-06,-2.376315725069625e-05,-0.00011677005053959932,-0.00025016561266966164,-7.07136607047687e-08,-3.047856209458776e-09,-2.8935556451516384e-06,-4.917021269621343e-05
36,5.755923184539282e-08,0.047547770690984065,0.049998657499556565,-9.784748557595236e-07,-2.2815718058777963e-05,-0.00011936584152074216,-0.0002452443295624107,-6.221922177473971e-08,-2.3209774975612677e-09,-3.123037745107119e-06,-5.1028453460226284e-05
37,5.998063625032947e-08,0.04745368009877549,0.049998736131133134,-6.610296710419026e-07,-2.1978165403825014e-05,-0.00012178388496700739,-0.00024053508241195232,-5.574690575826935e-08,-1.6663872485434783e-09,-3.3562156223253156e-06,-5.2892604655109e-05
38,6.254840488113939e-08,0.04736456880025005,0.04999880680903175,-4.145092906923091e-07,-2.1237398685022035e-05,-0.00012402486663120588,-0.00023598810366820544,-5.062418040324701e-08,-1.100550830377096e-09,-3.5927125533565175e-06,-5.4763967895150154e-05
39,6.527420384908362e-08,0.04728101141495211,0.04999887027797431,-2.3221847227572568e-07,-2.057961515260842e-05,-0.00012608933204761273,-0.0002315783203812316,-4.652206797572944e-08,-6.379262205487457e-10,-3.832179300284821e-06,-5.664367220038654e-05
40,6.817099432313804e-08,0.04720347832603288,0.04999892721930089,-1.0725312178566367e-07,-1.999432220402042e-05,-0.00012797779123575843,-0.00022721009736415,-4.419788979248551e-08,-2.924774691781903e-10,-4.074287064027769e-06,-5.85326856121636e-05
41,7.125270920800098e-08,0.047132500157398186,0.04999897825555266,-3.2701832278065435e-08,-1.9470825438751383e-05,-0.0001296907982768887,-0.0002229271485703066,-4.181726964702648e-08,-7.662301409265932e-11,-4.31872670163289e-06,-6.0431768082342504e-05
42,7.45346038396125e-08,0.047068424633002905,0.049999023954980654,-1.7708087747160405e-09,-1.899926304496637e-05,-0.00013122877329061844,-0.0002186388010159135,-4.1066780198661945e-08,-1.1896224018432832e-12,-4.565202945760681e-06,-6.23414900527031e-05
43,7.803343305950914e-08,0.04701161730647904,0.049999064835850926,-7.867322735201161e-09,-1.857183622003531e-05,-0.00013259273586536957,-0.0002143524616258219,-4.063472403004198e-08,-7.526092109559512e-11,-4.813429678755178e-06,-6.426223179077226e-05
44,8.176736582982332e-08,0.04696234234873516,0.04999910137009759,-4.472882352070592e-08,-1.8180535593091798e-05,-0.00013378317177398973,-0.00021009286865592003,-4.020614241539988e-08,-3.054886186141809e-10,-5.063132082471995e-06,-6.619414446499007e-05
45,8.575608973749047e-08,0.046920747703475256,0.04999913398746521,-1.0646703867393102e-07,-1.7817939086317178e-05,-0.00013480087856606302,-0.00020580657292157412,-4.092971650493382e-08,-6.968088379196286e-10,-5.314043641708174e-06,-6.813715926906522e-05
46,9.002122037008803e-08,0.046886944593241595,0.04999916307949795,-1.8763336241370795e-07,-1.7477967534411756e-05,-0.00013564673857051628,-0.000201502421987243,-4.185061186490202e-08,-1.251916954192462e-09,-5.56590449699178e-06,-7.009098258434686e-05
47,9.458615558588483e-08,0.046860962871347105,0.04999918900287899,-2.832421573155033e-07,-1.7154427205144265e-05,-0.00013632162194917796,-0.0001972052123164758,-4.2783934617318664e-08,-1.9713212678098303e-09,-5.818462717618281e-06,-7.205507146435927e-05
48,9.94763706364831e-08,0.04684273940191028,0.04999921208298991,-3.8876907197202957e-07,-1.684172905371992e-05,-0.00013682695097659952,-0.000192886553122662,-4.443978696144768e-08,-2.8533366992653037e-09,-6.071471531277351e-06,-7.402862429966375e-05
49,1.047196400273752e-07,0.04683215160177457,0.04999923261655559,-5.002377238507018e-07,-1.653460059365552e-05,-0.00013716384578286292,-0.00018856242240872234,-4.627188232575463e-08,-3.895482904465152e-09,-6.324690095260263e-06,-7.601057376295625e-05
50,1.103461011693193e-07,0.04682902969088962,0.049999250874369926,-6.141240691222816e-07,-1.6228366982057062e-05,-0.00013733346965465998,-0.00018423965957481414,-4.841542278199995e-08,-5.089976811157818e-09,-6.5778856053193995e-06,-7.799954914238796e-05
51,1.1638841050820117e-07,0.04683314821482932,0.04999926710430525,-7.273307921637478e-07,-1.5917612458133122e-05,-0.00013733760460582162,-0.0001799145102268085,-5.084857690462741e-08,-6.429928795536579e-09,-6.830830766603119e-06,-7.999389099828251e-05
52,1.2288270973622289e-07,0.046844209356416505,0.049999281533356685,-8.372906402949541e-07,-1.559925528517664e-05,-0.0001371777547018801,-0.00017559451225679368,-5.3723280046824584e-08,-7.906494112440785e-09,-7.08330412225582e-06,-8.199166925813258e-05
53,1.2986788310512895e-07,0.046861913219877725,0.04999929436980294,-9.418109954791966e-07,-1.526941547592369e-05,-0.00013685641318811933,-0.00017133288201875985,-5.5863676351464164e-08,-9.509590958293242e-09,-7.335092997401987e-06,-8.399064037393242e-05
54,1.373865107791237e-07,0.04688582236637315,0.049999305804774234,-1.0391854771954222e-06,-1.4924613405740232e-05,-0.0001363752925226797,-0.000167097503435798,-5.928917445885418e-08,-1.1227270993757015e-08,-7.585994365129681e-06,-8.598823209768408e-05
55,1.45484641448832e-07,0.04691556291952492,0.04999931601383009,-1.127995706145871e-06,-1.4561489742477819e-05,-0.00013573673696048395,-0.00016289635095745325,-6.291951848425015e-08,-1.3046459805799192e-08,-7.835812891640706e-06,-8.798153143418984e-05
56,1.542126619174879e-07,0.04695073776572376,0.0499993251586795,-1.207195492938513e-06,-1.4177219901212411e-05,-0.00013494316559271237,-0.00015875817916821688,-6.654013873230724e-08,-1.4951283749388422e-08,-8.084361968086082e-06,-8.996727893939621e-05
57,1.6362558811515738e-07,0.046990907742851466,0.0499993333883712,-1.2759939776678474e-06,-1.3769301710203258e-05,-0.00013399749057804914,-0.00015468917263206095,-7.037186833258602e-08,-1.6932037807135026e-08,-8.331465018906725e-06,-9.194190411917015e-05
58,1.7378355266277076e-07,0.04703562681950411,0.04999934084035937,-1.3340029680047644e-06,-1.3336955009182726e-05,-0.00013290251713885939,-0.00015071027155499905,-7.481504837869579e-08,-1.8970849149111485e-08,-8.576956298705514e-06,-9.39014638970181e-05
59,1.8475108906751789e-07,0.04708445702113097,0.049999347641306854,-1.380933501947486e-06,-1.2876870231975277e-05,-0.00013166130111854136,-0.00014684582129120827,-7.898755427504511e-08,-2.1052490779946832e-08,-8.820681997725326e-06,-9.58416157028352e-05
60,1.9659964055432127e-07,0.04713692393352746,0.049999353907987,-1.4167596859591686e-06,-1.2388723057278731e-05,-0.00013027690400975144,-0.00014305220975074917,-8.507946347435791e-08,-2.3160422040568205e-08,-9.062497999587979e-06,-9.775767401038205e-05
61,2.0940658556358345e-07,0.04719268714454515,0.04999935974800854,-1.44163686945966e-06,-1.1871971925458967e-05,-0.00012875301790921448,-0.0001394138380419463,-8.943363383195901e-08,-2.527936676129944e-08,-9.302270061933291e-06,-9.964460427172894e-05
62,2.232567661540543e-07,0.04725126583979625,0.04999936526027138,-1.4558972734272873e-06,-1.1327223249505522e-05,-0.00012709324578226064,-0.00013592795585282147,-9.474384654595269e-08,-2.7393950435383184e-08,-9.539876601384684e-06,-0.00010149703291525538
63,2.3824249346015625e-07,0.04731224326287258,0.049999370535718755,-1.4599299032946151e-06,-1.0755330998941216e-05,-0.00012530178591232214,-0.00013261321873869747,-1.0056538002345405e-07,-2.9488991516303957e-08,-9.775208812369731e-06,-0.00010330923340669323
64,2.5446440780476115e-07,0.04737521892771859,0.04999937565756377,-1.454332012449654e-06,-1.0157810353586094e-05,-0.00012338248180920677,-0.00012948377116117626,-1.0658803972773967e-07,-3.154818350439569e-08,-1.0008169414466503e-05,-0.00010507513352618634
65,2.720321887096932e-07,0.04743982562141122,0.04999938070156282,-1.4396857536558295e-06,-9.536983506349788e-06,-0.00012133974613593984,-0.00012656324543058872,-1.1280949507863625e-07,-3.355736397440966e-08,-1.0238672728527264e-05,-0.00010678834549909633
66,2.9106590916810783e-07,0.04750570535053726,0.049999385736564574,-1.4166967775559568e-06,-8.896412809915296e-06,-0.00011917808519359445,-0.00012387199967633933,-1.193217968875615e-07,-3.550184665246142e-08,-1.0466645049657514e-05,-0.00010844217963611793
67,3.1169616611540377e-07,0.047572517996628406,0.04999939082466123,-1.3860892744327398e-06,-8.240078215367604e-06,-0.00011690206270319657,-0.00012143974890932441,-1.2587229036853387e-07,-3.736702891911754e-08,-1.0692023778882741e-05,-0.00011002965429885014
68,3.340657386747348e-07,0.04763994888499104,0.04999939602166451,-1.3485782086499477e-06,-7.573105292574844e-06,-0.00011451704748914032,-0.00011927478772122413,-1.3287056788158225e-07,-3.9141913003922844e-08,-1.0914757562708783e-05,-0.00011154353078308534
69,3.583303567815329e-07,0.04770770934282559,0.04999940137709228,-1.3050170566589055e-06,-6.90164639316456e-06,-0.00011202783154841689,-0.00011741860362235457,-1.401724460947662e-07,-4.081292730196384e-08,-1.1134807242602582e-05,-0.00011297631486065278
70,3.846591739868046e-07,0.04777553870144142,0.04999940693440242,-1.256122427912812e-06,-6.232296407077895e-06,-0.00010943971533881742,-0.00011588563211262226,-1.474856787808676e-07,-4.2367584626331875e-08,-1.1352145112588172e-05,-0.00011432027884467484
71,4.1323727354530633e-07,0.04784318558712288,0.04999941273141536,-1.2026703022031672e-06,-5.573154837067155e-06,-0.00010675815363749874,-0.00011468931188574061,-1.5554530818917556e-07,-4.379455422335047e-08,-1.1566753195119393e-05,-0.00011556751793859251
72,4.4426649574631076e-07,0.04791046811862215,0.049999418800337446,-1.1454221238519953e-06,-4.933439457403902e-06,-0.00010398867306829143,-0.00011387154518160969,-1.6306269401411555e-07,-4.50829289867509e-08,-1.177862319120029e-05,-0.00011670998432646632
73,4.779668994472693e-07,0.04797717515279352,0.0499994251681426,-1.0850822756648025e-06,-4.323338505251371e-06,-0.00010113734928996806,-0.00011345289385644719,-1.7089762138766673e-07,-4.622340146890778e-08,-1.1987757211316272e-05,-0.00011773952242767351
74,5.145783348168771e-07,0.04804312205425783,0.04999943185655309,-1.0224023535112304e-06,-3.7541354806432878e-06,-9.820998098386404e-05,-0.00011345819075359032,-1.788386327916669e-07,-4.7206120901112935e-08,-1.2194167255212181e-05,-0.00011864791387311799
75,5.543623274734184e-07,0.04810815158463871,0.049999438882257205,-9.580245109092737e-07,-3.238238059799518e-06,-9.521281907847082e-05,-0.0001139177693403326,-1.866654599780304e-07,-4.8024043479328564e-08,-1.2397874481787208e-05,-0.00011942693049936203
76,5.976037906093424e-07,0.04817211100328557,0.04999944625726971,-8.926122616478043e-07,-2.789178142446897e-06,-9.215207183291941e-05,-0.00011485319555504248,-1.9495476522024546e-07,-4.8669257165361236e-08,-1.2598909370334802e-05,-0.00012006837010091663
77,6.446125019267504e-07,0.048234866344536186,0.04999945398902106,-8.2675366609163e-07,-2.4213585317459157e-06,-8.903405246994334e-05,-0.0001162986081908457,-2.0306883641296736e-07,-4.9135537154453e-08,-1.2797311489925465e-05,-0.000120564104383476
78,6.957263463467428e-07,0.04829628122258495,0.0499994620807338,-7.60995972687796e-07,-2.150456105385834e-06,-8.586553905825256e-05,-0.0001182685955427587,-2.1121077509178576e-07,-4.941767123253554e-08,-1.2993129529063476e-05,-0.0001209061556634531
79,7.513134913042797e-07,0.048356241588222666,0.04999947053144182,-6.958954089750163e-07,-1.993200258124371e-06,-8.265308785902802e-05,-0.00012080109445378184,-2.1910787495471595e-07,-4.951196763105491e-08,-1.3186420831179226e-05,-0.00012108675531893156
80,8.117739749793264e-07,0.04841460917204349,0.04999947933620686,-6.319215403868257e-07,-1.9672481697609178e-06,-7.9403555302615e-05,-0.00012391951167955995,-2.2695671475503332e-07,-4.941664584741587e-08,-1.3377252371655758e-05,-0.00012109840829022277
81,8.775432966125293e-07,0.048471248576696054,0.04999948848646891,-5.695312444998736e-07,-2.091223294068998e-06,-7.612370902516284e-05,-0.0001276562688872218,-2.3500031431922253e-07,-4.912891885453329e-08,-1.3565701680880459e-05,-0.00012093395168014076
82,9.490946842625991e-07,0.04852600913157107,0.049999497970199175,-5.09108982471489e-07,-2.3845974158465697e-06,-7.282055210521507e-05,-0.0001320253941230476,-2.4198581627388194e-07,-4.865036795396025e-08,-1.3751856601103612e-05,-0.00012058666690681656
83,1.0269450574379115e-06,0.0485787218318406,0.0499995077720968,-4.51050444241758e-07,-2.867732356816165e-06,-6.95013518938776e-05,-0.000137060706038028,-2.492703856660228e-07,-4.798419011395023e-08,-1.3935816929447725e-05,-0.00012005037620482978
84,1.1116544451600228e-06,0.04862917885113004,0.04999951787357945,-3.957108428892821e-07,-3.561441966442184e-06,-6.617336306552829e-05,-0.00014279525203164667,-2.553450428877113e-07,-4.7137027545295776e-08,-1.4117697734447287e-05,-0.00011931951476947118
85,1.203833435726269e-06,0.048677118829459395,0.04999952825309939,-3.4338737611377126e-07,-4.486844551256176e-06,-6.284366490925009e-05,-0.0001492590963607654,-2.6238572559122986e-07,-4.611338042624843e-08,-1.4297631383501089e-05,-0.00011838922097129528
86,1.30414460719971e-06,0.04872226217936687,0.04999953888649126,-2.943220281233044e-07,-5.665421122750363e-06,-5.951965132756893e-05,-0.00015644970699213445,-2.6708656264418096e-07,-4.492200000347748e-08,-1.4475768252823335e-05,-0.00011725548530297889
87,1.4133156904094609e-06,0.04876423430364474,0.049999549746895355,-2.48760306660513e-07,-7.118127232312699e-06,-5.62093784215648e-05,-0.00016436797159258276,-2.704605890357925e-07,-4.3584046645549945e-08,-1.4652280907472327e-05,-0.00011591540153038246
88,1.5321382360767091e-06,0.04880258918109046,0.049999560804574586,-2.0699505792651892e-07,-8.864081747561262e-06,-5.292034705527444e-05,-0.0001731559168547392,-2.777048280222516e-07,-4.2112861144552684e-08,-1.482737364014664e-05,-0.00011436711040487904
89,1.6614616345797731e-06,0.04883677191806787,0.049999572027393725,-1.6909740752941337e-07,-1.0923255067527692e-05,-4.9660402316606837e-05,-0.00018274961621500552,-2.8180210165373865e-07,-4.052876571584949e-08,-1.5001287825157077e-05,-0.00011260991552893584
90,1.8022314345366339e-06,0.04886607477625474,0.04999958338108493,-1.3520311791340332e-07,-1.3311862554696595e-05,-4.643710463872491e-05,-0.00019314521341584623,-2.8852397804257635e-07,-3.8851218722252955e-08,-1.517430092489267e-05,-0.00011064463525522206
91,1.9554772356013047e-06,0.048889819321397285,0.04999959482899176,-1.0539017378945981e-07,-1.6043125945037428e-05,-4.325901400400742e-05,-0.00020438703359104693,-2.941045238458173e-07,-3.7109574945650964e-08,-1.5346735261923267e-05,-0.00010847375449199216
92,2.12233153771219e-06,0.0489069449277256,0.04999960633195792,-7.96985017841944e-08,-1.9124833972187873e-05,-4.0134394549294215e-05,-0.00021650968119502068,-3.048384655812697e-07,-3.5332167001406087e-08,-1.5518970400559976e-05,-0.00010610156739001922
93,2.3040352126610213e-06,0.04891625765356836,0.0499996178485087,-5.806661422575353e-08,-2.2559850170335517e-05,-3.707213211274075e-05,-0.00022950934362597764,-3.1966004598871223e-07,-3.355064450239875e-08,-1.569144908066531e-05,-0.00010353434528523743
94,2.5019619906037536e-06,0.04891629803206739,0.04999962933489102,-4.0387228499588816e-08,-2.634271425604896e-05,-3.408081886423573e-05,-0.0002433921181363985,-3.411841760225798e-07,-3.17943508222219e-08,-1.586468147789084e-05,-0.00010078053149594065
95,2.7176321988943128e-06,0.04890537577510486,0.04999964074528035,-2.6442775452392818e-08,-3.0458924291281084e-05,-3.117006374566047e-05,-0.0002581285953056067,-3.7064677371745347e-07,-3.00954118793128e-08,-1.603924869579159e-05,-9.785094099422841e-05
96,2.952738805753274e-06,0.04888142766901893,0.04999965203184097,-1.5968832174524506e-08,-3.48806171906708e-05,-2.8349371241167838e-05,-0.00027373660122975707,-4.1028215491678566e-07,-2.848038462113156e-08,-1.6215804588107324e-05,-9.475883318866955e-05
97,3.209153162104657e-06,0.048842092693333256,0.04999966314496405,-8.57805664023049e-09,-3.956989293297771e-05,-2.5628604322007064e-05,-0.00029014269239269197,-4.5902035594735935e-07,-2.6972113891730794e-08,-1.6395069918935663e-05,-9.151991762371538e-05
98,3.488974754303372e-06,0.04878460165182699,0.04999967403402904,-3.8169245003320306e-09,-4.447310077651779e-05,-2.3017746488916505e-05,-0.0003071826067753136,-5.117808541399427e-07,-2.558470159785665e-08,-1.6577816809781078e-05,-8.81524288053801e-05
99,3.7945559349632413e-06,0.0487059560732197,0.04999968464774772,-1.1765250973501618e-09,-4.952037481325069e-05,-2.0527014379833724e-05,-0.00032466385164298117,-5.685258770427026e-07,-2.432456708479544e-08,-1.6764846304469708e-05,-8.467707494780498e-05
100,4.1285284108180795e-06,0.048602858424999264,0.04999969493481754,-1.1277848574653798e-10,-5.4624932667377436e-05,-1.8166357848480234e-05,-0.00034236337523907423,-6.231327347450133e-07,-2.318788983269146e-08,-1.6956961929456646e-05,-8.111674754641168e-05
101,4.4938320962658375e-06,0.048471925875157126,0.049999704845185455,-8.047859683214991e-11,-5.969009301948433e-05,-1.5945824418614546e-05,-0.00035982992267236114,-6.717033329550759e-07,-2.2160561372281017e-08,-1.7154933154796837e-05,-7.749629207303472e-05
102,4.893774595398037e-06,0.04830986307102545,0.04999971433056449,-5.770672609149122e-10,-6.459836570454024e-05,-1.387425534552465e-05,-0.0003767359012272209,-7.066217335705005e-07,-2.1215859910200883e-08,-1.7359453761986662e-05,-7.38420241317373e-05
103,5.332009903929268e-06,0.04811399232166494,0.04999972334575609,-1.1853112022941526e-09,-6.923544665753459e-05,-1.195994761545889e-05,-0.00039256070158444345,-7.395992156489228e-07,-2.0319982504665033e-08,-1.7571099234047762e-05,-7.01811724883417e-05
104,5.812672536873611e-06,0.04788219309977887,0.04999973184980777,-1.6008018419057162e-09,-7.34730280776309e-05,-1.0209790085941668e-05,-0.00040672902832739055,-7.617996402586868e-07,-1.942776529042191e-08,-1.7790280301982553e-05,-6.65415709526436e-05
105,6.340385441110726e-06,0.0476138312358801,0.049999739806170077,-1.6533388554272081e-09,-7.718048802819044e-05,-8.630265641557723e-06,-0.0004190333129372448,-7.933055599096406e-07,-1.849700044521704e-08,-1.8017210106882688e-05,-6.295104744390112e-05
106,6.920294353233211e-06,0.047309473270769974,0.04999974718325719,-1.3207957871420177e-09,-8.023544642373837e-05,-7.2266967289565905e-06,-0.0004291469231247902,-8.260564641204837e-07,-1.7482471706692567e-08,-1.825188423098129e-05,-5.943677369873894e-05
107,7.55817371751525e-06,0.046971452083615556,0.04999975395488115,-7.366120770748571e-10,-8.252727092025442e-05,-6.0035923043192844e-06,-0.00043679174268618226,-8.660072126076557e-07,-1.6343759390644548e-08,-1.8494056972665957e-05,-5.602482759485466e-05
108,8.260559936350806e-06,0.04660399338078426,0.04999976010043755,-1.7252211445127723e-10,-8.39556250223354e-05,-4.964829109605469e-06,-0.00044184719445183873,-9.118461434809433e-07,-1.505276801473359e-08,-1.874322970419619e-05,-5.273981486351449e-05
109,9.034823411010054e-06,0.04621318995180767,0.04999976560476105,-3.091307380205611e-11,-8.44410873208034e-05,-4.1136883067977854e-06,-0.00044431848800741136,-9.600183830116293e-07,-1.3595651296847947e-08,-1.8998653256518622e-05,-4.960441307714711e-05
110,9.889309365878335e-06,0.045806710261839155,0.04999977045843318,-8.24576940984863e-10,-8.393244858745744e-05,-3.4526051342306466e-06,-0.0004440989869181067,-1.0080049150928971e-06,-1.1976020239877902e-08,-1.925933356400626e-05,-4.663903358263239e-05
111,1.0833536645236837e-05,0.04539373377637493,0.049999774658042395,-3.1446205096301037e-09,-8.240638922060771e-05,-2.9827545635444203e-06,-0.0004411365371197462,-1.0567390518190223e-06,-1.0216052703666507e-08,-1.9524037714268965e-05,-4.3861605742337236e-05
112,1.1878333970988678e-05,0.04498473196612218,0.0499997782062429,-7.626464957489578e-09,-7.987323408052948e-05,-2.7008004616904148e-06,-0.00043549822294153273,-1.1072622783103725e-06,-8.80624410214798e-09,-1.9791263187868117e-05,-4.1287041538929204e-05
113,1.3036766757359884e-05,0.04459050314753702,0.049999781115458,-1.4459490118331164e-08,-7.640712371961984e-05,-2.6123929124852053e-06,-0.000429139327025041,-1.431040345778456e-06,-6.696553328691082e-09,-2.005932827533325e-05,-3.893073738000235e-05
114,1.4323042389075626e-05,0.04421940780796085,0.049999783386558805,-2.6054975271838687e-08,-7.187058171683004e-05,-2.7119184830691353e-06,-0.00042061807471327484,-9.851389677351108e-07,-4.778922103335185e-09,-2.0326560004162733e-05,-3.6802092749881056e-05
115,1.574875880033609e-05,0.0438852028736456,0.04999978503498098,-4.100424951172402e-08,-6.678456293902369e-05,-2.9924894350344823e-06,-0.0004097588825970888,-1.1237268608965678e-06,-3.095993485462919e-09,-2.0591203010980768e-05,-3.490368103120237e-05
116,1.733391766282255e-05,0.043590887207406996,0.04999978610163311,-6.005631903948225e-08,-6.114023373503633e-05,-3.437295330935472e-06,-0.00039045573794282973,-1.8430797581459046e-06,-1.6410570946549347e-09,-2.085098404410969e-05,-3.324007558469849e-05
117,1.9100038247206377e-05,0.04336924224742454,0.049999786626524274,-8.349601445238772e-08,-5.503752083619926e-05,-4.044986152662688e-06,-0.0003760958497878164,-1.3990605793878785e-06,-6.065598696142516e-10,-2.1103414380842564e-05,-3.181402534306801e-05
118,2.106665915403061e-05,0.04321566476865671,0.04999978665341687,-1.1142899703935114e-07,-4.8741958956272205e-05,-4.806328397865978e-06,-0.0003617041220422834,-1.4076243814997724e-06,-1.0930237412102605e-10,-2.1346245953141055e-05,-3.062480496480274e-05
119,2.325696391300808e-05,0.04313552370380132,0.049999786227577225,-1.437381755047358e-07,-4.247310318490403e-05,-5.711509193880145e-06,-0.00034753186628222466,-1.36745859435905e-06,-2.8991674414104613e-10,-2.1577246078563024e-05,-2.966950220771714e-05
120,2.56955114521121e-05,0.04313241675480216,0.049999785400141855,-1.79864108837399e-07,-3.645988173229937e-05,-6.75020071278393e-06,-0.0003340886614751071,-1.3117037269694265e-06,-1.2822631285330131e-09,-2.1794243517875083e-05,-2.894343643157256e-05
121,2.8409434832533873e-05,0.04320657591063458,0.049999784227443556,-2.1925785379269802e-07,-3.0896247210107884e-05,-7.912109693340457e-06,-0.00032160512637346983,-1.240868527929706e-06,-3.1263957309123356e-09,-2.199517461350965e-05,-2.844093444421266e-05
122,3.1427579694099874e-05,0.043356387581162274,0.04999978276873851,-2.6147510260367154e-07,-2.5948472910463474e-05,-9.187222597899804e-06,-0.0003097558219451457,-1.1101393511125934e-06,-6.122203277153163e-09,-2.2178104593874628e-05,-2.8155353680904903e-05
123,3.478097862161365e-05,0.043577348133533936,0.049999781088088655,-3.048699972550098e-07,-2.1758542187532275e-05,-1.0566715949912884e-05,-0.0002995732065755874,-1.0312027143299929e-06,-1.0270508053195128e-08,-2.2341253330053775e-05,-2.808005714999004e-05
124,3.850371535762124e-05,0.04386208943068475,0.04999977925051562,-3.4956784088313765e-07,-1.8415275688208e-05,-1.2041979728079111e-05,-0.0002901953994296491,-8.740972816667636e-07,-1.5651219115807062e-08,-2.248304001737725e-05,-2.8208938577142532e-05
125,4.2630592178178825e-05,0.04420230951220997,0.049999777319585034,-3.9453811136383105e-07,-1.5982564362840685e-05,-1.3604277498433004e-05,-0.0002818617213051766,-6.929977303116175e-07,-2.2284732063870875e-08,-2.2602150635213868e-05,-2.8535962211851585e-05
126,4.719896641677119e-05,0.04458492216154603,0.04999977535901445,-4.391584142249415e-07,-1.4478102299687575e-05,-1.5245364786713976e-05,-0.0002738412586040795,-6.040342555024836e-07,-3.0195542505807644e-08,-2.269751737727999e-05,-2.9055797002102267e-05
127,5.2249639184005774e-05,0.044999914534704206,0.049999773431045724,-4.828089689514679e-07,-1.3890121964414324e-05,-1.6957488857329865e-05,-0.0002662661427166313,-4.996508664589783e-07,-3.936706821512014e-08,-2.2768273787161565e-05,-2.9764167576930812e-05
128,5.782582215740456e-05,0.04543555832239215,0.04999977159600377,-5.250915126727664e-07,-1.4178377225338997e-05,-1.8733104321588638e-05,-0.0002590173971839249,-4.1598295297262666e-07,-4.9750623680525674e-08,-2.2813782365330486e-05,-3.065789602003555e-05
129,6.397385670050935e-05,0.04588042363241965,0.04999976991068476,-5.657923737112573e-07,-1.5282403067178447e-05,-2.0564868535745706e-05,-0.00025196847855113447,-3.504938774767652e-07,-6.125648125837881e-08,-2.2833626880016575e-05,-3.1734935275682034e-05
130,7.074315827107879e-05,0.046323858163425664,0.049999768427629106,-6.048147384081556e-07,-1.7126549361336995e-05,-2.2445498158521435e-05,-0.00024504633620381355,-3.0345032087097934e-07,-7.394573453989636e-08,-2.2827595367246064e-05,-3.299428826884475e-05
131,7.818704427744414e-05,0.046756403392982815,0.04999976719494752,-6.419766434540264e-07,-1.9624098064526474e-05,-2.436716716909503e-05,-0.0002385248662903905,-2.7355977749721205e-07,-8.737669950508328e-08,-2.2795670478596157e-05,-3.4436130459457846e-05
132,8.636259973072573e-05,0.04717001807937558,0.049999766254536844,-6.78059915821892e-07,-2.269456077852495e-05,-2.632052500806987e-05,-0.00023182884615380317,-2.490460531134886e-07,-1.0108894519399018e-07,-2.2738033033143527e-05,-3.606150865488578e-05
133,9.532937309226033e-05,0.0475586076437963,0.049999765642389636,-7.132038160597454e-07,-2.6235540147747895e-05,-2.8297998879672854e-05,-0.00022470967087429017,-2.4200301140808733e-07,-1.1600006796346145e-07,-2.2655015620633777e-05,-3.787151789745542e-05
134,0.00010515359364580599,0.047917482351587624,0.049999765393111156,-7.458567147740638e-07,-3.012767751624482e-05,-3.0293078205302548e-05,-0.00021899047715123743,-2.464088879605697e-07,-1.3134592208422054e-07,-2.2547034622589663e-05,-3.9868401497729206e-05
135,0.00011590961122910596,0.04824416802518587,0.049999765534282536,-7.784807301170943e-07,-3.434850833418514e-05,-3.229770173425814e-05,-0.0002133668021997437,-2.3200246346277709e-07,-1.4697435592052496e-07,-2.2414610456731808e-05,-4.205560455465304e-05
136,0.0001276709328181919,0.04853756833194463,0.04999976608427149,-8.110700637258674e-07,-3.8799650098905195e-05,-3.430100932217533e-05,-0.00020830833818763494,-2.4369259676859656e-07,-1.6262777153766995e-07,-2.2258434703546193e-05,-4.443635240286195e-05
137,0.00014051792473859844,0.04879562969082685,0.04999976705588861,-8.442300622574799e-07,-4.339654035650897e-05,-3.629556875178437e-05,-0.0002034485078183934,-2.420192686258815e-07,-1.781921383794192e-07,-2.2079306182375826e-05,-4.701391794028556e-05
138,0.00015453822544523655,0.04902024545643355,0.04999976845673338,-8.781437693013113e-07,-4.807740882384516e-05,-3.8273572140317305e-05,-0.00019912305288016796,-2.4588911173850647e-07,-1.9352153240537303e-07,-2.1878053847436157e-05,-4.979168503245072e-05
139,0.00016982468091520153,0.049213145561739696,0.049999770290208245,-9.133236249381898e-07,-5.2783577078166034e-05,-4.022779387200847e-05,-0.0001953942992258817,-2.5017217808454006e-07,-2.0847999547324507e-07,-2.1655559111163694e-05,-5.2773002944965335e-05
140,0.0001864765432929706,0.049376618773703716,0.0499997725544626,-9.503172800021229e-07,-5.746547099261167e-05,-4.2151736888962484e-05,-0.000192242136108689,-2.526499827126827e-07,-2.2294625692805913e-07,-2.1412744287129047e-05,-5.596106529941799e-05
141,0.00020459863474489392,0.04951330041862801,0.049999775242736376,-9.896357628643492e-07,-6.207610160053836e-05,-4.4039696777587074e-05,-0.0001896806206787005,-2.540868706546462e-07,-2.3681674944521617e-07,-2.115056321930699e-05,-5.93587679535695e-05
142,0.0002243020578082917,0.049626016520277816,0.0499997783437556,-1.031796808256085e-06,-6.657425067965817e-05,-4.588680159584356e-05,-0.00018771557370200753,-2.5371497258674935e-07,-2.4999640484352445e-07,-2.0869991497254084e-05,-6.296863828394375e-05
143,0.00024570434529959286,0.04971764820265134,0.04999978184204745,-1.0773548700619865e-06,-7.092490292967185e-05,-4.7689197441479524e-05,-0.00018631569400895387,-2.5166167461065925e-07,-2.6245173003294985e-07,-2.0572015951866048e-05,-6.679274775877251e-05
144,0.00026892941731152366,0.04979102110795943,0.04999978571842822,-1.1267792202454945e-06,-7.509570146205051e-05,-4.944409627160089e-05,-0.00018549493688624352,-2.468768514063413e-07,-2.7411997552547667e-07,-2.0257625627256445e-05,-7.083267476557252e-05
145,0.000294107849884304,0.04984881772505338,0.04999978995035867,-1.1806702501803471e-06,-7.90629238245664e-05,-5.1149339224663206e-05,-0.00018518755678087473,-2.405882355560607e-07,-2.849744400827678e-07,-1.9927807017237346e-05,-7.508946843745881e-05
146,0.0003213768107025617,0.04989353200427338,0.049999794512360946,-1.2395460671191497e-06,-8.280370595006707e-05,-5.28035685871432e-05,-0.00018537398136686534,-2.3374097679607075e-07,-2.9500990153706183e-07,-1.9583540094749233e-05,-7.956357148096816e-05
147,0.0003508804585543421,0.04992740832560888,0.04999979937663778,-1.3039254047047852e-06,-8.629954102566564e-05,-5.440621052929494e-05,-0.00018600260955281556,-2.2409885502838733e-07,-3.042132186054149e-07,-1.9225791888378306e-05,-8.425481740952472e-05
148,0.00038276986366042067,0.049952466844770574,0.04999980451347799,-1.374383137622997e-06,-8.953700186240127e-05,-5.595726689277175e-05,-0.00018700772488955408,-2.1453732301779382e-07,-3.1259641644936273e-07,-1.8855513140783108e-05,-8.916239769528902e-05
149,0.0004172030989421467,0.04997046568707702,0.04999980989182784,-1.45141038405564e-06,-9.250336173407481e-05,-5.7457532672996073e-05,-0.0001883515651570633,-2.0435371084204235e-07,-3.2021676629880015e-07,-1.847363520251113e-05,-9.428481742247475e-05
150,0.00045434574383336067,0.04998291870185888,0.04999981547990366,-1.5354541690137885e-06,-9.5189290086533e-05,-5.890807285861531e-05,-0.00019002081535290927,-1.9256053462868294e-07,-3.2708547077875503e-07,-1.8081066122660836e-05,-9.961996208197145e-05
151,0.0004943715603961664,0.04999111228983383,0.049999821245491405,-1.6271016143941708e-06,-9.759320601365103e-05,-6.031039989142333e-05,-0.00019193645857740194,-1.8180469396611443e-07,-3.332639853262186e-07,-1.767869089757938e-05,-0.00010516510080955569
152,0.0005374615428944079,0.04999611577741528,0.049999827156406426,-1.7267758722401492e-06,-9.971085791351369e-05,-6.166620616897977e-05,-0.00019411467656027526,-1.7117525885623763e-07,-3.387806209956288e-07,-1.7267371483474603e-05,-0.00011091688123012036
153,0.0005838049434017922,0.04999880318081937,0.04999983318082569,-1.8350538155416414e-06,-0.00010154466240070565,-6.297748819381287e-05,-0.00019646108557935804,-1.6057151697168592e-07,-3.436903706337592e-07,-1.6847946531928703e-05,-0.00011687136631128453
154,0.0006335992078746461,0.04999988314878115,0.04999983928767043,-1.9523454691138417e-06,-0.00010309598353885527,-6.424654606246907e-05,-0.00019897274614777416,-1.5065141667491844e-07,-3.480455366671103e-07,-1.6421231081201148e-05,-0.00012302402164512315
155,0.0006870496656904105,0.04999991379576583,0.04999984544702301,-2.0791080649598706e-06,-0.00010436888526081211,-6.547558379008761e-05,-0.00020160528947599232,-1.408714922490617e-07,-3.519009005974563e-07,-1.598801562659866e-05,-0.00012936976444355406
156,0.0007443712348542394,0.04999932640384197,0.049999851630341444,-2.215742389108604e-06,-0.00010536982830612254,-6.666695753228854e-05,-0.00020434947509784251,-1.318686031481775e-07,-3.5531010093052256e-07,-1.5549066350128445e-05,-0.00013590300412679538
157,0.0008057874273057474,0.049998443970008175,0.04999985781071607,-2.362642457687959e-06,-0.00010610664958726355,-6.782311414063904e-05,-0.00020718228188343346,-1.235043640690492e-07,-3.5832599531235397e-07,-1.5105127487334862e-05,-0.00014261767528372902
158,0.0008715305656777829,0.04999749973061227,0.04999986396296479,-2.5201932078975124e-06,-0.00010658847961658746,-6.894636184653968e-05,-0.00021007971372455359,-1.1553733969549285e-07,-3.609998483742585e-07,-1.4656922198917968e-05,-0.00014950726847435134
159,0.0009418426596255027,0.04999665328124214,0.049999870063793986,-2.6887111967024615e-06,-0.00010682508460565978,-7.003913267520898e-05,-0.0002130301872966811,-1.0841895203839158e-07,-3.6338256492462397e-07,-1.4205152748511334e-05,-0.00015656486259315355
160,0.001016974665958844,0.04999600445690715,0.04999987609190501,-2.868504278200892e-06,-0.0001068272141535002,-7.110368857515704e-05,-0.000216020765947178,-1.016826942645821e-07,-3.655209404014721e-07,-1.375050238034323e-05,-0.00016378316460922477
161,0.001097187659283468,0.04999560646065992,0.049999882028030504,-3.059825574016131e-06,-0.00010660625240049746,-7.214227278681233e-05,-0.00021903937158640474,-9.560422853382988e-08,-3.6746124181774656e-07,-1.3293636731154926e-05,-0.00017115454453668204
162,0.0011827523116599214,0.04999547545000716,0.04999988785497311,-3.262891163466095e-06,-0.00010617395359414,-7.315719546341479e-05,-0.00022207565780263394,-8.990637923034228e-08,-3.6924843250751443e-07,-1.2835203989075274e-05,-0.00017867106929274793
163,0.001273948526248512,0.04999559934928163,0.04999989355755341,-3.4778981961152426e-06,-0.000105542382959251,-7.415047037297238e-05,-0.00022512651048600674,-8.470279766470412e-08,-3.7092186009166327e-07,-1.2375837179786149e-05,-0.0001863245446494823
164,0.0013710674325837367,0.04999594632991017,0.049999899122583236,-3.7049749493815068e-06,-0.00010472410029025328,-7.51242095191189e-05,-0.0002281916094943881,-8.013169860987546e-08,-3.725214434492172e-07,-1.1916155305494257e-05,-0.00019410654830020446
165,0.0014744090653978404,0.04999646945149428,0.04999990453880924,-3.944231813173824e-06,-0.00010373133123530753,-7.608035435435817e-05,-0.00023125122243072838,-7.568927884449295e-08,-3.740821835663611e-07,-1.1456764619878316e-05,-0.00020200845468401434
166,0.0015842840135402098,0.049997112745458615,0.04999990979681716,-4.1957197097877675e-06,-0.00010257619874694921,-7.702063497934885e-05,-0.00023431750014424324,-7.176042515766312e-08,-3.756369808558544e-07,-1.0998260558915425e-05,-0.00021002147454217206
167,0.0017010138578549064,0.04999781451066868,0.04999991488895924,-4.4594515635286925e-06,-0.00010127113371856297,-7.794715237254902e-05,-0.00023738139134366065,-6.817377595780272e-08,-3.7722262806402594e-07,-1.0541228042179093e-05,-0.00021813667845957684
168,0.0018249284628869178,0.04999851060572974,0.049999919809229874,-4.735375547237491e-06,-9.982759830086103e-05,-7.886145694053417e-05,-0.00024045851023402065,-6.457074164245569e-08,-3.788589188958202e-07,-1.0086242922579292e-05,-0.00022634507506622556
169,0.0019563696767166882,0.04999913686408089,0.049999924553078424,-5.023589594035082e-06,-9.825991707526283e-05,-7.976531937377117e-05,-0.00024350685998797417,-6.19475670760039e-08,-3.805784951588962e-07,-9.633873551574398e-06,-0.00023463757515071842
170,0.0020956854786234012,0.0499996306478943,0.049999929117365866,-5.3238622945183695e-06,-9.657575617349166e-05,-8.066019243894312e-05,-0.00024656037567183375,-5.925782176063876e-08,-3.8240424182814175e-07,-9.184682695167605e-06,-0.00024300496806915433
171,0.002243237638966097,0.049999932773725025,0.04999993350029993,-5.636052731600801e-06,-9.478666269567321e-05,-8.154752772964478e-05,-0.00024958798894658685,-5.63988358237566e-08,-3.843633248986264e-07,-8.7392277705046e-06,-0.00025143803558843757
172,0.002399397947422697,0.049999987302509395,0.0499999377012681,-5.959962719284976e-06,-9.290374210861309e-05,-8.242898716116243e-05,-0.0002526238968130201,-5.396415403424726e-08,-3.864765119685771e-07,-8.29806117357505e-06,-0.0002599275868492346
173,0.002564544814008298,0.04999974428069337,0.049999941720664375,-6.295492872865418e-06,-9.093824295457837e-05,-8.330584562655168e-05,-0.0002556438266765326,-5.2005709960667446e-08,-3.8876441657263665e-07,-7.861733147267423e-06,-0.0002684644318149515
174,0.0027390668784369587,0.04999915869008775,0.049999945559793334,-6.642321916524325e-06,-8.889830544659947e-05,-8.417958053080689e-05,-0.0002586611080914736,-4.990856794506726e-08,-3.912467525511e-07,-7.430792731784134e-06,-0.0002770393891066117
175,0.0029233611800905347,0.04999819058607066,0.04999994922077084,-7.0002380884294995e-06,-8.679384498287559e-05,-8.505142230181285e-05,-0.00026166162570007145,-4.792696017830167e-08,-3.939426949405209e-07,-7.005788086301372e-06,-0.0002856433465262444
176,0.003117834826159111,0.04999680696067593,0.0499999527063963,-7.3689382445684075e-06,-8.463383011558074e-05,-8.592250587836464e-05,-0.00026465707924216986,-4.613240989215228e-08,-3.968679021797685e-07,-6.587268620750083e-06,-0.0002942672721912075
177,0.0033229035007151433,0.04999497958549992,0.04999995602007291,-7.74813244962117e-06,-8.242705155065428e-05,-8.679427578652251e-05,-0.00026764103677123785,-4.44723120551771e-08,-4.000417135543748e-07,-6.175785853583899e-06,-0.0003029022219900137
178,0.0035389872343625315,0.04999268698127757,0.049999959165688675,-8.137506116409669e-06,-8.018129163692398e-05,-8.766777774540588e-05,-0.00027061731088906527,-4.295164046652644e-08,-4.0347813874373906e-07,-5.771894621316798e-06,-0.0003115393475663277
179,0.0037665167386527554,0.04998991222734131,0.04999996214754764,-8.536692829962874e-06,-7.790413846510355e-05,-8.854427250213823e-05,-0.0002735836314968765,-4.145260490417968e-08,-4.071939961593093e-07,-5.37615460640127e-06,-0.0003201699227389024
180,0.004005926849708738,0.04998664483150142,0.0499999649702773,-8.945379630553406e-06,-7.560299752723825e-05,-8.94248531798001e-05,-0.0002765298413578421,-3.998817632577811e-08,-4.1120429413594274e-07,-4.9891310562873765e-06,-0.00032878535323941873
181,0.004257659773853769,0.04998287980222228,0.04999996763875023,-9.363183158249226e-06,-7.328453233899104e-05,-9.031065657170729e-05,-0.00027946490445174277,-3.864765218963839e-08,-4.1551510043490273e-07,-4.611396721329279e-06,-0.0003373771742183956
182,0.004522166539337785,0.04997861709306606,0.04999997015805535,-9.789571381106043e-06,-7.095482761534262e-05,-9.120291707404252e-05,-0.00028241740074008703,-3.6679949744211626e-08,-4.2015176605309463e-07,-4.243532460975988e-06,-0.0003459372171660107
183,0.004799900447597732,0.049973861824794706,0.049999972533328815,-1.0224658331315381e-05,-6.862483639447454e-05,-9.210250323520636e-05,-0.0002853345067705959,-3.6042777651346114e-08,-4.251278676844957e-07,-3.88612932343973e-06,-0.0003544575182692563
184,0.0050913127978656995,0.04996862453379496,0.04999997476976217,-1.0667829775657024e-05,-6.629618209056644e-05,-9.301047743693285e-05,-0.00028824637411162257,-3.5246664253918425e-08,-4.304539811805794e-07,-3.5397915802603304e-06,-0.0003629301152960811
185,0.005396857507566837,0.04996290946418684,0.04999997687264596,-1.1118661172395146e-05,-6.397255359907297e-05,-9.392780896452102e-05,-0.0002910965995397419,-3.3875043214948164e-08,-4.3615044747941713e-07,-3.2051360857600214e-06,-0.0003713471860716925
186,0.005716999281218594,0.04995674780196515,0.04999997884730341,-1.157664206196375e-05,-6.165915667922497e-05,-9.485545313196617e-05,-0.0002939171972684562,-3.274689674981346e-08,-4.422314208521749e-07,-2.8827931609633457e-06,-0.0003797011030578161
187,0.006052200864067244,0.04995016700728663,0.049999980699053134,-1.2041356597276686e-05,-5.936052799331208e-05,-9.579472870730451e-05,-0.00029671131051145494,-3.154598715582324e-08,-4.487130411719802e-07,-2.573409146831015e-06,-0.0003879844465898316
188,0.006402922454217527,0.049943198297207045,0.04999998243312502,-1.2512440028981302e-05,-5.708146843411727e-05,-9.674639425942338e-05,-0.0002994810347445309,-3.047612651130294e-08,-4.556248603694989e-07,-2.2776485703229006e-06,-0.00039619004139250004
189,0.006769623729072652,0.049935877614086036,0.04999998405462373,-1.2989694437931083e-05,-5.482664036346309e-05,-9.771191215595141e-05,-0.0003021812008228153,-3.001087023335458e-08,-4.6294819988937155e-07,-1.9961962112409702e-06,-0.0004043107770138455
190,0.007152759413234067,0.049928244651168574,0.04999998556858933,-1.347204547424932e-05,-5.259528998750932e-05,-9.869238253202054e-05,-0.00030488683842122555,-2.7681435810222865e-08,-4.7071847041920834e-07,-1.729758009823167e-06,-0.00041233988006678226
191,0.007552796775520282,0.04992034304098296,0.04999998697987265,-1.3959934207129123e-05,-5.039864808601356e-05,-9.968880580087374e-05,-0.0003075173881370574,-2.6853369305968045e-08,-4.789553946953719e-07,-1.4790633803271865e-06,-0.00042027104853941625
192,0.007970184079770298,0.049912236649487116,0.04999998829310637,-1.445284439192678e-05,-4.823820577311293e-05,-0.0001007023148744599,-0.0003101781476289034,-2.625924189203488e-08,-4.876683813958734e-07,-1.2448693073824486e-06,-0.0004280981279898776
193,0.008405357943305877,0.04990394237402737,0.04999998951277817,-1.4950563451138615e-05,-4.611632206456381e-05,-0.00010173401510898549,-0.0003127358795609325,-2.5146915660911873e-08,-4.968750129582638e-07,-1.027961873622382e-06,-0.0004358151620383554
194,0.008858758506161989,0.049895526686606476,0.049999990643232545,-1.5452541438530397e-05,-4.403514673518909e-05,-0.00010278516697354609,-0.00031524186488240957,-2.404945043110729e-08,-5.065981137223413e-07,-8.29157181556208e-07,-0.000443416447818055
195,0.009330810579219443,0.04988704925280034,0.04999999168867332,-1.5958589426037105e-05,-4.1997761253165456e-05,-0.00010385683485121488,-0.0003176864411216229,-2.3088340128651907e-08,-5.168598420970597e-07,-6.493047381649164e-07,-0.0004508965677219406
196,0.009821932640340092,0.0498785725077648,0.049999992653134644,-1.646840521180904e-05,-4.00065243358039e-05,-0.00010495028804335127,-0.0003200619830749929,-2.224918738136239e-08,-5.276521300382886e-07,-4.892905198151121e-07,-0.0004582503181126908
197,0.010332532784637437,0.04987015617829714,0.04999999354051525,-1.698139615968553e-05,-3.806241965216758e-05,-0.00010606679150967007,-0.0003223884850740433,-2.06404049407638e-08,-5.390423347387472e-07,-3.5003953273812217e-07,-0.0004654729158482757
198,0.010863003871720513,0.049861866375176714,0.04999999435452137,-1.7498091654075552e-05,-3.617155043981103e-05,-0.00010720749976431814,-0.00032460319926030934,-2.0618971419139598e-08,-5.510278952197698e-07,-2.325192033853274e-07,-0.00047255981105841655
199,0.011413710349610218,0.04985377623359186,0.049999995098726616,-1.8017471599195107e-05,-3.433049451225051e-05,-0.00010837386729228409,-0.00032676715636625886,-1.9447064403266268e-08,-5.63619272846897e-07,-1.3774294459626035e-07,-0.0004795065355952294
200,0.01198501371537363,0.04984593133361758,0.0499999957765977,-1.853945438181124e-05,-3.2542108595427756e-05,-0.00010956718950905443,-0.00032879141508601606,-1.8256617551060117e-08,-5.768684116158278e-07,-6.677299909981888e-08,-0.0004863090572548537
201,0.012577260561079794,0.04983843885634174,0.04999999639144314,-1.9064012985995508e-05,-3.080933215561396e-05,-0.00011078871349999083,-0.0003307382867205888,-1.7772483928979455e-08,-5.907816816656523e-07,-2.0724674724307985e-08,-0.0004929636192108685
202,0.013190764457530497,0.04983135393774776,0.04999999694645346,-1.959071343196154e-05,-2.9131545402240063e-05,-0.000112040119175949,-0.00033258358598686755,-1.6823097581664115e-08,-6.053855827992972e-07,-7.705777579915668e-10,-0.0004994666804679248
203,0.013825820125985391,0.04982474268388177,0.04999999744470218,-2.011944520060623e-05,-2.7510314848546353e-05,-0.00011332285779826731,-0.00033429209724999964,-1.5996572955145894e-08,-6.207115190219382e-07,-8.144715713586747e-09,-0.0005058150473914974
204,0.014482705621697543,0.049818691771151814,0.04999999788915124,-2.065002871145699e-05,-2.594689186063398e-05,-0.00011463842933733856,-0.0003358973772265017,-1.531773641261225e-08,-6.368035352376538e-07,-4.414734187093739e-08,-0.0005120058454276698
205,0.01516165910812633,0.049813263093586024,0.04999999828266079,-2.1182488269002817e-05,-2.444194983130045e-05,-0.00011598859853514297,-0.0003373526269569993,-1.495834389686479e-08,-6.536416003712127e-07,-1.10149885582553e-07,-0.0005180363704695104
206,0.015862900544851215,0.04980852475135675,0.04999999862801463,-2.1716051915092048e-05,-2.2994093976458956e-05,-0.00011737490391358313,-0.00033869463368318975,-1.3714021918076469e-08,-6.712847462629762e-07,-2.076003498500662e-07,-0.0005239043175717409
207,0.016586636630281686,0.049804543575018755,0.04999999892790791,-2.2251322868949544e-05,-2.1607185411487048e-05,-0.00011879931002336626,-0.000339869933668524,-1.345071165559375e-08,-6.897681671530347e-07,-3.3802944416397664e-07,-0.0005296078681808655
208,0.01733301636251926,0.04980139648653689,0.04999999918495369,-2.2788063069272718e-05,-2.0280610487127243e-05,-0.00012026342591362487,-0.0003409419732633978,-1.3044266999884258e-08,-7.091136870904782e-07,-5.030562323579775e-07,-0.0005351454143042705
209,0.018102158831853496,0.04979910566376795,0.049999999401713666,-2.332623011671015e-05,-1.901390625436464e-05,-0.00012176899585116198,-0.0003418231790419668,-1.2698805562649795e-08,-7.294008276299374e-07,-7.043944729236256e-07,-0.0005405156386640386
210,0.01889414520856551,0.04979773976552182,0.049999999580702253,-2.3866009178184947e-05,-1.780726475860993e-05,-0.00012331831948383994,-0.0003425040340516716,-1.3050765801381203e-08,-7.505713358828755e-07,-9.438603781617354e-07,-0.0005457172977143163
211,0.01970902541461804,0.04979734978408959,0.04999999972441284,-2.4406109812210794e-05,-1.6657279846424466e-05,-0.0001249132720352889,-0.00034303730353713036,-1.188138654129034e-08,-7.72715383860709e-07,-1.2233806005722126e-06,-0.0005507496125588692
212,0.020546849943491468,0.04979797414794693,0.049999999835296516,-2.494785198268447e-05,-1.5568881833409836e-05,-0.0001265561541430813,-0.00034336201497353613,-1.2506041535687018e-08,-7.958754772459539e-07,-1.5450016558736588e-06,-0.0005556124323431222
213,0.021407578599529468,0.04979967592810019,0.04999999991577103,-2.549090979541686e-05,-1.4540184110188507e-05,-0.00012824901496459105,-0.0003435709804762155,-1.2416275119164766e-08,-8.200651989904309e-07,-1.910896858069317e-06,-0.0005603057633518471
214,0.022291136195848618,0.049802412578254546,0.04999999996824461,-2.6035413048705035e-05,-1.3570209404253017e-05,-0.00012999419556867343,-0.0003435294493101537,-1.2835394969101799e-08,-8.453497244223004e-07,-2.323375835055239e-06,-0.000564829916622953
215,0.02319741447172778,0.0498062285134153,0.049999999995119226,-2.6581425242149936e-05,-1.2658458498372911e-05,-0.00013179406797462272,-0.000343276682542637,-1.3506627816184391e-08,-8.717587420559171e-07,-2.7848972091966117e-06,-0.0005691854842779908
216,0.02412625393007951,0.04981112379429334,0.04999999999879631,-2.7128817647325618e-05,-1.18034927714034e-05,-0.00013365102260520906,-0.00034281276748515666,-1.4170224993392821e-08,-8.993322815984939e-07,-3.298078854963553e-06,-0.0005733733362294871
217,0.025077460567957646,0.04981708682190658,0.04999999998167647,-2.767773826406229e-05,-1.1004678520966121e-05,-0.00013556784551581753,-0.0003421171277295798,-1.517373071635575e-08,-9.281174467467405e-07,-3.865711502669788e-06,-0.0005773946987309999
218,0.02605078685461223,0.04982410327300742,0.04999999994616117,-2.8228274737695245e-05,-1.0261113226185932e-05,-0.00013754725205376858,-0.00034119526389986277,-1.6374476885516742e-08,-9.581568036857605e-07,-4.490772475183251e-06,-0.0005812511360257052
219,0.02704593634748237,0.04983213283766848,0.049999999894654285,-2.8780638216247367e-05,-9.571785083031556e-06,-0.00013959228810069,-0.0003400401910766959,-1.787147851928239e-08,-9.894977364547678e-07,-5.176440378675996e-06,-0.0005849445317206456
220,0.028062558638856275,0.04984112119302529,0.049999999829562554,-2.9334949442602108e-05,-8.935406530576761e-06,-0.0001417057016975333,-0.00033864585566334426,-1.9646085647195832e-08,-1.0221833223547785e-06,-5.926111521127123e-06,-0.000588477088286686
221,0.02910026555436737,0.049850999136772635,0.04999999975329317,-2.9891420027395954e-05,-8.350745050964945e-06,-0.0001438903966749608,-0.0003370094345882535,-2.1730970800604155e-08,-1.0562601101089497e-06,-6.743416891676539e-06,-0.0005918513363678203
222,0.03015861807570654,0.04986168007513942,0.04999999966825011,-3.045025178105835e-05,-7.81641920349228e-06,-0.00014614985096321725,-0.00033512437948957086,-2.422333977847302e-08,-1.0917698406404024e-06,-7.632242744632115e-06,-0.0005950701230667282
223,0.03123711597403076,0.04987305976942685,0.04999999957682803,-3.101161769755841e-05,-7.330908703905985e-06,-0.00014848719242814272,-0.0003330008185002953,-2.697833956233353e-08,-1.1287788449091143e-06,-8.5967522844488e-06,-0.0005981366657770475
224,0.0323352187581759,0.04988501370903408,0.049999999481408194,-3.1576045729611535e-05,-6.893072666404115e-06,-0.00015090611845050464,-0.0003306155267637223,-3.0308765275322e-08,-1.1673333043351543e-06,-9.641408996781492e-06,-0.0006010544813622009
225,0.03345231224524791,0.04989739808855223,0.04999999938434535,-3.214357049236328e-05,-6.500729752629459e-06,-0.00015341008327713504,-0.0003279779339209199,-3.393837388898646e-08,-1.2074672003256726e-06,-1.0771002409109883e-05,-0.0006038273053148078
226,0.03458775387724161,0.049910047027698363,0.049999999287949765,-3.271435567270805e-05,-6.152036355992792e-06,-0.00015600282947513162,-0.00032507869764231145,-3.814972160398611e-08,-1.2492395514947196e-06,-1.1990677050219412e-05,-0.0006064592280758069
227,0.03574085831369649,0.04992275762858134,0.04999999919447752,-3.328886547137739e-05,-5.845566556550825e-06,-0.00015868960538059648,-0.0003219431673642248,-4.275927167896043e-08,-1.2925815351594872e-06,-1.3305968217033548e-05,-0.0006089547176391496
228,0.036910875518810185,0.04993509659070429,0.04999999910608883,-3.3867347999483017e-05,-5.579195905618584e-06,-0.00016147399678982752,-0.00031857952126301825,-4.770603467818546e-08,-1.33754355623741e-06,-1.4722833575022761e-05,-0.0006113185314281756
229,0.038096996732726596,0.04994690386293686,0.049999999024834194,-3.445019766502265e-05,-5.3509899971274405e-06,-0.00016436024086687864,-0.0003149690746795386,-5.350930720737779e-08,-1.3841525374398933e-06,-1.6247695559951215e-05,-0.0006135557270691436
230,0.03929835578491913,0.04995803355268888,0.049999998952663494,-3.5037752264069535e-05,-5.1589659455594505e-06,-0.00016735175144832887,-0.00031113994191400707,-5.983095263673022e-08,-1.4324839124164958e-06,-1.7887483698257778e-05,-0.0006156717526412423
231,0.040514063547092145,0.04996831672811682,0.049999998891409415,-3.5630958170696976e-05,-5.001635678830333e-06,-0.00017045271838545383,-0.0003070938400924206,-6.663269402906735e-08,-1.4825822538384075e-06,-1.964968058072757e-05,-0.0006176723083617226
232,0.04174314643932442,0.04997756129706181,0.04999999884274949,-3.622987247962182e-05,-4.876301320023383e-06,-0.00017366780041078785,-0.0003028276842087507,-7.399995638479595e-08,-1.534487533635445e-06,-2.1542378104727152e-05,-0.0006195631732188922
233,0.042984596899590104,0.04998554859151442,0.049999998808159835,-3.683465992415915e-05,-4.780560893252178e-06,-0.00017700160285630514,-0.00029834164888598025,-8.256602512801692e-08,-1.5882580519109823e-06,-2.3574342289258052e-05,-0.0006213503770151644
234,0.04423739092104906,0.04999204471927175,0.04999999878888414,-3.74457282373422e-05,-4.712406114231533e-06,-0.00018045890506459552,-0.0002936931559816003,-9.112930143828635e-08,-1.6439451340246434e-06,-2.57550821985503e-05,-0.0006230402405219429
235,0.045500448051555814,0.04999678529565371,0.04999999878589678,-3.8063450586265556e-05,-4.669702315198717e-06,-0.0001840439322065708,-0.00028890083194710314,-1.0017778606652428e-07,-1.7015852824533156e-06,-2.809491867046515e-05,-0.0006246392865789026
236,0.046772666809694816,0.049999483852958736,0.04999999879985911,-3.868813402104087e-05,-4.65016861435482e-06,-0.0001877615798075608,-0.0002839765802491456,-1.0994267540809233e-07,-1.7612206524842127e-06,-3.0605066520474156e-05,-0.0006261542152200488
237,0.04805289725000073,0.04999983731735242,0.04999999883107287,-3.932007266049491e-05,-4.65158878023484e-06,-0.00019161689093495502,-0.0002789461286738515,-1.2028607443426154e-07,-1.8228900179373703e-06,-3.3297733832540276e-05,-0.0006275918635410803
238,0.0493399437195828,0.04999752746355712,0.049999998879433044,-3.9959484211779506e-05,-4.671560295926142e-06,-0.00019561464906934692,-0.0002738332550507039,-1.3102969376177498e-07,-1.886622043374544e-06,-3.618622640659086e-05,-0.0006289591651790069
239,0.050632600249616966,0.04999222405968166,0.0499999989443768,-4.0606511550660796e-05,-4.707818976974236e-06,-0.00019976006502569243,-0.0002686723310034722,-1.4226877453893394e-07,-1.9524415520375787e-06,-3.928506730747144e-05,-0.0006302631152109704
240,0.05192961388007781,0.049983594502148926,0.04999999902483449,-4.126124527458041e-05,-4.757990147131558e-06,-0.00020405867658747232,-0.0002634897537063807,-1.5387779228603904e-07,-2.0202644167467824e-06,-4.261014163396783e-05,-0.0006315107412792037
241,0.053229731709428824,0.04997142183768561,0.04999999911916278,-4.192372962384455e-05,-4.819616833731279e-06,-0.00020851523932426892,-0.00025832143728621304,-1.6567116745136445e-07,-2.0900834370502054e-06,-4.617883964035101e-05,-0.0006327090227438977
242,0.05453164217121978,0.04995547764069824,0.049999999225106846,-4.259388424391489e-05,-4.8902821990226665e-06,-0.00021313444382886203,-0.00025319488486275077,-1.7779676397822186e-07,-2.161876312897384e-06,-5.00102357665887e-05,-0.0006338648114203279
243,0.05583402139703453,0.04993552414400019,0.04999999933978797,-4.327150895488396e-05,-4.967594795230316e-06,-0.00021792023518079587,-0.00024816382210701704,-1.8992446371157712e-07,-2.2356346068741467e-06,-5.4125273626601975e-05,-0.0006349848828220658
244,0.05713555158984316,0.04991132796582423,0.04999999945966462,-4.3956807552860354e-05,-5.04947553428151e-06,-0.0002228769952016394,-0.00024324760306626558,-2.0178227089218126e-07,-2.3113305743130604e-06,-5.8546992167786505e-05,-0.00063607575745491
245,0.058434868695932056,0.0498826688754719,0.04999999958048421,-4.464895416124418e-05,-5.13330754344904e-06,-0.00022800831410125355,-0.00023848563432693481,-2.138947223784271e-07,-2.388921772154254e-06,-6.33007764142554e-05,-0.0006371435550278035
246,0.059730640715260824,0.04984935150243944,0.049999999697248644,-4.534750142395458e-05,-5.216735356226853e-06,-0.00023331804054562964,-0.0002339058555662632,-2.2601514615416818e-07,-2.4683691813211198e-06,-6.841464889092e-05,-0.0006381940485642541
247,0.0610215208697401,0.049811188934370504,0.049999999804194575,-4.6051693226605754e-05,-5.297343602375627e-06,-0.00023880959869115666,-0.00022957321198191494,-2.3686150996127253e-07,-2.5496107369944604e-06,-7.391960736309133e-05,-0.0006392325844225455
248,0.06230616021166872,0.04976804961058051,0.04999999989477986,-4.676082776060615e-05,-5.372891592144069e-06,-0.00024448591643265157,-0.0002255014842376113,-2.4743459903220355e-07,-2.632565665003436e-06,-7.98499976847066e-05,-0.0006402639544577758
249,0.06358322256659163,0.04971984046713473,0.049999999961680135,-4.7473627869978405e-05,-5.440856115583137e-06,-0.00025034978538493024,-0.00022173089382704347,-2.575351629729994e-07,-2.717145015889071e-06,-8.624395501986042e-05,-0.0006412923155823116
250,0.06485136780976102,0.04966652017526033,0.04999999999680105,-4.818906769884523e-05,-5.498887565918999e-06,-0.0002564028084705151,-0.0002182813623221591,-2.6678341669139627e-07,-2.803234143139837e-06,-9.31439077817544e-05,-0.0006423210934097259
251,0.06610929083356139,0.04960809494397073,0.049999999991305,-4.890545297697176e-05,-5.544450438184077e-06,-0.0002626465704547173,-0.00021519190340768546,-2.749119119016541e-07,-2.8907041206966954e-06,-0.00010059715638317194,-0.0006433528666088132
252,0.06735569191532295,0.04954464904959411,0.049999999935656105,-4.9621160155504484e-05,-5.575061489108369e-06,-0.00026908215009006605,-0.0002124786115018651,-2.8231727355887415e-07,-2.9794143983149113e-06,-0.00010865656468656411,-0.0006443893247519525
253,0.06858928531223972,0.049476319077845096,0.0499999998196816,-5.033437307836959e-05,-5.588290775076785e-06,-0.00027570972711217365,-0.00021015603851992637,-2.8856737799287657e-07,-3.069202167446905e-06,-0.00011738135276765868,-0.0006454311446850371
254,0.06980882416262417,0.04940331613401078,0.049999999632652135,-5.104280255275098e-05,-5.5816865090842225e-06,-0.0002825291815043278,-0.00020824620150960982,-2.939438275006978e-07,-3.1598917501178163e-06,-0.00012683802576733482,-0.0006464779182781314
255,0.07101307868931722,0.04932592485817699,0.04999999936338071,-5.1744236942520195e-05,-5.552926064784885e-06,-0.00028953884592813303,-0.00020675182167906314,-2.9801668688378413e-07,-3.2512853324042162e-06,-0.00013710146086315787,-0.0006475281129685702
256,0.07220088600001509,0.04924448755780018,0.04999999900033889,-5.243603932911142e-05,-5.499825529160267e-06,-0.000296736995038027,-0.00020568711624946445,-3.0125289640636765e-07,-3.3431765536458952e-06,-0.0001482561885590132,-0.0006485790095786461
257,0.0733710959255414,0.049159421184227475,0.04999999853179212,-5.31155713545747e-05,-5.420427915491371e-06,-0.0003041210529334175,-0.0002050513430731371,-3.030644109003333e-07,-3.435347233541677e-06,-0.0001603979249142566,-0.0006496266739184671
258,0.07452260694054479,0.04907119883944617,0.04999999794594253,-5.3780041413742204e-05,-5.313105813363832e-06,-0.0003116875806907454,-0.00020484626293182373,-3.042743799142045e-07,-3.5275669186283345e-06,-0.00017363537886933258,-0.0006506659413492758
259,0.07565437345510795,0.04898034704916976,0.04999999723109156,-5.4426431775013736e-05,-5.176663923762483e-06,-0.0003194327843744742,-0.00020505829888861626,-3.047270524803025e-07,-3.6196096816337885e-06,-0.000188092416859109,-0.0006516903861512545
260,0.07676538522609777,0.048887423932820674,0.04999999637581198,-5.505158009007949e-05,-5.010281880811531e-06,-0.0003273510247873328,-0.0002056928351521492,-3.038645104425086e-07,-3.711213412357121e-06,-0.00020391064555028095,-0.0006526924089172441
261,0.07785471820248524,0.048793019935155224,0.049999995369114904,-5.565273138319107e-05,-4.814082238727319e-06,-0.00033543682520797866,-0.00020672311075031757,-3.0265593409239955e-07,-3.8021431782368034e-06,-0.00022125251983623733,-0.0006536632015256824
262,0.078921471013415,0.048697739011878634,0.049999994200642106,-5.622630638137701e-05,-4.588502926002958e-06,-0.0003436840646265778,-0.00020814794697798789,-3.0063966960369726e-07,-3.892154172114897e-06,-0.00024030513350130247,-0.0006545927575311667
263,0.07996480957964791,0.04860221075032921,0.049999992860838664,-5.6769394649379804e-05,-4.335065638314629e-06,-0.000352085631831118,-0.00020994796068407595,-2.9831218739673204e-07,-3.981006357324763e-06,-0.00026128482050197195,-0.0006554700468254606
264,0.08098397386961204,0.048507008457369785,0.04999999134111899,-5.727877765176025e-05,-4.056177430302093e-06,-0.00036063400474572386,-0.00021211286366451532,-2.946590598185139e-07,-4.068463626809388e-06,-0.00028444277533599087,-0.0006562830795602851
265,0.08197825269914721,0.04841271568333555,0.04999998963403307,-5.775158464956917e-05,-3.755394076694769e-06,-0.00036932024355332575,-0.0002146166516467929,-2.9063645001770055e-07,-4.154286490053456e-06,-0.00031007194462325536,-0.0006570190074310638
266,0.08294702427653892,0.0483198795090396,0.049999987733415824,-5.818478118606328e-05,-3.4372537539494693e-06,-0.0003781355585673089,-0.00021744627156294882,-2.861424377442745e-07,-4.23825596739507e-06,-0.00033851558111640934,-0.0006576642458428626
267,0.08388970948977822,0.04822900214305809,0.049999985634530585,-5.857567668248751e-05,-3.107449858737616e-06,-0.0003870704989173543,-0.00022058030299376696,-2.8081458935957926e-07,-4.320157743059417e-06,-0.0003701779344984791,-0.000658204629975988
268,0.08480579490440124,0.048140530693294284,0.04999998333415782,-5.892184274045145e-05,-2.7727942108575835e-06,-0.00039611483518124874,-0.0002240007306681946,-2.750387864125514e-07,-4.399788009433461e-06,-0.0004055376128189412,-0.0006586255377257462
269,0.08569483809531456,0.04805485523305106,0.04999998083069904,-5.922082525621404e-05,-2.441128621532612e-06,-0.000405258296666499,-0.00022767577320337296,-2.685484616904432e-07,-4.476974883722587e-06,-0.000445164494007532,-0.0006589120185787826
270,0.08655645399486211,0.04797230873553565,0.04999997812425396,-5.947039698270258e-05,-2.1213189300485076e-06,-0.0004144888489908549,-0.00023159710690379143,-2.6110203066309623e-07,-4.55149405195975e-06,-0.0004897412420255645,-0.0006590490642559845
271,0.08739033946524505,0.04789316243461155,0.04999997521663182,-5.9669267586062826e-05,-1.8231497649724125e-06,-0.0004237952952152688,-0.00023571320343762636,-2.5416022708668606e-07,-4.623206638197492e-06,-0.0005400909480668693,-0.0006590216082567775
272,0.08819621053498963,0.04781760654967329,0.049999972111420814,-5.9815139951081196e-05,-1.557131413903465e-06,-0.0004331658247675855,-0.00024002134159673005,-2.4595161107754393e-07,-4.691954503893054e-06,-0.0005972130183344612,-0.0006588146254442258
273,0.08897386624701165,0.04774580829559597,0.049999968813980465,-5.9906947920162203e-05,-1.334354805238712e-06,-0.0004425880729458832,-0.0002444787241984159,-2.3786866165664833e-07,-4.75760293051334e-06,-0.0006623301242164198,-0.0006584134280939917
274,0.08972315930531966,0.04767780849447226,0.049999965331397264,-5.9943406136809274e-05,-1.166357770033195e-06,-0.00045204949488046,-0.0002490701444912702,-2.2819789080585906e-07,-4.820019809968345e-06,-0.0007369503041987513,-0.0006578037679482201
275,0.09044399007414348,0.047613656826620054,0.049999961672438795,-5.992393620019962e-05,-1.0649814034876864e-06,-0.0004615365572103737,-0.00025375690893270075,-2.1858427601273434e-07,-4.8790796789004695e-06,-0.0008229499752458804,-0.0006569719901706767
276,0.09113632677674087,0.047553335106238284,0.04999995784747317,-5.98478954262707e-05,-1.0420286592641845e-06,-0.000471036058370319,-0.00025851043756119907,-2.0856573712535464e-07,-4.934673425991125e-06,-0.0009226864265661646,-0.0006559051504479115
277,0.09180017139181397,0.04749679478928728,0.049999953868412356,-5.971508004294258e-05,-1.1090669929662414e-06,-0.0004805347246881692,-0.0002633049734868109,-1.9835245268495783e-07,-4.986704693151847e-06,-0.0010391523388591586,-0.0006545911049477784
278,0.09243556400407726,0.047443954527185084,0.049999949748577646,-5.952549776328598e-05,-1.2773545066196332e-06,-0.0004900187626317812,-0.0002680994221009314,-1.8782903055125644e-07,-5.035082979195037e-06,-0.0011761909660214017,-0.0006530186112140902
279,0.09304259778042263,0.04739469690577734,0.049999945502595865,-5.927939444904272e-05,-1.5574892017786647e-06,-0.000499474702854571,-0.00027287585544399917,-1.7719654010761587e-07,-5.079728900473752e-06,-0.0013388007464277408,-0.0006511774320676268
280,0.09362139527494365,0.047348896203790874,0.0499999411462477,-5.897738843610797e-05,-1.959333945989077e-06,-0.0005088882731304046,-0.0002775978937279433,-1.666904125841029e-07,-5.120566052980781e-06,-0.001533574123843955,-0.0006490583954005868
281,0.09417212967095542,0.04730640848402968,0.049999936696345046,-5.8620095940371456e-05,-2.491826008561001e-06,-0.0005182457737201877,-0.00028224458219483495,-1.5603848169121193e-07,-5.157529531736005e-06,-0.0017693422565713,-0.0006466534583357165
282,0.0946949988263706,0.04726710176379712,0.04999993217060332,-5.8208513699690935e-05,-3.1628304198695195e-06,-0.0005275336271256887,-0.0002867788134608418,-1.4557548411175958e-07,-5.190566832155213e-06,-0.0020581430721439563,-0.0006439557512220541
283,0.09519023215821142,0.047230834737774105,0.04999992758744863,-5.774381319280063e-05,-3.9790750139354925e-06,-0.0005367381872391761,-0.00029118984821252525,-1.353538294779355e-07,-5.219625613530272e-06,-0.002416710075270013,-0.0006409596115826747
284,0.09565809101965522,0.047197475430380754,0.049999922965858916,-5.7227401654325365e-05,-4.945999078703395e-06,-0.0005458461158552605,-0.0002954381634481251,-1.2523243242412718e-07,-5.244665865345745e-06,-0.0028688251334972807,-0.0006376606146091479
285,0.0960988646805495,0.04716690919852732,0.04999991832518858,-5.666088193515761e-05,-6.0676997260688735e-06,-0.0005548437316421228,-0.0002995210525114089,-1.1578799075095958e-07,-5.26564341221738e-06,-0.003449151975137897,-0.0006340555681282052
286,0.09651287534117821,0.04713902836551867,0.04999991368504309,-5.604586335881916e-05,-7.347041302882557e-06,-0.0005637182695439845,-0.00030340865487232804,-1.0678524375862253e-07,-5.2825462080631435e-06,-0.004209703638775258,-0.0006301424600622184
287,0.09690046270867365,0.04711373761212786,0.04999990906517118,-5.5383967366618696e-05,-8.785847238951633e-06,-0.0005724570415982457,-0.00030709017300978303,-9.798582567555059e-08,-5.2953231298355636e-06,-0.005231195753671432,-0.0006259204939646275
288,0.09726199061746649,0.04709098104009422,0.04999990448521047,-5.4677628624865234e-05,-1.0383990895956025e-05,-0.0005810485692013196,-0.00031056348234415054,-9.058786787363715e-08,-5.3040369768987755e-06,-0.006643905278394252,-0.0006213899472089307
289,0.09759784407601907,0.0470706853113458,0.049999899964616984,-5.3927966826347254e-05,-1.2141921615863348e-05,-0.0005894807551963789,-0.00031380189466290176,-8.202686530012215e-08,-5.3086438941731425e-06,-0.008668058439552038,-0.0006165522707671576
290,0.0979084453474394,0.047052851110275414,0.04999989552244229,-5.313805972181955e-05,-1.4055809825790447e-05,-0.0005977418256007371,-0.00031680494430474937,-7.517177635918415e-08,-5.309154910844018e-06,-0.011696892259931922,-0.0006114101325362989
291,0.09819422887440499,0.04703743437377033,0.049999891177180456,-5.230974875047389e-05,-1.612304342319831e-05,-0.0006058208417564297,-0.00031955758458934724,-6.839167809857827e-08,-5.305575744982082e-06,-0.016479529876923003,-0.000605967193421348
292,0.09845565257292772,0.0470245171846472,0.04999988694674981,-5.144549193265624e-05,-1.8339099988305713e-05,-0.0006137082852514549,-0.00032208822085522115,-6.304485111741087e-08,-5.297963478310289e-06,-0.024554042396156505,-0.0006002280498873342
293,0.0986931832346169,0.04701408535514391,0.04999988284829701,-5.0547369707007625e-05,-2.0699830174296873e-05,-0.0006213942111470545,-0.00032437164918519557,-5.7645632267622204e-08,-5.286345521147445e-06,-0.039339702984682416,-0.0005941981647429079
294,0.09890731854587137,0.04700617699230927,0.04999987889812861,-4.9617824774261484e-05,-2.319931016971968e-05,-0.0006288700918173984,-0.0003264292317908257,-5.306523220838244e-08,-5.2707956829099664e-06,-0.06888280271351499,-0.0005878838211312105
295,0.09909856999929291,0.0470008295634148,0.04999987511158688,-4.865907262498352e-05,-2.5831940387430067e-05,-0.0006361269226440309,-0.0003282535762991756,-4.862452485099311e-08,-5.251363044091718e-06,-0.1308170835700489,-0.000581292080362864
296,0.0992674785273126,0.0469981147066975,0.049999871502988374,-4.767350571903521e-05,-2.8590320860300933e-05,-0.0006431570441430303,-0.00032985417055897415,-4.500948946883909e-08,-5.228114605151701e-06,-0.2465464787839683,-0.0005744307407175562
297,0.09941459479051251,0.04699808650114899,0.049999868085556044,-4.666350376314883e-05,-3.1467644155988934e-05,-0.0006499539506497466,-0.00033124504261650145,-4.186685131912782e-08,-5.201167821402018e-06,-0.13199271653050929,-0.0005673081861997772
298,0.09954048831881317,0.04700081326851395,0.04999986487132972,-4.563120594573429e-05,-3.44570767779534e-05,-0.0006565109121112139,-0.00033243000507354736,-3.887927846335515e-08,-5.170605061467282e-06,-0.07081517944567972,-0.0005599333914054456
299,0.09964574920433977,0.047006349450414465,0.049999861871088784,-4.457910236325829e-05,-3.755034760284305e-05,-0.000662822476626512,-0.00033342259121127427,-3.647035384801711e-08,-5.136540398626509e-06,-0.041386845860791055,-0.0005523158770662117
300,0.09973098048292539,0.047014738879300216,0.0499998590942901,-4.3509476148434245e-05,-4.074006683645916e-05,-0.0006688830304701309,-0.0003342293493915349,-3.43508936850867e-08,-5.0990885870666295e-06,-0.02645536564152718,-0.0005444656230421997
301,0.09979680582960701,0.04702605573551077,0.04999985654909811,-4.24244722241591e-05,-4.401808859866909e-05,-0.0006746883462661738,-0.00033486640313640237,-3.259658143406341e-08,-5.058379249728906e-06,-0.018181902819952394,-0.0005363930264317045
302,0.09984385796851558,0.047040313507921046,0.049999854242395475,-4.132627409033843e-05,-4.737680953998361e-05,-0.0006802368213841101,-0.0003353523788973689,-3.118204716656692e-08,-5.014504038218088e-06,-0.013211589056752217,-0.0005281088345752292
303,0.09987277056408903,0.04705846858986268,0.049999852179898746,-4.02170391639583e-05,-5.080872011294127e-05,-0.000685525693338752,-0.00033568107755854726,-2.986334379784239e-08,-4.967585068472349e-06,-0.01002078908811817,-0.0005196241160366745
304,0.09988419777904674,0.04708087972825212,0.049999850366176914,-3.9098861441951535e-05,-5.430597119571696e-05,-0.0006905519833850771,-0.0003358823887538165,-2.887874295254278e-08,-4.917786337649058e-06,-0.00786022221524817,-0.0005109502048412355
305,0.09987880965168186,0.04710741787737486,0.04999984880437408,-3.797388578775098e-05,-5.786145729761867e-05,-0.0006953127394841705,-0.00033594926935620606,-2.7916698286389874e-08,-4.865278673459227e-06,-0.006332958676891275,-0.000502098662401678
306,0.09985728708912993,0.04713791501793193,0.04999984749620566,-3.684399345683982e-05,-6.146741632616321e-05,-0.0006998062102873468,-0.00033589513623155653,-2.707812463143e-08,-4.81024426777936e-06,-0.005214788606252577,-0.0004930812839963919
307,0.0998203174468465,0.0471721916705453,0.04999984644205478,-3.571116094110331e-05,-6.511598962563738e-05,-0.0007040383376006063,-0.00033573395921848714,-2.634626206088342e-08,-4.758638349623533e-06,-0.004371834252120607,-0.00048391202219217716
308,0.09976953516510384,0.047243608298329326,0.04999984562069415,-3.458247198833848e-05,-6.876055183592091e-05,-0.0007080042357591804,-0.00033541882294230163,-2.7428649573835173e-08,-4.694067889306657e-06,-0.0037208111608086273,-0.0004746001739614721
309,0.0997049954373087,0.04733429758871963,0.04999984499753587,-3.34482257253671e-05,-7.243065701758966e-05,-0.000711702656428641,-0.0003350085171405226,-2.716932456792165e-08,-4.629610774513611e-06,-0.0032073615310582847,-0.0004651595796726063
310,0.09962686326014386,0.04742598389625298,0.04999984459327507,-3.230787949762197e-05,-7.614144187896112e-05,-0.0007151229182678677,-0.0003344582801219076,-2.6862551294470904e-08,-4.56190947437431e-06,-0.002795326171457702,-0.00045559902472877144
311,0.09953458494319145,0.04746963234153148,0.04999984446401771,-3.115954638730367e-05,-7.994694727078586e-05,-0.0007182771158335695,-0.0003338868264108896,-2.3577584329359524e-08,-4.50531688265201e-06,-0.0024595267758063468,-0.0004459314330381702
312,0.09943037806288717,0.04751421861367644,0.04999984462295718,-3.0024255227139383e-05,-8.375119665356513e-05,-0.0007211712904168083,-0.000333201460307464,-2.169514168315345e-08,-4.45091127375755e-06,-0.002182091938815546,-0.00043617148143860286
313,0.09931571682199013,0.04759091575252479,0.04999984503077728,-2.8907489205253034e-05,-8.749220017592683e-05,-0.0007238039761667315,-0.0003325218567624688,-2.1841589870064126e-08,-4.384871738230978e-06,-0.0019502354041882925,-0.00042633068156683573
314,0.09919034545329435,0.04766813320629564,0.04999984565741646,-2.7798406235543045e-05,-9.122075833585701e-05,-0.0007261775061249907,-0.00033183293999172747,-2.2292796941769666e-08,-4.319293493324333e-06,-0.0017543747146738162,-0.0004164230716584521
315,0.09905496470951576,0.04774549180511495,0.0499998465010318,-2.669898145969398e-05,-9.493445991297184e-05,-0.0007282892512599533,-0.000331000512233004,-2.1988086018609465e-08,-4.248724660194288e-06,-0.0015874390369250613,-0.0004064598685555572
316,0.0989095441153947,0.04779477939624156,0.049999847576656244,-2.560695846952647e-05,-9.867199325915401e-05,-0.0007301456005635723,-0.0003301455872133374,-1.961931594962607e-08,-4.192229935737634e-06,-0.0014438171905388317,-0.0003964575661484067
317,0.09875629938434749,0.04787125992832281,0.04999984886960479,-2.4538464734468835e-05,-0.00010231119377058149,-0.0007317470331630542,-0.00032909776200540364,-1.9592196309758947e-08,-4.124892268203725e-06,-0.001319414891586045,-0.0003864271494421385
318,0.09859499278282507,0.0479469852879685,0.04999985034486608,-2.3483544842963723e-05,-0.00010589753115531592,-0.0007330999511703957,-0.00032804577494971454,-1.793545756356707e-08,-4.053464322425184e-06,-0.0012109347400961717,-0.00037638200665706425
319,0.09842564271257374,0.047996516705816374,0.04999985201441623,-2.244143059560184e-05,-0.00010946343136882577,-0.0007342016676714064,-0.0003269455919507891,-1.787064896063839e-08,-3.995387553762439e-06,-0.0011156356788541574,-0.00036633885096135337
320,0.09825027930367507,0.04807006888344849,0.04999985386164734,-2.142564166878755e-05,-0.00011289576528246957,-0.0007350570538369586,-0.00032563862623646855,-1.767585011691608e-08,-3.927536646514427e-06,-0.0010315160592135023,-0.0003563091573668986
321,0.09806868479501579,0.04814225486806975,0.04999985585133451,-2.0426900205768588e-05,-0.00011624110569010611,-0.0007356733684795685,-0.0003243523824494332,-1.6393270740877597e-08,-3.860542970104712e-06,-0.0009568428360887031,-0.0003463073154918839
322,0.09788147273508752,0.04821257696637262,0.04999985797666788,-1.9446551497465713e-05,-0.0001194944795984701,-0.0007360595921008246,-0.00032291028765030205,-1.6549888570693838e-08,-3.7893733640028846e-06,-0.0008902768977721072,-0.0003363455556795632
323,0.0976887013781144,0.04825926377307396,0.0499998602477528,-1.8482557973957528e-05,-0.00012269762751785176,-0.0007362042144091088,-0.0003214221214875579,-1.475018507335335e-08,-3.731318104261707e-06,-0.0008305882518376723,-0.00032643965028312984
324,0.0974920840869756,0.04832537279476928,0.04999986264749398,-1.7547959728065418e-05,-0.00012571750699010573,-0.0007361200389167726,-0.00031972667784430087,-1.5101170092179927e-08,-3.6642182446911998e-06,-0.0007769073109684212,-0.0003166014123384879
325,0.09729143911517775,0.04838920280519861,0.049999865140993506,-1.6634376072729138e-05,-0.00012860405558719545,-0.0007358237269827817,-0.000317993137286976,-1.415014594385866e-08,-3.5933461291830314e-06,-0.0007284556367588343,-0.0003068440590339612
326,0.09708684912951751,0.04843138508973125,0.04999986773877704,-1.574005270205265e-05,-0.00013139866250684644,-0.0007352937881060546,-0.00031618919456377625,-1.380702041586801e-08,-3.5353276600086014e-06,-0.0006844969432120545,-0.0002971826060914843
327,0.09687983983942634,0.048490270198913506,0.04999987042520304,-1.4876160202461392e-05,-0.0001339773279122462,-0.0007345485920787235,-0.0003141437191516161,-1.4242542256681645e-08,-3.4689253394417875e-06,-0.0006445340769306475,-0.00028762865834389313
328,0.09667022834043994,0.048546552860876994,0.04999987316768832,-1.4035277322273905e-05,-0.00013638719293503044,-0.0007336108351677566,-0.00031204454717226326,-1.3673218113297025e-08,-3.399100977823367e-06,-0.0006081002712721146,-0.0002781949086770009
329,0.09645813267606879,0.0485831761302142,0.04999987597760961,-1.3215834230830142e-05,-0.0001386721741366312,-0.0007324645504123977,-0.0003098694432992488,-1.3587061253872434e-08,-3.337124499783746e-06,-0.000574755675654651,-0.0002688946925629868
330,0.09624451901839635,0.04861781244724943,0.04999987885760357,-1.2425658654435277e-05,-0.00014075564625123566,-0.0007310952083377937,-0.0003075557469855994,-1.3929583708716109e-08,-3.2785099957003306e-06,-0.0005441433721025963,-0.000259740487544723
331,0.09603005745856891,0.04866596624949601,0.04999988176969447,-1.1666657643373123e-05,-0.00014257126149836948,-0.000729532749924,-0.00030509656062349677,-1.4640344936367455e-08,-3.2125953052297862e-06,-0.0005159924492649322,-0.0002507436147175211
332,0.09581464090312311,0.04871151080800238,0.049999884686820234,-1.0931864775241089e-05,-0.00014417983732970801,-0.0007278042282032987,-0.00030254549346864223,-1.4891661237470544e-08,-3.143756613158264e-06,-0.0004900502012287702,-0.00024191518965317618
333,0.0955984281778015,0.04874023043495743,0.04999988762392934,-1.0219634984574453e-05,-0.0001456345818909883,-0.0007258864509278548,-0.00029991805786266923,-1.515577885413677e-08,-3.082597062827865e-06,-0.00046606305310673636,-0.00023326623396012784
334,0.09538222585734746,0.04876671081189046,0.0499998905872182,-9.536936184965699e-06,-0.00014685990815980327,-0.0007237848874269506,-0.00029717132565565407,-1.616508171764508e-08,-3.020623964877366e-06,-0.00044384863239848915,-0.00022480691103155827
335,0.09516632978830872,0.04879104821756772,0.04999989355939316,-8.883295426171691e-06,-0.00014784356868564538,-0.0007214783993830423,-0.0002943607105407864,-1.677788219467402e-08,-2.962459492896631e-06,-0.0004232107802989234,-0.0002165471846267337
336,0.09495122425412106,0.04882563479923872,0.04999989651006964,-8.26038875913199e-06,-0.0001485247116356344,-0.0007190354683419696,-0.000291391130303964,-1.797565118977218e-08,-2.8937370085781016e-06,-0.0004040412434581904,-0.00020849599441536348
337,0.09473671457420163,0.04884619212968051,0.0499998994344589,-7.659759569837423e-06,-0.00014903165976714282,-0.0007164246140364504,-0.000288395764073357,-1.8227693132644163e-08,-2.832800718478092e-06,-0.00038616856970823517,-0.0002006616305931003
338,0.09452345957505956,0.04886465945384525,0.04999990234420689,-7.087632418791094e-06,-0.00014929277881437845,-0.0007136509413846128,-0.00028528887196443975,-1.9542177653875115e-08,-2.771544537586068e-06,-0.0003694869768952882,-0.0001930517532257037
339,0.09431174063271482,0.04888116349819786,0.04999990522776576,-6.543331186244926e-06,-0.00014930863719928706,-0.000710721100586845,-0.0002821283123921603,-2.0663682320787302e-08,-2.710201001722605e-06,-0.00035388986115905365,-0.00018567336977276088
340,0.09410179373223287,0.048895732377013036,0.04999990807554268,-6.026490615384852e-06,-0.0001490731631574241,-0.0007076399423428669,-0.00027890331693924963,-2.1450691889413065e-08,-2.648936292635355e-06,-0.00033928240590632374,-0.00017853277819676995
341,0.09389388186901926,0.04890852373335218,0.04999991087969096,-5.536386463302028e-06,-0.00014859214313544286,-0.0007044132741986615,-0.0002756048343144357,-2.2480405093006084e-08,-2.5878871958534103e-06,-0.0003255800507287053,-0.00017163541712937163
342,0.09368825987409107,0.048919607711098816,0.04999991363394035,-5.0724885879234975e-06,-0.0001478700468341412,-0.0007010464877392676,-0.0002722470089793205,-2.3492733092211893e-08,-2.5271568739152376e-06,-0.00031270718436076186,-0.00016498590411851612
343,0.09348516979777444,0.04892903322053112,0.04999991633323702,-4.634251120797395e-06,-0.00014691256361047276,-0.000697545249326928,-0.00026883583632297814,-2.4475843574123246e-08,-2.4668239560222294e-06,-0.00030059601438813677,-0.0001585880399464787
344,0.09328484846878904,0.04893685381792118,0.04999991897353659,-4.221140208431804e-06,-0.0001457260853354954,-0.0006939146182018197,-0.0002653728879522532,-2.5473815057353022e-08,-2.4069489198537545e-06,-0.0002891856046357113,-0.00015244482875078873
345,0.09308751316000546,0.04894311637075123,0.049999921551641305,-3.8325913032605734e-06,-0.00014431713765824202,-0.0006901589841099497,-0.00026187518960796297,-2.6380339690490473e-08,-2.347551263046949e-06,-0.0002784210529903447,-0.00014655849726822806
346,0.09289337514439626,0.048947872520753236,0.04999992406508971,-3.468064514599464e-06,-0.0001426931424521922,-0.0006862851654002248,-0.0002583523455541581,-2.696359047149599e-08,-2.288743908196334e-06,-0.000268252775436074,-0.0001409304322645544
347,0.09270266855556725,0.048951181097121876,0.0499999265120695,-3.126739347155801e-06,-0.00014086782294617172,-0.0006822972095088474,-0.00025477478629909456,-2.824837963544269e-08,-2.2305228713498705e-06,-0.00025863590194716144,-0.00013556129069775918
348,0.09251555145632528,0.04895309009652456,0.04999992889117216,-2.8082302257206687e-06,-0.0001388436388820798,-0.0006782008640335194,-0.0002511853526812047,-2.8894033832216337e-08,-2.172924076786815e-06,-0.0002495297495292377,-0.00013045105387281402
349,0.09233223643619422,0.0489536421124741,0.04999993120128149,-2.5118389534490465e-06,-0.00013663292458782875,-0.0006740004881670662,-0.00024756620405241847,-2.974961255119979e-08,-2.1159742501531513e-06,-0.00024089735341575435,-0.0001255989818839106
350,0.09215288154531082,0.04895295898625813,0.049999933441601654,-2.236909159853811e-06,-0.00013424357989504063,-0.000669700609229786,-0.00024393734929617494,-3.025360229003127e-08,-2.05970143205757e-06,-0.00023270506902256963,-0.00012100363926217634
351,0.09197767243778962,0.04895109572207511,0.04999993561169189,-1.9826241844317805e-06,-0.0001316894370831318,-0.0006653065816417448,-0.00024029948690440506,-3.0800574535305714e-08,-2.0041339767071683e-06,-0.00022492221828391523,-0.00011666288764740096
352,0.09180678720124619,0.04894813082790617,0.04999993771142561,-1.7482446068835833e-06,-0.00012898280677868366,-0.0006608231616985001,-0.000236654348555021,-3.1320219306962827e-08,-1.9492976828093908e-06,-0.0002175207833651653,-0.00011257394654807768
353,0.09164038741223463,0.04894414673540765,0.04999993974085794,-1.5330031561878647e-06,-0.00012613581862796905,-0.0006562552477489722,-0.00023300234170164913,-3.179727414703848e-08,-1.895215355567459e-06,-0.00021047513489159454,-0.00010873342836480332
354,0.09147863260231294,0.04893922788520021,0.04999994170022466,-1.336098327651269e-06,-0.00012316141285164452,-0.0006516072511169585,-0.00022934834123589098,-3.215497912378851e-08,-1.8419088033888707e-06,-0.00020376179100332792,-0.00010513736502687455
355,0.09132167277715063,0.048933467986587105,0.049999943589961474,-1.1566959814810078e-06,-0.00012007298376457245,-0.0006468832425097102,-0.0002256998559460044,-3.240847590291196e-08,-1.7893976270990278e-06,-0.0001973592073983713,-0.00010178123938640841
356,0.09116964951450895,0.04892696440600183,0.04999994541075431,-9.939294677455493e-07,-0.00011688435336932259,-0.0006420881106631521,-0.000222052913159132,-3.262545078541734e-08,-1.737703511566531e-06,-0.0001912475886418412,-9.866002486281468e-05
357,0.09102270799734777,0.048919818548183294,0.04999994716347271,-8.469832698317148e-07,-0.00011360908395578009,-0.0006372264047083654,-0.00021841189300175756,-3.2807417227331825e-08,-1.6868454584922185e-06,-0.00018540872077090113,-9.576822468953988e-05
358,0.09088098543849665,0.04891212747488566,0.04999994884909434,-7.150207384441849e-07,-0.00011026096902124671,-0.0006323027139092472,-0.00021477919653989375,-3.28389440085175e-08,-1.6368420502233558e-06,-0.00017982582272960265,-9.309990465883805e-05
359,0.09074461949330874,0.04890399236535619,0.049999950468730715,-5.97200495256479e-07,-0.00010685421391714331,-0.0006273211675799154,-0.00021116201241966337,-3.280895199964107e-08,-1.5877089764343723e-06,-0.00017448341446694039,-9.064873141433663e-05
360,0.09061373650410268,0.04889551000863638,0.04999995202364077,-4.926838271379268e-07,-0.00010340280409355408,-0.0006222856281148914,-0.00020755633886437863,-3.268878501216932e-08,-1.5394614270744383e-06,-0.00016936719977308283,-8.840801407608208e-05
361,0.09048845801359323,0.048886793086503635,0.049999953515267995,-4.006325359774212e-07,-9.992069637373743e-05,-0.0006172007012062038,-0.00020396332547534257,-3.264350212361933e-08,-1.4921136340009275e-06,-0.0001644639579101267,-8.637074854922089e-05
362,0.09036890429771147,0.04887793203230037,0.049999954945184305,-3.202600537142229e-07,-9.642083784440907e-05,-0.0006120705812529374,-0.0002003892295761034,-3.239011547861992e-08,-1.4456792786155808e-06,-0.0001597614481743054,-8.45296553498375e-05
363,0.09025519683591497,0.048869027340589774,0.04999995631503588,-2.5078152807613535e-07,-9.29168658929347e-05,-0.0006068996372435058,-0.0001968300057342276,-3.214912780435952e-08,-1.400169745031217e-06,-0.00015524832598473752,-8.287721872989247e-05
364,0.090147448869022,0.0488601816288575,0.049999957626553834,-1.914409080037617e-07,-8.942117920325336e-05,-0.000601691720218605,-0.00019329108181409538,-3.188574027035429e-08,-1.3555939917534524e-06,-0.0001509140642441161,-8.140573169911388e-05
365,0.09004576511298001,0.04885147989227101,0.04999995888155867,-1.414999017928082e-07,-8.594592060248109e-05,-0.0005964504083743631,-0.00018977253057528287,-3.15663726269122e-08,-1.3119597090020925e-06,-0.00014674888497647043,-8.010733430800554e-05
366,0.08995024208903343,0.048843017639711946,0.049999960081984804,-1.0024948458591169e-07,-8.250253121667996e-05,-0.0005911799219233756,-0.00018627547251526266,-3.121111546988686e-08,-1.2692739150689089e-06,-0.00014274369565286707,-7.89740536395179e-05
367,0.08986098023941999,0.048834882963086884,0.049999961229833606,-6.702206629537874e-08,-7.910181408679999e-05,-0.0005858840857462142,-0.00018279990763403475,-3.091583167247336e-08,-1.2275417560394908e-06,-0.00013889003151014136,-7.799784308832029e-05
368,0.08977806768286789,0.04882715392157247,0.04999996232713082,-4.1178605165885974e-08,-7.575356210758322e-05,-0.000580566777361855,-0.00017934603965841234,-3.059189168652665e-08,-1.186767098641142e-06,-0.00013518000460793354,-7.71706171071844e-05
369,0.08970159129430474,0.04881990122767289,0.04999996337592638,-2.2112341399174956e-08,-7.246709536189742e-05,-0.0005752315119536024,-0.00017591861251275986,-3.025925821020792e-08,-1.146951981944562e-06,-0.0001316062579445632,-7.648428714832929e-05
370,0.08963162505769089,0.04881319476177767,0.04999996437829891,-9.249182205187798e-09,-6.925060885367081e-05,-0.0005698813160101727,-0.00017251209646929055,-2.999573212036921e-08,-1.1080951652343236e-06,-0.00012816192224685585,-7.593079821885999e-05
371,0.08956822657930215,0.048807103983855266,0.049999965336378224,-2.0506580113471795e-09,-6.611121169578321e-05,-0.0005645199392166405,-0.00016913338913582265,-2.976631563456067e-08,-1.0701974977697783e-06,-0.0001248405770825758,-7.550216027998804e-05
372,0.08951145758101009,0.04880167819046374,0.04999996625229658,-1.6003143509325943e-11,-6.30552128839507e-05,-0.000559150607927568,-0.0001657794346101582,-2.9519432231950304e-08,-1.0332565364444894e-06,-0.00012163621667233807,-7.519047667876278e-05
373,0.08946136532999777,0.048796969611959486,0.04999996712815383,-2.675984383759284e-09,-6.008803347171307e-05,-0.000553776661682094,-0.00016245344886556268,-2.9398165679594968e-08,-9.972683474223588e-07,-0.00011854321633298924,-7.498796922137044e-05
374,0.08941798976045275,0.04879301405165153,0.04999996796602278,-9.594178063273295e-09,-5.721414845759902e-05,-0.000548400876299639,-0.00015915297262836248,-2.9290815106719492e-08,-9.622278162316552e-07,-0.00011555630411951134,-7.48870038720433e-05
375,0.08938135143696851,0.04878984635838505,0.04999996876794287,-2.0366368448711148e-08,-5.443684746669159e-05,-0.000543025725727291,-0.00015588579117320478,-2.9177980920280788e-08,-9.281272890839566e-07,-0.00011267053420475024,-7.488011244318595e-05
376,0.08935146179113307,0.0487875010450939,0.04999996953594555,-3.4622856916274e-08,-5.1759004571271276e-05,-0.000537654206769782,-0.0001526483683846891,-2.916506502970151e-08,-8.949602166994059e-07,-0.00010988126214861701,-7.496001038669393e-05
377,0.08932832694427044,0.04878599075108108,0.04999997027202206,-5.201936629220571e-08,-4.918233893816236e-05,-0.0005322888550530926,-0.00014944275608286262,-2.919755104358046e-08,-8.627170780666741e-07,-0.00010718412302853889,-7.511961401077458e-05
378,0.08931193792127207,0.0487853290238015,0.04999997097809147,-7.224088558834204e-08,-4.6707972243424514e-05,-0.00052693229984961,-0.0001462705695303157,-2.926063658037492e-08,-8.313881546741836e-07,-0.00010457500997026017,-7.535205306503752e-05
379,0.08930227603207688,0.04878552297193572,0.04999997165600013,-9.499612750703151e-08,-4.4336198705661446e-05,-0.0005215866879738699,-0.00014313662541098893,-2.9319981109665605e-08,-8.009623776962476e-07,-0.00010205005666581978,-7.565068125531228e-05
380,0.08929931027498467,0.04878656764590075,0.04999997230752759,-1.2002367498547492e-07,-4.206693652343321e-05,-0.0005162538192861517,-0.00014003766409587115,-2.9482350782927824e-08,-7.714263780458848e-07,-9.960561880652274e-05,-7.600908535627925e-05
381,0.08930298944248101,0.04878845644640515,0.04999997293441126,-1.4708848344909547e-07,-3.9899288955331856e-05,-0.0005109359702555114,-0.00013697982649318874,-2.9604141360550784e-08,-7.427685451180882e-07,-9.723825791360869e-05,-7.642109104588954e-05
382,0.08931326654921727,0.04879118219575947,0.04999997353831989,-1.7597117746380153e-07,-3.783225665940896e-05,-0.0005056350098204412,-0.00013396171561907977,-2.982421420938408e-08,-7.149758759350347e-07,-9.494472927064048e-05,-7.688076799775154e-05
383,0.08933007311381475,0.04879471955082367,0.049999974120833506,-2.0647419681859236e-07,-3.5863921101356875e-05,-0.0005003528529605995,-0.00013098612544126809,-2.99647808787995e-08,-6.880336567589745e-07,-9.272196724923373e-05,-7.738243467133573e-05
384,0.0893533369168613,0.048799051444977544,0.04999997468345192,-2.3841985595364924e-07,-3.3992433228170964e-05,-0.0004950910374129043,-0.00012805590813513845,-3.0204414969148274e-08,-6.61926917460476e-07,-9.05670725057738e-05,-7.792065846801519e-05
385,0.08938296834536827,0.04880414831373399,0.04999997522759194,-2.716467469227036e-07,-3.221537818893593e-05,-0.0004898507706170408,-0.00012517532741185278,-3.0322350852429736e-08,-6.36639472531722e-07,-8.8477300667356e-05,-7.84902565252125e-05
386,0.08941886751758076,0.04880998506943128,0.04999997575461155,-3.0602188110964876e-07,-3.0530348324564044e-05,-0.00048463376519354844,-0.000122340046800673,-3.057305875131533e-08,-6.121600501164018e-07,-8.64500519380522e-05,-7.908629435648188e-05
387,0.08946093192631091,0.04881652926641414,0.04999997626580124,-3.4141657079132454e-07,-2.8934632180298837e-05,-0.00047944137144633695,-0.00011955703666899353,-3.0708754650277115e-08,-5.88474259960101e-07,-8.448286285830242e-05,-7.970408364285547e-05
388,0.08950904447842682,0.04882374822205508,0.0499999767623597,-3.7771668436919044e-07,-2.742525873490577e-05,-0.0004742748439255925,-0.00011682548938551918,-3.088133126993853e-08,-5.655639595734742e-07,-8.257339691248322e-05,-8.03391825420723e-05
389,0.08956307722346273,0.0488316063599273,0.049999977245396815,-4.1481403825616826e-07,-2.5999031258577395e-05,-0.00046913511696266636,-0.0001141460525104776,-3.101925116766324e-08,-5.43407059819276e-07,-8.071943616727009e-05,-8.098739017058188e-05
390,0.08962289730986125,0.04884007426331033,0.049999977715939475,-4.5261481637381345e-07,-2.4652952685723157e-05,-0.00046402297233106687,-0.00011152531806146726,-3.1140825029751795e-08,-5.219755379539533e-07,-7.891887290502916e-05,-8.164473921954695e-05
391,0.08968837017156646,0.048849125212035376,0.04999997817495787,-4.910428645505677e-07,-2.3384263289361394e-05,-0.0004589395030015941,-0.00010896194726228714,-3.127954428805424e-08,-5.012349749722411e-07,-7.7169702050317e-05,-8.23074899386981e-05
392,0.08975937693725507,0.048858724840755624,0.04999997862336872,-5.300249181841694e-07,-2.2190855704810303e-05,-0.000453886456016674,-0.00010646462760632858,-3.1387990873099625e-08,-4.81209485527338e-07,-7.547001622303857e-05,-8.29721239782529e-05
393,0.08983581263303261,0.048868844442565326,0.049999979062067594,-5.695936221705889e-07,-2.1072100171708684e-05,-0.00044886457419117523,-0.00010402050247648731,-3.13565564624696e-08,-4.61871068490563e-07,-7.381800041801846e-05,-8.3635354728859e-05
394,0.08991750223337094,0.04887942570969161,0.04999997949190576,-6.096789213104149e-07,-2.00239989089364e-05,-0.00044387457546084914,-0.00010163991100853309,-3.136085169330727e-08,-4.432010409716143e-07,-7.221192663500854e-05,-8.429412598739839e-05
395,0.09000428847477578,0.048890413981340766,0.0499999799136536,-6.502523715765657e-07,-1.9043817935379126e-05,-0.0004389167635465555,-9.931893146131188e-05,-3.133652271003484e-08,-4.251809358965949e-07,-7.06501480423738e-05,-8.49455938534729e-05
396,0.09009598093750928,0.048901825789917634,0.04999998032801369,-6.912705447876738e-07,-1.8127979167761562e-05,-0.00043399213672517764,-9.706080163596198e-05,-3.119803082540784e-08,-4.077930757712764e-07,-6.913109369153141e-05,-8.558712398998541e-05
397,0.09019242570931044,0.04891363212218606,0.04999998073561923,-7.327182970534402e-07,-1.7274296641547288e-05,-0.00042910133350964,-9.486474300501868e-05,-3.116917568490862e-08,-3.910199711192911e-07,-6.765326523421306e-05,-8.621628875798854e-05
398,0.09029345586756748,0.04892581269290863,0.04999998113705016,-7.74587119006478e-07,-1.648042834086146e-05,-0.00042424516853262315,-9.273426985600963e-05,-3.097113676631125e-08,-3.7484372798293224e-07,-6.621523233428288e-05,-8.683086033955438e-05
399,0.09039890386885549,0.048938341133695495,0.049999981532830994,-8.168692929342084e-07,-1.574414189629513e-05,-0.0004194243561910023,-9.06676723388955e-05,-3.0782651094796165e-08,-3.592587770228613e-07,-6.481562897021495e-05,-8.742880787612455e-05
400,0.09050860049567687,0.04895120597868051,0.049999981923442516,-8.595946753755114e-07,-1.506354128722799e-05,-0.00041463875657616163,-8.866225107340142e-05,-3.048429064733682e-08,-3.442215677833968e-07,-6.345315048744746e-05,-8.800829341577875e-05
401,0.0906223488645691,0.04896438611854762,0.04999998230931529,-9.02712201032473e-07,-1.4435588615640302e-05,-0.00040988954067144607,-8.672536932863295e-05,-3.042306317979637e-08,-3.297312457597242e-07,-6.212654923807026e-05,-8.856766240465944e-05
402,0.09074000603509269,0.048977879135400214,0.04999998269084491,-9.462940949792388e-07,-1.3859612101402192e-05,-0.0004051772531756983,-8.485525177093223e-05,-2.9980174787169744e-08,-3.1577099740650407e-07,-6.0834631953255656e-05,-8.91054443785961e-05
403,0.09086139175705553,0.04899168075621521,0.049999983068395225,-9.903478159968568e-07,-1.3333624902272263e-05,-0.0004005026201133639,-8.304510993184522e-05,-2.9767742049102708e-08,-3.023243307590037e-07,-5.9576258036001705e-05,-8.9620351198154e-05
404,0.09098634259617833,0.04900575454828723,0.04999998344229174,-1.0349186009415186e-06,-1.2856181267075636e-05,-0.00039586594915554666,-8.130058267852291e-05,-2.936961074340161e-08,-2.8937458798632695e-07,-5.835033621196588e-05,-9.011126825897821e-05
405,0.09111466668837376,0.04902010418438394,0.04999998381282546,-1.0800207320689881e-06,-1.2425219848606197e-05,-0.00039126761208773753,-7.961854134919122e-05,-2.8962990228365015e-08,-2.7690562738766536e-07,-5.715582104441821e-05,-9.057725104443837e-05
406,0.09124618444470192,0.04903472304560233,0.049999984180246884,-1.1256942480674121e-06,-1.2039196251916818e-05,-0.00038670833970111894,-7.8003024100326e-05,-2.8474516966525698e-08,-2.6490244911229776e-07,-5.599171145808098e-05,-9.101752042769039e-05
407,0.09138072067501857,0.04904960519163809,0.049999984544766535,-1.1719644008398001e-06,-1.1696534921127515e-05,-0.00038218854903173755,-7.644900324521586e-05,-2.8081899472454097e-08,-2.5334948764119793e-07,-5.48570486084634e-05,-9.143145810530308e-05
408,0.09151809753153894,0.04906474597881154,0.04999998490655232,-1.2188736923387833e-06,-1.139587132294831e-05,-0.00037770891705135926,-7.495709724025801e-05,-2.7608555441815952e-08,-2.4223202418880047e-07,-5.3750913414010016e-05,-9.181860360008119e-05
409,0.09165814403777696,0.04908013693310787,0.049999985265740385,-1.2664669453239568e-06,-1.1135925972006761e-05,-0.00037326987050355197,-7.35274952603504e-05,-2.706754820280821e-08,-2.315354162476262e-07,-5.26724251900931e-05,-9.217865033552667e-05
410,0.09180068324475175,0.04909577431954439,0.04999998562243321,-1.314787986899061e-06,-1.091540195008201e-05,-0.00036887172686718363,-7.2160990384873e-05,-2.6504347161449004e-08,-2.2124484995960958e-07,-5.162073891570394e-05,-9.25114418066597e-05
411,0.09194553504778212,0.049111647250284725,0.04999998597670436,-1.3638882014630175e-06,-1.0733022823282691e-05,-0.00036451516195633093,-7.085149991326034e-05,-2.595159109830547e-08,-2.1134674955277398e-07,-5.059504337328262e-05,-9.281696704538787e-05
412,0.09209252746591196,0.04912775099724375,0.04999998632859495,-1.4138101822151773e-06,-1.0587560090178833e-05,-0.00036020067908994105,-6.960565951885656e-05,-2.534017973232494e-08,-2.0182734857298678e-07,-4.959456005944371e-05,-9.309535635082923e-05
413,0.09224148736655588,0.04914406767485347,0.049999986678109065,-1.464602647644018e-06,-1.0477873274952705e-05,-0.0003559290233059165,-6.841815775260329e-05,-2.469992033127255e-08,-1.9267848370127727e-07,-4.861854155544118e-05,-9.334687934114766e-05
414,0.09239224687580994,0.04916059008113874,0.04999998702521955,-1.5163315915393263e-06,-1.0402950830315175e-05,-0.00035170035731599356,-6.728557491442189e-05,-2.3927546166646607e-08,-1.8387527045969727e-07,-4.766626976039225e-05,-9.357193871295763e-05
415,0.09254462096188702,0.04917729679168939,0.049999987369856114,-1.5689890803699187e-06,-1.0361104537462828e-05,-0.0003475152771600822,-6.62146630929783e-05,-2.34067023541229e-08,-1.7541028311476497e-07,-4.673705359278449e-05,-9.377106727231731e-05
416,0.09269845707274378,0.04919418228251175,0.0499999877119275,-1.6226844402733467e-06,-1.0352037233907164e-05,-0.00034337449124604327,-6.520207534777e-05,-2.2598824145347862e-08,-1.67275018791432e-07,-4.583022812006907e-05,-9.394492980370385e-05
417,0.0928535858647665,0.049211229555287804,0.049999988051327104,-1.6774684419691897e-06,-1.0374621331713203e-05,-0.0003392785197808706,-6.423936429200694e-05,-2.1894463131388875e-08,-1.5945498822507227e-07,-4.494515398793841e-05,-9.409431753081395e-05
418,0.09300984399894197,0.04922840020647633,0.04999998838791636,-1.733394905560258e-06,-1.0427830366773337e-05,-0.00033522798543465804,-6.333394412649795e-05,-2.111391950165853e-08,-1.5193843963058646e-07,-4.4081215725946086e-05,-9.422014030171884e-05
419,0.09316706585509262,0.0492456763485741,0.04999998872152764,-1.7905068952388482e-06,-1.0510586963872112e-05,-0.0003312232696758206,-6.247750570764765e-05,-2.0321015981039636e-08,-1.4471320753472474e-07,-4.3237819812732456e-05,-9.432342437797276e-05
420,0.09332508376422077,0.049263039864356754,0.04999998905196531,-1.8488581949852687e-06,-1.062176673708684e-05,-0.0003272648951384519,-6.16749093751423e-05,-1.9519125871170218e-08,-1.377672452024398e-07,-4.241439347531766e-05,-9.440531013953157e-05
421,0.09348374051211021,0.04928046073672068,0.04999998937901523,-1.908505456396382e-06,-1.0760535022102992e-05,-0.0003233534828593196,-6.092312469263561e-05,-1.8749529928641095e-08,-1.3109042174148635e-07,-4.161038404158131e-05,-9.446705016536016e-05
422,0.09364288373051222,0.04929790840625974,0.049999989702447185,-1.96951611257486e-06,-1.0926106646267756e-05,-0.00031948972693233047,-6.022019806550816e-05,-1.792630932584416e-08,-1.2467407380946438e-07,-4.082525776834922e-05,-9.451001037886667e-05
423,0.09380236230168996,0.049315352627603656,0.04999999002201706,-2.031963435215927e-06,-1.1117716747256638e-05,-0.00031567416813955626,-5.956170571153052e-05,-1.7097649518404978e-08,-1.1850876968385269e-07,-4.005849910821204e-05,-9.453566206899315e-05
424,0.09396201919969216,0.04933275192418307,0.04999999033746633,-2.0959059234937593e-06,-1.1334249111871634e-05,-0.0003119072941169632,-5.8945955970557407e-05,-1.6213880016380244e-08,-1.1258446112128328e-07,-3.930960962684405e-05,-9.454557384227102e-05
425,0.09412169650158604,0.0493500802858913,0.04999999064851842,-2.1613897785701812e-06,-1.1574560825933007e-05,-0.0003081894042770409,-5.837132266606204e-05,-1.5391407259812695e-08,-1.0689134489368274e-07,-3.85781066247532e-05,-9.454140952587933e-05
426,0.09428123993455007,0.049367301371958786,0.049999990954886664,-2.228480568349802e-06,-1.1837602722021019e-05,-0.00030452117720442207,-5.7837332860799506e-05,-1.4503593881443066e-08,-1.0142009767333361e-07,-3.7863522434793756e-05,-9.452492682382041e-05
427,0.09444050253601795,0.04938438545844417,0.04999999125627485,-2.2972223555086108e-06,-1.2122305362263069e-05,-0.0003009030654666887,-5.7341228966834024e-05,-1.3762309514220306e-08,-9.616215090842e-08,-3.716540392195638e-05,-9.449796945819889e-05
428,0.09459934040041915,0.04940129715841466,0.04999999155237891,-2.3676836803141966e-06,-1.2427782727068344e-05,-0.00029733565641351824,-5.6883134675445035e-05,-1.2929176840259515e-08,-9.110899643279249e-08,-3.6483311930206474e-05,-9.446246539650407e-05
429,0.09475761451564974,0.04941799815403228,0.0499999918428962,-2.439928680722397e-06,-1.2753112352550018e-05,-0.0002938192347894744,-5.6456327001797035e-05,-1.2214191436044075e-08,-8.625254525657834e-08,-3.581682029746109e-05,-9.442042523372643e-05
430,0.09491518178968837,0.04943445950943958,0.04999999212753179,-2.514034891218853e-06,-1.3097276013794736e-05,-0.00029035419726698356,-5.606237755273469e-05,-1.1452930159805419e-08,-8.15849316974908e-08,-3.516551463812214e-05,-9.437393814510266e-05
431,0.09507190428872885,0.049450647247243934,0.04999999240600275,-2.5900751824631436e-06,-1.3459381025846766e-05,-0.0002869410137161209,-5.5698306823614985e-05,-1.0749603873705382e-08,-7.709948715463134e-08,-3.4528992183503704e-05,-9.432516715183522e-05
432,0.09522764748195095,0.04946653091722033,0.049999992678034455,-2.6681201905377894e-06,-1.383839646317879e-05,-0.00028358004042626663,-5.536042226594873e-05,-1.0105283720918123e-08,-7.278893657148626e-08,-3.390686188848898e-05,-9.427633954437625e-05
433,0.09538227952275587,0.04948208032619341,0.04999999294336407,-2.7482445557681595e-06,-1.4233398423564871e-05,-0.00028027161764626455,-5.505080480361357e-05,-9.488145380487367e-09,-6.864662385351484e-08,-3.329874333169219e-05,-9.422974782029178e-05
434,0.09553567214551854,0.049497267374838394,0.0499999932017464,-2.830535495795304e-06,-1.464347681156458e-05,-0.00027701599371014984,-5.476252408698201e-05,-8.92399754093276e-09,-6.466651764886939e-08,-3.2704266255589696e-05,-9.418774128629961e-05
435,0.0956876944285564,0.04951206899441383,0.04999999345295691,-2.9150742252646913e-06,-1.5067548124724184e-05,-0.0002738133087875833,-5.4495951189892367e-05,-8.392843753313173e-09,-6.084269412878572e-08,-3.2123070158369684e-05,-9.415271954700323e-05
436,0.09583822050781364,0.04952645998771999,0.049999993696792276,-3.001949393824729e-06,-1.5504711491178767e-05,-0.00027066383920755407,-5.424960909294896e-05,-7.908846910709144e-09,-5.716968751068686e-08,-3.1554803936743575e-05,-9.412713044723337e-05
437,0.09598712795574431,0.049540415274101274,0.04999999393307152,-3.0912485709608047e-06,-1.59539128900502e-05,-0.0002675676596622772,-5.4019135859562084e-05,-7.503772714301249e-09,-5.3642348638519134e-08,-3.099912569528762e-05,-9.411346147756681e-05
438,0.09613429567220114,0.04955392201751792,0.04999999416163959,-3.183070106421004e-06,-1.641414557906991e-05,-0.0002645252674122775,-5.380613947636448e-05,-7.086454534288578e-09,-5.02557953146777e-08,-3.0455702370500173e-05,-9.411423272360837e-05
439,0.09627961091477893,0.04956695970941466,0.04999999438236387,-3.27749532435989e-06,-1.688436704832322e-05,-0.0002615363287700724,-5.360613067750819e-05,-6.794860674119718e-09,-4.7005411289863514e-08,-2.9924209480826843e-05,-9.413199181611907e-05
440,0.09642295420325227,0.049579519546847764,0.049999994595137154,-3.374633393145652e-06,-1.736362352985987e-05,-0.00025860079054053304,-5.341938231140375e-05,-6.459652812651484e-09,-4.388694502607907e-08,-2.940433072828283e-05,-9.416930470961291e-05
441,0.09656420897530542,0.049591590005432326,0.049999994799879786,-3.4745679012261397e-06,-1.785073502753517e-05,-0.000255718628879408,-5.324299490894191e-05,-6.238997318774864e-09,-4.0896444128652e-08,-2.8895757806368635e-05,-9.422874892339432e-05
442,0.09670326766683583,0.04960316302404575,0.049999994996536984,-3.5774050383709662e-06,-1.8344680528526905e-05,-0.0002528897372600603,-5.307512401486747e-05,-6.041398048495239e-09,-3.8030264116287574e-08,-2.839819041543238e-05,-9.431291090980051e-05
443,0.09684002460197817,0.04961423450298565,0.049999995185081955,-3.6832477128670352e-06,-1.8844416548236236e-05,-0.00025011419020227885,-5.291790148476139e-05,-5.8942646319337655e-09,-3.528490336907097e-08,-2.79113361498953e-05,-9.442437704560003e-05
444,0.09697438207213649,0.04962479777696664,0.049999995365514555,-3.7922048120853e-06,-1.9348984084300395e-05,-0.00024739146054849053,-5.27663178218063e-05,-5.77035841331508e-09,-3.2656360469763844e-08,-2.7434910054527825e-05,-9.456572618019326e-05
445,0.09710623628177059,0.04963485367129755,0.049999995537860026,-3.904358665271018e-06,-1.98572345223228e-05,-0.00024472149635550833,-5.262886406853795e-05,-5.7490283644767715e-09,-3.014383176927995e-08,-2.6968634180829185e-05,-9.473953193640442e-05
446,0.09723549680699717,0.049644408423426246,0.049999995702173644,-4.0199092940824115e-06,-2.036892878963533e-05,-0.00024210379359234396,-5.248497109278105e-05,-5.572105443718556e-09,-2.774337845888483e-08,-2.65122379788716e-05,-9.494834135272056e-05
447,0.09736205889852631,0.049653459792861225,0.04999999585852917,-4.1388635699002535e-06,-2.088179095401409e-05,-0.00023953802068448,-5.2350544137880206e-05,-5.555219395603217e-09,-2.5452585799301158e-08,-2.6065458361916417e-05,-9.519466169283629e-05
448,0.09748584004694133,0.04966200877423557,0.049999996007016635,-4.261358349751427e-06,-2.139521153941212e-05,-0.00023702398748345283,-5.221635728958063e-05,-5.5395141806968695e-09,-2.3269233488663934e-08,-2.5628039181286412e-05,-9.548096739183314e-05
449,0.09760675541293158,0.04967007057179426,0.04999999614774647,-4.387476438078727e-06,-2.190782358928052e-05,-0.00023456105094918765,-5.2090519602643326e-05,-5.563538962860548e-09,-2.1191287965854173e-08,-2.5199730929237807e-05,-9.580969144576988e-05
450,0.09772472506224195,0.049677650293914286,0.04999999628084634,-4.517344501664494e-06,-2.24189552782138e-05,-0.00023214866935459047,-5.1965129387099296e-05,-5.5829496581338844e-09,-1.9216829521905502e-08,-2.4780290732537373e-05,-9.618322129818782e-05
451,0.09783967234190478,0.04968475752219439,0.049999996406461265,-4.65104777796599e-06,-2.2927547388249415e-05,-0.00022978646981269897,-5.184535984881222e-05,-5.639287259384673e-09,-1.7344617489398324e-08,-2.4369482405583965e-05,-9.660389650256355e-05
452,0.09795153004219287,0.049691401686133174,0.04999999652475334,-4.788744328719555e-06,-2.3432943061014018e-05,-0.00022747381707199024,-5.172326564206742e-05,-5.631249688775597e-09,-1.5573004197798645e-08,-2.3967076514649078e-05,-9.70739959698719e-05
453,0.09806022738490021,0.04969759259403538,0.04999999663589805,-4.930495699711325e-06,-2.3933722920208206e-05,-0.00022521014730669619,-5.160359069122933e-05,-5.710770967226608e-09,-1.39006157796829e-08,-2.3572850094473565e-05,-9.75957293430982e-05
454,0.09816570401339147,0.04970334037843798,0.049999996740079336,-5.076416797545957e-06,-2.4429079508958194e-05,-0.0002229948344751664,-5.148501440999098e-05,-5.728811203198347e-09,-1.232637105834284e-08,-2.318658647200546e-05,-9.817123659254583e-05
455,0.09826790101696126,0.04970866090582775,0.0499999968374892,-5.226588602753025e-06,-2.491792467883653e-05,-0.00022082725725979915,-5.136891923029907e-05,-5.786668477725243e-09,-1.0849181043962069e-08,-2.2808074986256478e-05,-9.880258215997423e-05
456,0.09836676634404014,0.049713565443723164,0.049999996928324665,-5.381113869543167e-06,-2.5399517635088224e-05,-0.00021870678082951765,-5.125313691678457e-05,-5.833868943483367e-09,-9.468241296954776e-09,-2.2437110885492834e-05,-9.949175266126868e-05
457,0.09846225253927497,0.04971806512543191,0.049999997012789066,-5.540086278734046e-06,-2.5872899203732872e-05,-0.00021663274504348515,-5.1137234549969435e-05,-5.89188076105529e-09,-8.182824604477443e-09,-2.2073495650820046e-05,-0.00010024065097166816
458,0.09855431796242262,0.04972217514312566,0.04999999709109006,-5.703597555805932e-06,-2.6337286724101068e-05,-0.00021460449236515396,-5.1022678235312924e-05,-5.924547075153441e-09,-6.99225972792555e-09,-2.171703655089756e-05,-0.0001010510943346808
459,0.09864292427711885,0.04972590949522712,0.049999997163437164,-5.871730008372072e-06,-2.67918011563945e-05,-0.00021262119599246032,-5.0908245611935854e-05,-5.9547216046951235e-09,-5.896055822885689e-09,-2.136754658417583e-05,-0.00010192480568821433
460,0.09872803929169949,0.04972928088750774,0.04999999723003957,-6.044522927913457e-06,-2.723562463021733e-05,-0.00021068243002666357,-5.080207483842969e-05,-6.035891342293098e-09,-4.893768101465007e-09,-2.1024844244194387e-05,-0.00010286343428453044
461,0.09880963900590131,0.0497323021104215,0.04999999729111139,-6.222198629972102e-06,-2.7669015208786483e-05,-0.0002087872835758711,-5.0684069719864056e-05,-5.989357898528169e-09,-3.985071784941995e-09,-2.068875340477152e-05,-0.00010386852837403882
462,0.0988876918744071,0.04973498552384279,0.04999999734686156,-6.4046826281910525e-06,-2.8089728571422602e-05,-0.00020693508539629444,-5.056982263340615e-05,-5.9896740900455825e-09,-3.169724821907032e-09,-2.035910358482408e-05,-0.00010494151494056366
463,0.09896218380543412,0.04973733727574221,0.04999999739749092,-6.5920735659194e-06,-2.849756650313299e-05,-0.0002051250084158233,-5.0452952564228326e-05,-6.0283702474350775e-09,-2.44757350796824e-09,-2.0035729421404917e-05,-0.00010608372266848309
464,0.0990330977523741,0.04973938658759188,0.0499999974431976,-6.784397784611949e-06,-2.88914506302145e-05,-0.00020335639637587824,-5.033994239056483e-05,-6.025065779624583e-09,-1.8185492264682843e-09,-1.9718470489402947e-05,-0.000107296379460568
465,0.0991004286426499,0.04974113993751669,0.049999997484175746,-6.981739114818836e-06,-2.9271267578344096e-05,-0.00020162849430548058,-5.0226302846567705e-05,-6.018121556650158e-09,-1.282624137925439e-09,-1.9407171313805832e-05,-0.00010858061755204079
466,0.09916417168771983,0.04974260835344184,0.04999999752061726,-7.184138376321311e-06,-2.9636377015515777e-05,-0.00019994061275293367,-5.0114758778363466e-05,-6.007586872414095e-09,-8.398646109820255e-10,-1.9101681206789923e-05,-0.00010993746816613608
467,0.09922432890768895,0.049743803915219764,0.049999997552709834,-7.391649248740569e-06,-2.998643299817034e-05,-0.00019829202392388444,-5.0002792704617605e-05,-5.958925353155564e-09,-4.903766575801671e-10,-1.8801854290292134e-05,-0.00011136785934424826
468,0.09928090502712594,0.04974473851266481,0.049999997580636564,-7.604297700911876e-06,-3.0320784124105003e-05,-0.0001966820082340344,-4.989045191905461e-05,-5.951005466187098e-09,-2.343288567041651e-10,-1.850754931747462e-05,-0.00011287261292885593
469,0.09933391001467717,0.04974542482356793,0.04999999760457611,-7.82212403283665e-06,-3.063913365643753e-05,-0.00019510956662521895,-4.9778605898609385e-05,-5.919551071542628e-09,-7.26832310371777e-11,-1.8218629283028502e-05,-0.00011445244196255312
470,0.09938335749522495,0.04974587507330079,0.04999999762469878,-8.044995862594487e-06,-3.094078459502326e-05,-0.00019357458989390576,-4.9694932386046275e-05,-5.911541922642982e-09,-4.834201286918401e-12,-1.7934960979247073e-05,-0.00011610802246718184
471,0.09942927381453362,0.04974610302461659,0.04999999764118434,-8.27333448498669e-06,-3.122888370566713e-05,-0.00019207631587094345,-4.9591471906751394e-05,-5.847975881323464e-09,-3.065891233255118e-11,-1.7656415604818994e-05,-0.00011783996272074596
472,0.09947167327889586,0.049746116204454655,0.04999999765421582,-8.507049845041606e-06,-3.150104093968914e-05,-0.00019061401314147966,-4.947564593749121e-05,-5.728377328040324e-09,-1.5070855009679315e-10,-1.7382869192605153e-05,-0.00011964870212455613
473,0.09951058002592601,0.04974590267154868,0.04999999766395632,-8.74603917764124e-06,-3.175564604218584e-05,-0.0001891866884179899,-4.935494507662952e-05,-5.658284063514429e-09,-3.65801988644097e-10,-1.7114201661997877e-05,-0.00012153451937257116
474,0.09954601832605954,0.04974549571319095,0.04999999767054818,-8.990107273826222e-06,-3.19909958196423e-05,-0.00018779366325015283,-4.924277527607046e-05,-5.611239028979753e-09,-6.763394021819647e-10,-1.6850296084039203e-05,-0.00012349757624452722
475,0.09957802339043503,0.049744912670322744,0.04999999767412284,-9.239294028726997e-06,-3.220773038103027e-05,-0.00018643436198498327,-4.913527664029971e-05,-5.562582394702531e-09,-1.082729456658751e-09,-1.6591038914194906e-05,-0.000125537970979706
476,0.0996066340950664,0.049744164977350486,0.04999999767481537,-9.493632542933334e-06,-3.240657987158169e-05,-0.00018510820919418998,-4.903300941805355e-05,-5.470297548271219e-09,-1.5854034488307333e-09,-1.633632031456777e-05,-0.0001276557386795203
477,0.09963189255304285,0.049743256566744797,0.04999999767276476,-9.753158741803014e-06,-3.25880929739622e-05,-0.00018381460628362953,-4.8932422942016274e-05,-5.401066704990853e-09,-2.1848456387697785e-09,-1.608603398208087e-05,-0.00012985084001671362
478,0.09965384137526523,0.04974219345054562,0.04999999766811056,-1.001784712743786e-05,-3.2752283243500934e-05,-0.00018255292004214338,-4.883254223386757e-05,-5.310412554138111e-09,-2.881513455518344e-09,-1.584007695966611e-05,-0.00013212314801803326
479,0.09967252642051641,0.04974098606754504,0.049999997660989046,-1.028766906117201e-05,-3.289916200549411e-05,-0.0001813228454025665,-4.873279613093473e-05,-5.206591158213314e-09,-3.674855874465901e-09,-1.5598349659911846e-05,-0.00013447245256965833
480,0.09968799601625902,0.04973964300564038,0.049999997651535504,-1.0562721957026539e-05,-3.302902850060468e-05,-0.00018012330726414267,-4.861297202296555e-05,-5.162039240502736e-09,-4.566573786730636e-09,-1.536075567676072e-05,-0.00013689839890573686
481,0.09970030020675345,0.049738171121386836,0.049999997639868426,-1.0842602880769686e-05,-3.3139057603439246e-05,-0.00017895384733872062,-4.8507215979043394e-05,-5.022227078654851e-09,-5.557140480667534e-09,-1.5127201404762406e-05,-0.00013940051126966723
482,0.09970949437256103,0.04973658088249862,0.04999999762609486,-1.1127354954673254e-05,-3.3230726124273284e-05,-0.000177813639882961,-4.840228211833164e-05,-4.981657308888998e-09,-6.647706760604416e-09,-1.4897595685505915e-05,-0.00014197825330657736
483,0.09971563439407592,0.049734899841831305,0.04999999761032167,-1.1416765716347339e-05,-3.330379623017762e-05,-0.00017670279586775288,-4.832567719859071e-05,-4.819568300007404e-09,-7.837360995525772e-09,-1.4671850033923972e-05,-0.00014463109709047007
484,0.09971877939585541,0.04973312127956123,0.04999999759267093,-1.171129699265743e-05,-3.3362478885843825e-05,-0.00017562074540346722,-4.822603295906447e-05,-4.782401585856633e-09,-9.126367081283862e-09,-1.4449879062871713e-05,-0.00014735847778257543
485,0.09971899030872658,0.049731251850250485,0.04999999757327131,-1.2010735787491028e-05,-3.340422424375337e-05,-0.00017456630691143585,-4.810480822925456e-05,-4.703589073784542e-09,-1.0517078056043325e-08,-1.4231600412629655e-05,-0.0001501596160528929
486,0.09971633269135896,0.04972928220257069,0.049999997552219955,-1.2314462065215611e-05,-3.342615273902175e-05,-0.00017353933975255083,-4.802055991603993e-05,-4.523118768418044e-09,-1.2009207025851695e-08,-1.4016933593277243e-05,-0.00015303367156623034
487,0.09971086610215002,0.04972724972963149,0.0499999975296119,-1.2622804288861713e-05,-3.34322588093753e-05,-0.0001725393060636247,-4.793137122760527e-05,-4.511290452313688e-09,-1.360316400634264e-08,-1.3805799776844402e-05,-0.0001559798184281284
488,0.09970265722782329,0.049725168773210156,0.049999997505553534,-1.293563441040262e-05,-3.342217645237467e-05,-0.00017156594760660667,-4.784902193932794e-05,-4.3143510985999e-09,-1.5299420565136516e-08,-1.3598123067195296e-05,-0.00015899719631989656
489,0.09969177320392726,0.04972301319174529,0.04999999748015725,-1.3253031324941864e-05,-3.339783958765366e-05,-0.0001706186992045172,-4.776186324306764e-05,-4.254222307764621e-09,-1.7098567224150862e-08,-1.3393830036878713e-05,-0.0001620848951413678
490,0.0996782823449315,0.04972080427895079,0.049999997453536,-1.3574785898736556e-05,-3.335830861641342e-05,-0.00016969707971962303,-4.767685095430352e-05,-4.148990484509341e-09,-1.9001120466194187e-08,-1.3192848992031474e-05,-0.00016524191769171407
491,0.09966225408388706,0.04971855049558643,0.049999997425791566,-1.3900799860549003e-05,-3.3303943773723705e-05,-0.00016880071410100439,-4.75939414172899e-05,-4.048136936773972e-09,-2.100754380347939e-08,-1.2995110327227389e-05,-0.00016846721769747016
492,0.0996437594578735,0.04971625667853541,0.049999997397022725,-1.4230979829871852e-05,-3.323514976078035e-05,-0.00016792914537752877,-4.751270171254873e-05,-3.947234095136309e-09,-2.3118406753289296e-08,-1.2800546420319852e-05,-0.00017175970030888597
493,0.09962286972279588,0.04971393014321697,0.04999999736732613,-1.4565219746472502e-05,-3.31522664230974e-05,-0.0001670819284035487,-4.743506360682659e-05,-3.831599482140291e-09,-2.533416197812877e-08,-1.2609091490423626e-05,-0.00017511822654130065
494,0.09959965719413112,0.04971157593371589,0.04999999733679702,-1.4903422181964204e-05,-3.3055824118352094e-05,-0.00016625874840963303,-4.7358913434436545e-05,-3.737603115894217e-09,-2.7655276704637746e-08,-1.2420681603623111e-05,-0.00017854162519278794
495,0.09957419432656778,0.0497092043182896,0.04999999730552916,-1.5245506494606341e-05,-3.294644172134447e-05,-0.00016545946371732242,-4.728520798380487e-05,-3.629599509835657e-09,-3.0081894562735335e-08,-1.2235254489004252e-05,-0.0001820286981953821
496,0.09954655504942866,0.049706818376443584,0.04999999727361631,-1.5591544855314627e-05,-3.282470171549753e-05,-0.00016468294056312346,-4.7189027100102976e-05,-3.6428253746834116e-09,-3.2615120819009295e-08,-1.2052749758565685e-05,-0.0001855781145523254
497,0.09951682295369431,0.049704423467027845,0.049999997241131314,-1.594074414643733e-05,-3.2687534429885106e-05,-0.00016392941287665173,-4.7133915359154344e-05,-3.343824550583463e-09,-3.5255151582447905e-08,-1.1873108429568319e-05,-0.00018918854951965902
498,0.09948505665498235,0.049702030965157754,0.0499999972081522,-1.6293665511236677e-05,-3.2540514922654114e-05,-0.00016319837116702388,-4.707121479441412e-05,-3.377912394242344e-09,-3.800223727039946e-08,-1.1696272676155455e-05,-0.00019285875617106404
499,0.09945133637358738,0.049699660375943935,0.049999997174770966,-1.6650031685123334e-05,-3.238244899709305e-05,-0.00016248971062722287,-4.7010074922582135e-05,-3.163030726227589e-09,-4.085681287590756e-08,-1.1522186627253476e-05,-0.0001965874517211766
500,0.09941573261901523,0.04969727846527727,0.04999999714107713,-1.7009897188467914e-05,-3.221498833453413e-05,-0.00016180291307504326,-4.6947141527198255e-05,-3.1344413731204668e-09,-4.3819396056922e-08,-1.1350795967438011e-05,-0.00020037333095820282
501,0.09937832413273306,0.04969491277327475,0.04999999710715907,-1.7373016383990327e-05,-3.203735759287765e-05,-0.00016113770704649928,-4.688420449383557e-05,-3.0367666159492046e-09,-4.6890377414137075e-08,-1.1182047459661205e-05,-0.00020421501902990764
502,0.09933918685492564,0.04969256395745102,0.0499999970730909,-1.7739235369450595e-05,-3.184962317021633e-05,-0.00016049377780129616,-4.682441067416221e-05,-2.9304956239428748e-09,-5.007003586955528e-08,-1.1015889307116007e-05,-0.00020811111886782278
503,0.09929839474244036,0.049690240291020545,0.04999999703894305,-1.8108469545320424e-05,-3.16525582638579e-05,-0.00015987079029208373,-4.676629396271892e-05,-2.843162150156786e-09,-5.335872412088711e-08,-1.0852271103972549e-05,-0.00021206022531005918
504,0.09925602292437245,0.04968794626917329,0.04999999700478488,-1.848061287555003e-05,-3.144654909255447e-05,-0.00015926852062926432,-4.670999987865798e-05,-2.726582293277602e-09,-5.6756823723470656e-08,-1.0691143684473922e-05,-0.00021606091992246377
505,0.09921214487482743,0.04968568781766169,0.04999999697068228,-1.8855547490498163e-05,-3.1232141342104716e-05,-0.00015868665177946255,-4.665706001105718e-05,-2.654508834964986e-09,-6.026477838957469e-08,-1.053245895032359e-05,-0.00022011177890685158
506,0.09916683416433603,0.049683467246231794,0.049999996936697114,-1.9233169126480856e-05,-3.1009842274683776e-05,-0.00015812490409909376,-4.660487684304826e-05,-2.5546869064640987e-09,-6.388281053915578e-08,-1.0376169954182879e-05,-0.0002242113696937126
507,0.0991201650380737,0.049681289403740926,0.04999999690288842,-1.961335880020455e-05,-3.077998585554968e-05,-0.00015758301827795677,-4.65566772618331e-05,-2.4588489022647764e-09,-6.761128125628264e-08,-1.0222230930891808e-05,-0.00022835825764409894
508,0.09907220891047366,0.049679158785577146,0.04999999686931275,-1.9996012681907936e-05,-3.0543251923443426e-05,-0.00015706077933721574,-4.65107113996055e-05,-2.356874473363746e-09,-7.145037126365936e-08,-1.0070597195011152e-05,-0.00023255101947280323
509,0.09902303757875947,0.049677081057278055,0.049999996836026565,-2.038109667536317e-05,-3.030028409580206e-05,-0.00015655796116539116,-4.6465156628983095e-05,-2.2945667588203378e-09,-7.540045571900374e-08,-9.921225132034121e-06,-0.0002367882304456462
510,0.09897272411439058,0.04967505626990284,0.04999999680308362,-2.076847874567035e-05,-3.0051258479950094e-05,-0.00015607428539166014,-4.641676423489116e-05,-2.2146695588531884e-09,-7.946180144640811e-08,-9.774072161995416e-06,-0.00024106844525314
511,0.09892134178800294,0.04967308846741142,0.04999999677053039,-2.1157997902155315e-05,-2.9796230981469314e-05,-0.00015560946484956305,-4.637311212718487e-05,-2.109510566228323e-09,-8.363465308711355e-08,-9.629096669230013e-06,-0.00024539021056804884
512,0.09886896057344391,0.04967118289758274,0.049999996738409096,-2.1549563549820745e-05,-2.9535748050555724e-05,-0.00015516333070145772,-4.633310891222209e-05,-2.0378090326289566e-09,-8.791923949066526e-08,-9.486257942508685e-06,-0.0002497520896050076
513,0.09881564868756954,0.04966934493360449,0.04999999670675934,-2.194308163207583e-05,-2.927044966173316e-05,-0.00015473563286467638,-4.6293858758872375e-05,-1.9507553350450735e-09,-9.231575537457706e-08,-9.345516254965151e-06,-0.00025415266146117907
514,0.09876147527170341,0.04966757588093754,0.04999999667561939,-2.2338481717205705e-05,-2.900074147412902e-05,-0.0001543262127451133,-4.625806104741059e-05,-1.8652210886926923e-09,-9.682455860649546e-08,-9.20683272166032e-06,-0.0002585905179752095
515,0.09870650720507987,0.0496658771532163,0.04999999664502594,-2.273567616723542e-05,-2.872711653813668e-05,-0.00015393487562944996,-4.6220531658036634e-05,-1.7986208078468735e-09,-1.0144569501403905e-07,-9.07016930039577e-06,-0.0002630642616185154
516,0.09865081318352995,0.049664254341284894,0.04999999661501237,-2.313460409567789e-05,-2.8449862367085183e-05,-0.00015356142324615896,-4.618114689947106e-05,-1.7380535899391703e-09,-1.0617938613066511e-07,-8.9354888695137e-06,-0.0002675724773326325
517,0.09859446345866392,0.049662707507029995,0.04999999658560579,-2.3535099179515682e-05,-2.8168738499264473e-05,-0.0001532056176704427,-4.614073259290308e-05,-1.6830947746626634e-09,-1.1102581975277097e-07,-8.802755166224622e-06,-0.000272113725942175
518,0.0985375261900075,0.04966124292208506,0.04999999655682454,-2.3937025111231438e-05,-2.7883839838324763e-05,-0.00015286716448708302,-4.610107498592697e-05,-1.6286126891529307e-09,-1.1598506893110234e-07,-8.671932795810193e-06,-0.00027668655558223804
519,0.09848006845969187,0.049659867323436635,0.049999996528678876,-2.4340185156074745e-05,-2.759518836321555e-05,-0.00015254563960408923,-4.6067671064520255e-05,-1.5324058688648279e-09,-1.2105728366323084e-07,-8.542986940835655e-06,-0.0002812895274241268
520,0.09842214676632331,0.04965858313439898,0.04999999650117479,-2.4744324589441207e-05,-2.7303515696990024e-05,-0.00015224144104705948,-4.6059165470069274e-05,-1.3363679052247335e-09,-1.2624298659647648e-07,-8.415883222364147e-06,-0.0002859213850920827
521,0.09836379849172028,0.04965738800332949,0.04999999647434357,-2.5150176614137372e-05,-2.7012801480264106e-05,-0.0001519541844354382,-4.6031495003262535e-05,-1.390255355282477e-09,-1.3154183264143762e-07,-8.29058819246319e-06,-0.00029058093444933
522,0.09830510557940972,0.04965627800816069,0.04999999644822089,-2.5557220339580443e-05,-2.6720561157800804e-05,-0.00015168380190910512,-4.6005650801816955e-05,-1.260388127199974e-09,-1.3695413143578246e-07,-8.167069525457599e-06,-0.00029526691742540054
523,0.09824612033895025,0.049655232856661596,0.049999996422829235,-2.5965515506760207e-05,-2.6427875801573576e-05,-0.00015143018245625896,-4.5978180423844606e-05,-1.2622505263237827e-09,-1.4248025274955836e-07,-8.045295512023838e-06,-0.0002999780828239642
524,0.09818691461486741,0.04965428627179421,0.0499999963981878,-2.637500517245643e-05,-2.6133953625064862e-05,-0.00015119264696640108,-4.5934637455502525e-05,-1.294357399039825e-09,-1.4811979011146036e-07,-7.925235017583907e-06,-0.0003047130443583795
525,0.098127562564283,0.049653433471752155,0.04999999637428576,-2.6784914140309917e-05,-2.5836639488891563e-05,-0.00015097127039378428,-4.59179536846932e-05,-1.0772950309601015e-09,-1.5387327837701296e-07,-7.806857410074612e-06,-0.00030947047190491885
526,0.09806809021960473,0.04965267514916734,0.04999999635111438,-2.7195667394074287e-05,-2.5539620704749864e-05,-0.00015076589678441436,-4.591043034452014e-05,-1.0342032785715105e-09,-1.5974080361613738e-07,-7.690132273574839e-06,-0.0003142492289455068
527,0.09800855008272433,0.049652028144376435,0.04999999632868623,-2.760728258318165e-05,-2.5243530912047058e-05,-0.0001505768717492302,-4.590515163727105e-05,-9.32867116887337e-10,-1.6572223798858046e-07,-7.575030068916921e-06,-0.00031904830775785257
528,0.09794898277066755,0.04965145747171067,0.049999996307032384,-2.802030677596413e-05,-2.4950347825519848e-05,-0.00015040362372726484,-4.5873657654738054e-05,-9.9048802493229e-10,-1.7181733272934245e-07,-7.461522448088669e-06,-0.0003238666369229143
529,0.09788947409077142,0.04965096848826847,0.049999996286173874,-2.8433956883683523e-05,-2.4656513296331586e-05,-0.00015024609909258024,-4.5849763409933075e-05,-9.056779215477206e-10,-1.7802676411627317e-07,-7.349581626373506e-06,-0.00032870301324014397
530,0.09783006972512558,0.04965056634475415,0.04999999626610243,-2.8848197680943374e-05,-2.4362795445855907e-05,-0.0001501039401259351,-4.5829212467651814e-05,-8.953480734597008e-10,-1.843505178532257e-07,-7.239179933488216e-06,-0.00033355625526455997
531,0.09777082713163174,0.04965027657919821,0.04999999624680324,-2.926288325829859e-05,-2.4068888537219195e-05,-0.0001499771277799247,-4.5812335883965716e-05,-8.100284332179797e-10,-1.9078825372521682e-07,-7.130290185411407e-06,-0.00033842522638508993
532,0.09771178495003285,0.049650085354087714,0.04999999622826412,-2.9678119244594064e-05,-2.377598907349274e-05,-0.00014986554742081224,-4.579482992994599e-05,-7.682814384679659e-10,-1.9734004416631004e-07,-7.022886005757958e-06,-0.00034330886059886085
533,0.09765299159826257,0.04964999223398106,0.049999996210479764,-3.0093851750328493e-05,-2.3484209599465203e-05,-0.0001497690115235408,-4.5779856009176e-05,-7.195344875476906e-10,-2.040058930238312e-07,-6.91694157998847e-06,-0.0003482061185605587
534,0.09759449325336876,0.049649995784953604,0.049999996193444696,-3.0510055521724653e-05,-2.3193821025480176e-05,-0.00014968742751900017,-4.5765915274387226e-05,-6.821054276962002e-10,-2.1078589096193296e-07,-6.8124315544923355e-06,-0.00035311598674202103
535,0.09753633525812523,0.04965009636574285,0.04999999617715175,-3.0926662888418976e-05,-2.2904921274185492e-05,-0.00014962063343025713,-4.57513851870317e-05,-6.401859042881597e-10,-2.1767984186293155e-07,-6.709331107706751e-06,-0.00035803747811345005
536,0.09747856137672706,0.049650294505933695,0.04999999616159193,-3.134365168172286e-05,-2.261775315994998e-05,-0.0001495685295273678,-4.5738208427792415e-05,-6.033444854836034e-10,-2.246878654121394e-07,-6.607615954014157e-06,-0.0003629696321126994
537,0.0974212146096867,0.04965058990589688,0.04999999614675518,-3.17609629256176e-05,-2.233238281482485e-05,-0.0001495309543657693,-4.57266069133766e-05,-5.65365476656865e-10,-2.3180981984030678e-07,-6.5072622899569484e-06,-0.00036791151500814774
538,0.0973643357294129,0.04965097894910911,0.04999999613263042,-3.217857661354423e-05,-2.2049046378136752e-05,-0.00014950774469397711,-4.571526005747728e-05,-5.314035322889765e-10,-2.390455901313794e-07,-6.408246844461159e-06,-0.0003728622249296097
539,0.09730796500427333,0.049651464372425715,0.04999999611920779,-3.259646238120541e-05,-2.1767877925764967e-05,-0.00014949878937176194,-4.5705521188210696e-05,-4.87838047735778e-10,-2.463951273705954e-07,-6.310546822619087e-06,-0.0003778208936747328
540,0.09725213900886205,0.04965204476696789,0.049999996106477526,-3.301458411651811e-05,-2.1489132845177713e-05,-0.00014950396323329623,-4.5700242480961606e-05,-4.5541176385555104e-10,-2.53858633405294e-07,-6.2141397983287005e-06,-0.00038278670084807817
541,0.09719689143405497,0.04965271544283676,0.04999999609442973,-3.3432916271451413e-05,-2.121316339444444e-05,-0.000149523112359773,-4.569711381918751e-05,-4.0373168697094286e-10,-2.614359638378232e-07,-6.11900374906795e-06,-0.00038775889030292875
542,0.09714225269122194,0.04965347556802782,0.049999996083059106,-3.385148796664934e-05,-2.0940461507253287e-05,-0.00014955661726998137,-4.570287637761794e-05,-3.5575414836230834e-10,-2.6912673828971624e-07,-6.025117176859208e-06,-0.00039273683592416737
543,0.09708824955225975,0.049654318999399295,0.0499999960723781,-3.427099227566e-05,-2.067245960767741e-05,-0.00014960378524068551,-4.567413998302072e-05,-4.674031162110737e-10,-2.7693038984802044e-07,-5.932459344511153e-06,-0.00039771976145016626
544,0.09703496651020826,0.049655247748813795,0.049999996062373646,-3.469024713217776e-05,-2.0404745865643238e-05,-0.0001496645659403912,-4.56579182355199e-05,-3.782344715208552e-10,-2.8484746853548035e-07,-5.841010057194707e-06,-0.00040270673125630927
545,0.09698241763186355,0.04965625720476426,0.04999999605300555,-3.510946198297439e-05,-2.0138886616818323e-05,-0.0001497386821003313,-4.5647218939848244e-05,-3.928256886442938e-10,-2.9287790453240667e-07,-5.750749060242623e-06,-0.00040769689027221433
546,0.09693064273824331,0.0496573901200416,0.049999996044236515,-3.552847560524851e-05,-1.9874522701144473e-05,-0.00014982613427649843,-4.5640412281500176e-05,-3.192917319427835e-10,-3.0102079442061904e-07,-5.661656471152932e-06,-0.0004126894558413884
547,0.09687965425649994,0.049658613915877316,0.049999996036036096,-3.594754290983209e-05,-1.9613014084047124e-05,-0.00014992678183072902,-4.563650145428255e-05,-2.9293995007506624e-10,-3.092761070729204e-07,-5.573713094600009e-06,-0.00041768376171972025
548,0.09682947762625181,0.049659923398447735,0.04999999602839024,-3.636665831177268e-05,-1.9354643864800395e-05,-0.00015004043573414033,-4.563587572192773e-05,-2.6172775058341813e-10,-3.176436562253417e-07,-5.486900077387258e-06,-0.00042267919742082174
549,0.09678013488998323,0.049661318768725544,0.04999999602128813,-3.6785776191005933e-05,-1.909972858885344e-05,-0.0001501674481064895,-4.5645305362995714e-05,-2.1822735285503825e-10,-3.261235058722289e-07,-5.401198899558371e-06,-0.00042767527909552504
550,0.09673164122855747,0.049662793848728154,0.04999999601473373,-3.7205552084646385e-05,-1.8849632051665477e-05,-0.00015030726315720327,-4.562895264825784e-05,-2.9192204209493866e-10,-3.347145950322789e-07,-5.316591648129066e-06,-0.0004326714375473606
551,0.09668406204668213,0.0496643451368015,0.04999999600871616,-3.7625119629538514e-05,-1.8601252740672267e-05,-0.00015045988282293414,-4.561965397442691e-05,-2.310452801301821e-10,-3.43417235345218e-07,-5.233060969661592e-06,-0.0004376669863870207
552,0.09663740599157858,0.04966596757997703,0.04999999600320583,-3.8044651828648386e-05,-1.8355653702133934e-05,-0.0001506249411042707,-4.561600144370459e-05,-2.498043716325782e-10,-3.5223116974518605e-07,-5.150589589854821e-06,-0.00044266129205984214
553,0.09659170691357422,0.049667688461942,0.04999999599817438,-3.846398384658975e-05,-1.8112358600170726e-05,-0.00015080250363060148,-4.561481182463467e-05,-2.012573718790378e-10,-3.6115580026952053e-07,-5.069160517763145e-06,-0.0004476537739483183
554,0.09654697038398471,0.049669485813572944,0.04999999599359736,-3.888334051655088e-05,-1.7872391361047486e-05,-0.00015099240017904417,-4.561687455861829e-05,-1.885221284636529e-10,-3.701908423293074e-07,-4.98875725958155e-06,-0.00045264394913535296
555,0.09650321580367742,0.04967135816415347,0.049999995989462274,-3.930273112261517e-05,-1.763589378343519e-05,-0.0001511945361297616,-4.5618333388119936e-05,-1.7191638390645636e-10,-3.793358079891383e-07,-4.909363687682302e-06,-0.00045763137309214486
556,0.09646046070770922,0.049673301262469875,0.04999999598575871,-3.972217700047782e-05,-1.7402981405565935e-05,-0.00015140881096158856,-4.562356843962334e-05,-1.5800014074862645e-10,-3.8859046580406747e-07,-4.830964043720967e-06,-0.0004626156477581388
557,0.09641872019057589,0.04967531306398383,0.04999999598247938,-4.014174615922522e-05,-1.7173897441542958e-05,-0.0001516351413319404,-4.5628155930899084e-05,-1.5039744449829584e-10,-3.979543390258358e-07,-4.753542912765044e-06,-0.00046759641069859094
558,0.09637801329357235,0.049677387954549054,0.04999999597961955,-4.056149207322911e-05,-1.6948581659173034e-05,-0.0001518734037477364,-4.563206675811671e-05,-1.4908434209370824e-10,-4.0742701929314013e-07,-4.677085246539349e-06,-0.00047257330091292593
559,0.09633836171049615,0.04967952233336934,0.049999995977173105,-4.098141684299723e-05,-1.6726783927718044e-05,-0.00015212349338313805,-4.5632081310031936e-05,-1.5418037679904018e-10,-4.170079545240063e-07,-4.601576374183077e-06,-0.0004775459312831846
560,0.09629978734628047,0.04968171792002889,0.04999999597512755,-4.1401433232318013e-05,-1.6508082934637058e-05,-0.00015238516003107124,-4.562991307466291e-05,-1.6184550921671814e-10,-4.266965698030569e-07,-4.527001995982273e-06,-0.0004825138617089327
561,0.09626231455425702,0.049683975581200746,0.04999999597346016,-4.182137927953038e-05,-1.62919133769045e-05,-0.0001526582357630945,-4.562690082821064e-05,-1.6052939533217625e-10,-4.3649218497736167e-07,-4.453348145507962e-06,-0.0004874766192197809
562,0.09622595809298795,0.04968630200758427,0.049999995972141345,-4.2241191389590195e-05,-1.6078179919538534e-05,-0.00015294258091744039,-4.5629229134647176e-05,-1.4908503598309863e-10,-4.463945153771399e-07,-4.380601116501117e-06,-0.0004924337604804242
563,0.09619072541188711,0.04968869287429129,0.04999999597114332,-4.2660915883266744e-05,-1.5867172249520527e-05,-0.00015323833902827395,-4.5631830289494246e-05,-1.4358807198799894e-10,-4.564031597004564e-07,-4.308747490927697e-06,-0.0004973848971153333
564,0.09615662269243291,0.04969114614045432,0.049999995970445986,-4.308073925160725e-05,-1.5659113874699137e-05,-0.00015354499005515025,-4.563084075925872e-05,-1.5177202550287205e-10,-4.665168463949172e-07,-4.23777426665157e-06,-0.0005023296282135703
565,0.0961236716375226,0.049693659762220004,0.049999995970025406,-4.350030001217878e-05,-1.545338304849091e-05,-0.00015386249199334187,-4.563899346976541e-05,-1.2834681928364233e-10,-4.767351070874078e-07,-4.16766874520844e-06,-0.0005072675948354236
566,0.09609186487485166,0.04969622859901921,0.049999995969858824,-4.3919842611091636e-05,-1.525094450610493e-05,-0.0001541908415051945,-4.56518137070816e-05,-1.2361243972858205e-10,-4.87057754619243e-07,-4.098418395278919e-06,-0.0005121985511532238
567,0.0960612093816483,0.049698854702587454,0.0499999959699372,-4.433960582501379e-05,-1.5052034808640282e-05,-0.00015452982904601092,-4.5656750444322824e-05,-1.3235244844533867e-10,-4.974830504234627e-07,-4.030011072624407e-06,-0.0005171222442619084
568,0.09603171965878937,0.04970152512606467,0.04999999597025003,-4.475935819066933e-05,-1.4856060664550506e-05,-0.0001548794179916434,-4.5665357902180403e-05,-1.21250731677236e-10,-5.080110030452095e-07,-3.96243508579461e-06,-0.0005220384176473307
569,0.0960033928960865,0.04970423617165081,0.0499999959707865,-4.5179172828691715e-05,-1.4663339503564471e-05,-0.00015521858997970804,-4.56793604826089e-05,-1.2065913546077667e-10,-5.194156754036434e-07,-3.895676950848532e-06,-0.0005269454329912347
570,0.09597609139689257,0.04970697345838007,0.049999995971196434,-4.557079571139958e-05,-1.4456480528100141e-05,-0.00015560327196249637,-4.717225601780228e-05,-5.8259615798306186e-08,-5.29816847001673e-07,-3.829715074096263e-06,-0.0005318561625888939
571,0.09594726447291908,0.049709340074647605,0.049999995973134495,-4.6036667087574305e-05,-1.4428982298455118e-05,-0.0001559907338990696,-4.620744948624633e-05,-2.5875435127886703e-08,-5.404463977330174e-07,-3.7645398295733796e-06,-0.000536776912996892
572,0.09592153222671473,0.04971164811288263,0.04999999597749461,-4.6477730631641237e-05,-1.4299040340003757e-05,-0.00015639495849195792,-4.581658140523359e-05,-1.5496317118390834e-08,-5.512659644965289e-07,-3.7001603096745437e-06,-0.0005416989367340757
573,0.09589679416615392,0.04971247892033398,0.049999995983358345,-4.6920905455272064e-05,-1.4172657788565273e-05,-0.0001567974408270878,-4.564766277326271e-05,-4.1335479039616985e-08,-5.622751731131303e-07,-3.63656455005058e-06,-0.0005466161418929378
574,0.09587469039204068,0.04971528366132046,0.04999999598984295,-4.734201537739794e-05,-1.3977428704709514e-05,-0.0001572086993321967,-4.5655335270566866e-05,-1.3744880233979018e-10,-5.73400264349318e-07,-3.5737299918556606e-06,-0.0005515221913649128
575,0.09585377439555087,0.04971820418940273,0.049999995995934944,-4.77623799895594e-05,-1.3784938099546207e-05,-0.0001576287404222252,-4.5677628804696724e-05,-9.90736936934411e-11,-5.846277561292315e-07,-3.5116479747678393e-06,-0.0005564171239712581
576,0.0958339901849557,0.049721237275860426,0.049999996001665166,-4.818313054094824e-05,-1.3598713521998534e-05,-0.0001580576066979843,-4.569601878756657e-05,-1.3564543932531592e-10,-5.95955536432717e-07,-3.4503097695703234e-06,-0.0005613010354914875
577,0.09581539548333197,0.04972433621555916,0.049999996007069725,-4.8603616808330386e-05,-1.3415557990259276e-05,-0.00015849554663142836,-4.5722335926257074e-05,-1.2913799196656583e-10,-6.073814800418024e-07,-3.3897063795526838e-06,-0.0005661738944332731
578,0.09579795612295061,0.04972750680929446,0.04999999601215919,-4.902410496383593e-05,-1.3236889823698274e-05,-0.0001589425652010802,-4.5749668061034754e-05,-1.2765408174963966e-10,-6.189013912995862e-07,-3.329829086990227e-06,-0.0005710358013635705
579,0.09578167950126065,0.04973070808790667,0.04999999601696388,-4.9445096731305296e-05,-1.3062515228546882e-05,-0.000159398254846575,-4.576691935653798e-05,-1.4489943966911056e-10,-6.305142406027983e-07,-3.270669474980335e-06,-0.0005758867437616633
580,0.09576658923048666,0.049733935205735075,0.049999996021509625,-4.986612905838748e-05,-1.289108190562384e-05,-0.00015986258531201889,-4.579020242090337e-05,-1.3998374681634118e-10,-6.422191034984747e-07,-3.212219304020892e-06,-0.0005807266588217188
581,0.09575266951473829,0.049737172421406656,0.049999996025813745,-5.028742763026876e-05,-1.272317502483284e-05,-0.00016033515425464232,-4.58131471532397e-05,-1.499942253735398e-10,-6.540139238526614e-07,-3.1544704237786113e-06,-0.0005855555103095757
582,0.09573993116059765,0.049740430742552626,0.04999999602989411,-5.0708881445741866e-05,-1.255828624715649e-05,-0.00016081605898399137,-4.5836477511329576e-05,-1.4457196551020957e-10,-6.65897689785512e-07,-3.0974148307535315e-06,-0.000590373252535557
583,0.09572836152178431,0.049743697076388226,0.04999999603376806,-5.113067625217142e-05,-1.2396615522805154e-05,-0.0001613053877599304,-4.585985152516514e-05,-1.5083363724688326e-10,-6.778694820468469e-07,-3.0410447938200545e-06,-0.000595179870223833
584,0.09571795508774228,0.049746967056783185,0.04999999603745841,-5.1552908963719e-05,-1.2238080107508594e-05,-0.0001618027505248191,-4.587887815432623e-05,-1.6088246013179486e-10,-6.899278612114526e-07,-2.985352798059943e-06,-0.0005999752876621329
585,0.09570872183616758,0.04975023920783036,0.04999999604097829,-5.1975304260929964e-05,-1.2081936960068753e-05,-0.00016230786762408243,-4.5900098484707996e-05,-1.6337314834302674e-10,-7.020712237378101e-07,-2.930331456523166e-06,-0.0006047593658834099
586,0.09570065384730457,0.04975351393858676,0.049999996044330454,-5.2397718965525e-05,-1.1928120952275188e-05,-0.00016282036902376428,-4.592757977661677e-05,-1.6134661662281502e-10,-7.142971761924336e-07,-2.8759734835883374e-06,-0.0006095320132996625
587,0.09569373661281767,0.04975679392667923,0.0499999960475194,-5.2820189276035714e-05,-1.177704644736918e-05,-0.0001633404421197281,-4.596560029312968e-05,-1.4934191383542128e-10,-7.266050167727566e-07,-2.822271721171211e-06,-0.0006142933043781404
588,0.09568793812010257,0.04976006795418966,0.049999996050568735,-5.324326396747597e-05,-1.1629808259841877e-05,-0.00016386814767159447,-4.600184183800593e-05,-1.4908702050675515e-10,-7.389934927604651e-07,-2.7692192634011673e-06,-0.000619043436147694
589,0.0956832479728314,0.04976332284050548,0.04999999605351931,-5.366705207758574e-05,-1.1486310480940021e-05,-0.00016440325339093847,-4.603327761287801e-05,-1.5362698613241577e-10,-7.514610266656092e-07,-2.716809494965891e-06,-0.0006237825724969413
590,0.09567966741695427,0.049766552556433,0.049999996056407064,-5.4091437117028725e-05,-1.1346095256231169e-05,-0.00016494548304520898,-4.606455331668258e-05,-1.5895866567472439e-10,-7.640063103843412e-07,-2.6650359544327835e-06,-0.0006285108010314781
591,0.09567719767378963,0.049769763196830866,0.04999999605925522,-5.45162882989383e-05,-1.1208673596739122e-05,-0.00016549449841619885,-4.609558527590707e-05,-1.6290678528374514e-10,-7.766272277547253e-07,-2.613892295513745e-06,-0.0006332281587171939
592,0.09567583349502509,0.049772956399175436,0.04999999606207699,-5.4941496770775965e-05,-1.1073873961035734e-05,-0.00016605048845119404,-4.612920747604221e-05,-1.6093533450334263e-10,-7.893229938638731e-07,-2.563372342248284e-06,-0.0006379347107862722
593,0.09567556055713923,0.04977613185457179,0.0499999960648894,-5.536753243811794e-05,-1.0941988132131582e-05,-0.00016661292417841312,-4.614904901245609e-05,-1.8005801016851564e-10,-8.020913250445068e-07,-2.5134701433466164e-06,-0.0006426303813848797
594,0.09567639290813298,0.04977929283495365,0.049999996067692884,-5.579331112779895e-05,-1.081122625034048e-05,-0.00016718188707808611,-4.618916136678308e-05,-1.6623984133712355e-10,-8.149319237433975e-07,-2.464179852866389e-06,-0.0006473151358720869
595,0.09567827990704535,0.04978243379805004,0.04999999607049015,-5.6219782679235914e-05,-1.0683692100339283e-05,-0.00016775716587587484,-4.622580672730692e-05,-1.728157617009174e-10,-8.2784301532338e-07,-2.415495642015676e-06,-0.0006519890782723777
596,0.09568123442558178,0.04978556802812495,0.04999999607329734,-5.664678230739949e-05,-1.0558416515335125e-05,-0.0001683382689981531,-4.625362271326594e-05,-1.6840843997112387e-10,-8.408208648470173e-07,-2.36741199589525e-06,-0.0006566521864814143
597,0.09568524481892916,0.049788670726777895,0.04999999607611477,-5.707387610792131e-05,-1.0435061452914097e-05,-0.00016892533977890965,-4.629534305422567e-05,-1.6989998297134434e-10,-8.538659348538059e-07,-2.319923590628228e-06,-0.0006613045142477076
598,0.09569027844692,0.04979175207518797,0.0499999960789515,-5.750160741485326e-05,-1.0314569142505919e-05,-0.00016951823503667481,-4.633257049135864e-05,-1.6868388630353337e-10,-8.66976738454559e-07,-2.273025100031688e-06,-0.0006659461585991418
599,0.09569633514982255,0.04979481735670498,0.04999999608182172,-5.7929799927070676e-05,-1.0196240818141872e-05,-0.0001701164950037881,-4.6369586925720796e-05,-1.6339840591683696e-10,-8.801508415149749e-07,-2.2267114120143565e-06,-0.0006705771745834058
600,0.09570339054835958,0.04979784909149206,0.049999996084734044,-5.835818447312945e-05,-1.008026965266785e-05,-0.0001707206381004528,-4.642460044124164e-05,-1.7082917025401656e-10,-8.933882328433508e-07,-2.1809775017075986e-06,-0.000675197831649571
601,0.09571140790318727,0.049800849903964925,0.049999996087722036,-5.878812204216515e-05,-9.968255827115018e-06,-0.00017132976866855593,-4.6451685193460435e-05,-1.745341648984322e-10,-9.066844682049185e-07,-2.1358185363991578e-06,-0.0006798082617381715
602,0.09572043587849603,0.049803824096377736,0.0499999960908008,-5.921812244364653e-05,-9.857183733691704e-06,-0.0001719440353974979,-4.648421599995345e-05,-1.680197508902026e-10,-9.200392759357251e-07,-2.0912300090844626e-06,-0.0006844083811757393
603,0.09573042986775872,0.04980675624510365,0.0499999960939616,-5.964861544734647e-05,-9.748120576222975e-06,-0.00017256313006337222,-4.6520523028448224e-05,-1.845639613362593e-10,-9.334528580267809e-07,-2.0472073166687773e-06,-0.0006889981362436096
604,0.09574139545222225,0.049809683743244876,0.049999996097198275,-6.0079256275036774e-05,-9.640181097209017e-06,-0.00017322361713614307,-4.656005330616608e-05,-1.680724864838723e-10,-9.492894777012512e-07,-2.003747821559994e-06,-0.0006935802716744365
605,0.09575356194631474,0.0498126089427976,0.049999996101085166,-6.0565858507604776e-05,-9.558204930360036e-06,-0.00017382649586141993,-4.451359927770682e-05,-1.6821942949718505e-07,-9.615551503425693e-07,-1.96085839537109e-06,-0.0006981302411462171
606,0.09577110080753393,0.04981620861886849,0.04999999610287307,-6.090922141053013e-05,-9.245110248550246e-06,-0.0001744419855825262,-4.5956327085150406e-05,-7.029230886246296e-08,-9.742873584480241e-07,-1.91853295265939e-06,-0.0007026360370623812
607,0.09578620289792135,0.049819878198776,0.04999999610100436,-6.129431898879465e-05,-9.074617422787882e-06,-0.00017505913728900363,-4.7093133616726846e-05,-3.9451162336945345e-08,-9.878416748364936e-07,-1.876743172902082e-06,-0.0007071178338500697
608,0.09580193614243943,0.04982535812651008,0.04999999609739388,-6.16971961996481e-05,-8.93602193933677e-06,-0.0001756977619941834,-4.697384429164231e-05,-1.0055143917497844e-07,-1.0013396845966786e-06,-1.8354880423224314e-06,-0.0007115881243908871
609,0.09581664516662793,0.04982808978518996,0.04999999609370204,-6.213599129920573e-05,-8.871024190146158e-06,-0.0001763433422878056,-4.691628782893531e-05,-1.1524771137416678e-09,-1.0149421938182932e-06,-1.7947818495199476e-06,-0.0007160558893860559
610,0.09583218825026689,0.04983039337901266,0.04999999609138453,-6.257718930179324e-05,-8.807779450732647e-06,-0.00017699081244237805,-4.6921046305214986e-05,-3.492733657850522e-09,-1.0286502035378842e-06,-1.7546187089708349e-06,-0.0007205189947189956
611,0.09584904636526453,0.0498329589282792,0.04999999609014209,-6.301175424472538e-05,-8.727639589560553e-06,-0.00017764067844497214,-4.6959637984400615e-05,-1.7896849280329974e-10,-1.0424013743265256e-06,-1.7149914651162607e-06,-0.0007249751124214751
612,0.09586672779019025,0.049835463861136936,0.04999999608961861,-6.344500633847891e-05,-8.648046762232456e-06,-0.00017829628469475889,-4.70802333438769e-05,-3.79111048109948e-10,-1.0562175361592812e-06,-1.675895792781079e-06,-0.0007294251672429681
613,0.09588508214613228,0.049837861458620625,0.04999999608990527,-6.388488983350443e-05,-8.577644141976658e-06,-0.00017895479960785545,-4.70545855932869e-05,-2.575681334882063e-10,-1.0700699286963633e-06,-1.6373278099151094e-06,-0.0007338694460950434
614,0.09590438074142688,0.04984021079484985,0.04999999609103048,-6.43232309463991e-05,-8.502303997895141e-06,-0.00017961699707314536,-4.706474646809511e-05,-1.919981257314518e-10,-1.0839605720732654e-06,-1.5992843966464096e-06,-0.0007383071838159477
615,0.09592444895922439,0.04984245161379783,0.04999999609289565,-6.47622491425949e-05,-8.428110986805115e-06,-0.00018028126961466042,-4.709851054940373e-05,-4.1696487929065995e-10,-1.0978936371746917e-06,-1.5617616814513555e-06,-0.0007427378709842008
616,0.09594538464291208,0.049844765835202975,0.04999999609540309,-6.519981275861899e-05,-8.351010417927826e-06,-0.0001809481413081037,-4.713956514024176e-05,-1.4497690548065378e-10,-1.1118599460016497e-06,-1.5247554680615838e-06,-0.0007471609721591692
617,0.09596707154422451,0.049847056229843756,0.04999999609844803,-6.563788813643905e-05,-8.274903508397553e-06,-0.000181617429916465,-4.717464616987854e-05,-1.4043226304050194e-10,-1.125857612190922e-06,-1.4882623533408957e-06,-0.0007515764077343272
618,0.09598949693085385,0.04984932378004615,0.049999996101995146,-6.607619979889018e-05,-8.199382338137976e-06,-0.00018228907177271505,-4.721311779576354e-05,-1.3561084200031104e-10,-1.139886838731421e-06,-1.4522790654240876e-06,-0.000755984062561561
619,0.09601263693294211,0.04985156574414641,0.049999996106007846,-6.651481485210184e-05,-8.124563691346764e-06,-0.00018296273406835816,-4.72517276648432e-05,-1.3972305257237139e-10,-1.153945791549921e-06,-1.4168023567050086e-06,-0.0007603838190563085
620,0.09603647894388437,0.049853791539245046,0.04999999611044953,-6.695360704841046e-05,-8.050287614253412e-06,-0.0001836382569169601,-4.729161082650535e-05,-1.3136801368940354e-10,-1.1680326530764903e-06,-1.3818290706492336e-06,-0.0007647755699362946
621,0.0960609993698359,0.04985599426799442,0.049999996115285786,-6.739272061749438e-05,-7.976770262024801e-06,-0.0001843153308720497,-4.73311883979477e-05,-1.291656226420912e-10,-1.1821454281369605e-06,-1.3473561564608043e-06,-0.0007691592317567219
622,0.09608618279101158,0.04985817463423482,0.04999999612048742,-6.783209256585794e-05,-7.903944151251613e-06,-0.00018499389910579125,-4.7370147512992844e-05,-1.2402674720579654e-10,-1.1962831172531821e-06,-1.3133806461510794e-06,-0.0007735347135448154
623,0.09611200848083534,0.04986033006518955,0.04999999612602617,-6.827173797251187e-05,-7.83179292607456e-06,-0.00018567389759937007,-4.740925214719027e-05,-1.2268079607746785e-10,-1.2104448449648924e-06,-1.2798996359421127e-06,-0.0007779019256181591
624,0.09613845519019484,0.04986246199232128,0.04999999613187735,-6.871167470424191e-05,-7.760316525925962e-06,-0.00018635505350926625,-4.744856778415851e-05,-1.189108117527482e-10,-1.2246285246455484e-06,-1.2469102823584268e-06,-0.0007822607749684183
625,0.09616550705571036,0.04986456815120847,0.049999996138017436,-6.915186105472939e-05,-7.68946602956595e-06,-0.00018703716515920178,-4.748932406073436e-05,-1.1422426199336755e-10,-1.2388324962705491e-06,-1.2144098103100587e-06,-0.000786611180386255
626,0.09619314302800906,0.049866647374709305,0.049999996144425365,-6.959234843339171e-05,-7.619346081478615e-06,-0.00018771996430130432,-4.752959284815006e-05,-1.1557679119311715e-10,-1.2530543045114302e-06,-1.1823954953186563e-06,-0.0007909530693897887
627,0.09622134718128184,0.04986870064769863,0.04999999615108191,-7.003308449909297e-05,-7.549892066376549e-06,-0.00018840335081480423,-4.756885391543619e-05,-1.0510038672695288e-10,-1.2672928307226548e-06,-1.150864671614766e-06,-0.0007952863643801916
628,0.09625009933233722,0.049870726112731224,0.04999999615796935,-7.047410091284876e-05,-7.48110155081425e-06,-0.0001890873143653528,-4.760746014653705e-05,-1.0729896832151198e-10,-1.2815467316006043e-06,-1.1198147360626952e-06,-0.0007996109870318295
629,0.0962793781879314,0.049872721427990235,0.04999999616507347,-7.091539479416196e-05,-7.41294455527602e-06,-0.0001897715762364275,-4.764676486956887e-05,-1.0135577099834592e-10,-1.2958140587865642e-06,-1.0892431373785538e-06,-0.0008039268652567334
630,0.09630916582409378,0.04987468758710308,0.04999999617238122,-7.135695949124206e-05,-7.34547188736089e-06,-0.00019045595973905761,-4.768491999129765e-05,-9.845351617299158e-11,-1.3100931157440258e-06,-1.059147362119861e-06,-0.00080823392846345
631,0.096339444815584,0.04987662399403828,0.049999996179880685,-7.179877731794657e-05,-7.2786139351670725e-06,-0.00019114017871649884,-4.772397369379178e-05,-9.57598375594948e-11,-1.3243815039553895e-06,-1.0295249322204986e-06,-0.0008125321026491221
632,0.09637019810176714,0.04987853116082952,0.049999996187560194,-7.224081990324316e-05,-7.212390654220333e-06,-0.00019182419483963753,-4.776228161063045e-05,-9.192394762047584e-11,-1.3386780272418391e-06,-1.000373407008731e-06,-0.0008168213153351873
633,0.09640140529806734,0.04988040700487756,0.049999996195409346,-7.268309912360399e-05,-7.146766393221615e-06,-0.00019250794144538358,-4.77982139273081e-05,-8.849005556088585e-11,-1.3529811314323922e-06,-9.716903992267007e-07,-0.0008211014865594089
634,0.09643304688712649,0.04988225111944927,0.04999999620342037,-7.312560894083178e-05,-7.081702441727949e-06,-0.00019319113906025986,-4.783580880030058e-05,-8.374086840623463e-11,-1.367289081233373e-06,-9.434735606217917e-07,-0.0008253725465308063
635,0.09646510452192292,0.04988406204678967,0.04999999621158746,-7.356835865599464e-05,-7.0172784931418835e-06,-0.00019387367453678914,-4.787207581102848e-05,-8.266184958749534e-11,-1.3816001790198197e-06,-9.157205588423067e-07,-0.0008296344299486324
636,0.09649756050145253,0.04988584127156473,0.04999999621990524,-7.40113070081604e-05,-6.953419774166696e-06,-0.0001945552188525695,-4.790675302501768e-05,-7.793835021807638e-11,-1.3959117683582957e-06,-8.884291031476579e-07,-0.0008338870619860501
637,0.09653039937605781,0.04988758832189867,0.049999996228368475,-7.445444087818224e-05,-6.890114508016809e-06,-0.00019523576073906285,-4.7943147365003824e-05,-7.654539502244262e-11,-1.4102229627605743e-06,-8.61596932801168e-07,-0.0008381303731869865
638,0.09656360010786624,0.049889302180688884,0.049999996236972724,-7.489774915361375e-05,-6.827384725513632e-06,-0.0001959152480514746,-4.797764268005267e-05,-7.318083639074047e-11,-1.4245326184279948e-06,-8.352218063326457e-07,-0.0008423642922010564
639,0.09659714391910877,0.049890982745953244,0.049999996245714426,-7.534122417486195e-05,-6.7651736991426e-06,-0.00019659342363569912,-4.801147952093743e-05,-6.977884242642673e-11,-1.4388388055913429e-06,-8.093014998632967e-07,-0.0008465887440707002
640,0.09663101413344842,0.04989263081899559,0.049999996254591283,-7.578485011704294e-05,-6.7034914314747825e-06,-0.00019727014576465776,-4.804385025636293e-05,-6.605904712131405e-11,-1.4531397312163033e-06,-7.838338180691393e-07,-0.0008508036534100624
641,0.0966651937245705,0.04989424578319741,0.04999999626360109,-7.622859381201937e-05,-6.642300107221205e-06,-0.00019794514228418407,-4.8076955863507465e-05,-6.664061663608223e-11,-1.467433147564231e-06,-7.588165890883602e-07,-0.0008550089424810266
642,0.09669966642496411,0.04989582870272191,0.04999999627274168,-7.667243882394639e-05,-6.5816044344502865e-06,-0.0001986183937593001,-4.810674727195874e-05,-6.064091589985665e-11,-1.4817181056773465e-06,-7.342476542211721e-07,-0.0008592045301554496
643,0.09673441367178448,0.049897378839690976,0.049999996282012064,-7.711637462964516e-05,-6.52135831863651e-06,-0.00019928983931266368,-4.813744089915417e-05,-5.901878291636464e-11,-1.4959936508102954e-06,-7.101248789477043e-07,-0.0008633903369172106
644,0.09676941607908111,0.04989889628270295,0.04999999629141236,-7.756039464728715e-05,-6.461593114540733e-06,-0.00019995923426102238,-4.816709042643197e-05,-5.7008970461014385e-11,-1.5102577215170713e-06,-6.86446142068368e-07,-0.0008675662895225967
645,0.09680465809719585,0.049900380754145754,0.04999999630094334,-7.800447902561318e-05,-6.402297715506255e-06,-0.00020062648743949014,-4.8195492126978934e-05,-5.371507058593572e-11,-1.5245091952253497e-06,-6.632093358248326e-07,-0.0008717323141864506
646,0.09684012227793129,0.04990183297074683,0.049999996310605685,-7.844859673089462e-05,-6.343459202766312e-06,-0.00020129129909309736,-4.822369373869151e-05,-5.316616591422019e-11,-1.538745695508983e-06,-6.404123610035411e-07,-0.0008758883327128355
647,0.09687579473431979,0.04990325311717638,0.04999999632039968,-7.88927155905494e-05,-6.285043686450062e-06,-0.00020195365693034296,-4.824909774470143e-05,-5.056868812580717e-11,-1.5529663133997863e-06,-6.180531324718274e-07,-0.0008800342528862113
648,0.09691165836970973,0.049904642119012105,0.049999996330325654,-7.933680279931525e-05,-6.226981029614553e-06,-0.00020261350395862365,-4.8274319851771e-05,-4.8869998325873354e-11,-1.5671700681477425e-06,-5.961295825686189e-07,-0.0008841699800389456
649,0.0969476946779249,0.04990599968500667,0.04999999634038456,-7.978085772198798e-05,-6.169310142096982e-06,-0.0002032706162476873,-4.830000762012787e-05,-4.9335625862401145e-11,-1.5813551684014238e-06,-5.746396497417356e-07,-0.0008882954302087021
650,0.09698388843018531,0.04990732528126258,0.04999999635057797,-8.022485534466273e-05,-6.112042801951176e-06,-0.0002039248885185057,-4.8322108341380954e-05,-4.277946746844563e-11,-1.5955207460988126e-06,-5.535812736402922e-07,-0.0008924105191601462
651,0.09702022383871357,0.04990861995977026,0.04999999636090841,-8.066878607048723e-05,-6.055143654761207e-06,-0.00020457607576626846,-4.834512583329342e-05,-4.657896290893859e-11,-1.609664240457545e-06,-5.329524062208758e-07,-0.000896515158475959
652,0.0970566869826412,0.04990988448966105,0.04999999637137776,-8.11125876611991e-05,-5.998608602872925e-06,-0.00020522379706856538,-4.836569132748991e-05,-4.283859031395387e-11,-1.6237865106862053e-06,-5.127509985950608e-07,-0.000900609224126181
653,0.09709325909518352,0.04991111949864904,0.04999999638198144,-8.155563646069922e-05,-5.942219026421344e-06,-0.0002058686987971055,-4.84049814986065e-05,-4.9277127517344255e-11,-1.637886223298966e-06,-4.92974952148713e-07,-0.0009046928381419057
654,0.09712989239854337,0.049912318787494095,0.04999999639274178,-8.199959077661274e-05,-5.88765442712661e-06,-0.00020651058196131456,-4.842492126044817e-05,-4.3229527596500006e-11,-1.651958436540915e-06,-4.736221997986925e-07,-0.0009087662060566666
655,0.09716660647287519,0.049913484262843325,0.04999999640369291,-8.244400589515645e-05,-5.833646532122669e-06,-0.00020714904273346087,-4.842502312385477e-05,-4.5413152405249235e-11,-1.6660032918571084e-06,-4.5469081195560715e-07,-0.0009128291564076468
656,0.09720340164707357,0.049914608305419626,0.04999999641483414,-8.288786992013795e-05,-5.779212335786347e-06,-0.00020778374637572518,-4.8435675125801936e-05,-4.499667305424282e-11,-1.6800220777552194e-06,-4.3617881739918236e-07,-0.0009168813599192189
657,0.0972402646376868,0.049915712712556855,0.049999996426144444,-8.333105728566629e-05,-5.72444437411514e-06,-0.0002084144259433487,-4.844768045586534e-05,-5.12397728413827e-11,-1.6940144449796185e-06,-4.1808411145445015e-07,-0.000920922481653467
658,0.097277179360551,0.04991680408897047,0.0499999964375968,-8.377323980722833e-05,-5.66923683624019e-06,-0.0002090415716511955,-4.847190575674176e-05,-3.923593394628e-11,-1.7079770027692408e-06,-4.004046070935757e-07,-0.0009249524461616128
659,0.09731409760295608,0.04991786665811933,0.04999999644919423,-8.421582167186528e-05,-5.615202215614274e-06,-0.0002096647934956014,-4.848065145779401e-05,-4.3134568833425035e-11,-1.7219076029424697e-06,-3.8313828956900006e-07,-0.000928971275533036
660,0.09735103094917405,0.049918901916990784,0.04999999646095298,-8.465806364753597e-05,-5.561240969515785e-06,-0.00021028408665504572,-4.8486886953469366e-05,-3.950942698005555e-11,-1.7358059451251799e-06,-3.6628318875296993e-07,-0.0009329788220566545
661,0.0973879605220888,0.04991990481493351,0.04999999647287356,-8.509994977047202e-05,-5.507482652662405e-06,-0.0002108990782952202,-4.849308970733546e-05,-4.544875240042323e-11,-1.749671687857005e-06,-3.4983729741776925e-07,-0.0009369748973712049
662,0.09742488398963493,0.049920888468656575,0.04999999648495083,-8.554119768027272e-05,-5.453569929184686e-06,-0.00021150981184004866,-4.8500111006433144e-05,-4.23529232518316e-11,-1.763503553586075e-06,-3.337985730670446e-07,-0.0009409592956236062
663,0.09746178035188391,0.049921850184367705,0.049999996497176936,-8.598191739882276e-05,-5.399765832569999e-06,-0.00021211625447439182,-4.85052696603816e-05,-4.354581278898095e-11,-1.7773008169720579e-06,-3.181649914867264e-07,-0.0009449318625075519
664,0.0974986349156717,0.049922788333472606,0.0499999965095509,-8.642213571811216e-05,-5.34609720087976e-06,-0.00021271828688824155,-4.851042103837244e-05,-4.3301518620753043e-11,-1.7910623408733361e-06,-3.029345303303391e-07,-0.0009488924623545626
665,0.09753543417963983,0.049923702460559174,0.04999999652207412,-8.686183607342494e-05,-5.292634252483091e-06,-0.00021331578173868016,-4.851288395002484e-05,-4.502889380808561e-11,-1.8047868626152155e-06,-2.8810517108448837e-07,-0.000952840971777832
666,0.09757216623998712,0.049924593563400045,0.04999999653474896,-8.730100922109143e-05,-5.23936858542202e-06,-0.00021390857153450713,-4.851402263739146e-05,-4.5804918885616885e-11,-1.8184730767801832e-06,-2.736748884612204e-07,-0.0009567772643954793
667,0.09760882006041384,0.04992546159192802,0.04999999654757907,-8.7739627946464e-05,-5.186291528413752e-06,-0.00021449666169267754,-4.85140408272855e-05,-4.7265198699353306e-11,-1.8321204461305488e-06,-2.5964165119673295e-07,-0.0009607012060062694
668,0.09764538368223376,0.0499263073301776,0.04999999656056703,-8.817763014198416e-05,-5.133366250623082e-06,-0.00021508005739367164,-4.8512894863961264e-05,-5.062073676898038e-11,-1.845728597736244e-06,-2.4600343186053387e-07,-0.0009646126676819314
669,0.09768184313150574,0.04992712929622502,0.049999996573715566,-8.861503335798814e-05,-5.080652066434172e-06,-0.0002156585660334782,-4.8508602048968896e-05,-5.160120594704942e-11,-1.8592960642026268e-06,-2.3275820211639195e-07,-0.0009685115179021629
670,0.09771818999597055,0.04992792965958434,0.049999996587028216,-8.905177374814143e-05,-5.028075401811052e-06,-0.00021623211925950308,-4.850481855100952e-05,-5.331055041857269e-11,-1.8728222912649034e-06,-2.1990392869441472e-07,-0.0009723976209217771
671,0.09775441237637005,0.04992870811811754,0.04999999660050744,-8.948782251367309e-05,-4.9756844313956885e-06,-0.00021680057612174445,-4.8498932301299646e-05,-5.535066849304826e-11,-1.8863061104101054e-06,-2.0743856875268325e-07,-0.0009762708451990657
672,0.09779050075736079,0.04992946546109599,0.0499999966141553,-8.992314026190024e-05,-4.923451232322148e-06,-0.0002173639264951358,-4.84897245769389e-05,-5.928007390521017e-11,-1.8997469148045942e-06,-1.9536007403173952e-07,-0.0009801310456589059
673,0.09782644467287688,0.049930201968155556,0.04999999662797407,-9.035769431197226e-05,-4.871335449237024e-06,-0.00021792183303388443,-4.8482070269528776e-05,-6.134529689783008e-11,-1.913146004320753e-06,-1.8366639325126914e-07,-0.0009839780548787844
674,0.09786223035881131,0.04993091724331413,0.04999999664196199,-9.079091887231736e-05,-4.8192628315220215e-06,-0.00021847482816133215,-4.848629396292381e-05,-5.783146184157317e-11,-1.926501001758489e-06,-1.7235545105873324e-07,-0.0009878119263994666
675,0.09789782703664748,0.04993160865227231,0.04999999665613743,-9.12242669223047e-05,-4.7684565676836825e-06,-0.00021902256395001218,-4.847461968893185e-05,-7.377579103184928e-11,-1.9398094225238083e-06,-1.61425173430362e-07,-0.0009916327518055665
676,0.09793325022093548,0.04993227705420519,0.04999999667052499,-9.165700586560727e-05,-4.717832769249655e-06,-0.00021956497133042291,-4.845496005145833e-05,-7.413235997288936e-11,-1.9530697483458837e-06,-1.5087353245663319e-07,-0.0009954404202243351
677,0.09796848836441768,0.04993291416279613,0.04999999668513416,-9.208910298254409e-05,-4.667440534954912e-06,-0.00022010193084055592,-4.8433237680001184e-05,-7.808610702486618e-11,-1.9662846771577433e-06,-1.4069848246353858e-07,-0.000999234711969802
678,0.09800354545673456,0.04993353842742088,0.04999999669996125,-9.252000629111246e-05,-4.616692599221526e-06,-0.0002206334219546285,-4.841325790039264e-05,-7.7997157343912e-11,-1.9794536133051957e-06,-1.3089793583855313e-07,-0.001003015325989408
679,0.09803840756153148,0.04993414926667586,0.04999999671499068,-9.294976281297428e-05,-4.565784411885901e-06,-0.00022115930701566922,-4.8390644224127755e-05,-8.357794317737088e-11,-1.9925750767548724e-06,-1.2146981024192115e-07,-0.001006782005549954
680,0.09807306545998284,0.04993474611949455,0.04999999673021302,-9.33783858352377e-05,-4.51476127275619e-06,-0.0002216795336012679,-4.8367990530095994e-05,-8.629215397792933e-11,-2.0056483854798145e-06,-1.1241202592500034e-07,-0.0010105345130991255
681,0.0981075095478537,0.04993532805979205,0.04999999674562178,-9.380584186547245e-05,-4.463688801476067e-06,-0.00022219396859655353,-4.8344161768909544e-05,-8.884257218788605e-11,-2.018672543269351e-06,-1.0372250013289083e-07,-0.0010142726359148458
682,0.09814173108877253,0.049935896370020445,0.049999996761212535,-9.423214492437743e-05,-4.412634479055801e-06,-0.00022270265905408938,-4.832040212932043e-05,-9.367141784455413e-11,-2.031647423322321e-06,-9.539914394154907e-08,-0.001017996177885329
683,0.09817572083121184,0.049936449595727975,0.04999999677698272,-9.465726102061814e-05,-4.3616237362427355e-06,-0.0002232055826536017,-4.8292047722497955e-05,-1.0091385366228778e-10,-2.0445722962657165e-06,-8.743986950552289e-08,-0.0010217049405866292
684,0.09820947143530043,0.04993698898386363,0.04999999679293074,-9.50811728297173e-05,-4.3106323360146565e-06,-0.00022370267247189395,-4.8264315410051495e-05,-1.0093843816338932e-10,-2.0574466738351908e-06,-7.984258874968448e-08,-0.0010253987382108246
685,0.09824297415362895,0.04993751375067128,0.04999999680905675,-9.550387860554415e-05,-4.259755716813089e-06,-0.00022419387293441,-4.823432391276583e-05,-1.0746192824484524e-10,-2.070270075977126e-06,-7.260520805357488e-08,-0.0010290774047559015
686,0.0982762221572284,0.04993802435582235,0.049999996825361964,-9.592535712381528e-05,-4.208999400995073e-06,-0.00022467906726224155,-4.820301182917319e-05,-1.1283762119118634e-10,-2.0830415873567262e-06,-6.572562676988836e-08,-0.0010327407657636253
687,0.09830921022863523,0.04993852103231237,0.04999999684184779,-9.634555432621984e-05,-4.158327901162893e-06,-0.00022515827100908831,-4.8170095396926627e-05,-1.1910077091226157e-10,-2.0957609756999485e-06,-5.92017387880011e-08,-0.001036388651383625
688,0.0983419302160704,0.04993900306254149,0.0499999968585166,-9.676448399866397e-05,-4.107805768259921e-06,-0.00022563170394312166,-4.813585474039428e-05,-1.243200403733269e-10,-2.1084295526121813e-06,-5.3031435463957714e-08,-0.001040020891847628
689,0.09837437462281262,0.04993947088154279,0.04999999687537085,-9.718207875409941e-05,-4.057376419487451e-06,-0.0002260991254167997,-4.8099085688591003e-05,-1.2615145039696074e-10,-2.121045563423563e-06,-4.72126035467054e-08,-0.0010436373115720059
690,0.09840653901025252,0.04993992483809673,0.04999999689241186,-9.759830866270116e-05,-4.0070818353955225e-06,-0.00022656048863055504,-4.806093420484103e-05,-1.326586757111059e-10,-2.133608823778266e-06,-4.174312440214208e-08,-0.00104723773914042
691,0.09843841826271099,0.04994036554793885,0.04999999690964089,-9.801313072935181e-05,-3.95690700482701e-06,-0.0002270156714165706,-4.802133116754703e-05,-1.389777321003649e-10,-2.146117949059057e-06,-3.662087505277794e-08,-0.001050822002064161
692,0.09847000753315073,0.049940793703599384,0.049999996927059476,-9.842652244592117e-05,-3.90687229190103e-06,-0.00022746471241934696,-4.7980611270759255e-05,-1.4531796599381863e-10,-2.1585733250887996e-06,-3.1843726759469245e-08,-0.0010543899145663564
693,0.09850130244064677,0.04994120967836091,0.04999999694466814,-9.883839827822077e-05,-3.85691067832748e-06,-0.0002279078369158376,-4.793587504536845e-05,-1.5265730346492035e-10,-2.170975470430058e-06,-2.740955071683034e-08,-0.0010579412965707482
694,0.09853229373067222,0.049941613047483825,0.049999996962468235,-9.924881386776436e-05,-3.807125165431428e-06,-0.00022834475567264738,-4.7892033762764186e-05,-1.5642254158620972e-10,-2.1833232178923485e-06,-2.331621627311802e-08,-0.0010614759801541613
695,0.09856298018861162,0.04994200412576612,0.049999996980462154,-9.965768392201582e-05,-3.75747703312086e-06,-0.0002287754338195701,-4.7844961954979226e-05,-1.6458720497602997e-10,-2.1956156253265935e-06,-1.9561586655282695e-08,-0.0010649937875292247
696,0.09859335746411227,0.04994238298315012,0.0499999969986514,-0.00010006498461608896,-3.7079728663456114e-06,-0.0002291998183340502,-4.779745722771622e-05,-1.670199117898008e-10,-2.2078529258977197e-06,-1.614351997653512e-08,-0.0010684945448608378
697,0.09862342132000607,0.049942751574742046,0.04999999701703756,-0.00010047067735226097,-3.658634408875119e-06,-0.00022961797904292854,-4.774746412294917e-05,-1.7516581241050488e-10,-2.220034667346784e-06,-1.3059868644932033e-08,-0.001071978068835356
698,0.09865316799935692,0.049943109483141686,0.04999999703562102,-0.00010087469713128394,-3.609413604961177e-06,-0.0002300300798450069,-4.769522638525814e-05,-1.8379041344385172e-10,-2.2321619291873313e-06,-1.0308485144303919e-08,-0.0010754441698929771
699,0.09868259162849154,0.049943456060110566,0.049999997054402306,-0.00010127704615869765,-3.5603435540678866e-06,-0.00023043590302466316,-4.7643279685871676e-05,-1.8775062060605308e-10,-2.2442332243894597e-06,-7.887219557775314e-09,-0.0010788926752682254
700,0.09871168986776367,0.04994379205856836,0.049999997073382554,-0.00010167768583618333,-3.5114715870528207e-06,-0.0002308354010057467,-4.7588338929926977e-05,-1.9619576796525706e-10,-2.256248333799074e-06,-5.793917137643238e-09,-0.0010823234108545356
701,0.09874046038625889,0.049944117875178176,0.04999999709256287,-0.00010207658007314871,-3.4627580819065993e-06,-0.00023122852767980045,-4.753303073812276e-05,-2.0230155051148557e-10,-2.268206412530811e-06,-4.026419966619405e-09,-0.0010857362019632362
702,0.09876889969061674,0.049944434506843854,0.0499999971119446,-0.00010247370193867863,-3.414252745250641e-06,-0.00023161535979194278,-4.74750304420013e-05,-2.0595117278254804e-10,-2.280107909263974e-06,-2.582567999905983e-09,-0.0010891308766687437
703,0.09879700480915667,0.04994474174408765,0.04999999713152825,-0.00010286899825132838,-3.3659290375291775e-06,-0.00023199606731668862,-4.741434895549901e-05,-2.192809267498319e-10,-2.291953795528068e-06,-1.4601987980031473e-09,-0.0010925072487407625
704,0.0988247720005065,0.049945039747046845,0.049999997151314056,-0.00010326244114070543,-3.3177672115860883e-06,-0.00023237044422987952,-4.735280526801944e-05,-2.232282136915842e-10,-2.30374310574269e-06,-6.571468087461349e-10,-0.001095865129921556
705,0.09885220012597694,0.0499453290926,0.049999997171302796,-0.00010365400339104612,-3.2697917145026465e-06,-0.0002327384516347395,-4.7289326175814494e-05,-2.3100805990328155e-10,-2.3154745420374976e-06,-1.712441574139907e-10,-0.0010992043434692126
706,0.09887928663882521,0.0499456096179502,0.04999999719149628,-0.00010404367752933593,-3.2220389373420513e-06,-0.00023310008867137843,-4.722425728687085e-05,-2.3717472430462294e-10,-2.327148652290174e-06,-3.2045463724932137e-13,-0.001102524707301761
707,0.09890603055375578,0.049945881940732254,0.04999999721189507,-0.0001044313669716005,-3.174464908719106e-06,-0.00023345533208143115,-4.7158955567283556e-05,-2.489579931097552e-10,-2.338764847927911e-06,-1.4220286350196937e-10,-0.0011058260398479638
708,0.0989324289966054,0.04994614645314636,0.049999997232499704,-0.00010481710402728837,-3.1271274342561227e-06,-0.00023380451926985032,-4.709077256848104e-05,-2.519679742629677e-10,-2.3503253311763504e-06,-5.947165943351687e-10,-0.0011091081652025215
709,0.09895847849437628,0.04994640177081786,0.049999997253310675,-0.00010520080672943359,-3.080002888490756e-06,-0.00023414711664995186,-4.7020606871228665e-05,-2.62562943609268e-10,-2.3618264353831086e-06,-1.3556842072195777e-09,-0.0011123709036592855
710,0.09898418135237956,0.049946651103293396,0.049999997274327995,-0.00010558246960229418,-3.033111499946669e-06,-0.00023448341630123823,-4.6949931856943294e-05,-2.6571259081897836e-10,-2.373270008114115e-06,-2.422926190571454e-09,-0.0011156140779070985
711,0.09900953406286894,0.04994689296673607,0.0499999972955521,-0.00010596204123786829,-2.986457628410628e-06,-0.0002348129309638913,-4.6877943532308564e-05,-2.753395011989568e-10,-2.384658885247338e-06,-3.794261980642082e-09,-0.0011188374835908268
712,0.09903453426768129,0.049947127590763696,0.0499999973169785,-0.00010633881073300225,-2.9399488152734783e-06,-0.0002351364451916895,-4.6822628064546734e-05,-2.649614694316682e-10,-2.3959898069604207e-06,-5.46751370066883e-09,-0.0011220411869431865
713,0.09905916310221023,0.049947350108886804,0.04999999733862385,-0.00010671454992836718,-2.8947060569697006e-06,-0.00023545397821826743,-4.67505851702299e-05,-3.043060803342712e-10,-2.4072623903034482e-06,-7.4405047921929176e-09,-0.0011252253401386068
714,0.09908343529334185,0.04994756033316622,0.04999999736051319,-0.00010708852288042531,-2.84988620154628e-06,-0.00023576525613005478,-4.6669090806972235e-05,-3.0859018118611914e-10,-2.41847379341093e-06,-9.711046896657788e-09,-0.001128389883246518
715,0.09910735110757901,0.04994775168869517,0.0499999973826582,-0.00010746072689853261,-2.8055439715258482e-06,-0.00023607028452243234,-4.658615216612816e-05,-3.1147978640788665e-10,-2.4296279873210784e-06,-1.2276949225575328e-08,-0.0011315346347157624
716,0.09913091900922638,0.04994794021199669,0.04999999740505835,-0.00010783055917889357,-2.7611930679898294e-06,-0.00023636901575446167,-4.650283881346695e-05,-3.1821298374090645e-10,-2.4407244900103947e-06,-1.5136029692534214e-08,-0.0011346592871034108
717,0.09915413798544642,0.04994812525551121,0.04999999742769958,-0.00010819797682187554,-2.716885596287294e-06,-0.00023666153171370604,-4.641747727873735e-05,-3.250579250213548e-10,-2.4517637721450377e-06,-1.8286106336826387e-08,-0.001137763546869349
718,0.09917700666439026,0.04994830847052131,0.049999997450569184,-0.00010856294591726575,-2.6726444605577436e-06,-0.00023694802446309296,-4.633185744751245e-05,-3.3387223541403444e-10,-2.462746733904592e-06,-2.172499492300763e-08,-0.0011408471420681038
719,0.09919952240218899,0.04994848876183475,0.04999999747365628,-0.00010892546914981536,-2.6285480573451524e-06,-0.00023722810748711705,-4.62455464003142e-05,-3.4187100372840007e-10,-2.473670819103687e-06,-2.5450507933124124e-08,-0.0011439098377188145
720,0.09922168679876722,0.049948667638726824,0.04999999749695263,-0.00010928555620837963,-2.5846678548025392e-06,-0.00023750206291654302,-4.6157296310411766e-05,-3.454230235178102e-10,-2.484538030988074e-06,-2.9460458266483772e-08,-0.0011469514095605398
721,0.09924349862120044,0.0499488446851542,0.04999999752045084,-0.00010964314419331767,-2.5409878187720192e-06,-0.0002377698280909731,-4.60687188024167e-05,-3.59674762195894e-10,-2.4953478563181634e-06,-3.3752659484461704e-08,-0.0011499716366278813
722,0.09926495792435527,0.0499490189762297,0.04999999754414437,-0.00010999825002350128,-2.497552589575733e-06,-0.00023803147953685815,-4.59782277175691e-05,-3.6721112262050326e-10,-2.506100478858662e-06,-3.83249238424869e-08,-0.001152970314601888
723,0.09928606452297002,0.049949190543933944,0.049999997568028656,-0.00011035085651407964,-2.4543899150529346e-06,-0.00023828726379038472,-4.5886339648859575e-05,-3.7082542592159484e-10,-2.5167975474483967e-06,-4.3175059986934444e-08,-0.0011559472443213217
724,0.09930681763441915,0.04994936015267412,0.049999997592098805,-0.00011070091916952593,-2.4115051843690293e-06,-0.00023853677891048786,-4.5794724428560585e-05,-3.847628604614073e-10,-2.5274363340761898e-06,-4.8300876755710484e-08,-0.0011589022408930558
725,0.09932721978732308,0.049949526400152114,0.04999999761635144,-0.00011104847344809866,-2.368954056549275e-06,-0.00023878031585117867,-4.56997768196743e-05,-3.898746603336889e-10,-2.538018234528629e-06,-5.3700181891108657e-08,-0.0011618351379059884
726,0.09934726996972179,0.04994969000956071,0.04999999764078516,-0.00011139349864850595,-2.326753599369311e-06,-0.0002390178289764244,-4.5606138883158565e-05,-3.9973832577366863e-10,-2.548543186471014e-06,-5.937078301958961e-08,-0.001164745766905503
727,0.09936696997517759,0.049949849555779746,0.04999999766539747,-0.00011173593416066793,-2.2848918291870205e-06,-0.0002392493950777062,-4.5509568735724315e-05,-4.097354122656327e-10,-2.559011418615965e-06,-6.531048990800636e-08,-0.0011676339649544854
728,0.0993863199314973,0.04995000610752365,0.04999999769018661,-0.00011207581363987508,-2.2434082176886162e-06,-0.0002394752489264605,-4.541151429293677e-05,-4.1422354435383113e-10,-2.569424589299047e-06,-7.15171085623307e-08,-0.0011704995869685332
729,0.09940531965939153,0.04995016051843674,0.0499999977151516,-0.00011241310554386112,-2.2023290364252355e-06,-0.00023969508267488007,-4.531412196229212e-05,-4.2215511641963133e-10,-2.5797803033976304e-06,-7.79884443227165e-08,-0.00117334249274146
730,0.0994239726279123,0.04995031149182946,0.04999999774029047,-0.00011274776652416062,-2.1616513295761475e-06,-0.00023990911046936278,-4.521432492765598e-05,-4.3203157717996987e-10,-2.5900801124666654e-06,-8.472230596341606e-08,-0.00117616254565402
731,0.09944227879571063,0.04995045853853455,0.04999999776560191,-0.00011307981461228356,-2.121396266725121e-06,-0.00024011736264304415,-4.511194856604561e-05,-4.398784947401424e-10,-2.6003237911786095e-06,-9.171650260937342e-08,-0.001178959613269982
732,0.09946023976389573,0.049950602696415325,0.04999999779108545,-0.00011340922542867423,-2.0815624399595125e-06,-0.00024031991174402117,-4.500968861975707e-05,-4.4769771223585053e-10,-2.6105120342668946e-06,-9.89688421318405e-08,-0.001181733573587541
733,0.09947785656216446,0.0499507439560859,0.04999999781674018,-0.00011373598187429137,-2.0421883129628876e-06,-0.00024051696597295923,-4.49068502348382e-05,-4.565519906574167e-10,-2.620646205692952e-06,-1.0647713360928965e-07,-0.0011844843146113571
734,0.0994951299487387,0.04995088129873573,0.04999999784256484,-0.00011406007142064502,-2.003270020942767e-06,-0.0002407082383388834,-4.4802847696701065e-05,-4.637874528867769e-10,-2.630724192193598e-06,-1.142391885356127e-07,-0.001187211730024569
735,0.09951206321633088,0.049951014896705406,0.049999997868558604,-0.00011438148707283751,-1.9648317383519832e-06,-0.00024089394417096366,-4.469584018806927e-05,-4.754492910485908e-10,-2.640747298997457e-06,-1.2225281735675037e-07,-0.0011899157199140257
736,0.09952865739961314,0.04995114568370763,0.04999999789472076,-0.00011470020593834886,-1.9268709619543683e-06,-0.00024107412212887223,-4.458902549231425e-05,-4.781208762238975e-10,-2.650715824600731e-06,-1.3051583369454373e-07,-0.001192596174735547
737,0.0995449147580117,0.04995127340300237,0.049999997921049234,-0.00011501617315586714,-1.8893651376353917e-06,-0.00024124885328620561,-4.448103209142573e-05,-4.91412965875071e-10,-2.6606303459291556e-06,-1.3902605749828864e-07,-0.0011952529948487769
738,0.09956083631625645,0.049951398385974954,0.04999999794754225,-0.00011532943322323457,-1.8523672319685272e-06,-0.00024141835884913937,-4.43723656644579e-05,-4.969968325774232e-10,-2.670492165011569e-06,-1.477813055200675e-07,-0.00119788610387973
739,0.09957642316358631,0.04995151940632242,0.04999999797419871,-0.00011563996924111202,-1.8158908301245526e-06,-0.00024158231245903066,-4.426162558957003e-05,-5.057294027999149e-10,-2.6802989573422766e-06,-1.5677939362877545e-07,-0.0012004954193737295
740,0.09959167982325452,0.04995163752209955,0.0499999980010166,-0.00011594772847471824,-1.7799053808769825e-06,-0.00024174101611223304,-4.4150638132123277e-05,-5.092692378916297e-10,-2.690053165360694e-06,-1.6601814469575566e-07,-0.001203080867346496
741,0.09960660644585766,0.04995175253593859,0.0499999980279936,-0.00011625273457842643,-1.7444640146558651e-06,-0.0002418944936470389,-4.403720231493935e-05,-5.241578282522141e-10,-2.699754821633859e-06,-1.754953866582276e-07,-0.0012056423826772187
742,0.09962120585101421,0.04995186499541239,0.04999999805512737,-0.00011655496032527356,-1.7095366538332369e-06,-0.00024204279879476935,-4.3923952034674585e-05,-5.268295244498233e-10,-2.7094042599308415e-06,-1.852089500013043e-07,-0.0012081798904790332
743,0.09963548039621593,0.04995197425274656,0.04999999808241473,-0.00011685436943360704,-1.6751256032500628e-06,-0.00024218615603245402,-4.38089482486248e-05,-5.411133208177432e-10,-2.719002971598382e-06,-1.9515666520084674e-07,-0.0012106933187754393
744,0.0996494316037258,0.049952080808231186,0.0499999981098515,-0.00011715095448569295,-1.6412345589124496e-06,-0.00024232430414974015,-4.3693737097783014e-05,-5.446151307708647e-10,-2.728549171774938e-06,-2.0533636583915158e-07,-0.0012131826166502193
745,0.09966306248116466,0.04995218439520749,0.049999998137434894,-0.00011744476957899391,-1.6079114645897905e-06,-0.00024245751126744623,-4.3577078031376004e-05,-5.488818843879528e-10,-2.7380448427387124e-06,-2.157458928487474e-07,-0.0012156477519185646
746,0.09967637472581004,0.04995228593092158,0.04999999816516224,-0.00011773576910487534,-1.5751524132487222e-06,-0.00024258576474691675,-4.345932029536925e-05,-5.633178923325488e-10,-2.7474898653055455e-06,-2.263830930576491e-07,-0.0012180886804448586
747,0.09968937148520031,0.04995238542158744,0.0499999981930295,-0.00011802393172395867,-1.5429253554858948e-06,-0.00024270923236110475,-4.3340645788703114e-05,-5.64648716672167e-10,-2.7568853549594933e-06,-2.372458159086414e-07,-0.0012205053648896647
748,0.0997020543528101,0.049952482180554085,0.04999999822103226,-0.00011830926279844464,-1.5112742299996232e-06,-0.0002428280835726492,-4.322096356190741e-05,-5.766477850777108e-10,-2.766232983980739e-06,-2.483319126642937e-07,-0.001222897778766454
749,0.0997144257192801,0.049952576677517825,0.04999999824916551,-0.00011859174485148196,-1.4801770176354744e-06,-0.00024294205976749855,-4.3099345930386335e-05,-5.849702389149058e-10,-2.7755302013888573e-06,-2.596392375885323e-07,-0.0012252658872840393
750,0.0997264894971342,0.04995266930310668,0.04999999827742416,-0.00011887136610888277,-1.4496276219554978e-06,-0.0002430514019422127,-4.29774408985395e-05,-5.937392244526052e-10,-2.784779332620135e-06,-2.7116564995963767e-07,-0.001227609661514276
751,0.09973824736827809,0.04995275945107315,0.04999999830580332,-0.00011914814008990348,-1.4196395020696831e-06,-0.00024315641027141673,-4.2855583160417154e-05,-5.949633008484057e-10,-2.7939830810563677e-06,-2.8290902563683864e-07,-0.0012299290863889611
752,0.09974970092273783,0.04995284779219974,0.049999998334297274,-0.00011942204785887582,-1.390225260120839e-06,-0.00024325670031656796,-4.2732019210234284e-05,-6.065503099783598e-10,-2.8031373792689906e-06,-2.94867237826779e-07,-0.0012322241585998061
753,0.09976085448533799,0.049952933714733125,0.049999998362900096,-0.00011969310334956939,-1.3613908042323135e-06,-0.0002433529457665077,-4.260710556991398e-05,-6.169915134357495e-10,-2.812248840090933e-06,-3.070381602194916e-07,-0.0012344948685254805
754,0.09977170895823304,0.049953017434842324,0.04999999839160517,-0.0001199612610257101,-1.3331090466110163e-06,-0.00024344446855957669,-4.248211553203873e-05,-6.188486945113425e-10,-2.8213114389118786e-06,-3.1941967853265e-07,-0.0012367412151134335
755,0.0997822691011852,0.04995309977189758,0.049999998420405804,-0.00012022656836007229,-1.3054177636183438e-06,-0.00024353195985351368,-4.2356321500847116e-05,-6.278013109373148e-10,-2.8303306452377193e-06,-3.3200968532170273e-07,-0.0012389632152012215
756,0.0997925354557697,0.04995318034761669,0.04999999844929584,-0.00012048901856327195,-1.2783043676109053e-06,-0.00024361526535823794,-4.222942152409814e-05,-6.307613875655704e-10,-2.8393056776701905e-06,-3.448060860774956e-07,-0.001241160879599976
757,0.09980251188041511,0.04995325977382707,0.04999999847826734,-0.00012074856257418673,-1.2517574119938521e-06,-0.0002436944559582871,-4.2101601138710976e-05,-6.43785136311692e-10,-2.8482363575265925e-06,-3.5780678845813433e-07,-0.0012433342220133016
758,0.09981220087203113,0.04995333806792125,0.0499999985073121,-0.00012100523905169193,-1.2257839211638683e-06,-0.00024376974297648732,-4.197325324639678e-05,-6.490463166919369e-10,-2.857125026020347e-06,-3.710097020587589e-07,-0.001245483268853329
759,0.09982160470587592,0.04995341493578275,0.04999999853642245,-0.00012125905479405258,-1.2003917863306571e-06,-0.0002438409282033028,-4.1844377847155556e-05,-6.57496945777325e-10,-2.8659699052587653e-06,-3.8441274828109366e-07,-0.001247608053787277
760,0.09983072695848112,0.04995349004929504,0.049999998565590696,-0.00012151001279661416,-1.1755772750275147e-06,-0.00024390823673900149,-4.171393084106967e-05,-6.639952476739097e-10,-2.874772717247343e-06,-3.980138562040071e-07,-0.0012497086109629768
761,0.09983957004976717,0.04995356444823584,0.04999999859480855,-0.00012175809646473057,-1.1513306112883485e-06,-0.0002439719735477511,-4.158468436799012e-05,-6.674398256301117e-10,-2.8835362158389084e-06,-4.11810962227685e-07,-0.001251784988774847
762,0.09984813576487864,0.04995363569260269,0.049999998624067024,-0.00012200333411905364,-1.1276771336555336e-06,-0.00024403176642968195,-4.145231287111528e-05,-6.787616579906341e-10,-2.8922570091180015e-06,-4.258020103702128e-07,-0.0012538372358773986
763,0.09985642854532173,0.049953706464473745,0.04999999865335708,-0.00012224570586026728,-1.104575741580681e-06,-0.00024408827864020184,-4.132094181841239e-05,-6.831232801651765e-10,-2.9009414943924973e-06,-4.399849577660649e-07,-0.0012558653943634457
764,0.09986444949968437,0.049953775670711624,0.04999999868266862,-0.0001224851966368192,-1.0820430089724835e-06,-0.0002441408659234409,-4.1187682654708624e-05,-6.911573535717253e-10,-2.9095834367928462e-06,-4.543577699153128e-07,-0.00125786952029067
765,0.09987220313662681,0.049953845030477784,0.04999999871199187,-0.00012272186229533136,-1.0600750201408076e-06,-0.00024419022446213224,-4.10557804570999e-05,-6.928972950959178e-10,-2.918189106849265e-06,-4.689184220614749e-07,-0.001259849689716641
766,0.0998796903912805,0.04995391321008358,0.049999998741317456,-0.00012295570211138762,-1.0386943709621748e-06,-0.00024423617954651524,-4.0921975596575066e-05,-7.02163605037498e-10,-2.926756831093106e-06,-4.836649008453386e-07,-0.0012618059821189677
767,0.09988691500207399,0.04995397981750278,0.04999999877063467,-0.0001231867003251807,-1.01787009398649e-06,-0.00024427882879621727,-4.078652273165062e-05,-7.120232736745891e-10,-2.9352876632925024e-06,-4.985951991675423e-07,-0.001263738463373922
768,0.09989387974241368,0.04995404673367944,0.04999999879993269,-0.0001234148567540446,-9.975907940000354e-07,-0.0002443183716505912,-4.06524159188848e-05,-7.130321333370659e-10,-2.9437830705593563e-06,-5.13707315255656e-07,-0.0012656472241410963
769,0.09990058661037014,0.04995411269016306,0.04999999882920093,-0.00012364023438762273,-9.778941744664556e-07,-0.0002443546490374521,-4.05171922466252e-05,-7.231275578334362e-10,-2.952241986589118e-06,-5.289992567841624e-07,-0.0012675323696570086
770,0.09990703920794393,0.04995417784023615,0.04999999885842876,-0.00012386281144630747,-9.587496785146248e-07,-0.00024438787801932276,-4.038134284201078e-05,-7.269886914684776e-10,-2.96066610756172e-06,-5.444690438627019e-07,-0.0012693939935494926
771,0.09991324002587983,0.04995424181427523,0.04999999888760463,-0.00012408258104458378,-9.401494385768363e-07,-0.00024441836782759866,-4.0245566196972504e-05,-7.330489548706964e-10,-2.9690587184550228e-06,-5.601147182996619e-07,-0.0012712321960492773
772,0.09991919116982023,0.049954304649664334,0.04999999891671641,-0.00012429957390652733,-9.22093146441331e-07,-0.0002444457763828,-4.010854900116101e-05,-7.429117876434077e-10,-2.977416231457454e-06,-5.759343329165058e-07,-0.0012730470979131579
773,0.09992489608557158,0.04995436701696283,0.049999998945752876,-0.00012451385098292367,-9.045972512334276e-07,-0.0002444707182235777,-3.997205931227654e-05,-7.428224702010766e-10,-2.9857441387054737e-06,-5.919259369619099e-07,-0.0012748388409863048
774,0.09993035643157538,0.049954428912461206,0.04999999897470257,-0.00012472540345461703,-8.876589810679968e-07,-0.00024449261195760044,-3.9835580537328497e-05,-7.515819078207642e-10,-2.9940377609716775e-06,-6.080875995036463e-07,-0.0012766075651716236
775,0.09993557628285431,0.04995448985271853,0.04999999900355336,-0.0001249342436830302,-8.712555273454335e-07,-0.000244511882902913,-3.9698406908428296e-05,-7.592257378341571e-10,-3.002300309350309e-06,-6.244174057822585e-07,-0.0012783534103500466
776,0.0999405575867337,0.049954549699915744,0.04999999903229336,-0.00012514039995419467,-8.553878266608483e-07,-0.00024452881447823224,-3.955952342948876e-05,-7.637553922634766e-10,-3.010534600153929e-06,-6.409134538646955e-07,-0.0012800765146021341
777,0.09994530283034081,0.049954609804987775,0.049999999060909656,-0.00012534385238531683,-8.400264252160626e-07,-0.00024454312070434583,-3.942234980058856e-05,-7.668005674865697e-10,-3.018737765724728e-06,-6.575738518046721e-07,-0.0012817770269347196
778,0.09994981507585116,0.04995466906221022,0.049999999089388986,-0.00012554465225488474,-8.251955072780734e-07,-0.0002445554045154487,-3.928351725335233e-05,-7.744005436904899e-10,-3.0269159270989415e-06,-6.743967192076814e-07,-0.0012834551138244759
779,0.09995409622939669,0.04995472792043319,0.04999999911771794,-0.00012574280730903866,-8.108804714401122e-07,-0.0002445651115597015,-3.9144073525676504e-05,-7.80667530619894e-10,-3.0350637465576784e-06,-6.913801894437137e-07,-0.0012851109318034008
780,0.09995814998457886,0.049954785997403384,0.04999999914588278,-0.00012593832109350815,-7.970601768350385e-07,-0.0002445726347553617,-3.900527735822834e-05,-7.86388398843485e-10,-3.0431848485281335e-06,-7.085224101769426e-07,-0.0012867446425882207
781,0.09996197826372849,0.049954843845321936,0.04999999917386995,-0.00012613124207075648,-7.83736153955614e-07,-0.00024457827752177484,-3.8865960959810764e-05,-7.881480468263646e-10,-3.051282040611081e-06,-7.25821554871715e-07,-0.0012883564257533805
782,0.09996558331319125,0.049954901471968204,0.04999999920166556,-0.0001263215915609666,-7.709045010738836e-07,-0.00024458171470532585,-3.8726644561393186e-05,-7.980873739654726e-10,-3.0593521931189768e-06,-7.432757996580282e-07,-0.0012899464663880132
783,0.09996896835005671,0.04995495901695925,0.04999999922925537,-0.00012650937710811437,-7.585588566337271e-07,-0.0002445835416483365,-3.858810305246152e-05,-8.018794517283823e-10,-3.067401149221226e-06,-7.608833327523241e-07,-0.001291514963407853
784,0.09997213509040022,0.04995501654561061,0.04999999925662502,-0.00012669465834494229,-7.467009321845977e-07,-0.0002445832533347165,-3.84470731660258e-05,-8.092029268880196e-10,-3.075423994876441e-06,-7.78642358546964e-07,-0.0012930621107304727
785,0.09997508696981605,0.049955073815079215,0.049999999283759915,-0.0001268774068095781,-7.352952651077346e-07,-0.00024458124341111777,-3.830951754935086e-05,-8.04669386678114e-10,-3.083424689445594e-06,-7.965511013091813e-07,-0.001294588108562103
786,0.09997782582353121,0.04995513119501606,0.049999999310644985,-0.0001270576805585408,-7.24360507465883e-07,-0.0002445777586424595,-3.816915341303684e-05,-8.218101199553018e-10,-3.0914053009518083e-06,-8.146078109172335e-07,-0.0012960931650262836
787,0.09998035415407383,0.04995518768088056,0.04999999933726503,-0.0001272354898368983,-7.138618507823976e-07,-0.0002445725348979358,-3.803009167313576e-05,-8.202993284633919e-10,-3.0993634076749123e-06,-8.328107444170602e-07,-0.0012975774926935546
788,0.09998267455458301,0.04995524498724693,0.049999999363605066,-0.000127410895395402,-7.038161528960136e-07,-0.00024456613394955245,-3.788992762565613e-05,-8.254456007605881e-10,-3.1073039416682163e-06,-8.5115816609986e-07,-0.0012990413174222499
789,0.09998478917646242,0.049955301875398817,0.04999999938964947,-0.00012758387659609634,-6.941958633381951e-07,-0.0002445580805907589,-3.7750629417132586e-05,-8.317494470944098e-10,-3.115223320742859e-06,-8.696483564716798e-07,-0.0013004848680651996
790,0.09998670072743543,0.04995535897194297,0.0499999994153825,-0.00012775450900404543,-6.850111160352989e-07,-0.00024454871738718707,-3.7610778235830367e-05,-8.354787972564282e-10,-3.1231242176699127e-06,-8.882796203403316e-07,-0.001301908370832631
791,0.09998841144205124,0.049955416150458176,0.049999999440788395,-0.00012792276200288742,-6.762251921361242e-07,-0.0002445383502815179,-3.747040682355873e-05,-8.392060379946997e-10,-3.1310097474497208e-06,-9.070502794065619e-07,-0.0013033120509125236
792,0.09998992344581889,0.04995547417680406,0.04999999946585068,-0.00012808869554414845,-6.678404759766948e-07,-0.0002445266515858833,-3.73312686861027e-05,-8.515230187633449e-10,-3.13887690655867e-06,-9.259586734364867e-07,-0.0013046961456190742
793,0.09999123926876641,0.04995553250264699,0.04999999949055344,-0.00012825235572613562,-6.598474828668734e-07,-0.00024451417720103665,-3.719164305948652e-05,-8.473210466597436e-10,-3.1467307868107752e-06,-9.450031532558718e-07,-0.0013060608970365765
794,0.09999236098038831,0.049955591532837296,0.04999999951488045,-0.00012841374269731447,-6.522373609613186e-07,-0.0002445004940279591,-3.705365816131234e-05,-8.53930648414547e-10,-3.154567294670905e-06,-9.641820819654714e-07,-0.0013074065709578273
795,0.09999329094160828,0.0499556506568172,0.04999999953881534,-0.00012857294370165325,-6.450159864961123e-07,-0.0002444859212837337,-3.691296296892688e-05,-8.639901571960706e-10,-3.1623898564768944e-06,-9.83493850367914e-07,-0.0013087334169224131
796,0.0999940313420529,0.04995571103346705,0.049999999562341885,-0.0001287299209220492,-6.381371685324736e-07,-0.0002444707508983337,-3.677513086586259e-05,-8.584762345442698e-10,-3.1702011376547577e-06,-1.0029368746090344e-06,-0.0013100416788711074
797,0.0999945842725444,0.04995577205088014,0.049999999585443045,-0.00012888472168397244,-6.31617911470907e-07,-0.00024445470309469636,-3.663708412204869e-05,-8.66953786538005e-10,-3.177998241083224e-06,-1.0225095846813709e-06,-0.0013113316247589497
798,0.09999495192886325,0.04995583382371328,0.04999999960810199,-0.00012903740125094892,-6.2543998184086e-07,-0.00024443829852285084,-3.6498855479294434e-05,-8.705767773342643e-10,-3.1857863803832784e-06,-1.0422104274304206e-06,-0.001312603521711482
799,0.09999513643368434,0.04995589699149633,0.049999999630301814,-0.000129187967617723,-6.195959581384968e-07,-0.0002444210751136833,-3.635995744843967e-05,-8.766060655140961e-10,-3.1935604266533314e-06,-1.062037857188975e-06,-0.0013138576293396324
800,0.09999513984924718,0.04995596132229935,0.04999999965202545,-0.00012933645245603127,-6.140569864005807e-07,-0.00024440339141725356,-3.6222918424755335e-05,-8.825396524692053e-10,-3.201324570445829e-06,-1.081990350489683e-06,-0.0013150942153702402
801,0.09999496420761816,0.049956026735100405,0.04999999967325622,-0.00012948292803542495,-6.088357781821706e-07,-0.0002443854942825113,-3.608583574532531e-05,-8.848550225870611e-10,-3.2090812871721763e-06,-1.1020664153521087e-06,-0.0013163135595987978
802,0.09999461158729989,0.049956093110041094,0.04999999969397722,-0.00012962738799166123,-6.03917098039942e-07,-0.0002443671374942698,-3.594905138015747e-05,-8.844261434326484e-10,-3.2168276349405025e-06,-1.1222645697051794e-06,-0.0013175159456114028
803,0.09999408391658826,0.049956161997362705,0.04999999971417135,-0.00012976989465050107,-5.992927251137067e-07,-0.00024434881831040156,-3.581150303944014e-05,-8.877593660194805e-10,-3.2245684318579634e-06,-1.142583336649088e-06,-0.001318701650807683
804,0.099993383279884,0.04995623279674507,0.049999999733821104,-0.00012991040755184975,-5.949340882081701e-07,-0.0002443300582782865,-3.5676162951858714e-05,-9.003784384731262e-10,-3.232299438102426e-06,-1.1630212603971167e-06,-0.001319870951342125
805,0.09999251138772955,0.04995630539287246,0.049999999752909405,-0.00013004906189344618,-5.908482835323258e-07,-0.00024431168083615784,-3.554001159500331e-05,-8.993139566371156e-10,-3.2400104917355214e-06,-1.1835769129881142e-06,-0.0013210241690652569
806,0.09999147012070013,0.0499563799323697,0.04999999977142118,-0.00013018674583543472,-5.8704452288895e-07,-0.0002442932205962238,-3.538668897817843e-05,-9.007956047746291e-10,-3.2477179987218073e-06,-1.2042488220705338e-06,-0.0013221613346303645
807,0.09999026023376434,0.04995646319747338,0.04999999978933472,-0.00013032145869645674,-5.832710450450962e-07,-0.00024427459414367957,-3.524195199133828e-05,-8.841994914021711e-10,-3.2554214485338117e-06,-1.2250355090331265e-06,-0.0013232823331786672
808,0.09998888376528246,0.04995655635554807,0.0499999998066256,-0.0001304538248529239,-5.796619289032094e-07,-0.0002442560637197588,-3.5103024856653064e-05,-8.396834338952885e-10,-3.263123652109904e-06,-1.245935622947112e-06,-0.0013243872145369032
809,0.09998734200053501,0.04995666888824629,0.04999999982327307,-0.0001305837471156125,-5.761810964874423e-07,-0.0002442374321327067,-3.496911085676402e-05,-9.051785987423955e-10,-3.270818539146394e-06,-1.266947815061904e-06,-0.001325476136426121
810,0.09998563740384339,0.049956786160288896,0.04999999983925993,-0.00013071183019073112,-5.729327561493103e-07,-0.0002442189948042296,-3.483445834717713e-05,-9.124986322106565e-10,-3.2785088016132075e-06,-1.288070671632969e-06,-0.0013265493803809808
811,0.09998377174503975,0.04995690858460107,0.049999999854572805,-0.00013083810020365251,-5.698971541704081e-07,-0.00024420097821267316,-3.470102456049062e-05,-9.175404325212355e-10,-3.28619667897912e-06,-1.3093028047598793e-06,-0.0013276072195626046
812,0.09998174687075179,0.04995703421885122,0.04999999986919835,-0.00013096262919372198,-5.67073261450925e-07,-0.00024418322813300335,-3.456913327681832e-05,-9.080117213677852e-10,-3.2938804434604685e-06,-1.33064285588959e-06,-0.001328649936013845
813,0.09997956414701867,0.04995716334481509,0.04999999988312303,-0.00013108540887625246,-5.644525182284012e-07,-0.00024416609775904113,-3.4437482099747285e-05,-9.241720166919265e-10,-3.3015629899476005e-06,-1.3520894858275393e-06,-0.0013296778157417934
814,0.0999772255361724,0.049957296215985596,0.04999999989633333,-0.00013120652936888418,-5.620235803358639e-07,-0.0002441492454854545,-3.430703145568259e-05,-9.197124173354609e-10,-3.309240533180028e-06,-1.373641360145844e-06,-0.0013306911495461241
815,0.09997473216680525,0.049957431576136024,0.04999999990881604,-0.00013132601532061904,-5.597787585345569e-07,-0.00024413296621432894,-3.417632979108021e-05,-9.259322197863185e-10,-3.316915948786976e-06,-1.3952971688767883e-06,-0.0013316902265810074
816,0.09997208574900535,0.049957571119621735,0.04999999992055787,-0.0001314438983524858,-5.577037671283038e-07,-0.0002441174808673932,-3.4046777727780864e-05,-9.208757645318144e-10,-3.3245911231794554e-06,-1.417055633423584e-06,-0.001332675330583229
817,0.09996928797721626,0.049957714121014386,0.0499999999315455,-0.00013156020671152013,-5.557877623754372e-07,-0.00024410252953356487,-3.391757854842581e-05,-9.324544469890839e-10,-3.3322627199380985e-06,-1.4389154762739784e-06,-0.0013336467487724628
818,0.09996633998372628,0.049957859842663585,0.049999999941765724,-0.00013167499403278734,-5.540257017127028e-07,-0.0002440885287509362,-3.3790427551139146e-05,-9.337988160496025e-10,-3.3399352958982765e-06,-1.4608754303650897e-06,-0.0013346047818702626
819,0.09996324379777649,0.04995800830749669,0.049999999951205576,-0.00013178832098605545,-5.524170182686556e-07,-0.0002440751145933659,-3.366219607414678e-05,-9.32092514283056e-10,-3.3476047693735896e-06,-1.4829342577770529e-06,-0.001335549718703957
820,0.09995999993723916,0.04995816118393326,0.04999999995985201,-0.0001319001567020427,-5.50934804767795e-07,-0.00024406259784978972,-3.353537977091037e-05,-9.319610638769404e-10,-3.355274023173507e-06,-1.5050907315475053e-06,-0.0013364818455053958
821,0.09995661037367508,0.04995831794317923,0.04999999996769198,-0.000132010566591559,-5.495892120739083e-07,-0.00024405113511802935,-3.340925832162611e-05,-9.381720955659034e-10,-3.3629444477256137e-06,-1.527343642977347e-06,-0.0013374014604101891
822,0.09995307654858648,0.049958478688042304,0.04999999997471266,-0.00013211959836491815,-5.483585593892217e-07,-0.00024404049735016528,-3.3284653909504414e-05,-9.454532712283026e-10,-3.370613361954616e-06,-1.5496918005223602e-06,-0.0013383088462830457
823,0.09994939921532961,0.04995864262888376,0.049999999980901405,-0.00013222726859581189,-5.472335411451553e-07,-0.00024403109039887873,-3.3160886232508346e-05,-9.396514677462164e-10,-3.3782850371100175e-06,-1.5721340341838643e-06,-0.0013392042934847004
824,0.09994558043759112,0.04995881149614144,0.049999999986245686,-0.00013233363346201708,-5.462164547250136e-07,-0.00024402255776412817,-3.3038737456081435e-05,-9.433377412548793e-10,-3.385955108590601e-06,-1.5946691879004954e-06,-0.0013400880976409749
825,0.09994162061869033,0.04995898380640992,0.049999999990733096,-0.00013243869686912083,-5.452932036108571e-07,-0.00024401515361465614,-3.291593020549044e-05,-9.451581739483572e-10,-3.3936259773116697e-06,-1.6172961077430477e-06,-0.0013409605425547947
826,0.09993752131392619,0.0499591608180935,0.0499999999943514,-0.00013254249302519864,-5.444562916210363e-07,-0.0002440090373545062,-3.279453085269779e-05,-9.487477470315753e-10,-3.401299107071666e-06,-1.6400136617075798e-06,-0.0013418219097898528
827,0.09993328394581964,0.04995934252547751,0.049999999997088575,-0.0001326450711211312,-5.436915951665776e-07,-0.00024400401946238432,-3.267476495238952e-05,-9.53986334373269e-10,-3.4089723918082077e-06,-1.6628207334627217e-06,-0.0013426724929462396
828,0.09992890942370108,0.049959528347378546,0.04999999999893284,-0.0001327464995356596,-5.430066897786871e-07,-0.0002440004614650621,-3.2556414225837216e-05,-9.506349041288331e-10,-3.4166495544580072e-06,-1.6857162239568706e-06,-0.0013435125880285632
829,0.09992439933976033,0.04995971838178512,0.049999999999872584,-0.0001328467657345572,-5.42391045724528e-07,-0.00024399802639851157,-3.2438303605886176e-05,-9.530548572556086e-10,-3.4243264634963845e-06,-1.7086990473691173e-06,-0.001344342481297689
830,0.0999197540161151,0.049959913712283935,0.04999999999989639,-0.0001329459058191305,-5.418334868529562e-07,-0.00024399692164443743,-3.232177550671622e-05,-9.521208266249914e-10,-3.4320050053597956e-06,-1.7317681254444274e-06,-0.0013451624594626665
831,0.09991497489990735,0.049960113840456705,0.04999999999899312,-0.0001330439679174048,-5.413265889383081e-07,-0.0002439973502397602,-3.220674625481479e-05,-9.568307257623587e-10,-3.4396873742322467e-06,-1.7549224080744109e-06,-0.0013459728118778748
832,0.09991006344317299,0.04996031903396772,0.04999999999715187,-0.00013314099100549068,-5.408693319096848e-07,-0.00024399904369830496,-3.209120768588036e-05,-9.61614787797771e-10,-3.447369719105145e-06,-1.7781608431661327e-06,-0.0013467738252275823
833,0.0999050199727799,0.049960529952453175,0.04999999999436195,-0.00013323702086427043,-5.404482300120246e-07,-0.00024400241793396703,-3.1978062907001004e-05,-9.595539918194618e-10,-3.4550569388681813e-06,-1.8014823892613774e-06,-0.001347565774385723
834,0.09989984614952678,0.04996074508863274,0.04999999999061295,-0.00013333204371323751,-5.400619724939443e-07,-0.0002440071290498696,-3.186557660228573e-05,-9.592368011013264e-10,-3.4627448060327535e-06,-1.8248860336482082e-06,-0.0013483489353022602
835,0.09989454221499143,0.04996096622519039,0.049999999985894786,-0.00013342611887803434,-5.397044571581656e-07,-0.00024401335077262276,-3.175443998770788e-05,-9.633031039513185e-10,-3.47043469723891e-06,-1.84837076702804e-06,-0.001349123584702209
836,0.09988910931338735,0.04996119290017223,0.04999999998019763,-0.00013351927202514725,-5.393683478906488e-07,-0.0002440212838122239,-3.164434019709006e-05,-9.623736252351023e-10,-3.4781284426461623e-06,-1.8719355912927893e-06,-0.0013498899886765332
837,0.09988354874806349,0.049961424535904755,0.04999999997351196,-0.00013361152901928604,-5.390483693891249e-07,-0.00024403070058591687,-3.153625220875256e-05,-9.64652024926238e-10,-3.4858233262955656e-06,-1.895579523124687e-06,-0.001350648418754256
838,0.09987786091710277,0.04996166190769465,0.04999999996582857,-0.00013370294655817042,-5.387391817316277e-07,-0.00024404186992593954,-3.1430390663444996e-05,-9.681194734767473e-10,-3.493522153389208e-06,-1.919301599179979e-06,-0.0013513991581643168
839,0.09987204744408987,0.0499619042929921,0.049999999957138386,-0.00013379358301536233,-5.384474617015131e-07,-0.00024405454871520547,-3.132377241854556e-05,-9.674917533786243e-10,-3.5012213191952885e-06,-1.9431008538489804e-06,-0.001352142486559893
840,0.09986610827809268,0.04996215287670589,0.04999999994743262,-0.00013388343304451461,-5.381584630119185e-07,-0.000244068904247199,-3.121868576272391e-05,-9.639310460940465e-10,-3.508922492239207e-06,-1.9669763214868457e-06,-0.0013528786644169191
841,0.09986004433231659,0.049962407087894206,0.04999999993670298,-0.00013397250070146393,-5.37865482337057e-07,-0.00024408504793792284,-3.111630576313473e-05,-9.655155563947915e-10,-3.5166269438257584e-06,-1.9909270639934086e-06,-0.0013536079558432446
842,0.09985385706654862,0.049962666827931095,0.04999999992494141,-0.000134060877022145,-5.375753556685794e-07,-0.00024410286491650544,-3.1013940315460786e-05,-9.720289018133599e-10,-3.524332421709044e-06,-2.0149521514648745e-06,-0.001354330626273252
843,0.09984754650782815,0.049962932127125576,0.04999999991214013,-0.00013414854545607766,-5.372716039307232e-07,-0.0002441225604773118,-3.0914332455722615e-05,-9.668922329453267e-10,-3.5320413960214173e-06,-2.0390506703598536e-06,-0.0013550469375809048
844,0.09984111425957912,0.049963203613300707,0.04999999989829171,-0.0001342355826605704,-5.369597468160542e-07,-0.0002441438795768988,-3.081504110014066e-05,-9.724162586266516e-10,-3.5397498825850237e-06,-2.063221708696367e-06,-0.0013557571534756163
845,0.09983456000463262,0.04996348050636077,0.04999999988338891,-0.0001343219878307757,-5.366323730766351e-07,-0.0002441670047394258,-3.071735773119144e-05,-9.66464575036241e-10,-3.547459991089029e-06,-2.08746435408321e-06,-0.0013564615292525582
846,0.09982788495039314,0.049963763571365,0.04999999986742499,-0.00013440779096820336,-5.362873023834049e-07,-0.00024419200151397813,-3.062225005123764e-05,-9.744374196429817e-10,-3.5551721109606295e-06,-2.1117777273279424e-06,-0.0013571603194435025
847,0.09982109000477891,0.0499640523598486,0.04999999985039333,-0.00013449305992068017,-5.359236848004555e-07,-0.00024421832928434717,-3.052642205148004e-05,-9.687610713626782e-10,-3.5628980218256552e-06,-2.136160936989665e-06,-0.0013578537299701447
848,0.09981417566711424,0.04996434767027664,0.049999999832288915,-0.00013457692797356612,-5.355123436032449e-07,-0.0002442469155037246,-3.0450804842985235e-05,-1.0238486725100415e-09,-3.570623819534021e-06,-2.1606131577416496e-06,-0.0013585422281280268
849,0.09980715086858105,0.049964643187541916,0.049999999813102575,-0.0001346614172833627,-5.351295406455799e-07,-0.0002442773661397369,-3.0366296414285898e-05,-9.969839398493718e-10,-3.5783447747345284e-06,-2.1851336126860425e-06,-0.0013592263812735774
850,0.09980000889794119,0.0499649393585932,0.04999999979282191,-0.0001347458528707513,-5.347420016166654e-07,-0.00024430991449765697,-3.0280250939540565e-05,-1.0561018726207294e-09,-3.5860628919125412e-06,-2.209721399521163e-06,-0.0013599065547424463
851,0.09979275245482172,0.04996522934127308,0.0499999997714366,-0.00013483034762267276,-5.343556587928265e-07,-0.000244344490344403,-3.0187975426088087e-05,-9.620689800371451e-10,-3.593780792201568e-06,-2.234375629013113e-06,-0.0013605830201693038
852,0.09978537806347705,0.049965527020638875,0.04999999974893887,-0.0001349143940702911,-5.339218892757121e-07,-0.00024438089063233474,-3.0096343834884465e-05,-9.62651514058166e-10,-3.601495693156326e-06,-2.2590954962297482e-06,-0.0013612559025338972
853,0.09977788473558435,0.049965832617271694,0.049999999725325366,-0.00013499792372144204,-5.334278686592003e-07,-0.0002444193653947352,-3.0006971428520046e-05,-9.512367560304824e-10,-3.6092109796140644e-06,-2.2838801911245203e-06,-0.0013619253232965015
854,0.09977027468818439,0.04996614726438964,0.0499999997005938,-0.00013508098286016773,-5.328873619154325e-07,-0.0002444596012340643,-2.9920569431851618e-05,-9.624780972217195e-10,-3.616922895129307e-06,-2.3087289084417644e-06,-0.0013625914350695327
855,0.09976254754498833,0.04996647013449554,0.049999999674741946,-0.00013516364564318352,-5.323047875589286e-07,-0.0002445017093890918,-2.9833920052624308e-05,-9.596220484908713e-10,-3.6246317370370626e-06,-2.333640820628984e-06,-0.001363254383333433
856,0.09975470391253138,0.049966802448576736,0.04999999964776778,-0.00013524589175819735,-5.316667802042914e-07,-0.00024454583520450455,-2.9748829547315836e-05,-9.606816453455735e-10,-3.632339436184138e-06,-2.358615098838595e-06,-0.0013639142921501957
857,0.09974674459066973,0.049967143328025515,0.04999999961967024,-0.00013532772648296472,-5.30971469631735e-07,-0.0002445917995164832,-2.9665474357898347e-05,-9.568213998889519e-10,-3.6400433826191048e-06,-2.383650925746088e-06,-0.0013645712856921743
858,0.09973866955888894,0.049967493177957886,0.049999999590448846,-0.00013540917970204452,-5.302269600182884e-07,-0.00024463976404340125,-2.9586206437670626e-05,-9.510773280041462e-10,-3.6477446574231293e-06,-2.408747469479631e-06,-0.0013652255126833665
859,0.0997304804643982,0.04996785047524337,0.04999999956010344,-0.0001354903148988877,-5.294349728306207e-07,-0.0002446895682645571,-2.9505277780117467e-05,-9.636029751902697e-10,-3.6554408213263143e-06,-2.433903896290128e-06,-0.0013658771144425923
860,0.09972217640423467,0.04996821655973091,0.04999999952863424,-0.0001355711184145593,-5.285817972870626e-07,-0.0002447412518877711,-2.9428867492242716e-05,-9.540567225130303e-10,-3.663132453696238e-06,-2.4591193771300333e-06,-0.0013665262245877551
861,0.09971375845051149,0.04996858995927577,0.04999999949604181,-0.00013565164058487465,-5.276916725442777e-07,-0.00024479494612031594,-2.9353046556934714e-05,-9.567830971946023e-10,-3.6708200743057957e-06,-2.484393087327671e-06,-0.001367172988966537
862,0.09970522760164986,0.04996897084277285,0.04999999946232681,-0.00013573190879640902,-5.267471646795668e-07,-0.0002448504053005285,-2.9278089641593397e-05,-9.543134060763236e-10,-3.678500030342494e-06,-2.509724187787934e-06,-0.0013678175416171963
863,0.09969658298740895,0.04996935945676351,0.04999999942749009,-0.00013581193884723835,-5.257526465849756e-07,-0.0002449078683575185,-2.9205823011579923e-05,-9.510223719644273e-10,-3.6861746885612534e-06,-2.5351118297010897e-06,-0.0013684600148154502
864,0.09968782626071931,0.04996975522280143,0.04999999939153289,-0.00013589174518821709,-5.247071804627359e-07,-0.00024496713191066855,-2.9135420845705085e-05,-9.518811294739749e-10,-3.6938410306216714e-06,-2.560555167901843e-06,-0.0013691005471548083
865,0.0996789569493666,0.0499701567957499,0.049999999354457036,-0.0001359713477747773,-5.236134460074418e-07,-0.0002450283021413808,-2.906553891079966e-05,-9.492305830249848e-10,-3.701499838455057e-06,-2.5860533578637265e-06,-0.0013697392726001985
866,0.09966997580300481,0.04997056505933617,0.04999999931626455,-0.00013605076790425814,-5.224729015534229e-07,-0.0002450914357375722,-2.899850733228959e-05,-9.549693258392722e-10,-3.709150828089543e-06,-2.6116055579756988e-06,-0.0013703763251467541
867,0.09966088373586256,0.04997097868413386,0.049999999276957356,-0.00013613005798585138,-5.212841424168746e-07,-0.000245156392062771,-2.8933127396157943e-05,-9.495589869956689e-10,-3.7167913279990242e-06,-2.637210915749408e-06,-0.0013710118527472852
868,0.09965168089964054,0.049971397800271794,0.04999999923653713,-0.0001362092568304047,-5.200423878976026e-07,-0.0002452233234832674,-2.8870150345028378e-05,-9.520718657896055e-10,-3.724423194799789e-06,-2.6628685812691454e-06,-0.001371646007369106
869,0.09964236821708021,0.04997182141023365,0.04999999919500554,-0.00013628838352136162,-5.187636289198531e-07,-0.0002452920075748929,-2.880761712731328e-05,-9.473976048113286e-10,-3.7320426485511996e-06,-2.6885777040081133e-06,-0.0013722789320039508
870,0.09963294499853183,0.0499722501005045,0.04999999915236432,-0.00013636745401344054,-5.174376085003912e-07,-0.0002453625579690851,-2.874680831155274e-05,-9.519495192122918e-10,-3.7396503202257743e-06,-2.7143374245323698e-06,-0.0013729107699987535
871,0.09962341235534122,0.04997268370916483,0.04999999910861527,-0.00013644649734307243,-5.160660366858472e-07,-0.0002454346579468983,-2.8688236852758564e-05,-9.426618374774876e-10,-3.7472586135013984e-06,-2.740146877373563e-06,-0.001373541629306958
872,0.09961377123572226,0.04997312161317862,0.04999999906376309,-0.00013652481080619487,-5.146412473436483e-07,-0.0002455087789094347,-2.864649286493659e-05,-9.982361603988466e-10,-3.754853499653814e-06,-2.7660052677020277e-06,-0.001374171831338384
873,0.09960403090050439,0.049973559593458554,0.049999999017803984,-0.0001366039608858641,-5.132062694957062e-07,-0.00024558492483514035,-2.859971755242441e-05,-9.65558188958937e-10,-3.762433224433922e-06,-2.791911835853921e-06,-0.0013748017904328803
874,0.09959418520575403,0.04997399704750514,0.049999998970728286,-0.00013668346406279822,-5.117343419816188e-07,-0.0002456629289702425,-2.8556181860039942e-05,-1.0282503737357729e-09,-3.769995415765022e-06,-2.8178657005515453e-06,-0.0013754318146424404
875,0.09958423710901998,0.049974428944262475,0.049999998922527794,-0.00013676358766500805,-5.102605225015771e-07,-0.00024574282278689625,-2.850509736163076e-05,-9.525059629922339e-10,-3.7775421534691806e-06,-2.8438659769329787e-06,-0.001376062157258974
876,0.09957418174254885,0.04997486248723215,0.0499999988731972,-0.00013684385318291385,-5.087504595079542e-07,-0.00024582488250507646,-2.8456672225729562e-05,-9.486615937248644e-10,-3.785076450136502e-06,-2.869911870922287e-06,-0.0013766929599095343
877,0.0995640215413896,0.04997529860644721,0.04999999882273857,-0.0001369242975314908,-5.071987213244187e-07,-0.0002459084944613239,-2.8408618163666688e-05,-9.503253739495676e-10,-3.7925901983259774e-06,-2.896002567678867e-06,-0.001377324369117617
878,0.09955375374776998,0.04997573758227265,0.04999999877115378,-0.0001370049219700797,-5.056110518399179e-07,-0.0002459942319982222,-2.8363738238113e-05,-9.48788270171974e-10,-3.8000901528825555e-06,-2.9221372364022686e-06,-0.0013779565298907418
879,0.09954338202800841,0.049976178527973335,0.049999998718444676,-0.00013708575902402522,-5.039896762107392e-07,-0.0002460814666970447,-2.831971869454719e-05,-9.484142360349779e-10,-3.8075678742069275e-06,-2.948315043404427e-06,-0.0013785895864049944
880,0.09953290342248326,0.04997662252549955,0.04999999866461374,-0.00013716678788122132,-5.023283172371757e-07,-0.0002461706963458121,-2.8277658202569e-05,-9.45543865427112e-10,-3.815029796867277e-06,-2.9745351644523314e-06,-0.001379223672708958
881,0.099522320864016,0.04997706889816861,0.0499999986096637,-0.0001372480427206154,-5.006396841419442e-07,-0.0002462617281865311,-2.8238273444003426e-05,-9.44936573432642e-10,-3.822472145470072e-06,-3.000796786171407e-06,-0.0013798589188383547
882,0.09951163404109989,0.04997751734862207,0.04999999855359705,-0.00013732954670557979,-4.989169451572591e-07,-0.00024635447063472976,-2.819881592586171e-05,-9.377928433806915e-10,-3.829893184723851e-06,-3.0270990527404446e-06,-0.0013804954502925812
883,0.0995008425821059,0.04997796790898912,0.04999999849641715,-0.00013741126515330558,-4.971630123618976e-07,-0.0002464489976635476,-2.816210690070875e-05,-9.443137383158273e-10,-3.837293487092514e-06,-3.053441094333385e-06,-0.0013811333955844425
884,0.09948994794997008,0.04997842029033539,0.04999999843812772,-0.0001374932631824731,-4.953821580656278e-07,-0.0002465451508366235,-2.8126820325269364e-05,-9.386271759836973e-10,-3.844670880206935e-06,-3.079822055651628e-06,-0.001381772877616094
885,0.09947894918790248,0.049978875336962936,0.049999998378732,-0.00013757552734183057,-4.935671276646742e-07,-0.0002466429798056038,-2.8092641514376737e-05,-9.373756215680373e-10,-3.852024675700128e-06,-3.106241075952478e-06,-0.0013824139952524834
886,0.09946784665607325,0.04997933145945206,0.04999999831823418,-0.00013765804042718978,-4.917187816307321e-07,-0.0002467427851982938,-2.8061424018233083e-05,-9.34133104202317e-10,-3.859358666392344e-06,-3.132697299225969e-06,-0.0013830568566938536
887,0.09945664338081214,0.0499797891656784,0.04999999825663924,-0.00013774085049288263,-4.898489874326644e-07,-0.00024684394852994546,-2.8031898182234727e-05,-9.41056566006182e-10,-3.8666641247826225e-06,-3.1591898642780706e-06,-0.001383701579766674
888,0.09944533621692454,0.04998024816043838,0.0499999981939511,-0.00013782398810675324,-4.879526386014282e-07,-0.00024694699331950933,-2.8002103135804646e-05,-9.24778476019128e-10,-3.873946298749831e-06,-3.1857178653213268e-06,-0.001384348267417666
889,0.09943392838958248,0.049980708206253756,0.04999999813017378,-0.00013790743365839155,-4.860292743117447e-07,-0.00024705135995101884,-2.79747364402283e-05,-9.316595273034523e-10,-3.8811986268675295e-06,-3.212280384850477e-06,-0.0013849970137401668
890,0.09942241704235492,0.04998116906176603,0.04999999806531228,-0.00013799119039571952,-4.84086563745602e-07,-0.0002471575252364593,-2.7950814910582267e-05,-9.30482302319291e-10,-3.888426402255742e-06,-3.238876531309226e-06,-0.0013856479155081763
891,0.09941080586266138,0.0499816300897114,0.049999997999371285,-0.00013807530005758792,-4.821265313477829e-07,-0.0002472652980411907,-2.79270807368448e-05,-9.300416548008172e-10,-3.895625853111298e-06,-3.2655054103376212e-06,-0.0013863010771610297
892,0.09939909455750014,0.04998209177973282,0.04999999793235526,-0.0001381597848001259,-4.801419943414484e-07,-0.00024737459584845827,-2.7905638489755802e-05,-9.221016172844543e-10,-3.902795580270438e-06,-3.2921661023363158e-06,-0.00138695660024553
893,0.09938728285582174,0.04998255333548627,0.0499999978642694,-0.00013824461587231898,-4.78138713197639e-07,-0.00024748545625148514,-2.788534402498044e-05,-9.233338538194857e-10,-3.909935370196948e-06,-3.3188576741595824e-06,-0.001387614575815083
894,0.09937537144634973,0.04998301432983603,0.04999999779511936,-0.00013832982259285445,-4.761239895331133e-07,-0.00024759777378440695,-2.786735785775818e-05,-9.262019484701511e-10,-3.917043684937431e-06,-3.34557919571197e-06,-0.001388275093155718
895,0.09936336055770129,0.049983475190378886,0.049999997724909914,-0.000138415429547781,-4.740940551669792e-07,-0.00024771152265134355,-2.7850293918163516e-05,-9.161224556741843e-10,-3.924118681174246e-06,-3.3723297309039992e-06,-0.0013889382270289071
896,0.09935124974652784,0.04998393509996559,0.049999997653646544,-0.0001385013959999032,-4.720446734474903e-07,-0.00024782700383872935,-2.783386480587069e-05,-9.186229554813963e-10,-3.931163738640778e-06,-3.3991083212718393e-06,-0.0013896040488396053
897,0.09933904228575029,0.04998439453129561,0.049999997581335616,-0.000138587766127198,-4.6998406154384067e-07,-0.0002479436409787278,-2.7822165066027083e-05,-9.157635760814742e-10,-3.938171238287015e-06,-3.425914005678005e-06,-0.0013902726456831264
898,0.09932673536891683,0.049984852239576855,0.04999999750798247,-0.00013867456327601037,-4.6791331557641383e-07,-0.0002480619369209579,-2.78090919891838e-05,-9.15247433397326e-10,-3.945146207406396e-06,-3.452745809124609e-06,-0.0013909440884835058
899,0.09931433204380606,0.04998530875751625,0.04999999743359248,-0.0001387617671877218,-4.6582695879445466e-07,-0.00024818139726268774,-2.7799778763437644e-05,-9.120502686421617e-10,-3.952082460450975e-06,-3.4796027528524577e-06,-0.0013916184449758234
900,0.09930183036801893,0.04998576306277449,0.04999999735817223,-0.00013884937886197052,-4.63736018171905e-07,-0.00024830220946813825,-2.7790272724814713e-05,-9.11428654770674e-10,-3.958980674043331e-06,-3.506483835308588e-06,-0.0013922957877685182
901,0.09928923192473316,0.04998621560977011,0.04999999728172866,-0.0001389374052350241,-4.6163331689135553e-07,-0.00024842455213105135,-2.7783918994828127e-05,-9.085266983177576e-10,-3.965843412003399e-06,-3.533388050049309e-06,-0.0013929761768274836
902,0.09927653858476015,0.04998666559663173,0.04999999720426765,-0.00013902589388528605,-4.595267222518755e-07,-0.0002485479762935564,-2.7778494768426754e-05,-9.090800334732307e-10,-3.972663954898532e-06,-3.5603143980884027e-06,-0.0013936596667735125
903,0.09926374792127829,0.04998711316352379,0.04999999712579486,-0.00013911480529596495,-4.5741246964176735e-07,-0.0002486729242511286,-2.7775326088885777e-05,-9.033156445070745e-10,-3.97944690347924e-06,-3.5872618652790757e-06,-0.0013943463125214474
904,0.09925086379062159,0.049987557598110105,0.04999999704631694,-0.00013920416934825076,-4.5529260375430943e-07,-0.0002487988814850225,-2.7773367037298158e-05,-9.009685775218657e-10,-3.986184932333758e-06,-3.614229408504564e-06,-0.0013950361758452625
905,0.09923788378913112,0.049987998857308674,0.04999999696584021,-0.00013929399076484744,-4.5317031421938217e-07,-0.0002489260749720658,-2.7773663532570936e-05,-9.051476235200084e-10,-3.9928806449845e-06,-3.641215974539054e-06,-0.0013957293127993668
906,0.09922480965929753,0.04998843642427975,0.049999996884371026,-0.00013938426373191247,-4.5104504410569026e-07,-0.0002490547513704201,-2.777432200673502e-05,-8.998129463755333e-10,-3.999536101570602e-06,-3.6682205228602784e-06,-0.001396425774235268
907,0.09921164418776603,0.04998887033623273,0.04999999680191653,-0.0001394750020144105,-4.489201205110257e-07,-0.000249184379941788,-2.777804729703348e-05,-9.023624625292825e-10,-4.006144229311184e-06,-3.6952419851207534e-06,-0.0013971256191687668
908,0.09919838486518838,0.04998930001890541,0.049999996718482764,-0.00013956623886342235,-4.467989912418703e-07,-0.0002493153875338996,-2.7782049073721282e-05,-8.964372577580093e-10,-4.012709708538532e-06,-3.722279297845962e-06,-0.0013978288925181326
909,0.0991850345332984,0.049989725653399535,0.04999999663407558,-0.00013965794139671257,-4.446754776452535e-07,-0.0002494473466078689,-2.778794805635698e-05,-8.902555914680477e-10,-4.0192259735453195e-06,-3.7493313832668195e-06,-0.0013985356314520454
910,0.09917159142254894,0.049990146480235545,0.04999999654870276,-0.00013975009397972638,-4.425543842024048e-07,-0.0002495803714164865,-2.77960625680862e-05,-9.027908420833342e-10,-4.025693872469272e-06,-3.7763971276265226e-06,-0.0013992458865666126
911,0.09915805783379912,0.049990562584947246,0.04999999646237002,-0.00013984278743325333,-4.4043654043684103e-07,-0.0002497147097305009,-2.7805890567833558e-05,-8.899828651820485e-10,-4.032116439390006e-06,-3.8034754370130255e-06,-0.0013999597015833746
912,0.09914443550173048,0.04999097350903156,0.049999996375082637,-0.00013993596002153682,-4.383276687158342e-07,-0.00024984990999517525,-2.7815554858534597e-05,-8.903967563256288e-10,-4.038485770052676e-06,-3.83056518119526e-06,-0.0014006770979482362
913,0.0991307216244332,0.04999137897389671,0.049999996286848626,-0.00014002957862625442,-4.362095568858825e-07,-0.0002499864164081246,-2.7829082682728767e-05,-8.843843990469225e-10,-4.044808633724838e-06,-3.857665221281766e-06,-0.0014013981108403084
914,0.0991169215172483,0.04999177836600856,0.049999996197676255,-0.00014012369663524672,-4.3411075064922337e-07,-0.0002501236847010208,-2.7843378120451234e-05,-8.891996583493267e-10,-4.0510765222857265e-06,-3.884774432407232e-06,-0.0014021227864897431
915,0.09910303174309341,0.04999217201290256,0.04999999610757222,-0.00014021832284862837,-4.3201677388491927e-07,-0.00025026198126124554,-2.7859747206093743e-05,-8.870057466303649e-10,-4.057292328830082e-06,-3.911891671169136e-06,-0.0014028511637081398
916,0.0990890554705178,0.049992559426350246,0.0499999960165426,-0.00014031345946536087,-4.2993059635015657e-07,-0.0002504014469543105,-2.7876234526047483e-05,-8.838825782397919e-10,-4.063456572142278e-06,-3.939015793771388e-06,-0.0014035832686453197
917,0.09907499371330081,0.04999294014960782,0.049999995924594594,-0.00014040908581044705,-4.2784880200323795e-07,-0.0002505416667128157,-2.7895905077457428e-05,-8.808048734820773e-10,-4.069563724188742e-06,-3.966145616714502e-06,-0.001404319128769406
918,0.09906084542735483,0.0499933138089336,0.04999999583173555,-0.00014050521611612578,-4.257850773223115e-07,-0.0002506830611721466,-2.791639963106718e-05,-8.811970042543749e-10,-4.075618374748687e-06,-3.9932799630526285e-06,-0.0014050587748973972
919,0.09904661386087017,0.049993680195064616,0.049999995737973736,-0.00014060182722121955,-4.2372816570470824e-07,-0.00025082509966679455,-2.793864769046195e-05,-8.805069451334191e-10,-4.081612868538075e-06,-4.020417638559531e-06,-0.001405802224868448
920,0.09903229653878051,0.049994039262467385,0.04999999564331628,-0.00014069896151386766,-4.216811395001646e-07,-0.0002509680223462399,-2.796251828840468e-05,-8.780666194141418e-10,-4.087549869451159e-06,-4.047557429124583e-06,-0.0014065494981891755
921,0.09901789603044896,0.04999439052890972,0.04999999554776936,-0.00014079659457025026,-4.196456597241796e-07,-0.00025111201073631305,-2.798695641104132e-05,-8.789348138193986e-10,-4.093430873096601e-06,-4.074698129698393e-06,-0.001407300616035783
922,0.09900341507791888,0.049994733944431075,0.04999999545134047,-0.00014089474265262394,-4.1762605773293613e-07,-0.00025125661725084635,-2.8013715564156882e-05,-8.685808738917444e-10,-4.099249338533477e-06,-4.1018385139800905e-06,-0.0014080555891694511
923,0.0989888504700468,0.04999506911480347,0.04999999535403793,-0.00014099335403825914,-4.1561127767524e-07,-0.00025140227577939017,-2.804136966005899e-05,-8.72576233490463e-10,-4.105010222614562e-06,-4.128977346341218e-06,-0.0014088144247461033
924,0.09897420725663919,0.04999539572080216,0.04999999525587102,-0.0001410924575115438,-4.136142716468929e-07,-0.0002515484949225755,-2.8071997803635895e-05,-8.72183769651258e-10,-4.110706594298423e-06,-4.156113372480967e-06,-0.0014095771470413487
925,0.09895948346723497,0.04999571345803681,0.049999995156846604,-0.0001411921040141489,-4.116338388956767e-07,-0.0002516954619457909,-2.8103901058784686e-05,-8.665458905987578e-10,-4.116340292892567e-06,-4.183245331616226e-06,-0.0014103437754765789
926,0.09894468075954967,0.04999602203494412,0.04999999505697139,-0.0001412922332253709,-4.0966966357919894e-07,-0.0002518433519085179,-2.8137072149547748e-05,-8.737613410580991e-10,-4.121912589735557e-06,-4.210371972566897e-06,-0.0014111143134564975
927,0.09892980172173048,0.04999632116014877,0.04999999495625313,-0.00014139288098885547,-4.0771540089844614e-07,-0.000251991776744689,-2.817210042849183e-05,-8.655298144866208e-10,-4.1274176597456375e-06,-4.237492009185991e-06,-0.0014118887705355217
928,0.09891484495257849,0.04999661056397008,0.04999999485469872,-0.00014149403186990102,-4.057807645949077e-07,-0.0002521411003753985,-2.8207179639139213e-05,-8.677131235756974e-10,-4.132860037067136e-06,-4.26460414176749e-06,-0.001412667158420075
929,0.09889981404270907,0.049996890020492256,0.049999994752316035,-0.00014159568067345277,-4.0386593537212127e-07,-0.0002522908897118292,-2.824525836331304e-05,-8.614705615528351e-10,-4.138233223905956e-06,-4.291707076536189e-06,-0.001413449484808392
930,0.0988847071198351,0.0499971593845232,0.04999999464911317,-0.00014169782382173594,-4.019668506372368e-07,-0.00025244134231926555,-2.8283713618293405e-05,-8.580092192289612e-10,-4.143538858399677e-06,-4.318799508315381e-06,-0.0014142357469365545
931,0.0988695259592123,0.049997418252811704,0.04999999454509976,-0.0001418004147187503,-4.000775501642089e-07,-0.0002525926196718902,-2.8325204766588286e-05,-8.651272476178917e-10,-4.1487752365086775e-06,-4.345880139253418e-06,-0.001415025949286889
932,0.09885427394181671,0.04999766650050511,0.04999999444028236,-0.000141903678888878,-3.982133436146385e-07,-0.0002527443133323159,-2.8363854653434828e-05,-8.513290628009429e-10,-4.153939807807251e-06,-4.3729476174488795e-06,-0.0014158200800104734
933,0.09883894711491727,0.04999790397737654,0.049999994334669645,-0.0001420072908319816,-3.963594984780835e-07,-0.00025289674242183084,-2.8407099307514727e-05,-8.624995717632089e-10,-4.1590365127837865e-06,-4.400000574543625e-06,-0.0014166180975679942
934,0.0988235505863068,0.04999813013944124,0.049999994228273864,-0.00014211135615560771,-3.945123621649909e-07,-0.00025304954055306144,-2.8449559977161698e-05,-8.437729959176465e-10,-4.1640599079813715e-06,-4.427037671279026e-06,-0.0014174199695304122
935,0.09880808203087155,0.04999834518719483,0.0499999941211064,-0.0001422158008914611,-3.9267784773192267e-07,-0.00025320283182131935,-2.8496506274677813e-05,-8.575746224259717e-10,-4.169010117703373e-06,-4.454057529058571e-06,-0.0014182256803965997
936,0.09879254554606082,0.04999854836564796,0.0499999940131773,-0.00014232073868701673,-3.9085943590326334e-07,-0.00025335680538734817,-2.8544021915877238e-05,-8.526112593720825e-10,-4.173889215263344e-06,-4.481058760031437e-06,-0.0014190352255127757
937,0.09877694338227135,0.04999873940007099,0.04999999390449405,-0.0001424261391190872,-3.8905724340459055e-07,-0.00025351107731399575,-2.859392225218471e-05,-8.541879426005039e-10,-4.178691772358166e-06,-4.508039972002202e-06,-0.0014198485963841363
938,0.09876127406316412,0.04999891797615486,0.0499999937950642,-0.0001425320163697343,-3.872773590474201e-07,-0.0002536660000544847,-2.8645095881074667e-05,-8.492352931988023e-10,-4.183421546213876e-06,-4.5349997725268005e-06,-0.0014206657954177401
939,0.09874554234474081,0.049999083903434896,0.04999999368489485,-0.00014263837661072478,-3.855207731337838e-07,-0.00025382121551836476,-2.8697953894152306e-05,-8.50372772198682e-10,-4.18807302494203e-06,-4.561936765977277e-06,-0.0014214868250171488
940,0.09872974620228367,0.04999923686370045,0.04999999357399421,-0.00014274519228648722,-3.837844209364707e-07,-0.0002539768455700865,-2.875225072784815e-05,-8.514289828731592e-10,-4.1926468442084484e-06,-4.588849530952134e-06,-0.0014223116773665805
941,0.09871388802394715,0.049999376575142335,0.049999993462369885,-0.00014285248057073556,-3.820655188003411e-07,-0.00025413303015860985,-2.8807149647036567e-05,-8.46929637532412e-10,-4.19714430188417e-06,-4.615736649168163e-06,-0.0014231403352356162
942,0.09869797005894022,0.04999950286185045,0.049999993350029526,-0.0001429602204575337,-3.8036251005475104e-07,-0.00025428943774972063,-2.8864165869890712e-05,-8.465042000693757e-10,-4.201560183258259e-06,-4.64259667269204e-06,-0.0014239727888185364
943,0.09868199179209601,0.049999615433773195,0.04999999323698086,-0.00014306842648764123,-3.78684377353395e-07,-0.00025444634784490167,-2.892338488891255e-05,-8.50095049909072e-10,-4.205898012868196e-06,-4.669428149239222e-06,-0.001424809032164536
944,0.09866595668875205,0.04999971404916603,0.049999993123230606,-0.00014317710346358105,-3.770251265915299e-07,-0.00025460344158155073,-2.89834806608269e-05,-8.420991126634192e-10,-4.210152663497923e-06,-4.6962296417884855e-06,-0.0014256490518377277
945,0.0986498635326704,0.04999979850492317,0.04999999300878603,-0.0001432862228163316,-3.753843255302979e-07,-0.0002547608634109732,-2.9044842449366115e-05,-8.469948631351087e-10,-4.214325263329858e-06,-4.722999685086964e-06,-0.0014264928372460664
946,0.09863371527234477,0.049999868542002536,0.04999999289365457,-0.00014339579958235922,-3.7376522003108787e-07,-0.0002549187353527377,-2.9107273803674616e-05,-8.393466477407685e-10,-4.21841652321656e-06,-4.749736809263907e-06,-0.0014273403800333642
947,0.09861751453358747,0.04999992393729737,0.04999999277784484,-0.00014350580838491968,-3.721646675587246e-07,-0.00025507673089209367,-2.9172515496611595e-05,-8.436220610974487e-10,-4.222422427118449e-06,-4.7764395429418034e-06,-0.0014281916710697895
948,0.09860126004978002,0.04999996443102917,0.04999999266136507,-0.00014361626470646083,-3.7059004004204055e-07,-0.0002552351449425082,-2.9237915441626683e-05,-8.410667162728203e-10,-4.226345599990673e-06,-4.803106423843799e-06,-0.0014290466924745796
949,0.09858495554297243,0.04999998981182677,0.04999999254422315,-0.00014372714132115006,-3.690317928115065e-07,-0.0002553936309115127,-2.9305214411579072e-05,-8.406347840050898e-10,-4.230180755549065e-06,-4.829735964875164e-06,-0.0014299054239125335
950,0.09856859994112735,0.04999999983498443,0.04999999242642757,-0.0001438384421160302,-3.674946919550109e-07,-0.00025555232785573234,-2.937474346254021e-05,-8.397532669235375e-10,-4.23392898954977e-06,-4.856326639895641e-06,-0.0014307678531698096
951,0.09855219647996045,0.04999999427718225,0.04999999230798518,-0.00014395018451186626,-3.6597915692467327e-07,-0.0002557114104784707,-2.944540756288916e-05,-8.421645603107208e-10,-4.237592434516797e-06,-4.882876943203964e-06,-0.0014316339631298706
952,0.09853574766310313,0.04999997293951178,0.04999999218890414,-0.00014406233151122207,-3.6448308501709277e-07,-0.00025587053011220956,-2.9517661459976807e-05,-8.354549829725499e-10,-4.2411658909662874e-06,-4.90938537341665e-06,-0.0014325037441309347
953,0.09851925327733387,0.04999993560582626,0.04999999206919251,-0.00014417491860795753,-3.6301498277857314e-07,-0.0002560299406512288,-2.959099037980195e-05,-8.391756733949762e-10,-4.244651952673549e-06,-4.935850414901286e-06,-0.0014333771902584503
954,0.09850271656906603,0.04999988203784576,0.04999999194885674,-0.00014428793483836443,-3.615682227276688e-07,-0.00025618935911568455,-2.966629108414054e-05,-8.373851057008608e-10,-4.248046326862986e-06,-4.96227054701942e-06,-0.0014342542808921648
955,0.09848613641198585,0.04999981202845091,0.04999999182790443,-0.00014440134434340232,-3.601404516943626e-07,-0.000256348908888024,-2.9742785045527853e-05,-8.306827448123499e-10,-4.251349859965569e-06,-4.988644234906951e-06,-0.001435135005241544
956,0.09846951651235716,0.04999972539525033,0.04999999170634445,-0.00014451515742472146,-3.587390051655731e-07,-0.0002565086875577735,-2.9820652343914844e-05,-8.399134721059909e-10,-4.254563423193838e-06,-5.01496994940867e-06,-0.0014360193488084229
957,0.09845285867603544,0.04999962187494148,0.04999999158418466,-0.00014462938182458133,-3.573549045864923e-07,-0.0002566684488250658,-2.9898679713369347e-05,-8.294775422079681e-10,-4.25768319333424e-06,-5.041246158267997e-06,-0.001436907278227762
958,0.09843616175762741,0.049999501314444014,0.04999999146143484,-0.0001447439366339485,-3.559887880648248e-07,-0.0002568284082278609,-2.998106174345594e-05,-8.36609115317799e-10,-4.260711070761431e-06,-5.067471309647278e-06,-0.001437798781511091
959,0.0984194319771243,0.049999363513927655,0.04999999133810304,-0.00014485894972043415,-3.5465030089368e-07,-0.0002569883232030797,-3.0063200028962456e-05,-8.35931712739324e-10,-4.263643829224015e-06,-5.093643847599725e-06,-0.0014386938471471873
960,0.09840266670404497,0.049999208329282126,0.049999991214195974,-0.00014497430836182083,-3.5333039833101456e-07,-0.0002571482611363747,-3.0147017241688445e-05,-8.353967517749084e-10,-4.2664815284834776e-06,-5.119762214306297e-06,-0.0014395924526981645
961,0.09838586964749545,0.04999903538919262,0.049999991089721835,-0.0001450900703214092,-3.520337923897698e-07,-0.00025730835540403984,-3.0232009521569125e-05,-8.263891793092171e-10,-4.269225108854159e-06,-5.14582484560424e-06,-0.0014404945821965348
962,0.0983690432152132,0.04999884466180856,0.04999999096468935,-0.00014520617963985658,-3.507560686369603e-07,-0.00025746829605020134,-3.031940468645189e-05,-8.347930680052684e-10,-4.271870499103956e-06,-5.171830173182876e-06,-0.00144140022051758
963,0.09835218725885699,0.04999863583109432,0.049999990839106126,-0.0001453226973948552,-3.495033915038526e-07,-0.0002576283809430093,-3.040780393348541e-05,-8.363735815031248e-10,-4.2744207154213175e-06,-5.1977766358243965e-06,-0.0014423093538278857
964,0.09833530592846923,0.049998408776041094,0.049999990712977824,-0.00014543958919488608,-3.4827144259146524e-07,-0.0002577883204758907,-3.0497123589157127e-05,-8.275218843500909e-10,-4.27687113605291e-06,-5.223662652449058e-06,-0.0014432219608804403
965,0.09831839814971269,0.04999816337488691,0.04999999058631253,-0.00014555683205846548,-3.470601532267417e-07,-0.00025794824352199275,-3.0587936635129154e-05,-8.30855106936923e-10,-4.279223257433467e-06,-5.24948663445839e-06,-0.0014441380185354455
966,0.09830146699772835,0.04999789943650211,0.04999999045911962,-0.0001456744105095156,-3.458684886875843e-07,-0.0002581082183378062,-3.0681028874823824e-05,-8.307424192999235e-10,-4.281476883585899e-06,-5.275246992340218e-06,-0.001445057513775382
967,0.09828451600233375,0.04999761674541614,0.04999999033140762,-0.00014579237196241386,-3.447039145262554e-07,-0.00025826800028229505,-3.077461587963626e-05,-8.277109553311846e-10,-4.283627978888876e-06,-5.3009421328741705e-06,-0.001445980426842464
968,0.09826754289760098,0.04999731498598132,0.04999999020318407,-0.00014591069457968548,-3.4355681580464443e-07,-0.00025842786525428986,-3.08700036839582e-05,-8.26613610893645e-10,-4.285678756147103e-06,-5.326570496751184e-06,-0.0014469067213519985
969,0.09825055215720689,0.04999699419050932,0.049999990074458774,-0.0001460293762034711,-3.42427165704047e-07,-0.0002585875538163927,-3.0963441531639546e-05,-8.266893836150757e-10,-4.287622402109036e-06,-5.352130471864152e-06,-0.0014478363513084074
970,0.09823354171837609,0.0499966538548696,0.04999998994524178,-0.00014614845372177423,-3.413073442423166e-07,-0.00025874716978105893,-3.1054372811922804e-05,-8.125146666593253e-10,-4.289458422065724e-06,-5.377620401427767e-06,-0.0014487692154184209
971,0.09821650975110177,0.04999629328004924,0.049999989815549324,-0.00014626779654569434,-3.4016747703210193e-07,-0.0002589063644260027,-3.1143397791311145e-05,-8.067472245798513e-10,-4.2912057057417115e-06,-5.40303863365143e-06,-0.0014497051157729363
972,0.09819945898684568,0.049995911646281366,0.04999998968541605,-0.00014638651500053197,-3.389816614830829e-07,-0.00025906542193438966,-3.125328657915816e-05,-8.49529502300328e-10,-4.292848849615663e-06,-5.4283836122158e-06,-0.0014506440297270497
973,0.09818240753578433,0.0499955096021478,0.049999989554855205,-0.00014650593712737847,-3.378739393474481e-07,-0.000259224561826125,-3.135644874419086e-05,-8.111437632685181e-10,-4.2943800897504915e-06,-5.453653835329171e-06,-0.0014515860689771722
974,0.09816534747749178,0.04999508712092076,0.04999998942385783,-0.00014662600406156712,-3.367953498456026e-07,-0.0002593833966076237,-3.1462663173442706e-05,-8.451449540203271e-10,-4.295804181515812e-06,-5.478847612307378e-06,-0.0014525312145171059
975,0.09814827905603063,0.0499946463654469,0.04999998929242416,-0.00014674636529803385,-3.3574133317038357e-07,-0.00025954200082224795,-3.1564224627800286e-05,-8.209447566187578e-10,-4.297122340429621e-06,-5.5039632331305025e-06,-0.0014534794030906858
976,0.09813120293958016,0.049994184663977245,0.049999989160562704,-0.0001468668942951076,-3.346878658636249e-07,-0.00025970052890041546,-3.166367605444975e-05,-8.078290814061972e-10,-4.29833036190241e-06,-5.528999101214492e-06,-0.0014544305377468055
977,0.09811411884825308,0.04999370050040963,0.04999998902829355,-0.0001469876631837988,-3.336191028958556e-07,-0.00025985837649352236,-3.176491009071469e-05,-8.099370063519018e-10,-4.299441516015552e-06,-5.5539535622825045e-06,-0.0014553844636508873
978,0.09809702803717953,0.04999319467037289,0.04999998889564544,-0.00014710790507707378,-3.3251710878786146e-07,-0.000260016241428669,-3.1885709177004173e-05,-8.552398789163362e-10,-4.300446172530836e-06,-5.57882501097687e-06,-0.0014563411992239846
979,0.09807995213988058,0.04999266825441136,0.04999998876262236,-0.00014722889732152953,-3.315023315532559e-07,-0.00026017375860623034,-3.199909770046361e-05,-8.149891317366098e-10,-4.3013387180965625e-06,-5.603611909664658e-06,-0.0014573008715398638
980,0.09806287906846639,0.04999212093382935,0.049999988629212774,-0.00014735025158911806,-3.305205574521633e-07,-0.00026033109432035034,-3.212011870346032e-05,-8.621404146147427e-10,-4.30212032430302e-06,-5.628312598301434e-06,-0.0014582635212133828
981,0.09804581632988185,0.04999155578561974,0.04999998849540903,-0.00014747214857249925,-3.2959130860754815e-07,-0.0002604882927489085,-3.2234220270765945e-05,-8.199905754402437e-10,-4.302792808262084e-06,-5.6529254226786324e-06,-0.0014592291797698937
982,0.09802876225898854,0.049990969641528174,0.049999988361208426,-0.00014759430419008162,-3.2868468013743214e-07,-0.0002606451171675862,-3.2347241358365864e-05,-8.223146052976915e-10,-4.303352672127425e-06,-5.6774487766919725e-06,-0.0014601978151599084
983,0.09801171466082559,0.04999036192392305,0.04999998822662317,-0.0001477166722587426,-3.2778762347522355e-07,-0.00026080175966018666,-3.2463110983371735e-05,-8.24375956387513e-10,-4.303802315777573e-06,-5.7018810469493575e-06,-0.001461169369874174
984,0.09799467776784666,0.049989732598653,0.04999998809166626,-0.0001478392287474165,-3.2689681164066615e-07,-0.00026095803025569947,-3.258032666053623e-05,-8.261765716000014e-10,-4.3041388487903295e-06,-5.7262206244999e-06,-0.0014621437959485162
985,0.09797765264250549,0.04998908191408655,0.04999998795635078,-0.00014796198518232125,-3.2602088579796463e-07,-0.0002611139010164486,-3.269874650868587e-05,-8.208519419738991e-10,-4.304361137010589e-06,-5.750465862676646e-06,-0.0014631210540055107
986,0.09796064146382902,0.04998840882872812,0.04999998782068661,-0.000148084959962395,-3.251527995184342e-07,-0.00026126955707750214,-3.281843601143919e-05,-8.260460093723054e-10,-4.3044722279443445e-06,-5.774615138783783e-06,-0.0014641010965405468
987,0.09794364755805929,0.0499877136775905,0.049999987684684895,-0.00014820809479259816,-3.2429237613939763e-07,-0.00026142478459012194,-3.29397116729524e-05,-8.214326441269293e-10,-4.304468465986642e-06,-5.798666848817413e-06,-0.0014650838776111945
988,0.0979266716480505,0.04998699634496431,0.04999998754835832,-0.00014833140562009684,-3.2344417711729045e-07,-0.0002615797068779556,-3.3062518923543394e-05,-8.203237533699337e-10,-4.304351262396041e-06,-5.822619374772618e-06,-0.001466069360206356
989,0.09790971742746174,0.049986256258360784,0.04999998741171799,-0.00014845489100723513,-3.226083607383337e-07,-0.00026173458764575574,-3.3187268854817376e-05,-8.241076154824611e-10,-4.304101501912821e-06,-5.846471116003233e-06,-0.0014670575413387452
990,0.09789278382992851,0.049985493885635494,0.04999998727476507,-0.00014857932855865769,-3.218094186097448e-07,-0.00026188863697242234,-3.32910094584804e-05,-7.882694497141074e-10,-4.303742066534872e-06,-5.870220364162222e-06,-0.0014680481830288633
991,0.09787585273367683,0.04998470540781719,0.0499999871375347,-0.00014870277723656787,-3.208733527653625e-07,-0.00026204228577002324,-3.3414569770684466e-05,-8.269213647160711e-10,-4.3032749061639205e-06,-5.893865389006608e-06,-0.0014690410046854377
992,0.09785895218611813,0.049983892089937566,0.04999998700007649,-0.0001488260459671592,-3.199345519320042e-07,-0.0002621951893197146,-3.3536372939124703e-05,-7.991852735145244e-10,-4.302693238154513e-06,-5.917404662084441e-06,-0.0014700359346820455
993,0.09784207622815665,0.04998304912431792,0.04999998686241301,-0.00014894915592594788,-3.189744712699749e-07,-0.00026234782716095525,-3.367738827364519e-05,-8.459530853599517e-10,-4.301997094228568e-06,-5.940836629905056e-06,-0.0014710329912098422
994,0.09782524316252121,0.04998218626414094,0.049999986724547085,-0.0001490726272787309,-3.1808593233794833e-07,-0.0002624999966382489,-3.38186691806186e-05,-8.420164010480846e-10,-4.301183059377832e-06,-5.964159636865236e-06,-0.0014720323031763274
995,0.09780845112451673,0.04998130344478594,0.049999986586461154,-0.00014919648227027893,-3.172637341955165e-07,-0.00026265175216229634,-3.3957148843910545e-05,-8.400600215452414e-10,-4.3002501078285605e-06,-5.987372061824447e-06,-0.0014730339485220943
996,0.09779169946440462,0.049980399740040836,0.049999986448141874,-0.00014932064816856912,-3.164766094566359e-07,-0.0002628031750559459,-3.409446435398422e-05,-8.344819835137685e-10,-4.299198742638644e-06,-6.010472286975287e-06,-0.0014740379441343082
997,0.09777498858499871,0.04997947437614478,0.04999998630958521,-0.00014944502943142318,-3.1571198930067126e-07,-0.0002629541247939563,-3.423250382184051e-05,-8.315955146720455e-10,-4.298026730544889e-06,-6.033458688951048e-06,-0.0014750442820140128
998,0.09775831904204824,0.049978527017118336,0.0499999861707952,-0.00014956957503362594,-3.149648714531337e-07,-0.0002631047097409854,-3.4368556953268126e-05,-8.215146896084491e-10,-4.2967355835040955e-06,-6.056329654168682e-06,-0.0014760529384894377
999,0.09774169276681982,0.049977556352152064,0.04999998603178275,-0.00014969420683179292,-3.1422613498446296e-07,-0.00026325476197049856,-3.450842632446438e-05,-8.28571600219874e-10,-4.2953238217076665e-06,-6.0790836077855065e-06,-0.0014770638816478236
