frame,reward_tracking_lin_vel,reward_tracking_ang_vel,reward_tracking_height,cost_lin_vel_z,cost_ang_vel_xy,cost_joint_velocity,cost_action_nn,cost_action_rate,cost_feet_slip,cost_leg_base_angle,cost_orientation
0,1.1253517471925913e-08,0.05,0.04998478235575755,-0.0,-0.0,-6.333724914734131e-07,-0.0025195262860506773,-0.0,-2.071600223820742e-10,-6.535578039036305e-09,-2.148267871272567e-09
1,1.3208274977282503e-08,0.04997369504970773,0.04998490247905687,-1.2545986234613314e-06,-1.073601007209644e-05,-2.0250783516794244e-06,-0.0017345588421449065,-0.00012920281733386219,-4.038555805991458e-10,-7.201797060647074e-10,-2.972990488359614e-08
2,1.4972094600880468e-08,0.049900086118043974,0.0499852298080399,-4.237592569993653e-06,-3.1861012261300304e-05,-3.661789339367824e-06,-0.0009026848711073399,-0.00020968334865756333,-4.6464300761276485e-10,-2.1048710949922233e-09,-1.2383621972269979e-07
3,1.6439500426072134e-08,0.049886626850410114,0.049985711575911654,-7.980177392149343e-06,-4.9744534620816804e-05,-5.337583835218589e-06,-0.00046125962398946285,-0.00023189664352685213,-5.588977662305488e-10,-1.4982383432863626e-08,-3.0842313286844735e-07
4,1.7477194983895856e-08,0.04994541798258328,0.04998630551476419,-1.2466220935947135e-05,-5.3979820647877974e-05,-7.236768072209874e-06,-0.00036718876799568534,-3.069285594392568e-05,-6.613126627965027e-10,-3.931373224441415e-08,-5.791904709089854e-07
5,1.8336093700275188e-08,0.049977897088722224,0.04998697850514553,-1.6975731203212724e-05,-5.2336993471299796e-05,-9.431508385885523e-06,-0.0003542867489159107,-1.0341540473746136e-05,-7.562332474084637e-10,-7.418019363477976e-08,-9.210683685272355e-07
6,1.908475805739665e-08,0.04999550097490643,0.04998770163598315,-2.1181924205777636e-05,-4.761318395036547e-05,-1.1942594060609036e-05,-0.00035911035956814885,-5.859567863808479e-06,-8.175653208011235e-10,-1.1768600830987204e-07,-1.3128451660861639e-06
7,1.9743822541226823e-08,0.04999983219191567,0.049988451635462006,-2.489578931889552e-05,-4.134946419464659e-05,-1.4752346491184156e-05,-0.0003632337611634284,-3.800834747380577e-06,-8.752599675632724e-10,-1.6735454006878705e-07,-1.730725923117446e-06
8,2.0325753542083994e-08,0.0499914228613265,0.04998920996090418,-2.7995811204283006e-05,-3.476954451699567e-05,-1.7819177510126268e-05,-0.00036210354301147163,-2.8901004043291323e-06,-9.003472246596485e-10,-2.2075876137662034e-07,-2.1516845178934674e-06
9,2.0841797896280935e-08,0.04997055741320045,0.0499899620395598,-3.0427397997694953e-05,-2.8822531436628214e-05,-2.1102022439381986e-05,-0.00035852528526447713,-2.017641918428126e-06,-8.886816852380821e-10,-2.7567041575248713e-07,-2.556142638594833e-06
10,2.1308095835199747e-08,0.049937235501053695,0.04999069671258022,-3.21849616149797e-05,-2.4177310625556966e-05,-2.455294415040301e-05,-0.0003501804021652788,-1.4826683809587848e-06,-8.373655545037633e-10,-3.3002645422281673e-07,-2.929754340221038e-06
11,2.1739849536736128e-08,0.049891769219388704,0.04999140569239997,-3.329152401511286e-05,-2.119651048273639e-05,-2.8122203388233243e-05,-0.00033776284544728696,-1.1867176681334968e-06,-7.492733617631783e-10,-3.820564209455435e-07,-3.264110023778839e-06
12,2.215016337138512e-08,0.049835002780996875,0.04999208305148861,-3.3795022975304524e-05,-1.999259171663345e-05,-3.17621774014966e-05,-0.00032245120382867754,-1.0119883881998248e-06,-6.310780901654626e-10,-4.3038526680791047e-07,-3.556592803848319e-06
13,2.254959060760415e-08,0.049768655446242704,0.04999272479719667,-3.37606299503498e-05,-2.0495838346369992e-05,-3.542991619201273e-05,-0.00030566961504518986,-8.933710091696412e-07,-4.929861981851255e-10,-4.7404492060739857e-07,-3.8097226403042844e-06
14,2.294655039795987e-08,0.04969518563618222,0.04999332850337582,-3.326324891966234e-05,-2.253521337209146e-05,-3.908780236559149e-05,-0.00028845679480582476,-8.02831721102848e-07,-3.4747664118052937e-10,-5.124367482407053e-07,-4.03032393999867e-06
15,2.3347788110081722e-08,0.04961756385557467,0.0499938929917461,-3.2380721387003516e-05,-2.5892337521753224e-05,-4.270421593561048e-05,-0.0002715937152970582,-7.242363722070877e-07,-2.101183663462789e-10,-5.452678581551128e-07,-4.228668055571165e-06
16,2.3758837900506196e-08,0.049538956388933464,0.04999441805828553,-3.118881586699329e-05,-3.0336250386431948e-05,-4.625374407208029e-05,-0.00025557714980095625,-6.471559572673868e-07,-9.649085429941991e-11,-5.724794444038396e-07,-4.417671303480736e-06
17,2.4184519136748705e-08,0.04946238448632878,0.04999490424415931,-2.9758611190061668e-05,-3.5641643968878154e-05,-4.971759484091362e-05,-0.0002406752173556015,-5.729290251110797e-07,-2.240639106035528e-11,-5.941855515928316e-07,-4.6121751192795096e-06
18,2.4628948597416492e-08,0.049390406611527035,0.0499953526436312,-2.8154166954957185e-05,-4.1599636564815934e-05,-5.3088740965427914e-05,-0.00022699513647239655,-5.03187948197592e-07,-3.135170075269612e-12,-6.106249132213881e-07,-4.828317629724235e-06
19,2.5095257903581337e-08,0.04932427810726293,0.04999576470775913,-2.643106535575884e-05,-4.8021792698915616e-05,-5.636224066738727e-05,-0.00021459045819938183,-4.3799022364510165e-07,-5.231571760187344e-11,-6.221121841521709e-07,-5.082990319904855e-06
20,2.5586345624063034e-08,0.0492645947791484,0.04999614210950205,-2.46391207304698e-05,-5.474463256061266e-05,-5.953168017255259e-05,-0.000203409930691123,-3.7906164607193205e-07,-1.8236535293550073e-10,-6.289979753215798e-07,-5.393387508800332e-06
21,2.6105212635939382e-08,0.04921180853709601,0.0499964867023226,-2.2821753231519556e-05,-6.162943359400064e-05,-6.258959355722521e-05,-0.00019332724332343787,-3.277704649917723e-07,-4.0486630728425833e-10,-6.316473238965497e-07,-5.776639763623565e-06
22,2.6655000004801866e-08,0.049166301497699946,0.04999680047338098,-2.1014990105701073e-05,-6.855893592694853e-05,-6.552823892132424e-05,-0.00018421257846057415,-2.8382490313560993e-07,-7.305438016474293e-10,-6.304305818624439e-07,-6.249531958800582e-06
23,2.7238954252491868e-08,0.049128370468602356,0.0499970854894255,-1.9247538077320073e-05,-7.54352205732152e-05,-6.834042204430071e-05,-0.0001759803417371586,-2.4553827415729756e-07,-1.1690081632824817e-09,-6.257190463879446e-07,-6.828279435082687e-06
24,2.7860391826451597e-08,0.049098174421928285,0.049997343844885585,-1.7541420904913347e-05,-8.21791630213476e-05,-7.101949137874144e-05,-0.00016856192087288946,-2.1225859825335647e-07,-1.7284307862287713e-09,-6.17881473016234e-07,-7.52835722197675e-06
25,2.852260131744823e-08,0.049075712591511556,0.04999757761744122,-1.591306952449872e-05,-8.872963479201562e-05,-7.3558093469782e-05,-0.00016190370661206543,-1.8303667559393944e-07,-2.41396454960381e-09,-6.072755170864687e-07,-8.364381342140348e-06
26,2.9229037983246094e-08,0.04906091021951317,0.049997788836749046,-1.4373912609427228e-05,-9.5041985306052e-05,-7.594952299207044e-05,-0.00015593506395816803,-1.5762520888529252e-07,-3.2316803191704937e-09,-5.942504283883106e-07,-9.350036460475056e-06
27,2.998335009952075e-08,0.04905357652592957,0.04999797946551696,-1.2931539740369019e-05,-0.00010108559257316077,-7.818986796607341e-05,-0.0001506352418800816,-1.3593420078450436e-07,-4.182994638745671e-09,-5.79145793246806e-07,-1.0498049847999379e-05
28,3.07888511086485e-08,0.04905333689764531,0.04999815136905547,-1.1589416992874523e-05,-0.00010684456064851491,-8.02781239059927e-05,-0.0001459780178265646,-1.1700979030138114e-07,-5.266963380721242e-09,-5.622908767364977e-07,-1.1820211090269767e-05
29,3.164880685976626e-08,0.049059601055476215,0.04999830629078454,-1.0348250527554316e-05,-0.00011231368092665464,-8.221527963296788e-05,-0.0001419293403159827,-9.995744676416507e-08,-6.481142161549073e-09,-5.439982913642667e-07,-1.3327414192958903e-05
30,3.256658814989658e-08,0.04907160808456817,0.04999844584285513,-9.207083279770004e-06,-0.00011749584649267305,-8.40034038193662e-05,-0.00013845303328707814,-8.603546319818633e-08,-7.821022171538247e-09,-5.24560541353911e-07,-1.5029723720675297e-05
31,3.3545566171593425e-08,0.049088596677750736,0.049998571505278484,-8.16352847402503e-06,-0.0001224027806408541,-8.564535826653647e-05,-0.00013550135190598667,-7.445014915674619e-08,-9.280388121260839e-09,-5.042473141856403e-07,-1.6936454346976395e-05
32,3.458926303681407e-08,0.04910977609878109,0.049998684629431696,-7.21397852760278e-06,-0.00012704973847658678,-8.714453390454543e-05,-0.0001329995138803497,-6.441070610208044e-08,-1.0853039144592366e-08,-4.833041098625111e-07,-1.9056243136783386e-05
33,3.5701733753857624e-08,0.04913432101489749,0.049998786445322435,-6.354575400510486e-06,-0.00013145278959502733,-8.850387357172822e-05,-0.00013094110181555152,-5.67643212434632e-08,-1.253033327969365e-08,-4.619523948474155e-07,-2.1397145371630334e-05
34,3.688698324377315e-08,0.049161562693619376,0.04999887806923445,-5.580397769170249e-06,-0.00013563425315938629,-8.972640078284668e-05,-0.0001292787928832695,-5.04861255024025e-08,-1.4305082060727547e-08,-4.403898245684428e-07,-2.396672795384961e-05
35,3.8149415756409034e-08,0.04919078974505357,0.049998960511404573,-4.886080069421936e-06,-0.0001396133964497626,-9.081630614563202e-05,-0.00012793341011274606,-4.413413634551944e-08,-1.6170009806895922e-08,-4.187897953647179e-07,-2.6772111234622743e-05
36,3.949436667572023e-08,0.04922127047648719,0.04999903468574235,-4.266414933314355e-06,-0.00014340428504948255,-9.177700415528552e-05,-0.00012685265392065048,-3.958075112109327e-08,-1.8117083336503376e-08,-3.9730309203275353e-07,-2.982001488193521e-05
37,4.092741404599594e-08,0.049252528543538704,0.04999910141880977,-3.716041537449053e-06,-0.00014702331390271936,-9.261096288242165e-05,-0.00012602703645825386,-3.6338992259743463e-08,-2.0138405998316438e-08,-3.7605926367122175e-07,-3.311682384411826e-05
38,4.245440468664086e-08,0.049284146934695114,0.04999916145715292,-3.2295101784885e-06,-0.00015048767623710823,-9.332120340945517e-05,-0.0001254351227544248,-3.3080109318461837e-08,-2.2226250415278205e-08,-3.5516827596522434e-07,-3.666864257686854e-05
39,4.408197334533147e-08,0.04931569243107704,0.049999215474041736,-2.8013058920190756e-06,-0.00015381096002065845,-9.391017934129344e-05,-0.0001250481145689264,-3.0197035982837406e-08,-2.43731029637984e-08,-3.3472255858608596e-07,-4.048132984862526e-05
40,4.581729251061135e-08,0.04934679771884268,0.049999264076426964,-2.4261988098405785e-06,-0.00015700498416882896,-9.438042579396844e-05,-0.0001248337357537821,-2.7891335463436917e-08,-2.6571813939648623e-08,-3.147986744258075e-07,-4.456052246825652e-05
41,4.7668225225608856e-08,0.049377177911831036,0.04999930781146106,-2.0990949472988675e-06,-0.00016007983889982654,-9.47343904398218e-05,-0.0001247717736987397,-2.5889974608617194e-08,-2.881572518266005e-08,-2.954586491949481e-07,-4.891165318810743e-05
42,4.964335492900484e-08,0.04940659984327503,0.04999934717215153,-1.8151722012932596e-06,-0.00016304402731235438,-9.497418305409787e-05,-0.00012484185572247952,-2.4218730132474775e-08,-3.109823702234137e-08,-2.7675168614364516e-07,-5.3539962825069e-05
43,5.175199985147265e-08,0.04943487326655879,0.049999382602763445,-1.5698881688683132e-06,-0.00016590417439504002,-9.51023994033985e-05,-0.0001250314962817356,-2.274943611269009e-08,-3.341352806711111e-08,-2.587155517967957e-07,-5.845050980584001e-05
44,5.4004401788137195e-08,0.04946185904781128,0.04999941450321659,-1.3589038289901613e-06,-0.00016866608766954837,-9.51210108437013e-05,-0.0001253211812581867,-2.1577497122393652e-08,-3.57560148973861e-08,-2.413775097917142e-07,-6.364817276598339e-05
45,5.6411615690131365e-08,0.049487446489892645,0.04999944323346019,-1.1782950244617905e-06,-0.00017133362554885877,-9.503226964821845e-05,-0.00012570434773806483,-2.054186687416859e-08,-3.81201393427122e-08,-2.2475598682572055e-07,-6.913765043119816e-05
46,5.898570780446358e-08,0.04951156151296365,0.04999946911765496,-1.0244204561590613e-06,-0.0001739102750900523,-9.483838027913026e-05,-0.0001261648430954665,-1.9764852865478133e-08,-4.050093884273579e-08,-2.0886188490618034e-07,-7.492345920564461e-05
47,6.173982923580216e-08,0.049534154808301714,0.04999949244772284,-8.939922752758209e-07,-0.00017639793568003498,-9.454137271697258e-05,-0.00012669646821450442,-1.916591862993755e-08,-4.289382806961605e-08,-1.9369948227499795e-07,-8.100992367769224e-05
48,6.468822626300065e-08,0.049555194842485197,0.04999951348674866,-7.840466680028874e-07,-0.00017879789009673397,-9.414384201673754e-05,-0.00012728761066682637,-1.866753329693438e-08,-4.5294937072314187e-08,-1.7926734651249374e-07,-8.740116510038829e-05
49,6.78465718778982e-08,0.049574666684513505,0.049999532471574216,-6.918678242919913e-07,-0.00018111001013023544,-9.364791780901074e-05,-0.00012792980123776942,-1.8355491349097974e-08,-4.7700547460633414e-08,-1.6555925051470948e-07,-9.410108715560093e-05
50,7.12317598546463e-08,0.049592576839054506,0.04999954961550373,-6.151234047322418e-07,-0.00018333404040313998,-9.305591072438703e-05,-0.00012861377035733312,-1.8088829989437727e-08,-5.010300457268677e-08,-1.5256507596318406e-07,-0.00010111336754721477
51,7.486235138840259e-08,0.04960893714925147,0.04999956511102289,-5.517887740501232e-07,-0.00018546955143984768,-9.236973158581697e-05,-0.00012937023711856455,-1.867753951501072e-08,-5.250079561059894e-08,-1.402716727811919e-07,-0.00010844147545096725
52,7.875803629568408e-08,0.04962378967140246,0.04999957913168824,-5.000409048790024e-07,-0.0001875178313804031,-9.159174826228342e-05,-0.00013016867160331458,-1.8873903329108543e-08,-5.4891310665250026e-08,-1.2866324914384377e-07,-0.000116088649162159
53,8.294069538567348e-08,0.04963712416757387,0.049999591834137484,-4.583661856145676e-07,-0.00018947628700251136,-9.072496519787698e-05,-0.00013099699572194368,-1.8977154070398683e-08,-5.727162864662427e-08,-1.1772179115891598e-07,-0.0001240578462983926
54,8.743438520859181e-08,0.049648955729064664,0.04999960335977328,-4.2543860103663707e-07,-0.00019134179868976454,-8.977166469837751e-05,-0.0001318578579230234,-1.942733440785105e-08,-5.963881850240535e-08,-1.0742771720287727e-07,-0.00013235174415094215
55,9.226485687625196e-08,0.049659335701909356,0.049999613836293304,-4.00202756657698e-07,-0.00019311361280836882,-8.873463228543657e-05,-0.00013275085075292736,-2.003134191852496e-08,-6.199404254409463e-08,-9.776014242789014e-08,-0.00014097273193414446
56,9.746029219715515e-08,0.04966829593407849,0.04999962337917879,-3.8174803394229e-07,-0.00019478922540080288,-8.761674142239884e-05,-0.00013364349433686584,-2.0242257647851147e-08,-6.432830743536414e-08,-8.869727129992499e-08,-0.00014992286879291885
57,1.0305195968245717e-07,0.049675850441231205,0.04999963209300609,-3.694295212764644e-07,-0.00019636540854329421,-8.642001464262934e-05,-0.0001346024073427543,-2.161458922955717e-08,-6.66398275538711e-08,-8.021703645745662e-08,-0.00015920393293896367
58,1.0907269771941228e-07,0.049682075403761045,0.04999964007256211,-3.626918567969895e-07,-0.0001978445535801565,-8.514722865682679e-05,-0.00013561293599195778,-2.3140447780178874e-08,-6.892824950797608e-08,-7.229723622411204e-08,-0.00016881743967602118
59,1.1555886101806112e-07,0.04968697754994565,0.049999647403283026,-3.6106830238052285e-07,-0.000199225379990937,-8.380149364786745e-05,-0.000136645496240817,-2.4007869470210608e-08,-7.11943555493991e-08,-6.49156168357552e-08,-0.0001787645504561442
60,1.2255054611240288e-07,0.049690536420651216,0.04999965416222673,-3.6425496958507543e-07,-0.0002005030005238492,-8.238595497609487e-05,-0.0001376753207296133,-2.4615429694563318e-08,-7.343164233354394e-08,-5.805002350433795e-08,-0.00018904603887304221
61,1.3009166481448406e-07,0.04969278061054158,0.0499996604193309,-3.7210494408309027e-07,-0.0002016754853527359,-8.090314531100976e-05,-0.0001387602969771251,-2.640416596477735e-08,-7.563971204132189e-08,-5.1678608245573e-08,-0.0001996623506999527
62,1.3822894235846407e-07,0.04969376541333098,0.04999966623780743,-3.8447599350182523e-07,-0.00020274428337074693,-7.935586982220556e-05,-0.0001398798922309652,-2.8069960578136488e-08,-7.78167571383822e-08,-4.57801093930149e-08,-0.00021061360235522382
63,1.4701393663630002e-07,0.04969348929747771,0.049999671674617656,-4.013334295109789e-07,-0.00020370777646566403,-7.774771922146151e-05,-0.00014102576824370772,-2.9420471392427316e-08,-7.996137190321567e-08,-4.0333821915715416e-08,-0.00022189952283784486
64,1.565035143262899e-07,0.04969193658216268,0.04999967678106011,-4.2267287884663015e-07,-0.00020456340696389506,-7.608159110560178e-05,-0.0001421938359271735,-3.101352064049934e-08,-8.207114366116238e-08,-3.531967901718638e-08,-0.00023351945103550475
65,1.6675904641572e-07,0.049689135327172604,0.04999968160325295,-4.48566198125151e-07,-0.0002053107069505028,-7.436066365863427e-05,-0.00014338867913465947,-3.282217519995356e-08,-8.414371237634802e-08,-3.071831211938989e-08,-0.00024547233507367096
66,1.7784776728633162e-07,0.049685092664381196,0.04999968618256524,-4.790960376424102e-07,-0.00020594850065382624,-7.258821375858239e-05,-0.00014460909005720168,-3.4675093019131964e-08,-8.617660190611543e-08,-2.6511093160067004e-08,-0.0002577567176682781
67,1.898431377616941e-07,0.04967981511950226,0.049999690555938364,-5.143821384708114e-07,-0.00020647581238826085,-7.076739991249755e-05,-0.00014585531607735902,-3.669696724273308e-08,-8.816691206696892e-08,-2.268014064643237e-08,-0.0002703707270485664
68,2.028252846425159e-07,0.04967330864794401,0.049999694756379366,-5.545776700732571e-07,-0.0002068916670329932,-6.890181040107414e-05,-0.0001471229043090716,-3.878431442672081e-08,-9.011148228608568e-08,-1.920833999006671e-08,-0.00028331206128594694
69,2.1688206358045308e-07,0.049665584605662415,0.0499996988131105,-5.997997532419698e-07,-0.00020719486027401862,-6.699478923797261e-05,-0.00014841022493783385,-4.1176548393195844e-08,-9.200961883221342e-08,-1.6079291365203445e-08,-0.000296577955030763
70,2.321090997785348e-07,0.04965665092794707,0.049999702751787764,-6.501787048403323e-07,-0.00020738318738201318,-6.50500331606711e-05,-0.00014967439346946776,-4.284354204742158e-08,-9.385299316878292e-08,-1.3277216432823595e-08,-0.0003101651328669059
71,2.4861244329990554e-07,0.04964650910775006,0.04999970659505036,-7.059340252116136e-07,-0.00020745405937992037,-6.30705637815991e-05,-0.00015099889424163848,-4.626994254408601e-08,-9.563755844666788e-08,-1.0787032528367664e-08,-0.0003240698741857575
72,2.66505165661461e-07,0.04963523258666194,0.04999971036258039,-7.671659167203646e-07,-0.000207409520257323,-6.10598398518005e-05,-0.00015234060992952436,-4.92192349099696e-08,-9.73591594149948e-08,-8.594264564616251e-09,-0.00033828799506021423
73,2.859126953026204e-07,0.049622819809009414,0.049999714071194204,-8.340110598036996e-07,-0.00020724656073592453,-5.90221343842316e-05,-0.00015367782907560468,-5.186208440477458e-08,-9.901586887995593e-08,-6.68487154299921e-09,-0.000352814711514835
74,3.0697324446842835e-07,0.04960927954413647,0.0499997177351333,-9.065294775802927e-07,-0.00020695965954432169,-5.696127940082699e-05,-0.000154955851030536,-5.413388848296563e-08,-1.0059919299587988e-07,-5.045168896559209e-09,-0.0003676445760805669
75,3.2983873859675204e-07,0.04959466232290462,0.049999721366485006,-9.849205741437014e-07,-0.00020654453077818266,-5.488081690962581e-05,-0.00015625277592334896,-5.78997756406352e-08,-1.0210185998038099e-07,-3.661788330626576e-09,-0.0003827715329433702
76,3.546729491954789e-07,0.04957907491731211,0.049999724975333275,-1.0692398985486975e-06,-0.00020600011161630706,-5.2784608602219234e-05,-0.00015753827756270766,-6.17213800069294e-08,-1.0351799430786007e-07,-2.5215611664991443e-09,-0.000398188893543222
77,3.816568080329017e-07,0.04956257836972953,0.04999972856967181,-1.1595354272175148e-06,-0.00020532159778552684,-5.0676853767505465e-05,-0.00015877318219281733,-6.458969181721841e-08,-1.0484000058505587e-07,-1.6113785826324613e-09,-0.0004138891906040002
78,4.1099038169695576e-07,0.04954522651396204,0.049999732155816407,-1.2558907085524392e-06,-0.00020450111057287234,-4.8561758533115786e-05,-0.00015995939611457288,-6.84636844994202e-08,-1.0605975433459058e-07,-9.180917497448934e-10,-0.00042986412982266067
79,4.428921938806466e-07,0.049527153347386575,0.04999973573854596,-1.3583026387657445e-06,-0.00020353307660677593,-4.644342231026814e-05,-0.0001610850013094023,-7.230300269611689e-08,-1.0716823077014207e-07,-4.2839055083829293e-10,-0.00044610454458476694
80,4.776026692976385e-07,0.04950847554439134,0.04999973932118168,-1.4667937697283315e-06,-0.0002024096624821126,-4.432612995691037e-05,-0.0001621350966161117,-7.629116538510061e-08,-1.0815583674161213e-07,-1.2870347977111545e-10,-0.0004626002963488139
81,5.153864949716607e-07,0.04948933436285205,0.049999742905804896,-1.5813227008479615e-06,-0.0002011219149607125,-4.221425982523039e-05,-0.00016309191414620727,-8.017340036303722e-08,-1.0901266073777117e-07,-5.077545980274992e-12,-0.00047934019307959883
82,5.565353691148089e-07,0.04946988812391037,0.049999746493345154,-1.7018416337877424e-06,-0.00019966013125288066,-4.011210006867716e-05,-0.00016394013073295355,-8.437571352715167e-08,-1.0972773268946928e-07,-4.307301079116769e-11,-0.0004963118887627285
83,6.013705081640786e-07,0.049450318430386726,0.04999975008376076,-1.8282645639262407e-06,-0.000198012854350726,-3.8024246460995974e-05,-0.00016466062515974045,-8.856231659137848e-08,-1.1029019788410056e-07,-2.2766990587248105e-10,-0.000513501766473039
84,6.502470488630985e-07,0.04943082193629249,0.04999975367602501,-1.9604144209103352e-06,-0.00019616756672448724,-3.5955089730682707e-05,-0.00016523245722055435,-9.27610486201047e-08,-1.1068869254212626e-07,-5.431893939361736e-10,-0.0005308948277988157
85,7.035566608564502e-07,0.04941160821619228,0.04999975726829058,-2.0981550101540394e-06,-0.0001941108352198458,-3.390908390071928e-05,-0.00016563541430514306,-9.70537499256352e-08,-1.1091128619765559e-07,-9.732373692706446e-10,-0.0005484745758162927
86,7.617325147261068e-07,0.04939291280372018,0.04999976085806113,-2.241262863279377e-06,-0.0001918280961128976,-3.1890626973614236e-05,-0.00016586626588832587,-1.0153711826887957e-07,-1.1094530032975536e-07,-1.5006615918765059e-09,-0.0005662229033684393
87,8.252527224290808e-07,0.04937498242425599,0.04999976444211876,-2.3894342991538897e-06,-0.00018930440578654063,-2.9904024819897514e-05,-0.00016588882135692984,-1.0602402511494802e-07,-1.1077912697780066e-07,-2.1075304666948186e-09,-0.0005841199611992295
88,8.946477563234207e-07,0.04935806536368281,0.049999768016664406,-2.5423913858258004e-06,-0.00018652351689256612,-2.7953617163583078e-05,-0.00016572348249610513,-1.1074382655351656e-07,-1.104001500865786e-07,-2.7751573443528476e-09,-0.0006021440811250674
89,9.705023918943947e-07,0.049342441682969036,0.04999977157730734,-2.6996899857512278e-06,-0.00018347124901693583,-2.604339527053459e-05,-0.0001653369836276397,-1.1557274604001577e-07,-1.0979925622778944e-07,-3.4841693108751257e-09,-0.0006202717009962345
90,1.0534662255613088e-06,0.049328360785833865,0.0499997751191712,-2.8610227612467632e-06,-0.0001801329026690827,-2.4177167745627575e-05,-0.00016481283819302917,-1.2084791478628176e-07,-1.0896161329883683e-07,-4.214571669982906e-09,-0.0006384773687189778
91,1.1442496351279945e-06,0.049316115560906676,0.04999977863691403,-3.025807217923483e-06,-0.0001764983413150139,-2.2358959120544208e-05,-0.00016406526265200227,-1.2585500996920018e-07,-1.0788142009116389e-07,-4.94591261704311e-09,-0.0006567336357182134
92,1.2436477531611054e-06,0.049305892799441864,0.04999978212465072,-3.1934982080865764e-06,-0.0001725537211335672,-2.0592689588459298e-05,-0.00016310570936184376,-1.305245547200684e-07,-1.0655045004604181e-07,-5.657529988411002e-09,-0.0006750109979047231
93,1.3525364444907284e-06,0.04929791435530492,0.04999978557633838,-3.363634719832433e-06,-0.0001682920226117999,-1.8882071760757665e-05,-0.00016195274656638503,-1.3645413332596945e-07,-1.0496483987231626e-07,-6.328823448131013e-09,-0.000693278013596313
94,1.4718836820975421e-06,0.04929240023682187,0.04999978898583573,-3.535637288748897e-06,-0.00016370969558744179,-1.7230404265586345e-05,-0.00016065519594121724,-1.4177757634570298e-07,-1.0312122532180948e-07,-6.93960405876935e-09,-0.0007115014367826216
95,1.602752545769738e-06,0.049289518119285294,0.04999979234697671,-3.7090658889130233e-06,-0.00015880975033821267,-1.5640991148378716e-05,-0.00015925437037367374,-1.4707973150507314e-07,-1.0102027605983782e-07,-7.47047339205766e-09,-0.0007296464451337324
96,1.7463143650542673e-06,0.04928938663093116,0.04999979565375176,-3.883419246805041e-06,-0.00015360091892378542,-1.4116942062732155e-05,-0.00015778712986502796,-1.5180619072907575e-07,-9.866616339972292e-08,-7.903297798160713e-09,-0.0007476768730559185
97,1.90385609611631e-06,0.049292050971957914,0.049999798900331016,-4.058273114758004e-06,-0.00014809807041212848,-1.2661174853249426e-05,-0.00015629529661964625,-1.5620834403762274e-07,-9.606752259019555e-08,-8.221723795390593e-09,-0.0007655555066934457
98,2.0767893254603475e-06,0.04929749580380078,0.04999980208131524,-4.23332555119835e-06,-0.00014232277869776947,-1.1276545415985191e-05,-0.00015482833259738982,-1.604623065531996e-07,-9.323689167403551e-08,-8.411751070350379e-09,-0.0007832444045754891
99,2.2666617092205997e-06,0.049305631916272505,0.04999980519181165,-4.408264242388582e-06,-0.0001363023833264932,-9.965645461429522e-06,-0.00015342624101322144,-1.6451753026558436e-07,-9.019126006576985e-08,-8.46232764749309e-09,-0.0008007052156160408
100,2.47516615166857e-06,0.04931629006270055,0.04999980822757971,-4.5829654634334155e-06,-0.00013006917955648748,-8.7311305743851e-06,-0.00015213388542179018,-1.6907922884001891e-07,-8.694727771051238e-08,-8.365957488450355e-09,-0.0008178994518346626
101,2.704157769462889e-06,0.04932922238161167,0.04999981118512961,-4.75722373294765e-06,-0.00012365824980192945,-7.575564154142149e-06,-0.0001509471476310864,-1.7467650081925967e-07,-8.35305987426796e-08,-8.119332539864949e-09,-0.0008347886403537292
102,2.955676331214735e-06,0.04934408325890822,0.049999814061683696,-4.930935249244384e-06,-0.00011710524794010284,-6.501350872376341e-06,-0.00014990415365900844,-1.816960519818167e-07,-7.997198887784702e-08,-7.723907695569322e-09,-0.0008513344658835251
103,3.2319577456316258e-06,0.049360494336644085,0.04999981685527035,-5.104082274388864e-06,-0.00011044728991581262,-5.5107185343755856e-06,-0.0001490905851824209,-1.903928676938449e-07,-7.629461739403947e-08,-7.186392789864703e-09,-0.0008674989110414657
104,3.535443351258778e-06,0.049378037790717255,0.0499998195645108,-5.276408031148764e-06,-0.00010372089965663962,-4.605877529702565e-06,-0.00014849148283246905,-2.015057845028423e-07,-7.253029297304856e-08,-6.519238179900805e-09,-0.0008832441641762169
105,3.868829520791338e-06,0.049396177388776746,0.049999822188482104,-5.4477214316428775e-06,-9.695766049924315e-05,-3.789095739686045e-06,-0.0001481162616983056,-2.1497542945780879e-07,-6.870812809576792e-08,-5.741055263957545e-09,-0.000898532408166266
106,4.235093312971384e-06,0.049414368634965775,0.04999982472673395,-5.61769492991214e-06,-9.018599570630504e-05,-3.062466441221993e-06,-0.00014798440679442137,-2.3165948448422569e-07,-6.486390858892053e-08,-4.876949462136348e-09,-0.0009133255775984379
107,4.637526400921954e-06,0.049432059030449615,0.049999827179091794,-5.785884404025584e-06,-8.343022586970142e-05,-2.4280240823583362e-06,-0.00014814446331001818,-2.5006440296237997e-07,-6.102442648905316e-08,-3.9587871583825185e-09,-0.0009275851451329642
108,5.079760269783584e-06,0.04944867606508102,0.04999982954555337,-5.951738339289901e-06,-7.6712956730941e-05,-1.887727374854354e-06,-0.00014859499060548842,-2.7245587830293516e-07,-5.721887263653133e-08,-3.025417837017704e-09,-0.0009412718910193348
109,5.565827622785905e-06,0.04946362699824719,0.049999831826278686,-6.1146026911446855e-06,-7.005381826102722e-05,-1.4434187957330478e-06,-0.00014934514183551073,-2.9814222557433823e-07,-5.347481550186173e-08,-2.1228617118896885e-09,-0.0009543457544402182
110,6.100190904631236e-06,0.04947631977567483,0.04999983402181684,-6.273989817506986e-06,-6.34739777309541e-05,-1.0968643243517076e-06,-0.0001504233805462718,-3.2823191986608435e-07,-4.979625539004422e-08,-1.3044718401422654e-09,-0.0009667658944547998
111,6.687785313900754e-06,0.049486190220086504,0.049999836133342426,-6.429255214324658e-06,-5.699722016838235e-05,-8.494873876844177e-07,-0.00015177034947555512,-3.650988560366386e-07,-4.625880218418569e-08,-6.31074415133731e-10,-0.0009784908855635418
112,7.334117265757581e-06,0.049492653789669924,0.04999983816313149,-6.580562079973599e-06,-5.065295536803581e-05,-7.024441571261652e-07,-0.0001536703493911773,-3.98438544380042e-07,-4.284966875365348e-08,-1.709824982676371e-10,-0.000989479844881873
113,8.045048349575606e-06,0.049495295004004826,0.049999840114913575,-6.727869254540501e-06,-4.4486718640001654e-05,-6.566581892398288e-07,-0.00015611384878866374,-4.397535064981639e-07,-3.9591810031378475e-08,-6.232265009407149e-16,-0.000999693428541011
114,8.827060314302437e-06,0.04949349611168608,0.04999984199386183,-6.8714024016467254e-06,-3.854598588192059e-05,-7.126763489352185e-07,-0.00015907017223071307,-4.7435605665668845e-07,-3.652463491973134e-08,-2.0118105546990326e-10,-0.0010090950173920613
115,9.687123310703002e-06,0.04948664664017283,0.04999984380742683,-7.012561175415295e-06,-3.289289055165317e-05,-8.706086017416227e-07,-0.0001626201265025884,-4.848934054280107e-07,-3.3618914847562333e-08,-8.641379408536317e-10,-0.00101765256339883
116,1.0632619288311749e-05,0.04947430151086756,0.049999845565512596,-7.152297506709051e-06,-2.759541699488755e-05,-1.1299783849950282e-06,-0.00016657725791446865,-4.805017965736624e-07,-3.090848545526978e-08,-2.0838166517461474e-09,-0.0010253398877940704
117,1.1671501344393967e-05,0.049455845685754715,0.04999984728017521,-7.2923747379629714e-06,-2.272106610791105e-05,-1.489736772274404e-06,-0.00017077989468816668,-4.4512844965538534e-07,-2.839820794055217e-08,-3.958645168512542e-09,-0.0010321383925274705
118,1.2812038700819981e-05,0.04943084210573384,0.0499998489658189,-7.434934489965624e-06,-1.833639588542087e-05,-1.9483395430305724e-06,-0.00017501984257251024,-3.882756516304653e-07,-2.6099264108548502e-08,-6.588291698984741e-09,-0.0010380386017453498
119,1.4062874939697646e-05,0.04939896821600619,0.049999850638576954,-7.581931852109067e-06,-1.4494401681540528e-05,-2.50387394690359e-06,-0.00017909608141053468,-3.2707012564969773e-07,-2.3961088950342234e-08,-1.0071250257533386e-08,-0.0010430409593230338
120,1.543296799400273e-05,0.04935993254117765,0.04999985231549439,-7.735139230160554e-06,-1.1228821285339832e-05,-3.1537687291329543e-06,-0.00018263938545715064,-2.686852269562223e-07,-2.1987235674598264e-08,-1.4502532876051623e-08,-0.0010471558341123854
121,1.6931903055952474e-05,0.04931359926854275,0.04999985401407036,-7.89636598516913e-06,-8.549246247411648e-06,-3.895132797635662e-06,-0.0001854440924944356,-2.128579410509701e-07,-2.014971702563709e-08,-1.9971880398095754e-08,-0.0010504029822646123
122,1.8569703152369126e-05,0.04926020953000379,0.049999855751667634,-8.067047671314793e-06,-6.443159447864743e-06,-4.724902814125143e-06,-0.0001874190493253991,-1.6705165251096332e-07,-1.84144250452712e-08,-2.6562818062135186e-08,-0.0010528106135863598
123,2.035700133572815e-05,0.04920028513648464,0.04999985754462133,-8.247945541378909e-06,-4.877442486898306e-06,-5.639876897474866e-06,-0.0001885391684481874,-1.3496726580797258e-07,-1.6766161714632878e-08,-3.4352363485912205e-08,-0.0010544138573200027
124,2.2305196083161275e-05,0.04913451521385065,0.049999859407524,-8.43951685630581e-06,-3.803312614551028e-06,-6.636949223826767e-06,-0.00018881676078308374,-1.1162918411855571e-07,-1.5171831204781442e-08,-4.341146182903635e-08,-0.0010552531954993267
125,2.44264201950355e-05,0.049063905761781296,0.04999986135275941,-8.641665037044347e-06,-3.1626332835057034e-06,-7.7129933325357e-06,-0.0001883356599137187,-9.868879402574748e-08,-1.3612328715106252e-08,-5.380581875315597e-08,-0.0010553728394854026
126,2.6733756570578928e-05,0.04898958670414778,0.04999986339005806,-8.85388860068756e-06,-2.8932451306888857e-06,-8.864963322448753e-06,-0.00018719739455264062,-9.327812477977204e-08,-1.2063095765818843e-08,-6.559681048133726e-08,-0.0010548191540885308
127,2.924127695623068e-05,0.048912769923027566,0.04999986552632937,-9.075389989209948e-06,-2.9333875971684845e-06,-1.0089885976360117e-05,-0.00018549886590335518,-9.429625436041533e-08,-1.055061254561187e-08,-7.884231661626448e-08,-0.0010536393271456095
128,3.1964208524084536e-05,0.04883468456169286,0.04999986776580983,-9.305497029501044e-06,-3.2254295309918373e-06,-1.138519730613275e-05,-0.00018344186537433416,-9.7615661331929e-08,-9.061794868712014e-09,-9.359752162780336e-08,-0.0010518804141098016
129,3.4918697396806855e-05,0.04875651643219711,0.049999870110107716,-9.543070690658757e-06,-3.7169750964470327e-06,-1.2748554668179409e-05,-0.00018119611195288599,-1.0312062670436717e-07,-7.617149949672797e-09,-1.0991540866415417e-07,-0.0010495884264806912
130,3.8122211898324996e-05,0.048679154514374934,0.04999987255826562,-9.7869943697081e-06,-4.362921924408427e-06,-1.4177586123604414e-05,-0.00017887575086206198,-1.0760188473568633e-07,-6.228248535279513e-09,-1.2784678682423454e-07,-0.0010468074584578575
131,4.159359668677072e-05,0.0486032457127705,0.04999987510707756,-1.0036057386282138e-05,-5.125181130747339e-06,-1.5669986983863387e-05,-0.0001765445340424776,-1.1265895949463811e-07,-4.917262897514816e-09,-1.4744020392997367e-07,-0.0010435791395581654
132,4.535311397652882e-05,0.048529268829216377,0.04999987775144327,-1.0289116260332017e-05,-5.9732941013166765e-06,-1.72235245711331e-05,-0.00017428176943212748,-1.1555061263379685e-07,-3.7247792912802485e-09,-1.6874169736570216e-07,-0.0010399421683622656
133,4.942270142457386e-05,0.048457436569193775,0.04999988048470873,-1.0545081760072464e-05,-6.883680936542523e-06,-1.883368247333239e-05,-0.00017215224215760827,-1.164830791822169e-07,-2.1477660953192764e-09,-1.9179415876726107e-07,-0.001035931177736097
134,5.3824741717102774e-05,0.048387822959651654,0.04999988329771725,-1.0796965456202902e-05,-7.842133885030912e-06,-2.0490229497503285e-05,-0.0001685502502368763,-1.7001450203224522e-07,-1.4106697822886997e-09,-2.1663072194077342e-07,-0.0010315752917831468
135,5.859481638584668e-05,0.048319527264138906,0.04999988618530836,-1.1059964459214075e-05,-8.852008370796014e-06,-2.2204375617731044e-05,-0.00016593285545241088,-1.3334573623069446e-07,-8.353922387919429e-10,-2.4329037050217526e-07,-0.0010269046880620697
136,6.374681794917906e-05,0.04825753364885461,0.04999988914206969,-1.1323096329491957e-05,-9.86587509524712e-06,-2.398015429326772e-05,-0.00016564108955208212,-1.2242583125043893e-07,-4.888587255691656e-10,-2.7181829181590857e-07,-0.0010219489790970462
137,6.93089458581901e-05,0.04819772923524086,0.049999892153329034,-1.1579531546293335e-05,-1.0895254759578193e-05,-2.5809293159318283e-05,-0.00016509245324414223,-8.489904956832106e-08,-4.1083630740563393e-10,-3.022486135115756e-07,-0.001016727203745639
138,7.532206457296419e-05,0.04813502541701623,0.04999989520290432,-1.1828887954106112e-05,-1.1952319711825384e-05,-2.7684614530711245e-05,-0.0001635696244193241,-1.0116672655158254e-07,-3.7069913575995104e-10,-3.346135209979645e-07,-0.0010112525356144539
139,8.181601836424772e-05,0.04807317576887833,0.04999989827734104,-1.2068693355382613e-05,-1.3035729043734609e-05,-2.9597373048752894e-05,-0.00016108315321616828,-1.3447532865029643e-07,-1.0149975895204937e-09,-3.689375061965893e-07,-0.0010055364664171033
140,8.883836794959379e-05,0.04801134704060697,0.04999990136800405,-1.2310784989570839e-05,-1.4161297339828302e-05,-3.155685708507868e-05,-0.00015907330089248717,-9.960031377431733e-08,-2.0490957341310348e-09,-4.0525333616139264e-07,-0.0009995904502481275
141,9.641447078960274e-05,0.04795338508031721,0.04999990446668259,-1.254591377119001e-05,-1.529724247902304e-05,-3.356575982647335e-05,-0.00015868227637838572,-9.378293697182016e-08,-3.521926124772832e-09,-4.436032851385604e-07,-0.0009934252123863147
142,0.00010458485217501802,0.04789621815830681,0.04999990755959225,-1.276910468881516e-05,-1.6460610422361243e-05,-3.561603550153739e-05,-0.00015790792531333864,-8.768335391096116e-08,-5.465145783704147e-09,-4.84022476382533e-07,-0.0009870437125729648
143,0.00011340520396668676,0.047835977319624315,0.049999910632631664,-1.2979556917768411e-05,-1.7673023648484692e-05,-3.770263433888302e-05,-0.00015645258827134967,-9.169337289449686e-08,-7.9324318152586e-09,-5.265481273610062e-07,-0.0009804454097066444
144,0.00012291975957384347,0.047775934669233786,0.04999991367490142,-1.3179512617806766e-05,-1.8928603723542376e-05,-3.9822957693306154e-05,-0.00015502878522966057,-9.251323263015365e-08,-1.09627161428305e-08,-5.71221007874138e-07,-0.0009736304221764921
145,0.00013317991939382245,0.04771611370276578,0.04999991667728204,-1.3367978615034917e-05,-2.0232879664458777e-05,-4.197351805180195e-05,-0.00015354125935118645,-9.517565047190146e-08,-1.4626091434287423e-08,-6.180856512530589e-07,-0.000966597199823124
146,0.00014424120936955615,0.04765663572267714,0.04999991963165959,-1.3545145490444228e-05,-2.159007702869543e-05,-4.415169434812075e-05,-0.0001520715159131214,-9.567741443561317e-08,-1.896095163514632e-08,-6.671914445245637e-07,-0.0009593431767433892
147,0.00015616095102181376,0.04759784713178128,0.04999992253094254,-1.3710318769808099e-05,-2.3002278276726783e-05,-4.6354607734889916e-05,-0.00015068262291606516,-9.686025492783301e-08,-2.4015418434925125e-08,-7.185935508924998e-07,-0.0009518651329189784
148,0.00016900036803201276,0.047539863468441884,0.04999992536879977,-1.3863122660212742e-05,-2.447269729151217e-05,-4.857866749357395e-05,-0.0001493170129833743,-9.893295782603673e-08,-2.983564732597037e-08,-7.723525246414929e-07,-0.0009441592380598738
149,0.00018282530749496025,0.047482733066314224,0.04999992813988761,-1.400352349939926e-05,-2.600532206817074e-05,-5.082043511941718e-05,-0.00014796556206420064,-1.0055333632408292e-07,-3.6470408286860525e-08,-8.285350765828713e-07,-0.0009362214483952801
150,0.00019770430686776326,0.047426857234179554,0.04999993084000121,-1.4131752215164174e-05,-2.7601909536027872e-05,-5.307639008685081e-05,-0.0001466676767449826,-1.0150117901730482e-07,-4.396551834790767e-08,-8.872147503792322e-07,-0.0009280479825015684
151,0.00021370988474918133,0.04737252756250224,0.04999993346599408,-1.4248015235717954e-05,-2.9264034577229975e-05,-5.534301008061098e-05,-0.0001454354205634445,-1.0232283642608309e-07,-5.2365370719664204e-08,-9.484723187409025e-07,-0.0009196354114298493
152,0.00023091862898370191,0.04732001735447615,0.04999993601568565,-1.435256795497702e-05,-3.099338751949519e-05,-5.76167290677435e-05,-0.00014427222777158022,-1.0270903061382342e-07,-6.171382656036434e-08,-1.0123962338752584e-06,-0.0009109808211245269
153,0.00024941115617936464,0.047269604828848615,0.04999993848778451,-1.4445775480643577e-05,-3.2790813124429994e-05,-5.9894109857425165e-05,-0.0001431947312084958,-1.021998770056598e-07,-7.20485977441319e-08,-1.0790833620863988e-06,-0.0009020819924577154
154,0.0002692717122548444,0.0472215782674387,0.04999994088176794,-1.4527813843806025e-05,-3.465659804572541e-05,-6.217149963456687e-05,-0.00014219408330973238,-1.0244325920893971e-07,-8.340787868576299e-08,-1.1486392171207274e-06,-0.0008929374634665598
155,0.0002905895917724229,0.0471761517046812,0.04999994319783627,-1.4599181990054486e-05,-3.659132471839937e-05,-6.444524822299423e-05,-0.0001412601413903758,-1.0185118526351289e-07,-9.582646489746843e-08,-1.2211781359743535e-06,-0.0008835466283235614
156,0.00031345809735369067,0.047133617449459535,0.04999994543687221,-1.4660307384112215e-05,-3.8594122316527e-05,-6.671201306535626e-05,-0.00014040754467714578,-1.0048940168871923e-07,-1.0933711314777749e-07,-1.2968242717762128e-06,-0.0008739098996935496
157,0.00033797439097698473,0.04709427701036545,0.04999994760031016,-1.4711605828002697e-05,-4.0663043961220975e-05,-6.896860845900683e-05,-0.00013964693062007427,-9.924679034156725e-08,-1.23967674538771e-07,-1.3757121993057904e-06,-0.0008640287017475344
158,0.00036424050335696076,0.047058309510695874,0.049999949689991476,-1.4753348473472198e-05,-4.2796448227343745e-05,-7.1211633319264e-05,-0.00013896642485633492,-9.799881439676028e-08,-1.3974195974337516e-07,-1.4579870889470625e-06,-0.0008539054073693251
159,0.00039236330578014964,0.04702591364351519,0.04999995170809386,-1.4785902337483795e-05,-4.499200984713129e-05,-7.343812405036354e-05,-0.00013836454309057444,-9.627193975347836e-08,-1.566809128234234e-07,-1.5438053609651001e-06,-0.0008435433856337978
160,0.0004224537459263135,0.04699726799270935,0.04999995365706173,-1.4809547906883961e-05,-4.724639113480604e-05,-7.56450695471506e-05,-0.00013784196926280856,-9.455361293930764e-08,-1.7480145961460052e-07,-1.633335406723971e-06,-0.0008329469999527044
161,0.00045462770252913365,0.04697254709694975,0.0499999555395143,-1.4824552548582383e-05,-4.955585263155288e-05,-7.782961820547791e-05,-0.0001373952836729586,-9.284402580078677e-08,-1.9411570888825983e-07,-1.7267580223175862e-06,-0.0008221215681644183
162,0.000489005780137581,0.0469518765903865,0.04999995735820632,-1.4831196056613368e-05,-5.191604543250551e-05,-7.998927001397647e-05,-0.00013701221905648708,-9.08475996652669e-08,-2.1463267497419204e-07,-1.824267267250213e-06,-0.0008110733545465163
163,0.0005257129331555792,0.04693537888644167,0.0499999591159555,-1.4829701426517167e-05,-5.4321655588737184e-05,-8.212150164776864e-05,-0.0001366977667203173,-8.871879941807492e-08,-2.3635673222013003e-07,-1.9260710176574685e-06,-0.0007998095408076044
164,0.0005648789283385706,0.046923161076642655,0.04999996081557467,-1.4820233505771775e-05,-5.676693040727651e-05,-8.42242195598229e-05,-0.0001364511699648574,-8.660745010047322e-08,-2.592894166329547e-07,-2.0323917399614735e-06,-0.0007883381446698141
165,0.0006066380378003407,0.0469152698050955,0.04999996245981464,-1.4802865985849429e-05,-5.924602425563127e-05,-8.629512265699699e-05,-0.00013625933206640184,-8.493977077250747e-08,-2.834244026056434e-07,-2.1434672011622536e-06,-0.0007766679595836787
166,0.0006511299783839256,0.046911742584121764,0.049999964051360035,-1.4777844668762774e-05,-6.175241869283005e-05,-8.833222912077574e-05,-0.0001361136237392202,-8.263491935167622e-08,-3.0875593302410993e-07,-2.259551170273508e-06,-0.0007648085482755463
167,0.0006984982276951848,0.04691265230267431,0.049999965592822423,-1.4745288014447636e-05,-6.427858050992198e-05,-9.033420285675549e-05,-0.00013601980754174292,-8.047290123158746e-08,-3.352712430316968e-07,-2.38091463315181e-06,-0.0007527702062301488
168,0.0007488905057985493,0.04691799903656586,0.04999996708667581,-1.47053293253935e-05,-6.68167261817044e-05,-9.229958572375135e-05,-0.00013597036013379693,-7.797957835009584e-08,-3.6295717993552656e-07,-2.5078465689901793e-06,-0.0007405638857269545
169,0.0008024590172498601,0.04692777694138868,0.049999968535229554,-1.465801337249363e-05,-6.935881020177533e-05,-9.422700401032598e-05,-0.0001359651651000604,-7.585027361756147e-08,-3.918025691103867e-07,-2.6406552350737303e-06,-0.0007282010914166581
170,0.0008593597813287552,0.04694194380064781,0.049999969940593,-1.460314707464401e-05,-7.189729313628865e-05,-9.611470061974897e-05,-0.0001359863526886329,-7.575764016110043e-08,-4.2176157134208915e-07,-2.7796676473147302e-06,-0.0007156938193773832
171,0.0009197578172408555,0.04696041842294779,0.04999997130479897,-1.4541512392608013e-05,-7.442413061824866e-05,-9.796242050917424e-05,-0.0001359987072646618,-7.159258785804923e-08,-4.528282088899985e-07,-2.9252319227448214e-06,-0.0007030546832530833
172,0.0009838137332598437,0.046983349418106106,0.049999972629773126,-1.4472994811304696e-05,-7.692715624321822e-05,-9.977021458067154e-05,-0.00013607424625661224,-6.844509670145271e-08,-4.849762058021271e-07,-3.077720180533671e-06,-0.0006902968645693813
173,0.0010516933983844938,0.04701058402213154,0.04999997391715013,-1.4397475367354256e-05,-7.939702634132418e-05,-0.00010153705182108569,-0.00013618291995953768,-6.718277489881075e-08,-5.181656834159109e-07,-3.237527435322221e-06,-0.0006774337430559247
174,0.001123573040658847,0.04704183164321929,0.04999997516834964,-1.4315013207412087e-05,-8.182838796856803e-05,-0.00010326240652483998,-0.0001362788025289774,-6.546739683699343e-08,-5.52364660315779e-07,-3.4050729218812486e-06,-0.0006644789334785147
175,0.0011996267227579796,0.04707710600011745,0.04999997638467826,-1.4225892852857749e-05,-8.42099908923833e-05,-0.000104945854721288,-0.00013637126539833844,-6.367845628574287e-08,-5.875366059067586e-07,-3.5808019503913302e-06,-0.0006514464399342909
176,0.0012800330493397993,0.0471163382401188,0.04999997756733642,-1.4130346089297869e-05,-8.653198348155866e-05,-0.00010658717821753375,-0.00013646447041537613,-6.174267497272012e-08,-6.236421806147277e-07,-3.7651871503593132e-06,-0.000638350527616671
177,0.0013649732994613483,0.047159422590017853,0.04999997871740569,-1.4028595442710816e-05,-8.87843919361073e-05,-0.00010818664215853737,-0.00013654831855092198,-5.994429130851131e-08,-6.60641907561486e-07,-3.958730257420625e-06,-0.0006252056592785492
178,0.0014546305228647874,0.04720623859988804,0.04999997983583126,-1.3920824535273826e-05,-9.095759665141591e-05,-0.00010974423692008805,-0.00013661767297890037,-5.827017801607326e-08,-6.984919378099189e-07,-4.161963605924238e-06,-0.0006120264387166173
179,0.0015491910571512207,0.04725665653961191,0.04999998092343602,-1.3807312341501406e-05,-9.304183531792347e-05,-0.00011126037170750106,-0.00013667161692865193,-5.661161139869364e-08,-7.371483835391026e-07,-4.37545180124921e-06,-0.0005988275628966444
180,0.0016488422216621229,0.04731053224375609,0.049999981980924146,-1.368826589251485e-05,-9.502764777519478e-05,-0.00011273534571235613,-0.0001366992510156706,-5.511899914267815e-08,-7.765650963083706e-07,-4.599793871510753e-06,-0.0005856237771878768
181,0.001753773512503262,0.0473677224133489,0.04999998300888953,-1.3564009338783328e-05,-9.690545228380495e-05,-0.00011416944543467453,-0.00013669829058926553,-5.379034107022562e-08,-8.166926346815763e-07,-4.835624445258784e-06,-0.0005724298320425
182,0.001864176156278618,0.04742807782452184,0.04999998400784059,-1.3434855813200699e-05,-9.866604709630306e-05,-0.00011556347285419885,-0.00013667297025676817,-5.256160306998936e-08,-8.574834828292914e-07,-5.083615940124132e-06,-0.0005592604115202985
183,0.0019802414521449298,0.04749141910533382,0.04999998497818728,-1.3301082800497167e-05,-0.00010030106342078516,-0.00011691795366245713,-0.00013660878175869584,-5.141934522612246e-08,-8.988862385520103e-07,-5.344480848286957e-06,-0.0005461301001731178
184,0.0021021615755190174,0.04755757900865708,0.04999998592025261,-1.3163066219221706e-05,-0.00010180159660930113,-0.00011823372007287874,-0.00013650873734150082,-5.0475989610276883e-08,-9.408511784580485e-07,-5.618973976713996e-06,-0.0005330533514977495
185,0.0022301284524691104,0.04762637640495038,0.049999986834276866,-1.3021117109570264e-05,-0.0001031596314786194,-0.00011951145280878437,-0.00013637349184136838,-4.973912481887055e-08,-9.833241452288088e-07,-5.907894683510724e-06,-0.0005200444258657239
186,0.002364334901811816,0.04769761494621594,0.04999998772042081,-1.2875621531733957e-05,-0.00010436760187797492,-0.00012075188953499274,-0.0001361981121590361,-4.900850214539787e-08,-1.0262510012723997e-06,-6.212088468465437e-06,-0.0005071173382022036
187,0.0025049736921186607,0.04777109598455518,0.04999998857877732,-1.2726940658689836e-05,-0.00010541878761751437,-0.00012195611851189376,-0.0001359841407975182,-4.859849056515486e-08,-1.0695790257631129e-06,-6.5324502161739945e-06,-0.000494285817267611
188,0.002652235079697932,0.04784660511633987,0.04999998940936522,-1.2575442612433296e-05,-0.00010630672753842467,-0.0001231250329292592,-0.00013573210162576288,-4.816804377583139e-08,-1.1132527322670028e-06,-6.869926770511951e-06,-0.00048156326235507057
189,0.002806309871309287,0.047923922979324414,0.049999990212136414,-1.2421519702747493e-05,-0.00010702604905697101,-0.0001242596233107719,-0.0001354468840872869,-4.8078739212087385e-08,-1.1572174937558312e-06,-7.225519493163066e-06,-0.00046896268862576574
190,0.002967386885392872,0.04800281620354192,0.04999999098697087,-1.2265489663049781e-05,-0.00010757215639071718,-0.00012536067716563347,-0.00013512546138372272,-4.809871967381696e-08,-1.2014235326331312e-06,-7.600287203933832e-06,-0.0004564966810901255
191,0.003135653275642545,0.048083057632773554,0.04999999173367628,-1.2107646084734977e-05,-0.00010794147591836367,-0.00012642877000920095,-0.00013479126209858805,-4.929919583673836e-08,-1.2457830392971171e-06,-7.995346752718428e-06,-0.0004441773798744892
192,0.0033113031924564733,0.0481643959841739,0.04999999245204137,-1.1948837600163946e-05,-0.00010813043281983693,-0.00012746617604009948,-0.00013438219320960343,-4.805506748084554e-08,-1.2902770349716487e-06,-8.411879823773157e-06,-0.00043201649220381776
193,0.003494506904932525,0.04824666707179279,0.04999999314177688,-1.178902300841751e-05,-0.00010813542582889125,-0.00012847396252340558,-0.00013398057490121573,-4.809868414668017e-08,-1.3348365981625449e-06,-8.851137151027005e-06,-0.0004200252025433778
194,0.0036854471435854574,0.04832952333525248,0.04999999380247909,-1.1628553210910483e-05,-0.00010795622430498386,-0.00012945296050005507,-0.00013357101124711335,-4.843968781642616e-08,-1.3793986063448124e-06,-9.314437984202542e-06,-0.0004082139893237739
195,0.0038843120521123405,0.04841261471333569,0.04999999443368121,-1.1467657958283977e-05,-0.00010759686751230051,-0.00013040419732186383,-0.0001331385428784415,-4.9533792179090597e-08,-1.423907731328677e-06,-9.80317512966696e-06,-0.00039659271646746085
196,0.004091273031025677,0.04849575573050166,0.04999999503487456,-1.1306833425250493e-05,-0.00010705507487295812,-0.00013132854900004286,-0.000132702334667556,-5.0000760865032134e-08,-1.4683072590963404e-06,-1.0318818018398892e-05,-0.0003851706904166662
197,0.00430650642546936,0.048578662461157406,0.04999999560550817,-1.114630586934944e-05,-0.00010633413768655189,-0.00013222719211088583,-0.00013227772433310747,-5.113086487540386e-08,-1.5125321716349912e-06,-1.0862916705029733e-05,-0.0003739565480522144
198,0.0045301857655710735,0.048661067436443675,0.04999999614498529,-1.098653544805132e-05,-0.00010543682916448513,-0.00013310140879649554,-0.0001318412832915783,-5.1482654583878684e-08,-1.5565334816094525e-06,-1.1437107207375238e-05,-0.0003629582835356557
199,0.0047624765790629,0.048742728569396924,0.049999996652662526,-1.0827755005304866e-05,-0.00010436683592045179,-0.00013395256572464045,-0.00013142138777766377,-5.192275764898113e-08,-1.6002587556902164e-06,-1.2043116595433823e-05,-0.0003521832276343338
200,0.005003539936620634,0.04882336889069036,0.049999997127834046,-1.067012984369364e-05,-0.0001031289729949965,-0.00013478142109537983,-0.00013103398669045419,-5.260579527543996e-08,-1.6436420165397942e-06,-1.2682765642914884e-05,-0.00034163797237044344
201,0.005253546839221552,0.048902684497616596,0.04999999756974824,-1.051393072840705e-05,-0.00010173133516635737,-0.00013558893954284334,-0.00013066688552498817,-5.354253929112929e-08,-1.6866288598402101e-06,-1.3357972803775207e-05,-0.00033132839496927954
202,0.005512654932691181,0.0489804494245368,0.04999999797762731,-1.0359456804555987e-05,-0.00010017953884571462,-0.00013637646466242167,-0.00013033200229983777,-5.421610538292043e-08,-1.729170356720437e-06,-1.4070761857407479e-05,-0.00032125971590690446
203,0.0057810175051106714,0.04905643466570834,0.04999999835066335,-1.0206904131758197e-05,-9.848107789990255e-05,-0.00013714498091409345,-0.00013003640924580395,-5.472075059742565e-08,-1.7712106376942661e-06,-1.4823266958826024e-05,-0.0003114364643024243
204,0.006058788381258897,0.04913039274090782,0.049999998688021186,-1.0056481938710493e-05,-9.664445184802845e-05,-0.00013789566104152005,-0.00012978637823835015,-5.5166989199051386e-08,-1.8127004331283892e-06,-1.561773798098408e-05,-0.00030186247155306587
205,0.006346116669870845,0.04920210498971548,0.04999999898884676,-9.908349229909203e-06,-9.467905957006033e-05,-0.00013862947928325927,-0.0001295875699725002,-5.556773530202008e-08,-1.8535879700997734e-06,-1.6456547021136155e-05,-0.00029254088240136556
206,0.0066431493572779825,0.04927136126063633,0.049999999252274524,-9.762671698694779e-06,-9.259465195953246e-05,-0.0001393473805242949,-0.00012943774345330894,-5.599276420298338e-08,-1.8938255507596142e-06,-1.7342194301474583e-05,-0.00028347418973512445
207,0.006950028318144787,0.04933797711250432,0.04999999947743894,-9.619628921229691e-06,-9.040092749421214e-05,-0.00014005066183721967,-0.00012934870028402656,-5.6120342151189107e-08,-1.933369972111466e-06,-1.8277317160947595e-05,-0.00027466424622740493
208,0.007266890480934807,0.0494017760856897,0.04999999966348067,-9.479324821345158e-06,-8.8108774667106e-05,-0.00014074026257556257,-0.00012931384844705462,-5.6347641219645084e-08,-1.9721779283897295e-06,-1.926469775172174e-05,-0.0002661122793051974
209,0.007593870783969197,0.04946261391407638,0.049999999809556064,-9.341900814747534e-06,-8.572886441363765e-05,-0.0001414173087301725,-0.0001293435925617814,-5.635112643176399e-08,-2.010209502783849e-06,-2.0307271315880726e-05,-0.000257818928317719
210,0.007931098001230054,0.04952035349853054,0.049999999914847826,-9.207460610715919e-06,-8.327210668263936e-05,-0.00014208277375411162,-0.00012943717592861503,-5.628109178701379e-08,-2.047426240103747e-06,-2.140813515756626e-05,-0.00024978426716576474
211,0.00827869899774893,0.04957488608831013,0.04999999997857443,-9.076111987405708e-06,-8.074966751432785e-05,-0.000142737631401832,-0.0001295942347496748,-5.606769448718296e-08,-2.0837932989045396e-06,-2.2570558070624796e-05,-0.00024200783501699113
212,0.008636795375005784,0.04962612300284011,0.04999999999999998,-8.947946621036614e-06,-7.817256181564878e-05,-0.00014338310981572733,-0.0001298134302487597,-5.573760475385825e-08,-2.1192812511060655e-06,-2.3797992720557616e-05,-0.00023448865892036197
213,0.009005503295374946,0.049673995361014335,0.04999999997844384,-8.823021221779202e-06,-7.555231880731113e-05,-0.00014402027598224313,-0.000130092550534755,-5.5263814857653415e-08,-2.1538623097957042e-06,-2.5094087625921863e-05,-0.0002272252914051492
214,0.009384933091222696,0.04971845646911505,0.04999999991329123,-8.70141577992763e-06,-7.289960125929869e-05,-0.00014465025136240771,-0.00013043683429714292,-5.4711488672865016e-08,-2.187512991280785e-06,-2.6462699930750926e-05,-0.00022021585211517183
215,0.00977519066068188,0.04975948085797482,0.049999999804003464,-8.583174245988251e-06,-7.022528021263963e-05,-0.00014527415534857342,-0.00013083458179607987,-5.402119640507408e-08,-2.220212340812611e-06,-2.7907909784737783e-05,-0.00021345805571206457
216,0.010176376280526797,0.04979706279021378,0.04999999965012834,-8.468351032596165e-06,-6.753987656573443e-05,-0.00014589299454968114,-0.00013128620048519224,-5.3178389691765915e-08,-2.251941798600988e-06,-2.943403461060876e-05,-0.00020694924413037553
217,0.010588587445330347,0.049831215020680886,0.04999999945130909,-8.356989015550435e-06,-6.485376417445078e-05,-0.0001465081588772252,-0.0001317878777626902,-5.225027877031607e-08,-2.2826916167468898e-06,-3.104564821736745e-05,-0.00020068641511865752
218,0.011011911150777393,0.04986197072680446,0.049999999207295115,-8.249101945081813e-06,-6.217702327360319e-05,-0.00014712078422801222,-0.00013233200297690928,-5.110365108862425e-08,-2.3124520233745876e-06,-3.2747599688816377e-05,-0.0001946662606888439
219,0.011446429469734228,0.04988937659883405,0.04999999891795253,-8.144701993407699e-06,-5.951905979095421e-05,-0.00014773230830629464,-0.00013292090443428606,-4.996757851927214e-08,-2.3412217426135322e-06,-3.454503518028628e-05,-0.00018888519393034473
220,0.011892218018908919,0.04991349897369158,0.049999998583273655,-8.04378999037979e-06,-5.688930376514969e-05,-0.00014834371828534277,-0.00013353873509913683,-4.8725095069812596e-08,-2.3689945548336422e-06,-3.644341968940444e-05,-0.00018333938140825253
221,0.01234935031854234,0.04993441655525455,0.04999999820338436,-7.946395204461079e-06,-5.429629738827628e-05,-0.00014895620200855715,-0.00013418871094472706,-4.7345537268483895e-08,-2.395772087218737e-06,-3.844855730260698e-05,-0.00017802478355029793
222,0.012817890568548734,0.04995222184685357,0.04999999777854861,-7.852524509855145e-06,-5.174808169855336e-05,-0.0001495712975727272,-0.0001348522346233949,-4.580115486874092e-08,-2.4215644372829313e-06,-4.056662400490388e-05,-0.00017293717457974466
223,0.013297892603422894,0.04996701627234207,0.049999997309180824,-7.762140721489884e-06,-4.9252487263078934e-05,-0.00015019020225485454,-0.00013553441385738552,-4.425541177965897e-08,-2.446379194276992e-06,-4.280419790461817e-05,-0.0001680721660524163
224,0.013789408489679295,0.04997891170915124,0.04999999679585213,-7.67524562480797e-06,-4.6816597759467494e-05,-0.00015081470822461013,-0.00013621116522699594,-4.2564284541413144e-08,-2.4702356952996456e-06,-4.5168294749955175e-05,-0.00016342523912339646
225,0.014292476058119011,0.04998802786172916,0.049999996239296525,-7.591835768938041e-06,-4.444688876662178e-05,-0.00015144609225867006,-0.00013686629245057702,-4.053980262597179e-08,-2.4931528492692354e-06,-4.766640677559821e-05,-0.00015899176478662903
226,0.014807123042297757,0.04999448935464724,0.04999999564042882,-7.511745973938247e-06,-4.2149256059562475e-05,-0.00015208530247255443,-0.00013753864914178848,-3.8912968847171214e-08,-2.5151372556600957e-06,-5.030653269341073e-05,-0.00015476701350614465
227,0.015333393049658799,0.04999842398129273,0.04999999500033589,-7.435042373353574e-06,-3.9929487008770574e-05,-0.0001527338213562393,-0.00013818622392136604,-3.716484897609007e-08,-2.536217220536144e-06,-5.309722640413512e-05,-0.0001507461786224788
228,0.015871306623091545,0.049999966164760726,0.04999999432026703,-7.361693965507187e-06,-3.7792285445345935e-05,-0.00015339325610146438,-0.00013880339975003153,-3.554506022851456e-08,-2.5564240323172678e-06,-5.604765360015936e-05,-0.00014692444044592685
229,0.016420859969799577,0.049999248019724434,0.0499999936016447,-7.291693183013242e-06,-3.574055679383344e-05,-0.0001540653393690011,-0.0001393758284393698,-3.325262909470439e-08,-2.5757894587893306e-06,-5.916764831199144e-05,-0.00014329696140335686
230,0.016982057758563398,0.04999639970538571,0.049999992846079096,-7.2249200246784275e-06,-3.377837914184231e-05,-0.00015475117551831593,-0.00013989776198286563,-3.128559100673556e-08,-2.5943385660239518e-06,-6.246776968876345e-05,-0.00013985886088715182
231,0.017554903295738562,0.04999155010647314,0.049999992055366635,-7.161335636661063e-06,-3.1908575930439183e-05,-0.0001554522908607066,-0.00014036161883268505,-2.9352941410820677e-08,-2.61210604672837e-06,-6.595936640844941e-05,-0.00013660525673548767
232,0.018139380804070272,0.04998482486387676,0.049999991231477525,-7.100883029537297e-06,-3.0133088278712378e-05,-0.00015617037063166318,-0.00014076298975851387,-2.738313220618238e-08,-2.629131219331219e-06,-6.965466161303859e-05,-0.0001335312734798151
233,0.018735465768369968,0.04997634396675175,0.04999999037656526,-7.043466172095392e-06,-2.8453529392965615e-05,-0.0001569068158154591,-0.00014108768664300442,-2.5445748619290498e-08,-2.645449794832642e-06,-7.356683534313678e-05,-0.00013063205112231907
234,0.019343128408973537,0.049966221664749844,0.04999998949296075,-6.9890322672328e-06,-2.6870551506823298e-05,-0.00015766333566402264,-0.0001413303689332679,-2.3607547916526528e-08,-2.66110546442805e-06,-7.771012100607665e-05,-0.00012790275617902423
235,0.019962325166915717,0.04995456404899906,0.04999998858316243,-6.9375011966993855e-06,-2.5384360364212866e-05,-0.00015844108570397164,-0.0001414830330759287,-2.1693820073664938e-08,-2.6761317245157334e-06,-8.209990578922648e-05,-0.0001253385821034229
236,0.020593016309675825,0.04994146962049448,0.04999998764983219,-6.888799423943573e-06,-2.3994522133216648e-05,-0.00015924163152201685,-0.00014153620577417314,-1.9999751188493065e-08,-2.6905725276730825e-06,-8.675284349290668e-05,-0.00012293476042654137
237,0.02123514118924713,0.049927027350883384,0.049999986695784454,-6.842859221946496e-06,-2.2699812026377516e-05,-0.00016006659892436477,-0.00014147895853966475,-1.830908935573916e-08,-2.7044728888077844e-06,-9.168699894696921e-05,-0.0001206865588901536
238,0.02188862517234613,0.04991131757169543,0.0499999857239916,-6.7995099310933265e-06,-2.149870685815624e-05,-0.00016091707846505905,-0.00014133230433799326,-1.6759532428523016e-08,-2.717867068030277e-06,-9.692198614718873e-05,-0.00011858927368672674
239,0.022553406439424148,0.04989441354766118,0.04999998473755636,-6.758732698064249e-06,-2.0389172631372733e-05,-0.000161794378018094,-0.00014107440074440092,-1.5469444392124387e-08,-2.730799386005859e-06,-0.00010247913188447431,-0.00011663823749934281
240,0.02322938977020534,0.049876367653635484,0.04999998373969119,-6.7203402722941875e-06,-1.936853421459634e-05,-0.00016269930086966169,-0.00014074986393097788,-1.4319350150060473e-08,-2.7432994193259613e-06,-0.00010838164735760692,-0.00011482885228320068
241,0.023916514380295035,0.04985722107454843,0.04999998273365766,-6.684627708043918e-06,-1.8433302992136844e-05,-0.0001636342190570947,-0.00014022603863850236,-1.3497535533701921e-08,-2.755436854073878e-06,-0.00011465485725750342,-0.00011315660544872705
242,0.0246146218786642,0.04983698360782493,0.04999998172279627,-6.651273859787983e-06,-1.757905937286862e-05,-0.00016460082222558755,-0.00013957869668956846,-1.2289578243951382e-08,-2.7672492916206284e-06,-0.00012132646089079258,-0.00011161702286674243
243,0.025323583757241593,0.049815693314454124,0.049999980710612485,-6.6200629667455585e-06,-1.6802086620647e-05,-0.00016559963155540427,-0.00013880808546673506,-1.1092244456278877e-08,-2.7787556916402064e-06,-0.00012842675775368503,-0.00011020558170491405
244,0.02604333443941862,0.04979340077629026,0.049999979700693156,-6.590894215478402e-06,-1.6099186616842686e-05,-0.00016663207380490037,-0.0001379315508529544,-1.0898522084801243e-08,-2.790004690583295e-06,-0.00013598895269629593,-0.00010891776974976289
245,0.02677370652106539,0.04977007522841018,0.049999978696627485,-6.5637770224718935e-06,-1.5464895269169884e-05,-0.00016769905969839623,-0.00013692658103536814,-1.0607429601350304e-08,-2.8010285093199196e-06,-0.0001440495008799183,-0.00010774916872446333
246,0.027514552268612866,0.04974569766779112,0.049999977701996164,-6.538654024222162e-06,-1.4894103495991342e-05,-0.00016880187883270496,-0.00013579041115008295,-1.040941466357026e-08,-2.8118643405657248e-06,-0.0001526484907641122,-0.00010669539146457494
247,0.028265711483489244,0.04972024848929293,0.049999976720377245,-6.5154222081600295e-06,-1.4381721746780098e-05,-0.0001699418705736635,-0.00013452538405545056,-1.0464280109090396e-08,-2.822547736924098e-06,-0.00016183010645543164,-0.00010575206241565995
248,0.029027004406586926,0.049693693808412126,0.04999997575534565,-6.493958343944763e-06,-1.3922485296913261e-05,-0.0001711199928025433,-0.00013313727686181664,-1.0679096718035908e-08,-2.8331048074284735e-06,-0.0001716431244240869,-0.00010491481321705456
249,0.029798252573645097,0.0496659937996527,0.049999974810445574,-6.474164812969457e-06,-1.3511217301269677e-05,-0.00017233718388237943,-0.00013163847324904054,-1.1075613315369992e-08,-2.843561324350574e-06,-0.0001821414925526869,-0.0001041792784054782
250,0.03057925308787453,0.049637091884641354,0.049999973889162566,-6.455893295719872e-06,-1.3142622012825534e-05,-0.00017359367745602364,-0.0001300593576161191,-1.1451668058271025e-08,-2.8539308924727483e-06,-0.00019338496817304814,-0.000103541110115476
251,0.03136982519282075,0.04960692173708662,0.04999997299485565,-6.439224961117329e-06,-1.2811541982228565e-05,-0.0001748906223220487,-0.0001283672609133646,-1.2443381436355594e-08,-2.8642455926932285e-06,-0.00020543988253950715,-0.0001029959987800639
252,0.03216972791048285,0.049575380981050944,0.04999997213073179,-6.424094518863561e-06,-1.2512549886946136e-05,-0.0001762293212149215,-0.00012656921171583235,-1.3499513507042593e-08,-2.8745329697276553e-06,-0.0002183800776750447,-0.00010253967153767397
253,0.032978702765972256,0.04954237161210451,0.04999997129989559,-6.410395571028098e-06,-1.224048147756782e-05,-0.00017761057943027153,-0.00012466635962482542,-1.4548757754084818e-08,-2.8848060870426554e-06,-0.00023228791913034496,-0.00010216785574277761
254,0.033796515821874366,0.04950782060038325,0.04999997050532519,-6.398077635191888e-06,-1.199058492010304e-05,-0.00017903550803705223,-0.00012266423436813056,-1.5938253383751544e-08,-2.8950819032837435e-06,-0.0002472554956892997,-0.00010187626489683671
255,0.03462288460295589,0.0494716245353402,0.04999996974986607,-6.3869752353581535e-06,-1.1758140697326565e-05,-0.00018050432401168167,-0.00012059006985509768,-1.7197882229424977e-08,-2.9053584785688886e-06,-0.0002633859955997937,-0.00010166060980340178
256,0.035457549228775705,0.04943368792898137,0.04999996903620731,-6.377037426472671e-06,-1.153889657186741e-05,-0.00018201761556932634,-0.00011845175322378054,-1.8566309378797996e-08,-2.915640207104709e-06,-0.00028079530569429006,-0.00010151659354384521
257,0.03630022834807088,0.049393901369556015,0.049999968366825465,-6.368212962909339e-06,-1.1328925913421236e-05,-0.0001835761470752761,-0.00011626294872257859,-2.0127069788600238e-08,-2.925935884603046e-06,-0.0002996139634810083,-0.00010143994540959012
258,0.03715059612019917,0.049352123835773955,0.04999996774397359,-6.36049904070532e-06,-1.1124432026874213e-05,-0.000185180547895509,-0.00011401485244277865,-2.186849812346736e-08,-2.9362465854346395e-06,-0.00031998942910431606,-0.00010142643445207943
259,0.038008329317952665,0.04930822798525351,0.04999996716967247,-6.353858642143466e-06,-1.092201753954086e-05,-0.0001868315998289838,-0.00011172475205967203,-2.3559564965580648e-08,-2.9465711661644177e-06,-0.00034208877232134896,-0.00010147184998922129
260,0.03887308176929585,0.049262084060852654,0.049999966645725466,-6.348222167127058e-06,-1.0718694106722138e-05,-0.00018852941779577226,-0.0001093994578695856,-2.5312179019465475e-08,-2.9568941073075936e-06,-0.0003661018202916232,-0.00010157200282725099
261,0.03974451629054696,0.049213565148322244,0.04999996617370133,-6.3435656099984975e-06,-1.0511865990314543e-05,-0.00019027460302693667,-0.00010704773012548685,-2.710232926972367e-08,-2.967207326409261e-06,-0.00039224494733571913,-0.00010172273148598445
262,0.040622261509039914,0.049162540482356264,0.04999996575492102,-6.339844315871387e-06,-1.0299298392004964e-05,-0.00019206769378864847,-0.0001046839970513247,-2.8878316626901324e-08,-2.9774987707702577e-06,-0.0004207656812869604,-0.0001019199117710319
263,0.041505935095310996,0.049108874376221794,0.04999996539046714,-6.337033718608549e-06,-1.0079137659113136e-05,-0.00019390906195250327,-0.00010231247870251536,-3.0688791952115935e-08,-2.9877503850703875e-06,-0.0004519481925834011,-0.000102159470637765
264,0.0423951371975483,0.0490524290452658,0.0499999650811635,-6.335132467381706e-06,-9.849932288959387e-06,-0.00019579925064104684,-9.994567517424002e-05,-3.2472971867036904e-08,-2.9979421530499174e-06,-0.00048611997088900084,-0.00010243739288263693
265,0.043289453657159804,0.04899308099172567,0.04999996482758208,-6.334105700748453e-06,-9.610568512568739e-06,-0.00019773813808286958,-9.759398380992934e-05,-3.4150872352256556e-08,-3.0080420881737333e-06,-0.0005236598926424118,-0.00010274972336955558
266,0.044188476098373175,0.04893070136707853,0.04999996463003775,-6.333966466222168e-06,-9.36034119202875e-06,-0.0001997260698169195,-9.526535723125562e-05,-3.5830407085768456e-08,-3.018024121332738e-06,-0.0005650081334818052,-0.00010309258416035652
267,0.04509176369990797,0.04886516385292076,0.049999964488579574,-6.33472047441691e-06,-9.09885768324024e-06,-0.00020176337150111924,-9.297159704146907e-05,-3.743740606410029e-08,-3.0278591847583185e-06,-0.0006106784819251963,-0.00010346218826350275
268,0.045998861912759495,0.04879634580431173,0.049999964403013214,-6.33637036435501e-06,-8.826024210843283e-06,-0.00020385010540550469,-9.072141983779147e-05,-3.892550282103002e-08,-3.03751075925916e-06,-0.0006612734994995516,-0.00010385485429164083
269,0.04690931004376011,0.04872413272872246,0.04999996437288677,-6.338975635828044e-06,-8.542075312125494e-06,-0.00020598660952609563,-8.851722668623552e-05,-4.048180457516537e-08,-3.0469447335836747e-06,-0.0007175034879350962,-0.00010426701843776828
270,0.047822625605968117,0.04864841557195312,0.049999964397502705,-6.342547956671826e-06,-8.247437718736058e-06,-0.0002081725696998697,-8.637298742542043e-05,-4.18211207886543e-08,-3.0561139142346117e-06,-0.000780210266351832,-0.00010469523875675697
271,0.048738339554601086,0.04856909783059066,0.049999964475932274,-6.347142986438583e-06,-7.942829109649053e-06,-0.00021040811219762677,-8.429324952885509e-05,-4.3170715002815996e-08,-3.064976870865331e-06,-0.0008503973064347255,-0.00010513620531807365
272,0.0496559547748401,0.04848609204828269,0.049999964607015265,-6.352804849077278e-06,-7.629126249519726e-06,-0.0002126933467282178,-8.22861329652369e-05,-4.4359449447028965e-08,-3.0734888361365536e-06,-0.0009292683700584193,-0.00010558675745243113
273,0.05057496145462338,0.0483993232588906,0.04999996478938729,-6.35958741930331e-06,-7.3074203408273515e-06,-0.00021502813686392541,-8.035985956666991e-05,-4.5471590937040673e-08,-3.081599748588009e-06,-0.001018277127514939,-0.00010604389713988945
274,0.0514948498720492,0.048308727328163915,0.04999996502148047,-6.367574900108918e-06,-6.978913557944567e-06,-0.0002174124690618165,-7.851870032027364e-05,-4.649857743288521e-08,-3.089260739615843e-06,-0.0011191917291574608,-0.00010650479849574914
275,0.05241509625692131,0.04821425318970723,0.04999996530153384,-6.376843676818356e-06,-6.6449195167216e-06,-0.0002198458793682461,-7.676945097045973e-05,-4.745792026028539e-08,-3.0964123382060833e-06,-0.0012341794993575724,-0.00010696681682540718
276,0.053335185773296045,0.04811587046732869,0.04999996562761139,-6.387486902566913e-06,-6.306825467184636e-06,-0.00022232818010420644,-7.511983130825683e-05,-4.8255969886668026e-08,-3.1030004194857307e-06,-0.0013659193922333892,-0.00010742750004106613
277,0.05425458554043697,0.048013563696236154,0.0499999659976086,-6.399617553108746e-06,-5.966077782019538e-06,-0.00022485923189309866,-7.357165304711089e-05,-4.900610406366468e-08,-3.108969044770346e-06,-0.001517753258361528,-0.00010788460068216406
278,0.05517275578701674,0.04790732717532231,0.04999996640928106,-6.413330349935728e-06,-5.6241720431473666e-06,-0.00022743862940439606,-7.21308242646046e-05,-4.96938348248932e-08,-3.1142574023042994e-06,-0.001693891344051007,-0.00010833608171250365
279,0.05608916186929922,0.04779719064901128,0.04999996686026067,-6.42875616033304e-06,-5.282529467510304e-06,-0.00023006613947875845,-7.080195791786537e-05,-5.029264116274135e-08,-3.1188048600711422e-06,-0.0018996957200247055,-0.00010878012597155784
280,0.05700325658776622,0.047683183458344186,0.049999967348070856,-6.446008140831385e-06,-4.942631999660231e-06,-0.00023274094628805044,-6.958888116059825e-05,-5.071370878795278e-08,-3.1225477025571814e-06,-0.00214207670897908,-0.0001092151448280724
281,0.05791451669839534,0.047565372592005765,0.04999996787013289,-6.465270425853268e-06,-4.605896918452818e-06,-0.0002354627059202012,-6.849431520095095e-05,-5.12817344144878e-08,-3.1254239237808875e-06,-0.0024300570400233893,-0.00010963978371089506
282,0.058822394305357774,0.0474438329735123,0.049999968423782654,-6.486677190074413e-06,-4.273664276867321e-06,-0.00023823099962417537,-6.752133776899427e-05,-5.167533956296211e-08,-3.1273705441200205e-06,-0.002775589443885598,-0.00011005292519262764
283,0.059726350082849225,0.04731866854623114,0.049999969006311325,-6.5103755723523465e-06,-3.947254006824081e-06,-0.00024104506283816803,-6.667215347988531e-05,-5.195215280195953e-08,-3.128313290681063e-06,-0.0031947638955562574,-0.00011045368804532812
284,0.060625854494510925,0.0471900143622359,0.0499999696149763,-6.536512452281621e-06,-3.6279226081185447e-06,-0.00024390431814187946,-6.595510058104992e-05,-5.2038142683841215e-08,-3.128206316785543e-06,-0.003709630782220312,-0.00011084143900698734
285,0.06152038306718532,0.04705800381887318,0.04999997024699612,-6.565351801897695e-06,-3.3168671450867778e-06,-0.0002468079548749292,-6.536500586662441e-05,-5.267723324209328e-08,-3.126974681870789e-06,-0.00435102195070006,-0.0001112158013581759
286,0.06240940621228877,0.04692279322868084,0.04999997089957406,-6.597051474417991e-06,-3.015134918592941e-06,-0.00024975536642464117,-6.490504165412858e-05,-5.2922224824669684e-08,-3.124555644435833e-06,-0.00516303567174388,-0.00011157664479818787
287,0.06329240614065651,0.04678458132137845,0.04999997156993997,-6.631788769013343e-06,-2.7237877329250778e-06,-0.00025274551536882245,-6.457453855546191e-05,-5.290121052325958e-08,-3.120874462265142e-06,-0.006210385948660294,-0.0001119240669593299
288,0.06416889056689945,0.04664360071561255,0.04999997225535965,-6.66973619455348e-06,-2.4438083566966745e-06,-0.00025577743130981816,-6.438521813834086e-05,-5.2912952241968014e-08,-3.115879813745983e-06,-0.007590860549669192,-0.00011225840726582029
289,0.06503836421388376,0.046500068310267484,0.049999972953122,-6.711186145482755e-06,-2.176186757857741e-06,-0.00025885046548252446,-6.433262751670554e-05,-5.322762675064041e-08,-3.1095242344002054e-06,-0.009457259430525763,-0.00011258027039413445
290,0.06590033032171627,0.04635421445620073,0.04999997366055662,-6.756401997270187e-06,-1.9218007370941845e-06,-0.0002619635636577707,-6.441567529691383e-05,-5.3819508849528575e-08,-3.1017366219581963e-06,-0.01205769046315529,-0.00011289051354536426
291,0.06675430548082283,0.046206296446109976,0.049999974375070255,-6.805585650848053e-06,-1.6815057254090996e-06,-0.0002651156894295003,-6.462942837970331e-05,-5.3815416123370596e-08,-3.0924577732827816e-06,-0.01581307269086389,-0.00011319021249310915
292,0.06759984667483583,0.04605665304680624,0.04999997509416798,-6.858942714200928e-06,-1.4562159538002046e-06,-0.0002683056831617534,-6.49808207526803e-05,-5.387730794836898e-08,-3.081631691906701e-06,-0.021473537871297153,-0.0001134806446184764
293,0.06843651624116845,0.04590559522917466,0.049999975815454886,-6.916723626864843e-06,-1.2468320732806759e-06,-0.0002715323021273087,-6.547633529407904e-05,-5.4046562780740715e-08,-3.0692089051504362e-06,-0.03044813912764857,-0.00011376332241961061
294,0.06926387324554643,0.04575341722236931,0.049999976536624725,-6.979239306682468e-06,-1.0543281293950855e-06,-0.00027479457041209757,-6.611442950088531e-05,-5.431136784750379e-08,-3.0551481753110353e-06,-0.04551460247851415,-0.00011403999449307971
295,0.07008150142515653,0.045600441242976665,0.04999997725547546,-7.0467716762400154e-06,-8.797091048327577e-07,-0.0002780909895187497,-6.68910943204537e-05,-5.466716856972198e-08,-3.039398634648245e-06,-0.0722578078309451,-0.00011431262072426775
296,0.0708890082678898,0.045447010673665675,0.04999997796992422,-7.119606335996563e-06,-7.240575279813521e-07,-0.00028142040230218657,-6.780700641684234e-05,-5.492922383609766e-08,-3.021920070182096e-06,-0.12103559583907045,-0.0001145833632579056
297,0.07168601423220115,0.045293484603056655,0.049999978678015575,-7.198025463281115e-06,-5.885609829496169e-07,-0.00028478147922401253,-6.886195478728041e-05,-5.5136961663038164e-08,-3.002676475632677e-06,-0.20464441484049775,-0.00011485457741270567
298,0.072472160039613,0.045140233989115035,0.049999979377930034,-7.282334278721301e-06,-4.745214010943314e-07,-0.000288172830055112,-7.005876250332221e-05,-5.5476654381436674e-08,-2.9816359024605547e-06,-0.1822354667647867,-0.00011512881036465793
299,0.07324710315728553,0.044987616420130855,0.04999998006798072,-7.37285663624327e-06,-3.8338027954845377e-07,-0.0002915933471262154,-7.140248635550961e-05,-5.5869008974696044e-08,-2.9587965892635337e-06,-0.10792796572626805,-0.0001154088004170728
300,0.07401052011790042,0.04483598648656634,0.04999998074661572,-7.469980621508267e-06,-3.1673044333820466e-07,-0.00029504133507969756,-7.28823579265736e-05,-5.6645387047637996e-08,-2.934086825115653e-06,-0.06569978400214774,-0.00011569745306464785
301,0.07476210080738992,0.04468572937737725,0.04999998141244473,-7.573859050153023e-06,-2.7628598222087e-07,-0.0002985150105502762,-7.449994882335886e-05,-5.6283962379666264e-08,-2.9075092476122467e-06,-0.04241640640793046,-0.00011599782159706655
302,0.07550159306402542,0.04453727610794138,0.04999998206421614,-7.684939795896516e-06,-2.639674915389805e-07,-0.0003020127430723244,-7.625518628628924e-05,-5.659873281160799e-08,-2.8790550641315854e-06,-0.02905991107960077,-0.00011631311646463937
303,0.07622873812521995,0.04439096166665357,0.049999982700790466,-7.803592477730303e-06,-2.818552586725567e-07,-0.00030553334791258153,-7.817317236913368e-05,-5.754612786290636e-08,-2.84872479223259e-06,-0.0209411692331719,-0.0001166467428799316
304,0.07694325863953114,0.0442470762507583,0.04999998332115783,-7.930239660371979e-06,-3.3237833826351213e-07,-0.0003090753037390381,-8.022192196222022e-05,-5.780445988534666e-08,-2.816518819381322e-06,-0.015722245927664222,-0.00011700226677596182
305,0.0776449544747903,0.044106019405449115,0.04999998392445732,-8.065187608321932e-06,-4.179279079776698e-07,-0.0003126367250123254,-8.241028990596533e-05,-5.822418103207383e-08,-2.782440313077323e-06,-0.01220028953509014,-0.00011738336806828712
306,0.07833363593604947,0.043968150322238775,0.049999984509969335,-8.208837872545759e-06,-5.411674887717928e-07,-0.0003162160329552313,-8.473727939417586e-05,-5.861566521048189e-08,-2.7465028839803312e-06,-0.00972420144667403,-0.00011779385860353597
307,0.0790091291219494,0.04383381606314484,0.04999998507709765,-8.36157757153494e-06,-7.049139909779952e-07,-0.00031981165091851714,-8.72040691319853e-05,-5.905212674406357e-08,-2.7087271456183943e-06,-0.007922692760222628,-0.00011823767877415037
308,0.07967127562981248,0.04370334454536352,0.04999998562537407,-8.523803480968063e-06,-9.121809094804962e-07,-0.0003234219005840309,-8.981144492281601e-05,-5.950461101633664e-08,-2.6691376943308914e-06,-0.006573656196545034,-0.00011871889331943162
309,0.08031994396599478,0.04357705392368228,0.04999998615445262,-8.695922111956174e-06,-1.166109008960131e-06,-0.0003270450351426031,-9.255644545191899e-05,-5.984266238101554e-08,-2.627751957495997e-06,-0.005538477582526803,-0.00011924168379098257
310,0.08095501671665828,0.043455257355082384,0.04999998666410764,-8.878292875098663e-06,-1.4699703614280352e-06,-0.00033067901039366885,-9.543480700813234e-05,-5.990477092154833e-08,-2.5846388447492376e-06,-0.004727387271042221,-0.00011981035462883337
311,0.08157642188248114,0.04333824889114989,0.04999998715420114,-9.071523585004907e-06,-1.8271946112873215e-06,-0.00033432244759272153,-9.84567086561583e-05,-6.077767267242962e-08,-2.539828039050763e-06,-0.004080339192796485,-0.00012042933476961865
312,0.0821840648824272,0.043226270449068675,0.04999998762468393,-9.275973975181004e-06,-2.2413670352060736e-06,-0.00033797377367909186,-0.00010161856334889308,-6.115416084639946e-08,-2.4933727813375113e-06,-0.003556017663950086,-0.00012110316393036736
313,0.08277789128430796,0.04311959349180191,0.049999988075620026,-9.49207268522054e-06,-2.7160612788153248e-06,-0.00034163139560098845,-0.00010489338455954567,-6.098304794477372e-08,-2.445349240764814e-06,-0.003125280735711177,-0.00012183646380064808
314,0.08335789000943804,0.04301852028345234,0.049999988507168504,-9.720301138650642e-06,-3.254612432372681e-06,-0.0003452934410572505,-0.00010831523832166567,-6.183179124263916e-08,-2.395769018977197e-06,-0.002767117568498222,-0.00012263394158625344
315,0.0839240199438992,0.04292323120115769,0.049999988919586125,-9.960916168757246e-06,-3.8606783637812275e-06,-0.00034895763203917474,-0.00011185088806087151,-6.120615125837503e-08,-2.3447607715780077e-06,-0.0024660823491036822,-0.00012350041340136598
316,0.08447632574450538,0.042833981792141526,0.049999989313178256,-1.0214720045440479e-05,-4.537748632117303e-06,-0.0003526221813405568,-0.00011552272189874202,-6.193796764364379e-08,-2.2923342620326934e-06,-0.0022106211919626917,-0.00012444078998241173
317,0.0850148005158687,0.04275091248842556,0.049999989688300224,-1.0481903381034736e-05,-5.2892702743214734e-06,-0.0003562852207151617,-0.00011932647612411529,-6.175805822294933e-08,-2.238599517286631e-06,-0.001991955468334298,-0.00012546009891743813
318,0.08553948142284677,0.042674179184834564,0.049999990045367065,-1.0763153765687832e-05,-6.118918005418953e-06,-0.00035994470379835294,-0.00012322260590735823,-6.114395745271395e-08,-2.1836479430567107e-06,-0.0018033210487984751,-0.00012656346434121058
319,0.08605044964842942,0.04260395007330722,0.0499999903848231,-1.105897060204525e-05,-7.029495464515117e-06,-0.00036359929194683784,-0.00012728676665574312,-6.220427195557932e-08,-2.127574344883407e-06,-0.0016394390934950408,-0.00012775613861105617
320,0.08654772409188283,0.04254020348886597,0.049999990707150825,-1.136996359290598e-05,-8.025190946147173e-06,-0.00036724684942250266,-0.0001314481341978535,-6.18112210304389e-08,-2.0704672263419314e-06,-0.0014961418839273283,-0.00012904350179805706
321,0.08703141566407514,0.04248312121319006,0.049999991012871316,-1.1696603476684312e-05,-9.108437390838776e-06,-0.0003708857916863514,-0.00013571363524533808,-6.153852893930889e-08,-2.012449787258398e-06,-0.0013701040961711097,-0.00013043098514716158
322,0.08750163220699947,0.04243280077370343,0.0499999913025419,-1.2039483458159012e-05,-1.0281816091417443e-05,-0.00037451442052779065,-0.00014010041195433587,-6.185003087466612e-08,-1.9535704430884373e-06,-0.0012586466015140094,-0.0001319240942964694
323,0.08795846339472986,0.04238930901377367,0.04999999157677061,-1.239883724794224e-05,-1.1547632222277739e-05,-0.00037813060252538393,-0.0001445704692741856,-6.081079817477075e-08,-1.8939627982880314e-06,-0.0011595916435200157,-0.0001335284113420595
324,0.0884020561269655,0.0423527437045648,0.04999999183619123,-1.2775373883699776e-05,-1.2907778291688203e-05,-0.0003817320992164164,-0.00014913640916347504,-6.035411104221566e-08,-1.8337358919879225e-06,-0.00107115454427572,-0.00013524960379476765
325,0.08883255292777927,0.0423230885951816,0.049999992081429925,-1.3169674707898822e-05,-1.4364057178673927e-05,-0.000385317010624874,-0.0001538414362585172,-6.078712289081523e-08,-1.7730007155435145e-06,-0.0009918615053991875,-0.00013709347759734746
326,0.08925007196705007,0.04230025129980539,0.04999999231310111,-1.3582449392876283e-05,-1.5919174001803544e-05,-0.0003888838461263127,-0.0001586175785632804,-6.003162411616358e-08,-1.711869235149427e-06,-0.0009204867593839774,-0.00013906594019145793
327,0.08965478418079027,0.042284293057079744,0.049999992531830434,-1.4014115936348519e-05,-1.757346495670955e-05,-0.00039243065383503194,-0.00016348033386748284,-5.9483717507191614e-08,-1.650454756559817e-06,-0.0008560041513783238,-0.00014117294698752874
328,0.09004685572208523,0.04227518125468669,0.04999999273826314,-1.4465256922982236e-05,-1.9327772452593727e-05,-0.00039595588060011385,-0.00016842807235661894,-5.896528776361265e-08,-1.5888729804911452e-06,-0.0007975493646980348,-0.00014342053431466787
329,0.0904264581338592,0.04227286945918245,0.04999999293304852,-1.493640256833272e-05,-2.1182457795787066e-05,-0.00039945748831952894,-0.0001734573015710339,-5.840028549641829e-08,-1.527238463046896e-06,-0.0007443902166451241,-0.0001458148133459557
330,0.09079377689378441,0.04227728414720521,0.04999999311683736,-1.5428138270226847e-05,-2.313758430213122e-05,-0.0004029329484990045,-0.0001785567874321714,-5.7694741428804264e-08,-1.465664612473208e-06,-0.0006959031630297891,-0.0001483619693348922
331,0.09114901326433883,0.042288360638253836,0.04999999329025966,-1.5941116778728782e-05,-2.5192753975574878e-05,-0.00040638083470585144,-0.00018372960039414465,-5.701918937006667e-08,-1.4042684295328402e-06,-0.0006515544703153984,-0.0001510682541960007
332,0.09149235879995618,0.04230599611303941,0.04999999345393144,-1.6475880318089194e-05,-2.7347133680292755e-05,-0.0004097991195150599,-0.0001889641716843471,-5.625571475320612e-08,-1.3431516830171135e-06,-0.000610885090811051,-0.0001539399799993518
333,0.09182401543839165,0.04233008338538437,0.0499999936084687,-1.703292422869723e-05,-2.9599458054210026e-05,-0.00041318616403709403,-0.0001942511007655412,-5.526237245589982e-08,-1.2824563840135874e-06,-0.0005734984730619352,-0.00015698352111531163
334,0.09214419860128628,0.042360500193719064,0.0499999937544722,-1.761301883071689e-05,-3.194833876489916e-05,-0.0004165402564897443,-0.0001996117498492822,-5.4893138923262086e-08,-1.2222775895959597e-06,-0.000539050591090365,-0.0001602053183882126
335,0.09245310999700031,0.042397082623603054,0.04999999389253069,-1.821663242010826e-05,-3.439214143979754e-05,-0.0004198589498315958,-0.0002050185576081276,-5.401936320481582e-08,-1.162723273494356e-06,-0.0005072417931079253,-0.0001636118623752565
336,0.09275097847751973,0.04243970710096563,0.04999999402321678,-1.8844404621362133e-05,-3.692841049394949e-05,-0.0004231405021036248,-0.00021044284221716225,-5.274677050692844e-08,-1.1039000961932686e-06,-0.0004778101038249632,-0.0001672096436422356
337,0.09303803940302607,0.0424882746848858,0.049999994147086016,-1.949681169985592e-05,-3.9553276815882905e-05,-0.0004263830382245363,-0.000215914988075383,-5.196050167910471e-08,-1.0459130463811188e-06,-0.0004505256567635802,-0.00017100517057159402
338,0.09331450909371736,0.04254257512881725,0.04999999426468192,-2.017447675913005e-05,-4.226444472968291e-05,-0.0004295848448018857,-0.00022141681984066963,-5.0958323782879233e-08,-9.88863438110348e-07,-0.00042518606498131485,-0.00017500499640291513
339,0.09358061587258654,0.04260244433281515,0.04999999437652928,-2.0877964342612017e-05,-4.505844341565403e-05,-0.00043274385579474613,-0.0002269451506435871,-5.000322289561154e-08,-9.328475883217934e-07,-0.0004016125607088011,-0.0001792156867797909
340,0.09383659320015006,0.04266768507057482,0.049999994483134275,-2.160784652485532e-05,-4.793158602375971e-05,-0.0004358576552921283,-0.0002324951783521101,-4.901589889527713e-08,-8.779574424401998e-07,-0.0003796467594526426,-0.00018364380686498692
341,0.09408268252481584,0.042738123107907755,0.04999999458497229,-2.2364757013219686e-05,-5.0879718823827486e-05,-0.0004389246954600026,-0.0002380533842369914,-4.795181141048488e-08,-8.242831685501767e-07,-0.00035914790994314696,-0.00018829591255840002
342,0.09431911459582827,0.04281356037668053,0.049999994682494546,-2.314921318658038e-05,-5.389856568223454e-05,-0.00044194312296775206,-0.00024362314434256405,-4.692743260648058e-08,-7.719096778500355e-07,-0.0003399905721276809,-0.00019317854545231744
343,0.09454612584141131,0.042893792691105305,0.049999994776139645,-2.3961745101071537e-05,-5.698356566007974e-05,-0.00044491121908370364,-0.0002491880441084504,-4.5822712735343885e-08,-7.209168976686351e-07,-0.00032206265391294844,-0.0001982982157293806
344,0.0947639531233289,0.04297860688138597,0.04999999486633122,-2.4802848089212987e-05,-6.01297827254295e-05,-0.0004478269365936206,-0.0002547508920542896,-4.477679382830502e-08,-6.713791970789014e-07,-0.0003052637314390046,-0.00020366139097320688
345,0.09497283604919526,0.043067802412641215,0.04999999495347273,-2.5673069595235858e-05,-6.33322090848617e-05,-0.0004506878008690809,-0.00026029266882687807,-4.358671645832146e-08,-6.233653697435686e-07,-0.0002895036158442972,-0.00020927447778461714
346,0.09517302140719983,0.04316117753595822,0.04999999503793416,-2.6572986270000896e-05,-6.65852095658836e-05,-0.0004534923960503644,-0.00026582504506222904,-4.259726082977977e-08,-5.769406954957045e-07,-0.00027470111212779975,-0.00021514381101882826
347,0.09536474132351597,0.04325850857303457,0.04999999512006259,-2.7503026441908756e-05,-6.988348761423055e-05,-0.0004562387435619365,-0.0002713241265155375,-4.137577747087562e-08,-5.321630119535805e-07,-0.0002607829513494915,-0.00022127564885465712
348,0.09554823453782403,0.04335957831330238,0.04999999520019188,-2.8463647485670015e-05,-7.322131450204697e-05,-0.0004589249145465182,-0.00027679631602950394,-4.033027423133717e-08,-4.890621864192104e-07,-0.00024768286507546725,-0.00022767614050750158
349,0.0957237328068585,0.04346417525764609,0.04999999527864476,-2.945498400997251e-05,-7.659233241738604e-05,-0.00046154827873921454,-0.00028219763771630824,-3.8670897595238785e-08,-4.4770858525025364e-07,-0.00023534080199881678,-0.00023435132455126492
350,0.09589148505273737,0.04357208050674433,0.04999999535570878,-3.047789033056111e-05,-7.9990959178333e-05,-0.00046410669765941444,-0.00028757890686392784,-3.7732704072368506e-08,-4.081432741940418e-07,-0.0002237022425014062,-0.00024130717141866923
351,0.09605171729809159,0.04368298769477762,0.04999999543161561,-3.1532962175745764e-05,-8.34127407366007e-05,-0.0004665991410594567,-0.0002929477486759424,-3.704006346083588e-08,-3.7040086406745923e-07,-0.00021271756675849839,-0.00024854959277306976
352,0.09620464461381498,0.04379662912730067,0.049999995506573996,-3.262054527835417e-05,-8.685310420275712e-05,-0.00046902360802314507,-0.0002982209553010762,-3.567006601201683e-08,-3.345095330331575e-07,-0.00020234152739099102,-0.0002560843369268614
353,0.09635051230961375,0.043912866521066386,0.04999999558079345,-3.374079744233066e-05,-9.030375070985197e-05,-0.00047137872312329475,-0.00030342800891958177,-3.450483276878913e-08,-3.005097338059724e-07,-0.00019253279906242358,-0.00026391694500129987
354,0.09648954894396691,0.044031479654661476,0.04999999565447118,-3.489427277819312e-05,-9.375882739050639e-05,-0.0004736626502224552,-0.0003085875359829515,-3.375019019813408e-08,-2.683911243698831e-07,-0.00018325356222425262,-0.0002720527814757409
355,0.09662197171904861,0.04415224806290072,0.049999995727796065,-3.608080853770621e-05,-9.721170277015178e-05,-0.00047587264768049605,-0.0003136387967970222,-3.233556000736826e-08,-2.3816783509419907e-07,-0.00017446914778707849,-0.0002804969789932449
356,0.09674801748707593,0.04427500492957522,0.04999999580093767,-3.730079246331332e-05,-0.00010065484112756546,-0.00047800657957989867,-0.0003185682580806315,-3.078198673733823e-08,-2.0984900550614417e-07,-0.00016614773272523764,-0.00028925442596278985
357,0.0968679113447769,0.0443995523488097,0.04999999587402605,-3.8554538217238115e-05,-0.00010408152383391245,-0.0004800629443664972,-0.0003234563337173313,-3.002534754159569e-08,-1.8343733373675627e-07,-0.00015826005304825263,-0.00029832987051413296
358,0.0969818495409333,0.04452556594876882,0.049999995947159766,-3.984247136036296e-05,-0.00010748916402290523,-0.0004820402440771055,-0.00032824563095346093,-2.8953627051464537e-08,-1.5892869748483607e-07,-0.000150779150020523,-0.0003077279190788132
359,0.09709004451529796,0.04465282365939273,0.04999999602041785,-4.11647227681254e-05,-0.00011087149384246013,-0.00048393660165099207,-0.0003329235187266022,-2.7881801756279856e-08,-1.3631240619069885e-07,-0.0001436801514279617,-0.0003174529228230209
360,0.09719270801573111,0.044781129505148974,0.04999999609386649,-4.252141599723707e-05,-0.00011422203249779255,-0.0004857499355344782,-0.00033749520662240684,-2.691167289015084e-08,-1.1557248576260026e-07,-0.00013694007729439503,-0.00032750897263802086
361,0.0972900466358043,0.0449102876776001,0.049999996167547585,-4.391276118974519e-05,-0.00011753496311093157,-0.00048747883735791007,-0.00034194072941318154,-2.5845935169854783e-08,-9.668760532815156e-08,-0.00013053766472104404,-0.0003378998872444776
362,0.09738226107761101,0.045040103453360125,0.04999999624148582,-4.533871590464318e-05,-0.00012080397561247869,-0.0004891216280078592,-0.00034625703119672835,-2.48254163892625e-08,-7.963154841924667e-08,-0.0001244532118839724,-0.0003486291976301208
363,0.09746954857060955,0.04517037512481499,0.049999996315699215,-4.679925970554963e-05,-0.00012402326601082173,-0.0004906769207122041,-0.0003504465857986361,-2.390632758419997e-08,-6.437305888640697e-08,-0.00011866843774302207,-0.00035970014316081037
364,0.09755209930402083,0.04530092328024109,0.04999999639019623,-4.829431902737918e-05,-0.00012718714681407415,-0.0004921429294670467,-0.00035449661663733423,-2.2921339493109372e-08,-5.087665616900131e-08,-0.00011316635735660009,-0.00037111565839933975
365,0.0976301027137312,0.045431552737750576,0.04999999646497115,-4.9823858966771965e-05,-0.00013028995835434986,-0.0004935176093651803,-0.0003583990328479558,-2.2021641399305736e-08,-3.910255589632275e-08,-0.0001079311716410385,-0.00038287836158580786
366,0.09770374398208026,0.04556208447296057,0.04999999653999408,-5.138788374399957e-05,-0.00013332624350847336,-0.0004947998311512179,-0.0003621551732067019,-2.1163158336889865e-08,-2.900708204500986e-08,-0.0001029481646401005,-0.0003949905473860716
367,0.09777319893576412,0.04569234621465732,0.049999996615220366,-5.2986156544895276e-05,-0.00013629084715266837,-0.0004959880634975689,-0.00036575368721969426,-2.0306414327819766e-08,-2.054263052832186e-08,-9.82036123934478e-05,-0.00040745418257263
368,0.09783864081089799,0.04582216022264707,0.049999996690600415,-5.461845929917519e-05,-0.00013917875761538902,-0.000497081095260567,-0.00036918892874382436,-1.9482785162949767e-08,-1.365820990200048e-08,-9.36847014094588e-05,-0.0004202708859978032
369,0.09790023802475067,0.045951358653505886,0.04999999676607776,-5.628448701623703e-05,-0.0001419847763737549,-0.0004980773295362569,-0.0003724547568708658,-1.8711920901637313e-08,-8.299436335625674e-09,-8.937945438460623e-05,-0.00043344192583356483
370,0.09795815339797395,0.04607977885295361,0.04999999684158611,-5.798399805541779e-05,-0.00014470447880774576,-0.0004989750626073664,-0.0003755503275897354,-1.799285520576177e-08,-4.40914187799218e-09,-8.527666341387988e-05,-0.0004469682097767141
371,0.09801254741845578,0.046207271796442524,0.04999999691704014,-5.971677223307445e-05,-0.00014733297682622333,-0.0004997733796555733,-0.00037846434861421585,-1.7271192476187025e-08,-1.927409107045647e-09,-8.13658293603951e-05,-0.000460850260437964
372,0.09806357212685082,0.04633367283985399,0.04999999699234539,-6.148230764303269e-05,-0.00014986564893875235,-0.000500471426140609,-0.00038119536475278437,-1.6653467937999267e-08,-8.119551995723527e-10,-7.763710770238843e-05,-0.0004750882466142339
373,0.09811137569122384,0.04645885130366554,0.04999999706740298,-6.328061055764352e-05,-0.0001522994535447502,-0.0005010682495685171,-0.00038377902819775045,-1.6312801776052765e-08,-9.526524737019201e-10,-7.408125304229373e-05,-0.000489681936919357
374,0.09815609149158448,0.046582662326506624,0.04999999714212919,-6.510992201990724e-05,-0.00015462868323853064,-0.0005015618461427432,-0.0003860964498016983,-1.5465060343444748e-08,-2.310812883985338e-09,-7.068957644638256e-05,-0.0005046306279887505
375,0.09819787213528498,0.04670503511146734,0.04999999721643962,-6.697043330250137e-05,-0.00015684831652866703,-0.0005019504515761116,-0.00038819442852400243,-1.4700532346978434e-08,-4.81777201451953e-09,-6.74539127336636e-05,-0.0005199332159210683
376,0.09823684994445413,0.046825818548159544,0.04999999729020929,-6.886195106461358e-05,-0.00015895566926052733,-0.0005022343810645234,-0.000390197936212644,-1.4660424874080036e-08,-8.4043804962676e-09,-6.436657308600434e-05,-0.000535588354994955
377,0.09827312817875383,0.046944765602005584,0.049999997363301886,-7.07838829318885e-05,-0.00016095278340617707,-0.0005024125578567481,-0.00039194696000777185,-1.4137031989491788e-08,-1.3000578064168866e-08,-6.142030937948463e-05,-0.0005515943453659714
378,0.09830683985358392,0.04706185305274868,0.04999999743559442,-7.27353172002398e-05,-0.00016283293270886627,-0.000502484313554715,-0.0003934802080038935,-1.379576541893357e-08,-1.8535748866914194e-08,-5.8608286984244e-05,-0.0005679489741015494
379,0.09833810070549127,0.04717697289746024,0.04999999750697166,-7.471545056511215e-05,-0.00016459288028796942,-0.0005024487801735231,-0.00039481031126342714,-1.3495728978796251e-08,-2.4934742437657902e-08,-5.5924054304092326e-05,-0.000584649612879213
380,0.0983670196945492,0.04729002714738095,0.049999997577320314,-7.67234687064123e-05,-0.00016623016196613152,-0.000502304720537319,-0.00039591334643773735,-1.3252017261322635e-08,-3.2125643963677995e-08,-5.336151687335894e-05,-0.0006016932283793335
381,0.0983937025002053,0.04740092198670645,0.04999999764651791,-7.875874587528186e-05,-0.00016774248942335123,-0.0005020520757782432,-0.0003967943775933236,-1.3033235823911582e-08,-4.005581333339157e-08,-5.091491401688577e-05,-0.0006190764194043581
382,0.09841824690357509,0.04750955648859531,0.04999999771443206,-8.082090012342622e-05,-0.00016912915138885207,-0.0005016907514951124,-0.0003974992432631552,-1.2980900798709172e-08,-4.864089444477741e-08,-4.857879500651347e-05,-0.0006367954354104957
383,0.09844074025311136,0.04761583295725072,0.04999999778093933,-8.290861912558436e-05,-0.0001703889889573856,-0.0005012206122501612,-0.00039797485806047916,-1.294622364866882e-08,-5.781208703412782e-08,-4.6347997402091516e-05,-0.0006548461010002755
384,0.09846127376048712,0.04771970419340191,0.04999999784593445,-8.502077345922121e-05,-0.00017151916948696892,-0.000500640701331904,-0.00039818239747546613,-1.288734274851322e-08,-6.750090466137142e-08,-4.4217630906575186e-05,-0.000673223761282297
385,0.09847993736110697,0.04782113754449286,0.04999999790931504,-8.715649653394508e-05,-0.00017251685900157815,-0.0004999507461898489,-0.0003982002381235361,-1.2919279868128797e-08,-7.764019613259424e-08,-4.218305981533929e-05,-0.0006919233900158454
386,0.09849680174466258,0.047920029195175365,0.049999997970966215,-8.931515208635579e-05,-0.00017338361104431878,-0.0004991508627998013,-0.0003979933972004801,-1.308095853858049e-08,-8.816443410541076e-08,-4.0239885460429966e-05,-0.0007109396502715741
387,0.09851193852061742,0.04801631958514986,0.049999998030772215,-9.149562442782134e-05,-0.00017411891633202156,-0.0004982410744503802,-0.00039756763726472855,-1.323156784138746e-08,-9.900951573379013e-08,-3.838393200405389e-05,-0.0007302668458312462
388,0.09852541390746573,0.048109956031708645,0.049999998088625,-9.369692465610851e-05,-0.00017472294346341607,-0.0004972217063519937,-0.0003969229001086205,-1.3490918604475155e-08,-1.1011356570516536e-07,-3.661123258180865e-05,-0.000749898937616727
389,0.09853728805114459,0.048200890178713714,0.04999999814442163,-9.591796339640316e-05,-0.00017519601339073906,-0.0004960927297322611,-0.00039605400525033474,-1.3816580768377662e-08,-1.214163354005095e-07,-3.491801700619006e-05,-0.000769829549819814
390,0.09854761875587997,0.048289076927113955,0.04999999819806284,-9.815773827451235e-05,-0.00017553869471898615,-0.0004948542472291898,-0.00039497288526035845,-1.4165050465919649e-08,-1.3286008379773579e-07,-3.330070051606693e-05,-0.0007900519936210573
391,0.09855645658514776,0.04837447960071439,0.04999999824944534,-0.00010041537174254505,-0.00017575228164949208,-0.0004935069566853467,-0.0003936800640076399,-1.4618755983519804e-08,-1.4438962950186296e-07,-3.175587204310188e-05,-0.0008105592890238661
392,0.09856384645440376,0.04845706086020449,0.04999999829846713,-0.00010268969588772702,-0.0001758381770125789,-0.0004920514024379439,-0.0003921765892300755,-1.512287006733004e-08,-1.5595226532209638e-07,-3.028028431664575e-05,-0.0008313441809335597
393,0.0985698293959522,0.04853680191858939,0.04999999834503267,-0.00010497964237712269,-0.00017579828209216125,-0.0004904883890828469,-0.0003904664481524378,-1.5697009914106275e-08,-1.6749833005526868e-07,-2.8870844236279707e-05,-0.0008523991543896645
394,0.09857444038188107,0.04861367274199703,0.04999999838905135,-0.00010728404797030738,-0.00017563452645993053,-0.0004888185710343466,-0.0003885587502736598,-1.6335841124259787e-08,-1.7898045230994633e-07,-2.7524604477827208e-05,-0.0008737164571617726
395,0.09857771100904152,0.048687664530706304,0.04999999843043463,-0.00010960191423111796,-0.00017534956737683648,-0.00048704254263405296,-0.00038645160384476185,-1.705742214141992e-08,-1.9035461450190224e-07,-2.62387556403898e-05,-0.0008952881311568668
396,0.09857966680783974,0.048758759281759934,0.049999998469088106,-0.00011193234441016317,-0.0001749462427626259,-0.0004851615534837305,-0.0003841548168566078,-1.7823655440452058e-08,-2.0157988775105567e-07,-2.50106179665244e-05,-0.0009171060218079113
397,0.09858032928915027,0.048826956312357034,0.049999998504917875,-0.0001142740953271949,-0.00017442737527087173,-0.00048317669429973276,-0.0003816697862930596,-1.866530752181461e-08,-2.1261815400029695e-07,-2.3837634985398893e-05,-0.000939161809959061
398,0.09857971514343739,0.04889225848801296,0.049999998537832976,-0.00011662617725532094,-0.00017379664394116028,-0.0004810893876532672,-0.00037901828181929886,-1.952676420557964e-08,-2.2343486448133007e-07,-2.271736675444853e-05,-0.0009614470603208224
399,0.0985778341279017,0.048954668278332565,0.04999999856774165,-0.0001189874879081937,-0.00017305821769610273,-0.0004789008353857506,-0.00037619229988195,-2.0503998499066256e-08,-2.3399848043885579e-07,-2.16474835274258e-05,-0.0009839532318514442
400,0.09857469514439474,0.04901420168283627,0.049999998594551225,-0.00012135700129282674,-0.00017221580197042687,-0.00047661237804092095,-0.000373210379621014,-2.147395683493869e-08,-2.442807234992145e-07,-2.062576038689997e-05,-0.001006671694185741
401,0.09857030080059541,0.04907087005938631,0.04999999861816111,-0.00012373385171849624,-0.000171273699336054,-0.00047422569040673265,-0.00037007135688327253,-2.257697140350956e-08,-2.542565146238925e-07,-1.9650071639096937e-05,-0.0010295937610986729
402,0.09856464916865333,0.04912470386570002,0.04999999863846371,-0.00012611697459055782,-0.00017023640443346883,-0.00045282248389283446,-0.0003667930723167956,-2.371422347380303e-08,-2.6390410068527673e-07,-1.8718385990854076e-05,-0.0010527107380568228
403,0.09874114123978378,0.04969296296372757,0.04999999865534803,-0.00013668042123055976,-0.0001825046600998547,-0.0004243792761863423,-0.0003547555534169078,-4.7416260713362135e-06,-6.394505076343075e-07,-1.80364472580044e-05,-0.0010787359327936756
404,0.09934380935465631,0.049237722840720186,0.049999982819390394,-0.0001684659352522703,-0.000239700875717328,-0.0004305509126531649,-0.0003970014804508537,-6.770059553673491e-05,-7.439144051746146e-07,-1.7623374326245623e-05,-0.001108220402981432
405,0.09958859172428419,0.04791561774612972,0.04999990831073825,-0.00017345507209450768,-0.00027143864016345955,-0.0004284244999457386,-0.0009631879511289299,-0.0004063691012561321,-7.085257671838532e-07,-1.7321490929186886e-05,-0.0011387414369746264
406,0.09971124488726102,0.04801753614301897,0.0499997506130434,-0.00015849894771166598,-0.0002617832947784544,-0.0004137631572621074,-0.001269061933271587,-0.00020553222566377372,-5.766208090695304e-07,-1.709129398517357e-05,-0.0011676179419267659
407,0.09979998665359997,0.048880879425182,0.049999522291046435,-0.00013268038909483966,-0.0002095421132492103,-0.00040771802541147084,-0.001206950400955975,-2.1041596482973546e-05,-5.25021662762726e-07,-1.693330896454253e-05,-0.0011930745329612523
408,0.0998667151319313,0.04978981438922594,0.04999925994663322,-9.699236851022644e-05,-0.00015495587458610205,-0.00039591466114475573,-0.0011597791453823447,-2.281146180393989e-06,-5.758839605459289e-07,-1.6820541043787783e-05,-0.001214670272919535
409,0.09990557713913457,0.04998513463858298,0.04999900117527327,-6.92665612771491e-05,-0.00011018197919589243,-0.0003782673417898609,-0.0011875102063640952,-2.1770185867353575e-06,-1.7519671424034995e-06,-1.680664344412659e-05,-0.001232548248543391
410,0.09992289134638342,0.049500754975214785,0.04999877127537539,-4.852753591085869e-05,-7.661013489670065e-05,-0.0003546970198671012,-0.001210946124047041,-1.5933243275867426e-06,-4.172371308669733e-06,-1.686935438636012e-05,-0.0012469392108027163
411,0.09992675966041448,0.048316050399731,0.04999858802593296,-3.3515311274464686e-05,-5.246525567079535e-05,-0.0003254594852546391,-0.0011290287366136909,-3.6727637962030713e-06,-6.8976587027866585e-06,-1.6968581592277628e-05,-0.0012581245560632933
412,0.09992214017136125,0.046421862203250015,0.04999846208263284,-2.2914395036805725e-05,-3.654055310377658e-05,-0.0003004111932651128,-0.001048246049322188,-4.556309704639716e-06,-1.398181268262275e-05,-1.7062917285501388e-05,-0.0012664144823774006
413,0.0999096434296089,0.0441857883937031,0.049998405871517416,-1.577520934071275e-05,-2.7087353132268402e-05,-0.000274827721388968,-0.0009415076929144561,-9.99968597170664e-06,-2.3438863304990536e-05,-1.7085932718695465e-05,-0.0012722045339481946
414,0.09989600774086424,0.041755466942026434,0.04999843762276026,-1.1669428649389197e-05,-2.2716467073061167e-05,-0.0002450254618762725,-0.0007654463406652212,-2.2266021915129386e-05,-2.3187365888703538e-05,-1.7058853674731726e-05,-0.0012760344356208377
415,0.0998683704123117,0.03861352321621955,0.049998544805558785,-9.74827250528438e-06,-2.2454859353066672e-05,-0.00020292784398377863,-0.0006565341027453542,-2.7666026653605513e-05,-8.069366512277208e-06,-1.6935689702373172e-05,-0.0012786809415379766
416,0.09987513296155431,0.03670644871713306,0.04999866750909325,-8.875710623818855e-06,-2.114962623415764e-05,-0.00017391051306460154,-0.0005749215488322079,-8.453998816548847e-06,-8.944796213230381e-07,-1.6558147113193653e-05,-0.001280796176436888
417,0.09986169484454156,0.03468854140421978,0.04999876383133096,-8.376037831247996e-06,-2.1389933906871183e-05,-0.0001514467781713805,-0.0005901533295400441,-8.401991181017365e-06,-1.6209369610488542e-07,-1.669651392083049e-05,-0.00128240452418821
418,0.09984128554553656,0.03230148884255129,0.04999885269224571,-8.03364960777613e-06,-2.2240499801824182e-05,-0.00013432343599737985,-0.0006787327001802623,-5.703817805624567e-06,-1.6929473377633576e-07,-1.6913787113344574e-05,-0.0012837570794669883
419,0.09982710993274146,0.030958960223126226,0.04999894249857907,-7.616291851050881e-06,-2.3107715336303983e-05,-0.00012001358120727879,-0.0008651292882859707,-2.240357207483612e-05,-2.805151132731197e-07,-1.71829357428024e-05,-0.0012850339681138058
420,0.09981875082149792,0.02984394101615951,0.0499990357120426,-7.475472232510558e-06,-2.4767741946177377e-05,-0.00010678588229417129,-0.0007239349652081728,-2.532533289922867e-05,-3.328386314432288e-07,-1.7513640046003678e-05,-0.0012862078692249088
421,0.099815774846456,0.029242436942205786,0.04999913127487346,-7.629169755326221e-06,-2.587217923872186e-05,-9.431454484860801e-05,-0.0005020017269998789,-4.6618068154202774e-05,-3.516956433443942e-07,-1.788233293354198e-05,-0.0012870838998529476
422,0.09981210112884022,0.02919312563229671,0.04999922715387402,-8.005974743389425e-06,-2.614383527737299e-05,-8.307695729717059e-05,-0.0004674825759138912,-5.81646690989146e-06,-3.463731242659815e-07,-1.828524894678416e-05,-0.0012876478958479026
423,0.09980636092362444,0.02937826040269951,0.04999932101358002,-8.709806975069206e-06,-2.603380000692673e-05,-7.30542222889947e-05,-0.0004397224693093449,-5.0466910579416435e-06,-3.2888064360038444e-07,-1.8716699450588772e-05,-0.0012881214801991352
424,0.09979811998335432,0.029789309404655302,0.049999410627981446,-9.736714933469195e-06,-2.548893979742481e-05,-6.418357486367277e-05,-0.00041646891622804105,-4.379769961815327e-06,-3.037740808754647e-07,-1.9174420840201205e-05,-0.001288688295510345
425,0.09978713019131329,0.030415896920579007,0.049999494264228214,-1.1085796831880333e-05,-2.4559120581171126e-05,-5.6402693425603274e-05,-0.00040027263457886875,-3.563987775123678e-06,-2.737055940537824e-07,-1.9656704942572953e-05,-0.0012894976874189903
426,0.09977326711333029,0.031236975460118867,0.049999570736057576,-1.275707373058359e-05,-2.3335869795562234e-05,-4.962348248157398e-05,-0.00038912484887987375,-2.9100754090904957e-06,-2.4133833448483955e-07,-2.0162059027827776e-05,-0.001290670827869637
427,0.09975652259950739,0.03222631877622415,0.04999963937038375,-1.4745953443345443e-05,-2.1922722378831514e-05,-4.374998785204024e-05,-0.0003810471389442682,-2.336521220058785e-06,-2.0800772490775316e-07,-2.06892430403057e-05,-0.0012923047555528217
428,0.0997370151533198,0.033354542510991174,0.04999969994183876,-1.704570226755976e-05,-2.043481537031217e-05,-3.8681107698306644e-05,-0.0003748134768102318,-1.8333778371015796e-06,-1.7496375456327637e-07,-2.123696321134769e-05,-0.0012944745624316894
429,0.0997149460077587,0.03458919452702624,0.04999975258259361,-1.9644560834130673e-05,-1.898373899864259e-05,-3.432745323001091e-05,-0.00036937935510650277,-1.4237207324185874e-06,-1.433994772483042e-07,-2.1804042031286488e-05,-0.001297236901779822
430,0.09969065890742415,0.0358962311508817,0.04999979768127597,-2.2527473135244345e-05,-1.7668945989064983e-05,-3.059932068723721e-05,-0.00036391927278600633,-1.1066292699979385e-06,-1.140459115736144e-07,-2.2389317797150532e-05,-0.001300631691073887
431,0.09966456534660023,0.03724130571520914,0.04999983579847541,-2.5674049538361218e-05,-1.6572270465115297e-05,-2.7416253600630712e-05,-0.00035800409386865795,-8.676290121911734e-07,-8.751313549445793e-08,-2.2991617370015598e-05,-0.001304684501450721
432,0.09963714324443183,0.038591699228823204,0.04999986760490391,-2.9061042538512872e-05,-1.5756636224661767e-05,-2.470458353261249e-05,-0.00035147511516697705,-6.95653625371051e-07,-6.424961207351607e-08,-2.3609807039105612e-05,-0.0013094088470719958
433,0.09960891309585289,0.03991697110404066,0.04999989381895459,-3.2662449003796295e-05,-1.5266056464944417e-05,-2.2398478277162383e-05,-0.00034440457238815725,-5.72860301417677e-07,-4.451677066631196e-08,-2.4242756115057707e-05,-0.0013148089355230741
434,0.09958038507372297,0.04119019952211133,0.049999915168293566,-3.645054523742479e-05,-1.512746531485153e-05,-2.044104699242339e-05,-0.0003370037011336535,-4.868456358053663e-07,-2.844408777340866e-08,-2.4889324761523722e-05,-0.0013208821624770804
435,0.09955207749195781,0.04238948509257189,0.04999993235401071,-4.0397743090613496e-05,-1.535489740005539e-05,-1.8780881995455454e-05,-0.0003295143542345613,-4.239167594732862e-07,-1.610728735906655e-08,-2.5548349988532984e-05,-0.0013276212469148182
436,0.09952447211867924,0.04349760648324664,0.04999994602844243,-4.447527250163029e-05,-1.5952586237170447e-05,-1.7374902384445582e-05,-0.0003222239320166409,-3.7674971054002526e-07,-7.390410705596508e-09,-2.621864068334946e-05,-0.0013350163638135497
437,0.09949798159460928,0.04450306727623124,0.04999995678508129,-4.8656154994226705e-05,-1.6918258782568372e-05,-1.618695786497476e-05,-0.000315342127578333,-3.4166325235673867e-07,-2.1836688741866348e-09,-2.6899017483410564e-05,-0.001343057097027684
438,0.09947300819317056,0.04539957571281015,0.04999996514605728,-5.2915384205596785e-05,-1.824666568884198e-05,-1.5188876835361515e-05,-0.00030904743471182883,-3.1301576086661953e-07,-2.905095415051313e-10,-2.7588164414369815e-05,-0.0013517335626261524
439,0.0994498609914328,0.04618536584897814,0.04999997156180366,-5.722916054078645e-05,-1.9929460984485412e-05,-1.4353961245533403e-05,-0.00030346025596372783,-2.89987355017729e-07,-1.495212102973946e-09,-2.828477766148533e-05,-0.001361037541477788
440,0.0994288223477062,0.04686257688274839,0.04999997641150996,-6.157530403994375e-05,-2.1958238364097715e-05,-1.3664397314369032e-05,-0.0002986094623338431,-2.71053352207673e-07,-5.5433217208189014e-09,-2.8987430888717375e-05,-0.0013709630893876043
441,0.0994100988086947,0.04743661250383622,0.049999980007046065,-6.59340522124806e-05,-2.432189903642397e-05,-1.3106921906382661e-05,-0.00029452465241774917,-2.576515498731169e-07,-1.2186667371139271e-08,-2.969468485619755e-05,-0.0013815069334893572
442,0.09939386886987951,0.04791556797068484,0.04999998259969865,-7.028821467461942e-05,-2.700993680083758e-05,-1.267074704637649e-05,-0.0002911954652518034,-2.4694045919204655e-07,-2.1127591471176057e-08,-3.04050005761468e-05,-0.0013926688180260424
443,0.09938026491988079,0.04830870542731049,0.049999984384201335,-7.462463759757171e-05,-3.0011435459241705e-05,-1.2351748177453357e-05,-0.00028853569529019296,-2.413134723155963e-07,-3.213384951284934e-08,-3.111668003917975e-05,-0.0014044510265474504
444,0.09936935569012181,0.04862607077892364,0.04999998550842264,-7.892853177362032e-05,-3.331061703760537e-05,-1.2149408338049077e-05,-0.00028646577266044915,-2.3720807007521216e-07,-4.4922841647232794e-08,-3.182797384261637e-05,-0.0014168586254668311
445,0.09936015848024758,0.04887885776968931,0.04999998607893073,-8.31875004806525e-05,-3.689232121349107e-05,-1.2062782979165222e-05,-0.000284836016362533,-2.3795396941750369e-07,-6.184649839161985e-08,-3.253357577841345e-05,-0.0014299002757182779
446,0.09934943765876689,0.04908064189431646,0.0499999861690563,-8.738277633390134e-05,-4.0727856181470995e-05,-1.2098924851768562e-05,-0.0002836505591403693,-2.447580413900141e-07,-8.368900834746143e-08,-3.3216763653789484e-05,-0.0014435888861912113
447,0.09933617710599962,0.049242293413562725,0.04999998582578008,-9.151246741308385e-05,-4.479116371751873e-05,-1.2257834309428599e-05,-0.0002826718264259398,-2.5054532670765184e-07,-1.1650569168559276e-07,-3.3839904565827996e-05,-0.0014579418808874655
448,0.09930825875513928,0.04938191725535535,0.049999985076176943,-9.553079738445206e-05,-4.900823433319289e-05,-1.2556071216757141e-05,-0.00028187004500068724,-2.608468037124112e-07,-1.4654242559522326e-07,-3.4408514731788246e-05,-0.0014729749474750855
449,0.09927297568839866,0.049498350046031966,0.0499999839351545,-9.94846068979515e-05,-5.3381080881266836e-05,-1.3012790016309588e-05,-0.00028111168649047613,-2.8063507784281683e-07,-1.6235341142010347e-07,-3.49045737913703e-05,-0.001488702691156733
450,0.09923703172031542,0.04958853708070199,0.049999982414411205,-0.00010339436689433084,-5.7899283102889184e-05,-1.3645461636163035e-05,-0.0002801559749059379,-2.9934980716461723e-07,-1.6757339475875993e-07,-3.532979969508094e-05,-0.0015051319860923684
451,0.09920231766899613,0.049654357686469267,0.049999980525705104,-0.00010725139166095822,-6.250095840954495e-05,-1.4470744855309525e-05,-0.0002787384728435427,-3.269753960921662e-07,-1.6886502110063074e-07,-3.568951345146113e-05,-0.0015222630705771384
452,0.09916889701520537,0.049699770539949645,0.049999978283305574,-0.00011104931522109846,-6.71189654842017e-05,-1.5508654431744647e-05,-0.00027689008857123554,-3.6578137496690033e-07,-1.68474295404332e-07,-3.5982965381403434e-05,-0.001540091745193351
453,0.09913675242941132,0.049728106551149565,0.049999975706587034,-0.00011478757444321845,-7.169670985371464e-05,-1.678039300995234e-05,-0.0002747758699115366,-4.116726302072493e-07,-1.6751711340110786e-07,-3.620856723591179e-05,-0.0015586102024734505
454,0.09910580077443407,0.0497418648104892,0.049999972825553074,-0.00011847060915323791,-7.618636539523517e-05,-1.8307635922980554e-05,-0.0002725566446315497,-4.5993806452315766e-07,-1.6668481362035036e-07,-3.636451473559744e-05,-0.0015778077527645014
455,0.09907590529923595,0.049742829481871274,0.04999996968141086,-0.00012210586513846744,-8.054545289504639e-05,-2.011240089104572e-05,-0.00027053800295107067,-5.08301297941216e-07,-1.661351171673068e-07,-3.644878081007918e-05,-0.0015976711528330402
456,0.09904679719569315,0.049731757333939385,0.049999966328277266,-0.00012570380584034732,-8.474446887054985e-05,-2.2219788830640926e-05,-0.00026918426738120615,-5.485848078023992e-07,-1.6633288135101726e-07,-3.645949009861015e-05,-0.0016181868107794303
457,0.09901811314832171,0.049708815349468874,0.049999962833298994,-0.00012927999036103756,-8.877788894337714e-05,-2.465557385825406e-05,-0.0002690012624952942,-5.724206744162075e-07,-1.6740706701504843e-07,-3.639483341353442e-05,-0.0016393430906272482
458,0.09898944634238219,0.04967367538149517,0.04999995927576402,-0.0001328565263311878,-9.26733638528828e-05,-2.744559704723873e-05,-0.00027063634479418397,-5.770249345005141e-07,-1.6945443367667915e-07,-3.6253111533858396e-05,-0.0016611340642529897
459,0.09896028290967689,0.049625564734556066,0.049999955746303726,-0.00013646384515565027,-9.650374531452088e-05,-3.0616928729865975e-05,-0.0002747474645730108,-5.656071948578756e-07,-1.7274716904317963e-07,-3.6032784374954246e-05,-0.0016835639632178032
460,0.09893003704335096,0.04956350978642751,0.04999995234525917,-0.0001401393028809609,-0.00010038831674400479,-3.42031529086346e-05,-0.00028184358961880207,-5.472253405969241e-07,-1.768787607317681e-07,-3.57326086505474e-05,-0.0017066517873786887
461,0.09889814213247199,0.04948676719939009,0.04999994917815484,-0.00014393347404844452,-0.00010449397024336555,-3.8230346314644515e-05,-0.00029256579000502825,-5.431740532912954e-07,-1.9303921860075582e-07,-3.5351541981544816e-05,-0.0017304321967612215
462,0.09886402518012194,0.04939047118129194,0.049999946354569766,-0.000147844204984505,-0.00010896876887549178,-4.27383362638104e-05,-0.00030395638896152377,-4.556755754947517e-07,-1.9957124987857906e-07,-3.488881808213676e-05,-0.0017549604490811198
463,0.09882728197550028,0.049279423630283176,0.04999994398210338,-0.00015205113035711857,-0.00011412267857399385,-4.778045345608219e-05,-0.00032358564203605056,-6.404137025128875e-07,-2.069268721153176e-07,-3.4343792438427235e-05,-0.001780326124938857
464,0.0987873072849974,0.04915021700896573,0.049999942159829086,-0.0001565831967573864,-0.0001202812870227061,-5.341005821967547e-05,-0.0003486835630610585,-7.259047265506524e-07,-2.1991583579863087e-07,-3.37161843610538e-05,-0.0018066408595504742
465,0.09874377485759983,0.04900144246573443,0.049999940984179876,-0.00016146691346981875,-0.0001276553420774535,-6.0073559714993814e-05,-0.0003740104439202696,-7.348330086642818e-07,-2.3739473555360976e-07,-3.300614153607023e-05,-0.0018340258669425201
466,0.09867546625976009,0.048822257203919237,0.049999940548098365,-0.00016685550010364257,-0.00013618904887292412,-6.694222836333296e-05,-0.00041603375575505197,-1.6227071455432451e-06,-2.97670113165091e-07,-3.2140409517119834e-05,-0.0018626565254159701
467,0.09863080231064002,0.04858434051867918,0.0499999415994969,-0.00017340321685306798,-0.00014749329233239137,-7.46343570295896e-05,-0.00044283107854425907,-9.71035433394718e-07,-3.006760872879333e-07,-3.1241611629690364e-05,-0.001892735396641562
468,0.09857658411115586,0.04835427653314994,0.04999994227232049,-0.00018006149208577612,-0.0001605432253641441,-8.301702526847477e-05,-0.00046821541036479175,-5.608362130260502e-07,-3.2078014298963304e-07,-3.027637562280238e-05,-0.0019243918086971395
469,0.09851403746000995,0.04811720682651573,0.04999994286339472,-0.0001868508143080585,-0.0001749484783476047,-9.207384323271768e-05,-0.0004950057482346892,-5.429366751741327e-07,-3.485336338916626e-07,-2.9239718657545e-05,-0.0019577004906287977
470,0.09844569690826323,0.047877817006148835,0.04999994359505619,-0.0001938114972437675,-0.00019015249860764442,-0.00010255664995291229,-0.0005199026199989021,-5.161150511412416e-07,-3.603300452998431e-07,-2.8152032365649627e-05,-0.001992710999868372
471,0.09841750872531184,0.04759889851057882,0.04999994461102317,-0.00020109577257081753,-0.00020589694337800552,-0.00011288835412469789,-0.0005440242239274085,-7.453226658071799e-07,-3.1634092221190535e-07,-2.7072280102420443e-05,-0.0020294679812347875
472,0.09845125049187453,0.04726197219207754,0.04999994666645864,-0.00020974343954392621,-0.00022338620957058246,-0.00012405938892646236,-0.0005599035648629069,-3.8562265558539366e-07,-3.750255071770695e-07,-2.5990664475637006e-05,-0.0020680622108260847
473,0.0984811527477604,0.046905723628617495,0.04999994784697995,-0.00021812198705788472,-0.00024151407609226158,-0.0001357618026952263,-0.0005698185414075851,-5.265702043288911e-07,-4.4879854534365165e-07,-2.489776112381791e-05,-0.002108493865693913
474,0.0985079566869328,0.04655567468754403,0.04999994844571886,-0.00022624275274336095,-0.0002593552323900698,-0.0001478461468136067,-0.0005600843578577042,-6.594497676815081e-07,-5.354229798432416e-07,-2.3796156741833502e-05,-0.0021506753811512225
475,0.09853113079681769,0.046223481005492874,0.0499999486722763,-0.00023409748616367023,-0.00027552533566611084,-0.00016026649967083655,-0.0005548455519601703,-5.006558581044374e-07,-6.348271666341017e-07,-2.2688713361228104e-05,-0.0021944732432174594
476,0.09854918841964308,0.04591825412405076,0.0499999486940395,-0.00024173485500723313,-0.00029006788686244343,-0.00017297242534778946,-0.0005484254215843976,-4.3468261878842895e-07,-7.460088481908825e-07,-2.1578446163755852e-05,-0.002239760014991608
477,0.0985612376613873,0.04564751827388694,0.04999994863881188,-0.0002492120564953628,-0.0003028711974642561,-0.00018592163660175435,-0.0005401527741923928,-4.0456276906297717e-07,-8.685175451480213e-07,-2.0468847594775095e-05,-0.002286405227332767
478,0.09856642806457602,0.045416099993138045,0.04999994859729737,-0.0002565658297796111,-0.0003138135083438746,-0.00019907345382166397,-0.0005298472824506462,-3.935966503831878e-07,-1.0020493448440325e-06,-1.936357069622721e-05,-0.002334273315864983
479,0.09856389856215308,0.0452262934121202,0.04999994863498402,-0.00026381917983466944,-0.0003227847442662708,-0.00021238991952914304,-0.000517756852786988,-3.9358556591650995e-07,-1.1463335416276056e-06,-1.8266315888642163e-05,-0.002383222868340988
480,0.0985527617077022,0.04507857284901222,0.0499999487996234,-0.000270984573062876,-0.000329696182200603,-0.00022583331589937037,-0.0005042106495238841,-3.9545761865156237e-07,-1.301063637169241e-06,-1.7180754590197942e-05,-0.002433107282196427
481,0.09853211847444224,0.04497244267439481,0.049999949125962825,-0.0002780700367964006,-0.00033450442046800997,-0.0002393673424803046,-0.0004897177568636835,-3.9314582522820274e-07,-1.4658922889211072e-06,-1.6110476715124783e-05,-0.002483776909715067
482,0.09850107487794656,0.04490657171460004,0.04999994963849931,-0.00028508232125997184,-0.0003372242024955142,-0.00025295727890878425,-0.00047473280574195087,-3.851113490327407e-07,-1.6404155920419739e-06,-1.50589449318088e-05,-0.0025350817308866596
483,0.09845876762953272,0.044879037149265666,0.04999995035314669,-0.0002920283037447053,-0.00033792427257390103,-0.00026653714099745494,-0.00045964360469952226,-3.7111666983946634e-07,-1.8254304670882073e-06,-1.4028980644447843e-05,-0.002586871843536941
484,0.09840394491244361,0.044885420814457073,0.04999995129834128,-0.00029890245933159157,-0.0003366870758685598,-0.0002801483641410933,-0.000444803066784516,-3.504673316001572e-07,-2.0193621911771106e-06,-1.3024279711560245e-05,-0.0026390052118639125
485,0.09833657498648546,0.04492539798745402,0.04999995249279665,-0.00030575889236749543,-0.000333706930088066,-0.0002937527479094253,-0.0004303914029151201,-3.251921896207932e-07,-2.2202119499228305e-06,-1.2047217794671361e-05,-0.0026913431282952847
486,0.09825591396232936,0.044996863149945006,0.049999953902191155,-0.00031259323478520875,-0.00032917375199210193,-0.000307355889105072,-0.000416060967836529,-3.1248538334693876e-07,-2.4273050278041254e-06,-1.1101326034255325e-05,-0.0027437594718706625
487,0.09816161571157143,0.0450989300458989,0.049999955480756274,-0.0003194116426378699,-0.0003232665341276098,-0.00032083421469219597,-0.0004023528308607638,-2.9005360602241126e-07,-2.6414379478975334e-06,-1.018837623292267e-05,-0.0027961285266257362
488,0.09805240609588237,0.04522558361524519,0.04999995719050701,-0.00032615902454984015,-0.00031611129429724857,-0.0003341722478257828,-0.00038928116555325687,-2.695826140097779e-07,-2.8639204908076843e-06,-9.310968842709388e-06,-0.0028483355606009745
489,0.09792789338340337,0.04537271701021524,0.049999959046286055,-0.00033285388779882787,-0.00030787172847060267,-0.00034736432855389304,-0.0003773404168896377,-2.3475357124880247e-07,-3.091978810309917e-06,-8.470506662789945e-06,-0.002900270721608492
490,0.09778792342807606,0.045537253257216116,0.04999996104423473,-0.00033952360207892225,-0.00029877638264901415,-0.0003603982791352989,-0.00036592799006029963,-2.1410447459402349e-07,-3.324898654163837e-06,-7.66853875275166e-06,-0.002951836706791675
491,0.09763229636219146,0.0457163438228236,0.049999963168864195,-0.0003461839787854919,-0.00028900699475496527,-0.00037326081347542985,-0.00035499382647685707,-1.975104595430821e-07,-3.5619883964220094e-06,-6.906345494430402e-06,-0.003002945160936014
492,0.097460855087846,0.04590710135566465,0.049999965397933444,-0.00035284404576791544,-0.00027871639476616527,-0.0003859383567187042,-0.0003445435140747577,-1.825237205821395e-07,-3.802579065141501e-06,-6.184938294367971e-06,-0.003053515677180074
493,0.09727350636209695,0.046106823257335915,0.04999996770561861,-0.0003595090673769344,-0.00026804123882060143,-0.0003984172803548042,-0.00033454204094596207,-1.6956479953478265e-07,-4.046006936134397e-06,-5.505063260666085e-06,-0.00310347527068827
494,0.09707021688124826,0.046313039252672376,0.04999997006459975,-0.0003661815970969127,-0.000257101855270335,-0.00041068445689876006,-0.0003249667934142053,-1.578677739644263e-07,-4.2915976134210154e-06,-4.867210764198018e-06,-0.0031527579219749187
495,0.09685101947252332,0.04652347494451653,0.04999997244745773,-0.00037286251504390033,-0.00024600524049595576,-0.0004227272083354354,-0.0003157886676490307,-1.4782581558847596e-07,-4.538671234836828e-06,-4.271628642197819e-06,-0.003201304175886271
496,0.09661600381643837,0.046736041071215456,0.049999974827615076,-0.00037955143631281037,-0.00023484469886183017,-0.00043453372412226906,-0.0003069820231758058,-1.3888903538372688e-07,-4.786548932690812e-06,-3.71833672603166e-06,-0.0032490607028159593
497,0.09636531751384929,0.04694882396461554,0.04999997717999086,-0.0003862467292904113,-0.00022370096994324079,-0.00044611236225781795,-0.00029852488660253584,-1.3116941488533485e-07,-5.034557063878917e-06,-3.2071425168404496e-06,-0.0032959798892517166
498,0.09609903639437828,0.04716047529394139,0.049999979481494025,-0.0003929495280591112,-0.00021264842083422257,-0.0004574299857428405,-0.0002904192660935223,-1.2435340579486365e-07,-5.281138886853582e-06,-2.7376695150730783e-06,-0.0033420203669617295
499,0.09581741059794104,0.047369258632548844,0.04999998169342028,-0.0003996487848770398,-0.00020174812672070898,-0.0004684076548736979,-0.000282663939287886,-1.1856724313474842e-07,-5.52741314062849e-06,-2.3093437273245576e-06,-0.0033871449036606723
500,0.09552129915001185,0.04757225945106285,0.04999998382309728,-0.00040631811464561583,-0.00019102447101599883,-0.0004790886856448429,-0.0002750069252215326,-1.1450283921021764e-07,-5.772902805425934e-06,-1.9214320194601876e-06,-0.0034313172977712123
501,0.09521089769530543,0.04776939474265188,0.04999998587129222,-0.00041299159154663023,-0.0001805128576806785,-0.0004896127439400318,-0.00026746359071694314,-1.0879511336270298e-07,-6.015215368289577e-06,-1.5730487782027373e-06,-0.0034745094494233932
502,0.09488567431760682,0.0479619819432651,0.04999998781183635,-0.0004197070872785069,-0.00017028844110018307,-0.0004998768539842327,-0.0002604885376058519,-1.0310482423392386e-07,-6.254629038247154e-06,-1.2632077313302668e-06,-0.00351669681039119
503,0.09454635740519629,0.04814753808444647,0.049999989603258584,-0.0004264031849302452,-0.0001603888835987993,-0.0005098376009431089,-0.00025393764371983707,-1.0261005911615939e-07,-6.489134193283456e-06,-9.907980676486326e-07,-0.003557863710206357
504,0.09419338635391318,0.04832509223406897,0.04999999123475423,-0.0004330547371875497,-0.00015081438092235045,-0.0005194590240124339,-0.0002475108194630593,-1.0032091779521579e-07,-6.718660828587501e-06,-7.546608187888954e-07,-0.0035979929335186096
505,0.09382760404544056,0.048493549925830035,0.049999992712580606,-0.0004396503585827951,-0.00014157692515907115,-0.0005286973784971732,-0.00024115017731674016,-9.709757620157689e-08,-6.944239054587733e-06,-5.53442347067833e-07,-0.0036370673679335082
506,0.09344937695405785,0.048652112052836385,0.049999994042084724,-0.0004461816061698603,-0.00013266507566428546,-0.0005375515294623695,-0.00023490369494538754,-9.4360864011378e-08,-7.168233081975184e-06,-3.857979630645296e-07,-0.0036750730800178873
507,0.09305948658151805,0.04880018865965545,0.049999995241196506,-0.00045266336517486036,-0.00012407927866782693,-0.0005460616440680556,-0.00022903415083419532,-8.751691638053671e-08,-7.38613297692374e-06,-2.5029951892867047e-07,-0.003711997490032171
508,0.09265854118293386,0.04893825240366668,0.04999999631217255,-0.0004591292317019119,-0.00011584157109964571,-0.0005543442408120906,-0.00022335932590067387,-8.591450040285054e-08,-7.602737576721168e-06,-1.455790777595612e-07,-0.0037478357315054896
509,0.09224708823162696,0.04906735002467334,0.04999999725632045,-0.0004656142809225121,-0.00010798465136811177,-0.000562488979085977,-0.00021780308452434838,-8.7097134837677e-08,-7.799772882334126e-06,-7.018942755270579e-08,-0.0037825876420868932
510,0.0918254363278341,0.04918937826914592,0.04999999804914007,-0.00047212830948745914,-0.00010054237776325546,-0.0005703412372073281,-0.0002120324643328786,-9.147631629957687e-08,-8.000115862830021e-06,-2.2665306975536544e-08,-0.0038162554451260837
511,0.09139335936013579,0.04930255192969366,0.04999999869197309,-0.0004785593222947465,-9.344564736309237e-05,-0.0005779206123275754,-0.0002064093278022483,-9.286713265055369e-08,-8.192738193877535e-06,-1.4720853266452368e-09,-0.0038488357805101197
512,0.09095078207779428,0.049406500930690066,0.04999999918864962,-0.00048490000726565566,-8.667053738766975e-05,-0.0005850879222130041,-0.000201754504814744,-7.996300865897865e-08,-8.383946720556405e-06,-5.1317634487945885e-09,-0.0038803254737197904
513,0.0904996173494453,0.0494999367863207,0.04999999955805365,-0.0004911086873304629,-8.023489975873752e-05,-0.0005919896001171407,-0.00019733949739020318,-7.954045599944948e-08,-8.56012523508959e-06,-3.2201583539582184e-08,-0.003910729093067534
514,0.09004003094288691,0.04958434466316288,0.04999999980863895,-0.0004972538841599812,-7.415862618452443e-05,-0.0005987288383992691,-0.00019300534040667117,-7.940044355336795e-08,-8.727417968795802e-06,-8.118785526347131e-08,-0.0039400602564887205
515,0.08957264268017784,0.049660816461355145,0.049999999951593294,-0.0005033363117591373,-6.847392809945111e-05,-0.0006050707406524245,-0.00018839591939467937,-8.457282518747888e-08,-8.8712768316519e-06,-1.5067228866341976e-07,-0.00396832622635275
516,0.08909759275708673,0.04972895075363656,0.04999999999956636,-0.0005092508436009335,-6.311379468939574e-05,-0.000610791146911472,-0.00018358143279328942,-8.78350121524818e-08,-9.03546527907758e-06,-2.391322269751929e-07,-0.003995534658251402
517,0.08861602116929983,0.04978699795823587,0.04999999997084613,-0.0005149308404954798,-5.7985950064501274e-05,-0.0006162238122213986,-0.00017956197552848607,-7.17160020258234e-08,-9.180453482595346e-06,-3.453623632576753e-07,-0.004021678303543197
518,0.08812859510855371,0.049837034951188554,0.04999999987193915,-0.0005205461418265875,-5.315472272353901e-05,-0.0006213928222637497,-0.00017606717301532626,-6.42013162632793e-08,-9.315766546691365e-06,-4.679655797604147e-07,-0.004046772776964711
519,0.08763640719785858,0.04987970455120735,0.04999999970940445,-0.0005261060219929043,-4.8666141535680336e-05,-0.0006262582206472397,-0.00017229841614607722,-7.557927261814257e-08,-9.442393341446317e-06,-6.056519828215334e-07,-0.004070835817217933
520,0.08713958211030721,0.04991528753744825,0.04999999949168704,-0.0005315772585932075,-4.4474656863906144e-05,-0.0006308951040250135,-0.00016871733532752842,-7.365638765577387e-08,-9.558310947962397e-06,-7.57044026072213e-07,-0.004093885676889612
521,0.08663847205731301,0.04994437723509945,0.04999999922870208,-0.0005369668738456586,-4.057449684352316e-05,-0.0006351130676518447,-0.0001651182392379269,-7.332457840902862e-08,-9.6697484433803e-06,-9.211343374770253e-07,-0.004115930854636854
522,0.08613376549054014,0.049966725625699204,0.04999999892933438,-0.0005422038187085806,-3.692018938987474e-05,-0.0006390049663296416,-0.0001617277303012088,-7.169894900016516e-08,-9.77840700831467e-06,-1.096652048800016e-06,-0.0041369870984300635
523,0.08562603818642334,0.04998288482152872,0.049999998593653484,-0.0005473363050442599,-3.350106263822648e-05,-0.0006426445509200404,-0.00015902814629953355,-6.240153282988103e-08,-9.8787453661688e-06,-1.282682070707293e-06,-0.004157065567531441
524,0.08511642166518013,0.04999346470111007,0.0499999982234987,-0.0005523989662223437,-3.034012858750351e-05,-0.0006462357229551711,-0.000156388632603921,-6.790692452796065e-08,-9.959735621062829e-06,-1.4779606269068354e-06,-0.004176194174430382
525,0.08460441617292988,0.049999034514769176,0.04999999783806603,-0.0005574310917095559,-2.7448837148664475e-05,-0.0006495122917237698,-0.0001536587515147403,-7.330322659981903e-08,-1.003592364389247e-05,-1.6815072986460184e-06,-0.004194394322134338
526,0.08409066295875117,0.049999697889692565,0.04999999745614528,-0.0005623034260593085,-2.4781461280514232e-05,-0.0006524556084124048,-0.00015088901272974908,-7.420254632961587e-08,-1.0107097603509329e-05,-1.892295881688499e-06,-0.004211684362110706
527,0.08357541306974954,0.049995874457569554,0.04999999708152272,-0.0005670047466510911,-2.2300461582099355e-05,-0.0006551244140881485,-0.00014850118895992637,-6.38562909216489e-08,-1.0170191876976063e-05,-2.1094776100213323e-06,-0.00422807765511409
528,0.0830594352199806,0.0499879985128949,0.04999999671720491,-0.0005715649785869589,-2.0011969699050494e-05,-0.0006575278535470166,-0.00014626352640334517,-6.38170760680623e-08,-1.022543056643383e-05,-2.332189936545456e-06,-0.004243592082652057
529,0.08254329833336105,0.0499764819599032,0.04999999636882497,-0.0005759902277781933,-1.7911308185502476e-05,-0.0006596712238268355,-0.00014424473920371383,-6.27422878096695e-08,-1.0272844803866896e-05,-2.559615982533205e-06,-0.004258248120101892
530,0.08202750730305436,0.04996173645953377,0.049999996041231204,-0.0005802791731525879,-1.5988569058930484e-05,-0.0006615627213360071,-0.00014241240569390357,-6.194620283395125e-08,-1.0312606450100287e-05,-2.7909837927732387e-06,-0.00427206670992069
531,0.08151253107621449,0.04994416933265599,0.04999999573856384,-0.0005844340571896148,-1.4234087854886097e-05,-0.0006632390781032156,-0.0001407298695994541,-6.108320604880646e-08,-1.0343549287534166e-05,-3.0255174571045846e-06,-0.004285070398785443
532,0.0809986381454197,0.04992406995551237,0.04999999546720138,-0.0005884596224287827,-1.2639963352326171e-05,-0.0006646419314653273,-0.00013919247430749238,-6.048036027550552e-08,-1.0367927236554217e-05,-3.2625861284498604e-06,-0.004297280216167004
533,0.08048641828630326,0.049901976594993964,0.049999995231480084,-0.0005923330407551706,-1.119189608682592e-05,-0.0006657886515996957,-0.0001377931475872174,-5.910360911798307e-08,-1.0386386275269144e-05,-3.501514972257332e-06,-0.0043087182835467525
534,0.07997627291553555,0.049878314350559894,0.04999999502995769,-0.0005960628898899896,-9.878473664551493e-06,-0.0006666988957201252,-0.00013662182027474046,-5.6607628806659704e-08,-1.0397973872584742e-05,-3.741750323770335e-06,-0.0043194057673930225
535,0.07946878525996381,0.04985346932913398,0.04999999486245982,-0.0005996611839694273,-8.694582354910046e-06,-0.0006673858195671649,-0.00013561164087150246,-5.6156920891226036e-08,-1.0402976889268825e-05,-3.982738591337168e-06,-0.004329366103755444
536,0.07896437623723411,0.04982779514769959,0.04999999472944199,-0.0006031338470576059,-7.631911197223362e-06,-0.0006678270327065711,-0.00013476063031703234,-5.530878510739967e-08,-1.0403744340889713e-05,-4.223939943262986e-06,-0.0043386165450371595
537,0.07846360520848951,0.04980153082484928,0.04999999463371835,-0.0006062821569234005,-6.6609491364060985e-06,-0.000668050851777153,-0.00013407265942078084,-1.5971637878919864e-07,-1.039287313219053e-05,-4.464889058701474e-06,-0.0043471780233656325
538,0.07796452553621747,0.049774967703736434,0.04999999457943248,-0.0006096368944659861,-5.815461683457349e-06,-0.0006680655905106419,-0.00013429754471872002,-5.417787818373654e-08,-1.0378179059408576e-05,-4.705187638860244e-06,-0.004355099484281139
539,0.07747146145031228,0.04974979937820447,0.049999994564092966,-0.000612826480978326,-5.08170130656957e-06,-0.0006679464999280102,-0.0001347269135294482,-3.1447882520296844e-08,-1.0359685732726924e-05,-4.944418762593495e-06,-0.00436241484532783
540,0.07698483818148905,0.04972650135139271,0.049999994584470554,-0.0006158459487808622,-4.445061926809084e-06,-0.0006676244691981007,-0.00013290983042679727,-6.541448271946138e-08,-1.0335495328850295e-05,-5.182215910791476e-06,-0.004369138684814477
541,0.07650079099028965,0.049701797860451286,0.04999999463756295,-0.0006186935361373887,-3.855713985363557e-06,-0.0006671226289796403,-0.00013278018741402775,-4.9586898143161307e-08,-1.0307039255338063e-05,-5.4182197100448764e-06,-0.004375278250289524
542,0.07602192424269112,0.0496779829393096,0.04999999472154196,-0.0006214211621672791,-3.3390964861181523e-06,-0.0006665011940569674,-0.00013279372069519013,-4.866632963285156e-08,-1.0273321847919902e-05,-5.652124007243025e-06,-0.004380858451089526
543,0.07554815624849304,0.04965524465484827,0.049999994838536364,-0.0006240419698111284,-2.888956783836033e-06,-0.0006652226640915747,-0.0001330557861365378,-4.8750745662573536e-08,-1.0235894596075786e-05,-5.883656877526506e-06,-0.0043859035167627255
544,0.07508311017933034,0.04963432656800715,0.04999999498971139,-0.0006264758917364351,-2.4995887818782665e-06,-0.0006601013484413419,-0.00013269275950733572,-3.878150423020088e-08,-1.0251204849761202e-05,-6.112980259029969e-06,-0.004390382328068621
545,0.07465116478144067,0.04961713724648179,0.04999999487121154,-0.0006284326419715498,-2.165658390024365e-06,-0.0006523157000997956,-0.0001258237025467679,-2.0916918685998098e-07,-1.029809115502452e-05,-6.340260219893337e-06,-0.004394239111402755
546,0.07426434524918699,0.049578742478467726,0.04999999400646236,-0.0006313056449186308,-1.8642422461382601e-06,-0.0006418368883632971,-0.00011174040992045775,-1.3229558817329234e-06,-8.440567589930182e-06,-6.540219045429417e-06,-0.004397308503206108
547,0.07397164333159771,0.04942217657136865,0.04999999060787054,-0.000636737177672135,-1.5951486252762086e-06,-0.0006361879525185444,-9.330169268650934e-05,-8.884068847692106e-06,-9.194196921576803e-06,-6.748120181251863e-06,-0.004399431999195027
548,0.073717592810553,0.04920551255922796,0.04999998363147047,-0.0006479918652415724,-1.3059655342713794e-06,-0.0006303289873551388,-0.0001058027264662087,-6.127693723101402e-06,-8.217720007390663e-06,-6.985691639412311e-06,-0.004400466002199631
549,0.07351298048897403,0.04906813010022548,0.04999997298294656,-0.0006616363495962972,-1.2739250474931427e-06,-0.0006261528241346994,-0.0001456125028198585,-6.1876139625383075e-06,-9.018139507884675e-06,-7.259290273938468e-06,-0.004400605640017058
550,0.07336016380347128,0.048991966434269126,0.04999995539346886,-0.0006780987863827265,-1.543833269996078e-06,-0.0006201612680753889,-0.00017468239821027964,-3.7193183288763976e-06,-7.235629373360731e-06,-7.590215650974806e-06,-0.004399543395771371
551,0.07331253659334695,0.04888056848862185,0.04999992466781159,-0.000699366129106383,-2.0570669314373152e-06,-0.0006244013208492259,-0.0002046976296696812,-9.091208085010294e-06,-1.5170756636391161e-05,-7.827931075151714e-06,-0.0043969658991097425
552,0.07333000902036589,0.04862355642254768,0.049999878577553815,-0.0007270936991289693,-2.666348132368183e-06,-0.0006351237693915896,-0.00026063964469358325,-1.41733535201638e-05,-2.3514260531791554e-05,-8.184122113651276e-06,-0.004392568000130291
553,0.0733345964010998,0.048243868406591464,0.04999981689715184,-0.0007592850405706136,-4.2075921981098865e-06,-0.0006495907674225549,-0.0003288926964160055,-8.938592145568691e-06,-1.4709989329872634e-05,-8.488823366137783e-06,-0.0043857996952881995
554,0.07336311818412959,0.04799406103175998,0.04999974162138183,-0.000793248087166946,-6.816471887802614e-06,-0.0006608134523951233,-0.0004008888208772987,-4.9235677579417825e-06,-1.2394496900034472e-05,-8.82118070560475e-06,-0.004376196484548493
555,0.07344903933672502,0.04739616810329584,0.049999642515327486,-0.0008296848616459643,-1.1182277071562283e-05,-0.0006789476159231152,-0.00045356302871368825,-5.029050498706056e-06,-1.2785202653321675e-05,-9.088826235266215e-06,-0.004363621475496988
556,0.07363979378619888,0.04658529661403864,0.04999950682002119,-0.0008732996312324327,-1.709249492942195e-05,-0.00071715310316759,-0.000493268424179405,-4.868048108619405e-06,-1.5062531011958794e-05,-9.372048035900598e-06,-0.004348400817627245
557,0.07393646412401053,0.04575074766623944,0.049999348760461415,-0.0009253365319355551,-2.2413666647042924e-05,-0.000749426216524757,-0.0005829675938002765,-9.232348929799628e-06,-1.10434045219902e-05,-9.82861047257454e-06,-0.0043311583503856605
558,0.07432134501152371,0.04442082194195621,0.04999915692235603,-0.0009798277941542488,-2.7458328060314124e-05,-0.000791826230955619,-0.000605476729106158,-1.3086442777421325e-05,-1.2272773141498882e-05,-1.001912225511053e-05,-0.004312136657590157
559,0.07490878971029978,0.043290331163087344,0.04999892428281358,-0.0010419672179931506,-3.1823181193996476e-05,-0.0008502374847081662,-0.0006762392586097121,-1.454550692869816e-05,-1.1673276263138901e-05,-1.0438741638956877e-05,-0.004292397365256456
560,0.07564570857766444,0.040885443282884015,0.049998646592938276,-0.0011140227645123203,-3.369380928903964e-05,-0.0009184713116980949,-0.0007718982524238527,-1.18723874038551e-05,-1.5614313235380735e-05,-1.0774197662805828e-05,-0.004272558028592595
561,0.07663711546560098,0.03908320874807324,0.04999830605249,-0.0011941556811368628,-3.323721551394358e-05,-0.0010161516327889288,-0.0008768392726778984,-1.788564804883208e-05,-2.020739080613657e-05,-1.0990798510502029e-05,-0.0042534956928646115
562,0.07784195818583711,0.03718373593563508,0.04999791320212904,-0.001284869758552016,-3.1278684323994573e-05,-0.001094803398647733,-0.001054347143508494,-1.446825626771897e-05,-2.9632407614255314e-05,-1.122331998539318e-05,-0.004235388201124313
563,0.07913129792948602,0.03328930800838369,0.04999744827288726,-0.0013863973966436105,-2.752823765832455e-05,-0.00110335416291989,-0.001153740449808538,-1.7903177649714053e-05,-8.387731351638599e-06,-1.1599503287355132e-05,-0.004220106893841377
564,0.07995889635136497,0.02969857614568281,0.04999703755810874,-0.0015243350760439736,-1.697659013209177e-05,-0.0011385385426658872,-0.0012398381950333714,-4.854560756939463e-05,-9.547590921374064e-06,-1.198638564273751e-05,-0.004207584116308969
565,0.08057640477836134,0.02787472581050193,0.04999681324076676,-0.0016447811067091236,-7.867125498063936e-06,-0.0010504328590006588,-0.0013981952797621489,-0.0001663050352362916,-1.686690771135927e-05,-1.2213416489826495e-05,-0.004202283258740843
566,0.08064963286147092,0.029372396248262767,0.04999683688754244,-0.0017913714056001914,-1.0440397809327175e-06,-0.0009883402455368156,-0.0016611028695479035,-0.0002217180881416425,-1.3853289219671471e-05,-1.2581515671150299e-05,-0.004202851536731982
567,0.07998445082041507,0.03169170552158087,0.04999721450062522,-0.0018803664544382631,-3.882290543031318e-06,-0.0009613922037785584,-0.001769671798683703,-0.00010029588884208351,-1.1830716572178783e-05,-1.277249283712679e-05,-0.004208457344353084
568,0.07874108804339698,0.03344027223100115,0.04999778077571003,-0.0018945334235224065,-7.319948203008419e-06,-0.0009551154180688454,-0.0013815240235999227,-9.422474977327511e-05,-1.0424447509567516e-05,-1.2902206094519734e-05,-0.00421446938187774
569,0.07707723543821642,0.034694515625180486,0.04999839150217619,-0.001847722780939664,-8.260072352242296e-06,-0.0009598007097172776,-0.0010177589720115066,-8.392424933845177e-05,-9.400721191706192e-06,-1.2982884471167502e-05,-0.004218163915921683
570,0.07514971336310476,0.03556213499045674,0.04999894819807161,-0.0017583324955963897,-8.968126952169698e-06,-0.000967944259679752,-0.0008433441980741918,-4.2467363527975976e-05,-8.608036713521418e-06,-1.3024875900454449e-05,-0.004217958721029104
571,0.07307989650212175,0.03610256381622425,0.04999939650710922,-0.0016445115042141023,-1.240526676513683e-05,-0.0009749159709380725,-0.0006914695259183645,-1.486280689277919e-05,-7.941758322344743e-06,-1.3036483232809502e-05,-0.004213292448219501
572,0.07099259872239921,0.03629888410063472,0.04999971631023542,-0.0015208986678042556,-1.9217657910115248e-05,-0.0009782433200547238,-0.0005877573858015239,-6.733137979608728e-06,-7.3599948007630145e-06,-1.3024964704171279e-05,-0.0042042258974278775
573,0.06894238452235421,0.036361566140422255,0.04999991004030213,-0.0013964059548231484,-2.8786835916885135e-05,-0.0009770820899942644,-0.0005143213784322143,-7.137853572203312e-06,-6.870789512685961e-06,-1.2995274753000458e-05,-0.004190976516414391
574,0.06697140044092958,0.03656342368305562,0.04999999306000675,-0.001276627621695854,-4.0099732378848895e-05,-0.000971561913897042,-0.0004535467305686325,-9.03496220416855e-06,-6.443824675852975e-06,-1.2952484227498108e-05,-0.0041739313514936515
575,0.0651222999547105,0.03703388025843569,0.04999998687861876,-0.0011650535475773445,-5.1712484791333686e-05,-0.0009622150769942628,-0.00040980856283567846,-7.403089966828702e-06,-6.063224683928843e-06,-1.2900010981480853e-05,-0.004153617952312834
576,0.06341712322964928,0.0377325415812933,0.04999991459036758,-0.0010632834430300108,-6.262906814058957e-05,-0.0009497532758135431,-0.00037937203887850046,-4.995059498469345e-06,-5.719759677607646e-06,-1.2840296101847306e-05,-0.0041305940574766714
577,0.0618637020594239,0.03859208950355046,0.04999979808550137,-0.0009717871652292504,-7.231322333771093e-05,-0.0009349019335636532,-0.0003570258559193462,-3.4296856483706506e-06,-5.407471400036689e-06,-1.277516273986437e-05,-0.0041053930399507525
578,0.06046321698366633,0.03955377420297137,0.04999965651691256,-0.0008904518948014482,-8.043239352517796e-05,-0.0009183250601038973,-0.000340039114234969,-2.5177439511026023e-06,-5.122638902191951e-06,-1.2706002965903122e-05,-0.004078510311585101
579,0.05921305723825548,0.04057262425157606,0.04999950560167198,-0.0008188078275434108,-8.67797405715679e-05,-0.0009005969255553325,-0.00032719169394113123,-1.9336682726134313e-06,-4.862733720996691e-06,-1.2633899542792406e-05,-0.004050399353788144
580,0.05810788453193393,0.04161366402082832,0.04999935747642988,-0.0007561821490508637,-9.126045088335641e-05,-0.0008821979844926647,-0.00031760576530359685,-1.5163096804826637e-06,-4.6260672001191336e-06,-1.2559721751360413e-05,-0.004021468883883039
581,0.05714019960474283,0.04265346807266502,0.04999922090117473,-0.0007017974542992845,-9.389468629801388e-05,-0.0008635222866532016,-0.0003106218937318772,-1.2080560054528178e-06,-4.411397290192784e-06,-1.248422389324041e-05,-0.003992080822349852
582,0.056301173675275956,0.04367841954690552,0.0499991016615221,-0.0006548417797425369,-9.478769598717108e-05,-0.0008448598889008868,-0.00030554700060747564,-9.721865126266493e-07,-4.217386217745579e-06,-1.2408052162389256e-05,-0.003962551316292024
583,0.05558143277247732,0.04466421397444395,0.04999900306537623,-0.0006145071190123974,-9.411242355614579e-05,-0.0008264395178500853,-0.0003018675488419831,-7.875826781855721e-07,-4.040056179753032e-06,-1.2331783602782511e-05,-0.003933153099939954
584,0.054971140091494,0.045584486406831576,0.049998926452116434,-0.0005800301348862666,-9.20825030925479e-05,-0.0008084098072582901,-0.0002992104855366051,-6.441026130232785e-07,-3.880324122727541e-06,-1.225599026416661e-05,-0.0039041191481200993
585,0.054460751953970765,0.046415563976945934,0.04999887167454667,-0.0005506990629526226,-8.892888007697283e-05,-0.0007908771047092736,-0.0002973462687805295,-5.295152618600696e-07,-3.7364684962552748e-06,-1.2181236000033092e-05,-0.0038756459147549585
586,0.05404114415324033,0.04714772724673202,0.04999883753572363,-0.0005258695135309944,-8.487777953703595e-05,-0.0007739128677470736,-0.00029602376162074506,-4.3614892319965293e-07,-3.607115599221172e-06,-1.2107993435927594e-05,-0.0038478965313840717
587,0.05370368389216334,0.04778079593418049,0.04999882215304052,-0.0005049650308552985,-8.01445772547185e-05,-0.0007575608598349235,-0.0002950696216430515,-3.594649626847968e-07,-3.491066030049369e-06,-1.203664878668261e-05,-0.003821004100210973
588,0.05344034857841972,0.048317649936554324,0.04999882324779143,-0.00048747433713678827,-7.492588279995787e-05,-0.000741841190351304,-0.0002943662111647427,-2.96086938078588e-07,-3.3872748207402935e-06,-1.1967512029564372e-05,-0.0037950756179490337
589,0.05324376434044005,0.048763527873522755,0.04999883836793754,-0.0004729475875233397,-6.939584301679756e-05,-0.0007267518357531313,-0.00029383631772361696,-2.4424068101325247e-07,-3.2951321626487853e-06,-1.1900799027331417e-05,-0.0037701955157975284
590,0.05310728840661288,0.04912541962121737,0.04999886505597953,-0.00046099135802783563,-6.370332729592586e-05,-0.0007122815589105992,-0.000293414865154773,-2.0149555268744734e-07,-3.2140024396575344e-06,-1.183663717132433e-05,-0.0037464289647365628
591,0.053024875353452676,0.04941145068554734,0.04999890096455009,-0.0004512629406788094,-5.797448873150874e-05,-0.0006984007261132549,-0.0002930554619524628,-1.6731017637994228e-07,-3.143202908142557e-06,-1.1775134454683157e-05,-0.0037238247916985233
592,0.05299098974866441,0.049630489649724406,0.049998943932698055,-0.00044346068037650986,-5.231684639237206e-05,-0.0006850746785786995,-0.00029271331732161343,-1.3976513457691908e-07,-3.0822037359519782e-06,-1.1716441960511292e-05,-0.003702418568576305
593,0.05300065142109253,0.04979043475724595,0.04999899203470311,-0.00043732327475543974,-4.681652474007708e-05,-0.0006722568949462203,-0.0002923210267908871,-1.1850260506207633e-07,-3.0297070508011017e-06,-1.1660782593458751e-05,-0.003682234945616205
594,0.05304953242278693,0.049898792997703896,0.049999043597887254,-0.00043262082232959487,-4.153903339795596e-05,-0.0006599029808423692,-0.0002919021062552929,-1.0196308863896775e-07,-2.9848600946682585e-06,-1.1608392538203832e-05,-0.0036632895513241427
595,0.05313381538928272,0.04996394560950351,0.049999097209814006,-0.00042915991226125376,-3.653153986553381e-05,-0.0006480030563451994,-0.00029146234737709165,-9.02192738294616e-08,-2.9454292012601392e-06,-1.1559525218670471e-05,-0.003645591024099086
596,0.05324996663966528,0.04999469374064912,0.04999915168638131,-0.000426779960529496,-3.1825990365409406e-05,-0.0006365679408128277,-0.0002910213661380112,-8.207321400277579e-08,-2.91166282832905e-06,-1.151447230977917e-05,-0.003629142553687544
597,0.053394664939721836,0.049998729759770356,0.0499992060334587,-0.000425343714067315,-2.7443142341148184e-05,-0.0006255969589971737,-0.0002905265137087554,-7.42774020068282e-08,-2.882311420095263e-06,-1.1473554749725428e-05,-0.003613942315063987
598,0.05356485240208725,0.04998101479794323,0.04999925943417465,-0.0004247237968511268,-2.33993904909848e-05,-0.0006150750620206638,-0.00028998751076869667,-6.734026669619197e-08,-2.856250667445118e-06,-1.1437021591585683e-05,-0.0035999830226632733
599,0.053757833808197465,0.04994541611242839,0.049999311240909894,-0.00042480385287769687,-1.9703723866732686e-05,-0.0006049866090964776,-0.0002894213830586523,-6.124619744696247e-08,-2.832452488209871e-06,-1.1405022938797776e-05,-0.003587253369148083
600,0.05397113851934491,0.04989550237350685,0.04999936095882255,-0.000425482522793962,-1.6359364822864105e-05,-0.0005953149511355956,-0.00028876864234916866,-5.6988188390505456e-08,-2.8103559027634746e-06,-1.1377626727323648e-05,-0.0035757382881595363
601,0.0542025331367235,0.04983451839792877,0.04999940822785931,-0.00042666496185670165,-1.3365520763351385e-05,-0.0005860419745052914,-0.0002880144747905433,-5.318415929878029e-08,-2.7895095640697266e-06,-1.1354830627764097e-05,-0.003565419098902511
602,0.05444996602947353,0.04976538422846951,0.04999945280514993,-0.000428266522449407,-1.0717405592958293e-05,-0.0005771478360271258,-0.0002871475007850677,-4.9540695101768506e-08,-2.7696296293608216e-06,-1.1336574653496434e-05,-0.0035562735723390377
603,0.05471156371202579,0.04969070744289,0.04999949454733892,-0.00043021080043358453,-8.407056379345881e-06,-0.0005686117615439253,-0.0002862036053556949,-4.66677896326928e-08,-2.7505962412737274e-06,-1.1322753655177097e-05,-0.003548276291597935
604,0.05498568597200441,0.04961271638578063,0.049999533394336874,-0.00043242931179931544,-6.4222319092090966e-06,-0.0005604120523783291,-0.00028515359736047685,-4.44118306575092e-08,-2.732381972516505e-06,-1.1313231427789121e-05,-0.0035413990577110063
605,0.05527085147868604,0.0495333255715906,0.04999956935383232,-0.000434861090981558,-4.748225104609516e-06,-0.0005525276583332829,-0.00028399977600201964,-4.259646146920204e-08,-2.7150199427237676e-06,-1.1307850487517638e-05,-0.003535611094708774
606,0.055565755920238116,0.0494541466675163,0.04999960248682567,-0.0004374522289713124,-3.367779116503247e-06,-0.0005449378797291693,-0.00028274941723793745,-4.118746232961712e-08,-2.698570815807353e-06,-1.1306439651657978e-05,-0.0035308794361594595
607,0.05586926107881257,0.049376515462160986,0.04999963289455268,-0.0004401559392549339,-2.2615189697416853e-06,-0.0005376231193607752,-0.00028140246286056936,-4.021277888455188e-08,-2.683188439400638e-06,-1.1308820019836511e-05,-0.003527169269875473
608,0.056180389712191386,0.049301534571113,0.049999660707294176,-0.0004429303292287602,-1.4087082529167578e-06,-0.0005305656509360352,-0.00027998772566206753,-3.881110188785897e-08,-2.6687969701164213e-06,-1.1314810271892502e-05,-0.003524444340044856
609,0.05649828595916071,0.04923006069167174,0.04999968607472799,-0.0004457433796842246,-7.874122824782184e-07,-0.0005237487975937661,-0.0002784934767987579,-3.8904229171521365e-08,-2.6555214029052374e-06,-1.132422976602946e-05,-0.0035226674137413282
610,0.0568222536401973,0.04916277493145009,0.04999970915803609,-0.0004485648497105782,-3.754618499283224e-07,-0.0005171575897873166,-0.00027690851129591465,-3.895835831713157e-08,-2.6434262270606466e-06,-1.1336900626806033e-05,-0.0035218004565891123
611,0.05715167479268901,0.04910020388463848,0.049999730123807117,-0.0004513693634976747,-1.506950323498806e-07,-0.0005107769131308548,-0.0002752268919721246,-3.844790796847519e-08,-2.632531615857696e-06,-1.1352649121161042e-05,-0.0035218046480717845
612,0.05748598554478095,0.04904281988415343,0.04999974913890018,-0.00045413692405310433,-9.122109640453876e-08,-0.0005045942565575384,-0.0002735259186010808,-3.7968561628076714e-08,-2.622844764386433e-06,-1.1371306411227639e-05,-0.0035226407852986356
613,0.05782477989835531,0.048990858198446174,0.04999976636652833,-0.0004568517028962552,-1.7562035234741524e-07,-0.0004985983261937549,-0.00027179220342077315,-3.772090195752753e-08,-2.6143550557987695e-06,-1.139270939500389e-05,-0.003524269753821482
614,0.05816770795164314,0.048944490312811256,0.04999978196363644,-0.00045950097354818326,-3.834700507363876e-07,-0.0004927784578222394,-0.00027003668947145343,-3.74354094390128e-08,-2.6070333297384445e-06,-1.1416700815452954e-05,-0.003526652590624303
615,0.058514462852661556,0.04890380857721643,0.04999979607907179,-0.00046207492540938533,-6.954136671364955e-07,-0.00048712530839424285,-0.0002682633057702333,-3.7243179207280264e-08,-2.600831375969967e-06,-1.1443128979322864e-05,-0.0035297506387200494
616,0.058864800095661286,0.04886884742960282,0.049999808852421196,-0.0004645663351283782,-1.0933282145598482e-06,-0.0004816301090674237,-0.0002664729254320264,-3.70381663117314e-08,-2.595709531921842e-06,-1.1471847542751067e-05,-0.003533525668913566
617,0.05921850521918003,0.04883957998775414,0.04999982041341541,-0.00046696964919329306,-1.5603182336842087e-06,-0.0004762857274308472,-0.0002646868524607271,-3.6656341961816e-08,-2.591553425671649e-06,-1.1502715454378209e-05,-0.003537940023471191
618,0.059575413675005184,0.04881592986546907,0.0499998308816981,-0.00046928240344773953,-2.0809429586642174e-06,-0.000471085152002381,-0.0002628963266033679,-3.6772245692873184e-08,-2.5883911197632717e-06,-1.153559659716941e-05,-0.003542956681001191
619,0.059935388979191956,0.048797800242153536,0.049999840367024206,-0.0004715003940906595,-2.640906185493984e-06,-0.0004660215802797117,-0.0002611230593174696,-3.605834208997294e-08,-2.5861226575166766e-06,-1.1570359591311608e-05,-0.003548539267077242
620,0.06029830249935658,0.04878504590004775,0.049999848969522885,-0.0004736235568637174,-3.227371876020562e-06,-0.0004610888660711952,-0.00025937470491044223,-3.536420933869522e-08,-2.584658551900213e-06,-1.1606877477626334e-05,-0.0035546521824713186
621,0.06066404826394413,0.048777495426589906,0.049999856779991754,-0.00047565263364983856,-3.8287601797622764e-06,-0.0004562818400431177,-0.00025768691557459533,-3.481689248019393e-08,-2.5839175322270332e-06,-1.1645027496850525e-05,-0.0035612607848929303
622,0.06103256256337689,0.04877488625651516,0.04999986388051924,-0.0004775888916057516,-4.435186517654621e-06,-0.0004515959404503097,-0.00025601391098462045,-3.463198083863972e-08,-2.583830341591131e-06,-1.1684690922624727e-05,-0.003568331426454959
623,0.06140376877143677,0.048777029797268556,0.04999987034520913,-0.0004794333175633255,-5.037601694720314e-06,-0.00044702677131615683,-0.00025436279247514904,-3.429974526625301e-08,-2.584324958016469e-06,-1.1725752486591332e-05,-0.0035758312886487054
624,0.061777593269359624,0.048783720290690405,0.04999987624082873,-0.00048118750235627995,-5.628015625437702e-06,-0.0004425697465224238,-0.00025274616200476885,-3.37498349267662e-08,-2.5853280184151434e-06,-1.1768100109428247e-05,-0.0035837283934728003
625,0.062153962848958945,0.04879472539500173,0.04999988162736543,-0.0004828536875195737,-6.199538695151223e-06,-0.000438220872839958,-0.0002511699858587235,-3.325747499616227e-08,-2.586769394406713e-06,-1.1811624727307174e-05,-0.0035919916597124957
626,0.06253281775315472,0.048809797650098546,0.04999988655860775,-0.0004844342607479091,-6.746360773476852e-06,-0.0004339760931568209,-0.0002496404922567308,-3.2619666967548255e-08,-2.5885817420471557e-06,-1.1856220162421003e-05,-0.0036005909323504476
627,0.06291409345687955,0.04882866529600983,0.04999989108272657,-0.000485931821070094,-7.26360679852832e-06,-0.00042983204087005604,-0.0002481477858964354,-3.2152382090089304e-08,-2.5906997618029516e-06,-1.1901782850139807e-05,-0.003609496955259419
628,0.0632977291409622,0.04885108043759935,0.04999989524283581,-0.00048734874815407826,-7.74715423711605e-06,-0.0004257854822609166,-0.00024670627317391336,-3.158769956712604e-08,-2.593063962087099e-06,-1.1948211679823587e-05,-0.003618681362682127
629,0.06368366737439118,0.048876771640961394,0.04999989907751422,-0.0004886875247052017,-8.193751260077066e-06,-0.00042183288494602317,-0.0002453068445902318,-3.0949106388789005e-08,-2.595614691323737e-06,-1.199540796541887e-05,-0.003628116672739658
630,0.06407183840077793,0.048905462669578015,0.04999990262123595,-0.0004899507602137944,-8.600788530018274e-06,-0.0004179710570803355,-0.00024395632499363273,-3.037742146716482e-08,-2.5982956105113336e-06,-1.2043275177063959e-05,-0.0036377762636024
631,0.0644621728298955,0.04893688670732227,0.049999905904786285,-0.0004911408606004767,-8.966314582773432e-06,-0.0004141967586700046,-0.00024264735111501068,-2.982872260304248e-08,-2.6010533728311776e-06,-1.2091718900907421e-05,-0.003647634350292233
632,0.06485459089856126,0.048970775231452365,0.04999990895566206,-0.0004922600908041919,-9.288913278128544e-06,-0.0004105072151520734,-0.0002413800684735179,-2.9228303333184158e-08,-2.6038392345121383e-06,-1.2140646754296881e-05,-0.0036576659460252556
633,0.06524901815297812,0.04900685480924277,0.04999991179842178,-0.0004933105648265807,-9.56765847715629e-06,-0.0004068996252178382,-0.00024015961389523,-2.8586219613657704e-08,-2.606607504645207e-06,-1.2189968346565454e-05,-0.003667846865902027
634,0.06564537935413253,0.04904485447949232,0.04999991445498863,-0.0004942943995888714,-9.802200822456761e-06,-0.0004033710783971315,-0.0002389796864008531,-2.8051344358459573e-08,-2.6093129645800547e-06,-1.2239595271027074e-05,-0.003678153710036049
635,0.06604358403018783,0.04908451269791547,0.04999991694492719,-0.0004952134600019641,-9.992510453603528e-06,-0.0003999188665664109,-0.00023784195946063846,-2.7473097574670646e-08,-2.6119139422955043e-06,-1.2289440957126496e-05,-0.003688563812640603
636,0.06644353932736488,0.04912556312659727,0.04999991928570478,-0.0004960694224579717,-1.0138899354119731e-05,-0.0003965400565487956,-0.00023673626128584146,-2.683662003732934e-08,-2.614371077510838e-06,-1.2339420710755513e-05,-0.003699055210370056
637,0.06684514460555568,0.04916774311423891,0.049999921492897205,-0.0004968640182290039,-1.0242007000963378e-05,-0.0003932322482972849,-0.00023567657626699656,-2.626320672050042e-08,-2.6166474724010954e-06,-1.2389451636270303e-05,-0.0037096066399927943
638,0.06724830693140098,0.049210802350408735,0.0499999235803839,-0.000497598702470904,-1.0302815362651312e-05,-0.0003899930632055174,-0.00023465303820557892,-2.570224033604518e-08,-2.618710265268636e-06,-1.2439452677842392e-05,-0.0037201975348085704
639,0.06765292645983935,0.0492544946314283,0.04999992556054392,-0.0004982747584923946,-1.032254550005331e-05,-0.0003868199185857906,-0.0002336593170184642,-2.5157925520602475e-08,-2.6205263127098342e-06,-1.2489344689485168e-05,-0.0037308079725313914
640,0.06805888989363172,0.049298575144368,0.0499999274444137,-0.0004988933298299429,-1.0302557643497368e-05,-0.00038371035857794376,-0.00023269660596270114,-2.4589667191321496e-08,-2.6220646015597453e-06,-1.2539050285737342e-05,-0.003741418643999234
641,0.06846608438217926,0.04934281129943035,0.049999929241821284,-0.0004994554902646215,-1.0244435495335896e-05,-0.0003806618850677044,-0.000231765559874475,-2.4015482935624277e-08,-2.6232966346028497e-06,-1.2588493923928769e-05,-0.003752010851007551
642,0.06887439334576127,0.04938696781463318,0.04999993096150009,-0.0004999622799129551,-1.0149952148069321e-05,-0.00037767241795364274,-0.00023086862347554415,-2.3538568427738937e-08,-2.624195798131794e-06,-1.2637601904223452e-05,-0.00376256648614464
643,0.06928370187964937,0.04943083420969435,0.0499999326112103,-0.0005004144427963444,-1.002098064053056e-05,-0.00037473984665909967,-0.00022999479551799595,-2.296725476469419e-08,-2.6247384024820835e-06,-1.268630234804903e-05,-0.003773068024228607
644,0.06969389352217938,0.04947419478456069,0.04999993419785162,-0.0005008126773954235,-9.859589057301372e-06,-0.0003718618758638932,-0.0002291479177074507,-2.247842978420067e-08,-2.624900165817837e-06,-1.2734525273179877e-05,-0.003783498504492798
645,0.07010484218849188,0.04951685008263686,0.049999935727536346,-0.0005011577023109258,-9.6678668241937e-06,-0.00036903642199916814,-0.0002283210924360901,-2.199559467896961e-08,-2.6246591785231644e-06,-1.2782202575695802e-05,-0.0037938414902027005
646,0.07051641923768161,0.049558608145906416,0.04999993720567236,-0.0005014499639064439,-9.447965037115968e-06,-0.00036626128410005424,-0.00022752376389689744,-2.146990318863118e-08,-2.623994007368236e-06,-1.2829267919585658e-05,-0.0038040810674826266
647,0.07092849520817122,0.04959928168544955,0.049999938637037625,-0.0005016900009252838,-9.202172603323418e-06,-0.00036353465839650864,-0.0002267420495627448,-2.103018736931972e-08,-2.622887917797544e-06,-1.2875656903357095e-05,-0.0038142018388611074
648,0.07134094267999998,0.049638701496578834,0.049999940025845485,-0.0005018781005938233,-8.932784140716001e-06,-0.00036085474472337165,-0.00022598037321586162,-2.0560062097274567e-08,-2.6213241494434036e-06,-1.2921307169271891e-05,-0.003824188901288517
649,0.07175363515463336,0.04967670517480954,0.04999994137580683,-0.0005020146047129335,-8.642149381216338e-06,-0.00035821958684170306,-0.00022523610095959157,-2.0122453037174637e-08,-2.619285478854792e-06,-1.296615819616103e-05,-0.003834027839231402
650,0.07216643740834265,0.049713138429012996,0.0499999426901744,-0.0005020997680734169,-8.332629647045317e-06,-0.00035562744219403845,-0.00022451048425864428,-1.9708638276938473e-08,-2.6167581350531678e-06,-1.3010151353167095e-05,-0.0038437047110205357
651,0.07257921628327589,0.049747860644462766,0.04999994397179791,-0.0005021337207267457,-8.00660851856019e-06,-0.00035307644341090084,-0.00022380570590030402,-1.9255256944461507e-08,-2.613728453190015e-06,-1.3053229979427732e-05,-0.0038532060485988806
652,0.07299183648100903,0.04978073624857842,0.049999945223163485,-0.0005021166663086597,-7.666503969699212e-06,-0.00035056508408751863,-0.00022311159409582615,-1.8886693098352225e-08,-2.610185228537945e-06,-1.3095339321940476e-05,-0.003862518851953166
653,0.07340416837937194,0.049811649618116904,0.049999946446431145,-0.0005020486672441933,-7.314704194530021e-06,-0.000348091837929447,-0.00022243343119043857,-1.845596564464813e-08,-2.606119605315475e-06,-1.3136426665421868e-05,-0.0038716305678316355
654,0.07381608027100059,0.04984048850176368,0.04999994764347193,-0.0005019298090899644,-6.953565914043045e-06,-0.00034565510825407654,-0.00022177016944624484,-1.8152212177824367e-08,-2.60152096990756e-06,-1.3176441354874328e-05,-0.0038805290619049466
655,0.07422743219866092,0.04986715721602154,0.04999994881590192,-0.0005017600221761805,-6.585376016388987e-06,-0.0003432534565976354,-0.00022112026636023074,-1.7735253265982465e-08,-2.5963823747629108e-06,-1.3215334662683697e-05,-0.003889202638010871
656,0.07463809666961697,0.0498915628517989,0.04999994996511145,-0.0005015393661689758,-6.212530036408176e-06,-0.0003408853244390892,-0.0002204830525442958,-1.7409638175536202e-08,-2.590695752264298e-06,-1.3253059759606387e-05,-0.003897640046083785
657,0.0750479367248103,0.04991362956691058,0.04999995109228468,-0.0005012678304885646,-5.837294051287644e-06,-0.0003385494906231823,-0.00021985836792737246,-1.7023793930093234e-08,-2.584457741106833e-06,-1.3289571813791e-05,-0.0039058304672504036
658,0.07545682608666834,0.04993328845292376,0.04999995219842767,-0.0005009453710743544,-5.461947329782741e-06,-0.00033624477931515784,-0.00021924807515460998,-1.6709655881186336e-08,-2.5776651587729607e-06,-1.332482809293256e-05,-0.003913763505866175
659,0.07586463685037004,0.04995048328187389,0.049999953284391614,-0.0005005719277218459,-5.088658762501392e-06,-0.0003339698562131654,-0.00021864508744329214,-1.6376072053958524e-08,-2.5703150223615266e-06,-1.3358787920548701e-05,-0.0039214291686653765
660,0.07627123616078663,0.049965166405439555,0.04999995435089376,-0.0005001473962207902,-4.71956247774277e-06,-0.00033172356954210024,-0.00021806095901411027,-1.6045827777588784e-08,-2.562405301787107e-06,-1.339141254279878e-05,-0.003928817888658664
661,0.07667650238936141,0.049977301146312214,0.049999955398529576,-0.0004996718192978235,-4.356787292553097e-06,-0.000329504689951904,-0.0002174883702537045,-1.5755563964603425e-08,-2.5539352639448296e-06,-1.3422665128658384e-05,-0.003935920520321459
662,0.07708030491336691,0.04998686080246634,0.04999995642778909,-0.0004991450866397065,-4.002334610605979e-06,-0.0003273122846849678,-0.00021692492009606212,-1.5422775945239664e-08,-2.5449074741389623e-06,-1.3452510913539461e-05,-0.003942728315167575
663,0.07748252333836825,0.04999382720554137,0.0499999574390794,-0.0004985671086983261,-3.6581473552761324e-06,-0.0003251454387635566,-0.00021638213365804404,-1.512263558822724e-08,-2.5353242394717233e-06,-1.3480917169041122e-05,-0.003949232943780955
664,0.07788304328803264,0.049998192663119556,0.04999995843272938,-0.0004979379379836772,-3.326142251820797e-06,-0.00032300317560443587,-0.00021584371279459447,-1.4867636899396075e-08,-2.5251886130988624e-06,-1.3507853136210236e-05,-0.003955426472089441
665,0.07828173972672393,0.04999995783263637,0.04999995940900735,-0.0004972573952763892,-3.0080660757676294e-06,-0.0003208845206070144,-0.00021532096434384584,-1.4495059375008168e-08,-2.51450507297277e-06,-1.3533290047296435e-05,-0.003961301373220527
666,0.07867850017868178,0.049999132260482894,0.04999996036813134,-0.0004965255821164086,-2.7057010374288274e-06,-0.0003187885673822213,-0.00021481273870449513,-1.4232957035176241e-08,-2.5032786542090995e-06,-1.3557201099940808e-05,-0.003966850526735332
667,0.07907320622030904,0.04999573447980011,0.04999996131027122,-0.0004957424587715237,-2.4206316364123286e-06,-0.00031671455256956395,-0.00021432370704133064,-1.3904980278311996e-08,-2.4915226619486804e-06,-1.3579561406567698e-05,-0.003972067217955449
668,0.07946575564922187,0.049989791044108806,0.049999962235565396,-0.0004949078426935958,-2.1544632930511557e-06,-0.00031466186813932013,-0.00021384393039625138,-1.3574974921937155e-08,-2.4792326038148403e-06,-1.3600348108933625e-05,-0.003976945156030571
669,0.07985603943966162,0.049981337170700184,0.0499999631441123,-0.0004940224329189196,-1.9086300682045915e-06,-0.0003126298000537287,-0.00021338365331757814,-1.3284053856921219e-08,-2.4664232628497414e-06,-1.361954036286478e-05,-0.003981478461604289
670,0.08024395419369396,0.04997041618791492,0.04999996403598736,-0.0004930859596741436,-1.6845114428197135e-06,-0.00031061774974150956,-0.0002129347121808678,-1.3009888277792925e-08,-2.45310513830443e-06,-1.3637119204433583e-05,-0.003985661658975144
671,0.08062939740016078,0.04995707777108207,0.049999964911269096,-0.0004920983843182175,-1.4833552295430516e-06,-0.00030862488627807433,-0.0002124975435435772,-1.2759258538608265e-08,-2.439285758495422e-06,-1.3653067409105314e-05,-0.003989489638846653
672,0.08101226282861283,0.0499413751141664,0.04999996577002653,-0.0004910599028687756,-1.3062939051345445e-06,-0.00030665075193323383,-0.00021208298858255148,-1.2429132389968345e-08,-2.4249785215907335e-06,-1.3667369657738847e-05,-0.003992957670453822
673,0.08139245855025123,0.04992337125317267,0.04999996661231537,-0.0004899707144333115,-1.1544018641178116e-06,-0.0003046948127933316,-0.00021168023522477597,-1.2074709232479108e-08,-2.410204732853972e-06,-1.368001264835993e-05,-0.003996061429510128
674,0.08176989891413457,0.049903137084937293,0.04999996743819129,-0.0004888306745160965,-1.028628974327235e-06,-0.00030275657266940566,-0.0002112995134666562,-1.170654950755079e-08,-2.3949599220755376e-06,-1.3690984888382856e-05,-0.003998797022900504
675,0.0821444918773616,0.04988075112943259,0.04999996824769282,-0.0004876410161566984,-9.298456123712577e-07,-0.0003008356450938189,-0.00021093360555823892,-1.1422051748866124e-08,-2.3792647168827487e-06,-1.3700276713123544e-05,-0.004001160985141614
676,0.08251615238345948,0.04985629478104277,0.049999969040854526,-0.0004864015968084642,-8.5878996534798e-07,-0.00029893167733805007,-0.00021059089340269566,-1.1089233531436093e-08,-2.3631352305226663e-06,-1.3707880223814482e-05,-0.004003150248918073
677,0.08288479817647669,0.04982985667203534,0.04999996981774164,-0.0004851124994967613,-8.1609065093804e-07,-0.00029704422277234544,-0.00021025468595325947,-1.0903646874282913e-08,-2.3465841972661207e-06,-1.3713789169520524e-05,-0.004004762097276714
678,0.08325034280052455,0.04980151423363524,0.04999997057843221,-0.000483774109850093,-8.022654308584253e-07,-0.00029517297864181766,-0.00020994192163925618,-1.052110487620439e-08,-2.329628813094776e-06,-1.371799906492766e-05,-0.004005994148919449
679,0.08361271183313985,0.049771366041783324,0.04999997132300455,-0.00048238685499379203,-8.177291571568915e-07,-0.00029331758677036425,-0.0002096477255690843,-1.017602357933356e-08,-2.3122848445651242e-06,-1.3720507217131507e-05,-0.004006844424121505
680,0.08397183298809058,0.04973951349389654,0.049999972051542364,-0.0004809512445758828,-8.627929428365404e-07,-0.0002914777758820728,-0.00020937240333296359,-9.834066894143234e-09,-2.2945681232468975e-06,-1.3721312566209717e-05,-0.0040073113639980595
681,0.08432763933528231,0.04970605863806005,0.04999997276413584,-0.0004794678185557526,-9.376617489936621e-07,-0.00028965317105480233,-0.0002091158676194027,-9.5034486946588e-09,-2.2764947870132908e-06,-1.3720415631933312e-05,-0.0040073937981662516
682,0.08468005781858594,0.04967110973330216,0.04999997346088551,-0.00047793708194476434,-1.04242673271018e-06,-0.00028784365271570644,-0.0002088757901219651,-9.185522564791881e-09,-2.258082779764285e-06,-1.3717818558711548e-05,-0.004007090912529233
683,0.08502902608656727,0.04963477324742058,0.04999997414190499,-0.00047635957840843246,-1.177073921179791e-06,-0.0002860490982281027,-0.00020865436817985028,-8.846325449951564e-09,-2.239349993880138e-06,-1.3713525125070458e-05,-0.004006402275942607
684,0.08537448662785278,0.04959716027233904,0.04999997480731991,-0.00047473594778471443,-1.341480818829702e-06,-0.0002842692386668862,-0.00020845163089688867,-8.542565765878862e-09,-2.220312953173928e-06,-1.3707540641622819e-05,-0.004005327822462718
685,0.08571637770770438,0.04955838190853898,0.04999997545726266,-0.00047306688788857523,-1.5354433079652021e-06,-0.00028250392328258654,-0.000208271128940396,-8.227750925016153e-09,-2.2009888744177696e-06,-1.3699871849113534e-05,-0.004003867831317034
686,0.086054642984288,0.049518550527005,0.04999997609187374,-0.00047135307009120713,-1.7586639832552128e-06,-0.0002807529565627409,-0.00020810464047826827,-7.904097820699008e-09,-2.1813957915886947e-06,-1.3690526904594459e-05,-0.0040020229284494216
687,0.08638922571659131,0.049477784454996614,0.049999976711308666,-0.0004695951481653469,-2.0107275333593833e-06,-0.000279016297350677,-0.00020795674936380237,-7.605253316000926e-09,-2.1615520287650247e-06,-1.3679515447979975e-05,-0.003999794082855615
688,0.08672007811624277,0.04943619515933958,0.04999997731573393,-0.00046779392859763193,-2.291155040678814e-06,-0.0002772941400178857,-0.00020782886713277549,-7.285253733613217e-09,-2.1414775808576985e-06,-1.366684862010968e-05,-0.003997182604263052
689,0.08704715906200307,0.04939389901436882,0.04999997790532572,-0.00046595015835045,-2.599353849809076e-06,-0.0002755860858388418,-0.00020771818526554853,-7.004895774542774e-09,-2.1211868573157076e-06,-1.3652538835543044e-05,-0.003994190130834691
690,0.08737041567891178,0.04935100876503557,0.049999978480267354,-0.0004640647421581824,-2.9346867137262253e-06,-0.00027389211377422173,-0.00020762353960890323,-6.722924439372946e-09,-2.10069823194792e-06,-1.3636599694743775e-05,-0.003990818606623755
691,0.0876898022207703,0.04930763954048805,0.04999997904075136,-0.00046213841921602654,-3.296435856656797e-06,-0.00027221204378261434,-0.0002075454976875335,-6.413171771413317e-09,-2.0800286064137364e-06,-1.3619046002719295e-05,-0.003987070294771147
692,0.0880052785048232,0.049263907181718476,0.04999997958697966,-0.00046017217070467014,-3.6837465856314875e-06,-0.00027054594857160865,-0.0002074872172670439,-6.1515708082993115e-09,-2.0591967216738647e-06,-1.3599893769843307e-05,-0.003982947771646215
693,0.08831680745536374,0.0492199224370904,0.04999998011915726,-0.0004581669075185274,-4.095768276879196e-06,-0.00026889402544464606,-0.00020744060748256743,-5.892819565644913e-09,-2.038221398274213e-06,-1.3579160300597642e-05,-0.003978453886112935
694,0.08862435729131836,0.04917579330808695,0.04999998063749567,-0.00045612354729985844,-4.531579361739027e-06,-0.0002672559893645012,-0.00020741636399179697,-5.651197731992852e-09,-2.0171166633761175e-06,-1.3556863964445552e-05,-0.00397359175593049
695,0.08892788519115408,0.04913162434606726,0.049999981142214316,-0.00045404301217761916,-4.9902234663270406e-06,-0.00026563185845462526,-0.00020740267063956708,-5.370533795456822e-09,-1.9959008979255753e-06,-1.35330241562711e-05,-0.003968364781413688
696,0.08922736136810744,0.04908753388642486,0.049999981633539164,-0.00045192630995823904,-5.470599786597339e-06,-0.00026402154764982,-0.00020740540639963,-5.1670343559351295e-09,-1.974588704970796e-06,-1.3507661281583658e-05,-0.003962776630049241
697,0.08952275250332026,0.0490436135079777,0.04999998211169956,-0.0004497744541435236,-5.971663274934634e-06,-0.00026242512573569166,-0.00020742537162732333,-4.942186659917525e-09,-1.9531974940248894e-06,-1.3480796680199416e-05,-0.00395683119244847
698,0.08981402932990323,0.048999970104226284,0.049999982576929045,-0.0004475884210838835,-6.492329730958974e-06,-0.000260842884928208,-0.0002074580843327567,-4.720205115660292e-09,-1.9317443687526583e-06,-1.3452452760112333e-05,-0.003950532611969738
699,0.09010117587484638,0.0489566934646594,0.049999983029463235,-0.00044536934058936757,-7.031388851087639e-06,-0.00025927456336581183,-0.0002075055381283164,-4.504272066441217e-09,-1.9102429735431674e-06,-1.3422652829830289e-05,-0.003943885285385741
700,0.09038415942295545,0.048913887117722404,0.04999998346953999,-0.00044311823085583125,-7.587618773688415e-06,-0.0002577202151685377,-0.0002075636584777385,-4.348684967681038e-09,-1.8887077833237533e-06,-1.3391420927144502e-05,-0.0039368937901743594
701,0.09066295334784409,0.048871633979702,0.04999998389740413,-0.0004408360654318487,-8.159912857631736e-06,-0.00025617977524977864,-0.0002076387027045712,-4.148466903330927e-09,-1.8671528353340668e-06,-1.3358781808482136e-05,-0.0039295629062467115
702,0.0909375389225454,0.04883002575816275,0.04999998431329877,-0.0004385240899292177,-8.746988999248476e-06,-0.0002546533576802177,-0.00020772461721207947,-3.99106703241614e-09,-1.8455928811610808e-06,-1.3324760937939083e-05,-0.003921897624432067
703,0.091207896701739,0.0487891400539918,0.049999984717464724,-0.0004361833335605848,-9.347615252770902e-06,-0.00025314122489821514,-0.0002078251272905618,-3.838989570681406e-09,-1.8240435644246285e-06,-1.3289384621433958e-05,-0.003913903098769322
704,0.09147401311720121,0.048749054193667825,0.04999998511014556,-0.0004338148978315596,-9.960584597034758e-06,-0.00025164318621980316,-0.00020793853036593646,-3.683513938312899e-09,-1.802515976269309e-06,-1.3252679885467374e-05,-0.0039055846598287773
705,0.09173586749974254,0.04870984611268771,0.04999998549158522,-0.00043141988900961126,-1.058458987810378e-05,-0.0002501593128246847,-0.00020806024258490652,-3.570363560356782e-09,-1.7810222130932945e-06,-1.32146742273082e-05,-0.0038969477908441354
706,0.0919934426289625,0.04867157568706426,0.049999985862031,-0.00042899932613557666,-1.1218480717751753e-05,-0.0002486895592276115,-0.00020819265046156943,-3.4321796515968117e-09,-1.7595743817230775e-06,-1.3175395621758933e-05,-0.0038879981174287817
707,0.09224672645529125,0.04863431238918457,0.049999986221729034,-0.0004265544074374946,-1.1860942413894678e-05,-0.00024723406431961803,-0.0002083394501823932,-3.3237943508623857e-09,-1.7381854876140541e-06,-1.3134872591304495e-05,-0.00387874140132112
708,0.09249570700609056,0.04859812146197586,0.049999986570923555,-0.0004240861692309246,-1.251080832189248e-05,-0.0002457930196214814,-0.00020849409338552505,-3.2407339034534743e-09,-1.7168672001669333e-06,-1.3093134219046303e-05,-0.003869183503453925
709,0.09274037822953407,0.04856304651373481,0.04999998690985602,-0.00042159579639087916,-1.3166900085213621e-05,-0.0002443660896781031,-0.00020866024715360254,-3.1340572359539465e-09,-1.695627914664176e-06,-1.3050209962384212e-05,-0.0038593303973121144
710,0.09298072231050243,0.04852914770300907,0.04999998723876556,-0.00041908432433089863,-1.3827997860904444e-05,-0.00024295351220142162,-0.0002088375622406602,-3.049859698123214e-09,-1.6744790160007292e-06,-1.3006129609785061e-05,-0.0038491881715182956
711,0.09321673739206403,0.04849646757674502,0.049999987557890896,-0.0004165528982005119,-1.4492930641363294e-05,-0.00024155528538772947,-0.0002090235211653635,-2.9674951385061377e-09,-1.6534300218955532e-06,-1.2960923244442844e-05,-0.003838763027218175
712,0.09344841927031859,0.04846505250155872,0.04999998786746516,-0.0004140026807722695,-1.5160458927684565e-05,-0.00024017147902271588,-0.0002092154900310561,-2.90268342695299e-09,-1.6324913545085946e-06,-1.2914621312716584e-05,-0.0038280612443150654
713,0.0936757620344252,0.04843494111576103,0.049999988167718085,-0.0004114347212821033,-1.582953523234026e-05,-0.00023880236132568404,-0.00020942292758263648,-2.854571468091649e-09,-1.6116723536792837e-06,-1.2867254677922988e-05,-0.003817089153751123
714,0.09389876786212974,0.04840615772952439,0.04999998845887696,-0.00040885011770430685,-1.6499076218365795e-05,-0.0002374475365392732,-0.00020963817951269448,-2.804996013239247e-09,-1.5909784832488706e-06,-1.281885431806832e-05,-0.0038058531398919905
715,0.09411742505007094,0.048378741324046376,0.049999988741166776,-0.0004062499041659131,-1.7168062012876217e-05,-0.00023610725763935697,-0.00020985880109947175,-2.751535665979077e-09,-1.5704192970805637e-06,-1.276945129790703e-05,-0.003794359653337748
716,0.09433174146933954,0.04835271738770425,0.04999998901480724,-0.00040363525726645825,-1.7835342812114038e-05,-0.00023478149293465795,-0.00021008600015193224,-2.7053355111661403e-09,-1.5500017166961271e-06,-1.2719076851561507e-05,-0.003782615207416538
717,0.09454171571998661,0.04832810555481471,0.04999998928001464,-0.00040100715768611047,-1.849994002744037e-05,-0.00023347032613818907,-0.0002103253937093541,-2.6851421086604432e-09,-1.529733530596765e-06,-1.2667762355666563e-05,-0.0037706263463156003
718,0.09474735300990478,0.048304928581587823,0.049999989537000966,-0.0003983667476493219,-1.9160889234886503e-05,-0.00023217398970563755,-0.00021057369303889573,-2.644018115560698e-09,-1.5096219968591498e-06,-1.2615539361581443e-05,-0.003758399655976314
719,0.09494866281429254,0.048283193572188125,0.04999998978597045,-0.00039571509724585155,-1.9817195867890653e-05,-0.00023089213560852922,-0.00021082733292132616,-2.637288165630025e-09,-1.4896705575720595e-06,-1.2562439405703925e-05,-0.003745941724451198
720,0.09514563923672517,0.048262910180160254,0.04999999002712744,-0.000393053080932907,-2.0468126227771973e-05,-0.00022962494307013782,-0.00021108961664140224,-2.6119344465058703e-09,-1.4698860444899206e-06,-1.2508493935793785e-05,-0.0037332591480590256
721,0.09533829650936432,0.048244087689114964,0.049999990260671555,-0.00039038187596352283,-2.111268397505305e-05,-0.00022837240588713406,-0.00021135632414370775,-2.6064401748016053e-09,-1.450273997651574e-06,-1.2453734402085983e-05,-0.0037203585413198344
722,0.09552664079214418,0.048226734521482045,0.0499999904867953,-0.000387702416642979,-2.175010183890015e-05,-0.00022713457441242784,-0.00021163323253858835,-2.582879243817615e-09,-1.4308394300695234e-06,-1.2398192239157804e-05,-0.003707246524841192
723,0.095710684651956,0.04821084860697272,0.049999990705687024,-0.0003850157671449919,-2.2379497511533497e-05,-0.00022591165343906753,-0.00021191655832808465,-2.5799400393822225e-09,-1.4115875453690753e-06,-1.2341898899043873e-05,-0.0036939297347754747
724,0.09589044234401636,0.048196418324226255,0.04999999091752925,-0.0003823228935553041,-2.3000127764589327e-05,-0.0002247033066632188,-0.0002122064179275185,-2.5855746432768e-09,-1.3925202933770587e-06,-1.2284885642593335e-05,-0.0036804147814443675
725,0.09606591877713122,0.048183451951945365,0.049999991122502224,-0.00037962469796750764,-2.3611335810816398e-05,-0.0002235096923021893,-0.00021250614372547716,-2.587781766649755e-09,-1.3736425162550507e-06,-1.2227183528324403e-05,-0.003666708246210451
726,0.0962371313936707,0.04817192947799464,0.04999999132078048,-0.00037692220045069,-2.4212455334782386e-05,-0.00022233084908666653,-0.00021280767396092415,-2.5836277561808174e-09,-1.3549575264841226e-06,-1.2168823470910251e-05,-0.0036528166939381167
727,0.09640409544725573,0.04816184620408143,0.049999991512534564,-0.0003742162515709528,-2.4802797303991096e-05,-0.00022116677215944922,-0.00021311608725227416,-2.5813564619170393e-09,-1.3364688130846496e-06,-1.210983619713966e-05,-0.0036387466754674103
728,0.09656682830818718,0.04815318616452801,0.04999999169793167,-0.0003715078285136809,-2.5381721231688758e-05,-0.00022001761320856683,-0.00021343676780816168,-2.594454651116962e-09,-1.3181791304457664e-06,-1.20502523058186e-05,-0.0036245047177467767
729,0.09672535110439726,0.0481459246719529,0.04999999187712884,-0.00036879792280550657,-2.5948711569066517e-05,-0.00021888303465313118,-0.00021375999494921416,-2.6056046209532724e-09,-1.3000894087759412e-06,-1.199010207834507e-05,-0.00361009730603084
730,0.09687967574203622,0.04814005390620424,0.04999999205027965,-0.0003660872860252477,-2.6503212849232038e-05,-0.00021776326461164105,-0.00021408959582913667,-2.6042010770055413e-09,-1.2822030559353797e-06,-1.1929415487493493e-05,-0.0035955308873553086
731,0.09702982639818958,0.048135553713140614,0.04999999221753873,-0.00036337675752043744,-2.7044701767917937e-05,-0.00021665820934871263,-0.00021442328579723835,-2.6264888042248913e-09,-1.264521540206531e-06,-1.1868222266643669e-05,-0.0035808118632422977
732,0.09717582330031468,0.04813239543319428,0.04999999237905573,-0.0003606672171404603,-2.7572751181165278e-05,-0.0002155679343979911,-0.0002147680352209136,-2.632007278791093e-09,-1.2470466771653107e-06,-1.1806551833697542e-05,-0.003565946592177357
733,0.09731769154822695,0.04813055841227507,0.04999999253497291,-0.00035795954289025053,-2.808686614709433e-05,-0.00021449253019127485,-0.00021511634986381978,-2.660381914765253e-09,-1.2297804506473903e-06,-1.1744433341422065e-05,-0.0035509413740817545
734,0.09745545567086537,0.048130008093917986,0.04999999268542582,-0.0003552545493465437,-2.858676527777321e-05,-0.00021343170645424632,-0.00021546942298300564,-2.660284437183691e-09,-1.212722414541102e-06,-1.1681895581178238e-05,-0.003535802451322509
735,0.09758913687597824,0.04813072989151054,0.04999999283054765,-0.0003525529550302817,-2.9071956031371107e-05,-0.00021238559634610525,-0.00021583233319688588,-2.67679900467499e-09,-1.1958737602111657e-06,-1.1618966902568265e-05,-0.0035205360132632767
736,0.09771876305161513,0.04813267751221931,0.04999999297046934,-0.0003498555421232043,-2.954224437794623e-05,-0.00021135417445953305,-0.00021619645121973008,-2.68122768432022e-09,-1.179235669880203e-06,-1.1555675320055451e-05,-0.0035051481949216513
737,0.0978443623741879,0.04813583756642413,0.04999999310531795,-0.0003471630424192211,-2.999716371384358e-05,-0.00021033744674976444,-0.00021656800527125597,-2.708657298455819e-09,-1.1628085700102367e-06,-1.1492048455523962e-05,-0.0034896450857347504
738,0.09796596434312735,0.04814017349446684,0.04999999323521594,-0.00034447624752855546,-3.043643731184494e-05,-0.00020933549907108378,-0.00021694709721487015,-2.722479131023192e-09,-1.1465930970596457e-06,-1.1428113574199744e-05,-0.0034740327021785134
739,0.09808359997321547,0.04814564353830941,0.0499999933602781,-0.0003417959079228282,-3.085988417321156e-05,-0.00020834803990943995,-0.00021733043831773102,-2.7308844074980243e-09,-1.1305878829019466e-06,-1.1363897520188628e-05,-0.003458316986782703
740,0.09819729523258879,0.04815222573092888,0.04999999348061793,-0.00033912258366962963,-3.126730220841157e-05,-0.00020737520660871049,-0.0002177192218368873,-2.7405253621992642e-09,-1.114793468379789e-06,-1.1299426625925611e-05,-0.003442503817558506
741,0.09830708485848952,0.04815987894162491,0.04999999359634805,-0.0003364569970373595,-3.165844286827222e-05,-0.00020641692789124383,-0.000218116634641774,-2.7532787161277383e-09,-1.0992094329833622e-06,-1.1234726816804944e-05,-0.0034265990084580535
742,0.09841300133141441,0.048168563722632556,0.04999999370757496,-0.00033379983444589353,-3.203315632378842e-05,-0.00020547322055879948,-0.00021851547353435308,-2.7834152760419784e-09,-1.0838357587998382e-06,-1.1169823558860992e-05,-0.0034106082964689057
743,0.09851507872409171,0.04817825857148325,0.04999999381440192,-0.00033115168743150046,-3.2391282546191076e-05,-0.00020454416966167793,-0.00021891985670663416,-2.7860325158002297e-09,-1.0686724712878267e-06,-1.1104741920479033e-05,-0.0033945373478819238
744,0.098613353810136,0.04818891660600008,0.04999999391692817,-0.0003285132364337822,-3.2732670512585854e-05,-0.0002036294718974587,-0.0002193321706727147,-2.7942470559594312e-09,-1.0537170067585983e-06,-1.1039506507943635e-05,-0.0033783917494374822
745,0.0987078579731268,0.048200504387628906,0.04999999401525043,-0.000325884971800855,-3.30573381044013e-05,-0.00020272925147258892,-0.00021974970877636224,-2.8142659314056573e-09,-1.0389694214172654e-06,-1.0974141353111704e-05,-0.003362177009168968
746,0.0987986305920941,0.048212985202666946,0.049999994109463784,-0.0003232675191714824,-3.336511543218623e-05,-0.00020184342753987053,-0.00022017271840013564,-2.8192648215963345e-09,-1.024428556773991e-06,-1.0908670009718875e-05,-0.003345898573002541
747,0.09888570943951089,0.04822632190040928,0.049999994199657144,-0.00032066149898228135,-3.3655909036656295e-05,-0.00020097196131212177,-0.00022059875482227653,-2.8266258222942042e-09,-1.0100934399697813e-06,-1.0843115568818029e-05,-0.003329561794673739
748,0.0989691318132157,0.04824047218081077,0.04999999428591586,-0.0003180673825220538,-3.392984045025615e-05,-0.00020011498713902624,-0.00022103280934970826,-2.840813140281284e-09,-9.95963624426584e-07,-1.0777500720716972e-05,-0.0033131719516418857
749,0.09904893975365794,0.04825540529576539,0.04999999436832285,-0.0003154857399233742,-3.418672630314938e-05,-0.00019927219254767798,-0.0002214720007032156,-2.843592472601131e-09,-9.820360446105763e-07,-1.0711847599682687e-05,-0.0032967342418079855
750,0.09912516937554261,0.048271079798282185,0.04999999444696022,-0.00031291695440012956,-3.442674799700396e-05,-0.00019844364193651964,-0.00022191549942363054,-2.8565063647789657e-09,-9.683101641910255e-07,-1.0646177780575227e-05,-0.003280253775072711
751,0.0991978639324828,0.048287459464376854,0.049999994521906475,-0.00031036163403125615,-3.4649814679270266e-05,-0.0001976294806039323,-0.00022236423683352768,-2.8634767890167723e-09,-9.54784882162999e-07,-1.0580512369621764e-05,-0.003263735587191433
752,0.09926706624348318,0.04830450607100577,0.04999999459323513,-0.0003078202021947597,-3.4856027433244003e-05,-0.00019682925194421382,-0.00022281821293290704,-2.8663158513353437e-09,-9.414573517495947e-07,-1.0514871937097062e-05,-0.0032471846220389934
753,0.09933281500258903,0.048322185748689434,0.04999999466101864,-0.00030529307720392955,-3.504547102980115e-05,-0.00019604345495697579,-0.00022327968326862901,-2.8826250275670873e-09,-9.283280609106692e-07,-1.0449276625051729e-05,-0.003230605754801146
754,0.09939515898482927,0.04834046101499659,0.04999999472532317,-0.0003027808479633597,-3.5218092908411745e-05,-0.00019527141029308014,-0.00022373968386091292,-2.8828324172280873e-09,-9.153926192148689e-07,-1.0383746026300479e-05,-0.0032140037604208196
755,0.09945413471737558,0.04835930289199813,0.049999994786216195,-0.0003002836285998072,-3.537422795820916e-05,-0.0001945135518330024,-0.0002242094196844846,-2.8851530053941588e-09,-9.02651254066675e-07,-1.0318299157751292e-05,-0.0031973833262942935
756,0.0995097923693902,0.048378666922424235,0.04999999484376345,-0.0002978020813159441,-3.5513763209149197e-05,-0.00019376964614103317,-0.00022468400129582733,-2.89280532861369e-09,-8.901012130694246e-07,-1.0252954543937866e-05,-0.0031807490776576265
757,0.09956217464669237,0.048398524694671874,0.04999999489802558,-0.00029533643543914816,-3.563689604359162e-05,-0.0001930396135932284,-0.00022516437456943095,-2.886260119794315e-09,-8.777410232266728e-07,-1.018773020994769e-05,-0.003164105559414397
758,0.09961132776335155,0.048418836854106966,0.0499999949490616,-0.00029288717908054,-3.574367097131763e-05,-0.00019232351932991435,-0.0002256466104881838,-2.900707674058367e-09,-8.655691332741634e-07,-1.01226437770336e-05,-0.0031474572105973384
759,0.0996572977024157,0.04843957209789365,0.04999999499692531,-0.0002904546033800896,-3.583447923150994e-05,-0.0001916211060958076,-0.00022613535111304373,-2.8913147431808284e-09,-8.53582321408782e-07,-1.0057712284317613e-05,-0.0031308083765040234
760,0.09970013014850454,0.048460696287092125,0.049999995041672136,-0.00028803896202184625,-3.590931804875764e-05,-0.00019093238761000295,-0.00022662850096821785,-2.8920454919756367e-09,-8.417791714306691e-07,-9.992952219601736e-06,-0.003114163339961697
761,0.09973987310444933,0.04848217801907301,0.049999995083354884,-0.00028564067762652513,-3.5968396440089244e-05,-0.00019025752351666152,-0.0002271249977638945,-2.898667528228316e-09,-8.301584181280318e-07,-9.928379611590565e-06,-0.003097526271306366
762,0.09977657469096243,0.048503984454666436,0.04999999512202272,-0.00028325997007238956,-3.60120547885617e-05,-0.00018959606502616869,-0.00022762571461498737,-2.883247640639297e-09,-8.187166663133269e-07,-9.864009977123493e-06,-0.0030809012503287625
763,0.09981028141701342,0.04852608343723927,0.049999995157725075,-0.00028089711491213336,-3.6040379076264716e-05,-0.0001889484087347221,-0.0002281296328874305,-2.887246663973997e-09,-8.074535347260513e-07,-9.799858401185135e-06,-0.003064292289034923
764,0.09984104420807714,0.048548443926133694,0.04999999519050555,-0.0002785525250130929,-3.6053587052205196e-05,-0.00018831395501851998,-0.00022863897902425379,-2.880111038550126e-09,-7.963646866117915e-07,-9.735939438406477e-06,-0.0030477033059405473
765,0.09986890902926793,0.04857103844266916,0.04999999522040903,-0.00027622619751834865,-3.605194796170352e-05,-0.00018769306754119774,-0.00022915353474672884,-2.8775470894970567e-09,-7.854496286678001e-07,-9.672267078141034e-06,-0.003031138122203065
766,0.0998939273506978,0.0485938324674956,0.049999995247479126,-0.0002739185921957544,-3.603575614533039e-05,-0.0001870855168395536,-0.00022967217955738306,-2.8764841619732806e-09,-7.747058401334478e-07,-9.608854879811111e-06,-0.0030146004796149854
767,0.0999161480126862,0.04861680498554907,0.04999999527175458,-0.0002716298204336208,-3.6005145819372146e-05,-0.00018649125573710554,-0.00023019495711196214,-2.86434231888677e-09,-7.641311921618516e-07,-9.545715941760667e-06,-0.0029980940314007515
768,0.09993562082803154,0.04863992034938508,0.049999995293275576,-0.00026936009387216244,-3.5960512736530074e-05,-0.0001859102863790432,-0.00023072143085300922,-2.8602358259632865e-09,-7.537240024561016e-07,-9.482862972019457e-06,-0.0029816223417860584
769,0.09995239634866754,0.04866315771099209,0.04999999531207814,-0.0002671096795556028,-3.590200509304809e-05,-0.0001853423326549793,-0.00023124813742469996,-2.8525668493983858e-09,-7.434806675626137e-07,-9.42030811716041e-06,-0.002965188877820757
770,0.09996652428430103,0.04868648734555123,0.049999995328197246,-0.0002648786548589351,-3.583010017828829e-05,-0.00018478742043855927,-0.00023178034462034702,-2.8394886442129064e-09,-7.334000695171866e-07,-9.358063009394927e-06,-0.0029487970247991106
771,0.09997805581480901,0.048709884933167184,0.04999999534166727,-0.00026266726136259716,-3.5744854303546825e-05,-0.0001842456571269763,-0.00023231639352161437,-2.83463585937227e-09,-7.234803901932312e-07,-9.296138940550516e-06,-0.002932450100765908
772,0.09998704195913213,0.048733323444389076,0.04999999535251842,-0.0002604756925442155,-3.564661270943029e-05,-0.0001837166729730477,-0.00023285589122679085,-2.827971634644655e-09,-7.137185174903535e-07,-9.234546697898675e-06,-0.0029161513249124187
773,0.09999353323628991,0.04875678645861574,0.04999999536078289,-0.0002583039304195457,-3.553571064191978e-05,-0.00018320075010147573,-0.00023339982726611197,-2.8084135017536482e-09,-7.041135036779158e-07,-9.173296672241942e-06,-0.002899903809540187
774,0.09999758111874371,0.04878024113025156,0.04999999536648989,-0.00025615227734891564,-3.541262174196364e-05,-0.00018269730024408014,-0.0002339455095352605,-2.811165300542484e-09,-6.946611741116347e-07,-9.112398745692608e-06,-0.0028837105826675855
775,0.09999923673098873,0.048803678207871154,0.049999995369666414,-0.0002540206812227364,-3.527749585252286e-05,-0.00018220650551065918,-0.0002344958484172821,-2.7931734702946187e-09,-6.853611784099135e-07,-9.051862330051648e-06,-0.0028675746030511016
776,0.0999985515933331,0.04882707371991001,0.04999999537034014,-0.00025190933214678477,-3.5130650612325676e-05,-0.00018172838217833217,-0.0002350460272282362,-2.784023234170263e-09,-6.762113145184812e-07,-8.991696562540357e-06,-0.0028514987293588342
777,0.09999557706300594,0.04885040408118147,0.04999999536853378,-0.0002498182948782504,-3.497251325844475e-05,-0.0001812624910518626,-0.0002356012410018593,-2.775837337765097e-09,-6.672087811201868e-07,-8.931910107323981e-06,-0.0028354857322329336
778,0.09999036481888328,0.04887366106535252,0.049999995364269814,-0.0002477475651943006,-3.480330905774545e-05,-0.0001808093977456257,-0.00023616349790245295,-2.7796647206201897e-09,-6.583530345681913e-07,-8.872511316237186e-06,-0.0028195383472309904
779,0.09998296580428438,0.04889682758762785,0.0499999953575607,-0.0002456981663514399,-3.462303674960268e-05,-0.0001803686055461581,-0.00023672547831665725,-2.7438713523508795e-09,-6.496397244731265e-07,-8.813508044981154e-06,-0.002803659272614616
780,0.0999734319295169,0.048919892428049006,0.0499999953484267,-0.00024366908532104522,-3.443210475993871e-05,-0.00017994022698481277,-0.00023728352971374989,-2.7002589053637394e-09,-6.410682368617909e-07,-8.754907666344703e-06,-0.0027878510673894456
781,0.0999618145752395,0.04894281604194986,0.049999995336903524,-0.00024166040389471898,-3.423123515673649e-05,-0.00017952412043152602,-0.0002378420758759603,-2.679705124464249e-09,-6.326353907955911e-07,-8.696717268499337e-06,-0.0027721161185834593
782,0.09994816533309832,0.048965544979924,0.0499999953230157,-0.00023967237170493852,-3.4021108328946506e-05,-0.00017912001092769482,-0.00023840906214900315,-2.6939350750154745e-09,-6.243397499195756e-07,-8.638943522193629e-06,-0.002756456741836605
783,0.0999325358007901,0.04898810836750517,0.04999999530678304,-0.0002377049410822152,-3.380160949541437e-05,-0.00017872811892364447,-0.00023898003564681858,-2.6800461849774138e-09,-6.161796938714315e-07,-8.581592779997748e-06,-0.0027408752338896666
784,0.09991497583213237,0.0490104828337745,0.04999999528822177,-0.0002357583775479749,-3.357300825944572e-05,-0.00017834794690935532,-0.00023954969947226346,-2.6618376391951415e-09,-6.081521823495213e-07,-8.524670962380606e-06,-0.0027253737951626147
785,0.09989553854736521,0.04903266685323182,0.04999999526734801,-0.00023383241999099576,-3.333586196307737e-05,-0.00017797961002794112,-0.0002401238161837682,-2.649067187832088e-09,-6.00256217621358e-07,-8.468183626551294e-06,-0.0027099545362805596
786,0.09987427386150884,0.049054646717068856,0.049999995244181146,-0.0002319272189624682,-3.3090361261716014e-05,-0.00017762323919586056,-0.00024070257495623082,-2.6353916826593604e-09,-5.924899990117101e-07,-8.412136051592998e-06,-0.002694619504532556
787,0.09985123172706394,0.04907640417976544,0.04999999521873622,-0.0002300427683570185,-3.283686988412604e-05,-0.0001772783962635008,-0.00024127804499585181,-2.61120902678158e-09,-5.848507588707727e-07,-8.35653311729053e-06,-0.002679370658819496
788,0.09982646435169164,0.04909793088381405,0.04999999519103006,-0.0002281789780068776,-3.257578861667998e-05,-0.00017694533414072878,-0.00024185636721085757,-2.5929660640855445e-09,-5.773379687235864e-07,-8.301379472993866e-06,-0.002664209890806962
789,0.09980001966978685,0.049119218200584985,0.04999999516107443,-0.00022633604236672823,-3.230731863328262e-05,-0.00017662356594967647,-0.00024243714869953692,-2.5778426060441006e-09,-5.699479905503944e-07,-8.246679443741402e-06,-0.0026491390183287565
790,0.09977195059876894,0.049140258377173826,0.049999995128882056,-0.00022451367665819304,-3.2031912515241516e-05,-0.00017631319636278797,-0.00024301906523760408,-2.559830791781792e-09,-5.626796759681542e-07,-8.192436915561927e-06,-0.002634159766776807
791,0.09974230592801056,0.04916103907598901,0.04999999509446981,-0.00022271194881358193,-3.174994443502226e-05,-0.0001760142603856293,-0.00024360130191780627,-2.5425082039731706e-09,-5.555317366668419e-07,-8.1386555371825e-06,-0.0026192737927381964
792,0.09971113401311216,0.04918155456525777,0.04999999505784959,-0.00022093083708821647,-3.1461659594010604e-05,-0.00017572639954080492,-0.00024418553221039474,-2.524516373725305e-09,-5.485016072562972e-07,-8.085338679959164e-06,-0.0026044826873692344
793,0.09967848593432324,0.049201797611239315,0.049999995019033225,-0.00021917027557950082,-3.116740392664661e-05,-0.00017544990106787065,-0.0002447713050059974,-2.50992981953857e-09,-5.415886367705125e-07,-8.03248951450373e-06,-0.002589787986402236
794,0.09964440745382053,0.04922176476755656,0.04999999497803029,-0.00021743034054892102,-3.086735025739769e-05,-0.00017518423138892212,-0.00024535911506973207,-2.487265948758477e-09,-5.347891612493427e-07,-7.98011087170673e-06,-0.002575191145758917
795,0.09960895139190133,0.049241449991198484,0.049999994934853076,-0.00021571076171827608,-3.056204887705255e-05,-0.00017492953010495867,-0.00024594514979980886,-2.462587245233294e-09,-5.281023854076618e-07,-7.92820521620901e-06,-0.0025606935348260365
796,0.09957216404722519,0.04926084585395218,0.04999999488951694,-0.00021401158598272,-3.025175926641483e-05,-0.00017468581605882286,-0.0002465306024532765,-2.446099101049981e-09,-5.215267519214296e-07,-7.876774842692106e-06,-0.002546296473761253
797,0.09953409174350152,0.04927993851559234,0.049999994842032616,-0.00021233276436620366,-2.9936695023644085e-05,-0.00017445275464123407,-0.0002471209445502609,-2.423364398040917e-09,-5.150599034986488e-07,-7.825821737823944e-06,-0.002532001202865772
798,0.09949478481744406,0.04929872882142105,0.04999999479241421,-0.00021067403637295017,-2.9617377179094474e-05,-0.0001742304846165428,-0.00024771151947788894,-2.4120596631149738e-09,-5.087013980606288e-07,-7.775347651146158e-06,-0.0025178088741243674
799,0.0994542870631428,0.04931720975099184,0.0499999947406744,-0.0002090354072722457,-2.9294092103483458e-05,-0.0001740183304610044,-0.00024830069742165506,-2.4009831900428935e-09,-5.024494123425224e-07,-7.7253540588924e-06,-0.0025037205622226466
800,0.0994126489178593,0.049335387848151196,0.04999999468682511,-0.00020741639708415422,-2.896720548988918e-05,-0.00017381664606344938,-0.0002488954341970384,-2.385977637686665e-09,-4.963001592044591e-07,-7.675842244960944e-06,-0.002489737309712953
801,0.09936991568096491,0.04935326665955528,0.04999999463086707,-0.00020581823503953075,-2.8636610280130333e-05,-0.0001736256291338722,-0.00024949118960648775,-2.377367414041487e-09,-4.902542828876638e-07,-7.626813365789409e-06,-0.0024758601687992847
802,0.09932612811876772,0.04937084775438055,0.049999994572802284,-0.0002042398347306457,-2.8302540018883527e-05,-0.00017344493845289534,-0.00025008045486174524,-2.315711178368929e-09,-4.843093367194413e-07,-7.578268241769337e-06,-0.0024620901009405356
803,0.09928133614161876,0.04938811966067824,0.049999994512657964,-0.00020268083913791836,-2.796562530218373e-05,-0.00017327449275584693,-0.0002506673044990748,-2.2999762094855214e-09,-4.784638043566576e-07,-7.530207509453133e-06,-0.00244842791000965
804,0.09923558409307388,0.04940504091173083,0.049999994450454666,-0.00020114147808155278,-2.762658392607934e-05,-0.0001731139025109902,-0.00025126218679361045,-2.297595891320725e-09,-4.727157505054569e-07,-7.482631584377531e-06,-0.002434874346477253
805,0.09918891727493094,0.04942164903775351,0.049999994386202916,-0.00019962156561256683,-2.7285156073750963e-05,-0.00017296322615697362,-0.0002518567198421806,-2.2868371640782925e-09,-4.6706423350499205e-07,-7.435540629990285e-06,-0.0024214301558369133
806,0.09914137797197588,0.04943794080425279,0.04999999431991606,-0.00019812105162097423,-2.694169038014608e-05,-0.00017282251106868595,-0.00025244904099963605,-2.2601305271763295e-09,-4.6150788239151065e-07,-7.388934654710487e-06,-0.002408096013597788
807,0.09909300821485761,0.04945391306808219,0.04999999425160562,-0.0001966397987082641,-2.6596488168792276e-05,-0.00017269140116236308,-0.0002530432539060712,-2.233777607330012e-09,-4.560449011058041e-07,-7.3428134861133375e-06,-0.0023948725369794476
808,0.09904385310822361,0.04946957062778041,0.04999999418128386,-0.00019517767605330507,-2.6249805209439136e-05,-0.00017257011788052588,-0.00025363833992742,-2.2257529153080213e-09,-4.5067456017022405e-07,-7.297176831777951e-06,-0.002381760289400103
809,0.09899395111250076,0.04948491021912052,0.04999999410896202,-0.00019373459397984424,-2.5901871171555425e-05,-0.00017245817536472047,-0.0002542321744840592,-2.2006561017917647e-09,-4.4539425660603066e-07,-7.252024195675819e-06,-0.0023687597910760465
810,0.09894334800082656,0.04949993814145001,0.04999999403465378,-0.00019231033603349146,-2.5552881082282056e-05,-0.00017235562978277998,-0.00025482961791567504,-2.1933936888984817e-09,-4.402032099220309e-07,-7.2073548444743375e-06,-0.0023558715126191427
811,0.09889208273495727,0.04951465340205562,0.0499999939583733,-0.000190904842798354,-2.520310738880352e-05,-0.00017226252271907108,-0.0002554237435106188,-2.1717854181702023e-09,-4.35100395936814e-07,-7.1631679698880645e-06,-0.00234309587836899
812,0.098840193338538,0.04952905778937896,0.04999999388013085,-0.00018951801414916937,-2.4852710744357718e-05,-0.00017217852464308485,-0.0002560177817940712,-2.1504189540166863e-09,-4.3008385715125633e-07,-7.119462600563558e-06,-0.0023304332550402383
813,0.09878772366320679,0.04954315601644274,0.04999999379994043,-0.00018814957810293323,-2.450204610438739e-05,-0.0001721037815158524,-0.00025661286781542003,-2.134164844846964e-09,-4.2515293032591594e-07,-7.0762376227669015e-06,-0.002317883948411755
814,0.09873470889096186,0.049556946058848146,0.04999999371781658,-0.00018679950470510583,-2.415128837774136e-05,-0.00017203785937233766,-0.0002572098164819181,-2.1138100159134865e-09,-4.2030546493355376e-07,-7.033491777403402e-06,-0.0023054482158945417
815,0.09868119245552574,0.04957043500379957,0.04999999363377379,-0.0001854675361549841,-2.3800699424711093e-05,-0.00017198080876899943,-0.0002578023704700172,-2.105231322602208e-09,-4.1554061141076897e-07,-6.99122359525468e-06,-0.0022931262858545062
816,0.09862720854507999,0.049583625316925076,0.04999999354782727,-0.0001841536400139404,-2.3450302082109517e-05,-0.00017193262013344933,-0.00025839763111434877,-2.0792048083251302e-09,-4.108575139467757e-07,-6.949431573011734e-06,-0.002280918358545638
817,0.09857279352217146,0.0495965161777935,0.0499999934599885,-0.00018285766192163426,-2.310036843972123e-05,-0.0001718929965050631,-0.0002589936484582722,-2.0662698219098274e-09,-4.0625418662351347e-07,-6.908114075920553e-06,-0.0022688245770511556
818,0.09851798713014752,0.04960911294749551,0.049999993370271535,-0.00018157938240759755,-2.2751126618749488e-05,-0.0001718621132886168,-0.0002595919359009713,-2.0545349865841445e-09,-4.0173027979210836e-07,-6.867269317034606e-06,-0.002256845025912517
819,0.0984628217864682,0.049621416330637685,0.04999999327869134,-0.00018031869084330179,-2.2402821431297568e-05,-0.00017183919198935976,-0.00026018297648988664,-2.0266752720488057e-09,-3.972883183803045e-07,-6.826895373483333e-06,-0.0022449797146040255
820,0.09840733688084626,0.049633431552773444,0.049999993185269445,-0.0001790746360922391,-2.205584095596765e-05,-0.0001718245240938086,-0.00026078554219566286,-1.998798238034283e-09,-3.9291741771292127e-07,-6.786990319749264e-06,-0.002233228632222513
821,0.09835157020691702,0.04964516978425779,0.04999999309000522,-0.00017784905394156893,-2.1709890380314974e-05,-0.00017181839254270446,-0.0002613862743601203,-2.0552544111041016e-09,-3.886227390180041e-07,-6.7475522050369575e-06,-0.0022215918416603683
822,0.09829554288945898,0.04965664646202387,0.0499999929928947,-0.00017664053620218724,-2.1364854327246826e-05,-0.00017182041600552998,-0.0002619806909933686,-1.9779411442044648e-09,-3.8440599490954394e-07,-6.70857875927151e-06,-0.002210069338714959
823,0.09823929458941796,0.0496678559443344,0.04999999289397955,-0.00017544805483324434,-2.1021448702871077e-05,-0.00017183027593644892,-0.0002625724591780454,-1.942167315860388e-09,-3.80260663469475e-07,-6.6700677289431624e-06,-0.002198660946561345
824,0.09818286504419015,0.049678762336427484,0.049999992793281635,-0.00017427282854277665,-2.0680216624511527e-05,-0.0001718307921808281,-0.0002631732204463333,-1.9746091428629597e-09,-3.769121831156852e-07,-6.632014153927681e-06,-0.002187364409377249
825,0.09812624623738636,0.04968934124076777,0.04999999269113309,-0.00017307341547232502,-2.0356209117085413e-05,-0.0001718172757829194,-0.0002640510501805693,-1.4732387754179399e-08,-3.7417322748318944e-07,-6.594417513247908e-06,-0.002176175861871184
826,0.09806974994640466,0.04969993496488966,0.04999999258691008,-0.00017191284591138638,-2.0040013401696858e-05,-0.00017181862642509746,-0.0002653135161381215,-1.5392119578905294e-08,-3.694410274053916e-07,-6.55728663913454e-06,-0.0021650986746334544
827,0.09801311200375636,0.04971165028745046,0.04999999247835507,-0.00017084198260838325,-1.968761556641783e-05,-0.0001718592586948002,-0.0002660608442965895,-3.4893144373882024e-08,-3.6516493239498837e-07,-6.520622909880548e-06,-0.002154142777343499
828,0.09795584622057965,0.04972467752600271,0.049999992365438346,-0.00016976371319865266,-1.930508244242811e-05,-0.0001719219456652514,-0.000265929673332721,-1.2042524311084435e-08,-3.611255431551252e-07,-6.4844200121021245e-06,-0.0021433101602322193
829,0.09789868625481847,0.04973620616468171,0.04999999225048849,-0.00016867542962253795,-1.8946927313758473e-05,-0.0001719825981372431,-0.0002659984165802598,-1.7980903876946286e-08,-3.572219112128246e-07,-6.448672763931725e-06,-0.0021325940266413356
830,0.09784186299991299,0.04974550612052908,0.04999999213443724,-0.00016759943888672592,-1.8620153739734235e-05,-0.00017204969006137059,-0.000266571732936427,-1.834842722203689e-09,-3.5345060333784353e-07,-6.413376285357227e-06,-0.002121990035997146
831,0.09778505996484184,0.049754430211690404,0.04999999201717211,-0.00016653699643032804,-1.829690074010978e-05,-0.00017212352374935873,-0.00026719641755335033,-1.93183935515151e-09,-3.4978417325485024e-07,-6.378526751699039e-06,-0.0021114976277796594
832,0.09772830207992722,0.04976303984673508,0.049999991898743414,-0.00016548863481266948,-1.7977001947183636e-05,-0.00017220364278225435,-0.0002678348682820797,-1.9075605539597973e-09,-3.462069346690447e-07,-6.34412008811717e-06,-0.0021011162615705635
833,0.09767162304003488,0.049771367029154634,0.04999999177917855,-0.00016445474948244035,-1.7660373016302454e-05,-0.0001722902970187263,-0.0002684600476641208,-1.8533414802845982e-09,-3.427108587360396e-07,-6.3101524595677016e-06,-0.0020908454515244606
834,0.09761504214952235,0.04977943048378771,0.049999991658484205,-0.00016343559038888342,-1.7346722102131063e-05,-0.00017238333000257178,-0.00026908484869636595,-1.874121746681112e-09,-3.392903354113448e-07,-6.276620167000981e-06,-0.002080684769573544
835,0.0975585852557975,0.04978725974933074,0.04999999153666233,-0.0001624311005039256,-1.703583216845972e-05,-0.00017248284220874836,-0.00026970639009959996,-1.8483294894622304e-09,-3.359408586522324e-07,-6.243519561050609e-06,-0.002070633813376571
836,0.09750227452667481,0.0497948671902787,0.04999999141371295,-0.00016144140981977286,-1.6727647227514047e-05,-0.0001725889148890897,-0.0002703241480048746,-1.8376765664740446e-09,-3.326591279445835e-07,-6.2108471453973314e-06,-0.002060692192809832
837,0.0974461306407915,0.04980226573760633,0.04999999128962721,-0.0001604665486398739,-1.6422144417315535e-05,-0.00017270127649968994,-0.00027093832613900304,-1.8122737754922014e-09,-3.294438875509926e-07,-6.17859942686019e-06,-0.0020508594963337167
838,0.09739018083800753,0.049809463720724076,0.04999999116439857,-0.00015950614679931518,-1.61195032780573e-05,-0.00017281991960315423,-0.00027155206771567464,-1.7854280276452528e-09,-3.2629371563329813e-07,-6.1467729698194026e-06,-0.002041135267401985
839,0.09733444531242508,0.049816465000105815,0.049999991038020525,-0.0001585601543384779,-1.5819850927828277e-05,-0.00017294457323794655,-0.000272162928013131,-1.7733287061005854e-09,-3.2320306939360006e-07,-6.115364392633345e-06,-0.002031519043412028
840,0.09727895087995389,0.04982328274063234,0.0499999909104752,-0.00015762878284056105,-1.552308159026846e-05,-0.0001730753713058271,-0.0002727781829889864,-1.7761486725831332e-09,-3.2017272931125934e-07,-6.08437024762367e-06,-0.002022010371701834
841,0.0972237137689077,0.049829923903420226,0.04999999078174943,-0.00015671156642731876,-1.5229253592643938e-05,-0.00017321210216878367,-0.00027338636573404074,-1.7430830112630247e-09,-3.172052223038344e-07,-6.053787101323772e-06,-0.0020126087541215954
842,0.09716875387429245,0.049836388665404595,0.049999990651841714,-0.00015580799942310926,-1.4938625329119578e-05,-0.00017335451197388193,-0.0002739962365012616,-1.7072769864512338e-09,-3.142902622668464e-07,-6.023611616026655e-06,-0.0020033136476238613
843,0.09711410141732586,0.04984268100652247,0.04999999052073437,-0.00015491888432055166,-1.4651181806167701e-05,-0.00017350285288720392,-0.0002746077661868185,-1.746163769134057e-09,-3.114321999613104e-07,-5.9938404571655185e-06,-0.0019941245466205773
844,0.09705976212840506,0.049848811891465915,0.049999990388405365,-0.0001540434966129689,-1.4366738309039515e-05,-0.00017365686327314376,-0.0002752154541667551,-1.6937077296219627e-09,-3.0862923386563676e-07,-5.964470183403336e-06,-0.001985040934027425
845,0.09700576293727059,0.049854783376325394,0.04999999025485995,-0.00015318141301870014,-1.4085563769990779e-05,-0.0001738163268606232,-0.0002758252085186541,-1.695381834920795e-09,-3.058805957090469e-07,-5.935497314004451e-06,-0.001976062220382306
846,0.09695212248629592,0.04986058362588458,0.04999999012010282,-0.00015233269797767813,-1.380784051490956e-05,-0.00017398125044640848,-0.00027643280918709934,-1.6683143755358287e-09,-3.0318577810795206e-07,-5.906918460396229e-06,-0.0019671877820255017
847,0.09689885604258819,0.049866224636144894,0.04999998998412586,-0.0001514971647973188,-1.3533573633061445e-05,-0.00017415138559547782,-0.0002770452992990613,-1.6788019863156478e-09,-3.0054358405536636e-07,-5.8787302368220795e-06,-0.0019584170160438347
848,0.09684598050628263,0.04987171352980946,0.04999998984692509,-0.0001506746495827531,-1.3262600915134189e-05,-0.00017432678683132043,-0.00027765484992414713,-1.6480408149277537e-09,-2.9795366277512804e-07,-5.850929267402269e-06,-0.0019497493110769678
849,0.09679351086543349,0.04987704997020808,0.04999998970849798,-0.00014986498451541544,-1.2995106405519388e-05,-0.00017450715402971475,-0.0002782704250421375,-1.6523639123633416e-09,-2.954145731060356e-07,-5.823512154857791e-06,-0.0019411840193342942
850,0.0967414672354265,0.04988223975605466,0.04999998956884587,-0.00014906792937644477,-1.2731126710219092e-05,-0.00017469248495462588,-0.00027888399199582636,-1.6353048915007662e-09,-2.929261746426393e-07,-5.796475446059332e-06,-0.001932720500580608
851,0.0966898598493192,0.04988728471690405,0.04999998942797165,-0.00014828340404179235,-1.247055046482698e-05,-0.0001748827382415694,-0.0002794979664031416,-1.620089173925976e-09,-2.90488057984084e-07,-5.769815786991328e-06,-0.0019243581060641808
852,0.09663870335037988,0.04989218692077968,0.04999998928587632,-0.00014751121596961325,-1.2213507323747441e-05,-0.00017507769974385503,-0.00028011490940116346,-1.6164189986511701e-09,-2.880992872056278e-07,-5.743529836511913e-06,-0.0019160961597345248
853,0.09658801372855409,0.0498969496096171,0.049999989142565086,-0.00014675115933117356,-1.1960002331423538e-05,-0.0001752773593607169,-0.00028073572320863605,-1.6030426985835788e-09,-2.857596560161797e-07,-5.7176142831349336e-06,-0.0019079339872869945
854,0.09653779998870855,0.04990157512816774,0.049999988998040784,-0.0001460031792851524,-1.1709987280178339e-05,-0.00017548142981443205,-0.000281352607998997,-1.5913841355796876e-09,-2.834679686214703e-07,-5.692065806952458e-06,-0.0018998709111305236
855,0.09648807963717503,0.049906066411849206,0.049999988852306776,-0.0001452670170766084,-1.1463499606399296e-05,-0.00017568994058294793,-0.00028197019128128886,-1.5887140492054641e-09,-2.8122407346755084e-07,-5.666881021495175e-06,-0.0018919062330772628
856,0.09643886283035323,0.0499104256903312,0.04999998870537348,-0.00014454250697273316,-1.1220589235928724e-05,-0.00017590284034329075,-0.000282594672171399,-1.5841571388008902e-09,-2.7902792189265574e-07,-5.642056650092855e-06,-0.0018840392578334025
857,0.0963901566823078,0.04991465482790669,0.04999998855724701,-0.00014382959701351826,-1.0981147179691009e-05,-0.00017611988130709848,-0.000283219589618966,-1.5651686613438187e-09,-2.7687837059934134e-07,-5.617589429793959e-06,-0.0018762692901388414
858,0.09634197673187817,0.04991875648291721,0.04999998840793263,-0.00014312805669337966,-1.074524644267486e-05,-0.00017634110778837168,-0.0002838415384758264,-1.5598076164025088e-09,-2.747756178450035e-07,-5.59347611237042e-06,-0.0018685956211330964
859,0.09629432926434098,0.0499227338810001,0.049999988257438975,-0.00014243776267752975,-1.0512853410358996e-05,-0.00017656624292362259,-0.0002844729460775852,-1.5504865169546633e-09,-2.7271839748377125e-07,-5.569713441862829e-06,-0.0018610175367881892
860,0.09624722848527112,0.049926588811669725,0.04999998810577657,-0.00014175851874984003,-1.0283991935039756e-05,-0.00017679525764269485,-0.00028510228730738163,-1.5453454071945316e-09,-2.7070695145282304e-07,-5.546298141311569e-06,-0.001853534321925712
861,0.09620068029712263,0.04993032340709615,0.04999998795295546,-0.0001410902384622603,-1.0058608405546096e-05,-0.0001770281701243071,-0.00028573532472364604,-1.5428650579352166e-09,-2.6874093768775155e-07,-5.523227039359883e-06,-0.0018461452643250512
862,0.09615469110238797,0.04993394028420123,0.04999998779898436,-0.00014043275782010082,-9.836687838654465e-06,-0.00017726471184741527,-0.00028636629576794803,-1.5296368616191103e-09,-2.6681963552419317e-07,-5.5004969445468555e-06,-0.0018388496460245798
863,0.09610927238678807,0.049937441912648345,0.04999998764387455,-0.00013978592028423704,-9.618231211979482e-06,-0.0001775049339052571,-0.0002870045427698642,-1.5207807235739779e-09,-2.6494315460397906e-07,-5.4781047182091516e-06,-0.0018316467304384807
864,0.09606442965593569,0.04994082882817802,0.04999998748763766,-0.0001391495801625715,-9.403293456323618e-06,-0.00017774856442284964,-0.00028764622402377427,-1.5179839607526446e-09,-2.631105683849094e-07,-5.456047252623796e-06,-0.001824535791605639
865,0.09602017073855668,0.049944105299450946,0.04999998733028495,-0.00013852362340966765,-9.191719807941146e-06,-0.00017799560086311853,-0.0002882845001295209,-1.5101415673512975e-09,-2.6132170037169435e-07,-5.434321374240997e-06,-0.0018175161109108954
866,0.09597650213723155,0.0499472717049924,0.0499999871718291,-0.0001379078815855151,-8.983579138501956e-06,-0.00017824596762057313,-0.0002889272291213274,-1.4964716132936928e-09,-2.595766911705249e-07,-5.4129240199567325e-06,-0.001810586961955977
867,0.09593342718007349,0.049950330065834964,0.049999987012280256,-0.00013730228535666886,-8.778798758574055e-06,-0.00017849951047115687,-0.0002895770303439349,-1.500106594498618e-09,-2.578746887647248e-07,-5.391852164453292e-06,-0.001803747614182086
868,0.09589095478887048,0.04995328318356627,0.04999998685164902,-0.00013670662622366936,-8.577423593134204e-06,-0.00017875622589503555,-0.00029022328089922667,-1.4956373917129895e-09,-2.5621588031715395e-07,-5.3711027941720475e-06,-0.0017969973433949087
869,0.09584908513718078,0.04995613253670217,0.04999998668994755,-0.0001361208382510713,-8.379324516544303e-06,-0.0001790158601645151,-0.00029087867005728185,-1.4808555492962228e-09,-2.5459930963272615e-07,-5.350672915907684e-06,-0.0017903354260654912
870,0.09580782879037855,0.04995887912489951,0.049999986527188046,-0.00013554472565612097,-8.184581904417331e-06,-0.00017927839380612245,-0.0002915289078373462,-1.4731545983082128e-09,-2.530252085036744e-07,-5.330559526416835e-06,-0.00178376112763338
871,0.0957671870439844,0.0499615255310267,0.049999986363385415,-0.00013497817792625897,-7.993123172679472e-06,-0.00017954380303581146,-0.00029218659619800746,-1.4761181166278448e-09,-2.5149342588202363e-07,-5.310759736586098e-06,-0.00177727372101059
872,0.09572716174352731,0.04996407295593746,0.04999998619855253,-0.00013442109276978366,-7.804925019515126e-06,-0.00017981185789277124,-0.00029284556512720883,-1.4607922649290117e-09,-2.500032301396992e-07,-5.291270657564361e-06,-0.0017708724877281705
873,0.09568775806297315,0.04996652305630337,0.049999986032699714,-0.0001338733617268423,-7.619923966685961e-06,-0.0001800822824654305,-0.0002935067459475249,-1.467060251059138e-09,-2.485649160091135e-07,-5.2720893863910126e-06,-0.0017645566804844856
874,0.09564897406292847,0.049968877015034836,0.04999998586584534,-0.00013333417202821284,-7.438273612143023e-06,-0.0001803548258013316,-0.0002941767161246389,-1.416762041017705e-09,-2.4716270113016737e-07,-5.2532131288093876e-06,-0.0017583255371966925
875,0.09561082554744205,0.04997113953614278,0.049999985697980115,-0.00013280470263051718,-7.25978035724925e-06,-0.00018062979188903963,-0.00029485582490451634,-1.4699708117404953e-09,-2.4579842907113145e-07,-5.234639180794067e-06,-0.0017521784085982037
876,0.09557329883178223,0.0499733159814672,0.04999998552907055,-0.00013228467638325584,-7.084073776764434e-06,-0.00018090775789661586,-0.0002955336822196841,-1.472109767419738e-09,-2.444737555251473e-07,-5.216364881516082e-06,-0.0017461146972639445
877,0.09553638825577918,0.0499754078723853,0.0499999853591242,-0.00013177351408647173,-6.91125055235838e-06,-0.0001811879053591244,-0.0002962016733363271,-1.4418629623591528e-09,-2.43187741025697e-07,-5.198387521469902e-06,-0.0017401337237271026
878,0.09550011615873122,0.049977404511894134,0.04999998518817994,-0.00013127096642766276,-6.741594782726524e-06,-0.0001814705528761448,-0.00029687522328458726,-1.4335759246364432e-09,-2.4194222412205996e-07,-5.180704421807241e-06,-0.001734234759415353
879,0.09546447008613511,0.04997930680572535,0.04999998501626481,-0.0001307770583250453,-6.575018154006437e-06,-0.000181755112165079,-0.00029755380819551647,-1.4366077216720896e-09,-2.4073635011815794e-07,-5.1633129276158355e-06,-0.001728417090781034
880,0.09542946131075952,0.04998111902476616,0.04999998484340071,-0.0001302915610927293,-6.411471198410909e-06,-0.0001820418922910886,-0.0002982337027788162,-1.4312332430321817e-09,-2.395712225144111e-07,-5.146210351531738e-06,-0.0017226800062235998
881,0.09539508042238254,0.04998284116930641,0.049999984669610135,-0.00012981444231642252,-6.250934817409505e-06,-0.00018233069932623426,-0.0002989242784678936,-1.430168983240776e-09,-2.384465810628318e-07,-5.12939410949502e-06,-0.0017170227979516812
882,0.0953613288751496,0.0499844752199854,0.04999998449490863,-0.00012934558764320827,-6.093362242095577e-06,-0.00018262127345828496,-0.00029961392283439636,-1.423149487145281e-09,-2.3736218155252698e-07,-5.1128616198424425e-06,-0.0017114447646031747
883,0.09532820949991727,0.04998602283883827,0.04999998431931208,-0.00012888487636712018,-5.938715710555648e-06,-0.00018291361911089226,-0.0003003074089065194,-1.417646555701424e-09,-2.3631822701385877e-07,-5.096610367620045e-06,-0.0017059452237206598
884,0.0952957167125233,0.049987485608376916,0.049999984142831994,-0.00012843228285077545,-5.786890762117008e-06,-0.00018320758128508803,-0.0003010118962265551,-1.4133300085816813e-09,-2.3531402959961792e-07,-5.080637848688739e-06,-0.0017005235093134096
885,0.09526385240956907,0.049988864434800585,0.04999998396547899,-0.00012798765192497885,-5.637873672763865e-06,-0.00018350311457192775,-0.00030171230901032686,-1.4064575060146467e-09,-2.3434995756708976e-07,-5.064941576724032e-06,-0.001695178947661545
886,0.09523261449902758,0.049990160322689485,0.049999983787267305,-0.000127550885603412,-5.491658258374952e-06,-0.00018380036239000073,-0.00030242089997045696,-1.4195296049734907e-09,-2.3342606251729208e-07,-5.049519188643656e-06,-0.0016899108757343437
887,0.09520199384920225,0.049991374010488726,0.049999983608204276,-0.0001271219829511714,-5.348151272422697e-06,-0.00018409880332407333,-0.00030313406023196876,-1.4048849861225676e-09,-2.3254138227377905e-07,-5.034368319847663e-06,-0.0016847186445791097
888,0.09517199949084548,0.04999250665085958,0.04999998342829782,-0.0001267007455825749,-5.2073439182710696e-06,-0.00018439879893454168,-0.0003038483555428684,-1.4074915677397826e-09,-2.316966948758297e-07,-5.019486670335413e-06,-0.0016796016178545097
889,0.09514261658423354,0.04999355823020729,0.04999998324755495,-0.00012628720183195975,-5.069145036467477e-06,-0.00018469959702037333,-0.00030456544482149184,-1.405931149278672e-09,-2.3089786388592961e-07,-5.0048719088101805e-06,-0.0016745591385941224
890,0.09511385433935676,0.04999452968135119,0.049999983065987595,-0.00012588072060804733,-4.933680801724679e-06,-0.0001850016397145729,-0.0003052900719922036,-1.3660934605752573e-09,-2.301318255628022e-07,-4.990521777629631e-06,-0.001669590547649185
891,0.09508570672027089,0.04999542109015546,0.04999998288358836,-0.00012548227797007193,-4.800764919794199e-06,-0.00018530493047169366,-0.0003060217422898859,-1.4321277497231222e-09,-2.294038535479445e-07,-4.9764341937075175e-06,-0.0016646952788365859
892,0.0950581602485609,0.04999623445451519,0.0499999827003376,-0.0001250913539505703,-4.670193182389528e-06,-0.00018560952319426294,-0.0003067515208385885,-1.4040820728311587e-09,-2.2871523831258135e-07,-4.962606994350976e-06,-0.0016598727803373342
893,0.09503121489537708,0.04999696918936239,0.04999998251625841,-0.00012470749082894758,-4.54207157837283e-06,-0.00018591507379296746,-0.00030748327844776213,-1.3860858016911948e-09,-2.2806607929471238e-07,-4.9490380697767244e-06,-0.0016551224368904869
894,0.09500487302806133,0.049997622234443866,0.04999998233137827,-0.00012433076780389593,-4.416518654401293e-06,-0.00018622146386300332,-0.00030822199187241495,-1.397137072700616e-09,-2.2745620044920365e-07,-4.9357253106082405e-06,-0.0016504436151581075
895,0.0949791300557646,0.04999819573774593,0.04999998214570481,-0.0001239611077026364,-4.293439613482892e-06,-0.00018652861036325466,-0.00030896352836862206,-1.3847382129839048e-09,-2.268857890637065e-07,-4.922666613928606e-06,-0.001645835705748311
896,0.09495398143470946,0.04999869002342111,0.04999998195924646,-0.00012359843023933872,-4.172784135292349e-06,-0.0001868367384537939,-0.00030970474472269416,-1.3899655870730498e-09,-2.263553820859628e-07,-4.9098600121378694e-06,-0.001641298113022166
897,0.09492941556691648,0.049999105428084584,0.04999998177201143,-0.0001232426740152875,-4.054502018875944e-06,-0.00018714518696747424,-0.00031046621734276414,-1.3964908118779817e-09,-2.258682396620504e-07,-4.897303520063401e-06,-0.0016368302535438141
898,0.09490543527176788,0.0499994419626941,0.049999981584008146,-0.00012289354600609456,-3.938557417423902e-06,-0.00018745437448938382,-0.00031121945357881486,-1.3665940601370608e-09,-2.2541656328200108e-07,-4.884995248944869e-06,-0.0016324315493919158
899,0.09488203268608264,0.04999969961132914,0.049999981395228196,-0.00012255155964653982,-3.824912311733373e-06,-0.00018776398332495661,-0.00031198441865853965,-1.4066758868835905e-09,-2.2500306789276267e-07,-4.872933340695695e-06,-0.0016281014617844534
900,0.09485920395873981,0.04999987838834986,0.049999981205665164,-0.00012221629343301137,-3.713433945674232e-06,-0.00018807420401413695,-0.0003127500822301954,-1.40298250794757e-09,-2.246295525363698e-07,-4.8611158427215505e-06,-0.0016238394832322437
901,0.09483693872343005,0.04999997780349588,0.049999981015337945,-0.00012188755347250645,-3.604112978056864e-06,-0.0001883850232494844,-0.00031351696816273034,-1.3787241348595103e-09,-2.2429574752381454e-07,-4.849540985956527e-06,-0.0016196450624662844
902,0.09481523421784277,0.04999999744330375,0.049999980824260694,-0.00012156537864568098,-3.497081134011853e-06,-0.00018869602488667562,-0.00031428979127667844,-1.3891439110125248e-09,-2.2399990731240163e-07,-4.838207020092485e-06,-0.0016155176450674672
903,0.09479408988294395,0.04999993734402234,0.04999998063243849,-0.00012124973122063347,-3.392177581995919e-06,-0.00018900766653927683,-0.0003150714037474245,-1.3976760859790716e-09,-2.2374201980751286e-07,-4.827112235992909e-06,-0.0016114567245829295
904,0.09477348916863504,0.049999797295076066,0.04999998043987771,-0.00012094062442277628,-3.2893623256858945e-06,-0.0001893192894995936,-0.00031585211399942636,-1.403666849419949e-09,-2.235305301583285e-07,-4.816254882631237e-06,-0.0016074617722945908
905,0.09475343474399422,0.04999957717948314,0.04999998024660132,-0.00012063734129472001,-3.1887215060667237e-06,-0.0001896308620152535,-0.00031664117705076933,-1.366151969328655e-09,-2.23358836977561e-07,-4.805633211793216e-06,-0.0016035322326319935
906,0.09473392296072582,0.04999927691360987,0.04999998005262147,-0.00012034043580258242,-3.0902051486199274e-06,-0.00018994257556625914,-0.00031743847648613155,-1.3975907098284779e-09,-2.232275313184164e-07,-4.795245677815183e-06,-0.0015996675907253286
907,0.0947149379927884,0.04999889579305237,0.04999997985791804,-0.00012004991280657582,-2.993691676411406e-06,-0.00019025418039580777,-0.0003182404616381973,-1.4011394267043897e-09,-2.2313632463391266e-07,-4.785090725605874e-06,-0.0015958673804403805
908,0.0946964780676699,0.04999843209061946,0.04999997966248288,-0.00011976554667207733,-2.8991038359621227e-06,-0.00019056597123980436,-0.000319047860102728,-1.4026808603517793e-09,-2.230860422056253e-07,-4.775166855387396e-06,-0.0015921311451150373
909,0.09467852985981447,0.049997886072484676,0.049999979466318095,-0.00011948732644495482,-2.8064651489445878e-06,-0.00019087746813959203,-0.0003198570047970861,-1.3904996043478945e-09,-2.2307586186502113e-07,-4.765472550744695e-06,-0.0015884584125694602
910,0.09466109824523557,0.049997257205314144,0.04999997926942574,-0.00011921510421740425,-2.7157780101962245e-06,-0.00019118884096586307,-0.000320669001666829,-1.3967307310736032e-09,-2.2310709474507182e-07,-4.756006315508341e-06,-0.0015848487099295893
911,0.0946441702838311,0.04999654461111335,0.04999997907181336,-0.00011894883158722086,-2.6270078602049275e-06,-0.00019150017945235211,-0.00032149234903045,-1.40388600744501e-09,-2.2317986592982103e-07,-4.74676683028808e-06,-0.0015813015880698303
912,0.09462773347961602,0.04999574783089622,0.049999978873481496,-0.00011868853188857661,-2.540087727170465e-06,-0.00019181107638509647,-0.0003223122621420771,-1.3986856117753632e-09,-2.2329369595183638e-07,-4.737752719227987e-06,-0.0015778166009418533
913,0.09461179156318217,0.04999486606897723,0.049999978674429804,-0.00011843406057332537,-2.4550475234379926e-06,-0.0001921218868540042,-0.0003231479786336422,-1.4104526435687603e-09,-2.2344988753673584e-07,-4.728962662572383e-06,-0.0015743933072813702
914,0.09459632552908524,0.04999389878926066,0.04999997847465954,-0.00011818542702614197,-2.371813925968919e-06,-0.00019243212269346615,-0.0003239824727643281,-1.4050813845756238e-09,-2.2364831631903192e-07,-4.720395373799597e-06,-0.0015710312832921134
915,0.09458133880813482,0.04999284504741481,0.049999978274172165,-0.00011794248087437225,-2.29038603046502e-06,-0.00019274176830725925,-0.0003248217108193785,-1.409519057027353e-09,-2.2389463603586942e-07,-4.712049526935307e-06,-0.0015677300935873898
916,0.09456681893760317,0.0499917035521434,0.0499999780729754,-0.00011770496641092323,-2.210768597705112e-06,-0.00019305112224406,-0.00032566997106187046,-1.3971644952093243e-09,-2.2417581829846205e-07,-4.703924013255134e-06,-0.0015644893166005085
917,0.0945527596978562,0.04999047357637294,0.04999997787105376,-0.00011747362697319112,-2.132878329030708e-06,-0.00019335993902791374,-0.00032653025118634105,-1.44775047505874e-09,-2.2450008302858833e-07,-4.6960176988153175e-06,-0.0015613085903178094
918,0.0945391497143601,0.04998915227161494,0.049999977668393494,-0.00011724784743526634,-2.056626423128347e-06,-0.00019366859827137277,-0.00032738191657699645,-1.4208216825295494e-09,-2.248687021208108e-07,-4.688329440681877e-06,-0.0015581875624267978
919,0.0945259758832664,0.04998774015390316,0.04999997746501679,-0.00011702746429807316,-1.9820521057229963e-06,-0.00019397632865911113,-0.0003282389370724559,-1.4120501434788935e-09,-2.2528241765504112e-07,-4.6808581195166034e-06,-0.0015551258217160705
920,0.09451324845125769,0.049986240165454277,0.04999997726094365,-0.00011681242450490275,-1.9092569204070392e-06,-0.00019428339450384434,-0.00032910963636823,-1.4249931234999735e-09,-2.2573784672705912e-07,-4.673602588575871e-06,-0.0015521229564631938
921,0.09450095106903661,0.049984648219298405,0.0499999770561704,-0.00011660300508403003,-1.8381090568473161e-06,-0.0001945899850128923,-0.00032998851384036243,-1.4424187400052801e-09,-2.262384941717081e-07,-4.666561897870544e-06,-0.0015491786189714397
922,0.09448906684616115,0.049982962901816,0.04999997685068914,-0.00011639902515470758,-1.768554382210503e-06,-0.0001948957228297639,-0.0003308669838588685,-1.433517082816138e-09,-2.2678369814175813e-07,-4.659735050862218e-06,-0.0015462924538963984
923,0.09447760070039375,0.04998118355369377,0.049999976644506956,-0.00011620030747694953,-1.7006458834637717e-06,-0.00019520083374891537,-0.00033175229327753186,-1.442576391674777e-09,-2.2737536157653085e-07,-4.6531210793195714e-06,-0.001543464102486167
924,0.0944665340215926,0.04997931036554718,0.04999997643763093,-0.00011600691346340327,-1.6343200041557532e-06,-0.00019550489189035052,-0.0003326467704027891,-1.4478728216360537e-09,-2.280143764433525e-07,-4.646719067457024e-06,-0.0015406932152199169
925,0.09445586827737046,0.04997734076467633,0.0499999762300606,-0.00011581869943608516,-1.5695949214929544e-06,-0.00019580787147506495,-0.00033354220795445144,-1.4371156487058556e-09,-2.287042216087197e-07,-4.640528084391669e-06,-0.0015379794402560862
926,0.09444559091972834,0.04997527397134602,0.04999997602179563,-0.0001156355667301774,-1.506436892292121e-06,-0.00019611011907329576,-0.0003344493452459574,-1.451446629552322e-09,-2.2943095344131838e-07,-4.63454740716639e-06,-0.0015353224753934568
927,0.09443569212909209,0.049973106949556596,0.049999975812807324,-0.00011545829221980187,-1.4447397585906932e-06,-0.00019641145433232847,-0.0003353631473146379,-1.501525459524089e-09,-2.302050759840471e-07,-4.6287762720208175e-06,-0.0015327220599764802
928,0.09442616365594159,0.04997083565447546,0.04999997560308124,-0.00011528607168156367,-1.3845144887824972e-06,-0.00019671222410792803,-0.00033627645461820066,-1.459351861576863e-09,-2.3102768507184207e-07,-4.623213886317095e-06,-0.0015301779070513316
929,0.0944169929195959,0.04996846452650286,0.04999997539264947,-0.00011511878917989022,-1.3257963515054793e-06,-0.00019701174602133314,-0.00033719459315761924,-1.4530171510429568e-09,-2.318979856542207e-07,-4.617859490318875e-06,-0.0015276896851922415
930,0.09440818696456249,0.04996599726343327,0.04999997518153134,-0.0001149565599370965,-1.2686348673204992e-06,-0.00019731017172015046,-0.00033812204492278397,-1.4773242629217975e-09,-2.3281736323285566e-07,-4.612712323291193e-06,-0.0015252570731123817
931,0.09439972823757706,0.049963427223460644,0.04999997496972365,-0.00011479940451375902,-1.2129367758576574e-06,-0.00019760767375338168,-0.00033905773307196796,-1.483929090717595e-09,-2.3378633170036105e-07,-4.607771787344671e-06,-0.0015228797920728149
932,0.09439160460705848,0.04996075371051845,0.04999997475722448,-0.00011464727715127788,-1.1586880080674695e-06,-0.00019790389055609456,-0.00033999839797616005,-1.4905078282723139e-09,-2.3480461988968694e-07,-4.603037244928143e-06,-0.0015205575669227896
933,0.09438381571943708,0.0499579742868596,0.0499999745440338,-0.00011450013950716884,-1.1058825781172656e-06,-0.00019819911403404466,-0.00034094357397407293,-1.4984261609285454e-09,-2.3587358638460255e-07,-4.598508085518877e-06,-0.0015182901389603543
934,0.09437634398721506,0.04995508878889218,0.049999974330148717,-0.00011435800746853464,-1.0544813470598105e-06,-0.00019849296639523782,-0.00034189692814834416,-1.5011725196245607e-09,-2.3699286532855558e-07,-4.594183723651581e-06,-0.0015160772501035882
935,0.09436919231502701,0.049952094889084,0.04999997411556711,-0.00011422079097757132,-1.0045111830403413e-06,-0.00019878563077382574,-0.00034285648143850267,-1.508859148735553e-09,-2.3816379164258807e-07,-4.590063581703276e-06,-0.0015139186500239294
936,0.09436234460967668,0.04994899157435356,0.04999997390028879,-0.0001140885003339777,-9.559209240881993e-07,-0.00019907717629678276,-0.0003438249696046114,-1.5155515731279934e-09,-2.3938704430588324e-07,-4.586147229261988e-06,-0.0015118141062649762
937,0.09435579160618057,0.049945778758442694,0.049999973684311326,-0.00011396110896636619,-9.087182020400359e-07,-0.00019936731562686288,-0.00034479930764064193,-1.5330057223650329e-09,-2.406624298463158e-07,-4.582434192795515e-06,-0.0015097633885502186
938,0.09434953061998058,0.049942452190462644,0.049999973467632526,-0.00011383857900105235,-8.628833805942877e-07,-0.00019965632206307644,-0.00034578097984194756,-1.531999971327025e-09,-2.4199166144719946e-07,-4.578924041624956e-06,-0.0015077662827852481
939,0.09434354535846624,0.049939012727855475,0.049999973250250386,-0.00011372090988070164,-8.183989101124691e-07,-0.00019994380264019796,-0.00034676151699386537,-1.5334741254591222e-09,-2.4337427888861654e-07,-4.575616396641087e-06,-0.0015058225770042384
940,0.0943378375644099,0.04993545793570787,0.049999973032162415,-0.00011360804776152183,-7.752721909309702e-07,-0.00020022992927684605,-0.0003477530844975263,-1.5433027078515238e-09,-2.4481166511247876e-07,-4.57251084401541e-06,-0.0015039320598521566
941,0.09433239428933426,0.04993178725479356,0.04999997281336909,-0.0001134999594238575,-7.334884824790461e-07,-0.00020051476428701424,-0.0003487553622107953,-1.557473261470932e-09,-2.4630470229868895e-07,-4.5696071086510806e-06,-0.0015020945327632075
942,0.0943272039873042,0.04992799971945783,0.04999997259386607,-0.00011339668712364427,-6.930353693779769e-07,-0.00020079804661962287,-0.00034976119059138,-1.5604936232094246e-09,-2.47853424389795e-07,-4.566904920124701e-06,-0.0015003098108914304
943,0.09432226394087274,0.04992409142286503,0.049999972373647804,-0.00011329815923160311,-6.538987025467129e-07,-0.00020108004704665977,-0.00035077493521384895,-1.5683417897704999e-09,-2.4945907716686263e-07,-4.564404008746613e-06,-0.0014985777098366416
944,0.09431756117304929,0.04992006489505953,0.049999972152713165,-0.00011320436152997746,-6.160873529510473e-07,-0.00020136044204066778,-0.00035179516999050975,-1.5823280463678202e-09,-2.511219429457447e-07,-4.562104122483012e-06,-0.0014968980572642827
945,0.09431309159352533,0.049915914469580686,0.049999971931059393,-0.00011311528869627876,-5.795714264748949e-07,-0.0002016393172641681,-0.000352818809915334,-1.5824925814200697e-09,-2.528432629098782e-07,-4.5600050213491e-06,-0.0014952706945018177
946,0.09430884576206716,0.04991164081880211,0.0499999717086834,-0.0001130309145374303,-5.443582480131475e-07,-0.0002019168121355558,-0.0003538553137332201,-1.6016280524056015e-09,-2.546240893294589e-07,-4.558106575984738e-06,-0.0014936954732557575
947,0.09430481024191326,0.0499072429043223,0.04999997148558053,-0.00011295125250644111,-5.104257213948142e-07,-0.0002021926665066382,-0.0003548981621861458,-1.6116715739755705e-09,-2.564644512829529e-07,-4.556408626085037e-06,-0.0014921722487156
948,0.09430098524220389,0.04990271784847536,0.049999971261748405,-0.00011287623118555995,-4.777900943688352e-07,-0.00020246696889879794,-0.00035594843211583793,-1.6184812379194113e-09,-2.5837213452072395e-07,-4.554911055519863e-06,-0.0014907008746833652
949,0.0942973530459131,0.04989806449552611,0.04999997103719007,-0.00011280565337995068,-4.4643707520815437e-07,-0.00020273949580357082,-0.00035699689760804176,-1.5991966639816724e-09,-2.603334645763677e-07,-4.553613828716169e-06,-0.001489281209181516
950,0.09429392097328948,0.04989328089531403,0.049999970811887784,-0.00011274007960339164,-4.163736323751249e-07,-0.00020301085075282704,-0.0003580674820113927,-1.66791813693834e-09,-2.6234093825805496e-07,-4.552516908217992e-06,-0.0014879131821530546
951,0.09429066858633231,0.04988836071349381,0.04999997058580848,-0.00011267981018970703,-3.8751611401224725e-07,-0.000203280975478218,-0.0003591362328734249,-1.6913651590400036e-09,-2.6443430497690003e-07,-4.551620239702457e-06,-0.001486596718589684
952,0.09428757579833293,0.04988330965448147,0.04999997035900591,-0.00011262291536873312,-3.59953502067403e-07,-0.00020354903097870365,-0.00036019578692503273,-1.5692525057175999e-09,-2.66590457679854e-07,-4.550923749530852e-06,-0.0014853316099000338
953,0.09428466721272882,0.04987814386016373,0.04999997013153548,-0.00011257063826891343,-3.337331046232426e-07,-0.0002038151225436193,-0.0003612819127738476,-1.6464591912068727e-09,-2.6881165288974876e-07,-4.550427514663287e-06,-0.001484117661609459
954,0.09428192147369135,0.04987285265477976,0.04999996990334579,-0.00011252326440027432,-3.088018457555991e-07,-0.00020407969469218696,-0.00036238686880096793,-1.737571753146483e-09,-2.710916960201108e-07,-4.5501316407980705e-06,-0.0014829548327898049
955,0.09427931912408234,0.04986740104344939,0.04999996967439057,-0.00011248079992186306,-2.8505790855078187e-07,-0.0002043425928178607,-0.00036348318099044263,-1.6940022717903958e-09,-2.734474976767493e-07,-4.550036175752335e-06,-0.001481843103614444
956,0.09427685713036928,0.04986181183896043,0.04999996944468637,-0.00011244247014953435,-2.625882945858844e-07,-0.00020460377404218482,-0.00036458580871112645,-1.6686841908253314e-09,-2.758728088563313e-07,-4.550141261322396e-06,-0.0014807823540889848
957,0.09427453184139328,0.04985608826278386,0.04999996921424824,-0.00011240867970035946,-2.414008322781876e-07,-0.00020486270688606438,-0.00036570249358192086,-1.703353791349116e-09,-2.7837533054238355e-07,-4.550447045487432e-06,-0.0014797724646839884
958,0.09427233900994712,0.04985022524041355,0.04999996898305703,-0.00011237927978816726,-2.2149600071825515e-07,-0.0002051200216670754,-0.00036682741483673453,-1.7175235678124068e-09,-2.809347707205192e-07,-4.550953769216729e-06,-0.0014788133722770402
959,0.0942702662195483,0.04984420697829517,0.04999996875106404,-0.00011235511677391457,-2.0283419536813036e-07,-0.00020537567307212954,-0.0003679653746075928,-1.7748569280939819e-09,-2.8356598777212484e-07,-4.551661718621267e-06,-0.0014779050828030245
960,0.09426830099544578,0.04983803277966968,0.04999996851824484,-0.00011233543858893234,-1.854130653168677e-07,-0.00020562981051517267,-0.00036909672780893743,-1.7434622634482366e-09,-2.8627043130103404e-07,-4.552571055845977e-06,-0.0014770475851428489
961,0.09426643702989845,0.04983170918639167,0.04999996828463178,-0.00011232009761264523,-1.69249048257742e-07,-0.00020588217776791175,-0.00037023957702331245,-1.721803033483127e-09,-2.890492560476074e-07,-4.5536820919229056e-06,-0.0014762408240534739
962,0.09426467121571103,0.04982525332041569,0.04999996805024111,-0.00011230931217047305,-1.5436502035050148e-07,-0.00020613259085722245,-0.0003713859186973423,-1.7486613268502538e-09,-2.919028299489352e-07,-4.554995120561433e-06,-0.001475484727308762
963,0.09426300004229647,0.049818648478606446,0.049999967815063856,-0.00011230302670211243,-1.4075819999370115e-07,-0.00020638133502960906,-0.00037254762719385326,-1.7765201532071728e-09,-2.948332625935348e-07,-4.556510455338407e-06,-0.0014747792511331905
964,0.09426140741353237,0.04981189391808618,0.0499999675790988,-0.00011230126090561632,-1.2842311849322722e-07,-0.00020662812928781834,-0.00037371620419435203,-1.7857478828986473e-09,-2.978407711486418e-07,-4.558228439064846e-06,-0.0014741243684853705
965,0.09425989280715207,0.04980498613211393,0.049999967342344,-0.00011230400968994798,-1.1736432113337459e-07,-0.00020687276960453167,-0.000374894414562732,-1.7963529552744717e-09,-3.009429334290996e-07,-4.560149349769224e-06,-0.0014735200293551215
966,0.09425844470316824,0.04979792581639314,0.04999996710480778,-0.00011231073274698444,-1.0759291699248783e-07,-0.00020711536428341546,-0.00037607463309541345,-1.7786540018605024e-09,-3.041153112906218e-07,-4.562273663592246e-06,-0.0014729661874119612
967,0.09425706219355492,0.049790708300363355,0.04999996686645604,-0.00011232256321503777,-9.911331020705151e-08,-0.00020735602705424257,-0.00037727734888903797,-1.8710375471187035e-09,-3.073632278844747e-07,-4.5646019116520605e-06,-0.0014724628856241134
968,0.09425572970008039,0.04978331722952714,0.04999996662722568,-0.00011233925743648003,-9.19113480251901e-08,-0.00020759530069440412,-0.00037848256761208177,-1.873802224494625e-09,-3.106919970288909e-07,-4.567134579431273e-06,-0.0014720102179726208
969,0.09425443153623586,0.049775750237287565,0.04999996638711775,-0.00011236041426206474,-8.598894107900703e-08,-0.00020783271442011914,-0.0003796879609581083,-1.8285915004412345e-09,-3.1410283208053075e-07,-4.569872145218796e-06,-0.0014716082206824605
970,0.09425317683604971,0.049768035713308,0.04999996614616057,-0.00011238604759717427,-8.13666564600847e-08,-0.00020806826746396629,-0.0003808951878454536,-1.8443980787097303e-09,-3.1759887924890613e-07,-4.572815041662655e-06,-0.001471256881673445
971,0.09425195528629,0.04976016697804554,0.049999965904365146,-0.00011241615597547592,-7.804966835604478e-08,-0.000208302025156271,-0.0003821211284957826,-1.866406362793782e-09,-3.2118229770728526e-07,-4.575963830196735e-06,-0.0014709562049745458
972,0.0942507568965889,0.04975214354016423,0.04999996566173624,-0.00011245076783937816,-7.604241602923827e-08,-0.0002085338031031077,-0.00038335402496159077,-1.87833437692575e-09,-3.2485398885770706e-07,-4.5793190562644725e-06,-0.0014707061977605592
973,0.0942495797830259,0.0497439588753526,0.04999996541827856,-0.00011248983917324919,-7.535272826026025e-08,-0.00020876377912056032,-0.00038459323695860803,-1.8969945614344397e-09,-3.286163449050023e-07,-4.582881283004029e-06,-0.0014705068835989751
974,0.09424841025249052,0.04973561198184132,0.04999996517399835,-0.00011253341224850993,-7.598472564466428e-08,-0.00020899171060609814,-0.00038584356661885977,-1.912649372215469e-09,-3.32469884765581e-07,-4.5866511005346325e-06,-0.0014703582966460163
975,0.0942472475902601,0.049727099742527696,0.049999964928893144,-0.00011258152479257528,-7.794791608127178e-08,-0.00020921768547670652,-0.0003871021617669612,-1.9200108170025487e-09,-3.364164919301999e-07,-4.590629091149988e-06,-0.0014702604734282072
976,0.09424608229471447,0.04971842052306121,0.04999996468295688,-0.00011263417457260728,-8.124727279496274e-08,-0.00020944178477598366,-0.0003883721074089408,-1.9479793333943007e-09,-3.4045784145617745e-07,-4.594815940562467e-06,-0.0014702134690842343
977,0.09424490439333937,0.049709570945033206,0.04999996443618346,-0.00011269139643560751,-8.589372771108264e-08,-0.00020966386287723005,-0.00038964871782809496,-1.95929605872891e-09,-3.4459481849424997e-07,-4.599212324318991e-06,-0.0014702173540801179
978,0.09424371032184331,0.04970054845244063,0.04999996418856515,-0.00011275319484308914,-9.189720508614115e-08,-0.0002098840454421277,-0.0003909324877895415,-1.963676332650266e-09,-3.4882952187387626e-07,-4.603818927318585e-06,-0.0014702721995058492
979,0.09424249150622374,0.04969135509513101,0.049999963940094545,-0.0001128195716462216,-9.926317754890144e-08,-0.00021010212030320762,-0.0003922258911188692,-1.9878017010199756e-09,-3.5316295155015783e-07,-4.6086364517930765e-06,-0.0014703780714714065
980,0.09424124592488788,0.049681984982695604,0.04999996369076119,-0.00011289055031464003,-1.0800354493874766e-07,-0.00021031824111409242,-0.00039352872408926487,-1.9977237641910506e-09,-3.5759724933612e-07,-4.61366561741135e-06,-0.0014705350563736345
981,0.09423996160015252,0.04967243819430465,0.04999996344055421,-0.00011296614371901991,-1.1813130374490535e-07,-0.0002105324324663985,-0.0003948408120777458,-2.018955669313982e-09,-3.6213411822016163e-07,-4.618907239361988e-06,-0.0014707432538192686
982,0.0942386322624916,0.04966271340696832,0.04999996318946333,-0.00011304636675561183,-1.296545524336998e-07,-0.00021074453562850576,-0.00039615805144421756,-2.018392564195892e-09,-3.667746582157396e-07,-4.624362107938967e-06,-0.0014710027577118337
983,0.09423725571103489,0.04965280916323674,0.04999996293747809,-0.00011313120697685178,-1.4258132305541237e-07,-0.0002109547528590607,-0.0003974914725404233,-2.0470924955162673e-09,-3.715214373062159e-07,-4.630031045985e-06,-0.0014713136559775547
984,0.09423582218731412,0.04964272404628187,0.049999962684592544,-0.00011322064780465178,-1.5691718207947752e-07,-0.00021116285059159248,-0.0003988267562817782,-2.0495911634554886e-09,-3.7637549108383534e-07,-4.6359148976917e-06,-0.0014716760481396944
985,0.09423432819847577,0.04963245575490142,0.04999996243079965,-0.00011331473588689907,-1.7268157876917264e-07,-0.00021136890476818024,-0.0004001767374575138,-2.0791983690315874e-09,-3.8133928447097514e-07,-4.64201449054654e-06,-0.0014720900619797858
986,0.09423276415783571,0.04962199927535781,0.049999962176086266,-0.00011341350683787514,-1.8989194947794667e-07,-0.00021157296954642113,-0.0004015335289295763,-2.0847072956797774e-09,-3.864149233856995e-07,-4.648330745797138e-06,-0.0014725558192753155
987,0.0942311248874018,0.04961135866163318,0.049999961920438124,-0.00011351694444643232,-2.0854840097855463e-07,-0.00021177491389762213,-0.0004029011761303991,-2.106599117368546e-09,-3.916041485174139e-07,-4.6548645903094844e-06,-0.0014730734375334414
988,0.09422940589958323,0.04960052625140604,0.04999996166384358,-0.00011362504739405725,-2.286711911747751e-07,-0.0002119748543759647,-0.00040427441126666963,-2.1246850945288998e-09,-3.969094925294124e-07,-4.661616965910562e-06,-0.001473643051379199
989,0.09422759742478928,0.04958950072719728,0.04999996140628946,-0.00011373785794473157,-2.5027617333157383e-07,-0.0002121725897860184,-0.0004056585021317005,-2.1326178600844514e-09,-4.0233286139291373e-07,-4.668588828078974e-06,-0.0014742647992834292
990,0.09422569843966466,0.049578279477218934,0.049999961147762145,-0.00011385534582499383,-2.7337316193139134e-07,-0.00021236853055903849,-0.00040705176070332527,-2.1487915891071907e-09,-4.078542797083606e-07,-4.675781187836744e-06,-0.001474938849158856
991,0.09422370222681731,0.04956686115347625,0.04999996088823117,-0.00011397818088853038,-2.9800316128231383e-07,-0.00021256288388722227,-0.00040846221963874996,-2.2194710513900873e-09,-4.134994030059012e-07,-4.683195086186382e-06,-0.0014756654172282313
992,0.09422158940732378,0.049555245138826594,0.04999996062769511,-0.00011410555718303894,-3.2416603569581357e-07,-0.00021275539452906363,-0.0004098624922335148,-2.148136113433452e-09,-4.1926875353006517e-07,-4.690831497807067e-06,-0.0014764446635640277
993,0.09421936893442695,0.04954344997932037,0.049999960366205964,-0.00011423737822680073,-3.5181399066617833e-07,-0.00021294585184412616,-0.00041127586155198514,-2.151989475507321e-09,-4.251639773291574e-07,-4.698691445162203e-06,-0.0014772766942519047
994,0.0942170339008433,0.04953149377532037,0.04999996010378449,-0.00011437395398383817,-3.8097622472968413e-07,-0.00021313418657812868,-0.00041270602378062904,-2.214987970816651e-09,-4.3118620903350063e-07,-4.70677594809633e-06,-0.0014781616432510663
995,0.0942145790711798,0.04951934528124749,0.04999995984041922,-0.00011451527699086506,-4.116810916018985e-07,-0.00021332050586086892,-0.0004141499812249094,-2.2276596123305126e-09,-4.373378219785471e-07,-4.715086048851478e-06,-0.001479099669712768
996,0.09421199582328937,0.04950700279984147,0.04999995957610465,-0.0001146613814453586,-4.439453667611697e-07,-0.00021350488328939225,-0.0004156037175562233,-2.250752251242716e-09,-4.4362087558694327e-07,-4.723622880824781e-06,-0.001480090955738171
997,0.0942092743005351,0.049494466762987625,0.049999959310830816,-0.00011481233570575041,-4.778043509820185e-07,-0.00021368716749769605,-0.0004170634492766112,-2.2704913504867363e-09,-4.500364395028403e-07,-4.7323875406470865e-06,-0.0014811356887067077
998,0.09420641533883461,0.04948172993722256,0.04999995904458723,-0.00011496811928045846,-5.132525782590445e-07,-0.00021386747676558368,-0.0004185302241239697,-2.27575247535583e-09,-4.5658739628015304e-07,-4.7413811317922175e-06,-0.0014822340568710892
999,0.09420340860087882,0.049468795252388995,0.04999995877736525,-0.00011512877646921178,-5.503194117791448e-07,-0.0002140456877128353,-0.0004200124822091311,-2.298668588807118e-09,-4.6327523851025e-07,-4.750604814252157e-06,-0.0014833862641277014
