frame,reward_tracking_lin_vel,reward_tracking_ang_vel,reward_tracking_height,cost_lin_vel_z,cost_ang_vel_xy,cost_joint_velocity,cost_action_nn,cost_action_rate,cost_feet_slip,cost_leg_base_angle,cost_orientation
0,0.0001930454136227711,0.05,0.04998478235575755,-0.0,-0.0,-3.1770382774929774e-07,-0.006501559168100357,-0.0,-1.0774938700364018e-10,-4.178021340513518e-10,-4.6405242943068415e-09
1,0.0001876320171248794,0.049970126629770927,0.04998490014477582,-2.420171556388277e-07,-2.3216563788069143e-05,-7.212318930512777e-07,-0.003147505223751068,-0.0008300845511257648,-3.3965578829683047e-10,-3.9613958554960985e-08,-5.921813765816992e-08
2,0.00018548324367521159,0.049915778680219056,0.04998522294718355,-7.86684869152716e-07,-5.729194492383003e-05,-8.830432652082635e-07,-0.0016058564651757479,-0.00046104236389510334,-1.6402777004054138e-09,-2.4812262523553505e-07,-2.3083062003529367e-07
3,0.00018494742176312134,0.04988488114163891,0.049985703073018126,-1.4517184683802874e-06,-8.469847080605427e-05,-8.882391164044123e-07,-0.0007657762034796178,-0.00023419361968990415,-1.0281215389625963e-06,-6.744651175255518e-07,-5.646045745142145e-07
4,0.00018594872475535782,0.049884848906533025,0.049986301447537136,-2.079713831904374e-06,-9.94379284881466e-05,-1.0542539993721572e-06,-0.00042505754390731454,-0.0002373204770265147,-4.745139699746095e-07,-1.2542242199834244e-06,-1.0854638714566803e-06
5,0.00018795559529212878,0.049904616640401675,0.049986983882132845,-2.7534389429751956e-06,-0.00011210145509037583,-1.4806805423072286e-06,-0.0008251556428149343,-0.00019561305816750973,-2.5416476302031605e-07,-1.927452940957634e-06,-1.8347692440616187e-06
6,0.00018890671297847012,0.04989926265358957,0.049987717865369034,-3.34951418494019e-06,-0.0001330427670489145,-1.8759610397130246e-06,-0.0017425696132704616,-0.0002944478183053434,-1.3825040227383015e-07,-2.7200662805695925e-06,-2.9148353642841516e-06
7,0.0001873109881489049,0.049901025992162354,0.0499884771703162,-3.9226003403606144e-06,-0.000180428205558447,-2.4628508315337873e-06,-0.0010562411043792963,-0.0001272071385756135,-7.940902843839004e-08,-3.571397106609915e-06,-4.429140482591253e-06
8,0.00018701475121397522,0.049914837626700174,0.049989243829079225,-4.3955565758306035e-06,-0.0002157144993537541,-3.2261001489865376e-06,-0.000979541684500873,-5.463896286528325e-06,-4.870424870877926e-08,-4.399477945557531e-06,-6.432855937219884e-06
9,0.00018680688335191465,0.04993007198356671,0.04999000507481393,-4.786741915389514e-06,-0.0002517958622992873,-4.166556978336475e-06,-0.0008694459684193134,-8.949868970375974e-06,-3.246905412958377e-08,-5.144259806691716e-06,-8.997587980479525e-06
10,0.0001868147132368879,0.04994805544558068,0.04999075050058508,-5.090250575657235e-06,-0.0002860739393753503,-5.300942255958188e-06,-0.0007840835605747998,-6.615555321332067e-06,-2.3623179000248422e-08,-5.760259178555945e-06,-1.2187309859747251e-05
11,0.0001870217178926838,0.0499650855887432,0.049991472386827454,-5.3150821701989135e-06,-0.0003187615225033005,-6.609827208322767e-06,-0.0007402983028441668,-3.761029802262783e-06,-1.8434996179952856e-08,-6.2255243444914165e-06,-1.606646700812488e-05
12,0.0001873322084342687,0.04997906136124951,0.04999216521177218,-5.469322476121535e-06,-0.00035102473653705554,-8.078675104864713e-06,-0.0006856109830550849,-4.4222938413440716e-06,-1.5017838445272423e-08,-6.53545445233288e-06,-2.069715151515667e-05
13,0.0001878069339395179,0.049989507888695384,0.04999282509140366,-5.556471182001703e-06,-0.00038165548635017737,-9.685133362909454e-06,-0.0006419558194465935,-3.6809942685067654e-06,-1.245183554473537e-08,-6.694738310780681e-06,-2.6133710093661584e-05
14,0.0001884416473692339,0.049996233151702485,0.049993449451214346,-5.58227843506204e-06,-0.00041046217279586475,-1.1403631631069753e-05,-0.0006073046824894845,-3.035158442799002e-06,-1.027120718158459e-08,-6.7167877706741655e-06,-3.242445038805049e-05
15,0.00018923452811171813,0.04999950397069563,0.04999403673774543,-5.552384250676237e-06,-0.0004372243516089434,-1.3208855231549948e-05,-0.0005787362460978329,-2.4542389382986585e-06,-8.327293987912455e-09,-6.620297242155545e-06,-3.961052285328104e-05
16,0.00019018810618410327,0.04999979379188738,0.04999458620768496,-5.472417338595626e-06,-0.0004616688450068333,-1.5077469707824466e-05,-0.0005545566673390567,-1.945766371136415e-06,-6.554559242510196e-09,-6.42630714714987e-06,-4.772502215317525e-05
17,0.00019130501916587932,0.04999767604840717,0.04999509777126561,-5.348379694703755e-06,-0.00048357618273827806,-1.6988602569945933e-05,-0.0005328307161107659,-1.5411357026096084e-06,-4.966460127128674e-09,-6.155943916725878e-06,-5.6792308568609704e-05
18,0.00019258928594839285,0.049993735638974496,0.04999557186141329,-5.1860739803569704e-06,-0.0005027172080482319,-1.8929325812853498e-05,-0.0005124328308738768,-1.220397621182201e-06,-3.604925450603165e-09,-5.82863683123842e-06,-6.682730473271729e-05
19,0.00019404327624728741,0.049988493969854136,0.049996009291589344,-4.991189165170635e-06,-0.0005189015416627055,-2.0889452087251867e-05,-0.0004924814566038549,-9.91143679129891e-07,-2.499471722077976e-09,-5.4615004202148046e-06,-7.783515110078938e-05
20,0.00019566954623575686,0.04998236817599472,0.049996411152342046,-4.769539712414949e-06,-0.0005319828612650688,-2.2857972915581176e-05,-0.0004724981845356524,-8.285381341011089e-07,-1.6533693599565274e-09,-5.069156707274499e-06,-8.981106919913706e-05
21,0.00019747095777073056,0.04997568760650301,0.04999677879007686,-4.5269713352207045e-06,-0.0005418769321426964,-2.4823652135666773e-05,-0.0004522271628957242,-7.20642901796964e-07,-1.0520441683952684e-09,-4.663913697731884e-06,-0.00010274051453176528
22,0.0001994505528856438,0.04996871442224701,0.049997113775704184,-4.269085719080645e-06,-0.000548553694934544,-2.6775522028788022e-05,-0.0004316579143051058,-6.468966944339627e-07,-6.74162338926479e-10,-4.255898032398399e-06,-0.000116599509363605
23,0.00020161082626914877,0.049961658305878794,0.04999741785651439,-4.001065863404538e-06,-0.000552043071724038,-2.8703471697778784e-05,-0.00041090496233664453,-5.96020413468068e-07,-4.990753860961829e-10,-3.8532591289629985e-06,-0.0001313551888362618
24,0.00020395371347886956,0.04995468759426416,0.049997692902823174,-3.727572884577481e-06,-0.0005524287474618718,-3.0598448180103816e-05,-0.0003901674353983253,-5.590031832980458e-07,-4.985459056760663e-10,-3.462382361211759e-06,-0.00014696653270619375
25,0.0002064802958254616,0.04994793670600824,0.04999794085703291,-3.4527628533077512e-06,-0.0005498479947479569,-3.245232512168928e-05,-0.00036965589970350266,-5.292632181408408e-07,-6.468089189951403e-10,-3.0881312823616525e-06,-0.00016338526766945826
26,0.00020919077227268213,0.04994151184496098,0.049998163688314154,-3.1802355102052207e-06,-0.0005444829641384605,-3.425670595366164e-05,-0.00034960213815793395,-5.032779881730676e-07,-9.225209225941367e-10,-2.7341009550574843e-06,-0.00018055689240514572
27,0.00021208480735351856,0.04993549526703467,0.04999836335906879,-2.9130906865615706e-06,-0.0005365544278276688,-3.6004968972775596e-05,-0.0003301737306173891,-4.801174782187445e-07,-1.3056292562089723e-09,-2.4027605174200673e-06,-0.00019842171588402809
28,0.00021516152546221685,0.04992995291223948,0.04999854179589132,-2.6538738385933854e-06,-0.0005263055476721992,-3.7693251131406814e-05,-0.0003115206491202116,-4.573844023525453e-07,-1.7835565008841842e-09,-2.0956021436701095e-06,-0.0002169158887113288
29,0.0002184192889333032,0.0499249246439657,0.04999870085632533,-2.404599996517255e-06,-0.0005139945676265268,-3.931954774338437e-05,-0.00029374490259215236,-4.3522808823581727e-07,-2.3377286439696667e-09,-1.8132951893040936e-06,-0.00023597239742415195
30,0.0002218559447864141,0.049920430647081605,0.0499988423062025,-2.1668700526002297e-06,-0.0004998860284590338,-4.0883292579078445e-05,-0.000276918348390609,-4.1316948795611097e-07,-2.951782933167901e-09,-1.5558669335514578e-06,-0.00025552201565184586
31,0.00022546909387800688,0.04991647906463017,0.04999896780702406,-1.9418918198860266e-06,-0.0004842442472217923,-4.238478311795312e-05,-0.0002610704686958343,-3.915800732556818e-07,-3.6093671187870078e-09,-1.322860702371578e-06,-0.000275494194148405
32,0.00022925618530591918,0.04991306712573541,0.04999907890987018,-1.7305477612835887e-06,-0.000467327469463178,-4.382477033143111e-05,-0.00024621174088679254,-3.703902109464252e-07,-4.295337043204974e-09,-1.1134717524373039e-06,-0.0002958178472017861
33,0.00023321476650076543,0.04991018641540641,0.04999917705366069,-1.5334145836206908e-06,-0.0004493811331115103,-4.520454451837166e-05,-0.00023231026716530323,-3.49923851672429e-07,-4.991568801517199e-09,-9.266602475239271e-07,-0.000316422031084306
34,0.00023734289875283578,0.04990782629889402,0.04999926356573674,-1.3507884671892352e-06,-0.0004306353783897984,-4.652508512241093e-05,-0.00021934907999821007,-3.297654984635301e-07,-5.671970914790269e-09,-7.612384396469458e-07,-0.00033723656826870855
35,0.0002416387225955948,0.04990597754859262,0.049999339664549884,-1.182756542162262e-06,-0.00041130520029019366,-4.778751134066932e-05,-0.0002073173673124984,-3.0971096975918044e-07,-6.347127308760266e-09,-6.15940287042649e-07,-0.00035819262267581587
36,0.0002461002378135769,0.049904625827850775,0.04999940646357229,-1.0291568331316019e-06,-0.0003915889183403428,-4.899321550238113e-05,-0.000196144450455904,-2.8997928325225075e-07,-7.001629908556583e-09,-4.894687212255127e-07,-0.0003792231283858992
37,0.00025072664056247285,0.04990375379107466,0.049999464975978264,-8.89685433347303e-07,-0.00037166343296949706,-5.014317712938806e-05,-0.00018571611144579947,-2.7170221983396914e-07,-7.62295600841788e-09,-3.805325728559137e-07,-0.0004002631029699216
38,0.00025551756786060676,0.04990335757096839,0.049999516119750474,-7.638789422102936e-07,-0.0003516858413624444,-5.123797399535012e-05,-0.00017603526066523045,-2.5543985771037114e-07,-8.202537516142177e-09,-2.8787507607752537e-07,-0.0004212500245443266
39,0.0002604726040356965,0.049903430034515556,0.0499995607227661,-6.511483625145015e-07,-0.00033180068879735546,-5.2277852225380314e-05,-0.00016707477334421128,-2.380108270472192e-07,-8.735213916922911e-09,-2.1028807098373371e-07,-0.0004421242022467003
40,0.00026559151727647824,0.04990395627176823,0.04999959952874839,-5.508328239296743e-07,-0.00031213631479484603,-5.32631005400322e-05,-0.00015878344129305333,-2.213896834746265e-07,-9.217978998243899e-09,-1.4662159716740248e-07,-0.0004628290120348583
41,0.0002708746745322562,0.049904918854487716,0.04999963320334088,-4.6219172883982073e-07,-0.0002928045952879705,-5.419385019781151e-05,-0.00015111378161236644,-2.0538958267479757e-07,-9.649843637444183e-09,-9.578949199346142e-08,-0.0004833110906226298
42,0.0002763227929780526,0.04990629772778273,0.04999966233988466,-3.8443889647546017e-07,-0.0002739027337108006,-5.506990690086305e-05,-0.00014401410589925945,-1.9053604205510055e-07,-1.0031223238296703e-08,-5.6771514106157704e-08,-0.0005035205002744434
43,0.0002819368304759646,0.049908072724058825,0.04999968746532384,-3.167591640344839e-07,-0.00025551382170581967,-5.589138545232167e-05,-0.00013744352327194065,-1.7649578865075455e-07,-1.0363821808636434e-08,-2.861298123554234e-08,-0.0005234108435156498
44,0.00028771850231370665,0.0499102190887562,0.049999709045731804,-2.5831357613990675e-07,-0.0002377074370522791,-5.665784076307484e-05,-0.00013136437337379903,-1.633655131172418e-07,-1.0650233399841025e-08,-1.0422799146758367e-08,-0.0005429393411070623
45,0.0002936695296448076,0.049912711607204306,0.04999972749190282,-2.0827553643111191e-07,-0.00022054103804028844,-5.736894835329285e-05,-0.00012574068387039006,-1.5090775207227125e-07,-1.0893899204435454e-08,-1.3704644295257994e-09,-0.0005620668931660526
46,0.0002997921470270692,0.049915519755238266,0.04999974316482998,-1.658267964839567e-07,-0.0002040611124907777,-5.802429926100983e-05,-0.00012053325917804614,-1.3952301003428147e-07,-1.1098372979732494e-08,-6.824936457405357e-10,-0.0005807580950900488
47,0.0003060890281641687,0.049918612738146004,0.04999975638078696,-1.3017549194781393e-07,-0.00018830311243856726,-5.862330134832221e-05,-0.00011571925278985873,-1.2855619502261106e-07,-1.1268985257214586e-08,-7.638707679318174e-09,-0.0005989812423912711
48,0.00031256293687581386,0.04992195661882437,0.04999976741630825,-1.0056207184605456e-07,-0.0001732939616755538,-5.9165857541134436e-05,-0.00011126547178719193,-1.1859727067076165e-07,-1.1410156044276786e-08,-2.1568313615953e-08,-0.0006167083011046817
49,0.0003192174411704794,0.04992551572318282,0.049999776512631544,-7.625799819222175e-08,-0.00015905090317502586,-5.9651634580221624e-05,-0.00010712630319176242,-1.0971946551308065e-07,-1.1525141439631796e-08,-4.184634099965844e-08,-0.0006339147781164811
50,0.00032605646396123084,0.04992925373915743,0.04999978387990745,-5.658275425308509e-08,-0.00014558181250425625,-6.008040340359979e-05,-0.00010326543269911781,-1.0213987167162486e-07,-1.1618371300311865e-08,-6.789018495919882e-08,-0.0006505796086346019
51,0.0003330847083561236,0.049933138581396114,0.04999978970123259,-4.090673665400219e-08,-0.00013288843130020698,-6.045157346134036e-05,-9.968160156859085e-05,-9.518451093981639e-08,-1.1694628910445093e-08,-9.91560017182912e-08,-0.0006666851129776196
52,0.0003403066403077733,0.049937138024579074,0.049999794136197935,-2.8646836573248657e-08,-0.00012096708230038312,-6.076458264227706e-05,-9.637232142267749e-05,-8.819462493647734e-08,-1.1757809630943158e-08,-1.351353205877471e-07,-0.0006822169179384701
53,0.00034772703572750574,0.04994121408185328,0.04999979732430807,-1.9272998336648767e-08,-0.00010980860779141993,-6.101969316998947e-05,-9.330221655545756e-05,-8.140326457350966e-08,-1.1809468598161206e-08,-1.7535277778036034e-07,-0.0006971638326094039
54,0.0003553515975266121,0.049945328404151744,0.04999979938792388,-1.2301534619414073e-08,-9.939923707987024e-05,-6.121660321181584e-05,-9.043952013598755e-05,-7.633573062548749e-08,-1.1857923979261206e-08,-2.1936364535494086e-07,-0.0007115176779268135
55,0.00036318652976731437,0.04994944815464738,0.04999980043486906,-7.303073244911603e-09,-8.972022584284595e-05,-6.135513878710915e-05,-8.778720803093165e-05,-7.108452848569868e-08,-1.190379676248763e-08,-2.6675128748346204e-07,-0.0007252731705157234
56,0.0003712377705522177,0.04995354303330032,0.04999980056082385,-3.893152569489102e-09,-8.075042737601088e-05,-6.143530623862232e-05,-8.534290100215003e-05,-6.623821491302806e-08,-1.1949604438736649e-08,-3.171251643182492e-07,-0.0007384277940418061
57,0.0003795120205517565,0.04995757875285586,0.04999979985137542,-1.7353274416257582e-09,-7.246510167071722e-05,-6.145742353237182e-05,-8.305416122311726e-05,-6.232745164425069e-08,-1.1998237895286315e-08,-3.701192366687134e-07,-0.0007509816162711484
58,0.0003880166160498526,0.04996152823498678,0.049999798383945034,-5.372341506010458e-10,-6.483735531535893e-05,-6.142181950705544e-05,-8.093407086562365e-05,-5.916551160112249e-08,-1.2052017658523022e-08,-4.2539001914755493e-07,-0.0007629370930704537
59,0.0003967594867694346,0.049965366288028334,0.049999796229081676,-4.724887085976832e-11,-5.783745581873231e-05,-6.132865788565205e-05,-7.897313480498269e-05,-5.5988131464346225e-08,-1.2113103293611036e-08,-4.826152641501138e-07,-0.0007742989194312503
60,0.00040574852312778403,0.04996906976462287,0.049999793451708574,-5.370247337769737e-11,-5.14353106887545e-05,-6.11783949510738e-05,-7.715983520029113e-05,-5.331792962692816e-08,-1.2183737349554484e-08,-5.41492769938374e-07,-0.0007850739063975185
61,0.0004149922711961468,0.04997261771781644,0.049999790112380094,-3.804765314096865e-10,-4.559969506198264e-05,-6.097154287408903e-05,-7.548925350420177e-05,-5.089910004585363e-08,-1.226388211380586e-08,-6.01739004005593e-07,-0.0007952708165387779
62,0.0004244996080370111,0.04997599112257488,0.04999978626809298,-8.843627601497318e-10,-4.029870487824429e-05,-6.070873555188381e-05,-7.394919521175325e-05,-4.8985413059199345e-08,-1.2351885030379697e-08,-6.63088457111995e-07,-0.00080490019234908
63,0.00043427987873911216,0.049979174211768555,0.04999978197307476,-1.4518860846235574e-09,-3.550002968836867e-05,-6.039100284918151e-05,-7.253218063851818e-05,-4.756608618095015e-08,-1.2451531793828075e-08,-7.252927754903454e-07,-0.0008139741819543577
64,0.0004443434282782866,0.04998215384344362,0.04999977727923254,-1.996750685022495e-09,-3.117129352854498e-05,-6.001892789417914e-05,-7.124033436411992e-05,-4.628239835824388e-08,-1.2562866205169103e-08,-7.881193719970678e-07,-0.0008225064118102815
65,0.0004547002704188642,0.049984919786802744,0.04999977223654389,-2.456163772418832e-09,-2.728078139396515e-05,-5.959346761027709e-05,-7.00732198311016e-05,-4.493062633059708e-08,-1.268530783637956e-08,-8.513512388882679e-07,-0.0008305118702247563
66,0.00046536111967459713,0.049987462186505384,0.04999976689346656,-2.7885056529327587e-09,-2.3797271542095632e-05,-5.911569611551861e-05,-6.902047607582062e-05,-4.4034418777982864e-08,-1.2819581675830698e-08,-9.147861190601042e-07,-0.0008380067820008263
67,0.0004763371483319702,0.04998977417103551,0.049999761297152744,-2.970250781542916e-09,-2.069043974484381e-05,-5.8586644068789226e-05,-6.807996396673843e-05,-4.3327990084662815e-08,-1.2966022900084241e-08,-9.782356815754267e-07,-0.0008450084697418962
68,0.00048763992530965664,0.04999185046881646,0.04999975549365953,-2.9935300787154535e-09,-1.7930557245822168e-05,-5.8007659789525005e-05,-6.7258755734656e-05,-4.270792075544705e-08,-1.3125644716889687e-08,-1.0415254245701135e-06,-0.0008515352350596062
69,0.0004992816555090248,0.04999368822119951,0.049999749527895154,-2.864733951158309e-09,-1.548915096482342e-05,-5.737990597072385e-05,-6.654638855252415e-05,-4.2159964408483575e-08,-1.3297348420377315e-08,-1.1044937203919296e-06,-0.000857606267352298
70,0.0005112746122098351,0.049995286000900176,0.04999974344364139,-2.600858317918172e-09,-1.3338833596063757e-05,-5.6704799166422374e-05,-6.594676960958168e-05,-4.179932489023486e-08,-1.3480097435875952e-08,-1.166991638394448e-06,-0.0008632415373945681
71,0.000523631723204686,0.04999664403663113,0.04999973728361862,-2.228745595310024e-09,-1.14534759977705e-05,-5.598382851038452e-05,-6.545666110469028e-05,-4.1561875718798547e-08,-1.3673356246670573e-08,-1.2288826638123369e-06,-0.0008684616895996967
72,0.0005363664239837074,0.04999776434278963,0.049999731089381105,-1.782734790792486e-09,-9.808143922276952e-06,-5.5218439032122755e-05,-6.507424404844642e-05,-4.1493109392831684e-08,-1.3876693551858294e-08,-1.2900419421850456e-06,-0.0008732879464393592
73,0.0005494924360460308,0.04999865081604033,0.04999972490131564,-1.303146378189185e-09,-8.379282334187456e-06,-5.44103895367213e-05,-6.480382580775768e-05,-4.151184995748736e-08,-1.4089387346546542e-08,-1.3503560414309245e-06,-0.0008777420276277511
74,0.0005630242753430825,0.04999930860338672,0.049999718758409924,-8.356133294552505e-10,-7.144707789987964e-06,-5.35612115176165e-05,-6.464454781962559e-05,-4.1492427271805354e-08,-1.431061995558155e-08,-1.4097224288604803e-06,-0.0008818460715677257
75,0.0005769765273898459,0.04999974428543658,0.049999712698165194,-4.2858088534747624e-10,-6.083664057959567e-06,-5.267267202002094e-05,-6.459319411078468e-05,-4.16022380989034e-08,-1.4539173187163326e-08,-1.4680492237431557e-06,-0.0008856225666030584
76,0.0005913644609385876,0.049999965882470465,0.049999706756597935,-1.3322888204283317e-10,-5.176810221124756e-06,-5.174656210136396e-05,-6.465479964390397e-05,-4.179258539238617e-08,-1.4773891666749319e-08,-1.5252550842910769e-06,-0.0008890942953688809
77,0.0006062037339461592,0.049999982885911565,0.04999970096807765,-2.1943588811811218e-12,-4.406306529310186e-06,-5.078462707091254e-05,-6.482557364506647e-05,-4.1989306254208714e-08,-1.501352857603367e-08,-1.5812685068311118e-06,-0.0008922842507252409
78,0.0006215105430505751,0.049999806120645175,0.049999695365272476,-8.892851563495787e-11,-3.7555553879100134e-06,-4.97888202151156e-05,-6.510725506814197e-05,-4.226547645203027e-08,-1.5273046408571463e-08,-1.636027873145356e-06,-0.000895215595477961
79,0.0006373020231902674,0.04999944772360398,0.049999689979017714,-4.472647768576283e-10,-3.209588050705299e-06,-4.876092318880682e-05,-6.549953104695305e-05,-4.224155247811723e-08,-1.5521230194645323e-08,-1.6894802590927151e-06,-0.0008979116451468142
80,0.0006535941963854513,0.04999892128949164,0.04999968483826716,-1.1302353639317318e-09,-2.7547020617186166e-06,-4.770329168189304e-05,-6.600104825338349e-05,-4.2401115507573195e-08,-1.5763198026642284e-08,-1.7415825614956222e-06,-0.0009003957403920408
81,0.0006704058113154559,0.04999824276121605,0.04999967997008384,-2.1901733548015737e-09,-2.3785037399670947e-06,-4.661818294517979e-05,-6.660806684521958e-05,-4.3883151334966897e-08,-1.600286912400925e-08,-1.7923013176759145e-06,-0.0009026911532753576
82,0.0006877560786875451,0.04999742690308488,0.049999675399440426,-3.677861703969697e-09,-2.0700666587649473e-06,-4.5507131837518926e-05,-6.733366899425164e-05,-4.3429785989701486e-08,-1.6240844871129515e-08,-1.8416107655995268e-06,-0.0009048210459863793
83,0.0007056634442467663,0.04999649051296756,0.04999967114909648,-5.6425532982269395e-09,-1.8194986970737028e-06,-4.4372431655875447e-05,-6.816200766479596e-05,-4.363651839867089e-08,-1.647595479278667e-08,-1.8894935252790001e-06,-0.0009068084682429608
84,0.000724147864108115,0.04999545206287363,0.04999966723961772,-8.131713812937495e-09,-1.6185228977005426e-06,-4.321615706767071e-05,-6.90947927068919e-05,-4.3903352064944556e-08,-1.670515540719545e-08,-1.9359398818681182e-06,-0.0009086763346657048
85,0.000743229555598066,0.04999433160787674,0.04999966368955029,-1.1191965113971091e-08,-1.4600978165969561e-06,-4.204054622071449e-05,-7.01306780683808e-05,-4.4240291430241996e-08,-1.6926128188348824e-08,-1.9809481202703056e-06,-0.0009104473828570316
86,0.0007629296486598763,0.04999315005423866,0.0499996605154424,-1.4867403363478118e-08,-1.338388311665731e-06,-4.084784518620049e-05,-7.126235868781805e-05,-4.441440282221265e-08,-1.7136543547361882e-08,-2.0245240947546075e-06,-0.0009121440946001279
87,0.0007832702956381537,0.04999192925865009,0.04999965773172981,-1.9199919208766838e-08,-1.2486275968070013e-06,-3.964022829869204e-05,-7.248708425322548e-05,-4.4505078733436676e-08,-1.7333949239295697e-08,-2.0666806625015193e-06,-0.0009137886092387336
88,0.0008042742980595591,0.04999069170457098,0.04999965535080019,-2.422973336416648e-08,-1.1871574982274593e-06,-3.8420134665103004e-05,-7.379728049272671e-05,-4.4462545645274076e-08,-1.7515868207537872e-08,-2.1074373748309963e-06,-0.0009154026586309394
89,0.0008259659412415445,0.04998946046237918,0.049999653382897746,-2.999270819277592e-08,-1.1513281121172537e-06,-3.7189788053987625e-05,-7.518431812059134e-05,-4.4322785441863743e-08,-1.7679746691669517e-08,-2.1468201275260864e-06,-0.0009170075061887639
90,0.0008483700066928553,0.04998825969554665,0.04999965183620784,-3.652492583694069e-08,-1.1394895660731158e-06,-3.5951504992309025e-05,-7.664484292035922e-05,-4.411360166045597e-08,-1.7823153084278457e-08,-2.1848609714180552e-06,-0.0009186239035564735
91,0.0008715124628959384,0.049987113061976354,0.04999965071697924,-4.385843032041686e-08,-1.150880438630732e-06,-3.47076410026485e-05,-7.816027209628373e-05,-4.365824324281675e-08,-1.7943529050539806e-08,-2.2215978835352923e-06,-0.000920271992599929
92,0.0008954208077748303,0.049986045473103716,0.04999965002945002,-5.2022428246811986e-08,-1.1854362963267693e-06,-3.346046641545823e-05,-7.972657476784661e-05,-4.3164057217381924e-08,-1.803867489047645e-08,-2.2570742636428115e-06,-0.0009219712363084618
93,0.000920123340345861,0.04998508068755462,0.04999964977596466,-6.104458210399603e-08,-1.2438653557928066e-06,-3.2212470146397503e-05,-8.132318907883018e-05,-4.231555905676032e-08,-1.8106311465706497e-08,-2.2913383575900865e-06,-0.0009237403321257816
94,0.000945650623861819,0.049984242062831974,0.04999964995692539,-7.094617653898714e-08,-1.3272904065465653e-06,-3.0965822551782396e-05,-8.293977589346468e-05,-4.139940301683964e-08,-1.8144275955096556e-08,-2.3244431329884514e-06,-0.0009255971187318411
95,0.0009720337386541514,0.04998355189203929,0.0499996505709471,-8.175062279547762e-08,-1.4373354441862984e-06,-2.9722960229490645e-05,-8.455556962871924e-05,-4.0291492808819385e-08,-1.8150669014858396e-08,-2.3564456621172673e-06,-0.0009275585108140226
96,0.0009993061948595878,0.049983031410516326,0.049999651614955384,-9.347346756790116e-08,-1.5758596806249766e-06,-2.8486173823089648e-05,-8.615580009063706e-05,-3.897558897847375e-08,-1.8123534162695373e-08,-2.3874066666374233e-06,-0.0009296403853345759
97,0.001027503012206153,0.04998269956420613,0.049999653084066245,-1.0612705232625928e-07,-1.7447912786937898e-06,-2.725771924394618e-05,-8.771356078796089e-05,-3.755213384692979e-08,-1.8061237749008575e-08,-2.4173901708098453e-06,-0.0009318574728648341
98,0.001056661180934521,0.04998257287280394,0.04999965497176471,-1.19721519987244e-07,-1.9459766218769822e-06,-2.603995034976441e-05,-8.920909749576822e-05,-3.590399089148377e-08,-1.796226777425216e-08,-2.446462805004812e-06,-0.0009342232596416296
99,0.001086820022297364,0.049982664304135976,0.04999965726992081,-1.342594084979226e-07,-2.181052431994441e-06,-2.4834909269934235e-05,-9.062619938049465e-05,-3.429009964861507e-08,-1.7825398303126705e-08,-2.474693445497182e-06,-0.0009367499090401417
100,0.0011180201882143507,0.049982982936385395,0.049999659968906034,-1.497438806318289e-07,-2.451292133619047e-06,-2.3644792718485254e-05,-9.193471487378702e-05,-3.2506086711237003e-08,-1.7649666559020628e-08,-2.502152465316123e-06,-0.0009394481508883794
101,0.0011503053949017585,0.04998353273087241,0.04999966305767347,-1.6616817052135385e-07,-2.7573240824701975e-06,-2.247167820676593e-05,-9.311120811617002e-05,-3.081742860899794e-08,-1.743376054147821e-08,-2.528911136342416e-06,-0.000942327164068934
102,0.0011837215615245551,0.04998431246019146,0.0499996665237121,-1.8352154246722255e-07,-3.0990559819218043e-06,-2.1317556858716127e-05,-9.413626685272902e-05,-2.9190491801500684e-08,-1.7177748606913472e-08,-2.5550409942005354e-06,-0.0009453944982049681
103,0.001218317043992184,0.04998531340943527,0.04999967035320685,-2.0178946067719097e-07,-3.475595713491297e-06,-2.018428929753493e-05,-9.498844156041741e-05,-2.7696874127514093e-08,-1.688159825965214e-08,-2.580613036904029e-06,-0.0009486559876566256
104,0.0012541427172586194,0.04998652021877159,0.0499996745310429,-2.2094790144485833e-07,-3.885048489436755e-06,-1.907352968619734e-05,-9.564327774569392e-05,-2.6437641409415846e-08,-1.6545799315502475e-08,-2.6056971786687927e-06,-0.0009521156674256458
105,0.0012912516482067316,0.049987908744405694,0.049999679040964695,-2.4097399234530145e-07,-4.3244943837385055e-06,-1.7986960030013745e-05,-9.6087773272302e-05,-2.548892830134264e-08,-1.6172251774032655e-08,-2.6303614428416144e-06,-0.0009557757244347041
106,0.0013296999784003418,0.04998944636659432,0.04999968386570408,-2.618348553959102e-07,-4.790008259796691e-06,-1.692617951257536e-05,-9.630404383642599e-05,-2.4807041754115744e-08,-1.5751415495053908e-08,-2.6546707942791163e-06,-0.0009596364279646649
107,0.0013695459445229865,0.04999109025030332,0.04999968898689333,-2.8348332062372745e-07,-5.2764513666493644e-06,-1.5892696576140305e-05,-9.628690168028697e-05,-2.5085412858061318e-08,-1.5292856348821337e-08,-2.678687220303448e-06,-0.0009636960649018339
108,0.001410852276454398,0.04999278844433097,0.04999969438524135,-3.0588018802968663e-07,-5.777713981934307e-06,-1.4887741215036792e-05,-9.602322825230658e-05,-2.498710749421207e-08,-1.4797523944310472e-08,-2.70246785420778e-06,-0.0009679509253885618
109,0.0014536829044382324,0.04999447595334702,0.0499997000405589,-3.289681449551654e-07,-6.286704156976215e-06,-1.3912192210123128e-05,-9.550951654091477e-05,-2.5421261540259366e-08,-1.4266683487205357e-08,-2.726063755881842e-06,-0.0009723953429848653
110,0.001498102615270341,0.049996082161976124,0.049999705931895566,-3.526960295256298e-07,-6.7957673339387855e-06,-1.2967216556724614e-05,-9.47522567003034e-05,-2.685957234405123e-08,-1.3702742279493492e-08,-2.749520054864304e-06,-0.0009770217478503429
111,0.0015441809344421435,0.0499975261272483,0.04999971203777162,-3.770027717759283e-07,-7.296669732145934e-06,-1.2053682013327071e-05,-9.37583899940364e-05,-2.8414408603794072e-08,-1.3104245737908314e-08,-2.7728741984164454e-06,-0.0009818207012732402
112,0.0015919881752275826,0.04999871971386229,0.04999971833615588,-4.018178627726793e-07,-7.780854920604855e-06,-1.1172300042804815e-05,-9.254132601199672e-05,-3.0666484462926746e-08,-1.248648095263562e-08,-2.796155546157444e-06,-0.0009867810092423148
113,0.001641598205191433,0.04999956914676179,0.04999972480467044,-4.2708718090866945e-07,-8.239932783284599e-06,-1.0323618507192598e-05,-9.110024984693155e-05,-3.2338320465896686e-08,-1.1846105412492773e-08,-2.8193827688139332e-06,-0.0009918898631261985
114,0.0016930838608835872,0.049999977686384624,0.04999973142070341,-4.5273328466621307e-07,-8.665724158231358e-06,-9.508043228270497e-06,-8.946993330027908e-05,-3.523107849900953e-08,-1.1188216336342576e-08,-2.8425639292443428e-06,-0.0009971330093957874
115,0.0017465197887593321,0.04999984934598655,0.04999973816165114,-4.786994708740164e-07,-9.050915683290085e-06,-8.726177600389648e-06,-8.768280531512573e-05,-3.829051564707697e-08,-1.0517769512082365e-08,-2.865696129067564e-06,-0.0010024949642560264
116,0.0018019835865168414,0.04999909123679592,0.04999974500513544,-5.049184449001403e-07,-9.389190942986975e-06,-7.978291985082963e-06,-8.575115498388186e-05,-4.122064112266344e-08,-9.839896018234225e-09,-2.8887630297719077e-06,-0.0010079592182353492
117,0.001859551757558353,0.049997618650574734,0.049999751928973345,-5.313256417493381e-07,-9.675361932820103e-06,-7.264693401499509e-06,-8.3712708146777e-05,-4.437477940655299e-08,-9.160179750372226e-09,-2.911734749131137e-06,-0.0010135084926571464
118,0.0019193017380576844,0.049995359435606734,0.049999758911390545,-5.578656586082622e-07,-9.905849288114435e-06,-6.585625451411443e-06,-8.159685967257246e-05,-4.774524953177206e-08,-8.48432772456487e-09,-2.934566501791509e-06,-0.001019125038292361
119,0.0019813104396827937,0.049992258852401134,0.04999976593122013,-5.844870862134194e-07,-1.0078882509640807e-05,-5.941267477970698e-06,-7.944244862301275e-05,-5.130453573087834e-08,-7.817866441041949e-09,-2.9571979829487573e-06,-0.001024790956734485
120,0.002045653675970854,0.04998828340306296,0.04999977296812211,-6.111539163576578e-07,-1.0194593329751674e-05,-5.3318976148187985e-06,-7.728399941697717e-05,-5.525611967982513e-08,-7.166279358942126e-09,-2.979552788648519e-06,-0.001030488536480051
121,0.002112407000695157,0.04998342593422803,0.04999978000272634,-6.378318783461446e-07,-1.0255110447618134e-05,-4.757761516648357e-06,-7.516448386013508e-05,-5.943776315575633e-08,-6.534698401074103e-09,-3.001537837179309e-06,-0.0010362006011671713
122,0.0021816439279617227,0.049977708690515675,0.04999978701668567,-6.6449897055455e-07,-1.0264492659375416e-05,-4.219205115107627e-06,-7.312557136174291e-05,-6.431900345660324e-08,-5.927755441100132e-09,-3.023043414904409e-06,-0.0010419108680243875
123,0.0022534366967499877,0.0499711847655066,0.049999793992881424,-6.911494745634211e-07,-1.0228708521570142e-05,-3.716622980762915e-06,-7.12068795110099e-05,-6.999183455036473e-08,-5.349635135113732e-09,-3.04394303570781e-06,-0.001047604296773172
124,0.0023278554132231265,0.04996394029270125,0.049999800915563476,-7.177883628199778e-07,-1.0155340496115063e-05,-3.250465410791095e-06,-6.945669883862138e-05,-7.642758959036655e-08,-4.803762557668143e-09,-3.064093822085727e-06,-0.0010532674461830632
125,0.002404966976013388,0.04995609353469021,0.04999980777050239,-7.444426404043234e-07,-1.0053559244342025e-05,-2.821332195797622e-06,-6.792102794861421e-05,-8.381672245150185e-08,-4.292551043870491e-09,-3.08333766584559e-06,-0.0010588887727057009
126,0.0024848371584617543,0.04994779014852572,0.049999814545014676,-7.711403843988788e-07,-9.933331890914345e-06,-2.429941568916836e-06,-6.664951797574759e-05,-9.228073594158559e-08,-3.817142717200526e-09,-3.1015024325186376e-06,-0.0010644589209051064
127,0.0025675285759016314,0.04993920119914258,0.049999821227957535,-7.979307076618704e-07,-9.805739508372228e-06,-2.077152874810382e-06,-6.569482502527535e-05,-1.0139073225445827e-07,-3.3758325168579e-09,-3.1184039277392294e-06,-0.0010699709980854426
128,0.0026531020194146006,0.04993051320813201,0.049999827809827604,-8.24873208320863e-07,-9.682107736839539e-06,-1.7638858432643136e-06,-6.510476669063792e-05,-1.111287275534778e-07,-2.978752681093471e-09,-3.133848453770914e-06,-0.0010754207885531862
129,0.0027416177328719957,0.04992192242379713,0.04999983428279628,-8.52059606984215e-07,-9.574078658162158e-06,-1.491175605997758e-06,-6.490227679023519e-05,-1.2219497591559048e-07,-2.6183235214617763e-09,-3.147634585183616e-06,-0.0010808068811994408
130,0.00283313083387171,0.04991362325693549,0.049999840640713035,-8.79573834000508e-07,-9.492448978783829e-06,-1.2602024793429734e-06,-6.51571317575872e-05,-1.314299993282475e-07,-2.292522653752772e-09,-3.159558024743203e-06,-0.001086130790211581
131,0.0029276963398740135,0.04990578579206478,0.04999984687904348,-9.075191642875025e-07,-9.448130472296045e-06,-1.0722479469514682e-06,-6.590575503651053e-05,-1.409245982131324e-07,-2.000221278952086e-09,-3.1694160666691066e-06,-0.0010913970443646038
132,0.0030253725056130745,0.04989857335040499,0.04999985299482559,-9.3601247296889e-07,-9.451263613535958e-06,-9.285570184763798e-07,-6.71493326080963e-05,-1.4868282960378565e-07,-1.7357986611047295e-09,-3.1770102905459196e-06,-0.0010966131041815342
133,0.0031262152953140825,0.049892109473647854,0.04999985898656583,-9.65169780613318e-07,-9.510638125289101e-06,-8.303296946678542e-07,-6.890780059620738e-05,-1.5441922585068824e-07,-1.5026569356443046e-09,-3.1821521305861692e-06,-0.0011017893149388065
134,0.003230283621149811,0.04988647794058826,0.04999986485413421,-9.95133305106005e-07,-9.63444505392775e-06,-7.786932262694834e-07,-7.116275082807988e-05,-1.5874859116138396e-07,-1.295384123319691e-09,-3.1846668741792543e-06,-0.0011069387659095448
135,0.003337637184584376,0.049881719778018085,0.04999987059870231,-1.026041473028991e-06,-9.829382375467917e-06,-7.746222930436005e-07,-7.389800884993747e-05,-1.601755172941921e-07,-1.112259825539735e-09,-3.184398481551132e-06,-0.001112077091600524
136,0.003448339336795274,0.04987781950272368,0.04999987622256588,-1.058037787109728e-06,-1.010137347250505e-05,-8.188922464177892e-07,-7.707963231950998e-05,-1.5974322309375566e-07,-9.457966747634108e-10,-3.1812145237502603e-06,-0.0011172222397182636
137,0.0035624595774236354,0.049874721562297414,0.04999988172898662,-1.0912647200346038e-06,-1.0455390990606142e-05,-9.119558350906765e-07,-8.064232679316774e-05,-1.5690636701037874e-07,-7.935040165595605e-10,-3.1750098409633147e-06,-0.001122394119208467
138,0.003680073943718592,0.04987232381510737,0.049999887122013593,-1.125863395061142e-06,-1.0895266526162007e-05,-1.0539099873649525e-06,-8.451937901554629e-05,-1.5347687565281376e-07,-6.549581592214438e-10,-3.165709326701364e-06,-0.0011276142123421266
139,0.0038012665074694586,0.04987049236999966,0.04999989240624614,-1.1619730420209157e-06,-1.1423888927158605e-05,-1.244482354938644e-06,-8.862488175509498e-05,-1.4968061634590413e-07,-5.2964962413679e-10,-3.153269600988552e-06,-0.001132905145725333
140,0.003926126705845094,0.04986905655050741,0.04999989758663087,-1.199726820003157e-06,-1.2042908639605229e-05,-1.4829920593450686e-06,-9.288440924137831e-05,-1.4654762026111712e-07,-4.18295598848859e-10,-3.1376804265503296e-06,-0.0011382902278748654
141,0.004054754360457225,0.049867823059412945,0.04999990266820852,-1.239242765865523e-06,-1.2753047857973782e-05,-1.7683725938815155e-06,-9.723231050884351e-05,-1.4458075270340487e-07,-3.2139497316026987e-10,-3.1189646662782288e-06,-0.0011437929597689792
142,0.004187257337919792,0.04986658059295724,0.049999907655837894,-1.2806217250190479e-06,-1.3554077422839884e-05,-2.0991850502747266e-06,-0.0001016062669805251,-1.442034118781521e-07,-2.3761034529590484e-10,-3.0971773771075505e-06,-0.0011494365452989607
143,0.00432375249804347,0.04986511072694247,0.04999991255392123,-1.3239381030233436e-06,-1.4444717965725486e-05,-2.4736516848715056e-06,-0.00010595915227895603,-1.4533998182741925e-07,-1.7069734633637736e-10,-3.072403859034245e-06,-0.001155243455100308
144,0.004464365322092044,0.04986319348506893,0.04999991736615092,-1.36925273209027e-06,-1.5422920070164532e-05,-2.8897861605846074e-06,-0.00011024788545910269,-1.4710468576595304e-07,-1.2308030469927018e-10,-3.0447561295391814e-06,-0.0011612349957037897
145,0.004609227932414031,0.0498606179453317,0.04999992209526236,-1.4165932743375582e-06,-1.6485203300066803e-05,-3.345411809341072e-06,-0.00011445124255260453,-1.496337631579081e-07,-9.653267968754978e-11,-3.014368857886831e-06,-0.001167430948953032
146,0.004758476984470638,0.04985717358229325,0.049999926742781316,-1.4659551438418936e-06,-1.7627146868502605e-05,-3.838244270782555e-06,-0.00011856835772050545,-1.522660539876597e-07,-1.0701002474327149e-10,-2.9813953192302375e-06,-0.0011738493873341147
147,0.0049122574511288744,0.049852662481093234,0.049999931308896614,-1.517347769144907e-06,-1.8843995966616097e-05,-4.366156724239362e-06,-0.00012258467904757708,-1.5241597850490507e-07,-1.5125824090636358e-10,-2.946001392176497e-06,-0.0011805064114669428
148,0.0050707095367825755,0.04984689148796816,0.04999993579226872,-1.5706906188950738e-06,-2.0128619933857027e-05,-4.927023630156843e-06,-0.0001265228056581691,-1.5378776652141823e-07,-2.3491805974336917e-10,-2.9083625714856487e-06,-0.0011874160642089363
149,0.005233975297960987,0.049839656887035295,0.049999940189980795,-1.6259260384518169e-06,-2.1474548635314904e-05,-5.518764618085137e-06,-0.0001304087054450065,-1.5291065835754125e-07,-3.631689469994126e-10,-2.868660398441835e-06,-0.0011945903538974042
150,0.00540220458106642,0.04983079043507559,0.049999944497649086,-1.6829680813883711e-06,-2.287525205652938e-05,-6.139571884353996e-06,-0.0001342034520348534,-1.4881727850024618e-07,-5.408223431869461e-10,-2.8270766806907394e-06,-0.001202039237740656
151,0.005575538867554734,0.0498201202396031,0.04999994870942459,-1.74170896249059e-06,-2.4322683218301953e-05,-6.7878416706170595e-06,-0.00013793025573249906,-1.4372106704740872e-07,-7.718722600001023e-10,-2.7837905891664877e-06,-0.0012097707687938044
152,0.005754118839436714,0.049807483303361606,0.04999995281811459,-1.8020388423421775e-06,-2.5809136502934942e-05,-7.46216449561476e-06,-0.00014159058628138155,-1.371105042835552e-07,-1.0593116400274754e-09,-2.7389757341508873e-06,-0.001217791200545045
153,0.005938083651462332,0.049792726249012875,0.0499999568153706,-1.8638317008870079e-06,-2.7326732941455174e-05,-8.161397162802019e-06,-0.00014518486568704247,-1.295605898121721e-07,-1.4049668842132227e-09,-2.692798106972103e-06,-0.0012261051438784123
154,0.0061275678216867946,0.04977570409308665,0.04999996069190676,-1.9269682341935357e-06,-2.8867845221923213e-05,-8.884642954070772e-06,-0.0001487055269535631,-1.2122964676564152e-07,-1.8092749068109131e-09,-2.645414505090256e-06,-0.0012347157479261248
155,0.006322702702106645,0.049756287951385036,0.04999996443778053,-1.991332530490678e-06,-3.0425034292757074e-05,-9.631170211108252e-06,-0.00015215617895592004,-1.1243420061646248e-07,-2.271244249530309e-09,-2.5969712134412164e-06,-0.001243624862025667
156,0.006523617199268524,0.049734362474592224,0.049999968042634346,-2.0568062249830835e-06,-3.199120052010584e-05,-1.040048480200832e-05,-0.00015552334662061185,-1.0348444590135841e-07,-2.7884970196555e-09,-2.547603317156721e-06,-0.001252833202913424
157,0.006730435992154268,0.04970983258774378,0.04999997149594643,-2.1232799731940317e-06,-3.355955921689345e-05,-1.11922699083488e-05,-0.00015880799037404358,-9.507437681577358e-08,-3.3568380192563117e-09,-2.4974344709384586e-06,-0.001262340518268642
158,0.0069432815378331824,0.0496826214962991,0.04999997478729329,-2.190658072909246e-06,-3.5123869326005776e-05,-1.2006362305316074e-05,-0.0001619959220988676,-8.652435923295343e-08,-3.971005573176449e-09,-2.4465765246897266e-06,-0.0012721457098974808
159,0.00716227344913009,0.04965267550185125,0.04999997790658,-2.2588452172777564e-06,-3.66779110920492e-05,-1.2842832907352504e-05,-0.00016508594853803515,-7.871508245216319e-08,-4.624235471883009e-09,-2.395129940286432e-06,-0.0012822469503261144
160,0.007387526950434985,0.04961996251409114,0.049999980844257004,-2.3277634012272243e-06,-3.821612177097192e-05,-1.3701789383494641e-05,-0.00016807693464215845,-7.148182845639894e-08,-5.308417075615838e-09,-2.3431843352254127e-06,-0.0012926417941407408
161,0.007619157935855082,0.04958447768941578,0.049999983591514016,-2.3973433973206965e-06,-3.9733347154147565e-05,-1.458354052289122e-05,-0.0001709545322228223,-6.47611315685026e-08,-6.014632792995291e-09,-2.29081870575546e-06,-0.001303327256699817
162,0.007857277582012724,0.04954623662174376,0.049999986140442015,-2.4675284280948854e-06,-4.122449959997605e-05,-1.5488543096987194e-05,-0.00017371586000081152,-5.866053953695882e-08,-6.733360936188893e-09,-2.2381022405485088e-06,-0.0013142998644639179
163,0.008101995491837944,0.0495052790987279,0.049999988484150736,-2.538260187701065e-06,-4.2684711775418634e-05,-1.6417293374771974e-05,-0.00017635540280025452,-5.312621809139273e-08,-7.454168144118804e-09,-2.18509493673764e-06,-0.0013255556870072236
164,0.008353420731861334,0.049461668097918056,0.049999990616869834,-2.6094960611388827e-06,-4.4109400834767444e-05,-1.7370515991905644e-05,-0.00017886850400827825,-4.819724708227113e-08,-8.163561126927581e-09,-2.131848135830661e-06,-0.0013370903976029289
165,0.008611658823638053,0.049415488858833505,0.04999999253403943,-2.681210931437816e-06,-4.54943174949721e-05,-1.8349036266510055e-05,-0.0001812443952076137,-4.370451023305577e-08,-8.851492743463544e-09,-2.0784049242971798e-06,-0.0013488992677948
166,0.008876812862880152,0.049366840738170666,0.04999999423235279,-2.7533662257004306e-06,-4.6834778994829816e-05,-1.935367031128859e-05,-0.00018348688900005072,-4.023528887842076e-08,-9.50609165118024e-09,-2.024801271782478e-06,-0.0013609771426850792
167,0.009148987490282682,0.04931583358046448,0.04999999570978852,-2.8259438186028078e-06,-4.8126399263812577e-05,-2.03855023637262e-05,-0.00018559068848844618,-3.689392258365842e-08,-1.0116800221509326e-08,-1.971066868040404e-06,-0.0013733184329889978
168,0.009428282575696948,0.04926260242224165,0.04999999696562227,-2.8989180575079763e-06,-4.936491918268632e-05,-2.144560075831176e-05,-0.00018754687334876508,-3.428582218134579e-08,-1.0671707138497102e-08,-1.9172253587923493e-06,-0.0013859171095211753
169,0.009714797732005898,0.04920728896486324,0.049999998000416254,-2.9722763713512208e-06,-5.0546049449188065e-05,-2.2535155474465323e-05,-0.00018935037951450795,-3.209499155332196e-08,-1.1171262370839103e-08,-1.863295143187834e-06,-0.0013987666769634628
170,0.010008626882175978,0.04915005164084249,0.049999998815996066,-3.04597578462704e-06,-5.1665244568210845e-05,-2.36553726516179e-05,-0.00019099802011623979,-3.042135432451687e-08,-1.158334970054651e-08,-1.8092904505734894e-06,-0.0014118602151361622
171,0.010309873064244916,0.04909106974101937,0.04999999941542815,-3.1200668086472266e-06,-5.271928900974191e-05,-2.4807797362011773e-05,-0.00019245335715822875,-2.9028143444520538e-08,-1.190575052928204e-08,-1.7552204756274553e-06,-0.001425190320125675
172,0.010618625277668908,0.049030524620843084,0.04999999980296662,-3.194509667229949e-06,-5.3702604450709044e-05,-2.5994411618210445e-05,-0.00019375752890482545,-2.9881395136044375e-08,-1.2134421897486071e-08,-1.7010907683202141e-06,-0.0014387489855672679
173,0.010934962062223956,0.04896853353143325,0.04999999998399666,-3.2692923075451795e-06,-5.4609998194286544e-05,-2.7216363968796496e-05,-0.00019494867592584342,-2.9057204642413126e-08,-1.2262804851522651e-08,-1.6469053734488906e-06,-0.0014525275439478788
174,0.011258988606475137,0.048905273503967395,0.049999999964982944,-3.344400824740529e-06,-5.5437627054510554e-05,-2.8475512521210602e-05,-0.00019595124467741698,-2.96977429314893e-08,-1.2285148430572096e-08,-1.5926658587719744e-06,-0.001466516662253453
175,0.011590784620479112,0.0488409342393378,0.049999999753401955,-3.419823288959495e-06,-5.618104329410896e-05,-2.9773675199655994e-05,-0.00019677721138577908,-3.089969524694425e-08,-1.2197257834088543e-08,-1.5383720578577303e-06,-0.0014807063946641467
176,0.011930433128637348,0.0487757002903237,0.049999999357674234,-3.4955465598796673e-06,-5.683557761788994e-05,-3.111269461243767e-05,-0.00019743536540772766,-3.271255977210785e-08,-1.1996932577154127e-08,-1.4840227614040656e-06,-0.001495086092334515
177,0.012278015827750996,0.04870975243618916,0.049999998787093256,-3.571557684047674e-06,-5.739662416228272e-05,-3.249472341847062e-05,-0.0001979306834982708,-3.509933677037225e-08,-1.1683866780648169e-08,-1.4296163431610004e-06,-0.0015096443825721062
178,0.012633606055456196,0.048643269725135656,0.049999998051751406,-3.6478396294778906e-06,-5.7859798038963074e-05,-3.392181668750835e-05,-0.00019827065989375114,-3.813016036247063e-08,-1.1259863605729798e-08,-1.3751516834461343e-06,-0.0015243691448335569
179,0.012997278222690981,0.04857642416263383,0.04999999716246225,-3.7243792731772518e-06,-5.822076819609462e-05,-3.539623215871486e-05,-0.0001984502887353301,-4.168221323652688e-08,-1.0728667982396293e-08,-1.3206287754760177e-06,-0.0015392474641462534
180,0.013369100906063755,0.04850939789488733,0.04999999613068517,-3.8011494443805085e-06,-5.847520953072657e-05,-3.692025971977264e-05,-0.00019848323427140713,-4.597446690013385e-08,-1.0096653304984716e-08,-1.266049270726754e-06,-0.0015542656256039835
181,0.013749138230912894,0.04844236600131555,0.049999994968451866,-3.878129495730408e-06,-5.861928939418622e-05,-3.849614511252164e-05,-0.00019838265143334866,-5.081922083149948e-08,-9.372891279890755e-09,-1.2114173394219188e-06,-0.0015694090695400052
182,0.01413745577612511,0.04837549199854968,0.04999999368828609,-3.955290456503146e-06,-5.8648882076603265e-05,-4.012646611698049e-05,-0.0001981475215870887,-5.62930395631156e-08,-8.568910068484781e-09,-1.156740519646732e-06,-0.0015846623572112377
183,0.014534107567523866,0.04830895471726472,0.04999999230312829,-4.032602664699587e-06,-5.856050837283344e-05,-4.181362782513107e-05,-0.00019780041475314647,-6.22565607955039e-08,-7.69934181780928e-09,-1.102030498956929e-06,-0.0016000091774422698
184,0.014939149043286405,0.04824291808268589,0.049999990826251006,-4.110040202703123e-06,-5.835092039290043e-05,-4.356022780769011e-05,-0.00019734988745767623,-6.88523300595989e-08,-6.781913563831249e-09,-1.0473041452587595e-06,-0.0016154323067679036
185,0.015352628570944377,0.04817754331530847,0.04999998927119111,-4.187555074709962e-06,-5.8017067842673676e-05,-4.5368814133189036e-05,-0.00019681161211337894,-7.586996275676938e-08,-5.837449761137588e-09,-9.925845519793768e-07,-0.001630913622954432
186,0.015774590046762845,0.0481129999551852,0.04999998765167785,-4.265114690460403e-06,-5.7556795002063566e-05,-4.724186578502144e-05,-0.000196201290236786,-8.344348145783442e-08,-4.890412008868232e-09,-9.379019834525869e-07,-0.0016464340873722978
187,0.01620507727266046,0.04804944520272341,0.04999998598154564,-4.342674285774981e-06,-5.696787199305077e-05,-4.918209557634379e-05,-0.00019553546735551208,-9.135536771509578e-08,-3.96803521217241e-09,-8.832951249515437e-07,-0.001661973716675034
188,0.01664412415968992,0.04798703907004086,0.04999998427466356,-4.420189822343249e-06,-5.624886722289109e-05,-5.119197622480444e-05,-0.00019483515643514693,-9.941778955635527e-08,-3.102353757694002e-09,-8.288123243253448e-07,-0.0016775116119564937
189,0.01709176397675417,0.04792593992411748,0.049999982544852266,-4.497617720550452e-06,-5.539911279880815e-05,-5.3274069167940105e-05,-0.00019411655375733972,-1.0778506265296528e-07,-2.329119339642323e-09,-7.745130125541915e-07,-0.001693025920933021
190,0.017548026181594296,0.04786629479324633,0.049999980805826766,-4.574891110000483e-06,-5.441807954917837e-05,-5.5430743097354025e-05,-0.00019339924619998783,-1.1619508910598597e-07,-1.6885154801386626e-09,-7.20469192053285e-07,-0.0017084938238897019
191,0.01801293722532983,0.047808254625791004,0.049999979071128034,-4.651957249010268e-06,-5.330628572969626e-05,-5.766412681751956e-05,-0.00019269928452558815,-1.2439245722362102e-07,-1.225120448037107e-09,-6.667670904596335e-07,-0.00172389156605091
192,0.01848652263582689,0.047751965575870914,0.04999997735403017,-4.728757904032243e-06,-5.206493897848459e-05,-5.9976520138984777e-05,-0.00019202593830414116,-1.3227594308773405e-07,-9.873465824578427e-10,-6.135088175568484e-07,-0.0017391944806361061
193,0.018968798203076374,0.047697584338594314,0.04999997566747846,-4.805228166780243e-06,-5.069634706915668e-05,-6.236975333399494e-05,-0.00019139834330417216,-1.3987400393489224e-07,-1.0279852019119298e-09,-5.60814235571716e-07,-0.0017543769926267217
194,0.019459784612523515,0.04764525516055076,0.049999974024019046,-4.881303712312529e-06,-4.9203384741557654e-05,-6.484559790344105e-05,-0.0001908296690089628,-1.4713005214161967e-07,-1.4040324901171076e-09,-5.088231264175355e-07,-0.0017694126122845017
195,0.019959496916655665,0.04759511531573503,0.049999972435734105,-4.956909908877812e-06,-4.758983325802534e-05,-6.740544026416337e-05,-0.00019032275304198265,-1.5344730286415142e-07,-2.1768546372766646e-09,-4.5769731895503816e-07,-0.0017842739747572303
196,0.020467950062244476,0.04754730581699267,0.04999997091418232,-5.031973862486802e-06,-4.586067373497015e-05,-7.005026736996004e-05,-0.00018989096861332655,-1.5918104168122227e-07,-3.4120763014501735e-09,-4.0762311764537274e-07,-0.001798932877223496
197,0.020985159939583827,0.047501955419766984,0.04999996947031755,-5.106425377902046e-06,-4.402180055849484e-05,-7.278088374901684e-05,-0.00018952695245388895,-1.6378764655655687e-07,-5.192650556548058e-09,-3.5881389592085644e-07,-0.001813360292273509
198,0.021511134757346475,0.04745919467178181,0.04999996811443878,-5.180163237182235e-06,-4.208009426908801e-05,-7.559757719271826e-05,-0.00018921634182333946,-1.6689294568550395e-07,-7.563952820343724e-09,-3.115128688108655e-07,-0.0018275264383383505
199,0.022045897327041063,0.04741915948733847,0.049999966856111806,-5.253153665475627e-06,-4.004403939254467e-05,-7.850046434249014e-05,-0.00018898106645792723,-1.7092419568598416e-07,-1.0622165095799543e-08,-2.659957784412003e-07,-0.001841400828104551
200,0.022589450228887347,0.047381958093695394,0.04999996570411373,-5.325287101875179e-06,-3.792242858415364e-05,-8.148908131650888e-05,-0.0001888307451736182,-1.7338861368898506e-07,-1.4447818715886482e-08,-2.2257434850860187e-07,-0.0018549522660502628
201,0.023141804901071227,0.04734765042670767,0.049999964666402844,-5.396478273588094e-06,-3.572531357860878e-05,-8.456178382047805e-05,-0.00018869030463974923,-1.7200518698246015e-07,-1.912570876997085e-08,-1.8159980856012217e-07,-0.0018681489140369842
202,0.02370298970301026,0.04731634771922251,0.04999996375004881,-5.466638973149489e-06,-3.3464507228374215e-05,-8.771735418554363e-05,-0.00018856576934922487,-1.7303186439221463e-07,-2.4743148208813864e-08,-1.4346613739719018e-07,-0.0018809583910114796
203,0.024273007678150302,0.04728814907987903,0.04999996296119277,-5.535680197837986e-06,-3.11524864992116e-05,-9.095366953187368e-05,-0.00018844683654606342,-1.7248522965473967e-07,-3.1389581448558236e-08,-1.0861403536403964e-07,-0.0018933478803264542
204,0.024851870730760436,0.047263130055157004,0.04999996230501981,-5.603509300187542e-06,-2.880298460956894e-05,-9.426817448342303e-05,-0.0001883117511169985,-1.7143499064786738e-07,-3.915500737432331e-08,-7.753506115764294e-08,-0.0019052841907988933
205,0.025439589094087528,0.04724135177293784,0.04999996178572298,-5.670033504923133e-06,-2.643069493973052e-05,-9.765772130845424e-05,-0.00018814222130458802,-1.7004285268740205e-07,-4.813084954022549e-08,-5.0775993456237216e-08,-0.001916733851275985
206,0.026036171223234435,0.04722286675826894,0.04999996140647825,-5.735157218096e-06,-2.4051439574933897e-05,-0.00010111866554286403,-0.00018792386981658638,-1.6867430474576395e-07,-5.8409657971609396e-08,-2.894355042309064e-08,-0.0019276632194294265
207,0.02664162214675187,0.047207709337658416,0.04999996116942524,-5.798783498916571e-06,-2.1681921693898824e-05,-0.00010464713356654529,-0.00018763658590614796,-1.6709289241134684e-07,-7.007642078349734e-08,-1.27094456612473e-08,-0.0019380385935543684
208,0.02725594161210501,0.047195902742609354,0.04999996107565356,-5.860822089440841e-06,-1.9339850483929795e-05,-0.00010823877694805811,-0.00018728314898908138,-1.6607459940587432e-07,-8.322238137435194e-08,-2.815755950511101e-09,-0.0019478263796607821
209,0.02787911706620287,0.047187460853023507,0.04999996112519986,-5.9211773138677034e-06,-1.7043912412959588e-05,-0.00011188897187245056,-0.00018686526163946837,-1.6540606395665236e-07,-9.79319559234323e-08,-8.078741498730464e-11,-0.001956993216867052
210,0.028511132323373895,0.04718236177364538,0.0499999613170545,-5.979752358060568e-06,-1.481322608799936e-05,-0.00011559265450365913,-0.00018636595632415265,-1.6495575039243704e-07,-1.142866099104806e-07,-5.405356755985238e-09,-0.0019655060843208816
211,0.029151964355085377,0.047180588106066484,0.049999961649179366,-6.036450103090207e-06,-1.2667666950855872e-05,-0.00011934460185545768,-0.00018580594041850418,-1.6553951809328282e-07,-1.3236321649922083e-07,-1.9779613700083843e-08,-0.0019733324578832226
212,0.02980157711614302,0.04718211136990097,0.04999996211853072,-6.091174420040941e-06,-1.062752106453247e-05,-0.0001231397862460195,-0.00018519519653636962,-1.6623992848963098e-07,-1.522339021631912e-07,-4.4290510410880805e-08,-0.001980440502917429
213,0.03045991215426644,0.04718688614312969,0.04999996272109223,-6.143831491445196e-06,-8.713586762714374e-06,-0.0001269728002407673,-0.00018455530516803265,-1.6781466172233195e-07,-1.7396438066297527e-07,-8.012995178606468e-08,-0.0019867992133722405
214,0.031126907215322887,0.04719485562930802,0.04999996345190856,-6.1943281853239005e-06,-6.946584933478778e-06,-0.00013083848931705932,-0.0001839069154812023,-1.6957861248556583e-07,-1.976148171272341e-07,-1.2860376351682773e-07,-0.0019923785913477264
215,0.03180247169818208,0.047205969130358225,0.04999996430513018,-6.2425749015576955e-06,-5.347513929629232e-06,-0.00013473159775311913,-0.00018328223086427897,-1.7190004086842237e-07,-2.2323758542406403e-07,-1.9114154763701923e-07,-0.001997149820358806
216,0.03248650662354706,0.0472201554507388,0.04999996527406842,-6.288480802542329e-06,-3.9369467377899785e-06,-0.00013864702383152672,-0.0001827132364269346,-1.7443088040636212e-07,-2.508756413264816e-07,-2.6930759295063325e-07,-0.0020010854173846846
217,0.033178889624599056,0.04723735400534282,0.04999996635124305,-6.331969069355825e-06,-2.7352483572386952e-06,-0.00014258037535764956,-0.00018224268569611013,-1.7711843725010112e-07,-2.8056628277552393e-07,-3.648130571261555e-07,-0.002004159439336017
218,0.03387946866688831,0.04725748840384481,0.04999996752845967,-6.37295152665267e-06,-1.762094220365149e-06,-0.00014652691806851695,-0.00018190566333942115,-1.79826358248647e-07,-3.123546101095355e-07,-4.795294380424697e-07,-0.0020063476126917557
219,0.0345880738404224,0.04728048971540988,0.04999996879688776,-6.411327473445996e-06,-1.036340384370528e-06,-0.00015048260157817593,-0.0001817120792111382,-1.8242498356357828e-07,-3.462590124005541e-07,-6.155033781325724e-07,-0.002007627458044272
220,0.035304518632969,0.0473063015693861,0.04999997014713059,-6.447015110017518e-06,-5.758870122557457e-07,-0.00015444355233284985,-0.00018169851682614535,-1.856881226558471e-07,-3.8228573896878484e-07,-7.749735432407718e-07,-0.0020079784870173224
221,0.036028593535752475,0.04733491901751332,0.04999997156929341,-6.479962249906276e-06,-3.973854250246941e-07,-0.00015840656531847502,-0.00018195409211330116,-1.8799862289142766e-07,-4.204515770060151e-07,-9.6038966512717e-07,-0.0020073824261990017
222,0.03676004361795314,0.04736629402461778,0.049999973053041796,-6.510100960262994e-06,-5.158711467616042e-07,-0.00016236877567402732,-0.00018249110144097358,-1.901123312109121e-07,-4.607569796758063e-07,-1.1744327831202865e-06,-0.0020058232662433745
223,0.03749861000925358,0.04740036349368364,0.0499999745876942,-6.537356125546064e-06,-9.448892064529186e-07,-0.00016632723708051044,-0.0001833108690334484,-1.9227543646138656e-07,-5.032049093194377e-07,-1.420038246419676e-06,-0.0020032873221504585
224,0.038244010739798495,0.04743711121298566,0.04999997616230752,-6.561656727478131e-06,-1.696213081696285e-06,-0.0001702802589819354,-0.00018445824389345944,-1.9448232535523857e-07,-5.477705936222448e-07,-1.7004217677792057e-06,-0.0019997633678022378
225,0.03899593920115585,0.04747653562124313,0.04999997776575194,-6.582962685706012e-06,-2.7796009162783507e-06,-0.0001742260851097643,-0.0001859802141552791,-1.9652075877729658e-07,-5.944307980248739e-07,-2.0191081764507684e-06,-0.0019952427522565517
226,0.0397540649255061,0.04751863244152682,0.0499999793867725,-6.601249536672568e-06,-4.202594364218318e-06,-0.00017816295754293507,-0.00018793277558870614,-1.9793586147898168e-07,-6.431910082464006e-07,-2.379963342278579e-06,-0.001989719431516681
227,0.04051802438495316,0.04756335089521935,0.04999998101407178,-6.616414452715194e-06,-5.970742932538164e-06,-0.00018208989258225125,-0.0001902344374684617,-1.9955650998326746e-07,-6.939782015865244e-07,-2.787227845454863e-06,-0.0019831898810050534
228,0.0412874904844761,0.04761068760832271,0.04999998263638866,-6.628473573629671e-06,-8.08782022545542e-06,-0.00018600554869095415,-0.00019297619292046875,-2.0230110919783328e-07,-7.468082303376707e-07,-3.2455578527985097e-06,-0.0019756531607200444
229,0.04206205289179382,0.04766065981892396,0.04999998424258335,-6.637304722230884e-06,-1.0555015303644478e-05,-0.0001899099294310557,-0.00019615462224464864,-2.032967785225992e-07,-8.016030327410991e-07,-3.7600682576241156e-06,-0.0019671108224262883
230,0.04284133995091244,0.04771324284867601,0.049999985821714756,-6.6429010469016904e-06,-1.3372157959419877e-05,-0.00019380162750937048,-0.00019973826420027763,-2.068736932869797e-07,-8.583172045489301e-07,-4.33637927922151e-06,-0.0019575668686724543
231,0.043624968173792245,0.047768455962301754,0.04999998736307732,-6.645237266107279e-06,-1.653673682227588e-05,-0.00019768107813965589,-0.000203848845558241,-2.0795926047867397e-07,-9.168882860156588e-07,-4.980671653909866e-06,-0.0019470277793864335
232,0.044412506542287324,0.04782624435631498,0.04999998885625295,-6.644291705865155e-06,-2.004418176359175e-05,-0.00020154738376118456,-0.00020839330682065338,-2.094911479844086e-07,-9.77245172164767e-07,-5.6997422446767515e-06,-0.001935502353723373
233,0.04520356103709806,0.04788651580979039,0.04999999029117646,-6.6400324898693535e-06,-2.3888970424436066e-05,-0.0002053997987048448,-0.0002133918460458517,-2.1077494238852523e-07,-1.0393041809876437e-06,-6.501067574499412e-06,-0.001923001574739898
234,0.045997728258738525,0.04794917903471318,0.04999999165817844,-6.632453746098964e-06,-2.8063849718498314e-05,-0.00020923762566617255,-0.00021884457964915782,-2.1204940026109398e-07,-1.1029769812893781e-06,-7.392875061268605e-06,-0.0019095385059560372
235,0.04679459999010769,0.0480141051759151,0.04999999294804114,-6.621529825918978e-06,-3.256052619712653e-05,-0.0002130591827098041,-0.00022473177523352206,-2.1257531557239417e-07,-1.168157216500659e-06,-8.384219884017107e-06,-0.001895128119251328
236,0.04759378901553943,0.04808114445274837,0.04999999415204301,-6.607255853915883e-06,-3.7369904948568474e-05,-0.00021686277117432181,-0.00023102811246644706,-2.125766371818827e-07,-1.2347294102489188e-06,-9.485069039164984e-06,-0.0018797871472454486
237,0.04839490733321897,0.04815010697149674,0.049999995261997256,-6.589620250169124e-06,-4.2482094521240455e-05,-0.000220646582347928,-0.0002377036726102233,-2.118853643651164e-07,-1.3025646427250857e-06,-1.0706396051690826e-05,-0.0018635339870965687
238,0.049197570886823305,0.04822078277387699,0.04999999627030145,-6.5686235531558315e-06,-4.788618123898506e-05,-0.00022440786662707957,-0.00024473981466144323,-2.1049179110832483e-07,-1.3715217924496421e-06,-1.2060284325042835e-05,-0.0018463885641174403
239,0.05000140987820324,0.04829291816308293,0.049999997169970556,-6.544264077342258e-06,-5.3571150027938016e-05,-0.00022814371756702727,-0.00025207659928128123,-2.0775496523128822e-07,-1.4414437044860027e-06,-1.3560040277087557e-05,-0.0018283721845276245
240,0.05080606429936592,0.04836623300112552,0.04999999795467076,-6.516550383864353e-06,-5.95253395245424e-05,-0.00023184987572231683,-0.00025967726833187044,-2.0496008801274002e-07,-1.5121576891121597e-06,-1.5220318234681613e-05,-0.0018095074182486915
241,0.05161120029856491,0.048440426409369686,0.04999999861874915,-6.48551007319145e-06,-6.573706722750373e-05,-0.00023552222712189708,-0.00026750151300802827,-2.0071470885341114e-07,-1.5834808726983205e-06,-1.7057259739646257e-05,-0.0017898180090628363
242,0.05241647705820836,0.04851516172594622,0.049999999157266134,-6.451170064220925e-06,-7.219372648505852e-05,-0.00023915562919566642,-0.00027547686477191746,-1.961793998361827e-07,-1.6552187675736243e-06,-1.908864821564158e-05,-0.0017693287505950951
243,0.05322156959399998,0.04859008346263369,0.04999999956603745,-6.413513395610788e-06,-7.88834613962499e-05,-0.0002427448645487566,-0.0002835210761986673,-1.9111310223252076e-07,-1.7271616477730777e-06,-2.1334078362810377e-05,-0.0017480653537796703
244,0.05402619277619484,0.048664845453968694,0.04999999984165773,-6.372634499295944e-06,-8.579385478811939e-05,-0.0002462843629582816,-0.00029165117302909493,-1.8658151645922771e-07,-1.7991022886814224e-06,-2.3815153600964123e-05,-0.0017260544901975643
245,0.054830020860405095,0.04873907719345326,0.04999999998153057,-6.328557572496159e-06,-9.291074203280497e-05,-0.00024976736569217025,-0.0002997776900883764,-1.79852904125255e-07,-1.8708017121585072e-06,-2.6555697375056925e-05,-0.001703323673569743
246,0.05563277397283372,0.04881237637990993,0.04999999998389928,-6.281344342949134e-06,-0.0001002214610975472,-0.00025318670160226465,-0.0003077985893469304,-1.750622260487944e-07,-1.9420297447199663e-06,-2.958198489080526e-05,-0.0016799011126118714
247,0.056434188174682015,0.04888437090045317,0.04999999984787959,-6.2310432386752755e-06,-0.00010771303702834139,-0.00025653571761930573,-0.0003157095634378493,-1.7045547906491265e-07,-2.0125553292114847e-06,-3.292302063258663e-05,-0.001655815657769479
248,0.05723399023858492,0.048954709968665806,0.04999999957348589,-6.177695527434365e-06,-0.00011537241890723855,-0.00025980731933513286,-0.00032344440114684403,-1.6612098363566474e-07,-2.082146860524011e-06,-3.6610845528647874e-05,-0.0016310967861474371
249,0.05803191321578976,0.049023069986237906,0.04999999916165006,-6.121383037204352e-06,-0.0001231851853623775,-0.0002629947787276341,-0.00033097341656684875,-1.623913732373694e-07,-2.150575320616408e-06,-4.068088338431198e-05,-0.0016057745913641232
250,0.05882768778473657,0.04908914088297403,0.04999999861423817,-6.062159903324306e-06,-0.000131136962696012,-0.00026609064435541757,-0.00033825080026872456,-1.5933289887470892e-07,-2.2176106699711963e-06,-4.517232999933773e-05,-0.001579879721448749
251,0.05962106214214165,0.049152647975512886,0.04999999793406293,-6.000112311699624e-06,-0.00013921294262639954,-0.0002690883870496803,-0.0003452424716670066,-1.5711798084794282e-07,-2.28304418497383e-06,-5.012859886088956e-05,-0.0015534433897505789
252,0.06041177583714026,0.04921334819465861,0.04999999712489843,-5.935339472782387e-06,-0.00014739691828166224,-0.0002719814054309037,-0.00035194275551475585,-1.5541603204383136e-07,-2.3466589009862702e-06,-5.559783787951467e-05,-0.0015264973699005817
253,0.06119954906808241,0.0492710325996244,0.049999996191472,-5.867883787067024e-06,-0.00015567240021066315,-0.0002747635269571501,-0.00035828480031341314,-1.543044021445894e-07,-2.408265298175275e-06,-6.163350834514359e-05,-0.0014990739358368037
254,0.06198412610811996,0.04932554712882943,0.04999999513945479,-5.797842022195579e-06,-0.00016402258790303671,-0.00027742942527766756,-0.000364287116099149,-1.547919907807227e-07,-2.4677017979048817e-06,-6.829506043400697e-05,-0.0014712058390784681
255,0.06276523534657079,0.04937679384302053,0.049999993975430534,-5.72527799100464e-06,-0.00017242999014385911,-0.00027997392024534877,-0.00036994947004131973,-1.5437483114055794e-07,-2.5248097327434337e-06,-7.564871230168844e-05,-0.0014429263560511306
256,0.06354259077654134,0.04942470682695582,0.049999992706869285,-5.650304321921407e-06,-0.000180874108903919,-0.00028239267567496304,-0.0003752432530745864,-1.5470611458567873e-07,-2.5794571190287e-06,-8.37683351268021e-05,-0.0014142693180834486
257,0.06431590539535091,0.049469255842153594,0.04999999134210475,-5.573010792933281e-06,-0.00018933431458245334,-0.0002846820819947484,-0.0003801716084126383,-1.5525044716468983e-07,-2.6315337879787677e-06,-9.273648826635343e-05,-0.0013852690760592467
258,0.06508488259634072,0.049510449703720705,0.04999998989026643,-5.493485475874873e-06,-0.00019778868597700516,-0.00028683905957735205,-0.00038473642780445516,-1.5590912028073944e-07,-2.680953231268866e-06,-0.0001026456202182298,-0.0013559604821974534
259,0.06584922278665743,0.04954833116775058,0.04999998836122424,-5.411832133756814e-06,-0.0002062142832917789,-0.0002888615068458739,-0.00038893663440831006,-1.5638092065728415e-07,-2.727655008600207e-06,-0.00011359946647943674,-0.0013263788814502709
260,0.06660861409731923,0.04958297650569674,0.04999998676551664,-5.328147384469687e-06,-0.00021458646806384626,-0.000290746964955519,-0.0003927790967281908,-1.5659323082672927e-07,-2.7715729714943832e-06,-0.00012571466714577308,-0.0012965600476475105
261,0.06736274571446751,0.04961448592518666,0.04999998511426622,-5.242502526786519e-06,-0.00022288103824645786,-0.0002924946522055559,-0.0003962436749134213,-1.5737263936443924e-07,-2.812707830089388e-06,-0.00013912266251045206,-0.0012665400663589975
262,0.06811132191654207,0.04964299109317045,0.04999998341909143,-5.155009822267296e-06,-0.00023107382078086134,-0.0002941046682846524,-0.0003993679420091212,-1.5727637503459846e-07,-2.851075978466582e-06,-0.00015397195438916807,-0.0012363553615638016
263,0.06885400963031603,0.0496686440298309,0.04999998169198379,-5.065761889240987e-06,-0.00023913694679000144,-0.0002955775510981942,-0.0004021446220576763,-1.562229812179794e-07,-2.8867001324096225e-06,-0.0001704307459748437,-0.0012060426803787913
264,0.06959048223334377,0.04969159560699029,0.049999979945220485,-4.974874302253209e-06,-0.00024704265294725166,-0.0002969143631830027,-0.00040458934381604195,-1.55638645082945e-07,-2.919628078940877e-06,-0.00018869003983667593,-0.0011756389398940195
265,0.07032042775907421,0.049711995613334226,0.049999978191261396,-4.882439508076035e-06,-0.00025476486153414555,-0.0002981162223352325,-0.0004067029512953013,-1.545184744600192e-07,-2.949921635144858e-06,-0.0002089673219037587,-0.0011451811005932977
266,0.07104354211758034,0.04973000868020527,0.04999997644263105,-4.788565785814753e-06,-0.00026227713285399576,-0.0002991853818435016,-0.0004084952233824879,-1.5300163624942797e-07,-2.9776672139664903e-06,-0.00023151095658691638,-0.0011147060784755698
267,0.07175951570594133,0.0497457935719659,0.04999997471180909,-4.69335323376932e-06,-0.0002695531679251044,-0.0003001247861643809,-0.000409974018111825,-1.5089111116139975e-07,-3.00296892573719e-06,-0.0002566054649844358,-0.001084250646471708
268,0.07246804191360935,0.0497595097211444,0.049999973011088536,-4.596897829594908e-06,-0.0002765671091817731,-0.00030093751570317334,-0.0004111461457796395,-1.4853263508030068e-07,-3.025941218193268e-06,-0.00028457783060863764,-0.0010538513004911567
269,0.07316883123136252,0.0497713100893465,0.04999997135246874,-4.499305911780517e-06,-0.0002832947165888835,-0.0003016274194162533,-0.0004120197263546288,-1.4584412610929576e-07,-3.046716723112148e-06,-0.0003158051221077562,-0.0010235441356380576
270,0.07386159480613141,0.0497813411018315,0.04999996974753584,-4.400670870176294e-06,-0.0002897122876788747,-0.00030219826013820313,-0.0004126141720917076,-1.425673161747909e-07,-3.065433779525925e-06,-0.0003507237246870271,-0.000993364722831572
271,0.07454606922827071,0.049789738479811496,0.04999996820736513,-4.301111749599489e-06,-0.00029579816521003104,-0.0003026543619926827,-0.00041293949470855296,-1.3906584683809342e-07,-3.0822357206558956e-06,-0.0003898405751464951,-0.0009633479650703464
272,0.0752219887304181,0.04979662979073037,0.0499999667424276,-4.200713451576719e-06,-0.00030153241036171143,-0.00030300053915833657,-0.00041297945426777005,-1.355836047878256e-07,-3.0972795232464543e-06,-0.00043374692933286196,-0.0009335279776979032
273,0.07588910947670993,0.04980213343262402,0.04999996536246545,-4.099578360429622e-06,-0.00030689676473156813,-0.00030324170327373015,-0.0004127672000322491,-1.315470257168272e-07,-3.110730389136484e-06,-0.00048313531180254205,-0.0009039379662304098
274,0.07654720262776095,0.04980636325734844,0.049999964076417026,-3.997807374012722e-06,-0.00031187567108788186,-0.000303383435559477,-0.00041229589260183275,-1.2703154084192647e-07,-3.122756829242087e-06,-0.0005388205395128512,-0.0008746101232780881
275,0.07719604281349295,0.04980942452694377,0.04999996289232577,-3.89549547016471e-06,-0.0003164542577583697,-0.0003034307553522907,-0.0004115886113140732,-1.2251766179360857e-07,-3.133522402159327e-06,-0.000601765857157407,-0.000845575516724748
276,0.077835436833366,0.04981141309309106,0.04999996181729221,-3.7927524766071527e-06,-0.00032062139460968536,-0.0003033892998754331,-0.00041065309778787196,-1.1777790831501989e-07,-3.143197487199863e-06,-0.0006731157478284144,-0.0008168639701073356
277,0.07846519987810817,0.049812417645360534,0.049999960857434717,-3.689674714740847e-06,-0.00032436797686109776,-0.0003032649576512577,-0.0004094888863619417,-1.128914846049156e-07,-3.1519518621442867e-06,-0.0007542374453442764,-0.0007885039874641665
278,0.07908516091225412,0.04981252282728728,0.04999996001782377,-3.586362435975485e-06,-0.0003276870508879589,-0.0003030633629161594,-0.0004081122751813382,-1.0794047966555809e-07,-3.159949769168938e-06,-0.0008467736984029957,-0.000760522673834967
279,0.07969517046273178,0.04981180936727583,0.04999995930246462,-3.4829162853642223e-06,-0.0003305741176964222,-0.00030279042465589367,-0.0004065323737449944,-1.0283752516215827e-07,-3.167359041634916e-06,-0.0009527105204313075,-0.0007329456575815301
280,0.08029508696979248,0.04981035398216127,0.04999995871425701,-3.3794153229493525e-06,-0.00033302739006821173,-0.00030245193315630334,-0.0004047432157676667,-9.792794486429557e-08,-3.1743343097740137e-06,-0.0010744647982833292,-0.0007057970338192211
281,0.08088480968964024,0.04980824079203566,0.04999995825502959,-3.275999342063476e-06,-0.0003350470286872676,-0.0003020537867293922,-0.00040279226959683,-9.24441962979472e-08,-3.181035279154552e-06,-0.0012149987832512975,-0.0006790993515081003
282,0.081464216922636,0.04980554106581897,0.049999957925564845,-3.1727493128023637e-06,-0.00033663395293636185,-0.00030160166171684465,-0.0004006463277619332,-8.781095317544896e-08,-3.1876008169266818e-06,-0.00137797101662417,-0.0006528735511047735
283,0.0820332304249511,0.04980232345973057,0.04999995772560509,-3.069773299153836e-06,-0.00033779334736437785,-0.00030110113038119566,-0.0003983450587838888,-8.27720896268147e-08,-3.1941792211125382e-06,-0.0015679373327100678,-0.0006271389023480962
284,0.08259178989653418,0.04979866441533788,0.04999995765387946,-2.96716127205583e-06,-0.0003385334122368462,-0.0003005580384999249,-0.00039587789797224104,-7.79639819370459e-08,-3.2009065604781516e-06,-0.0017906220393151496,-0.0006019130347310049
285,0.08313982963111166,0.04979464316839679,0.049999957708133404,-2.8650173762564147e-06,-0.0003388605634543052,-0.00025363390524252955,-0.00039327386184595525,-7.345878572095899e-08,-2.660348844242108e-06,-0.001993914832231315,-0.0005783475670538457
286,0.08431535569770783,0.0498083462797804,0.04999996514414107,-3.327830883866765e-06,-0.0003110675858578743,-0.00023493510729636778,-0.0013312178198248148,-0.0005322470678947866,-2.5372377758178183e-06,-0.0021976854955873515,-0.0005550998335789889
287,0.08534607960457015,0.04841506961988419,0.04999998352394849,-3.1773202583878226e-06,-0.0003130240608364086,-0.00022342185656809593,-0.0033917806576937437,-0.0006941786268725991,-2.295389746844914e-06,-0.0023244564252613287,-0.0005330815843701119
288,0.08614421712469272,0.04689312138759284,0.04999999713451165,-2.651737384141089e-06,-0.00031962480855480613,-0.00021495703848511749,-0.0052744122222065926,-0.0003556661249604076,-2.0098280714730693e-06,-0.0024170886400927305,-0.0005112973010728401
289,0.08678799828780348,0.04614750924182543,0.04999999934707888,-2.03869533111447e-06,-0.0003298829554859253,-0.00020991612369398874,-0.0055730585008859634,-4.988630462321453e-05,-1.1705793236882368e-06,-0.0024754850687642646,-0.0004895665623061399
290,0.08734625475946772,0.04589063069904696,0.04999998942607309,-1.4777850187845788e-06,-0.0003420408716535393,-0.00020702720864313945,-0.005063098389655352,-4.296716724638827e-05,-8.846965818667192e-07,-0.0025028764131955084,-0.0004677473450546599
291,0.08785639863708412,0.045933008768117706,0.049999969124823206,-9.980857720241117e-07,-0.00035788078288884667,-0.00020452622544804485,-0.004266316071152687,-7.733191887382418e-05,-8.65451149077298e-07,-0.0024996059964476733,-0.00044576938756252953
292,0.08832555852100238,0.04610756693013756,0.04999994119113188,-6.11851427384168e-07,-0.0003773656255509871,-0.00020138510236707995,-0.0034462125040590763,-9.868718916550279e-05,-9.713305139171202e-07,-0.0024713609881474806,-0.00042360254746816057
293,0.08875431283727042,0.04629449208725951,0.04999990885294058,-3.252720780307918e-07,-0.00039844204957110573,-0.0002076477474108043,-0.002795921405777335,-8.723728387849405e-05,-1.70453041051488e-06,-0.0024171925959026496,-0.0004012386544145103
294,0.08907825691612464,0.04656719712458279,0.049999878007162026,-1.265337790943403e-07,-0.00042181751057197094,-0.00022017465619915164,-0.0020789324771612883,-0.00016907017561607063,-2.7036559913669493e-06,-0.0023410738119515437,-0.00037888136789424807
295,0.08933613664706667,0.046559609920028715,0.049999857963531374,-3.357115196262467e-08,-0.00043581366179106033,-0.00023853971121495966,-0.001831815461628139,-0.00010085782560054213,-4.4134543425653495e-06,-0.0022410037755828216,-0.00035669329753636213
296,0.08956823297458627,0.04625363097172069,0.049999851381486465,-3.4450359755323667e-09,-0.00044539080005945135,-0.0002629435211262472,-0.0017383709782734513,-3.316171932965517e-05,-6.851733266115611e-06,-0.002122505967513377,-0.0003349375953463038
297,0.08978101582597386,0.04571184219775454,0.049999858427559156,-2.3779114098749296e-11,-0.00044338257034699357,-0.0002949127589481578,-0.0017627797788009048,-4.4856362364953384e-05,-1.0194161093279483e-05,-0.0019873956828020656,-0.000313989845445183
298,0.08997521303076966,0.045045801265161216,0.04999987713695558,-4.0071828041531736e-12,-0.00042360921696278273,-0.00033697816425968185,-0.001994253834709525,-8.744818478589877e-05,-1.4739068621519202e-05,-0.0018371083225399106,-0.00029426291406627823
299,0.09015897393802356,0.044373104283610305,0.0499999039931458,-6.4793573867827575e-09,-0.00038751474615767546,-0.0003260364165415263,-0.0024688902776688337,-0.000115908173029311,-2.0930625290682457e-05,-0.0016734470627365956,-0.0002760722121332681
300,0.0904545148547372,0.043505486067088345,0.04999993453857224,-6.003925018270279e-08,-0.0003363505300140136,-0.00017313080501156939,-0.00280399271287024,-3.831484355032444e-05,-1.1505143833747917e-05,-0.0015326179566717895,-0.00025995074995090894
301,0.09107959415560882,0.041948515674004094,0.04999994117285315,-2.3042670947017945e-07,-0.0002721437505947411,-0.00012646313244277175,-0.0023710301611572504,-0.0001600550749571994,-8.798910129249053e-06,-0.001422750915107686,-0.00024553597391983195
302,0.09151718051553195,0.04183690914377482,0.049999929655923626,-2.568382288027718e-07,-0.00024845381698739976,-0.00011184279168123168,-0.0016726342728361487,-0.00018033500236924738,-3.4687885684580955e-06,-0.0013320805286431284,-0.0002321002823063484
303,0.09176847467360415,0.04232789638397445,0.049999909689347075,-1.8311119203922465e-07,-0.00023314091659465115,-0.0001267935771034083,-0.0018208249239251018,-0.00015662197256460786,-6.529830524664605e-06,-0.001246954266815208,-0.00021943113591569457
304,0.09187730081825893,0.04318955136854334,0.04999989424714939,-1.1087179003334019e-07,-0.0002246777085627427,-0.00014991178898301965,-0.0017772637074813247,-0.00015506570343859494,-1.0746789005300068e-05,-0.0011565318911070435,-0.00020760659920578906
305,0.09193979655007703,0.043501260998096446,0.04999988996533691,-8.602401293617333e-08,-0.00020869697101636548,-0.00018017297777279611,-0.0018889062339439988,-1.4039243978913873e-05,-1.5988805111355697e-05,-0.0010630930157844482,-0.0001967903481303596
306,0.09199470836615772,0.043697632333806635,0.049999897221963054,-6.70660831490462e-08,-0.00019577302535434715,-0.00013478135132984797,-0.002080171834677458,-6.20286664343439e-05,-1.3874951542374018e-05,-0.0009832662966220002,-0.00018719452656887703
307,0.09225939077153911,0.04349000994564912,0.049999904562989646,-6.780791067649892e-08,-0.0001787823509411971,-0.00010198464036712371,-0.002248593373224139,-7.401598850265145e-05,-1.3765377069104396e-05,-0.000902045360287032,-0.00017845530182322925
308,0.09258498773324396,0.04331958532625257,0.04999990001750679,-8.944545674225249e-08,-0.00016738914434027573,-9.218703910509906e-05,-0.0019620400853455067,-9.95364025584422e-05,-5.628599836938898e-06,-0.0008437649284679192,-0.00017077324647036518
309,0.09277504502564028,0.04399055473818189,0.04999988779051,-7.065409623695315e-08,-0.00015744168473264098,-0.00011031793811137121,-0.0018898241687566042,-6.853037484688684e-05,-1.1234929825886106e-05,-0.0007890687833528934,-0.00016391310573146917
310,0.09288237038226743,0.04483923668085256,0.049999881900962884,-5.338824342391319e-08,-0.00015295775321231674,-0.0001224984235453436,-0.0017435414483770728,-0.00014830082363914698,-1.9389901907041476e-05,-0.0007281313835727663,-0.00015779072718030533
311,0.09303424833588639,0.04503779544379085,0.04999988782945458,-6.05875946140409e-08,-0.00015087977362042028,-9.529451626093582e-05,-0.0018463394371792674,-1.4660660781373736e-05,-1.104258396003167e-05,-0.0006748000548537406,-0.00015240013627605423
312,0.09336318391687083,0.045001052170646504,0.049999886669656886,-8.538769663426868e-08,-0.00015214896997874506,-8.682515923364933e-05,-0.0019321659347042441,-0.00017515665967948735,-9.126188903698035e-06,-0.000630837035860545,-0.0001474382402811215
313,0.09369454376604806,0.045624451821921874,0.04999987716610639,-7.109372316082845e-08,-0.0001587169891567521,-8.607589613485209e-05,-0.0016340947477146983,-4.073786476510577e-05,-8.124436678271036e-06,-0.0005917337481298653,-0.00014273672254650044
314,0.09394224621584653,0.04631973825875957,0.04999986476011316,-5.074444710724502e-08,-0.00015903024126939455,-9.109320703670747e-05,-0.0016671501798555255,-2.276330087624956e-05,-4.7929999554152855e-06,-0.0005498706819462481,-0.00013846373547132468
315,0.09413660322242633,0.04697080843966394,0.049999857417149546,-3.539577557588541e-08,-0.00015911900412217324,-9.563787344302775e-05,-0.00162785523571074,-1.7742542695486918e-05,-3.5746994178962106e-06,-0.0005105662619375274,-0.0001347335380769689
316,0.09433088387797121,0.047441826267451616,0.04999985493209403,-2.866279954813314e-08,-0.0001599400861619514,-9.463237923004464e-05,-0.0016132269520312548,-3.3224773687834386e-06,-7.4061759004110835e-06,-0.00048346709067393956,-0.00013152772777514735
317,0.09456751649755851,0.047836836311732266,0.04999985357358301,-2.5139446213573022e-08,-0.00016347294492413697,-8.93023253268291e-05,-0.0015738134970888495,-1.1298840945528354e-05,-3.843640343016854e-06,-0.0004499825031643121,-0.00012872453720140186
318,0.094844615184208,0.04825871588749585,0.04999984976623872,-1.9549880399327027e-08,-0.0001681952053195052,-9.016225449885642e-05,-0.0015323958359658718,-1.1889616871485487e-05,-1.9887222760078173e-06,-0.0004272838299415196,-0.00012622818312454026
319,0.09509736184027186,0.04868760945395573,0.04999984390873938,-1.1641117558307817e-08,-0.0001706552577288816,-9.586356974441309e-05,-0.0014176755212247372,-1.002986027742736e-05,-3.4822585685378204e-07,-0.0004021621490955202,-0.00012406837120009084
320,0.09531138400158304,0.04901084209076459,0.04999984373643349,-7.506783186127848e-09,-0.00017067357962059066,-9.1872705690503e-05,-0.0013992489548400044,-9.653146662458312e-06,-5.510170252962e-07,-0.0003858566027822425,-0.00012232525104553766
321,0.09556409856283102,0.04926206485924734,0.049999843637885344,-6.1723962259389864e-09,-0.00017332695579391747,-9.156539499277686e-05,-0.0014400689397007227,-2.3986385713214986e-05,-3.643258644057318e-07,-0.00037184454129440456,-0.00012093879025044943
322,0.0958271072567689,0.04949593785737585,0.049999841624676536,-3.259415220376501e-09,-0.00017513665740925518,-9.257610264645346e-05,-0.0012840050039812922,-8.200315278372727e-06,-4.1935851121869593e-07,-0.00035990475613156803,-0.00011984159979267547
323,0.09607531476579488,0.04966066491074949,0.04999983946651276,-1.6107613656295325e-09,-0.00017322520512199274,-9.443767244765567e-05,-0.0012750260066241026,-6.061374051569146e-07,-4.7586829515086064e-07,-0.0003488404246308346,-0.00011907780334681851
324,0.09631390509691627,0.049786635406056254,0.04999983794348136,-6.945837556644413e-10,-0.00017090706484577438,-9.671982660661275e-05,-0.0012317331274971366,-5.970221081952332e-07,-5.151824807473215e-07,-0.00033824338446563257,-0.00011865499041049219
325,0.09654774849142046,0.04987573879727435,0.04999983738321433,-2.574392999254928e-10,-0.00016830864131216826,-0.00010127142995293866,-0.0011965668527409434,-6.15588021446456e-07,-5.449171415170132e-07,-0.0003279371576038539,-0.00011855464499045921
326,0.09677090992516238,0.049935238140417275,0.04999983788172855,-8.820482940076212e-11,-0.0001655996560877772,-0.00010675655688186901,-0.0011443141847848892,-2.0443792436708463e-06,-4.482614761026896e-07,-0.00031841495234851856,-0.00011875532100920913
327,0.09699342658725868,0.04996465637826732,0.04999984252862121,-1.7857328742748986e-10,-0.00016320871840717053,-0.0001075208065419781,-0.001123985042795539,-3.0522114684572443e-06,-5.196822386873085e-07,-0.0003049810802418804,-0.00011919858996503187
328,0.09724023736385284,0.049980005264958036,0.049999847254106826,-4.922489760105574e-10,-0.00016241892533761133,-0.00010972353013383834,-0.0011353937443345785,-1.2304451956879348e-05,-6.038573338882208e-07,-0.00029480844116145207,-0.0001197926353891331
329,0.09748597606084658,0.049994395087149104,0.04999985055281603,-3.4523595230970726e-10,-0.00016185675910339014,-0.00011245991746049712,-0.0010537493508309126,-2.3016953036858467e-06,-6.71465570446362e-07,-0.0002851036647810684,-0.00012046147576052818
330,0.09771701867316417,0.049999893167180606,0.049999853620909286,-2.1528615285663177e-10,-0.00016032014728130674,-0.0001156301798248935,-0.0010393979027867317,-3.5280027077533305e-07,-7.275461914038463e-07,-0.0002756968986413147,-0.00012121665576929726
331,0.09793496176555257,0.04999693655437163,0.049999857008601406,-1.2679265612785975e-10,-0.00015910733883852583,-0.00011905178987919598,-0.0010018672328442335,-7.969888429215644e-07,-7.812243654219317e-07,-0.000266519382385928,-0.00012206276110020955
332,0.09814201137848667,0.04998638307790003,0.049999860957631925,-8.224808440649892e-11,-0.00015804510544454242,-0.0001261985464168817,-0.000966138846706599,-9.01565272215521e-07,-1.4488745395926934e-06,-0.00025501038555115975,-0.00012297988883771597
333,0.09832987546306023,0.04997252808861727,0.049999866735181114,-9.971549998231572e-11,-0.00015672987690864884,-0.00012843581354245425,-0.0009051144006662071,-4.89070453113527e-06,-8.068161642448834e-07,-0.00024731493003664925,-0.00012399620701043727
334,0.09852283047612855,0.04996533581988846,0.04999987359962358,-4.347120752489414e-10,-0.00015649488133839796,-0.0001318226615232199,-0.0009395665838383138,-8.623467692814302e-06,-9.274628291532923e-07,-0.00023844472077368722,-0.00012503630849717296
335,0.09870847601080318,0.04994964497992817,0.04999987952379374,-4.446449759729887e-10,-0.00015772575618452114,-0.00013564825227150443,-0.0008545150049030781,-3.0003980100445915e-06,-1.03118157028754e-06,-0.00022996765669406556,-0.00012604723757728595
336,0.09887750628478252,0.049933418015656254,0.04999988530518587,-4.39090230676274e-10,-0.00015816895869164038,-0.00013991337253585164,-0.0008376639452762902,-4.2700554558905424e-07,-1.1255702914510611e-06,-0.00022177250065609527,-0.00012703653703897454
337,0.09903046988388002,0.04991436062469359,0.04999989129368372,-4.3665813576758316e-10,-0.00015904550957672716,-0.00015248206187428215,-0.0008025516872294247,-1.0177581089010346e-06,-1.0558209650338403e-06,-0.00021151607851019658,-0.00012799774778544335
338,0.09915321037602962,0.049904889911907585,0.04999990104240573,-6.804018394317143e-10,-0.00015902732062947393,-0.00015379360455000267,-0.0007372734835371375,-1.3781698726234026e-05,-1.085647099823709e-06,-0.00020276387749613306,-0.00012899098460970082
339,0.09928427418144099,0.04992629768789127,0.04999991061624005,-2.5632073723992324e-09,-0.00016049830774285447,-0.00015746726182505263,-0.0008316418388858438,-2.6348992832936347e-05,-1.3260699913835096e-06,-0.00019469858297898462,-0.00012994990041791807
340,0.09940210164524714,0.04992242212317207,0.049999917615069264,-2.7105805144670354e-09,-0.00016575565500332823,-0.00016193907967076358,-0.0007064754609018564,-8.186400009435602e-06,-1.5208001602682378e-06,-0.00018722380742948523,-0.00013079358627591487
341,0.09949550245969929,0.04991905931500645,0.049999923716673535,-2.5636485307406912e-09,-0.0001690120648391864,-0.00016713325242277463,-0.0007107359124347568,-3.9673031437814643e-07,-1.6796261189412925e-06,-0.0001801168872251626,-0.0001315592890668441
342,0.09956752928745852,0.04990902936115253,0.04999992968826931,-2.289400591226689e-09,-0.00017283847986907655,-0.00017274626312152933,-0.00067767349537462,-1.399679490532435e-06,-1.8257353226051872e-06,-0.00017327669450362796,-0.00013228600617058486
343,0.09961966887386316,0.04989897622341835,0.04999993586278444,-2.1255271128548893e-09,-0.00017656863651447694,-0.0001787115817820096,-0.0006521558971144259,-1.1983014474026277e-06,-1.9708475454899813e-06,-0.0001666650470629026,-0.00013299866346333178
344,0.09965264919945196,0.04989034405496336,0.04999994233345001,-2.0989886614201424e-09,-0.00018047414876813192,-0.0001872580760998691,-0.0006265894044190645,-1.2861777349826298e-06,-2.121913097608229e-06,-0.0001602660606360192,-0.0001337105753555262
345,0.09966429222675173,0.04988780439355566,0.04999994906642123,-2.371923687089936e-09,-0.0001842154457376294,-0.00020010482311494523,-0.0005947898607701063,-2.771746721919044e-06,-3.1813173866216274e-06,-0.0001514134221309861,-0.00013441034631246114
346,0.09965418319289084,0.04990816850721756,0.049999958520260276,-3.9605638048739705e-09,-0.0001871235040321001,-0.00020404978862588517,-0.0005806046538054943,-3.575524260668317e-06,-2.079113551516808e-06,-0.00014489674519379013,-0.00013516906147009825
347,0.09962902285546553,0.04994025886547447,0.04999996681365823,-7.449442661694545e-09,-0.00019166117748669665,-0.00021030776272808625,-0.0006110022659413517,-1.1099445146101061e-05,-2.493757787402438e-06,-0.0001386586872710646,-0.00013592472178906934
348,0.09958124200961163,0.04995110218306226,0.04999997315530941,-8.594406760703378e-09,-0.00019911206696334447,-0.00021759419146916248,-0.0005437077488750219,-5.468344625114696e-06,-2.7864039581037487e-06,-0.00013297017794204643,-0.00013664939698250804
349,0.09950945852865652,0.04995899273236107,0.049999978620627356,-9.336958500586836e-09,-0.00020439543115668133,-0.00022570611837684391,-0.0005495597724802792,-4.799079533768236e-07,-3.073434302031038e-06,-0.00012762435826517763,-0.00013738000766518854
350,0.09941650073445552,0.04996227301237783,0.04999998363156876,-9.779287586956892e-09,-0.00020991844659620486,-0.00023439076978613437,-0.0005288920947350562,-1.6918689880185411e-06,-3.3165509460105158e-06,-0.0001225834093628743,-0.000138153632160846
351,0.09930188602084347,0.04996599321104691,0.04999998827224363,-1.0676184092095167e-08,-0.00021478614980555288,-0.00024397025286078543,-0.0005145522300153971,-1.9743176835618215e-06,-3.550267152115925e-06,-0.00011778129960380328,-0.00013899095620828535
352,0.09916459593973037,0.04997296921787019,0.04999999240031864,-1.232992430985185e-08,-0.000218957831833743,-0.0002575731818992858,-0.0005018199444748461,-1.9486203655105783e-06,-4.973006794589338e-06,-0.00011138539197774131,-0.0001398819496423272
353,0.09900486109774068,0.04998470555722328,0.04999999590152949,-1.532942768202145e-08,-0.00022169498905592823,-0.0002677223638779807,-0.0004886443493887782,-2.6909567623079056e-06,-3.793003546127678e-06,-0.00010777739948002687,-0.0001409013064378661
354,0.09881583513080267,0.04999787763665639,0.04999999831485629,-2.0612668394081937e-08,-0.0002234700286711833,-0.0002786789904383713,-0.0005081460694782436,-3.921602456102846e-06,-4.169307360151123e-06,-0.00010339054218040094,-0.000141996428993446
355,0.09860236723455464,0.04999966525985275,0.049999999524538465,-2.3033038061352063e-08,-0.00022648203868770318,-0.00028972860659465477,-0.0005054122884757817,-2.5834540338109946e-06,-4.4764630543409344e-06,-9.93136111698458e-05,-0.00014317369917203534
356,0.09836629946847465,0.04999316654423087,0.04999999997241074,-2.3394602589872084e-08,-0.00022853902328600988,-0.0003007786316621612,-0.0005204325425438583,-4.947037268721033e-07,-4.7409538820018e-06,-9.545131440769158e-05,-0.0001444575669754627
357,0.09810898335846488,0.04998075989482832,0.04999999991398292,-2.2089641280299868e-08,-0.0002308339090558324,-0.00031163206402148153,-0.0005296076997183263,-5.211431925999932e-07,-4.981203318454014e-06,-9.174334616837487e-05,-0.00014587940945869188
358,0.09783049643921529,0.04996335048859043,0.049999999506426265,-1.9693680540167553e-08,-0.00023287254527381762,-0.0003222565777021902,-0.0005392727325670421,-4.869036160926044e-07,-5.206107320468337e-06,-8.814760819500206e-05,-0.00014746648737765518
359,0.09753129492651025,0.049941570809977784,0.04999999885316525,-1.663108732532658e-08,-0.0002345652908009256,-0.0003326642717010375,-0.0005474576610140502,-3.976106768277532e-07,-5.420820030910752e-06,-8.463181550216574e-05,-0.00014924415472402958
360,0.09721184881964767,0.04991569635146578,0.04999999802690165,-1.3242703165023068e-08,-0.00023581136460857984,-0.00034287459143668225,-0.0005546935135498643,-3.2767684388090856e-07,-5.62773431195493e-06,-8.116878656795697e-05,-0.00015123420964059856
361,0.09687263126206216,0.04988587812345137,0.04999999708146283,-9.807538904008826e-09,-0.0002365556400017888,-0.0003528996515111518,-0.0005610376829281449,-2.893421537919494e-07,-5.827641946312365e-06,-7.773284953708966e-05,-0.000153454874064644
362,0.09651412874619467,0.049852302021651064,0.04999999605817747,-6.585465186236044e-09,-0.00023674772794347686,-0.0003627508066119708,-0.0005666197394020855,-2.554515106112376e-07,-6.022062288858531e-06,-7.429801216266442e-05,-0.0001559211459943033
363,0.09613688304806003,0.04981517436373365,0.049999994989534516,-3.802088242683386e-09,-0.00023636099559394436,-0.0003724374909751114,-0.0005714609869755805,-2.2837673441244988e-07,-6.2102519049975055e-06,-7.08369658020246e-05,-0.00015864492981846755
364,0.09574144313880673,0.04977469492621256,0.04999999390127993,-1.6626338142912671e-09,-0.00023538113471125116,-0.00038196771702418155,-0.0005756451864726841,-2.050755227855916e-07,-6.392354988988339e-06,-6.73186122798662e-05,-0.00016163512288449707
365,0.09532839092341194,0.04973107359109999,0.049999992813758116,-3.4856513608612145e-10,-0.00023380683093304563,-0.00039134811005152065,-0.0005791773437522352,-1.8543035196216806e-07,-6.5683209341421925e-06,-6.37074762731875e-05,-0.00016489782103654025
366,0.09489832472824197,0.04968453955270858,0.04999999174286663,-2.0154127427043227e-11,-0.00023164493122443907,-0.00040058504595253476,-0.0005820813239552081,-1.6850005124524614e-07,-6.738024485236862e-06,-5.996184539357962e-05,-0.00016843643808435904
367,0.09445184424692539,0.04963532360937456,0.04999999070079441,-8.15415241318696e-10,-0.00022891240114310924,-0.00040970564747679517,-0.000584377208724618,-1.544463117397754e-07,-6.860343739900654e-06,-5.601669023221172e-05,-0.00017225141936578318
368,0.09398928955247261,0.049583124410995966,0.049999989696916936,-2.7869752706356205e-09,-0.00022555225346187268,-0.00041867436125872596,-0.000587054411880672,-1.3727547809594398e-07,-7.058507955567317e-06,-5.180481032876573e-05,-0.00017634180630198427
369,0.093512226879854,0.0495307896123863,0.04999998873809866,-6.143668466716632e-09,-0.0002217572807915676,-0.0004275033717451973,-0.0005864424165338278,-1.2929459103361296e-07,-7.216094019617485e-06,-4.730902217843348e-05,-0.00018070533233743768
370,0.09301993485970264,0.049476569216199244,0.049999987828808594,-1.0908542621929637e-08,-0.00021753471826821432,-0.0004362499518198984,-0.0005876860814169049,-1.4681096160984453e-07,-7.360846188769808e-06,-4.240074200755313e-05,-0.00018533307265245803
371,0.0925189003074689,0.049421371297676917,0.04999998696899434,-1.7302174913840637e-08,-0.00021306876499243953,-0.00044510408696493,-0.0005874942289665341,-1.5790742224908172e-07,-7.711809962002409e-06,-3.7527291111565946e-05,-0.00019026121122899504
372,0.09203908080029474,0.049375913309616576,0.04999998619861168,-2.5928084512812122e-08,-0.00020910675413172622,-0.00045376872497302563,-0.0005856403731741011,-1.123274273595598e-07,-7.819617787996337e-06,-3.27247584878089e-05,-0.00019549750587252019
373,0.09154633832396453,0.04932802537567667,0.04999998552464454,-3.6336590825564134e-08,-0.0002045309600733571,-0.0004622870908983474,-0.0005826263804920018,-7.297401793948666e-08,-7.820960466221333e-06,-2.7823684346393225e-05,-0.0002010323567547184
374,0.09103956316768823,0.04927889315257564,0.049999984921716215,-4.8575353829663994e-08,-0.00019954218337984346,-0.00047069587614823006,-0.0005776375182904303,-7.144497971012242e-08,-7.78125258220554e-06,-2.2511285270489483e-05,-0.0002068457536456838
375,0.09051937297378135,0.04922930347030949,0.04999998437179015,-6.262078269335247e-08,-0.00019422418812258205,-0.0004790136191984803,-0.0005715232691727579,-8.036948884182493e-08,-7.72214271945609e-06,-1.6504176747207815e-05,-0.00021292072532746255
376,0.08998643321314853,0.04917955853025437,0.04999998386288876,-7.841397497774324e-08,-0.0001886101693093584,-0.0004872518152250025,-0.0005653336993418634,-8.654574656929981e-08,-7.653392722756588e-06,-9.525109987239676e-06,-0.00021923946779502947
377,0.08944143620062434,0.049129828112047,0.04999998338695053,-9.586883364153395e-08,-0.00018272851746911286,-0.0004954193575909368,-0.0005590160726569593,-9.263505518219972e-08,-7.579826209355419e-06,-2.077387683105291e-06,-0.00022578347584165166
378,0.0888851033468595,0.04908015020851322,0.04999998293850503,-1.1487872190566669e-07,-0.0001766035387941873,-0.0005035227434682492,-0.000552563345991075,-9.775997256156188e-08,-7.5034705530403014e-06,-5.274412357150047e-06,-0.00023253357123502157
379,0.08831813662861551,0.04903049888612337,0.0499999825137161,-1.353199608098484e-07,-0.000170262589125587,-0.0005115663687105238,-0.0005459959502331913,-1.0247145354469467e-07,-7.425654745741129e-06,-0.0005271156738469434,-0.00023946995054295462
380,0.08774122903422876,0.04898081150602651,0.0499999821097541,-1.5706016896909882e-07,-0.00016373503206059274,-0.0005195536091646894,-0.0005393309402279556,-1.0691027085840688e-07,-7.346673821678201e-06,-0.0007602973121693446,-0.00024657228138964896
381,0.08715506074819807,0.048931004272920124,0.04999998172441445,-1.799509118234975e-07,-0.00015705036804126223,-0.0005274878822688493,-0.0005326002719812095,-1.1113881015489824e-07,-7.266814817635383e-06,-0.00019231602313857536,-0.00025381980026293753
382,0.08656031012519073,0.04888098250620303,0.04999998135587408,-2.038381356383517e-07,-0.00015023881017861625,-0.0005353664379288286,-0.0005258221062831581,-1.1518334730453716e-07,-7.1861732050790375e-06,-0.00011446403162764363,-0.0002611914218968509
383,0.085957682591953,0.04883058767197954,0.049999981001453614,-2.2856033341747037e-07,-0.00014333087330791424,-0.0005432313609989709,-0.0005189993535168469,-1.1941968125483982e-07,-7.104485654873406e-06,-8.534190658954112e-05,-0.00026866587210708313
384,0.08534755666388123,0.048780103139663716,0.049999980658769455,-2.539099443365991e-07,-0.00013635586835758306,-0.0005510507279539159,-0.0005122277652844787,-1.2180690589502774e-07,-7.026608863332153e-06,-7.004146886113915e-05,-0.00027622175238463766
385,0.08473064507919102,0.04872952477471887,0.0499999803569696,-2.7981745445733707e-07,-0.00012934504674248402,-0.0005587214100332882,-0.0005056054214946926,-1.1977354574810306e-07,-6.93741852212276e-06,-6.0466250097482844e-05,-0.00028383785415665117
386,0.08410851834248746,0.04867715180370502,0.04999998005522688,-3.062716787324281e-07,-0.0001223432715555996,-0.0005663478608324686,-0.0004988825530745089,-1.266550384571019e-07,-6.852968518542186e-06,-5.382810408252986e-05,-0.0002914929154722232
387,0.08348095176953656,0.04862386152474635,0.049999979739447344,-3.326267607129858e-07,-0.00011537076455618898,-0.0005739462461696505,-0.0004919126513414085,-1.4091826017192943e-07,-6.765835051965455e-06,-4.8879171177738655e-05,-0.00029916617842481265
388,0.08284864728018003,0.04856951237912064,0.04999997939727622,-3.585886586596135e-07,-0.000108433272105635,-0.0005815891690342623,-0.0004849662946071476,-1.5452853574515757e-07,-6.683033354291025e-06,-4.50075158642549e-05,-0.00030683598797837905
389,0.08221166247391296,0.04851464971617678,0.04999997903232803,-3.838176675297402e-07,-0.00010154409553593183,-0.0005892923334527845,-0.0004781984898727387,-1.5747555437428673e-07,-6.595014558137882e-06,-4.1857735274869543e-05,-0.00031448079296930986
390,0.08157039344370241,0.0484597552797137,0.0499999786732917,-4.082887978081589e-07,-9.473419157908863e-05,-0.0005970315715562997,-0.0004717687261290848,-1.515597176648953e-07,-6.4809430944833025e-06,-3.923559148535119e-05,-0.0003220786344089379
391,0.08092549808103808,0.0484045048124539,0.0499999783345663,-4.317015668049248e-07,-8.801875388324215e-05,-0.0006047825154589043,-0.0004661194689106196,-1.3913216889704927e-07,-6.422999726524917e-06,-3.700446314278587e-05,-0.00032960970911260546
392,0.08027772936686887,0.04835143254028042,0.04999997805924421,-4.551489145961881e-07,-8.151739945889204e-05,-0.0006123676484465533,-0.00045932011562399566,-1.2807980453999335e-07,-6.333883507914278e-06,-3.505471876226969e-05,-0.0003370572602467282
393,0.07962827004540783,0.04829670349529676,0.04999997783016307,-4.783576594930544e-07,-7.523642164340705e-05,-0.0006199549945225398,-0.0004540134686976671,-1.2973909235824976e-07,-6.240955867245302e-06,-3.334466397047799e-05,-0.0003444024898585998
394,0.07897650826925666,0.048241344928952,0.049999977633700884,-5.008156771375833e-07,-6.918704064825021e-05,-0.0006273430985550142,-0.00044843112118542194,-1.4680068716188543e-07,-6.1438787506994205e-06,-3.184367584398319e-05,-0.00035162837625020194
395,0.07832525398141064,0.04818330663367684,0.04999997745693399,-5.224287681267612e-07,-6.335627310119001e-05,-0.0006346120280627467,-0.0004428790998645127,-1.4099539669132355e-07,-6.039824287716697e-06,-3.0512098424447475e-05,-0.0003587201542179549
396,0.07767381049128805,0.04812283383471882,0.049999977239954564,-5.424428181215692e-07,-5.7781564913642145e-05,-0.0006420546689732814,-0.00043715533684007823,-1.58182146492436e-07,-5.939219072552975e-06,-2.9321970255371265e-05,-0.0003656628735469586
397,0.07702050926334628,0.04806396291360065,0.04999997699162614,-5.601092469870805e-07,-5.245986238370941e-05,-0.0006494551533145608,-0.0004316518607083708,-1.6265744307020213e-07,-5.841439445624009e-06,-2.826035438084239e-05,-0.00037244033888486595
398,0.07636749414312868,0.048004429489617056,0.049999976759190955,-5.76144448953099e-07,-4.7390536903240954e-05,-0.0006568088038255599,-0.00042666701483540237,-1.5042084555716428e-07,-5.738027763970761e-06,-2.7302118154444593e-05,-0.0003790383899917895
399,0.07571497579860816,0.04794390479282867,0.049999976533420906,-5.904691119285616e-07,-4.261180110972674e-05,-0.000664127673815715,-0.00042178816511295736,-1.4508172796467989e-07,-5.631257700736946e-06,-2.643824386289051e-05,-0.00038544382289888257
400,0.07506329594815374,0.047882771423695375,0.049999976308303225,-6.02924261025082e-07,-3.814353639056988e-05,-0.0006714169288159403,-0.0004170932515989989,-1.4814327187195886e-07,-5.523987023051347e-06,-2.5659064495760084e-05,-0.0003916449767756635
401,0.07441281908036539,0.047821237191760235,0.049999976081043784,-6.133913775472204e-07,-3.399271518832496e-05,-0.0006786913875831322,-0.0004125818668399006,-1.4855520191758842e-07,-5.414085163365464e-06,-2.4955476608766536e-05,-0.00039763121248708274
402,0.07376376978431202,0.04775957145214629,0.049999975852638406,-6.217474314886105e-07,-3.016548516506076e-05,-0.0006859338151504204,-0.0004083382082171738,-1.4772687961794873e-07,-5.3018364127286315e-06,-2.432106460885364e-05,-0.0004033926833072141
403,0.07311663413348903,0.04769762577951661,0.04999997562486263,-6.279946331870351e-07,-2.6668212480564637e-05,-0.0006931471934461436,-0.0004043206572532654,-1.466725052523543e-07,-5.186812348476789e-06,-2.3749561280181596e-05,-0.0004089208120238789
404,0.07247172686085683,0.047635549518062606,0.04999997539520587,-6.32063397910513e-07,-2.350747409525432e-05,-0.0007003343653191748,-0.0004005025257356465,-1.453950915220048e-07,-5.06946768845441e-06,-2.3236165172977647e-05,-0.00041420812794332835
405,0.0718293248240725,0.04757353093477414,0.04999997516264226,-6.33913312323685e-07,-2.0687095020567675e-05,-0.0007074960803512474,-0.00039690101402811706,-1.4449697971485875e-07,-4.9496727500205235e-06,-2.2776514902029204e-05,-0.00041924828159031465
406,0.07118971624190337,0.047511724838814634,0.049999974926925046,-6.33515911398042e-07,-1.8208404331456082e-05,-0.0007146326425674815,-0.0003935275599360466,-1.4319192587208818e-07,-4.8275318061013495e-06,-2.236685334577489e-05,-0.00042403600038304367
407,0.07055319252621134,0.0474502890646572,0.04999997468817145,-6.30877342379926e-07,-1.607164956393401e-05,-0.0007217433278878751,-0.00039036362431943417,-1.4136810477793915e-07,-4.703046146642502e-06,-2.2003896521257232e-05,-0.00042856712621204475
408,0.06992002660646877,0.04738938011854406,0.04999997444660237,-6.260187473054069e-07,-1.4275673535779982e-05,-0.0007288273749747995,-0.00038741747266612947,-1.396426085875646e-07,-4.576244722928236e-06,-2.1684784052154626e-05,-0.00043283860735701457
409,0.06929049041433175,0.04732916009384819,0.04999997420242676,-6.189772887366815e-07,-1.2817617504923906e-05,-0.0007358832032644917,-0.0003846815670840442,-1.3758582895206928e-07,-4.447194046112809e-06,-2.1407008884686467e-05,-0.0004368484870441048
410,0.06866483808633132,0.047269787597306934,0.04999997395579803,-6.098004523807798e-07,-1.169329035468074e-05,-0.0007427531854461519,-0.00038215212407521904,-1.3558208422637108e-07,-4.515521202931521e-06,-2.115570992286105e-05,-0.0004406008728333729
411,0.06804486938378834,0.04721132388259386,0.049999973701774586,-6.030441561729035e-07,-1.0944038611711966e-05,-0.0007497695791932238,-0.0003764224238693714,-2.892622603667405e-07,-4.1957636042247655e-06,-2.0926664791402573e-05,-0.0004440931121571805
412,0.06742599310973107,0.04714146269328663,0.04999997344154955,-5.882605501494701e-07,-1.0364335538820676e-05,-0.0007567860916488681,-0.00038166166632436216,-2.8148221531409945e-07,-4.024312766532493e-06,-2.0767867610040025e-05,-0.0004473075929656639
413,0.06681500253588683,0.04707301553158502,0.04999997317929745,-5.719625999191142e-07,-1.0205355843368553e-05,-0.0007637844257208422,-0.00037703136331401765,-3.0935424888411944e-07,-3.877476575131473e-06,-2.064627441183796e-05,-0.0004502618874505064
414,0.06621001157122307,0.04701389586742873,0.049999972917539784,-5.534152039742096e-07,-1.0466164133569221e-05,-0.0007706914400026446,-0.0003734451893251389,-2.6569622946226445e-07,-3.741832475293188e-06,-2.055704544912976e-05,-0.00045296334788683237
415,0.06560671881479749,0.04695973185925956,0.0499999726564723,-5.343599886681798e-07,-1.09107087116824e-05,-0.0007775541136589638,-0.0003717066429089755,-1.2654140846279915e-07,-3.6083204133804623e-06,-2.0497249902319836e-05,-0.00045541437232434785
416,0.06500879941987775,0.04690856727994432,0.049999972393661704,-5.138405728905251e-07,-1.1638225449634651e-05,-0.0007843839077002903,-0.00037043888005428016,-1.2257861214948207e-07,-3.4720072713882564e-06,-2.0465807224462832e-05,-0.00045761998819698
417,0.06441631531611292,0.04686003578676154,0.04999997212901449,-4.919146718184357e-07,-1.2635181317532417e-05,-0.0007911798295368943,-0.00036940540303476155,-1.1986664105734235e-07,-3.3358512016045672e-06,-2.04619657949545e-05,-0.00045958588688996185
418,0.0638293736921932,0.04681422426574522,0.04999997187371416,-4.6878174926233334e-07,-1.388706131861247e-05,-0.0007978905925556841,-0.0003683138929773122,-1.1576435099414084e-07,-3.195359469113052e-06,-2.048507251151229e-05,-0.0004613186029668216
419,0.06324844649116235,0.046770171868267235,0.04999997161983565,-4.4465438859683957e-07,-1.5376763694346446e-05,-0.0008045396258997544,-0.0003673115570563823,-1.147156467595778e-07,-3.0543647684888325e-06,-2.0535137269562178e-05,-0.0004628252429266437
420,0.06267350428460963,0.046728288014966424,0.04999997135829431,-4.195673794320082e-07,-1.7090184547576254e-05,-0.0008111387257324946,-0.000366408028639853,-1.1333355587339611e-07,-2.912130179532954e-06,-2.0611550174163626e-05,-0.00046411368741258594
421,0.06210462810130213,0.046688859706719286,0.04999997108672367,-3.9360483484324765e-07,-1.9014064343735673e-05,-0.0008176912265246382,-0.0003656999615486711,-1.1144601330670412e-07,-2.7695508121083453e-06,-2.071383226752378e-05,-0.0004651921804794716
422,0.0615419544169509,0.046652044146529105,0.049999970806122396,-3.6694201729893305e-07,-2.1134335111826514e-05,-0.0008232193073786133,-0.0003650956496130675,-1.0873753097939698e-07,-2.6191556031219662e-06,-2.0844870199994588e-05,-0.00046606812834558485
423,0.06098998499679636,0.046600579881090634,0.04999997046484794,-3.396761139103514e-07,-2.3404835839308666e-05,-0.0008243363233880997,-0.0003654216125141829,-1.3259123932130024e-07,-2.340582658425547e-06,-2.1038614698932716e-05,-0.0004667368114844208
424,0.0604630648599075,0.046468830664465215,0.04999996898597005,-3.091689122708687e-07,-2.572850443093957e-05,-0.0008320319494847602,-0.00036964588798582554,-3.64553500276088e-07,-1.0657972346650201e-06,-2.1593038562345277e-05,-0.00046707706678838666
425,0.05994222561582871,0.0462413105829549,0.049999963862582444,-2.501268423725863e-07,-2.7916190469824532e-05,-0.0008363813337533255,-0.00039255121373571455,-3.1335712264990434e-06,-2.379498456381214e-06,-2.265223395133644e-05,-0.00046700478194613515
426,0.05941023522237607,0.0457833901871066,0.04999995288340082,-1.69944435028147e-07,-3.181135711920759e-05,-0.0008412536019574509,-0.00040203542448580265,-4.7230691961885896e-06,-1.9909695746534864e-06,-2.382070092143432e-05,-0.00046663585589454054
427,0.05885845235603222,0.04528259557714907,0.049999936791835814,-9.009798688146922e-08,-3.586128688620802e-05,-0.000838887428195237,-0.00044719254947267473,-9.035846233018674e-06,-9.510566806400555e-07,-2.4665087365910965e-05,-0.00046606897735794895
428,0.05830345249069099,0.044722695002716195,0.04999991734273382,-3.167857767051649e-08,-4.0976599317532256e-05,-0.0008456368388876078,-0.0004751018714159727,-3.89162505598506e-06,-2.261734151177248e-06,-2.5874179743149757e-05,-0.0004649527104688846
429,0.05774424520874469,0.04443462395639958,0.04999989192918659,-1.287962721274111e-09,-4.5746391420930206e-05,-0.0008543558900498077,-0.0005372194573283195,-5.948219040874392e-06,-1.1675935217558875e-06,-2.7356778408626456e-05,-0.00046327950481205526
430,0.057188636782578656,0.04396403855421005,0.049999857536165815,-1.7345602510539988e-08,-5.2580507296099484e-05,-0.000861373033014529,-0.0005864509730599821,-4.210416136629647e-06,-8.857781650825793e-07,-2.8501122424112454e-05,-0.00046125676929654677
431,0.0566289104938336,0.04344486984717095,0.04999981774495841,-9.725007268681957e-08,-6.016475027111301e-05,-0.0008726435566484931,-0.0006691134185530245,-6.404684881999856e-06,-7.59405044148088e-07,-3.0196831305454494e-05,-0.00045851952020019114
432,0.056077610723404295,0.043150598634724646,0.04999976797057634,-2.5991456633253174e-07,-6.892039854012177e-05,-0.0008874458628397102,-0.0007397274021059275,-4.597249699145323e-06,-6.492982574575223e-07,-3.2018449595046086e-05,-0.0004551946227381977
433,0.055540221436041995,0.042753437829856966,0.04999970640637198,-5.314652402187354e-07,-7.970242327592046e-05,-0.0009055400138718985,-0.0008132628281600773,-4.2093474803550635e-06,-6.817792064781431e-07,-3.407867815432762e-05,-0.0004512263505404529
434,0.05501310140450314,0.042316417906042555,0.04999963230055365,-9.379197888145762e-07,-9.223239317353745e-05,-0.0009267791674532485,-0.0009060009615495801,-5.634121862385655e-06,-2.2389913470269705e-06,-3.585666997154479e-05,-0.0004467359446203154
435,0.05452226038260356,0.04170965468156662,0.049999550591329,-1.4472419244166713e-06,-0.00010735861133280881,-0.0009473254099595952,-0.0012197948526591063,-5.6939927162602544e-05,-1.0696022984897182e-06,-3.8053756454368244e-05,-0.0004414129956477454
436,0.05400694836277617,0.04153055988745181,0.049999456498351955,-2.133976239821644e-06,-0.00012089791899702399,-0.0009756890410468409,-0.001298305462114513,-2.9836228350177407e-05,-1.1640818544480342e-05,-4.055012783867123e-05,-0.0004352883447727574
437,0.053519709698619404,0.04116910694605002,0.049999337537231126,-3.03566338730907e-06,-0.00013352914442035574,-0.0010173341163085589,-0.0011553028598427773,-3.257408025092445e-05,-3.2319591667663616e-06,-4.415785023278803e-05,-0.0004282305709245925
438,0.0530536705914606,0.04009821625358862,0.04999919369513622,-4.2770803731106445e-06,-0.0001513465018275318,-0.001066459461225853,-0.0011504540452733636,-1.3662446690432262e-05,-8.822168448084179e-06,-4.704583574083501e-05,-0.0004208353190712497
439,0.05266071501673365,0.03887192437470172,0.049999043715073486,-5.737402065549181e-06,-0.00017166467089381335,-0.0011181427813078955,-0.0012145956279709935,-7.333851044677431e-06,-1.9495552104907137e-05,-5.0407784513767006e-05,-0.0004128594488879551
440,0.052352835944766654,0.03897627668597137,0.0499988780664102,-7.451408836967969e-06,-0.0001943794851394366,-0.0011899999724834212,-0.0012268784921616316,-1.861135388026014e-05,-3.5566004884088195e-05,-5.457644044471721e-05,-0.00040432572418473104
441,0.05212372303906907,0.038739627162088675,0.049998674355271035,-9.634797864915673e-06,-0.0002223819973325621,-0.0012858246211066354,-0.001199087011627853,-2.6717587388702668e-05,-5.971096741555559e-05,-6.02143285876257e-05,-0.00039520256416360905
442,0.051980255625943134,0.037747028024239376,0.049998429325639,-1.2325794487846248e-05,-0.0002535868471716682,-0.0011817311322004863,-0.0012256058398634195,-2.9619628548971377e-05,-2.481097692540417e-05,-6.50644230159698e-05,-0.0003853561406719604
443,0.05117761245334995,0.035324259021050755,0.04999825645004923,-1.6145465135494813e-05,-0.00031132080620189357,-0.0011121997369883748,-0.001771109993569553,-0.00012119756866013631,-1.2119517316306029e-05,-6.890705082280791e-05,-0.0003745271881541901
444,0.05026887132778346,0.033732449713708035,0.04999830847456666,-1.908298068507746e-05,-0.0003733691569138726,-0.001094958222122377,-0.0027754739858210087,-0.0002458734670653939,-6.211240304748976e-06,-7.139954226246742e-05,-0.0003622861366806426
445,0.04954575730642133,0.032834799924774706,0.04999851222901756,-2.037208743054924e-05,-0.0004335457506302135,-0.0010969490533702453,-0.002356350189074874,-0.00013047012907918543,-3.350044461664517e-06,-7.311915070925145e-05,-0.00034916235295514604
446,0.04890366370688355,0.03283715884073286,0.04999879167045001,-2.0449273011483284e-05,-0.00048423672565203003,-0.001109311335457346,-0.0017192723462358117,-0.00011397794878575951,-2.024498822802002e-06,-7.432742317725135e-05,-0.0003357382127968725
447,0.04833638829772239,0.03335909220361406,0.04999908797250841,-1.9472705526558175e-05,-0.0005113749165791039,-0.0011253209782429545,-0.0012230291031301022,-7.576509960927069e-05,-1.3775007880031233e-06,-7.520566379205924e-05,-0.0003225628698706494
448,0.04782669974020893,0.03413713522407199,0.04999936154498899,-1.7872507775020484e-05,-0.0005168362239563652,-0.0011422785401539641,-0.0008998946286737919,-5.016549403080717e-05,-1.1787863830180089e-06,-7.589687747739552e-05,-0.00031003058025198154
449,0.047378587830202934,0.03501053252958402,0.04999959046845786,-1.595887378493126e-05,-0.0005073847352981252,-0.0011581826541153329,-0.0007178756641224027,-3.5626890166895464e-05,-1.2145364844866337e-06,-7.649952256316521e-05,-0.00029841759488596095
450,0.04698909902444056,0.03593763340526838,0.04999976580684709,-1.3952309344452202e-05,-0.0004883264709415894,-0.001171977885701728,-0.0006304613198153675,-2.0610961655620486e-05,-1.3654410807838793e-06,-7.708668377560004e-05,-0.0002879012423203473
451,0.046646002198998775,0.036921503767508,0.049999887535568666,-1.2002148416365282e-05,-0.0004635266968081091,-0.0011832399189913596,-0.0005924547440372407,-1.0867667697311845e-05,-1.5845784501021859e-06,-7.769938057155612e-05,-0.00027856907017498794
452,0.046337379939165244,0.037898004784086156,0.04999996112224802,-1.0191324248248786e-05,-0.0004355981635163759,-0.0011919044649069048,-0.0005728285177610815,-5.956510449323105e-06,-1.8504390128211662e-06,-7.836272873253136e-05,-0.00027043679849289695
453,0.04605291006783627,0.0388277190835803,0.049999994918918204,-8.568210887167968e-06,-0.00040640308164566793,-0.0011981297932012226,-0.0005593807436525822,-3.2769462450232822e-06,-2.1515990047865523e-06,-7.908977825061788e-05,-0.00026347438189887497
454,0.0457852384128081,0.039665308107500796,0.049999998297630785,-7.1536394330153506e-06,-0.00037725970565600955,-0.0012023596403468466,-0.0005474082427099347,-1.928357050928753e-06,-2.4451056932958185e-06,-7.988101971957816e-05,-0.00025763112115038955
455,0.045531981440367436,0.04029702520971499,0.04999998040982446,-5.954067664799636e-06,-0.00034924523815454934,-0.0012047024760520368,-0.0005372384330257773,-1.3345869547265465e-06,-2.761250632767391e-06,-8.073466906469502e-05,-0.0002528448438302024
456,0.04528780944670431,0.04088424097714855,0.04999994942359342,-4.955651583170166e-06,-0.00032287621120618675,-0.0012055275947258166,-0.0005262006307020783,-9.527873885417648e-07,-3.0908474701944666e-06,-8.165026791149187e-05,-0.00024904741410405217
457,0.04505087202904003,0.04143175937027655,0.04999991209330665,-4.138929006338635e-06,-0.00029847427406089037,-0.0012051499549135072,-0.0005152703961357474,-6.766781552869361e-07,-3.4354708715101564e-06,-8.262512714991506e-05,-0.0002461692028497661
458,0.04481986194619946,0.04194446058654847,0.04999987365255095,-3.480026715787054e-06,-0.00027613444103852974,-0.001203861156210284,-0.0005045015714131296,-5.521913521988608e-07,-3.791551773204208e-06,-8.36555504754877e-05,-0.0002441422747477832
459,0.044594803662676236,0.042426165679587804,0.0499998378833481,-2.955933910941559e-06,-0.0002559156082756782,-0.0012018961289486972,-0.0004939182545058429,-4.541316798167827e-07,-4.155335356669249e-06,-8.473693720955863e-05,-0.00024290287257894578
460,0.044375625013449306,0.042881363115356064,0.049999807282161204,-2.54480388682578e-06,-0.00023774444709909908,-0.0011994433605984065,-0.00048365778638981283,-3.8917806932659005e-07,-4.526041192763573e-06,-8.586423148071985e-05,-0.00024239089869460781
461,0.04416251050160885,0.04331374966849952,0.049999783274068864,-2.227098970401015e-06,-0.0002214868397664598,-0.0011966487211697724,-0.00047364208148792386,-3.3732604265424015e-07,-4.902253029370244e-06,-8.70322861564667e-05,-0.00024254986973907492
462,0.04395564510446035,0.0437264649194399,0.0499997664383245,-1.986110208985993e-06,-0.00020696376779952275,-0.0011936206147098202,-0.00046389628550969064,-2.9420775149446854e-07,-5.282750514079094e-06,-8.823594714105134e-05,-0.00024332652422147982
463,0.04375525470225628,0.04412188788333065,0.0499997567224508,-1.8079986167407574e-06,-0.0001939810191343567,-0.0011904374207454308,-0.0004544614930637181,-2.5965695726881677e-07,-5.666453851920269e-06,-8.947015956981504e-05,-0.0002446705650778705
464,0.043561597527719875,0.044501695318487605,0.049999753631936,-1.6815847033998885e-06,-0.00018234410183873946,-0.0011871528257688141,-0.0004453293513506651,-2.3220478340135742e-07,-6.0523498778209715e-06,-9.073003554775514e-05,-0.00024653437616093885
465,0.0433749209711915,0.044867057182778974,0.04999975638975354,-1.5980053187342196e-06,-0.00017186464582140312,-0.0011838012602295798,-0.0004365208151284605,-2.1068079547603702e-07,-6.439483226133023e-06,-9.201089488699095e-05,-0.00024887270592430433
466,0.0431954623882122,0.045218730299722565,0.04999976406431355,-1.5503452641264418e-06,-0.00016236806874550904,-0.001180402899716208,-0.0004280555003788322,-1.9391616490338492e-07,-6.826919195603666e-06,-9.330829362646068e-05,-0.0002516424236551537
467,0.04302344829962547,0.04555715071578474,0.04999977566764846,-1.5332428856010006e-06,-0.00015369705927812492,-0.0011769671090756408,-0.00041995366336777806,-1.8080304187151341e-07,-7.213440076986957e-06,-9.461802489974788e-05,-0.0002548023286321568
468,0.042859084630957334,0.045882534058737656,0.04999979022705815,-1.5425660748308248e-06,-0.00014571321178349472,-0.0011734946386525488,-0.00041223797597922385,-1.7032509447290067e-07,-7.598720993891225e-06,-9.593614861195664e-05,-0.00025831298179021517
469,0.042702562154991824,0.04619495167085974,0.049999806834249344,-1.5750652723244566e-06,-0.00013829616015609885,-0.0011699812320402736,-0.00040489333332516253,-1.6219465237554687e-07,-7.981469071029794e-06,-9.725898956340719e-05,-0.00026213657331786757
470,0.042554040215418004,0.04649438588264054,0.049999824676081196,-1.6281975100664726e-06,-0.00013134428790909954,-0.0011664187409325345,-0.0003979360335506499,-1.5485709070617304e-07,-8.360673693189903e-06,-9.85830928421414e-05,-0.0002662368451511276
471,0.04241366121887364,0.0467807928711614,0.04999984305100317,-1.699873807475465e-06,-0.00012477352132760338,-0.0011627915918348958,-0.00039137774729169905,-1.4851370622182003e-07,-8.735322215065197e-06,-9.990523754329296e-05,-0.00027057904555775945
472,0.04228156863938204,0.04705414476930558,0.04999986137529505,-1.788306199558327e-06,-0.00011851452206030342,-0.0011590532424053288,-0.00038520011003129184,-1.428629872179954e-07,-9.103543827866983e-06,-0.00010122243563189913,-0.0002751299534091257
473,0.042157983901820004,0.0473145771623981,0.04999987918797341,-1.891841487670173e-06,-0.00011250798766579748,-0.001155168207799841,-0.000379376724595204,-1.3759134276369878e-07,-9.463462283427542e-06,-0.00010253188479237297,-0.00027985783465168083
474,0.042043080372214284,0.04756210033030857,0.04999989614404754,-2.009093836278836e-06,-0.00010671019868460489,-0.0011511220891614502,-0.00037382598384283483,-1.333426808969307e-07,-9.813113465930805e-06,-0.00010383092242414146,-0.00028473243254306316
475,0.04193694148627509,0.047796680863589576,0.04999991199227963,-2.1389432836185106e-06,-0.00010109288199693012,-0.0011469129401013743,-0.00036850065225735307,-1.2982609121081623e-07,-1.0151315024692721e-05,-0.00010511699258864398,-0.0002897248427271914
476,0.04183957354063466,0.048018322194597125,0.04999992655718785,-2.2803448769467145e-06,-9.563643085490272e-05,-0.0011425474092939495,-0.0003633644955698401,-1.2710339092336653e-07,-1.047689407579293e-05,-0.00010638765639035095,-0.0002948073971903661
477,0.04175091690336452,0.04822707984333423,0.049999939726279335,-2.432275541197659e-06,-9.032657553532144e-05,-0.0011380349827565049,-0.00035842705983668566,-1.2462452048112027e-07,-1.0789672771161914e-05,-0.00010764060752169341,-0.0002999535574149739
478,0.0416708728765756,0.048423071404338186,0.04999995144045681,-2.5936102753453143e-06,-8.51517462488889e-05,-0.0011333873508367098,-0.0003536535950843245,-1.2252729675310547e-07,-1.1089248387222557e-05,-0.00010887369440843716,-0.00030513784979575024
479,0.04159931751184976,0.048606458103083325,0.0499999616862269,-2.763160631349695e-06,-8.010469514363257e-05,-0.0011286170073745918,-0.0003490688977763057,-1.2001567029074067e-07,-1.1374960817242779e-05,-0.00011008490525646938,-0.0003103359234308774
480,0.04153611686433903,0.04877743882290054,0.04999997048871979,-2.939732537228988e-06,-7.518298872632092e-05,-0.0011237346445598319,-0.00034471676917746663,-1.1660962684345577e-07,-1.1647156937443491e-05,-0.0001112723841618044,-0.00031552463840250244
481,0.0414811612381951,0.04893622581273971,0.049999977905103625,-3.1219648850211245e-06,-7.03864102675735e-05,-0.0011187503031542007,-0.0003405835886951536,-1.1402438815366622e-07,-1.1905872511738119e-05,-0.00011243445590203073,-0.00032068209738026084
482,0.041434321634835194,0.04908308101316845,0.04999998401813933,-3.308496251246743e-06,-6.57167944249697e-05,-0.0011136813511185976,-0.00033668355899862945,-1.1109391806485291e-07,-1.2149054307682498e-05,-0.00011356962589048595,-0.0003257879233700661
483,0.04139544393956877,0.04921823038784243,0.049999988930169464,-3.498569727282603e-06,-6.118726094117087e-05,-0.00110849679370378,-0.00033332218299619853,-1.0604810540826293e-07,-1.2382305649797734e-05,-0.00011467652775457582,-0.0003308228773908279
484,0.041364637536699105,0.049342098928466895,0.0499999927577528,-3.688988476302783e-06,-5.677801283620203e-05,-0.0011032084638953506,-0.0003295833303127438,-1.1180698322732496e-07,-1.260197579134909e-05,-0.00011575396232293544,-0.0003357683946248799
485,0.04134156072568626,0.04945484579189022,0.04999999562552268,-3.879283879837709e-06,-5.2500674130423544e-05,-0.0010978065235343099,-0.00032609995105303824,-1.02837837800962e-07,-1.2807683912555123e-05,-0.00011680085944185113,-0.00034060752559188093
486,0.04132625034203536,0.04955656271874079,0.049999997660559875,-4.068225288496715e-06,-4.8375059350251456e-05,-0.0010922947400523722,-0.0003229686990380287,-9.829538072381183e-08,-1.299965312483711e-05,-0.00011781627469141629,-0.00034532595067335797
487,0.04131894452625058,0.04964731342968264,0.04999999898821427,-4.254741486734583e-06,-4.4425064735277125e-05,-0.0010866651802447552,-0.00031994201708585024,-9.965011571466675e-08,-1.3177336253392768e-05,-0.00011879938268853072,-0.00034991113557303853
488,0.04131941267424899,0.04972741886672258,0.04999999972870703,-4.437570030252916e-06,-4.064132961848475e-05,-0.00108091188735654,-0.00031703358399681747,-9.87273693908719e-08,-1.3340480305029575e-05,-0.00011974942521536397,-0.0003543514280332873
489,0.04132763500117682,0.04979702322502705,0.04999999999447454,-4.6156855399762e-06,-3.703035817209234e-05,-0.0010750299416984437,-0.000314200296998024,-9.835506631361568e-08,-1.3488700664487147e-05,-0.00012066572081992776,-0.0003586366779453993
490,0.0413435853661861,0.04985624423411918,0.049999999888331204,-4.788232690139047e-06,-3.359765455377567e-05,-0.001069014256896318,-0.00031142725492827594,-9.804873712937479e-08,-1.3621642444520987e-05,-0.000121547652023161,-0.0003627582097814687
491,0.041367243881203775,0.049905175375872614,0.04999999950242122,-4.9544749765534365e-06,-3.0347801969576145e-05,-0.0010628610523036874,-0.0003086855576839298,-9.819938640021064e-08,-1.3738998521454583e-05,-0.00012239465875686235,-0.00036670881029534025
492,0.04139859493770891,0.04994389456469703,0.04999999891777525,-5.1137938681431116e-06,-2.7284329439155282e-05,-0.0010565671406477246,-0.0003059568989556283,-9.878981899191785e-08,-1.3840458167869351e-05,-0.00012320623324159563,-0.00037048265051006877
493,0.04143760946936315,0.04997246932703195,0.0499999982043352,-5.265686505461339e-06,-2.440858886519952e-05,-0.0010501302935114164,-0.0003032281238120049,-9.972509218414416e-08,-1.3925767337502244e-05,-0.00012398191322003023,-0.0003740752053018515
494,0.041484262623494084,0.04999095618129114,0.04999999742133677,-5.4097609275305845e-06,-2.1720998164188316e-05,-0.0010435491272954502,-0.0003004790050908923,-1.0087082102927525e-07,-1.3994710757017466e-05,-0.00012472127780626275,-0.00037748319272263984
495,0.04153852373374081,0.04999940522395977,0.049999996617945706,-5.545723828593839e-06,-1.922041385999929e-05,-0.0010368231391866848,-0.0002977061958517879,-1.0234638381234618e-07,-1.4047136470344172e-05,-0.00012542394333519256,-0.00038070448803227366
496,0.041600357582461556,0.04999786465097024,0.049999995834057176,-5.673367667341148e-06,-1.6904394193010623e-05,-0.0010299525462974428,-0.0002948888286482543,-1.0409299733282751e-07,-1.4082978149774895e-05,-0.0001260895634524127,-0.0003837380524372625
497,0.04166972562354774,0.04998638424144501,0.04999999510117978,-5.792554259226983e-06,-1.4769515918532266e-05,-0.0010229382779835161,-0.00029202457517385483,-1.057779286384175e-07,-1.4102221294991102e-05,-0.0001267178285701139,-0.0003865838541434823
498,0.04174658379893767,0.04996501916277898,0.04999999444335043,-5.903210334459481e-06,-1.281132629967655e-05,-0.0010157817927006643,-0.0002891055482905358,-1.0790954974027045e-07,-1.410491290843213e-05,-0.0001273084645836944,-0.0003892427808087748
499,0.04183087971203209,0.049933833625773805,0.049999993878041216,-6.00531754075745e-06,-1.1024430043247e-05,-0.0010084851830906446,-0.0002861242974177003,-1.1004043898310556e-07,-1.409116131947356e-05,-0.00012786123229705155,-0.0003917165606728
500,0.041922560765039356,0.04989290428927067,0.049999993417031464,-6.0989120497615895e-06,-9.402874100120804e-06,-0.001001050972917431,-0.0002830861776601523,-1.1226626384086558e-07,-1.40611422695754e-05,-0.0001283759272678689,-0.00039400767555229773
501,0.04202156257638696,0.04984232335409948,0.049999993067221464,-6.184060130747492e-06,-7.939920752537818e-06,-0.0009934822674476775,-0.0002799760259222239,-1.1450472214846741e-07,-1.401509811742269e-05,-0.0001288523811662198,-0.0003961192856232643
502,0.04212782095269858,0.04978220570387187,0.049999992831366094,-6.2608552275624154e-06,-6.628669126757923e-06,-0.000985782309332778,-0.0002768079866655171,-1.167104741739422e-07,-1.3953321710809465e-05,-0.00012929046262331585,-0.00039805516040133167
503,0.042241263314249655,0.04971268936312343,0.04999999270874246,-6.329421559875933e-06,-5.461800434405594e-06,-0.0009779547557692942,-0.0002735631132964045,-1.1902526608764674e-07,-1.387616260208128e-05,-0.00012969007837462703,-0.0003998195879527467
504,0.0423618084225083,0.04963393712243089,0.04999999269573694,-6.389886674664872e-06,-4.431789118695394e-06,-0.000970003391884422,-0.00027025441522710025,-1.2122852410811902e-07,-1.3784002273142509e-05,-0.00013005117307007697,-0.0004014173003928309
505,0.04248937449139296,0.04954614049512406,0.04999999278636714,-6.442408992412017e-06,-3.531139918962255e-06,-0.0009619321051373364,-0.0002668789529707283,-1.2342898969563976e-07,-1.3677276087154337e-05,-0.00013037372900525125,-0.00040285340866733494
506,0.042623872497156046,0.04944952882636914,0.04999999297274915,-6.487153189494887e-06,-2.752341535090936e-06,-0.0009537450735432936,-0.0002634358825162053,-1.2542516003577475e-07,-1.3556470690337264e-05,-0.00013065776825069107,-0.0004041333360915405
507,0.04276521031419037,0.049344361786530844,0.049999993245486735,-6.52427994054722e-06,-2.0880690956808546e-06,-0.0009454464244663626,-0.00025992459268309176,-1.2723511133572174e-07,-1.3422095094012432e-05,-0.00013090335296285215,-0.00040526273994973515
508,0.04291328726433847,0.04923093901087591,0.04999999359401627,-6.553957650007722e-06,-1.531132711337523e-06,-0.000937040399361229,-0.0002563453745096922,-1.2917995206862543e-07,-1.3274689328429382e-05,-0.00013111058555174187,-0.0004062474350912872
509,0.043067996566188524,0.04910959183644393,0.049999994006914565,-6.5763569010657176e-06,-1.0746340728564464e-06,-0.0009285319352271764,-0.0002526981697883457,-1.3047151981027127e-07,-1.3114750099906676e-05,-0.00013127960709123675,-0.00040709336585772007
510,0.04322923391081525,0.04898071216081801,0.04999999447217501,-6.591697084842849e-06,-7.121182129247276e-07,-0.0009199251818167474,-0.0002489958133082837,-1.3195176506997086e-07,-1.294293802828581e-05,-0.00013141059738454338,-0.0004078065383085852
511,0.04339688848882662,0.04884471486558362,0.04999999497744406,-6.60012113802735e-06,-4.373111140217923e-07,-0.0009112247952242907,-0.0002452262269798666,-1.3299320755777444e-07,-1.275987564911515e-05,-0.00013150377747489506,-0.0004083929170912035
512,0.04357083988189719,0.048702059220802084,0.0499999955102214,-6.601792577230431e-06,-2.444062370146107e-07,-0.0009024354013714435,-0.00024138657317962497,-1.336648267624696e-07,-1.2566199138323723e-05,-0.00013155940789002393,-0.00040885838207482177
513,0.04375096749461954,0.04855325090378059,0.049999996058050826,-6.596879824611133e-06,-1.2806971438782174e-07,-0.000893561543603748,-0.00023748008243273944,-1.3431744605441054e-07,-1.2362606300964852e-05,-0.00013157778980709645,-0.00040920869617091415
514,0.04393715281641016,0.04839884241817357,0.04999999660869506,-6.585537054609415e-06,-8.342146028220675e-08,-0.0008846084465820696,-0.00023350019182544202,-1.3462995696045255e-07,-1.214975546084999e-05,-0.00013155926448244322,-0.0004094494699446203
515,0.04412927223692811,0.048239436778273664,0.04999999715028993,-6.567939135305521e-06,-1.0602884938637167e-07,-0.0008755810653453028,-0.00022945148521102965,-1.343833133660155e-07,-1.1928356869251542e-05,-0.00013150421063368807,-0.00040958611899269426
516,0.04432720578513133,0.04807567515125871,0.04999999767148333,-6.544239561234764e-06,-1.9188742926068585e-07,-0.0008664856585965211,-0.00022532956791110337,-1.3407814947186125e-07,-1.1699047014871377e-05,-0.0001314130439184135,-0.00040962385340487137
517,0.044530828567971276,0.047908248528583774,0.049999998161563336,-6.514668972498428e-06,-3.373973644571081e-07,-0.000857326792857284,-0.0002211604587500915,-1.3310641122643574e-07,-1.1462663384898764e-05,-0.00013128621782967367,-0.0004095676311142457
518,0.044740025412312576,0.04773786978213021,0.04999999861055951,-6.479286749800468e-06,-5.39436356242026e-07,-0.0008481110939055846,-0.00021691455913241953,-1.3223835537701234e-07,-1.1219858539611407e-05,-0.0001311242232284826,-0.00040942209788207495
519,0.044954664826990544,0.04756529633193018,0.04999999900934443,-6.438317993853714e-06,-7.952331997161149e-07,-0.0008388437845423227,-0.00021259815548546612,-1.3079373673008376e-07,-1.097140014135433e-05,-0.00013092758422902207,-0.0004091915768214512
520,0.045174626515712295,0.0473913070705651,0.049999999349724156,-6.391868331180489e-06,-1.1024572900329696e-06,-0.0008295313827247387,-0.00020822606165893376,-1.2901966783829266e-07,-1.0718054906200105e-05,-0.00013069685943451197,-0.00040888008338490285
521,0.04539981171078153,0.0472167354022265,0.04999999962451322,-6.340099450261947e-06,-1.4590099158745043e-06,-0.000820179856286656,-0.00020378008775878698,-1.2736252585909824e-07,-1.0460552367758551e-05,-0.00013043264098001002,-0.0004084913104023716
522,0.04563009597335149,0.04704240438059748,0.04999999982759953,-6.283155502878816e-06,-1.8632388477554888e-06,-0.0008107960403943668,-0.00019927488756366074,-1.2476759536639292e-07,-1.0199648620519043e-05,-0.00013013555244791066,-0.00040802863162426104
523,0.045865392007610944,0.046869185265655366,0.04999999995399438,-6.2211974242402455e-06,-2.3135046581052097e-06,-0.0008013868962142078,-0.00019471241103019565,-1.221314249733041e-07,-9.93608300971023e-06,-0.00012980624780358307,-0.0004074951519697296
524,0.04610560653589704,0.04669795378862721,0.0499999999998709,-6.15437925118082e-06,-2.8084810005953875e-06,-0.0007919592708821373,-0.00019010236428584903,-1.1945905953325564e-07,-9.67059501244559e-06,-0.0001294454094576878,-0.00040689368750891197
525,0.04635065566658326,0.046529581773530206,0.04999999996258942,-6.082851078395092e-06,-3.347051274691744e-06,-0.0007825208078857918,-0.00018544832710176706,-1.1620817730317867e-07,-9.403877494552406e-06,-0.00012905374494927462,-0.0004062268101140366
526,0.0466004702951247,0.04636494196137239,0.049999999840707875,-6.006818587374803e-06,-3.927970304386218e-06,-0.0007730788427754688,-0.0001807646913221106,-1.1271716715555158e-07,-9.136666290176908e-06,-0.0001286319854999716,-0.00040549689817034125
527,0.046854999623165465,0.04620489182014327,0.04999999963397709,-5.926420638980756e-06,-4.5501277473362075e-06,-0.0007636415024896121,-0.00017605962057132274,-1.0914508408177426e-07,-8.869629905682627e-06,-0.00012818088524458907,-0.0004047061727671692
528,0.04711419720770116,0.04605027545811228,0.04999999934332346,-5.841883590432645e-06,-5.212280150332806e-06,-0.0007542164179260456,-0.00017134779773186892,-1.0506604297688682e-07,-8.603437587697396e-06,-0.00012770121704274858,-0.00040385673088370205
529,0.04737803228344334,0.04590189595159826,0.04999999897081604,-5.753378452441322e-06,-5.9132134158728095e-06,-0.0007448117558137343,-0.0001666357711656019,-1.0101339142920551e-07,-8.338739548942619e-06,-0.00012719377115138453,-0.00040295061531341134
530,0.04764650363455396,0.045760540171219305,0.049999998519620746,-5.6611229475109856e-06,-6.651225492333917e-06,-0.0007354354831284507,-0.00016194490308407694,-9.675303402900681e-08,-8.076134310067303e-06,-0.000126659352217798,-0.00040198985576181715
531,0.04791960272071133,0.04562690691592961,0.04999999799393915,-5.565330665959076e-06,-7.4247257857468e-06,-0.0007260959234095924,-0.00015727827849332243,-9.227801456290763e-08,-7.816210354781775e-06,-0.00012609877613241506,-0.0004009765220987737
532,0.04819735894190517,0.045501692779371404,0.04999999739893726,-5.466237781321294e-06,-8.2314086821451e-06,-0.0007168014343801703,-0.00015265902038663626,-8.771804260732097e-08,-7.559510864351782e-06,-0.00012551286808218414,-0.0003999128234336081
533,0.048479809653606445,0.04538551147895303,0.04999999674065672,-5.364109432383329e-06,-9.068667080228851e-06,-0.0007075597649409218,-0.00014809997810516506,-8.319573652215695e-08,-7.306557821397664e-06,-0.00012490246025667658,-0.00039880115017936163
534,0.04876701520666693,0.045278913995595776,0.04999999602591833,-5.259180377146322e-06,-9.93345124743126e-06,-0.0006983792458015119,-0.0001436170714441687,-7.869663676274286e-08,-7.057818631312325e-06,-0.00012426838891972986,-0.0003976441228444586
535,0.04905904484987501,0.04518237721002167,0.04999999526221706,-5.151737290740737e-06,-1.0822175212564286e-05,-0.0006892676783968567,-0.00013921657227911055,-7.438394078462807e-08,-6.813719946834369e-06,-0.0001236114902164342,-0.0003964446466516744
536,0.04935598599420285,0.0450963025691452,0.04999999445760243,-5.042075072498794e-06,-1.1730514618278243e-05,-0.0006802329691078036,-0.00013492578000295907,-7.024356563078982e-08,-6.574665888376354e-06,-0.00012293259875952609,-0.0003952059777758678
537,0.04965794596304258,0.04502102877318667,0.04999999362055589,-4.930494715300196e-06,-1.2653620452142203e-05,-0.0006712825197619606,-0.00013074371963739395,-6.672839703014688e-08,-6.341007056810985e-06,-0.00012223254563540495,-0.0003939317593818399
538,0.049965036468519484,0.04495680722922027,0.04999999275987406,-4.817293748208315e-06,-1.3586063063207497e-05,-0.0006624233704749366,-0.00012669323768932372,-6.356597737067204e-08,-6.113057056826685e-06,-0.00012151215578824595,-0.0003926260338071258
539,0.05027738253716653,0.04490379733776972,0.0499999918845416,-4.702786299492064e-06,-1.4521802411396622e-05,-0.0006536627714907417,-0.000122778961667791,-6.114252926181507e-08,-5.891079451125848e-06,-0.00012077224522790572,-0.00039129328520466546
540,0.05059511538967726,0.04486210299666278,0.049999991003592884,-4.587332279090306e-06,-1.545397648964939e-05,-0.0006450071964736988,-0.00011902610276592895,-5.946056447214687e-08,-5.675309439080406e-06,-0.00012001361825745785,-0.00038993847377610927
541,0.050918381747395915,0.04483174829856188,0.04999999012599607,-4.47123981878545e-06,-1.6375379437708804e-05,-0.0006364625032835359,-0.00011544579319888726,-5.86504711463931e-08,-5.465943743741989e-06,-0.0001192370675821855,-0.0003885670004882601
542,0.05124731554014292,0.04481266844510981,0.049999989260545975,-4.354823782215218e-06,-1.727876202831224e-05,-0.000628033980893788,-0.00011203690519323573,-5.886061771320783e-08,-5.263124977416037e-06,-0.00011844337222958863,-0.0003871846577633697
543,0.0515820488728879,0.04480471680687276,0.049999988415752414,-4.2384022993042025e-06,-1.815630837809493e-05,-0.0006197265674645463,-0.00010882154310820624,-6.005208064152612e-08,-5.066980954013274e-06,-0.00011763329649994775,-0.00038579763615225604
544,0.05192272325829932,0.04480772261664889,0.04999998759973314,-4.12229568593747e-06,-1.899992018940223e-05,-0.0006115449825389541,-0.00010581122478470206,-6.217450021495097e-08,-4.8775905177722864e-06,-0.00011680758936441229,-0.0003844125087424091
545,0.05226946720876503,0.04482143178262314,0.049999986820121835,-4.006823841014184e-06,-1.9801444178181533e-05,-0.0006034929539148963,-0.00010302059672540054,-6.550662590143475e-08,-4.695004859793468e-06,-0.00011596698270202739,-0.0003830361783779727
546,0.052622402558110216,0.04484554025151871,0.04999998608399829,-3.892275752507415e-06,-2.0552981231922838e-05,-0.0005955738312848095,-0.00010047043178929016,-6.950826048068848e-08,-4.519248060224284e-06,-0.00011511219214843448,-0.0003816758185022271
547,0.052981638048206006,0.04487969055274215,0.04999998539781981,-3.7789380211394975e-06,-2.124702048444524e-05,-0.0005877901444942752,-9.816911915550008e-05,-7.448866057302439e-08,-4.350309227240553e-06,-0.00011424391685723966,-0.00038033880076215995
548,0.053347263759403435,0.04492347536494243,0.04999998476736022,-3.6670825211271333e-06,-2.1876556201939146e-05,-0.0005801441675919969,-9.613797737983987e-05,-7.997168438578228e-08,-4.188159441020066e-06,-0.00011336283961227425,-0.00037903263829970564
549,0.05371936031465864,0.04497645832818583,0.049999984197662224,-3.556974281420093e-06,-2.2435078067188715e-05,-0.0005726372163520698,-9.439166024094447e-05,-8.620309444040686e-08,-4.032734250628193e-06,-0.00011246962669866628,-0.0003777649070405532
550,0.054097980863950706,0.04503815436838149,0.04999998369301803,-3.4488327015417376e-06,-2.291721950356359e-05,-0.000565270097834967,-9.293786570196971e-05,-9.254716815121355e-08,-3.883956145992521e-06,-0.0001115649282687167,-0.0003765431604800267
551,0.05448316247264689,0.04510805536307646,0.04999998325695781,-3.342871973337535e-06,-2.3318307430058596e-05,-0.0005580429262746874,-9.179737389786169e-05,-9.900175257371302e-08,-3.7417256970076327e-06,-0.00011064937987018476,-0.0003753748610994708
552,0.054874920423043774,0.04518562477534405,0.04999998289222915,-3.239283192206898e-06,-2.3634883342582472e-05,-0.0005509560375466731,-9.097196743823588e-05,-1.0544268747025853e-07,-3.6059319710701073e-06,-0.00010972360238745295,-0.0003742673239077533
553,0.05527324773471936,0.045270331850665486,0.049999982600784344,-3.1382802959858984e-06,-2.3864178088940534e-05,-0.0005440085094368403,-9.049148502526805e-05,-1.1180527792475914e-07,-3.4764439847542546e-06,-0.00010878820291922185,-0.0003732276633221431
554,0.055678120338509066,0.045361598818249776,0.0499999823837992,-3.040001748862295e-06,-2.4005037948302525e-05,-0.0005371993456816947,-9.0357571025379e-05,-1.1737954963564334e-07,-3.353117814657475e-06,-0.00010784377579101733,-0.00037226271273767204
555,0.05608948551508186,0.045458837521649774,0.04999998224169958,-2.9445915578851633e-06,-2.4057424849592224e-05,-0.0005305261722581177,-9.056453563971445e-05,-1.2248827374605753e-07,-3.2357851463470935e-06,-0.00010689090246367329,-0.0003713789144190377
556,0.05650724835046766,0.0455614371266032,0.04999998217420503,-2.8521257938412376e-06,-2.402318027953506e-05,-0.0005239870449088561,-9.110885002883151e-05,-1.2657075387778605e-07,-3.1242897551298142e-06,-0.00010593015315107915,-0.00037058227499618115
557,0.05693131532787382,0.045668821307541074,0.049999982180347825,-2.762722648596205e-06,-2.3904226687102517e-05,-0.0005175793497635587,-9.199146734317765e-05,-1.2999122134260688e-07,-3.0184547528172442e-06,-0.00010496208765128662,-0.00036987835723070137
558,0.05736156002718817,0.04578038660673356,0.049999982258494315,-2.6764548858947296e-06,-2.3703959152603387e-05,-0.0005113003815185688,-9.321571997134015e-05,-1.3275651156163804e-07,-2.9181044489672554e-06,-0.00010398725531669386,-0.0003692722441295416
559,0.0577978484204647,0.045895563951336295,0.04999998240640261,-2.593382315915218e-06,-2.3426510089197297e-05,-0.0005051467827577532,-9.476527338847518e-05,-1.3413450972166174e-07,-2.8230505842476314e-06,-0.00010300619568704088,-0.00036876849796839184
560,0.05824000539791421,0.046013751683227216,0.04999998262127413,-2.5135380711564e-06,-2.3077387432794162e-05,-0.0004991146822416301,-9.662345837568864e-05,-1.3489470518379676e-07,-2.7330990258990445e-06,-0.00010201943892062505,-0.00036837110543224886
561,0.05868784862808647,0.04613438505334165,0.0499999828998206,-2.436917726143735e-06,-2.2662583774190213e-05,-0.0004932012147020312,-9.876453987089917e-05,-1.3417258060144377e-07,-2.648075236547458e-06,-0.0001010275057811923,-0.000368083486599579
562,0.059141170958623736,0.04625691525664312,0.049999983238287415,-2.363586972660529e-06,-2.2188177200415282e-05,-0.00048740155322355187,-0.00010119917715201154,-1.3345602667413914e-07,-2.5677705573411917e-06,-0.00010003090812434268,-0.0003679084953385923
563,0.05959976259236054,0.04638078746972621,0.049999983632530796,-2.293471885604644e-06,-2.1661474631902145e-05,-0.00048171313669040556,-0.00010388505324954167,-1.3122296138590173e-07,-2.492017508673106e-06,-9.903014859615504e-05,-0.00036784842502130314
564,0.060063391285342764,0.04650549736685264,0.04999998407807561,-2.2266199509676387e-06,-2.1089239707157387e-05,-0.0004761307363710485,-0.00010681145795388147,-1.2900486012767942e-07,-2.4206033542200086e-06,-9.802571899371294e-05,-0.00036790499260536255
565,0.060531794387305875,0.04663052365724316,0.04999998457017403,-2.1629503934643496e-06,-2.0479338977152085e-05,-0.00047065086845062817,-0.00010996224591508508,-1.2565109841489175e-07,-2.353360441020409e-06,-9.701810156574657e-05,-0.00036807935363121686
566,0.06100472881987791,0.046755409999584205,0.049999985103871325,-2.102448886662621e-06,-1.983873324708797e-05,-0.0004652678136780553,-0.0001132894103648141,-1.2182496789137076e-07,-2.2900719302836996e-06,-9.60077692020663e-05,-0.0003683720796182138
567,0.06148189370358751,0.04687966689737749,0.04999998567407646,-2.0449953085158022e-06,-1.9175609721078133e-05,-0.0004599778322775969,-0.00011675689893309027,-1.1704309343940622e-07,-2.2305795989961952e-06,-9.499518551596483e-05,-0.0003687831530413514
568,0.061963019174333514,0.04700289847911872,0.04999998627561045,-1.990564829885437e-06,-1.8496351231426038e-05,-0.0004547768231904208,-0.00012035085092065856,-1.1267145794136013e-07,-2.1747028570084295e-06,-9.398080399948871e-05,-0.00036931205877649995
569,0.06244781566672939,0.04712471415261605,0.049999986903242255,-1.9390830598481835e-06,-1.780754680255212e-05,-0.0004496607001220755,-0.00012407822941895574,-1.0817111473215846e-07,-2.1222750391915474e-06,-9.29650672244205e-05,-0.0003699578274135172
570,0.0629360121337061,0.04724477276484525,0.04999998755175776,-1.8904768087126214e-06,-1.7115084435165336e-05,-0.00044462503461398673,-0.0001278856652788818,-1.031830976216952e-07,-2.073124042464537e-06,-9.194840687602551e-05,-0.00037071904350005755
571,0.06342729029782469,0.04736273098771659,0.049999988216008026,-1.8446584583595748e-06,-1.6425078829283354e-05,-0.0004396656983528982,-0.0001317515707341954,-9.82009851213661e-08,-2.0270867017297637e-06,-9.093124264484547e-05,-0.000371593823494932
572,0.06392135138139796,0.0474782842156079,0.049999988890958164,-1.8015414706558588e-06,-1.5742536679035525e-05,-0.0004347786686629057,-0.0001356593711534515,-9.338292983329666e-08,-1.9840061066769363e-06,-8.991398227937778e-05,-0.0003725798736571839
573,0.06441788907339842,0.04759116758561624,0.04999998957173047,-1.7610309023670717e-06,-1.5072087847134847e-05,-0.000429960163865907,-0.0001395813305862248,-8.847282373380949e-08,-1.943732459494559e-06,-8.889702160520618e-05,-0.0003736745120530614
574,0.06491660077800156,0.047701132351628976,0.04999999025364336,-1.7230336999334655e-06,-1.4417649901075878e-05,-0.00042520630916279505,-0.0001435032900189981,-8.38500966438005e-08,-1.9061183157415385e-06,-8.788074366531014e-05,-0.0003748746974803619
575,0.06541717394772605,0.04780797807084239,0.049999990932245116,-1.6874528728702701e-06,-1.3782579153506671e-05,-0.0004205134484654678,-0.00014741077029611915,-7.944803570580916e-08,-1.87102510933728e-06,-8.68655180888828e-05,-0.0003761770626406047
576,0.06591930477566658,0.04791152832143706,0.04999999160334009,-1.6541937980010987e-06,-1.316959305971174e-05,-0.0004158779176784654,-0.00015128482482396066,-7.53382138896086e-08,-1.8383150804279326e-06,-8.585170117931764e-05,-0.00037757794080704905
577,0.06642268599662983,0.04801162478866155,0.049999992263012154,-1.6231551601798907e-06,-1.2580799819604649e-05,-0.0004112964136629316,-0.00015511302626691759,-7.152218017836276e-08,-1.8078575366869744e-06,-8.483963535609843e-05,-0.00037907338071897415
578,0.06692701437764412,0.048108144566173516,0.04999999290765135,-1.5942348654244136e-06,-1.20177397730316e-05,-0.00040676605596248093,-0.0001588784798514098,-6.789473872004237e-08,-1.779535725764095e-06,-8.38296492521528e-05,-0.00038065917633700743
579,0.06743199441285531,0.048200988594975125,0.04999999353396802,-1.5673388779123611e-06,-1.1481377640547997e-05,-0.0004022833878585603,-0.00016257660172414035,-6.479313441332124e-08,-1.7532222079941708e-06,-8.282205748386167e-05,-0.00038233089860023633
580,0.0679373287669975,0.04829008270630323,0.049999994139000616,-1.5423642874277218e-06,-1.0972122357546915e-05,-0.00039784547442764905,-0.0001661964925006032,-6.192985324560141e-08,-1.728803470407451e-06,-8.181716036116167e-05,-0.0003840839085133932
581,0.06844272163501676,0.0483753746017993,0.04999999472012385,-1.5192114050924212e-06,-1.0490043818221693e-05,-0.0003934492815060833,-0.00016972480807453394,-5.950249715169775e-08,-1.706167045671474e-06,-8.081524364541204e-05,-0.0003859133764187414
582,0.06894788083786385,0.04845683705044483,0.049999995275051674,-1.4977842208198498e-06,-1.0034637892675379e-05,-0.00038909248023370833,-0.0001731646916596219,-5.735293484576687e-08,-1.6852117000916986e-06,-7.981657893165839e-05,-0.00038781431593410136
583,0.0694525357768526,0.04853446559801328,0.04999999580183548,-1.4779863728559793e-06,-9.60512066996473e-06,-0.00038477278346288557,-0.00017651151574682444,-5.576153583319865e-08,-1.6658332379089678e-06,-7.882142369675777e-05,-0.0003897815966737144
584,0.06995641042180158,0.04860826297475062,0.049999996298863654,-1.4597207401503156e-06,-9.20037544920936e-06,-0.00038048777698170195,-0.00017976152594201267,-5.436186256702058e-08,-1.6479349751281165e-06,-7.783002075968328e-05,-0.00039180996136632543
585,0.07045923739455244,0.04867825687181801,0.04999999676485233,-1.4428969150305312e-06,-8.818971925722303e-06,-0.0003762353110887055,-0.00018291307787876576,-5.343145659253423e-08,-1.6314249197539405e-06,-7.68425987928459e-05,-0.0003938940564829031
586,0.07096075427102531,0.04874448980298917,0.049999997198833857,-1.4274249838858952e-06,-8.459325067154719e-06,-0.00037201319616685243,-0.00018597039161249995,-5.2775398273752216e-08,-1.6162141609065955e-06,-7.585937245519964e-05,-0.00039602844828595684
587,0.07146070376232759,0.04880702149921541,0.049999997600144494,-1.413218089326841e-06,-8.119727881473212e-06,-0.00036781994316129594,-0.00018893681408371776,-5.247780521244749e-08,-1.6022183306172362e-06,-7.488054256446025e-05,-0.0003982076422243501
588,0.07195884827446038,0.048865910684195074,0.04999999796841145,-1.4001902753796937e-06,-7.798282063389268e-06,-0.0003636540035411002,-0.00019181334937456995,-5.257422941440382e-08,-1.589355477172451e-06,-7.3906296259424e-05,-0.00040042609460116095
589,0.07245494929402795,0.04892123531805023,0.04999999830353838,-1.388257062489958e-06,-7.493172652668232e-06,-0.00035951373136173967,-0.0001946122938534245,-5.2965340557875606e-08,-1.5775449776669293e-06,-7.293680700065224e-05,-0.00040267823810603577
590,0.07294877754635147,0.04897307539900465,0.049999998605686685,-1.3773384299176932e-06,-7.202471249445848e-06,-0.0003553977550574911,-0.00019733028602786362,-5.354837284698988e-08,-1.5667120584346997e-06,-7.197223511906473e-05,-0.00040495849210164884
591,0.07344010799705382,0.04902152178085759,0.049999998875257724,-1.367354050509398e-06,-6.924316493136707e-06,-0.00035130463895123706,-0.0001999801315832883,-5.4410129735060764e-08,-1.556784024722124e-06,-7.101272836635076e-05,-0.0004072612786262173
592,0.07392872568513449,0.049066674577402186,0.04999999911287236,-1.3582300122600993e-06,-6.656942073310581e-06,-0.00034723356573054906,-0.00020256811694707721,-5.555098780973822e-08,-1.5476903185238952e-06,-7.005842180364038e-05,-0.00040958104591278004
593,0.07441442888308357,0.049108626967443336,0.049999999319352645,-1.3498903643208618e-06,-6.398645325908154e-06,-0.00034318377994876264,-0.00020510901231318712,-5.68775249121245e-08,-1.539366973954532e-06,-6.910943836814118e-05,-0.000411912291488685
594,0.07489703032451808,0.04914748585033241,0.049999999495701525,-1.3422675098925824e-06,-6.14793772460443e-06,-0.00033915423371800175,-0.00020759948529303074,-5.8284975068545464e-08,-1.531749464043545e-06,-6.81658897595141e-05,-0.0004142495794628453
595,0.0753763379217996,0.04918335327142345,0.04999999964308109,-1.3352940153649072e-06,-5.903409673920929e-06,-0.0003351443278354174,-0.00021006081078667194,-5.994930063479842e-08,-1.5247759797559612e-06,-6.722787658146208e-05,-0.0004165875480155155
596,0.07585217563280838,0.04921633348454665,0.04999999976279436,-1.3289047716468627e-06,-5.663820594670973e-06,-0.0003311532550307551,-0.0002124946768162772,-6.16625399629811e-08,-1.5183880282306902e-06,-6.629548880046801e-05,-0.00041892093599514416
597,0.0763243687923997,0.0492465304961913,0.04999999985626537,-1.3230385523677942e-06,-5.428188766337518e-06,-0.00032718083687256186,-0.00021491479128599167,-6.341764446915477e-08,-1.512531169444486e-06,-6.536880653253339e-05,-0.0004212446027517466
598,0.07679276466834489,0.0492740435096411,0.04999999992501949,-1.3176378945463171e-06,-5.195663337175604e-06,-0.0003232268806805348,-0.0002173363754991442,-6.535530161499992e-08,-1.507151672875432e-06,-6.444790033716817e-05,-0.0004235535421105926
599,0.07725721418806047,0.049298974377943866,0.049999999970664843,-1.3126484957299046e-06,-4.965607505205391e-06,-0.00031929108404970505,-0.00021976286370772868,-6.719741207916741e-08,-1.5021964571357455e-06,-6.353283136387234e-05,-0.0004258429001578357
600,0.07771757168002934,0.04932141676370097,0.0499999999948746,-1.308017216836361e-06,-4.73754848502086e-06,-0.00031537325073315145,-0.00022220068785827607,-6.910332928100615e-08,-1.4976197081088172e-06,-6.262365249262242e-05,-0.00042810799683401507
601,0.07817370460220327,0.04934146390448257,0.04999999999936933,-1.3036993982291322e-06,-4.511238142969849e-06,-0.0003114732236785492,-0.0002246701915282756,-7.102501342615142e-08,-1.4933715060453037e-06,-6.172040872341954e-05,-0.00043034433832305104
602,0.07862547871202476,0.04935920051063728,0.049999999985900975,-1.2996467673057712e-06,-4.286554544654634e-06,-0.0003075912955691235,-0.0002271728153573349,-7.273833801946239e-08,-1.489412926112506e-06,-6.082313769606555e-05,-0.00043254763905321755
603,0.07907278682669078,0.04937471402222665,0.04999999995623756,-1.2958237277499542e-06,-4.06359623841272e-06,-0.0003037278410644303,-0.00022971774160396308,-7.453613903862788e-08,-1.485703203396508e-06,-5.99318706388218e-05,-0.0004347138414099027
604,0.07951551883721376,0.049388079996574887,0.04999999991214906,-1.2921910084329148e-06,-3.842569208217209e-06,-0.000299883510916511,-0.00023231706290971488,-7.61271863325419e-08,-1.4822333890382722e-06,-5.904663188899366e-05,-0.00043683913672162915
605,0.07995356713833496,0.04939937236701431,0.04999999985539462,-1.2887416617904286e-06,-3.6238495444083026e-06,-0.0002960574189379061,-0.00023500993847846985,-7.77918884864448e-08,-1.4788837994403973e-06,-5.81674401769097e-05,-0.00043891996100460474
606,0.08038684048467894,0.049408644028426214,0.04999999978770768,-1.2853798772727355e-06,-3.4078382967705165e-06,-0.00029225004070507535,-0.00023771541600581259,-7.932199963534003e-08,-1.4756619332660276e-06,-5.729431002874601e-05,-0.0004409529605338364
607,0.08081522725692535,0.049415965986206095,0.04999999971078356,-1.2821077614777669e-06,-3.194918328420629e-06,-0.00028846247239103776,-0.00024048889463301748,-8.097180170807405e-08,-1.472556499276092e-06,-5.6427251051434775e-05,-0.00044293501143167276
608,0.08123864204399162,0.04942139780668299,0.04999999962627291,-1.2789169510659736e-06,-2.98553363195538e-06,-0.0002847110260769199,-0.00024336988280992955,-8.092933967418503e-08,-1.4706056915976096e-06,-5.556625829083149e-05,-0.0004448637778779146
609,0.0816570319547588,0.04942507245441656,0.04999999953583056,-1.2765316794604952e-06,-2.7821903973334413e-06,-0.00028096421508903667,-0.00024720869259908795,-8.502832571366525e-08,-1.4671927579088155e-06,-5.4711324630487183e-05,-0.00044673735138436735
610,0.08207045944695122,0.04942666022740494,0.049999999440973227,-1.2732501966363518e-06,-2.58479502573273e-06,-0.0002771213445167382,-0.0002498527173884213,-8.786133776084171e-08,-1.465646882835858e-06,-5.386253579194456e-05,-0.00044854980796417095
611,0.08247865433223883,0.04942588280498722,0.04999999934258025,-1.264493592245423e-06,-2.380602121768153e-06,-0.0002734156247889048,-0.00024606517399661243,-1.8712600535764068e-07,-1.4607969265866257e-06,-5.301996339282668e-05,-0.00045029356181426226
612,0.08288015686340955,0.04942551900481616,0.04999999924217707,-1.2624849573991496e-06,-2.1715985555685413e-06,-0.00026977547160835007,-0.0002520844282116741,-9.10770907580627e-08,-1.4573062242573935e-06,-5.218353563838819e-05,-0.0004519708561275956
613,0.08327872983288108,0.049424383296246995,0.04999999914161352,-1.2604692494236636e-06,-1.9875986680065896e-06,-0.0002661912519933206,-0.0002585030160844326,-1.0098899849708687e-07,-1.4551021569765513e-06,-5.135324494706179e-05,-0.0004535952707001332
614,0.08367535487545599,0.04942198752239062,0.049999999042417004,-1.2596138376915358e-06,-1.8526008072668574e-06,-0.00026257064992963436,-0.0002622415777295828,-3.6606547837436665e-07,-1.4516679142454484e-06,-5.0529054866944826e-05,-0.0004551659611772302
615,0.0840621312204036,0.04941527382747544,0.04999999894577698,-1.2571600158463394e-06,-1.6881073660065728e-06,-0.00025897261048790827,-0.0002657548466231674,-8.606510704112225e-08,-1.4483354633250495e-06,-4.971087790216368e-05,-0.0004566719787618728
616,0.08444349386769866,0.049406873275610705,0.049999998852340695,-1.254592273320073e-06,-1.5320127160133226e-06,-0.00025539875064003445,-0.00026940772659145296,-8.503558035499736e-08,-1.4449679736184462e-06,-4.8898714706456085e-05,-0.00045811263301736123
617,0.08481929401276625,0.04939686347638525,0.04999999876301161,-1.2518754422837542e-06,-1.384305158373009e-06,-0.0002518504194785152,-0.00027311945450492203,-8.487889147090755e-08,-1.441511801571638e-06,-4.8092558763226226e-05,-0.00045948734500160016
618,0.08518949509592533,0.049385294606121885,0.04999999867855358,-1.2490341122111284e-06,-1.2453739964836673e-06,-0.0002483287973701705,-0.0002769529237411916,-8.482392388486915e-08,-1.4379486762391015e-06,-4.729240413325796e-05,-0.00046079604526037224
619,0.08555413015411065,0.04937215504910336,0.04999999859965254,-1.2461496286973784e-06,-1.1164306422717631e-06,-0.0002448354460832447,-0.00028085257508791983,-8.370636805921094e-08,-1.4342483056038345e-06,-4.6498245129376854e-05,-0.00046203906636073285
620,0.08591314384293708,0.04935746093861069,0.04999999852691764,-1.2432273629808465e-06,-9.974301584667091e-07,-0.00024137152010938017,-0.0002848323492798954,-8.294275488651692e-08,-1.4303936082169315e-06,-4.571007508045666e-05,-0.0004632168782440732
621,0.08626649862072788,0.049341230318743254,0.049999998460852714,-1.2402847487526914e-06,-8.886369773180547e-07,-0.0002379375283575022,-0.00028888724045827985,-8.210877666670058e-08,-1.4263581711960523e-06,-4.4927887741622995e-05,-0.00046433016666311055
622,0.0866141571843589,0.04932348422603949,0.04999999840186603,-1.2373259589888709e-06,-7.902672932903202e-07,-0.00023453533676195257,-0.00029299393645487726,-8.09814793001351e-08,-1.4221730318710885e-06,-4.415167784317387e-05,-0.0004653798218515291
623,0.08695608782121528,0.049304253980685456,0.04999999835028072,-1.2344043771977713e-06,-7.025378686953772e-07,-0.00023116583308142562,-0.0002971993526443839,-7.981659422284793e-08,-1.4178092905158848e-06,-4.338144098986645e-05,-0.0004663669506845454
624,0.08729227299629345,0.04928355422445947,0.0499999983063349,-1.2315201746878559e-06,-6.25682984355461e-07,-0.0002278298386828504,-0.0003014714166056365,-7.82720022129979e-08,-1.413262291866278e-06,-4.26171742331636e-05,-0.0004672928699095121
625,0.08762268225962394,0.04926141653164562,0.04999999827018017,-1.228689367961018e-06,-5.599073192626454e-07,-0.00022452807079164952,-0.0003058034635614604,-7.753791209097471e-08,-1.408520208941868e-06,-4.185887600114143e-05,-0.0004681590065542491
626,0.08794727017290736,0.049237853662856164,0.049999998241884225,-1.2259198771443272e-06,-5.051771332596449e-07,-0.00022126143009390932,-0.0003101791662629694,-7.566134030412286e-08,-1.4035841067521103e-06,-4.11065463432638e-05,-0.0004689668868132568
627,0.08826601545165541,0.04921291552060702,0.04999999822143518,-1.2232288952649035e-06,-4.617040598320547e-07,-0.00021803090394962077,-0.00031460548052564263,-7.402558566127482e-08,-1.3984513086940554e-06,-4.0360187499469245e-05,-0.0004697181860689779
628,0.08857889849692013,0.04918663741429953,0.049999998208751235,-1.2206337357564598e-06,-4.2962851261600785e-07,-0.00021483760156715238,-0.0003190725692547858,-7.23846156347463e-08,-1.3931269836220993e-06,-3.9619803748791116e-05,-0.0004704146973417048
629,0.08888590284996317,0.049159059174156985,0.0499999982036868,-1.218157898188231e-06,-4.0913122091801435e-07,-0.00021168199676991373,-0.0003235799085814506,-7.045039041031487e-08,-1.3875922521625616e-06,-3.888540151661233e-05,-0.0004710583099501763
630,0.08918700654149653,0.04913022755803279,0.04999999820603154,-1.2157982786117346e-06,-4.0033451750771696e-07,-0.00020856496201100987,-0.0003281082899775356,-6.864893009606021e-08,-1.3818559155208024e-06,-3.815698950341868e-05,-0.0004716509750460625
631,0.08948218817406084,0.04910019889558309,0.049999998215515956,-1.2135766268528097e-06,-4.0337456542135546e-07,-0.00020552389934594455,-0.00033265078673139215,-6.678449437913514e-08,-1.3759288426891698e-06,-3.7434578334368914e-05,-0.00047219470370696504
632,0.08977227248413869,0.049073663375665835,0.0499999982318222,-1.2117233416461134e-06,-4.195127255230295e-07,-0.00020266598189737193,-0.0003372507344465703,-6.470473579156533e-08,-1.3816335377786338e-06,-3.6719616093676156e-05,-0.0004726951908529183
633,0.09006083321627051,0.04906941734574373,0.04999999825940071,-1.2108368502025988e-06,-4.526257024812626e-07,-0.00019980409665016236,-0.00034197416971437633,-6.299708132928572e-08,-1.3811910121710782e-06,-3.601264223607381e-05,-0.0004731559002474862
634,0.09034365296213284,0.0490631404372975,0.04999999829814856,-1.2095444561319003e-06,-4.978259803374226e-07,-0.00019695234518613987,-0.0003468019131105393,-5.9273215669009005e-08,-1.377937734245476e-06,-3.531337036459045e-05,-0.00047357820226424864
635,0.0906209318110015,0.04905501264252611,0.049999998345149184,-1.2080476777563743e-06,-5.575588763416979e-07,-0.00019412094688956547,-0.00035132476477883756,-5.258589297341132e-08,-1.3725871619151612e-06,-3.4621631699897895e-05,-0.00047396374633175355
636,0.09089267809937956,0.04904538460458223,0.04999999839800442,-1.2064736355572011e-06,-6.314516094669103e-07,-0.00019131365506067462,-0.00035588242462836206,-5.3246395737005514e-08,-1.3656254446255208e-06,-3.393731966195674e-05,-0.00047431428316049845
637,0.09115891426506924,0.04903377912354897,0.04999999845486398,-1.2050037698643426e-06,-7.202122275842389e-07,-0.0001885346133007126,-0.0003604228259064257,-5.205913211625557e-08,-1.3573613315181556e-06,-3.326037123885797e-05,-0.0004746317275940791
638,0.09141964333692475,0.0490197653880647,0.049999998514396814,-1.2037532409403012e-06,-8.241080183762411e-07,-0.0001857875905367109,-0.0003649437567219138,-5.050725349065033e-08,-1.3480371927924316e-06,-3.259075285240964e-05,-0.00047491800854023727
639,0.09167485261587831,0.049003565938951464,0.04999999857562293,-1.202810406893715e-06,-9.434600585504152e-07,-0.0001830754692515002,-0.0003694351180456579,-4.887124305241741e-08,-1.3378290985703238e-06,-3.1928447301480445e-05,-0.0004751751585467282
640,0.09192451715579275,0.04898538803262569,0.04999999863781604,-1.2022338004594994e-06,-1.078405382400503e-06,-0.00018040073052240526,-0.0003738873347174376,-4.7148219550763315e-08,-1.3269104264146483e-06,-3.127344994965656e-05,-0.00047540525658675676
641,0.09216861898759462,0.04896541982322775,0.04999999870044168,-1.202074834259078e-06,-1.229086785222359e-06,-0.00017776522410372674,-0.0003782866697292775,-4.5199339382406833e-08,-1.3153506452357004e-06,-3.062576445820289e-05,-0.00047561042786456605
642,0.09240714830972727,0.04894384471840148,0.049999998763108885,-1.2023638025179461e-06,-1.3955834923127454e-06,-0.000175170608607339,-0.0003826400497928262,-4.34442632979426e-08,-1.303235152453824e-06,-2.9985398975010004e-05,-0.0004757928283440339
643,0.09264009948203616,0.048920823627181455,0.04999999882553146,-1.2031286562686197e-06,-1.5779354379479343e-06,-0.00017261816549783495,-0.00038693597889505327,-4.1523819049871236e-08,-1.2906063680864804e-06,-2.935236469444755e-05,-0.00047595461502964007
644,0.09286747077911955,0.04889651300226175,0.04999999888749795,-1.2043845387931126e-06,-1.776092794307958e-06,-0.0001701088879351262,-0.0003911640669684857,-3.962908579069335e-08,-1.2775253916274606e-06,-2.8726674609823274e-05,-0.00047609793591853243
645,0.09308926339941195,0.04887107207265831,0.049999998948843424,-1.2061404127117265e-06,-1.9900114050809782e-06,-0.00016764352438666547,-0.00039533121162094176,-3.776776935637827e-08,-1.2640191477823512e-06,-2.8108342812115042e-05,-0.0004762249289285825
646,0.09330548402958616,0.048844645805883206,0.049999999009430966,-1.2084008515452859e-06,-2.2195660124796496e-06,-0.00016522248492369023,-0.0003994232101831585,-3.586319152759643e-08,-1.2500600658730243e-06,-2.7497381373301823e-05,-0.0004763377251942229
647,0.09351614478357989,0.0488173864611958,0.04999999906913907,-1.2111615088953427e-06,-2.46461108212401e-06,-0.00016284631535609336,-0.000403434329200536,-3.4103639023896903e-08,-1.2357140096328088e-06,-2.6893801648801592e-05,-0.0004764384337932356
648,0.09372126503877472,0.04878943782412795,0.04999999912785425,-1.214427007329472e-06,-2.724905820816562e-06,-0.00016051538247682017,-0.00040736040682531893,-3.235658851963308e-08,-1.2209975192717466e-06,-2.6297616144043022e-05,-0.00047652912949016756
649,0.09392087164626599,0.048760934186939074,0.049999999185468116,-1.2181989962363567e-06,-3.0002524753341536e-06,-0.00015822985311224604,-0.00041120449895970523,-3.0599995426427995e-08,-1.2059231453471035e-06,-2.570883624337855e-05,-0.00047661188241617186
650,0.09411499372469857,0.04873201862415334,0.0499999992418715,-1.2224742745069837e-06,-3.2904356882254913e-06,-0.0001559895716626552,-0.0004149616288486868,-2.8975263077768432e-08,-1.1904236817584118e-06,-2.5127469611408562e-05,-0.0004766887512298471
651,0.09430366047086036,0.04870282631831179,0.049999999296950454,-1.2272394469947102e-06,-3.5949704554379317e-06,-0.00015379486451381412,-0.00041861613863147795,-2.7436163563265836e-08,-1.1747415965361198e-06,-2.45535273313541e-05,-0.0004767617516546378
652,0.09448690632772443,0.048673492796843534,0.04999999935059063,-1.2325182062966562e-06,-3.913625345110349e-06,-0.00015164561010966516,-0.0004221965209580958,-2.5779968382266816e-08,-1.1587341550668334e-06,-2.3987022557207434e-05,-0.0004768328949081852
653,0.09466478042476659,0.048644140783756264,0.0499999994026771,-1.238293636751806e-06,-4.2459972866857665e-06,-0.00014954169436259606,-0.0004256743413861841,-2.427116463366019e-08,-1.1424336623309228e-06,-2.342796210213878e-05,-0.0004769042070189201
654,0.09483732746889083,0.0486148895399004,0.04999999945309675,-1.2445716633148486e-06,-4.591558571012955e-06,-0.0001474826518796571,-0.00042906575254164636,-2.3105402036094347e-08,-1.1257915529849436e-06,-2.2876350458254786e-05,-0.00047697763826065343
655,0.09500458369026701,0.04858585548316783,0.04999999950173766,-1.2513335250615223e-06,-4.9494914476531045e-06,-0.00014546837325110886,-0.0004323464527260512,-2.1750844680923365e-08,-1.108853812654864e-06,-2.23321897567025e-05,-0.00047705508710725337
656,0.09516660865252036,0.04855716745732348,0.049999999548490486,-1.2585881665437149e-06,-5.31939521194933e-06,-0.00014349863447397955,-0.0004355210403446108,-2.0474374196055578e-08,-1.0916828099635843e-06,-2.1795483900463743e-05,-0.0004771384557592075
657,0.0953234547900193,0.048528943190974116,0.04999999959325424,-1.2663413759893657e-06,-5.700614723082852e-06,-0.00014157331491550834,-0.0004386077343951911,-1.930705195718474e-08,-1.0742994100383342e-06,-2.126623729770296e-05,-0.0004772296440207493
658,0.09547518628701732,0.048501286106451325,0.04999999963593637,-1.2746003828559727e-06,-6.092734597020048e-06,-0.0001396921044929702,-0.00044159239041619003,-1.8059608919429593e-08,-1.0567020706897892e-06,-2.074445286412202e-05,-0.00047733054917518724
659,0.09562186491880295,0.04847429335815158,0.04999999967645369,-1.2833650369686305e-06,-6.494836966280769e-06,-0.00013785450244198325,-0.00044449217966757715,-1.7092832038656525e-08,-1.0388916990548955e-06,-2.0230131273262593e-05,-0.00047744301953479764
660,0.09576354954588677,0.048448052746328074,0.04999999971473112,-1.2926317449424024e-06,-6.906108027626426e-06,-0.00013606012410076308,-0.0004472938890103251,-1.6109563460986465e-08,-1.0208719420521937e-06,-1.972327099904952e-05,-0.00047756886234398815
661,0.09590030884836398,0.04842265888089683,0.049999999750702774,-1.3024027481261052e-06,-7.325750436274083e-06,-0.00013430847869165603,-0.0004499908536672592,-1.5180724233232468e-08,-1.002649239441651e-06,-1.9223868574100073e-05,-0.00047770984096410477
662,0.09603220916680666,0.04839819776997528,0.049999999784312965,-1.3126756911528608e-06,-7.752837186625213e-06,-0.00013259922063539188,-0.0004525933472905308,-1.4304268880493964e-08,-9.84234602169987e-07,-1.8731918750933805e-05,-0.00047786767914139876
663,0.09615932537612211,0.04837474841799994,0.04999999981551733,-1.3234567102729991e-06,-8.1865289266195e-06,-0.00013093195788554325,-0.00045509921619668603,-1.3518163477499456e-08,-9.656398085038462e-07,-1.8247414941615776e-05,-0.0004780440791411157
664,0.09628173619460226,0.04835238045295599,0.04999999984428399,-1.3347509241960036e-06,-8.625956630858524e-06,-0.00012930625711648027,-0.0004575133789330721,-1.269482119425902e-08,-9.468748877678577e-07,-1.7770348952451537e-05,-0.0004782407046780505
665,0.09639951571901995,0.04833116300691903,0.0499999998705915,-1.346558283131909e-06,-9.070144695390638e-06,-0.00012772166621764132,-0.00045983243035152555,-1.2013147809852853e-08,-9.279526796685034e-07,-1.7300710673135273e-05,-0.0004784591779881678
666,0.0965127427180757,0.04831115729475627,0.0499999998944278,-1.3588818394530958e-06,-9.51820407717444e-06,-0.00012617772443805603,-0.00046206367551349103,-1.1335923311150964e-08,-9.089082554253065e-07,-1.6838489264557115e-05,-0.0004787010807462214
667,0.09662149949331818,0.0482924159637209,0.04999999991579007,-1.3717256475003096e-06,-9.969188781949604e-06,-0.00012467418059308627,-0.0004642043204512447,-1.06682804812408e-08,-8.897966150301647e-07,-1.6383674571090236e-05,-0.00047896794569187616
668,0.096725868479327,0.04827498061757143,0.049999999934684465,-1.3851014907594658e-06,-1.0422170985802119e-05,-0.0001232104160868615,-0.000466273253550753,-1.0055203780723332e-08,-8.705341457257584e-07,-1.5936252842949073e-05,-0.00047926127561169235
669,0.09682593719381988,0.04825888342562946,0.04999999995112498,-1.3989995970065236e-06,-1.0876214057140976e-05,-0.00012178606703933941,-0.00046825059689581394,-9.539085965570848e-09,-8.512207251214191e-07,-1.5496207986128925e-05,-0.0004795825150446567
670,0.09692178927705532,0.04824416007400151,0.04999999996513202,-1.4134328061719078e-06,-1.1330269391762405e-05,-0.00012040024681688415,-0.0004701532598119229,-9.007043999531561e-09,-8.316827433330996e-07,-1.5063518906204473e-05,-0.00047993301595793646
671,0.09701350927475001,0.04823083524285135,0.049999999976730464,-1.4283652808262495e-06,-1.1782928886450607e-05,-0.00011907558659914608,-0.0004719580465462059,-8.621464431257664e-09,-8.120806430625557e-07,-1.4638160558571414e-05,-0.0004803140599625673
672,0.0971021425157632,0.0482251824202015,0.04999999998595008,-1.444032466962165e-06,-1.2240324519536631e-05,-0.00011787698876718424,-0.00047365782666020095,-7.998520956675748e-09,-7.970779456411482e-07,-1.4220832787424805e-05,-0.0004807247159249113
673,0.09719185124751013,0.048250687079115805,0.04999999999312882,-1.4610197197434126e-06,-1.2724624158143886e-05,-0.00011668742043145075,-0.00047523053945042193,-6.858495549266763e-09,-7.790231321902761e-07,-1.3811796185996077e-05,-0.00048116510377753613
674,0.09727804229806399,0.04827440910825602,0.049999999997933316,-1.4778657565230824e-06,-1.3193328974039557e-05,-0.00011548763282035108,-0.0004770508094225079,-6.69903910122116e-09,-7.647916578188704e-07,-1.3410970202098328e-05,-0.00048163561331770067
675,0.09736091609460788,0.048296691661178455,0.04999999999994855,-1.492934419948829e-06,-1.3634249015781586e-05,-0.00011432698528462506,-0.00047683969023637474,-3.8520436618227905e-08,-7.425452004848854e-07,-1.3018263906478711e-05,-0.0004821361379293411
676,0.09744034154083203,0.048318209122450495,0.04999999999901153,-1.5106669014001694e-06,-1.4068785845659176e-05,-0.00011320268695888959,-0.0004794036503881216,-1.6207652109301307e-08,-7.200359620010487e-07,-1.263352904467389e-05,-0.0004826711574599959
677,0.0975166853181754,0.04833826355918803,0.049999999995090035,-1.5289563454841605e-06,-1.4535970629558696e-05,-0.00011211415715968359,-0.00048071271157823503,-2.8126718731869005e-08,-6.973858770639012e-07,-1.2256695793307806e-05,-0.00048325049016674005
678,0.0975900364815992,0.048356662364093486,0.049999999988235934,-1.5483095454903712e-06,-1.5023131966815427e-05,-0.00011103905938215821,-0.00048326971591450274,-3.887228317012159e-08,-6.744115222623001e-07,-1.1887694903784085e-05,-0.00048387539036969397
679,0.0976598526870355,0.048373092815336784,0.04999999997857771,-1.5674102499441413e-06,-1.546310675731063e-05,-0.0001099923556518013,-0.000484708696603775,-5.6215392341130155e-09,-6.51335876961894e-07,-1.1526450892578988e-05,-0.0004845415985420328
680,0.09772658568043865,0.0483885219960802,0.049999999966317064,-1.5870869381975762e-06,-1.5896625109531143e-05,-0.00010897570894454714,-0.0004860316985286772,-5.212695608491913e-09,-6.281695459286623e-07,-1.1172900633293578e-05,-0.00048524996049838665
681,0.09779029685455465,0.048403162757611765,0.04999999995164775,-1.6073730401560998e-06,-1.6322101003033323e-05,-0.00010798952022026233,-0.00048729669651947916,-4.9847752592313554e-09,-6.050229712953237e-07,-1.08269788910598e-05,-0.0004860011071822398
682,0.09785105337234956,0.0484171544089321,0.04999999993475707,-1.6282643967146726e-06,-1.6739061905871502e-05,-0.00010703411278415363,-0.0004885363159701228,-5.049729523420865e-09,-5.819213917520086e-07,-1.0488618742282223e-05,-0.0004867955946392258
683,0.09790892581290814,0.04843059256301378,0.0499999999158103,-1.6498108419967178e-06,-1.7147531310112534e-05,-0.00010611003014930616,-0.000489715370349586,-4.849799228878737e-09,-5.58891482797936e-07,-1.0157750479733718e-05,-0.00048763387976443547
684,0.09796398325518722,0.048443602862427736,0.04999999989494293,-1.6720123580201668e-06,-1.7546619020834223e-05,-0.00010521762593618847,-0.000490828650072217,-4.539975062556323e-09,-5.359686013673839e-07,-9.83430141785122e-06,-0.0004885163225687117
685,0.09801629972407755,0.04845629765928139,0.049999999872260587,-1.6948795670177733e-06,-1.7936182814423328e-05,-0.00010435687069390261,-0.0004919121856801212,-4.3606314115152145e-09,-5.131880316129565e-07,-9.518196220011938e-06,-0.0004894432387830203
686,0.0980659479373757,0.048468762955301295,0.049999999847838095,-1.7184032600604764e-06,-1.8315403315260278e-05,-0.00010352761407889087,-0.0004929497954435647,-4.16522416557541e-09,-4.905845338070746e-07,-9.209356852090432e-06,-0.0004904148223462091
687,0.09811300113265513,0.04848107678126604,0.04999999982172246,-1.7425699072759784e-06,-1.868345111707803e-05,-0.00010272972563003201,-0.0004939473583362997,-4.01745747780069e-09,-4.681898782351186e-07,-8.907702722821232e-06,-0.0004914311697554424
688,0.0981575360018294,0.04849330875466478,0.049999999793934616,-1.7673684525094002e-06,-1.9039806672167186e-05,-0.000101963183744622,-0.0004949002177454531,-3.8128051826902265e-09,-4.4603152663777325e-07,-8.613150900885688e-06,-0.0004924922924073976
689,0.09819963108791926,0.04850551438481393,0.04999999976447082,-1.7927899524463592e-06,-1.9383676920689777e-05,-0.00010122754318476937,-0.000495821179356426,-3.661139613697628e-09,-4.2414109221864173e-07,-8.325616178351199e-06,-0.0004935981247125758
690,0.09823936232654462,0.04851775172207465,0.04999999973330689,-1.8188145216730862e-06,-1.9714674664213176e-05,-0.00010052250172766587,-0.0004967068089172244,-3.491714251069311e-09,-4.025479538795539e-07,-8.04501137234937e-06,-0.0004947485228643455
691,0.09827681017220857,0.04853006261971602,0.04999999970040387,-1.8454208178414035e-06,-2.003197875654293e-05,-9.984765382850755e-05,-0.0004975599586032331,-3.3597253867867494e-09,-3.812813302800476e-07,-7.77124754788092e-06,-0.0004959432603091669
692,0.09831205347885899,0.04854248809370355,0.049999999665710504,-1.8725915720620515e-06,-2.033522850472511e-05,-9.920267289618322e-05,-0.0004983812104910612,-3.232649703477364e-09,-3.603706223677417e-07,-7.504234162675676e-06,-0.0004971820389983227
693,0.09834517440731311,0.04855505505874558,0.04999999962916471,-1.9003099662539695e-06,-2.0623956260069273e-05,-9.858732905400918e-05,-0.0004991767928004265,-3.0944782292152695e-09,-3.3984118156625243e-07,-7.243879455545721e-06,-0.0004984644870410246
694,0.09837625645409281,0.04856778323134492,0.04999999959069483,-1.9285627845310987e-06,-2.0897719270876132e-05,-9.800113337252159e-05,-0.000499941234011203,-2.9936486622972325e-09,-3.1971627706781415e-07,-6.990090416718247e-06,-0.0004997901606694832
695,0.09840537936830056,0.04858069711156846,0.049999999550223495,-1.957328747549531e-06,-2.1156224575631036e-05,-9.744367722399606e-05,-0.0005006837309338152,-2.8807611851533466e-09,-3.000236443439918e-07,-6.742772827753182e-06,-0.0005011585563715826
696,0.09843262401858871,0.04859381809546706,0.04999999950766932,-1.9865943479068116e-06,-2.1399200593882277e-05,-9.691453762530932e-05,-0.0005013999179936945,-2.7868243268613924e-09,-2.8078770285312946e-07,-6.501831502923449e-06,-0.0005025690997852722
697,0.09845807154230327,0.04860715121408269,0.04999999946294845,-2.016336446043277e-06,-2.1626258517414506e-05,-9.641338056425085e-05,-0.0005020987591706216,-2.711840974001234e-09,-2.6203101781465327e-07,-6.267170438811699e-06,-0.0005040211405314224
698,0.09848180346511681,0.04862070473341073,0.0499999994159758,-2.0465440708626e-06,-2.1837275749956615e-05,-9.593998339071793e-05,-0.000502773211337626,-2.6295767785455837e-09,-2.4377309445854686e-07,-6.038692968265317e-06,-0.0005055139672459508
699,0.09850390097921798,0.04863447472755311,0.04999999936666164,-2.0772089801812504e-06,-2.203212551337087e-05,-9.549382535227862e-05,-0.0005034329369664192,-2.5547295390282443e-09,-2.2603982115317168e-07,-5.816301832830232e-06,-0.0005070468050699175
700,0.0985244428949448,0.04864846737111539,0.04999999931491517,-2.1083086497873677e-06,-2.2210573113415557e-05,-9.5074538940793e-05,-0.0005040743271820247,-2.5098461087225132e-09,-2.0884942380971992e-07,-5.599899228850018e-06,-0.0005086188080663384
701,0.09854350790548991,0.04866267966783343,0.04999999926064708,-2.1398294333876397e-06,-2.2372500312760956e-05,-9.468174518015438e-05,-0.0005047071608714759,-2.453216962905458e-09,-1.9222661298650326e-07,-5.389386916042426e-06,-0.0005102290666595197
702,0.09856117386571323,0.04867710732872241,0.049999999203769394,-2.171752556698948e-06,-2.2517944459365338e-05,-9.43151402769391e-05,-0.0005053220666013658,-2.4177204682729325e-09,-1.7618325967422745e-07,-5.184666344677217e-06,-0.0005118766173305206
703,0.0985775178500851,0.048691745021011965,0.049999999144193674,-2.2040728446997042e-06,-2.264693816104997e-05,-9.397447238522919e-05,-0.0005059308605268598,-2.385983632890998e-09,-1.6074477065163196e-07,-4.985638796645737e-06,-0.0005135604400980873
704,0.0985926164437299,0.04870657633959592,0.049999999081827284,-2.236778915303019e-06,-2.275948515089524e-05,-9.365930990539833e-05,-0.0005065297009423375,-2.326195902568884e-09,-1.459324877540873e-07,-4.7922054220528295e-06,-0.0005152794564242258
705,0.09860654345963572,0.04872159441893936,0.04999999901657826,-2.269848394173547e-06,-2.2855591487752102e-05,-9.336924322353751e-05,-0.0005071189953014255,-2.3659803005671165e-09,-1.3176479350016092e-07,-4.604267280001992e-06,-0.0005170325131884535
706,0.09861937315400493,0.04873678923219481,0.049999998948357965,-2.3032661786771604e-06,-2.293520522016715e-05,-9.310394859716563e-05,-0.0005076993838883936,-2.334053839092576e-09,-1.1825972972799954e-07,-4.421725530346274e-06,-0.0005188184028914764
707,0.09863117821995698,0.04875215459770451,0.04999999887707804,-2.337019763031421e-06,-2.2998628057592555e-05,-9.286313652399522e-05,-0.0005082744173705578,-2.333099935469818e-09,-1.0543422566516244e-07,-4.244481479441582e-06,-0.0005206358782690436
708,0.0986420295292002,0.04876767185254862,0.049999998802649936,-2.371096058654557e-06,-2.3045904437640003e-05,-9.264663443836089e-05,-0.0005088499165140092,-2.3272315186062542e-09,-9.330473431271835e-08,-4.072436641419733e-06,-0.0005224836375498015
709,0.09865199713702348,0.04878332513740163,0.04999999872498035,-2.405490089223095e-06,-2.3077203565109467e-05,-9.245362836677404e-05,-0.0005094230873510242,-2.339138660545359e-09,-8.193574834063699e-08,-3.9054927966117685e-06,-0.0005243603198111185
710,0.09866114859009639,0.04879910780791271,0.04999999864398046,-2.440145751676837e-06,-2.3092547910034927e-05,-9.228417416894406e-05,-0.0005099777481518686,-2.486330252793323e-09,-7.12674741568783e-08,-3.7435521223594814e-06,-0.0005262644964247308
711,0.09866955412683157,0.048815015278183174,0.04999999855956239,-2.4750997972576084e-06,-2.3092220588290867e-05,-9.213814387338134e-05,-0.0005105469026602805,-2.3880628585715158e-09,-6.131816984901643e-08,-3.5865171237273326e-06,-0.0005281947505924822
712,0.09867727412064854,0.048831028732911855,0.04999999847163111,-2.510340245310877e-06,-2.307715448009676e-05,-9.201538059118647e-05,-0.0005111059872433543,-2.2466302151968875e-09,-5.2112079065944115e-08,-3.434290693473332e-06,-0.0005301497260102001
713,0.09868437126062263,0.04884711713230136,0.04999999838009027,-2.545855707911193e-06,-2.3047700027966923e-05,-9.191541054756355e-05,-0.0005116800894029438,-2.399000109676308e-09,-4.368328368892822e-08,-3.286776370016417e-06,-0.0005321279829636556
714,0.09869091100157817,0.04886326251426018,0.04999999828484311,-2.581611832033632e-06,-2.300335554796122e-05,-9.183761613861861e-05,-0.0005122650763951242,-2.5116280166770366e-09,-3.604056019081615e-08,-3.1438781707520576e-06,-0.0005341279358683646
715,0.09869695312023856,0.04887946217975205,0.04999999818579812,-2.617586721911612e-06,-2.2944197486056157e-05,-9.178192983602561e-05,-0.0005128408665768802,-2.522709818819635e-09,-2.919758899102485e-08,-3.005500763703027e-06,-0.0005361479601560389
716,0.09870255803182752,0.04889570182347968,0.04999999808286597,-2.6537700883787646e-06,-2.287075320607765e-05,-9.174807598091533e-05,-0.000513425562530756,-2.5484832022470982e-09,-2.3165551322131616e-08,-2.8715495981330283e-06,-0.0005381864346584704
717,0.09870778130374018,0.04891197191863916,0.049999997975955994,-2.6901488453682238e-06,-2.2783486092333677e-05,-9.173579558481652e-05,-0.0005140159046277404,-2.5981916618178502e-09,-1.7955709774742466e-08,-2.741930868086163e-06,-0.0005402417346929388
718,0.09871267914556112,0.048928256143699174,0.049999997864975276,-2.7267128562077036e-06,-2.268284871819345e-05,-9.174495292265777e-05,-0.0005146108451299369,-2.6300164268633353e-09,-1.3577936496640593e-08,-2.616551648208361e-06,-0.0005423122176326766
719,0.09871730554007575,0.04894453660643328,0.04999999774982572,-2.7634525433845943e-06,-2.2569169379829342e-05,-9.177507648754969e-05,-0.0005152006051503122,-2.6864588331676487e-09,-1.004145179590641e-08,-2.495319850109432e-06,-0.0005443962177304847
720,0.0987217127825979,0.04896081207679003,0.04999999763041144,-2.8003439137385336e-06,-2.244271482259577e-05,-9.182602594013598e-05,-0.0005158103303983808,-2.7298063809411133e-09,-7.360788480518866e-09,-2.3781442229761837e-06,-0.0005464920481541869
721,0.09872595070228407,0.048977060697655755,0.04999999750664111,-2.837372113198135e-06,-2.2303935740100226e-05,-9.189753848946457e-05,-0.0005164253525435925,-2.7995721296747433e-09,-5.532538435606765e-09,-2.264934438778095e-06,-0.0005485980192646526
722,0.09873006756513619,0.048993279373321104,0.049999997378420424,-2.8745322188086343e-06,-2.2153412542815873e-05,-9.198939968764553e-05,-0.000517048581968993,-2.8554725250984347e-09,-4.571851051970076e-09,-2.155601142353552e-06,-0.0005507124308409692
723,0.09873411054492437,0.0490094501410995,0.04999999724565573,-2.9118015308050096e-06,-2.1991335871885676e-05,-9.210147973254512e-05,-0.0005176850827410817,-2.8899247439539977e-09,-4.48508354784846e-09,-2.0500560237678725e-06,-0.0005528335674625729
724,0.0987381245622588,0.04902556349033346,0.04999999710825071,-2.9491747029286683e-06,-2.181823527922211e-05,-9.223330273812959e-05,-0.0005183242610655725,-2.9742464047188832e-09,-5.280669839462266e-09,-1.948211809292543e-06,-0.0005549597003698805
725,0.09874215366752169,0.049041613892655156,0.04999999696611174,-2.986622612544254e-06,-2.163436304415155e-05,-9.23847574736353e-05,-0.0005189781659282744,-3.028268524829514e-09,-6.964350360151181e-09,-1.849982266594947e-06,-0.0005570890915204714
726,0.09874623877615073,0.04905758949151731,0.04999999681915127,-3.0241358976201197e-06,-2.1440308404388946e-05,-9.255560729369555e-05,-0.0005196400452405214,-3.0890763280666533e-09,-9.540555644423195e-09,-1.7552822819221905e-06,-0.0005592200027304451
727,0.098750419866744,0.04907348140042334,0.0499999966672818,-3.0616967252923557e-06,-2.1236332041829854e-05,-9.274565177409694e-05,-0.0005203128675930202,-3.155310013269741e-09,-1.3013765671914538e-08,-1.664027860422241e-06,-0.0005613506950649708
728,0.09875473402565912,0.049089279966966555,0.049999996510415486,-3.099295323893274e-06,-2.102297267354367e-05,-9.295476507765446e-05,-0.0005210048402659595,-3.2188249843301264e-09,-1.7388946518333167e-08,-1.576136185209721e-06,-0.0005634794317982564
729,0.0987592179667167,0.049104975404192154,0.04999999634846228,-3.1369165169692117e-06,-2.080060065833769e-05,-9.318252258431643e-05,-0.0005216982099227607,-3.2853326725756915e-09,-2.2669113257830234e-08,-1.4915256125557199e-06,-0.0005656044766848917
730,0.09876390584197536,0.04912056758865675,0.049999996181338456,-3.174537782192169e-06,-2.0569610521166427e-05,-9.342894778976266e-05,-0.0005224064225330949,-3.3370810559318898e-09,-2.8827266289485136e-08,-1.4101156644829802e-06,-0.0005677241132951947
731,0.09876882945742943,0.04913604467623646,0.049999996008961906,-3.212166663858957e-06,-2.0330695330491044e-05,-9.369366226596399e-05,-0.0005231255781836808,-3.3351914563439777e-09,-3.5933765810507435e-08,-1.3318270583436415e-06,-0.0005698366418224774
732,0.0987740179757303,0.04915139861099541,0.049999995831257776,-3.2497441091411117e-06,-2.008401322708866e-05,-9.39764262961954e-05,-0.0005238577723503113,-3.5273231002719285e-09,-4.394922448044169e-08,-1.256581742187368e-06,-0.0005719403326452181
733,0.09877950322671866,0.049166627491089486,0.049999995648157165,-3.2872779651633184e-06,-1.982981045864959e-05,-9.427719858507446e-05,-0.0005246051005087793,-3.578519924829493e-09,-5.2876012183610664e-08,-1.184302971351264e-06,-0.0005740334335696664
734,0.09878531241778218,0.049181724681496036,0.04999999545958625,-3.3247552903262086e-06,-1.9568688288036523e-05,-9.459577119541971e-05,-0.0005253585986793041,-3.522944158618202e-09,-6.270075822639582e-08,-1.1149152440677696e-06,-0.0005761142745365714
735,0.09879146656836962,0.04919668696287364,0.04999999526547399,-3.362171123069249e-06,-1.93014896788017e-05,-9.493186892512828e-05,-0.0005261217593215406,-3.628590095061668e-09,-7.345615555603934e-08,-1.0483442911633302e-06,-0.0005781812320346466
736,0.09879799048438857,0.049211505583515926,0.049999995065756406,-3.3994898384275484e-06,-1.902823123150715e-05,-9.528534645392544e-05,-0.0005269052926450968,-3.7173994993366932e-09,-8.512240723696023e-08,-9.845170976473235e-07,-0.0005802326405786114
737,0.09880490610550259,0.049226181311387424,0.049999994860377144,-3.4367016266710037e-06,-1.8749294069504177e-05,-9.565600945435559e-05,-0.000527702271938324,-3.7814809061842425e-09,-9.769946376755502e-08,-9.233619266222712e-07,-0.0005822668342380295
738,0.09881223365174828,0.04924070752494317,0.04999999464928619,-3.473790523866391e-06,-1.846510623810843e-05,-9.604385109724975e-05,-0.0005284991930238903,-3.792281155767796e-09,-1.1118482955834754e-07,-8.648084092830629e-07,-0.0005842822016810242
739,0.09881998947506183,0.04925507915263383,0.049999994432428786,-3.5107568902152277e-06,-1.817633884704952e-05,-9.644856817555556e-05,-0.0005293134017847478,-3.85692588977804e-09,-1.2554922283343004e-07,-8.08787472392872e-07,-0.0005862771832067282
740,0.0988281901745976,0.04926929902533106,0.04999999420975329,-3.547586526474362e-06,-1.7883311474115866e-05,-9.686991207980763e-05,-0.0005301418714225292,-3.877330900792231e-09,-1.408602505759224e-07,-7.55231260383286e-07,-0.0005882502142084201
741,0.09883684911193402,0.049283355405623015,0.04999999398122676,-3.5842281793167443e-06,-1.7586217958268513e-05,-9.730769560763541e-05,-0.0005309767439030111,-4.032967737543913e-09,-1.5706846022218764e-07,-7.040732300557291e-07,-0.0005901997148525491
742,0.09884598139255646,0.04929725492076126,0.04999999374682226,-3.6206887944688684e-06,-1.7285366970574877e-05,-9.776181004614918e-05,-0.000531835132278502,-4.0771070963785405e-09,-1.7417070456602446e-07,-6.552481663920907e-07,-0.000592124111691491
743,0.09885559776306461,0.04931099498142331,0.04999999350651494,-3.6569541635400785e-06,-1.6981278420344548e-05,-9.823234295726514e-05,-0.0005326853133738041,-3.994352848479821e-09,-1.92172202130078e-07,-6.086921775062307e-07,-0.0005940219159697752
744,0.0988657033814553,0.04932456837270915,0.04999999326027804,-3.693020549438763e-06,-1.6674570874758347e-05,-9.871899049604509e-05,-0.0005335547612048686,-4.097437944494686e-09,-2.1103138243183583e-07,-5.643426708432787e-07,-0.0005958916967877636
745,0.09887630843209769,0.04933797852579189,0.04999999300809273,-3.728875435175712e-06,-1.63655029075226e-05,-9.92215620423492e-05,-0.0005344393430277705,-4.115302321139325e-09,-2.3079839134350348e-07,-5.221382932926065e-07,-0.0005977320186090956
746,0.09888741644194614,0.04935121870087076,0.0499999927499569,-3.764482349281114e-06,-1.605434536112516e-05,-9.973988803325024e-05,-0.0005353306769393384,-4.2108898590242916e-09,-2.514437592580955e-07,-4.82018976563355e-07,-0.000599541464539387
747,0.0988990328063874,0.04936428995196503,0.04999999248587367,-3.7998368384321575e-06,-1.5741372305806858e-05,-0.00010027380998607987,-0.0005362375522963703,-4.3015133677215545e-09,-2.729552738737937e-07,-4.439259711396179e-07,-0.0006013186156314569
748,0.09891116166257091,0.049377194157534866,0.04999999221585235,-3.834925841541477e-06,-1.5426910924974778e-05,-0.00010082338017811149,-0.0005371437291614711,-4.228811523177001e-09,-2.953434671112836e-07,-4.0780182724828616e-07,-0.0006030620998178799
749,0.09892380063784395,0.049389923926610985,0.04999999193990443,-3.869738582022643e-06,-1.5111471601520766e-05,-0.00010138829533640946,-0.0005380577058531344,-4.2947601031073646e-09,-3.185922493647099e-07,-3.735903538836285e-07,-0.0006047705998186901
750,0.09893695023003225,0.04940248598974608,0.04999999165805519,-3.904251526167832e-06,-1.4795256986392932e-05,-0.00010196845316762682,-0.0005389875150285661,-4.363033045962084e-09,-3.4269528835264435e-07,-3.4123659740908313e-07,-0.0006064428028690044
751,0.09895060778836968,0.04941487715427264,0.04999999137034256,-3.93845782028166e-06,-1.4478628097420299e-05,-0.00010256391497647681,-0.0005399208166636527,-4.362110228584015e-09,-3.676462351764957e-07,-3.106868851808437e-07,-0.0006080774378692193
752,0.09896476828136207,0.04942709506812817,0.04999999107680287,-3.972348741238212e-06,-1.4161941494489992e-05,-0.00010317429847130069,-0.0005408620927482843,-4.392422425780751e-09,-3.9343710496820444e-07,-2.8188878498559475e-07,-0.000609673276083632
753,0.09897942668891248,0.04943914415117521,0.04999999077748614,-4.005901840573979e-06,-1.3845454618250787e-05,-0.0001037998317703702,-0.0005418152431957424,-4.435595890583954e-09,-4.200618357048201e-07,-2.5479109800546334e-07,-0.000611229113404916
754,0.09899457489048552,0.04945101689871944,0.049999990472445535,-4.039118256265427e-06,-1.352948127255703e-05,-0.00010443994534124878,-0.0005427732830867171,-4.451833568452912e-09,-4.475108619728955e-07,-2.2934384833794084e-07,-0.0006127437745293345
755,0.09901020558955184,0.04946272367568255,0.049999990161745035,-4.071968397905762e-06,-1.3214325407498608e-05,-0.0001050949214536309,-0.0005437266663648188,-4.462374469937913e-09,-4.7577948535054165e-07,-2.0549827141316992e-07,-0.0006142161253346251
756,0.09902630713065677,0.04947425798087412,0.04999998984546171,-4.1044526740067275e-06,-1.2900288858989291e-05,-0.00010576451590135755,-0.0005446947761811316,-4.501960582103948e-09,-5.048550805458852e-07,-1.8320680773983767e-07,-0.0006156450648029325
757,0.09904286807654908,0.049485623041969504,0.04999998952367565,-4.136553009036869e-06,-1.2587582332128041e-05,-0.00010644863305693498,-0.000545672548469156,-4.5092085620979105e-09,-5.347310824830555e-07,-1.6242307177280906e-07,-0.000617029521044186
758,0.09905987534614359,0.04949681860094624,0.04999998919648025,-4.168259287209464e-06,-1.2276527444631938e-05,-0.00010714725199834363,-0.0005466469447128475,-4.55606574689682e-09,-5.653990876274644e-07,-1.4310187582514133e-07,-0.0006183684545861989
759,0.09907731477511282,0.04950784270143797,0.04999998886397211,-4.199562020943467e-06,-1.196727775595787e-05,-0.00010786015298838264,-0.0005476273945532739,-4.536388598097574e-09,-5.968499674928131e-07,-1.251991916480348e-07,-0.0006196608579334632
760,0.09909517052952799,0.049518700705282956,0.049999988526262584,-4.230441651206205e-06,-1.1660132430588666e-05,-0.0001085872768967829,-0.0005486116278916597,-4.578641021879548e-09,-6.290748632598409e-07,-1.0867212745486178e-07,-0.0006209057618763122
761,0.09911342504879234,0.049529390339952024,0.04999998818347326,-4.260894284855415e-06,-1.1355376760092588e-05,-0.00010932874194627348,-0.0005495971417985857,-4.557878519051428e-09,-6.620668847894392e-07,-9.347892491031724e-08,-0.0006221022333307273
762,0.09913205880124915,0.049539910492736386,0.04999998783572754,-4.290908748668544e-06,-1.1053260584907721e-05,-0.00011008416095226856,-0.0005505868466570973,-4.602246583829128e-09,-6.958125782524822e-07,-7.957894021749868e-08,-0.0006232493693213093
763,0.09915105341952864,0.04955026829627196,0.04999998748316863,-4.320464778335617e-06,-1.0753906782911733e-05,-0.00011085382007403311,-0.0005515748052857816,-4.6024499766872395e-09,-7.303060326700213e-07,-6.693264124175968e-08,-0.0006243462987097127
764,0.0991703863427163,0.04956045625938809,0.04999998712593709,-4.349571056855763e-06,-1.0457596555858882e-05,-0.00011163718214365641,-0.0005525695160031319,-4.6110066875826305e-09,-7.655351393299376e-07,-5.550157918721626e-08,-0.0006253921893208128
765,0.09919003654768838,0.049570484630520224,0.049999986764184184,-4.3781960018528665e-06,-1.0164543260891113e-05,-0.00011243650812761376,-0.0005535621894523501,-4.6130059772053755e-09,-8.009110188469836e-07,-4.524844378374569e-08,-0.000626386397377159
766,0.09920998070045427,0.0495803418243472,0.04999998639801088,-4.406643311910941e-06,-9.875945908103692e-06,-0.00011325694959494243,-0.0005546023021452129,-4.141160747650474e-09,-8.354110965531402e-07,-3.613710092988636e-08,-0.0006273290711065378
767,0.09923017517025035,0.04958996323398032,0.04999998602731434,-4.435552955116973e-06,-9.59445875243555e-06,-0.00011412054087223678,-0.0005558310076594353,-5.377640999171263e-09,-8.670968297567662e-07,-2.813286695482803e-08,-0.0006282230773577762
768,0.09925055903580621,0.04959911379308031,0.04999998565119386,-4.467959514163426e-06,-9.329207857207163e-06,-0.00011500416609489164,-0.000557941326405853,-4.051720026154726e-08,-9.044907724199343e-07,-2.1200737993434477e-08,-0.0006290728748421463
769,0.09927088269605273,0.04960720601792714,0.049999985269749976,-4.498254450504171e-06,-9.063847480268638e-06,-0.00011587954042630255,-0.0005601832526735961,-3.4689332295556596e-08,-9.434547178019332e-07,-1.5306031460858128e-08,-0.0006298751621709862
770,0.0992915218843152,0.049614631354822,0.04999998488484806,-4.525265190145019e-06,-8.775581490438454e-06,-0.00011674598255146472,-0.0005631878157146275,-6.888290471351866e-08,-9.834596349351173e-07,-1.0416529814154321e-08,-0.0006306156718902926
771,0.09931273275812016,0.04962222313216231,0.04999998449864306,-4.550252809044398e-06,-8.478667300347545e-06,-0.00011763483824141217,-0.0005639691953547299,-3.0627476110822727e-09,-1.0251906080869405e-06,-6.501647752849429e-09,-0.0006312869334601641
772,0.09933397395222046,0.04962983986379281,0.04999998411206102,-4.575514679534708e-06,-8.197128792314088e-06,-0.00011855825901193923,-0.0005646697245538235,-7.473897944976216e-09,-1.0718316393166035e-06,-3.531911671683425e-09,-0.0006318945496760472
773,0.09935515506215988,0.049637134142858017,0.04999998372424841,-4.6025987611087e-06,-7.92972735997852e-06,-0.00011956982784202684,-0.0005666662473231554,-1.9140884432999883e-08,-1.162748904878807e-06,-1.4788017638671429e-09,-0.000632448538978216
774,0.0993763178874686,0.04964361021746567,0.04999998333225673,-4.639562444620958e-06,-7.692576985837264e-06,-0.00012055555561690103,-0.0005712246056646109,-2.9216624852779205e-07,-1.2655194712890187e-06,-3.1353528356642985e-10,-0.0006329583656396017
775,0.09939723176118051,0.0496469234851882,0.04999998293473738,-4.672651520261264e-06,-7.446574711215818e-06,-0.00012214966764706637,-0.0005050172912888229,-2.3487849830416963e-05,-1.3755312767339796e-06,-7.997815050064441e-12,-0.0006332773070528186
776,0.09942250588754353,0.04967363045826194,0.0499999826212798,-4.624886229525119e-06,-6.510918500937793e-06,-0.00012383614732069587,-0.000499432033393532,-9.758582564245444e-06,-1.480597962258804e-06,-5.35674335916659e-10,-0.000633212274258013
777,0.09944972379265149,0.04972264424721981,0.04999998252616159,-4.537381910906173e-06,-5.3823523078866675e-06,-0.00012560758915374043,-0.0005208324291743338,-9.826304449234158e-06,-1.5733445074800996e-06,-1.8666890603778994e-09,-0.0006327662006578602
778,0.09947563821267813,0.04976108462341517,0.04999998271184427,-4.4360535639686575e-06,-4.218348186788321e-06,-0.00012733882275870723,-0.0005207025678828359,-6.0730172002365634e-09,-1.6569751019324841e-06,-3.966938230963201e-09,-0.0006319828600346305
779,0.0995015242382194,0.04979555063214161,0.04999998319397934,-4.3301779624698e-06,-3.3647962155029803e-06,-0.00012903511445730418,-0.0005203324253670871,-1.3123811370974181e-08,-1.7327130570038665e-06,-6.802988248690846e-09,-0.0006308554581857025
780,0.09952735563374471,0.04982613796781044,0.04999998396356442,-4.219870757160389e-06,-2.8242615146404045e-06,-0.00013070757836513105,-0.0005190319498069584,-1.0071302014580397e-08,-1.8021525160419495e-06,-1.034120434710152e-08,-0.0006293791330321831
781,0.09955297089323695,0.049853431311054214,0.04999998500299951,-4.105834388121124e-06,-2.5915427652132093e-06,-0.00013235711377225726,-0.0005185595946386456,-1.2730183129860961e-08,-1.8667179515979145e-06,-1.4547773016173706e-08,-0.0006275550313648732
782,0.09957818580815153,0.04987779642820182,0.049999986285124996,-3.989034777400315e-06,-2.6562670004798476e-06,-0.00013398780580881306,-0.0005174702382646501,-1.5472037873109912e-08,-1.927616399559678e-06,-1.938875867701603e-08,-0.0006253887477909704
783,0.09960291355747142,0.049899420665529576,0.049999987773227256,-3.870005594914204e-06,-3.0091001463822994e-06,-0.00013560164082824133,-0.0005163744790479541,-1.620770362364965e-08,-1.9857908664215677e-06,-2.4829918052749253e-08,-0.0006228873995990915
784,0.0996270843516251,0.04991848330915444,0.049999989421599,-3.74904298201125e-06,-3.6399674811543683e-06,-0.00013720052310266313,-0.0005152251687832177,-1.691359408084736e-08,-2.0419726531781546e-06,-3.083668862675261e-08,-0.0006200590157578682
785,0.09965063150937892,0.04993515210394099,0.04999999117577574,-3.6264017176693003e-06,-4.539083774314879e-06,-0.00013878596549475602,-0.0005140441935509443,-1.7617230341215873e-08,-2.0967127789503504e-06,-3.737418566058851e-08,-0.000616912425550556
786,0.09967348879130289,0.049949580511898,0.04999999297254346,-3.502327185144098e-06,-5.696721189485085e-06,-0.00014035922684806188,-0.0005128563498146832,-1.8298981885322974e-08,-2.15042319769762e-06,-4.440722589894461e-08,-0.000613457247512457
787,0.09969559026068903,0.04996191337424504,0.049999994739910854,-3.377058766200309e-06,-7.103202023263341e-06,-0.00014192139541699893,-0.0005116661777719855,-1.8927840628180093e-08,-2.203410749660349e-06,-5.190036723114984e-08,-0.0006097038556531475
788,0.09971687138232915,0.04997228536071547,0.04999999639707554,-3.250826595171107e-06,-8.749092379383367e-06,-0.00014347349790572688,-0.0005104818847030401,-1.956573747463608e-08,-2.2559022157154853e-06,-5.981795063033815e-08,-0.0006056633242548947
789,0.09973726892430648,0.04998082269515075,0.04999999785437595,-3.1238534033980546e-06,-1.0625259887918476e-05,-0.0001450164136241644,-0.0005093017825856805,-2.0179731663461098e-08,-2.308065142314832e-06,-6.812414120814467e-08,-0.0006013473831955508
790,0.09975672121366842,0.049987644976868445,0.049999999013217465,-2.996360908687909e-06,-1.2722890204266213e-05,-0.0001465511406486072,-0.0005081223789602518,-2.0786965038155358e-08,-2.3600258543566553e-06,-7.678297706745028e-08,-0.0005967683794996686
791,0.09977516726408432,0.04999286374621428,0.049999999765976855,-2.8685706525073107e-06,-1.5033407700999693e-05,-0.00014807892063867386,-0.00050696189282462,-2.140245491943915e-08,-2.413079438425596e-06,-8.57598793744197e-08,-0.000591939291409407
792,0.09979254199038579,0.049996583398284514,0.049999999995886064,-2.7407186804425585e-06,-1.754854739273454e-05,-0.00014960048299389117,-0.0005058124661445618,-2.1941309213957538e-08,-2.4670871540822014e-06,-9.502080717619409e-08,-0.0005868736539000593
793,0.09980878695442942,0.04999890669810968,0.04999999957692896,-2.613024279742053e-06,-2.026055513466812e-05,-0.00015111655781740736,-0.0005046759615652263,-2.254522080136212e-08,-2.5218636580894594e-06,-1.0453268400805477e-07,-0.0005815855307272184
794,0.09982384726758933,0.049999931103673574,0.04999999837370018,-2.485696819856806e-06,-2.316214947849849e-05,-0.00015262784719811143,-0.0005035561043769121,-2.3126338177803518e-08,-2.5772403850988173e-06,-1.1426188746494625e-07,-0.0005760894296092378
795,0.09983766957597638,0.04999974859666262,0.04999999624120463,-2.358949129865093e-06,-2.6246514635478268e-05,-0.00015413503318835776,-0.0005024547572247684,-2.3585126740499618e-08,-2.63309335668105e-06,-1.2417469108165366e-07,-0.0005704002859791564
796,0.0998502021557975,0.049998446469584366,0.04999999302463497,-2.232998179204394e-06,-2.9507256912583584e-05,-0.00015563884924381719,-0.0005013746558688581,-2.4144737764686397e-08,-2.6893333332672257e-06,-1.3423733477343103e-07,-0.0005645334445443078
797,0.09986139460648036,0.04999610761206829,0.04999998855913554,-2.108066021441985e-06,-3.2938343528194717e-05,-0.0001571400184866539,-0.0005003124824725091,-2.4626862327181698e-08,-2.745895794609861e-06,-1.444160912583843e-07,-0.0005585046421967806
798,0.09987119836585316,0.049992810980057006,0.04999998266954965,-1.9843760239843e-06,-3.653416073995284e-05,-0.00015863932114491765,-0.0004992808098904788,-2.507948160257456e-08,-2.802735714743498e-06,-1.5467733201846954e-07,-0.0005523299799332125
799,0.09987956626238148,0.04998863237695922,0.049999975170145386,-1.8621533148065674e-06,-4.028969052438224e-05,-0.000160137580778009,-0.0004982646205462515,-2.557742462272472e-08,-2.8598235003360877e-06,-1.649875925518473e-07,-0.0005460258957401549
800,0.09988645293286669,0.049983644123331075,0.049999965864321344,-1.7416250327458893e-06,-4.420040777205741e-05,-0.0001616355556126687,-0.0004972898750565946,-2.5982856755035755e-08,-2.9171401032413094e-06,-1.7531363813916165e-07,-0.0005396091463749803
801,0.09989181424636873,0.04997791558569648,0.04999995454429684,-1.6230217523768546e-06,-4.826228146528229e-05,-0.0001631340606561407,-0.0004963329993188381,-2.6475030168171543e-08,-2.974672016781705e-06,-1.856225185098137e-07,-0.0005330968011138653
802,0.09989560797873252,0.049971513129229,0.04999994099079674,-1.5065789956378635e-06,-5.247167993997603e-05,-0.000164634025168872,-0.0004954070318490267,-2.7001865632314548e-08,-3.03241781473621e-06,-1.9588161878169137e-07,-0.0005265062366322116
803,0.09989779350042516,0.04996450071806538,0.04999992497270245,-1.3925312076097225e-06,-5.682532480097953e-05,-0.00016613625950923867,-0.0004945143009535968,-2.736802606762012e-08,-3.0903772814625593e-06,-2.0605872182619093e-07,-0.0005198551162906546
804,0.09989833174514108,0.04995694051621821,0.04999990624668348,-1.2811174728265536e-06,-6.132063806898198e-05,-0.0001678954349180234,-0.0004936624900437891,-2.783430730346481e-08,-2.956468112157953e-06,-2.163608946750154e-07,-0.0005134335173616224
805,0.0998978563525573,0.04996374099218317,0.04999988663999071,-1.5001231224955863e-06,-5.5347639215988894e-05,-0.0001695790246296276,-0.0005324565572664142,-1.3014726391702425e-05,-2.931679319012103e-06,-2.2705753438142502e-07,-0.0005075618651711378
806,0.09989641907260097,0.049970835627664884,0.04999986877095505,-1.7496933637156356e-06,-4.8221986419188225e-05,-0.00017106675765878488,-0.0005464200512506068,-8.989699381345417e-06,-2.952526894158821e-06,-2.381656845204949e-07,-0.0005022632978717808
807,0.09989459500642377,0.04998157519264253,0.049999853408819996,-2.015607320585341e-06,-4.1319020565038274e-05,-0.00017199440363987903,-0.0005091646453365684,-1.2951357348356396e-05,-2.9875159704616002e-06,-2.495991806295169e-07,-0.000497494500213652
808,0.09989313502177805,0.04999077687510285,0.04999984112611259,-2.3017085027896524e-06,-3.4685693534422455e-05,-0.0001729790795035037,-0.0005131091456860304,-1.7978580046928982e-07,-3.035889670903557e-06,-2.612797618235187e-07,-0.0004932036452077315
809,0.09989087440977788,0.04999633475862236,0.04999983220433063,-2.5781233211956063e-06,-2.9109544623469294e-05,-0.00017400236063483138,-0.0005177746061235666,-1.4784767188302794e-07,-3.089539015233122e-06,-2.731998220947412e-07,-0.0004893356504096798
810,0.09988773250962912,0.04999915141990639,0.049999826601502144,-2.841494654245082e-06,-2.4426079893359143e-05,-0.0001750528854490682,-0.0005229755770415068,-1.2901384138785943e-07,-3.1447537191592073e-06,-2.8535270014601683e-07,-0.0004858418589925702
811,0.09988362286486104,0.04999999797875623,0.049999824148533184,-3.088943675520226e-06,-2.050433120085543e-05,-0.0001761201741721675,-0.0005282326019369066,-1.1852203130047201e-07,-3.199752170795048e-06,-2.9773384259221724e-07,-0.00048267654160997835
812,0.09987845204743528,0.04999947327895215,0.049999824583577115,-3.318141182948613e-06,-1.724018764767031e-05,-0.00017719444044018566,-0.0005331900320015848,-1.0788802740080428e-07,-3.2537825443697996e-06,-3.1033943593121984e-07,-0.00047979720430693694
813,0.09987214015801876,0.049998036331986837,0.04999982758292021,-3.527611817180695e-06,-1.4524426218401471e-05,-0.00017827421716620797,-0.0005379453650675714,-8.478902202568861e-08,-3.3066446052294283e-06,-3.2316633160143625e-07,-0.00047716613294952395
814,0.09986461032292451,0.049996036914030484,0.04999983278798401,-3.7166831367683683e-06,-1.2263008108490953e-05,-0.00017935802257266407,-0.0005425105337053537,-6.691744403042321e-08,-3.3584043671962264e-06,-3.3621229693295405e-07,-0.00047475059628264795
815,0.0998557867313584,0.04999373752274802,0.049999839826919544,-3.885157865688468e-06,-1.0378638569548204e-05,-0.00018044569832426332,-0.0005468644085340202,-5.3549623402204816e-08,-3.409136392076757e-06,-3.494758774984879e-07,-0.00047252216705768286
816,0.09984559787249708,0.049991330667640554,0.04999984833099407,-4.03329119380201e-06,-8.807726647708415e-06,-0.00018153747138152835,-0.0005509986076503992,-4.320600055507384e-08,-3.4589774741267505e-06,-3.629562064226234e-07,-0.0004704560744328158
817,0.09983397593117521,0.04998895317227632,0.04999985794688466,-4.1616383644626985e-06,-7.498087089805606e-06,-0.00018263370210347385,-0.0005549107445403934,-3.4952673644284005e-08,-3.5080196913936794e-06,-3.7665292546385954e-07,-0.0004685307143445214
818,0.09982085687006345,0.04998669906678078,0.04999986834539657,-4.271014607614796e-06,-6.406217618975936e-06,-0.00018373520026567002,-0.0005586037877947092,-2.8924224793058784e-08,-3.556364814534946e-06,-3.905660489418682e-07,-0.00046672720997217805
819,0.0998061810941831,0.049984627810076517,0.049999879227277035,-4.36240673421487e-06,-5.49643046053857e-06,-0.0001848423566079198,-0.0005620913580060005,-2.406514276742655e-08,-3.6040844455227296e-06,-4.046959184639975e-07,-0.00046502902405292084
820,0.0997898913322858,0.04998277581822059,0.049999890326631886,-4.4369298702796945e-06,-4.73878930539487e-06,-0.00018595609778668427,-0.0005653780535794795,-2.0362772801263418e-08,-3.651237215451105e-06,-4.190431443842266e-07,-0.00046342165902806275
821,0.09977193531969887,0.049981160120460194,0.04999990141242489,-4.495780259956584e-06,-4.10849417199236e-06,-0.00018707747309086673,-0.0005684715579263866,-1.7346431846476662e-08,-3.697871571824459e-06,-4.33608509614384e-07,-0.0004618923806441324
822,0.09975226458939901,0.0499797838443028,0.049999912288494194,-4.5401952174457994e-06,-3.5847664150591735e-06,-0.00018820705209327118,-0.000571385258808732,-1.4998319031178653e-08,-3.7440224848621244e-06,-4.48392960269906e-07,-0.00046043000298982704
823,0.0997308323875576,0.049978642186758356,0.049999922792435925,-4.571415509418575e-06,-3.150291633232771e-06,-0.00018934593673132234,-0.0005741158383898437,-1.3099064055666076e-08,-3.789728963141866e-06,-4.633975409823191e-07,-0.0004590246798193129
824,0.09970759722913775,0.04997772213455251,0.0499999327937086,-4.5906706134318385e-06,-2.7905945225088087e-06,-0.00019049452307140155,-0.0005766902468167245,-1.1628957352627367e-08,-3.835008932325862e-06,-4.786233763298186e-07,-0.0004576677495723145
825,0.09968251779462028,0.049977009227550113,0.04999994219120166,-4.599156854442304e-06,-2.4935259182110536e-06,-0.000191653783365042,-0.0005790962604805827,-1.0369388903086474e-08,-3.879887030336585e-06,-4.940716671637496e-07,-0.00045635158017722676
826,0.09965555746392563,0.04997648492020407,0.04999995091046389,-4.598021356281989e-06,-2.249006614340807e-06,-0.00019282452423165258,-0.0005813580355606973,-9.41930267117641e-09,-3.9243877116504985e-06,-5.097436281841849e-07,-0.0004550694376755103
827,0.09962668187016019,0.04997612930739174,0.04999995890077846,-4.588354856045153e-06,-2.048580965880646e-06,-0.00019400704165146486,-0.0005834823823533952,-8.636897419478373e-09,-3.968530311479991e-06,-5.256405069914806e-07,-0.000453815391670058
828,0.09959585745299954,0.049975923936996486,0.04999996613219915,-4.571179774624861e-06,-1.885176091482774e-06,-0.00019520216296319814,-0.0005854656337760389,-7.99199995071831e-09,-4.012340617793154e-06,-5.417635584081103e-07,-0.00045258420124953924
829,0.09956305444165803,0.04997585026905524,0.049999972592654346,-4.547453857736855e-06,-1.7529823246270532e-06,-0.00019641000356024915,-0.0005873208865523338,-7.477519936571753e-09,-4.055837542294905e-06,-5.581140436139836e-07,-0.0004513712278940166
830,0.09952824259743243,0.049975891406280656,0.0499999782851741,-4.51805659475342e-06,-1.6471211583474635e-06,-0.00019763114077799005,-0.0005890502943657339,-7.005802160620078e-09,-4.099046616059004e-06,-5.746932435320594e-07,-0.00045017237394751617
831,0.09949139579103303,0.049976030766350654,0.049999983225303544,-4.483805598404016e-06,-1.563539421159575e-06,-0.00019886604373089858,-0.0005906683509238064,-6.718605227717944e-09,-4.141992083988801e-06,-5.915024191621354e-07,-0.0004489840047404527
832,0.09945248832099447,0.04997625345774104,0.04999998743872945,-4.445442038944461e-06,-1.4989906423972738e-06,-0.0002001147322156811,-0.0005921722622588277,-6.369958782670437e-09,-4.184705789804217e-06,-6.085428375320151e-07,-0.00044780289993623346
833,0.0994114959121363,0.049976546334274084,0.04999999095912352,-4.403639821107516e-06,-1.4506838610611803e-06,-0.0002013776943465893,-0.0005935754161328077,-6.1692588815276395e-09,-4.227190326747531e-06,-6.258157474611155e-07,-0.0004466262082747465
834,0.09936839612369563,0.049976897861507275,0.049999993826228294,-4.35902186209626e-06,-1.416430721045853e-06,-0.00020265486567562518,-0.0005948728648945689,-5.9385825146307525e-09,-4.26947908249987e-06,-6.433224025314274e-07,-0.00044545140989193303
835,0.09932316696248637,0.04997729819806327,0.04999999608415921,-4.312131668582542e-06,-1.394368058534906e-06,-0.00020394649694728862,-0.0005960869020782411,-5.800275815204259e-09,-4.3115784796589145e-06,-6.610640810633906e-07,-0.0004442762933979344
836,0.09927578871100852,0.04997773746571477,0.049999997779936405,-4.263474627595596e-06,-1.383011732173086e-06,-0.00020525265110300978,-0.0005972094368189573,-5.679510195477633e-09,-4.35356710182535e-06,-6.790420538470619e-07,-0.0004430988831779286
837,0.09922624232178145,0.04997820756246522,0.049999998962221584,-4.213462736046162e-06,-1.3813299335917023e-06,-0.00020657315243121084,-0.0005982483271509409,-5.531063163033423e-09,-4.395430408106656e-06,-6.972576158634893e-07,-0.00044191740391968834
838,0.09917450791689955,0.0499787025804837,0.04999999968025354,-4.162499169867517e-06,-1.3883791050463177e-06,-0.0002079082949516175,-0.0005992072401568294,-5.4099635882209895e-09,-4.437196605654455e-06,-7.157120514586763e-07,-0.00044073028070886047
839,0.0991205695485248,0.04997921715083775,0.04999999998296334,-4.110923795549777e-06,-1.4034716576320697e-06,-0.0002092578862797136,-0.0006000828579999506,-5.337666308946609e-09,-4.478886878986369e-06,-7.34406671760159e-07,-0.00043953614520468934
840,0.09906441139587545,0.04997974615248766,0.04999999991824762,-4.059039413445105e-06,-1.4259515136310327e-06,-0.00021062187695311841,-0.0006008978234604001,-5.270141212321278e-09,-4.520522138939576e-06,-7.533428200636799e-07,-0.0004383338025791937
841,0.09900601727198449,0.049980285556887875,0.04999999953238843,-4.007105849793254e-06,-1.455502894253008e-06,-0.0002120003920955948,-0.0006016385741531849,-5.201733266346764e-09,-4.562126460593685e-06,-7.725218316947698e-07,-0.00043712218378016526
842,0.09894537383967768,0.04998083155972014,0.04999999886960077,-3.955345983060332e-06,-1.4918404330855676e-06,-0.0002133930575792154,-0.0006023279274813831,-5.1551722890508245e-09,-4.6037192159578795e-06,-7.919450810824798e-07,-0.0004359003535594223
843,0.09888246593110053,0.049981381735313864,0.04999999797169519,-3.903949650160193e-06,-1.5347703079050391e-06,-0.00021480005357917467,-0.0006029420183040202,-5.066369102024737e-09,-4.645324991103261e-06,-8.116139621252401e-07,-0.00043466749653617754
844,0.09881728300500257,0.049981933877345855,0.049999996877835934,-3.853082190400234e-06,-1.584163127342786e-06,-0.00021622093382627568,-0.0006035148981027305,-5.039654027427787e-09,-4.686960562954525e-06,-8.315299143158449e-07,-0.0004334228977803805
845,0.09874981027146879,0.049982486503559936,0.04999999562438656,-3.8028719198570588e-06,-1.6399995786673748e-06,-0.00021765574181456624,-0.0006040235748514533,-4.9834807391846425e-09,-4.7286432830147845e-06,-8.516944338161991e-07,-0.0004321659347343318
846,0.09868003794280844,0.04998303790900502,0.04999999424482732,-3.7534322519340543e-06,-1.702259911512668e-06,-0.0002191043755879621,-0.0006044848705641925,-4.943412346136711e-09,-4.7703902664002164e-06,-8.7210900171419e-07,-0.0004308960757931793
847,0.09860795604414593,0.049983587192504925,0.04999999276972142,-3.7048588124683e-06,-1.770967929903357e-06,-0.000220566522236719,-0.0006049000076018274,-4.9028776594184365e-09,-4.8122156686754155e-06,-8.927751506545887e-07,-0.00042961287271719604
848,0.0985335538949466,0.04998413379916973,0.049999991226739884,-3.657218603631111e-06,-1.8461679691145444e-06,-0.0002220422345801622,-0.0006052661337889731,-4.871998804389932e-09,-4.85413511523804e-06,-9.136944300899334e-07,-0.000428315947834831
849,0.09845682392227477,0.049984676572097916,0.04999998964072762,-3.6105680254829623e-06,-1.9279563317885526e-06,-0.00022353108919732844,-0.0006055953563190997,-4.830074562534037e-09,-4.896161462059418e-06,-9.348684274140676e-07,-0.00042700499662741447
850,0.09837775684491183,0.04998521572663634,0.049999988033797044,-3.5649439889634117e-06,-2.016368054022376e-06,-0.00022503301971809272,-0.0006058793514966965,-4.7849848527903305e-09,-4.938306672697875e-06,-9.562987863627422e-07,-0.00042567978308671547
851,0.0982963461330914,0.04998575025714823,0.0499999864254465,-3.5203751620597795e-06,-2.1115054033800423e-06,-0.00022654812323580988,-0.0006061291205696762,-4.777567230718205e-09,-4.9805804382439436e-06,-9.779871796527996e-07,-0.0004243401200270037
852,0.09821258434076008,0.04998627377856206,0.04999998483269116,-3.476874239845677e-06,-2.2135069768115155e-06,-0.00022807640153404366,-0.000606342451646924,-4.714334256306074e-09,-5.022983687612325e-06,-9.999355466620845e-07,-0.0004229858711442135
853,0.09812646229759615,0.04998677167635507,0.049999983270184005,-3.4344470937950558e-06,-2.3224352279628427e-06,-0.00022961778361498266,-0.0006065209163352847,-4.708172074430195e-09,-5.065519817732365e-06,-1.022146009142907e-06,-0.00042161695090812675
854,0.09803797648817097,0.04998724481012194,0.04999998175039925,-3.3930846238489587e-06,-2.4384064742379097e-06,-0.000231171707762659,-0.0006066747009754181,-4.674971076923384e-09,-5.108191170964598e-06,-1.0446207522144275e-06,-0.0004202333158770848
855,0.09794712086796031,0.04998769618569597,0.04999998028382703,-3.352770532391704e-06,-2.5615062039810722e-06,-0.00023273803416253092,-0.0006067950162105262,-4.635984485190647e-09,-5.1510039928035755e-06,-1.0673620091325353e-06,-0.000418834968912389
856,0.09785389370253872,0.049988127845474295,0.04999997887913679,-3.3134842807682625e-06,-2.6917853850029375e-06,-0.00023431664631130405,-0.000606881279964,-4.630133165761663e-09,-5.1939664265602265e-06,-1.0903720199629316e-06,-0.0004174219605629597
857,0.0977582938555477,0.04998854166727112,0.04999997754333398,-3.275202732516715e-06,-2.8293055206529725e-06,-0.00023590708852306154,-0.0006069407681934536,-4.603983416728852e-09,-5.2370836604571715e-06,-1.1136530811632912e-06,-0.00041599437832528537
858,0.0976603176577754,0.049988940031897064,0.049999976281916915,-3.237893590629971e-06,-2.9741600182303128e-06,-0.00023750931241416198,-0.0006069772061891854,-4.5447889895910976e-09,-5.280364865548324e-06,-1.1372075359682878e-06,-0.0004145523486326179
859,0.09755996715093665,0.04998932432124135,0.04999997509902518,-3.2015283038699994e-06,-3.1263177751281402e-06,-0.0002391228531965796,-0.0006069890223443508,-4.559290722738751e-09,-5.323814152796869e-06,-1.1610377815607774e-06,-0.0004130960333110483
860,0.097457239211687,0.0499896965803853,0.04999997399758814,-3.1660649862022587e-06,-3.2859015672837514e-06,-0.00024074760274678795,-0.0006069755763746798,-4.51774129217597e-09,-5.36743881236008e-06,-1.1851462741595173e-06,-0.0004116256264018653
861,0.09735213673527712,0.04999005836913303,0.0499999729794643,-3.1314679850924806e-06,-3.452881216369679e-06,-0.00024238343331482476,-0.0006069384980946779,-4.474893788852796e-09,-5.411246932509062e-06,-1.209535485212467e-06,-0.0004101413670564859
862,0.09724466336034233,0.04999041106033829,0.04999997204556085,-3.097699017306712e-06,-3.627206172049751e-06,-0.0002440299596463344,-0.000606889370828867,-4.484973725737973e-09,-5.455241166544359e-06,-1.234207938713898e-06,-0.00040864353259180907
863,0.09713482004047595,0.04999075576307816,0.049999971195961036,-3.0647136975437084e-06,-3.8089145549455142e-06,-0.0002456871233768859,-0.0006068137590773404,-4.447639589955088e-09,-5.499427667761985e-06,-1.2591661785521364e-06,-0.0004071324345360295
864,0.09702261263961369,0.0499910933927561,0.049999970430033985,-3.0324722047189304e-06,-3.9979538149444545e-06,-0.0002473544951904284,-0.0006067241192795336,-4.4237182805773045e-09,-5.5438096205209455e-06,-1.2844127874377088e-06,-0.0004056084149710868
865,0.09690804373971347,0.04999142527759905,0.049999969746537046,-3.0009290873100586e-06,-4.1943121909686e-06,-0.00024903195285881505,-0.0006066146306693554,-4.399764108597992e-09,-5.588390408833787e-06,-1.3099503897813302e-06,-0.00040407185360776145
866,0.09679112129453704,0.04999175233998313,0.04999996914371299,-2.9700430992953757e-06,-4.3978697856245265e-06,-0.00025071936967441537,-0.0006064914050512016,-4.38001590552517e-09,-5.6331741040940975e-06,-1.3357815915221778e-06,-0.00040252316222744145
867,0.09667185192306016,0.04999207480667949,0.049999968619374474,-2.9397698025265785e-06,-4.608628967228246e-06,-0.00025241652438102156,-0.0006063589244149625,-4.360602545716574e-09,-5.6781064453331155e-06,-1.3619089893018704e-06,-0.0004009627928656913
868,0.09655024191239,0.049992393202208385,0.04999996817097399,-2.910084305410042e-06,-4.826374908955837e-06,-0.00025412303567046325,-0.0006062178872525692,-4.361258909568733e-09,-5.7232962596723764e-06,-1.3883352149986878e-06,-0.00039939123675884693
869,0.09642630421599131,0.04999270753822463,0.04999996779569005,-2.880912165819636e-06,-5.051155465119733e-06,-0.0002558383898398412,-0.0006060656160116196,-4.328266189901342e-09,-5.768706135909239e-06,-1.4150629697269017e-06,-0.00039780898570031985
870,0.09630004221510288,0.04999301883271309,0.049999967490500404,-2.8522157269919934e-06,-5.2829744896964815e-06,-0.0002575625515098682,-0.000605893786996603,-4.266420994269993e-09,-5.81431651644528e-06,-1.4420949316012567e-06,-0.00039621652196749046
871,0.09617146468482221,0.04999332813715895,0.049999967252229355,-2.823955651503112e-06,-5.521837980480209e-06,-0.0002592955801207308,-0.0006056986167095602,-4.269755660146757e-09,-5.860136119445854e-06,-1.4694337203496903e-06,-0.0003946143957473933
872,0.0960405936698945,0.049993634956169285,0.04999996707757165,-2.7961070213723093e-06,-5.76719722674243e-06,-0.0002610368760613616,-0.0006054981495253742,-4.24563584289217e-09,-5.906185578571378e-06,-1.4970819499744937e-06,-0.00039300322354905996
873,0.09590743779574053,0.04999393958885157,0.049999966963145105,-2.768616700342967e-06,-6.019102326817282e-06,-0.000262786512423598,-0.0006052926764823496,-4.215117588302064e-09,-5.952396115792907e-06,-1.5250421903490891e-06,-0.000391383624711272
874,0.09577200899925052,0.04999424204116698,0.04999996690554214,-2.741466936503562e-06,-6.277381090690856e-06,-0.00026454402383189216,-0.00060507922898978,-4.200731762438181e-09,-5.998810808875978e-06,-1.5533169990400185e-06,-0.0003897562516274168
875,0.09563432354642656,0.04999454161190729,0.049999966901353214,-2.7146099598024503e-06,-6.54186939799864e-06,-0.00026630914198970347,-0.0006048641516827047,-4.199154801654004e-09,-6.045422869803019e-06,-1.5819089442839783e-06,-0.00038812179980884877
876,0.09549439865536619,0.0499948381200771,0.049999966947198125,-2.6880140015586976e-06,-6.812347519801851e-06,-0.0002680817567818787,-0.0006046569906175137,-4.154361743502477e-09,-6.0922326966754816e-06,-1.6108205222197417e-06,-0.0003864809567547833
877,0.09535224638143736,0.049995131410654814,0.04999996703976251,-2.6616351279299686e-06,-7.089013405899425e-06,-0.00026986109565789993,-0.00060442736139521,-4.1299608177780556e-09,-6.139229797485066e-06,-1.6400542311641296e-06,-0.0003848344087286315
878,0.09520788250120263,0.04999542155108059,0.049999967175812704,-2.6354459518142665e-06,-7.371520156645034e-06,-0.0002716474478374908,-0.0006042022141627967,-4.109727225198867e-09,-6.186416466325263e-06,-1.669612506858321e-06,-0.0003831828821213711
879,0.09506133017609361,0.04999570788666244,0.04999996735219408,-2.6094172576711438e-06,-7.659755390533547e-06,-0.00027343992681370786,-0.0006039643776603043,-4.092306493674869e-09,-6.233781510679941e-06,-1.6994977410242808e-06,-0.00038152712162992845
880,0.09491260285226955,0.049995990431632664,0.049999967565857284,-2.5835170326820316e-06,-7.953550964842355e-06,-0.00027523870981707385,-0.000603736552875489,-4.037057799166632e-09,-6.281326032132667e-06,-1.7297123137460624e-06,-0.0003798679014078055
881,0.09476172690441553,0.04999626838575356,0.049999967813862095,-2.5577228763799223e-06,-8.252618595914415e-06,-0.00027704336266050296,-0.00060349638806656,-4.021483146487981e-09,-6.329041717123299e-06,-1.7602584999744778e-06,-0.000378206015996288
882,0.09460872115765549,0.04999654131918251,0.04999996809338164,-2.532007715500833e-06,-8.556862610053776e-06,-0.0002788533983637241,-0.0006032591336406767,-4.005295650699736e-09,-6.37692165217145e-06,-1.7911385342253558e-06,-0.00037654227106633615
883,0.0944536053524309,0.04999680896429154,0.04999996840171538,-2.5063464653763786e-06,-8.866125423746741e-06,-0.00028066865994388207,-0.0006030237418599427,-3.969314654739264e-09,-6.424959456830698e-06,-1.822354591269257e-06,-0.00037487749096189914
884,0.09429640425230189,0.049997070485562456,0.049999968736292144,-2.4807169531566306e-06,-9.180208995616703e-06,-0.0002824886107744991,-0.0006027838098816574,-3.930050063161161e-09,-6.4731479179606455e-06,-1.853908786599529e-06,-0.0003732125129072048
885,0.09413713865741336,0.049997325503700236,0.04999996909466567,-2.455099297532698e-06,-9.498950744494403e-06,-0.0002843129996811773,-0.0006025493494234979,-3.903424250495391e-09,-6.521478985216637e-06,-1.8858031921360258e-06,-0.0003715481887176373
886,0.09397583438112761,0.04999757342148943,0.049999969474518235,-2.42947305800368e-06,-9.82213852956324e-06,-0.0002861418032626088,-0.000602316518779844,-3.870471498856887e-09,-6.5699501170839435e-06,-1.918039766558671e-06,-0.0003698853849210605
887,0.0938125193088352,0.04999781326906596,0.04999996987366365,-2.40382110484713e-06,-1.0149615220630078e-05,-0.0002879739516491869,-0.0006020943983457983,-3.822869132363849e-09,-6.6185438289985015e-06,-1.9506204258043402e-06,-0.00036822497012291327
888,0.09364721085285439,0.049998044709806934,0.04999997029004027,-2.378124947101129e-06,-1.0481265841073245e-05,-0.0002898097593684478,-0.0006018680287525058,-3.796192693528155e-09,-6.667259566651358e-06,-1.9835469838726244e-06,-0.00036656782636849885
889,0.09347994418068843,0.049998266738547265,0.049999970721708364,-2.3523723135032667e-06,-1.0816813028298595e-05,-0.0002916482512046804,-0.0006016515544615686,-3.759701439065566e-09,-6.7160829279176056e-06,-2.0168212004807506e-06,-0.000364914858395378
890,0.09331074025337815,0.04999847901142035,0.04999997116684487,-2.3265494932524213e-06,-1.115606056136645e-05,-0.00029348951737031924,-0.0006014378741383553,-3.7134395558524602e-09,-6.765008659843886e-06,-2.0504447779612808e-06,-0.00036326697903550496
891,0.09313963183311755,0.049998680556258446,0.049999971623744026,-2.300643617535979e-06,-1.1498840825323115e-05,-0.0002953329758197938,-0.0006012279773131013,-3.6651663926079436e-09,-6.8140265587549676e-06,-2.0844192624286775e-06,-0.0003616251026013646
892,0.09296664541146753,0.04999887074144052,0.04999997209081033,-2.2746452275040672e-06,-1.1844978595372573e-05,-0.0002971781812062231,-0.0006010348442941904,-3.6346421428135045e-09,-6.863126332035362e-06,-2.118746158083242e-06,-0.00035999014947631883
893,0.09279180929734468,0.04999904877520413,0.049999972566557666,-2.2485414830611778e-06,-1.219432184909855e-05,-0.0002990247315432081,-0.0006008493364788592,-3.5653389129919333e-09,-6.9122973264318484e-06,-2.1534268839296523e-06,-0.00035836305210237677
894,0.09261515508630136,0.04999921393377077,0.04999997304960176,-2.2223280318014867e-06,-1.254657352279605e-05,-0.00030087218000826864,-0.000600665167439729,-3.5344969173678464e-09,-6.961528259187646e-06,-2.1884627720704735e-06,-0.0003567447476806183
895,0.09243671165086606,0.0499993654649184,0.04999997353864706,-2.1959976194285108e-06,-1.290161964837063e-05,-0.0003027201312621568,-0.0006004960159771144,-3.4845446528208868e-09,-7.010802489054948e-06,-2.2238550655577754e-06,-0.0003551361716035659
896,0.09225650964745573,0.049999502583889875,0.049999974032493975,-2.1695433002983518e-06,-1.3259304535278535e-05,-0.0003045683116178007,-0.0006003388552926481,-3.4307550134116127e-09,-7.060141406728834e-06,-2.2596048830069033e-06,-0.00035353826542043333
897,0.09207458628042925,0.049999624518888036,0.04999997453003522,-2.1429546901230377e-06,-1.361941368065058e-05,-0.00030641585498158465,-0.0006001945002935827,-3.381502411414772e-09,-7.109481516693841e-06,-2.2957132742304264e-06,-0.00035195197294018293
898,0.09189096377511885,0.04999973074932637,0.049999975030239646,-2.116238918601694e-06,-1.3981757667797365e-05,-0.0003082629353725653,-0.0006000545108690858,-3.3145397537737153e-09,-7.158847326992067e-06,-2.332181173522708e-06,-0.0003503782425117676
899,0.09170568612412569,0.04999982033811859,0.04999997553215675,-2.0893859529608256e-06,-1.4346060513516657e-05,-0.00031010837199851285,-0.000599934661295265,-3.284502225753272e-09,-7.208214369850287e-06,-2.369009426448138e-06,-0.00034881803877725407
900,0.09151877912506655,0.04999989265313408,0.04999997603490108,-2.0623999516353326e-06,-1.4712139307640518e-05,-0.00031195190076122926,-0.000599845196120441,-3.2057989596268044e-09,-7.257570765261945e-06,-2.406198823426907e-06,-0.00034727231267488753
901,0.09133027451688491,0.049999946994983495,0.04999997653765295,-2.0352733166267193e-06,-1.5080018605372512e-05,-0.00031379345985717874,-0.000599760445766151,-3.146243487961442e-09,-7.306912332664846e-06,-2.4437500153433535e-06,-0.00034574199878615615
902,0.09114021329158413,0.04999998263102613,0.04999997703966783,-2.008007983313339e-06,-1.544939118158359e-05,-0.00031563191810423275,-0.0005996869294904172,-3.073794108132688e-09,-7.356218389162563e-06,-2.481663556266663e-06,-0.0003442280456158118
903,0.09094862437212752,0.049999998960435374,0.049999977540250026,-1.9806076191989244e-06,-1.58199665177269e-05,-0.00031746742077579793,-0.0005996364052407444,-3.034819728853222e-09,-7.405483723040422e-06,-2.519939894978701e-06,-0.0003427313982314626
904,0.09075554767147574,0.04999999533522981,0.049999978038762376,-1.953069324159817e-06,-1.6191723589403766e-05,-0.0003192988028744536,-0.0005995914689265192,-2.961117351318876e-09,-7.454709491734222e-06,-2.5585794067709325e-06,-0.00034125299536013763
905,0.09056101473215485,0.04999997112577739,0.04999997853462259,-1.925393954530972e-06,-1.6564376826339656e-05,-0.0003211260003851341,-0.0005995726678520441,-2.8952393815728783e-09,-7.503836259951941e-06,-2.597582360374408e-06,-0.0003397937735626294
906,0.09036506016929806,0.049999925734855316,0.04999997902728637,-1.8975954513540216e-06,-1.693775857134807e-05,-0.0003229487314624992,-0.0005995750543661416,-2.8346662794831445e-09,-7.552882369983679e-06,-2.6369488398783964e-06,-0.000338354670853115
907,0.09016772702033127,0.04999985864314592,0.04999997951625351,-1.869673050386568e-06,-1.7311632526757402e-05,-0.0003247659888964999,-0.0005996000836603343,-2.7698880966653405e-09,-7.601818899847287e-06,-2.676678882884164e-06,-0.00033693663835517344
908,0.0899690472949941,0.049999769367140734,0.04999998000105796,-1.8416359810730702e-06,-1.7685652827701054e-05,-0.00032657766508111983,-0.0005996524705551565,-2.6968398625371037e-09,-7.650628154018217e-06,-2.716772405822788e-06,-0.0003355406124392027
909,0.08976905730292065,0.04999965753731744,0.04999998048127577,-1.8134852064151133e-06,-1.8059895804156186e-05,-0.0003283824775544104,-0.0005997344269417226,-2.649607200311266e-09,-7.699350391741352e-06,-2.757229282542028e-06,-0.0003341675037591603
910,0.08956779115217282,0.049999522678193506,0.04999998095652766,-1.7852126595952737e-06,-1.8434340218809146e-05,-0.00033018024514001995,-0.0005998308188281953,-2.5685273907782857e-09,-7.747926383701987e-06,-2.798049352198411e-06,-0.00033281820515237195
911,0.08936528337731346,0.049999364278183765,0.04999998142646468,-1.7568338563375916e-06,-1.880877825016035e-05,-0.0003319707065340663,-0.0005999375716783106,-2.4902204742716094e-09,-7.796382692576011e-06,-2.839232268519535e-06,-0.00033149358956678247
912,0.08916157849273741,0.049999181855316537,0.04999998189077556,-1.7283461107823218e-06,-1.9183052732070286e-05,-0.00033375320199640084,-0.0006000619032420218,-2.4148625321629424e-09,-7.84462730889292e-06,-2.8807775473852877e-06,-0.00033019455256970334
913,0.08895671136644395,0.04999897505631258,0.04999998234916075,-1.699783507585751e-06,-1.9556421204257928e-05,-0.0003355276664262811,-0.0006002312293276191,-2.351800088007394e-09,-7.892662919577974e-06,-2.9226845566972067e-06,-0.0003289220103185172
914,0.08875072489724248,0.049998743910199456,0.049999982801334344,-1.6711482883504593e-06,-1.9928792953646666e-05,-0.00033729298961898994,-0.0006004354800097644,-2.317532610263129e-09,-7.940479354904032e-06,-2.9649526399992615e-06,-0.0003276768830550154
915,0.08854365383412241,0.04999848856670358,0.04999998324703631,-1.6424485500636728e-06,-2.029995409615399e-05,-0.00033904797975457834,-0.0006006885669194162,-2.2553798828539584e-09,-7.988155453925952e-06,-3.007581162826548e-06,-0.00032646005020736777
916,0.0883355297129067,0.049998208937415044,0.04999998368604649,-1.6136560347461798e-06,-2.067056367933165e-05,-0.00034079276812728435,-0.0006009532371535897,-2.195668091786729e-09,-8.03559609089014e-06,-3.0505693589412765e-06,-0.00032527230814674335
917,0.08812638334096791,0.049997904568669975,0.04999998411818449,-1.5847976263817875e-06,-2.1040561930258162e-05,-0.0003425265060492828,-0.0006012218073010445,-2.0780019927002513e-09,-8.082790761415065e-06,-3.0939163222216794e-06,-0.00032411444511136
918,0.08791625699350411,0.04999757459541254,0.04999998454327371,-1.5558892664850086e-06,-2.1409172377895948e-05,-0.00034424946858839294,-0.0006015141261741519,-2.0285040314149683e-09,-8.129733844871468e-06,-3.137621042524726e-06,-0.00032298731241497394
919,0.08770520964812809,0.0499972198843373,0.049999984961138264,-1.5269474191838442e-06,-2.1775651361193234e-05,-0.0003459603631747782,-0.0006018548156134784,-1.9801309480982354e-09,-8.176363035998794e-06,-3.1816823636345306e-06,-0.0003218917712755893
920,0.08749325810496367,0.04999684031717083,0.0499999853716098,-1.4979871206990226e-06,-2.2140201428629586e-05,-0.00034765861797375603,-0.0006022457964718342,-1.9292727415631816e-09,-8.22274356619946e-06,-3.2260991632772364e-06,-0.000320828640556382
921,0.08728044892299833,0.04999643667807435,0.04999998577454718,-1.468995264610168e-06,-2.2502886654508965e-05,-0.00034934388645608525,-0.0006026608753018081,-1.891398815345724e-09,-8.268822517297254e-06,-3.2708702297556476e-06,-0.0003197987118935634
922,0.08706681473319983,0.049996009081894416,0.04999998616983615,-1.4399892387094988e-06,-2.2863667662458856e-05,-0.00035101525725462763,-0.0006031139637343585,-1.8232458875999669e-09,-8.314545192312633e-06,-3.3159942310405378e-06,-0.00031880273761316215
923,0.08685238134358601,0.04999555722495384,0.049999986557367704,-1.4109878431502011e-06,-2.3222373980906843e-05,-0.0003526724902861554,-0.0006035967380739748,-1.769846380561546e-09,-8.35999165761986e-06,-3.3614698252472955e-06,-0.00031784148162506873
924,0.08663721046970162,0.04999508227220057,0.049999986937046784,-1.3819837254282008e-06,-2.357858348492489e-05,-0.0003543145302660675,-0.0006041149026714265,-1.7489675263604454e-09,-8.4050805711717e-06,-3.4072955805156483e-06,-0.00031691570336924265
925,0.08642131892765902,0.04999458400839404,0.04999998730879018,-1.3529983415458156e-06,-2.393242320614316e-05,-0.00035594106913498075,-0.0006046693306416273,-1.6859010854020084e-09,-8.449806044272108e-06,-3.4534700031884112e-06,-0.00031602610868586013
926,0.08620474551618773,0.04999406252537012,0.0499999876725267,-1.3240387108907297e-06,-2.428374508820562e-05,-0.00035755201349753227,-0.0006052441312931478,-1.6312758921444015e-09,-8.494159187102155e-06,-3.4999914946431074e-06,-0.0003151734189894167
927,0.08598754408124558,0.04999351914743344,0.049999988028191944,-1.295124077338092e-06,-2.4631774675026508e-05,-0.00035914634721856826,-0.0006058762664906681,-1.618679412729307e-09,-8.538075704869752e-06,-3.5468583507481687e-06,-0.00031435836321874446
928,0.08576973396926187,0.04999295445984243,0.0499999883757207,-1.266271397634577e-06,-2.4976595192290726e-05,-0.0003607237448056944,-0.0006065602647140622,-1.591864307037838e-09,-8.581606407461238e-06,-3.5940688766896917e-06,-0.0003135816371462686
929,0.08555136263390456,0.04999237047079973,0.049999988715069,-1.23747470964698e-06,-2.5318233765267164e-05,-0.0003622829628862355,-0.0006072935066185892,-1.6090286880654503e-09,-8.624719146906597e-06,-3.6416213925007787e-06,-0.00031284391783312785
930,0.08533245356845992,0.04999176743218606,0.04999998904620672,-1.2087470117727917e-06,-2.5656793386752996e-05,-0.0003638235790232006,-0.0006080676103010774,-1.5988076418338437e-09,-8.667399925220202e-06,-3.689514206803699e-06,-0.00031214583354016457
931,0.08511303788917042,0.04999114561099692,0.04999998936911409,-1.1800945063251562e-06,-2.5992384909201173e-05,-0.00036534556886649383,-0.0006088577792979777,-1.5400983821578507e-09,-8.709637377202506e-06,-3.7377455172400856e-06,-0.00031148799539786943
932,0.0848931661305037,0.049990506651854436,0.04999998968378239,-1.1515346350869732e-06,-2.632428383110321e-05,-0.00036684786094381484,-0.0006097005680203438,-1.5496928185143588e-09,-8.751409584178973e-06,-3.7863134676040856e-06,-0.00031087101962126436
933,0.08467286435611951,0.049989851027683836,0.049999989990202734,-1.1230791324437752e-06,-2.6652452160206116e-05,-0.00036833041501840684,-0.0006105920183472335,-1.55812329705185e-09,-8.792708874391972e-06,-3.835216202542404e-06,-0.0003102955048548629
934,0.08445217421990829,0.049989180737933625,0.04999999028837687,-1.094737132262183e-06,-2.697676584712329e-05,-0.00036979185808690113,-0.0006115257856436074,-1.5656537177832774e-09,-8.833563633013305e-06,-3.884451912268066e-06,-0.00030976202608303145
935,0.08423112439758795,0.049988496001756276,0.04999999057831677,-1.066510453578378e-06,-2.7297288904030815e-05,-0.000371232018521263,-0.0006125019281171262,-1.607766253464149e-09,-8.873906192218484e-06,-3.934018795373885e-06,-0.0003092711215781496
936,0.08400974382081652,0.04998779708594553,0.0499999908600358,-1.0384216156179218e-06,-2.7613821757606276e-05,-0.0003726509044606127,-0.0006135096191428602,-1.5842299694313056e-09,-8.913736212522338e-06,-3.983914893065588e-06,-0.00030882331698659296
937,0.08378807808124739,0.04998708608423239,0.049999991133557284,-1.010481080459532e-06,-2.792589683687916e-05,-0.0003740475193306145,-0.0006145644001662731,-1.5973576905636833e-09,-8.953037234094873e-06,-4.034138257953721e-06,-0.0003084191541197558
938,0.08356616125985894,0.04998636452631659,0.049999991398901544,-9.827074760422815e-07,-2.823297842418914e-05,-0.0003754215605314391,-0.0006156903691589832,-1.7049224254606088e-09,-8.99179949287852e-06,-4.08468695449757e-06,-0.0003080591491381534
939,0.0833440176702908,0.049985634728226064,0.049999991656095887,-9.551022266489033e-07,-2.8535719278418524e-05,-0.00037677212327395814,-0.0006168654654175043,-1.7405284991056647e-09,-9.030008811956192e-06,-4.135559095078825e-06,-0.0003077437774417028
940,0.08312167755658731,0.04998489766067582,0.0499999919051817,-9.276794094759329e-07,-2.8833757679069984e-05,-0.0003780988167152662,-0.0006180931231938303,-1.8107860766392037e-09,-9.067653322361367e-06,-4.186752829808492e-06,-0.0003074734992945832
941,0.0828991727853234,0.04998415534912323,0.04999999214620196,-9.004487586209244e-07,-2.9127073153152102e-05,-0.0003794013950368534,-0.0006193677545525134,-1.873094568338729e-09,-9.104727114839035e-06,-4.238266258125772e-06,-0.00030724875191818476
942,0.08267653887080031,0.049983410060116584,0.04999999237920865,-8.734210712445822e-07,-2.9415447305651085e-05,-0.0003806789188228242,-0.0006206996622495353,-1.9649124549658836e-09,-9.141214035607984e-06,-4.2900975420936314e-06,-0.00030706995108600535
943,0.08245379912836652,0.04998266289667022,0.04999999260425881,-8.466070793337669e-07,-2.9698858907725643e-05,-0.00038193134015828144,-0.0006220893701538444,-2.057335635186064e-09,-9.177109820242391e-06,-4.342244894209128e-06,-0.00030693749143893573
944,0.08223098931259981,0.049981916109195806,0.04999999282141648,-8.200164850380349e-07,-2.9977203053280422e-05,-0.0003831576923857875,-0.0006235272157937288,-2.1616646250777194e-09,-9.212398048746168e-06,-4.394706555318487e-06,-0.00030685174612731317
945,0.08200813248770078,0.04998117118828321,0.049999993030747286,-7.936626082196363e-07,-3.02503286256914e-05,-0.00038435772993688003,-0.0006250300793908536,-2.2761930118520013e-09,-9.247072824205697e-06,-4.447480850823277e-06,-0.00030681306618596607
946,0.08178526056182286,0.049980430175522145,0.04999999323231954,-7.675543237980186e-07,-3.0518095849290434e-05,-0.0003855312443692059,-0.0006265726988203824,-2.3820223571391352e-09,-9.281127639443194e-06,-4.500566103844666e-06,-0.0003068217816059294
947,0.08156240501173027,0.04997969553817986,0.04999999342620949,-7.417030426345973e-07,-3.078041562639667e-05,-0.0003866773248881051,-0.0006281908135861158,-2.541200583294767e-09,-9.314549475718826e-06,-4.5539607153945715e-06,-0.00030687819993502243
948,0.08133958626985202,0.049978968725319574,0.04999999361249351,-7.161199806227021e-07,-3.103723608838301e-05,-0.0003877960212637539,-0.0006298579974099994,-2.6658069085527814e-09,-9.347336066014661e-06,-4.607663181690748e-06,-0.00030698260846031113
949,0.08111683897705661,0.04997825210338216,0.04999999379125262,-6.908147198524346e-07,-3.128837327545734e-05,-0.00038888643841290826,-0.0006315868813544512,-2.8370719107329023e-09,-9.379474398073768e-06,-4.661672063672405e-06,-0.00030713527306485577
950,0.08089418194866858,0.04997754731865855,0.04999999396256859,-6.657999604009853e-07,-3.1533806132068926e-05,-0.0003899483426579957,-0.0006333790370263159,-3.0109188475790916e-09,-9.410958435914419e-06,-4.715986032024972e-06,-0.0003073364375896757
951,0.08067164492081562,0.0499768569999811,0.049999994126521986,-6.410856724994954e-07,-3.177329473523416e-05,-0.0003909815636792316,-0.0006352307973429561,-3.1864668681436115e-09,-9.441785670589642e-06,-4.770603780653499e-06,-0.0003075863272166237
952,0.08044925610353776,0.04997618324196304,0.04999999428319799,-6.166826447652315e-07,-3.200676658843266e-05,-0.00039198534525035074,-0.0006371461204253137,-3.3917313402298532e-09,-9.471946151285213e-06,-4.825524139822988e-06,-0.0003078851389554222
953,0.0802270320073396,0.049975527726879784,0.04999999443268263,-5.926007166110779e-07,-3.223428084967675e-05,-0.00039295972862777255,-0.0006391208153218031,-3.580347351928026e-09,-9.501438715334771e-06,-4.880746040762902e-06,-0.0003082330478457007
954,0.08000500390500015,0.049974893066247,0.04999999457506399,-5.688503563969861e-07,-3.24556712902704e-05,-0.0003939039606753004,-0.000641167163848877,-3.8102014876528756e-09,-9.530256644100486e-06,-4.936268557373455e-06,-0.00030863021117412214
955,0.0797831906722208,0.04997428044766742,0.04999999471042799,-5.454437268834174e-07,-3.2670670715856136e-05,-0.00039481790484955634,-0.0006432714289985597,-4.0385645938556536e-09,-9.558393728758336e-06,-4.992090896356117e-06,-0.0003090767595675496
956,0.07956161418249538,0.049973692882592596,0.049999994838859405,-5.223891417727867e-07,-3.287947196514209e-05,-0.00039570159557999834,-0.0006454439135268331,-4.273800424670071e-09,-9.584965432374414e-06,-5.0482087488560515e-06,-0.0003095727884161124
957,0.0793402983486586,0.049973136697251376,0.049999994960431685,-4.996943121232102e-07,-3.30818184889466e-05,-0.0003965543158051397,-0.0006476865382865071,-4.553491805836529e-09,-9.61008650841507e-06,-5.1046174458589345e-06,-0.0003101183710940659
958,0.07911925892939212,0.04997261479554053,0.04999999507520119,-4.773704894711624e-07,-3.3277582700302994e-05,-0.0003973761984229242,-0.0006499907467514277,-4.783392792973018e-09,-9.633924888363285e-06,-5.16131109123932e-06,-0.00031071355551485894
959,0.07889852045977136,0.04997212950427568,0.049999995183234586,-4.554259452037548e-07,-3.3466950313339164e-05,-0.0003981664502675658,-0.000652371731121093,-5.102953171132185e-09,-9.656618973279889e-06,-5.2182862673077854e-06,-0.00031135837697641273
960,0.0786780996998624,0.04997168270234119,0.049999995284606163,-4.338737793543852e-07,-3.364955661888329e-05,-0.0003989250086435672,-0.0006548205856233835,-5.3778044240004874e-09,-9.678275864411397e-06,-5.275540718346774e-06,-0.0003120528506259649
961,0.07845801688745761,0.0499712762545106,0.049999995379391864,-4.1272313465410255e-07,-3.3825513878290325e-05,-0.00039965176494989287,-0.0006573392893187702,-5.692470939067107e-09,-9.69897743081435e-06,-5.333073031165921e-06,-0.00031279697378593514
962,0.0782382947273312,0.049970911317398975,0.049999995467672025,-3.919849140474598e-07,-3.3994623445375525e-05,-0.0004003461953896329,-0.0006599223124794662,-5.9783675787628e-09,-9.71877946817584e-06,-5.390882521941329e-06,-0.0003135907205465267
963,0.07801894558909281,0.049970589084350814,0.0499999955495226,-3.716704400320779e-07,-3.415688420040706e-05,-0.0004010083684241734,-0.0006625794339925051,-6.335170610327623e-09,-9.73772838548833e-06,-5.4489690623720944e-06,-0.00031443404303467017
964,0.07779999123419082,0.049970310911197094,0.049999995625015344,-3.5178948537925735e-07,-3.4312230943848104e-05,-0.00040163781425808857,-0.0006653142045252025,-6.661028617571674e-09,-9.755855391592879e-06,-5.507333005459101e-06,-0.0003153268719449073
965,0.07758144225806904,0.04997007736973999,0.04999999569421737,-3.323526383189078e-07,-3.4460691969285676e-05,-0.00040223448351980927,-0.0006681136437691748,-7.012303626652283e-09,-9.773186240945727e-06,-5.565975124878891e-06,-0.0003162691116859169
966,0.07736331800208279,0.049969889508896664,0.049999995757187,-3.1337063871563044e-07,-3.460204111462177e-05,-0.00040279846980433584,-0.0006709952722303569,-7.3726149629749216e-09,-9.789743873702247e-06,-5.624896487143411e-06,-0.0003172606443409608
967,0.07714563512191874,0.04996974906205323,0.04999999581397757,-2.9485247094444474e-07,-3.473633365054193e-05,-0.00040332930275877347,-0.0006739484961144626,-7.747432029248102e-09,-9.80554114391737e-06,-5.684098518461258e-06,-0.00031830132606606326
968,0.07692840348368545,0.04996965571603074,0.04999999586463324,-2.768092967949335e-07,-3.4863424951186925e-05,-0.00040382725952443996,-0.0006769803585484624,-8.13946510191954e-09,-9.820632162697893e-06,-5.74358306145092e-06,-0.00031939099643094976
969,0.07671164091378206,0.04996961047633438,0.049999995909187966,-2.5925196522416296e-07,-3.498325249402205e-05,-0.00040429192765517103,-0.0006800824776291847,-8.491350733663694e-09,-9.834937115988957e-06,-5.803351996202009e-06,-0.00032052947339190544
970,0.07649535803709817,0.04996961478177532,0.04999999594766716,-2.421868265412847e-07,-3.5095860663935244e-05,-0.00040472332877758183,-0.0006832708022557199,-8.948674690145708e-09,-9.848515246171681e-06,-5.863407276812207e-06,-0.0003217165471665427
971,0.07627956671806187,0.049969667780918714,0.049999995980084325,-2.2562571144813305e-07,-3.5201102725583794e-05,-0.0004051216622814747,-0.0006865304312668741,-9.350954677245227e-09,-9.861370762535461e-06,-5.923751296596414e-06,-0.0003229519784503222
972,0.07606427822874684,0.04996976978838844,0.049999996006446105,-2.09576232933064e-07,-3.529914391972921e-05,-0.00040548678495126776,-0.0006898563005961478,-9.690863222999724e-09,-9.873506828630548e-06,-5.984386606176249e-06,-0.00032423550866554775
973,0.07584950748174868,0.04996992132189499,0.049999996026746804,-1.940501818633525e-07,-3.53895301573355e-05,-0.0004058275209057029,-0.0006932707619853318,-1.0170345454696417e-08,-9.885785481209968e-06,-6.04532047378464e-06,-0.0003255668836672036
974,0.07563524639114147,0.04997083671813307,0.049999996040955334,-1.790427119513482e-07,-3.547813542182132e-05,-0.0004061688133176451,-0.000696732837241143,-1.0536570727026628e-08,-9.891718902138044e-06,-6.106444840813536e-06,-0.0003269429827008114
975,0.0754213978943899,0.049975102700338114,0.04999999605142282,-1.6452774048815455e-07,-3.558692242774071e-05,-0.00040647002057617057,-0.0007001928752288222,-1.0673388395332495e-08,-9.90182168540651e-06,-6.167731074555306e-06,-0.00032836239464907157
976,0.07520802486397994,0.04997889801644351,0.04999999605814971,-1.5061762303733376e-07,-3.568814022100178e-05,-0.0004067353222808295,-0.0007037777686491609,-1.0727317700798267e-08,-9.91414735738875e-06,-6.229219384105919e-06,-0.00032982531421711257
977,0.0749951369226932,0.04998222897698272,0.04999999605979923,-1.3728894379131876e-07,-3.578384271270764e-05,-0.00040696665041723974,-0.0007074175518937409,-1.0842500230978658e-08,-9.928253024320804e-06,-6.290943562859362e-06,-0.00033133189002916775
978,0.07478275889583764,0.04998512132953531,0.049999996055381885,-1.245293739766371e-07,-3.587308050452026e-05,-0.00040716550703986444,-0.0007110994774848223,-1.1245645303858964e-08,-9.943775530834416e-06,-6.352934541910072e-06,-0.0003328821733288725
979,0.07457090809901164,0.049987612361938986,0.049999996044195284,-1.1233318325322147e-07,-3.595588503570507e-05,-0.0004073317318460561,-0.0007148919394239783,-1.1966363899773569e-08,-9.960408682067969e-06,-6.4152207161744526e-06,-0.0003344761231363323
980,0.07435960230687302,0.049989745555570064,0.04999999602575167,-1.0070509649337586e-07,-3.603110557361275e-05,-0.0004074890540580279,-0.0007187837618403137,-1.257981274704889e-08,-9.977753868647842e-06,-6.477819171465644e-06,-0.0003361137702348933
981,0.07414890066783675,0.04999174712430259,0.04999999599954752,-8.967632155099028e-08,-3.61254996405255e-05,-0.0004087598231576009,-0.0006867676856927574,-2.052127274509985e-05,-1.003304333071929e-05,-6.540975929385612e-06,-0.0003377794845836906
982,0.07393315916044427,0.04998778726580916,0.04999999599950927,-7.159337544036612e-08,-3.782861669683509e-05,-0.0004096629572898277,-0.0007217724341899157,-3.206844894521055e-06,-1.0077637707174443e-05,-6.6049433959492165e-06,-0.0003394836148639619
983,0.0737314291983484,0.049981471021160254,0.04999999604543236,-5.868400716558088e-08,-3.8308627528049957e-05,-0.00041066400810057743,-0.0007757095154374838,-6.114536063250853e-06,-1.011704895237887e-05,-6.669738929238673e-06,-0.000341269731319109
984,0.07353540669717021,0.0499792714029433,0.049999996120684606,-4.7447063756545084e-08,-3.8675969204326216e-05,-0.000410574999126109,-0.0007309896172955632,-1.519711713626748e-05,-1.0117897384042638e-05,-6.735027329444608e-06,-0.0003431264885002526
985,0.07332947733408761,0.04998024438326529,0.04999999619878617,-4.072641120513811e-08,-3.8486539279442225e-05,-0.00041048759497275234,-0.0007330558146350086,-1.2661348414155782e-08,-1.0123857638176341e-05,-6.800459242224376e-06,-0.00034502253597298383
986,0.07312425847216986,0.04998155632946926,0.04999999625616653,-3.4385310332133e-08,-3.829855690637768e-05,-0.0004103881376170582,-0.0007369930390268564,-1.1489166062972345e-08,-1.0133128883997585e-05,-6.86609989090006e-06,-0.0003469579294161189
987,0.07291960274415114,0.0499830538702628,0.049999996294433,-2.8497488483115307e-08,-3.813025180012135e-05,-0.00041027138242352755,-0.0007412060513161123,-1.10688374022061e-08,-1.0144513635383063e-05,-6.931991119028657e-06,-0.00034893448065211437
988,0.07271594217940859,0.04998465154507083,0.04999999631443986,-2.314087019490871e-08,-3.794359822829801e-05,-0.00041013453949635025,-0.0007459488115273416,-1.2655950065720845e-08,-1.0157261462161407e-05,-6.998170335737379e-06,-0.0003509536768041908
989,0.07251304958980845,0.049986288645905035,0.04999999631664587,-1.8312996540776696e-08,-3.775400192147882e-05,-0.0004099641847305151,-0.0007510755676776171,-1.9709165854919775e-08,-1.0170674322386647e-05,-7.064669724074638e-06,-0.00035301585020035747
990,0.072310446531192,0.049987910389192966,0.04999999630160989,-1.400264350333843e-08,-3.7578050685862786e-05,-0.0004097609565749642,-0.0007561712991446257,-1.9693917607810363e-08,-1.0184429232326665e-05,-7.131517046630121e-06,-0.0003551204005143668
991,0.07210817955138933,0.049989481102612844,0.049999996269962016,-1.0229626791641075e-08,-3.7413313940075205e-05,-0.00040953675669770173,-0.0007612772169522941,-1.9821420949028834e-08,-1.0198230260641672e-05,-7.198728517521022e-06,-0.00035726667946111353
992,0.07190631296978078,0.04999100178994005,0.04999999622159982,-7.054016556561443e-09,-3.727132459011047e-05,-0.00041049930178401866,-0.0007203121786005795,-2.1031273718108423e-05,-1.0250028957103297e-05,-7.266533486152138e-06,-0.0003594463838389016
993,0.07170127376779388,0.0499865967037393,0.04999999618920136,-2.8241201394460952e-09,-3.8735335338068004e-05,-0.00041240980232892387,-0.0007166715804487467,-1.887872895167675e-05,-1.0326677635403582e-05,-7.335301637279569e-06,-0.0003616710258740159
994,0.07151319493758058,0.04997205649455702,0.04999999622864985,-2.2143212509022616e-10,-4.023207644780537e-05,-0.00041407480404956023,-0.0007950814324431121,-9.094454981095623e-06,-1.0389656015398875e-05,-7.405204652407658e-06,-0.0003639946883206093
995,0.07134560919147948,0.049958610325161405,0.04999999634412018,-2.2308342085687045e-10,-4.0190868965834726e-05,-0.00041458655055324307,-0.000814639322925359,-1.916930341394618e-05,-1.041009772361107e-05,-7.476038415715207e-06,-0.00036643178290635104
996,0.07116080955194494,0.04995407141818092,0.049999996491661876,-1.348955642752678e-09,-4.017642432255639e-05,-0.0004140296276567479,-0.000776984728872776,-1.5581355910398997e-05,-1.039446174286488e-05,-7.54719692167799e-06,-0.00036892815079805235
997,0.07096418300488672,0.04995493033651571,0.049999996623466034,-2.5564234679892498e-09,-3.9736342845456174e-05,-0.0004134941634652235,-0.0007799091399647295,-1.3004632926083559e-08,-1.0385633460346802e-05,-7.618358482833339e-06,-0.0003714499059350596
998,0.07076803875821482,0.049956877195982165,0.049999996719553554,-4.224736126057756e-09,-3.9338675641327806e-05,-0.0004129624262761665,-0.0007843539351597428,-1.384291614670019e-08,-1.0380894040080804e-05,-7.689603463438639e-06,-0.00037399935168595566
999,0.07057288534392223,0.0499595699528588,0.04999999678314638,-6.3507886194643635e-09,-3.8945596826098214e-05,-0.00041242705550358804,-0.000789509795140475,-1.784687064798618e-08,-1.0378906794933741e-05,-7.760986205542029e-06,-0.0003765801066133938
