frame,reward_tracking_lin_vel,reward_tracking_ang_vel,reward_tracking_height,cost_lin_vel_z,cost_ang_vel_xy,cost_joint_velocity,cost_action_nn,cost_action_rate,cost_feet_slip,cost_leg_base_angle,cost_orientation
0,1.1253517471925913e-08,0.05,0.04998478235575755,-0.0,-0.0,-1.7696318229836685e-07,-0.0,-0.0,-1.1899700723006973e-10,-9.989545908051147e-09,-1.4619803761004649e-12
1,1.1890359774916987e-08,0.04999999999918802,0.049984905008461936,-1.8730847248113102e-06,-7.505479350661913e-09,-5.533489036903774e-07,-0.0,-0.0,-2.2961164190679887e-10,-9.760570383230214e-09,-1.9932625178916313e-11
2,1.2499134991313604e-08,0.04999999999586066,0.049985240950594666,-6.3375367009158065e-06,-1.888892617797516e-08,-1.0545995283974819e-06,-0.0,-0.0,-2.4861010956193513e-10,-9.38777904418614e-09,-7.676279717333966e-11
3,1.3097543148084885e-08,0.04999999999117209,0.04998573800164841,-1.178329067153724e-05,-2.601213012366594e-08,-1.688563020454469e-06,-0.0,-0.0,-2.0568008793155138e-10,-8.891299242602764e-09,-1.8068695709428767e-10
4,1.3688630199916576e-08,0.0499999999860696,0.04998634939161427,-1.7254705156588968e-05,-2.737732005331263e-08,-2.4913718528115223e-06,-0.0,-0.0,-1.416715746427865e-10,-8.300838912219586e-09,-3.251476062776934e-10
5,1.4276187793151067e-08,0.04999999998102403,0.049987036899174435,-2.2223641627803044e-05,-2.4222357341531084e-08,-3.4995037807784426e-06,-0.0,-0.0,-8.271065873325037e-11,-7.64956664631878e-09,-4.927874309209246e-10
6,1.4863637618244936e-08,0.04999999997633064,0.049987769993250525,-2.6428517257690292e-05,-1.8550553393836206e-08,-4.7380524704286e-06,-0.0,-0.0,-3.9742147629187884e-11,-6.96991857983639e-09,-6.615400196477147e-10
7,1.5454039300014563e-08,0.04999999997224244,0.04998852475574605,-2.977039824007071e-05,-1.2217654157553976e-08,-6.217539604984842e-06,-0.0,-0.0,-1.4050842161846235e-11,-6.2900315454686605e-09,-8.098618216115326e-10
8,1.6050105081776523e-08,0.0499999999688034,0.04998928280105023,-3.224652998228246e-05,-6.593660209290909e-09,-7.935058149495846e-06,-0.0,-0.0,-2.3674798803512647e-12,-5.632454670086969e-09,-9.203022263524491e-10
9,1.6654257151573003e-08,0.04999999996617216,0.04999003028221705,-3.390860498826621e-05,-2.5127603280874496e-09,-9.876982118671113e-06,-0.0,-0.0,-1.505758770626019e-13,-5.013328241661758e-09,-9.814081288701606e-10
10,1.7268632081655984e-08,0.04999999996400348,0.04999075702047745,-3.4836657892922e-05,-3.507841752324431e-10,-1.2022309778331216e-05,-0.0,-0.0,-3.2616222270583526e-12,-4.442217444717697e-09,-9.882856044351983e-10
11,1.7895163445423808e-08,0.04999999996243887,0.049991455764482245,-3.512275786019061e-05,-1.4335284881913775e-10,-1.4345554551847416e-05,-0.0,-0.0,-8.590940139383123e-12,-3.923839042551269e-09,-9.422230952017021e-10
12,1.85356056398612e-08,0.04999999996148413,0.04999212157358958,-3.48614757523276e-05,-1.7029734204920553e-09,-1.6819157044755184e-05,-0.0,-0.0,-1.4117089392765298e-11,-3.45932951265509e-09,-8.497493254089625e-10
13,1.9191577612054472e-08,0.049999999960954056,0.0499927513128413,-3.4144229649431846e-05,-4.71675156056728e-09,-1.9415427473871963e-05,-0.0,-0.0,-1.8719304667404738e-11,-3.047162811351881e-09,-7.21420549528984e-10
14,1.986462919752659e-08,0.04999999996073996,0.049993343244119415,-3.305628759032967e-05,-8.820034220830462e-09,-2.2107605951555277e-05,-0.0,-0.0,-2.1922811542581253e-11,-2.6840528958760143e-09,-5.705501910801776e-10
15,2.0556231576070916e-08,0.04999999996080398,0.04999389669842659,-3.1675332860926475e-05,-1.3646926381884516e-08,-2.4870844939658002e-05,-0.0,-0.0,-2.3664381428028383e-11,-2.365805970445215e-09,-4.1201797993640903e-10
16,2.126785005522599e-08,0.049999999961106684,0.049994411814674344,-3.0070829789025308e-05,-1.886210791700671e-08,-2.768254742437781e-05,-0.0,-0.0,-2.410957912211112e-11,-2.0878471874277513e-09,-2.61236556040145e-10
17,2.2000948529445517e-08,0.0499999999615761,0.049994889333127276,-2.8304230298687064e-05,-2.4177937189556586e-08,-3.052319461264424e-05,-0.0,-0.0,-2.3544480951150318e-11,-1.845603890918031e-09,-1.3330800594119974e-10
18,2.275694980966054e-08,0.04999999996204771,0.04999533043105061,-2.6428919852252234e-05,-2.936778977695353e-08,-3.33809782437944e-05,-0.0,-0.0,-2.2701956249917424e-11,-1.6346738478326057e-09,-4.235480185956618e-11
19,2.353686482274288e-08,0.049999999962250734,0.04999573655845095,-2.449014074488009e-05,-3.431087535562571e-08,-3.62459666269675e-05,-0.0,-0.0,-2.2067029878523886e-11,-1.451018939795537e-09,-1.218405883310257e-12
20,2.434180871835493e-08,0.04999999996227974,0.04999610932169001,-2.2528091902006847e-05,-3.8931746439037736e-08,-3.910716638870801e-05,-0.0,-0.0,-2.1734499137709266e-11,-1.2910435482265144e-09,-2.1333427223784292e-11
21,2.517332182571954e-08,0.049999999962128644,0.049996450460859695,-2.057802420273295e-05,-4.316078804801298e-08,-4.195292943285233e-05,-0.0,-0.0,-2.163576805946181e-11,-1.1515765960351633e-09,-1.1267134361048623e-10
22,2.603327141600922e-08,0.04999999996193385,0.04999676182313856,-1.8669542522676056e-05,-4.6935241094810446e-08,-4.477148094753929e-05,-0.0,-0.0,-2.1629781738975723e-11,-1.0298415283974675e-09,-2.8362441520198636e-10
23,2.692379589149472e-08,0.04999999996172228,0.04999704532412765,-1.682634004641202e-05,-5.020281177453281e-08,-4.755156757180959e-05,-0.0,-0.0,-2.1555113026969536e-11,-9.234202634266375e-10,-5.409004853747064e-10
24,2.7847302479388714e-08,0.049999999961515995,0.04999730290668855,-1.5066556061747034e-05,-5.2925264750796125e-08,-5.0282510124621795e-05,-0.0,-0.0,-2.1264135010371606e-11,-8.302125937861575e-10,-8.89454712825068e-10
25,2.8806387903518717e-08,0.04999999996136198,0.04999753650337285,-1.3403452887172373e-05,-5.50800402353638e-08,-5.295403431155578e-05,-0.0,-0.0,-2.0623150267893897e-11,-7.484241603625138e-10,-1.3324572751275396e-09
26,2.980394273301161e-08,0.049999999961322476,0.04999774800581803,-1.184603284511514e-05,-5.665457190825123e-08,-5.555534314976071e-05,-0.0,-0.0,-1.9468789756918603e-11,-6.765186761884243e-10,-1.8712593740171876e-09
27,3.084321561044474e-08,0.049999999961424374,0.04999793924848694,-1.039980914145541e-05,-5.7637081157991065e-08,-5.8077996786429255e-05,-0.0,-0.0,-1.7795425839066043e-11,-6.131666791924227e-10,-2.505438589389646e-09
28,3.1927534654503275e-08,0.04999999996166517,0.04999811198697554,-9.066906613236568e-06,-5.8045198150420027e-08,-6.051616468684619e-05,-0.0,-0.0,-1.5735907940975893e-11,-5.572284842821721e-10,-3.2329392141259817e-09
29,3.3060342764840254e-08,0.049999999962029834,0.04999826787332769,-7.846945796046782e-06,-5.792241256483698e-08,-6.286570569104092e-05,-0.0,-0.0,-1.3479825002140507e-11,-5.077277956294137e-10,-4.050329581477809e-09
30,3.424519780005394e-08,0.04999999996239321,0.049998408444001836,-6.737893253380428e-06,-5.7327537557221746e-08,-6.512397171075887e-05,-0.0,-0.0,-1.1211155738948957e-11,-4.6381799065307243e-10,-4.953064093353912e-09
31,3.548588304363902e-08,0.04999999996279611,0.04999853511680712,-5.736487570531766e-06,-5.632723815381073e-08,-6.728924655686866e-05,-0.0,-0.0,-9.075506636116606e-12,-4.247656972003782e-10,-5.935743099391721e-09
32,3.678642369167403e-08,0.04999999996323357,0.049998649193107134,-4.83861242769941e-06,-5.4989892250132055e-08,-6.936029582646624e-05,-0.0,-0.0,-7.168473403680802e-12,-3.899468271805939e-10,-6.992352392536141e-09
33,3.815110092431115e-08,0.04999999996367636,0.04999875186305088,-4.0394976271484264e-06,-5.3381337782770984e-08,-7.13367150759616e-05,-0.0,-0.0,-5.538952938859557e-12,-3.588372604429524e-10,-8.116477601073229e-09
34,3.9584606319884474e-08,0.04999999996408259,0.049998844211993236,-3.333814790278523e-06,-5.156300280728887e-08,-7.321809315398006e-05,-0.0,-0.0,-4.198447005312138e-12,-3.309786419177239e-10,-9.30148691693686e-09
35,4.109194831426096e-08,0.04999999996447855,0.04999892722790213,-2.715969297993485e-06,-4.9589555519018396e-08,-7.500431590885084e-05,-0.0,-0.0,-3.1325223138280306e-12,-3.0596794833170155e-10,-1.0540679958075352e-08
36,4.2678574392112315e-08,0.04999999996486575,0.04999900180900149,-2.1800875971104504e-06,-4.75088240876087e-08,-7.669532344450913e-05,-0.0,-0.0,-2.311464449853975e-12,-2.8346091470114483e-10,-1.1827407967274784e-08
37,4.4350377554342547e-08,0.04999999996522878,0.04999906877097348,-1.7201532288266553e-06,-4.536154125402877e-08,-7.829092751927696e-05,-0.0,-0.0,-1.6997781513515196e-12,-2.6316031446902486e-10,-1.3155164044149584e-08
38,4.611370795614231e-08,0.049999999965592706,0.04999912885406136,-1.3300990962635222e-06,-4.318152138768547e-08,-7.979146736813877e-05,-0.0,-0.0,-1.2576300023571719e-12,-2.448081460997819e-10,-1.4517653961256227e-08
39,4.797556129392671e-08,0.04999999996599081,0.04999918272921747,-1.0037661333601577e-06,-4.0997016908916524e-08,-8.119675083635097e-05,-0.0,-0.0,-9.484617318416514e-13,-2.2818039351105035e-10,-1.5908844599224247e-08
40,4.9943402318380403e-08,0.049999999966390915,0.049999231004124456,-7.351459903727266e-07,-3.883021566867957e-08,-8.250684667907585e-05,-0.0,-0.0,-7.412410552488639e-13,-2.1308315573327831e-10,-1.73229929342883e-08
41,5.20253832336353e-08,0.04999999996674548,0.04999927422898604,-5.183145946462271e-07,-3.6698819012802514e-08,-8.372180989851748e-05,-0.0,-0.0,-6.097206419511772e-13,-1.9934927833383805e-10,-1.8754666340436535e-08
42,5.423034219780551e-08,0.04999999996710558,0.04999931290163197,-3.475482405504506e-07,-3.4616433516937166e-08,-8.484152980222036e-05,-0.0,-0.0,-5.330947518766716e-13,-1.8682980338243376e-10,-2.0198748598430028e-08
43,5.65678195155593e-08,0.04999999996745269,0.04999934747248863,-2.1734746958921023e-07,-3.2593086131075285e-08,-8.586643111695231e-05,-0.0,-0.0,-4.950534816545356e-13,-1.753926430546872e-10,-2.165044301031497e-08
44,5.904828421644604e-08,0.04999999996777552,0.04999937834864318,-1.224447993714293e-07,-3.063642876446484e-08,-8.679643389755047e-05,-0.0,-0.0,-4.839158647380823e-13,-1.6492596125708645e-10,-2.3105266770398316e-08
45,6.168295749518275e-08,0.04999999996809113,0.04999940589790206,-5.791044262970622e-08,-2.8751326637818782e-08,-8.763177925924501e-05,-0.0,-0.0,-4.899212591960401e-13,-1.553316058226133e-10,-2.455903866638022e-08
46,6.448408540223804e-08,0.04999999996840479,0.049999430452803945,-1.9130034433090008e-08,-2.6941033315604956e-08,-8.837273199189444e-05,-0.0,-0.0,-5.070392032566054e-13,-1.4652115702569811e-10,-2.6007869249444174e-08
47,6.746494886728803e-08,0.049999999968690985,0.049999452314001144,-1.8341903901742288e-09,-2.520729452678223e-08,-8.901945701541356e-05,-0.0,-0.0,-5.302665601956491e-13,-1.3841704737221707e-10,-2.7448144854418037e-08
48,7.063992166964627e-08,0.04999999996894156,0.04999947175358164,-2.1072461733777104e-09,-2.3550580292467204e-08,-8.957268850219039e-05,-0.0,-0.0,-5.567939260638549e-13,-1.3094901380610668e-10,-2.8876516394106307e-08
49,7.40247424651892e-08,0.04999999996924032,0.049999489017727924,-1.6394647852007177e-08,-2.197082774393582e-08,-9.003271503240687e-05,-0.0,-0.0,-5.847974488717924e-13,-1.2405800306749124e-10,-3.0289884418530836e-08
50,7.763635999749384e-08,0.04999999996947079,0.049999504329333144,-4.1503365406675445e-08,-2.0466914934769212e-08,-9.040017581425174e-05,-0.0,-0.0,-6.125592749097294e-13,-1.1769069759449976e-10,-3.1685381613889274e-08
51,8.149326803113396e-08,0.04999999996968231,0.04999951789060589,-7.459543124462154e-08,-1.903741527640705e-08,-9.067578175077152e-05,-0.0,-0.0,-6.392688554576076e-13,-1.117959461183751e-10,-3.306036162095007e-08
52,8.561557278377463e-08,0.049999999969969906,0.04999952988520166,-1.1317248755690889e-07,-1.7680525727285566e-08,-9.086016558227242e-05,-0.0,-0.0,-6.652333709268713e-13,-1.0633042217199326e-10,-3.4412383504365157e-08
53,9.002508139446002e-08,0.049999999970176956,0.04999954048030028,-1.5505947070937206e-07,-1.6394088835851285e-08,-9.095454382728314e-05,-0.0,-0.0,-6.902916146573875e-13,-1.0125968982278597e-10,-3.573920299999004e-08
54,9.474567486721497e-08,0.04999999997030111,0.04999954982811772,-1.9841668006433676e-07,-1.5176074443956993e-08,-9.095971988451408e-05,-0.0,-0.0,-7.131963408066748e-13,-9.65471948280697e-11,-3.703876091795873e-08
55,9.980318173847071e-08,0.04999999997044542,0.04999955806748674,-2.41674195432762e-07,-1.4024048867150434e-08,-9.08768545200728e-05,-0.0,-0.0,-7.354611250941146e-13,-9.215923964337988e-11,-3.8309169426754045e-08
56,1.0522581838028993e-07,0.04999999997056704,0.04999956532541286,-2.835433885326498e-07,-1.293568687765086e-08,-9.070717970671224e-05,-0.0,-0.0,-7.566839313810879e-13,-8.806944278554265e-11,-3.9548705193086726e-08
57,1.1104431909251986e-07,0.049999999970708364,0.04999957171820246,-3.229825043701259e-07,-1.1908635390286617e-08,-9.045187961819021e-05,-0.0,-0.0,-7.771328249083817e-13,-8.425250038685787e-11,-4.075579825218911e-08
58,1.1729214096244695e-07,0.04999999997082538,0.04999957735269474,-3.5915782108966593e-07,-1.0940488901568701e-08,-9.01126794847202e-05,-0.0,-0.0,-7.970455803751473e-13,-8.068647036606236e-11,-4.192902756000414e-08
59,1.2400591497024118e-07,0.04999999997094755,0.049999582326973116,-3.9148604677974234e-07,-1.0029090605519362e-08,-8.969091903127785e-05,-0.0,-0.0,-8.16611088977398e-13,-7.735261302406431e-11,-4.306711317013453e-08
60,1.3122542701796282e-07,0.0499999999710375,0.04999958673113558,-4.19523545911477e-07,-9.172101492276133e-09,-8.918828085079595e-05,-0.0,-0.0,-8.353052248095789e-13,-7.423215678957454e-11,-4.4168906311496e-08
61,1.3899421102492032e-07,0.04999999997109375,0.04999959064822123,-4.4299791608927674e-07,-8.367361539783874e-09,-8.860650648285492e-05,-0.0,-0.0,-8.536812078390313e-13,-7.130670573008467e-11,-4.523338590933388e-08
62,1.4735978242431445e-07,0.04999999997120411,0.049999594154710676,-4.617764671751795e-07,-7.612755219072187e-09,-8.794728820047205e-05,-0.0,-0.0,-8.718559473759375e-13,-6.85607788029231e-11,-4.625965034550714e-08
63,1.563740015374295e-07,0.049999999971274876,0.049999597321168994,-4.758232166843128e-07,-6.906179160096089e-09,-8.721282269598738e-05,-0.0,-0.0,-8.900493719532057e-13,-6.598083004866773e-11,-4.724691575796568e-08
64,1.6609371253600294e-07,0.049999999971323,0.04999960021251689,-4.852506635563147e-07,-6.2457548671045935e-09,-8.640493134119374e-05,-0.0,-0.0,-9.081119812469473e-13,-6.355456040475471e-11,-4.8194510440821276e-08
65,1.7658084983987729e-07,0.0499999999713647,0.049999602888378514,-4.902092305615101e-07,-5.629490017839658e-09,-8.552574321080841e-05,-0.0,-0.0,-9.26192605567128e-13,-6.127066860889355e-11,-4.910186674772673e-08
66,1.8790326286503527e-07,0.0499999999714261,0.04999960540357212,-4.909341896845947e-07,-5.0555429829151765e-09,-8.457743998956641e-05,-0.0,-0.0,-9.441390252634109e-13,-5.911872490395675e-11,-4.9968519402388704e-08
67,2.0013518204605798e-07,0.04999999997142555,0.04999960780831169,-4.877073329424196e-07,-4.52212094000721e-09,-8.356214263106603e-05,-0.0,-0.0,-9.619552123652446e-13,-5.708856394377354e-11,-5.0794098771920146e-08
68,2.1335779070384195e-07,0.049999999971451034,0.049999610148590994,-4.808322969006347e-07,-4.027446930842907e-09,-8.248242848083504e-05,-0.0,-0.0,-9.790451814906676e-13,-5.517160631354734e-11,-5.157832997979556e-08
69,2.276601715554388e-07,0.04999999997146272,0.049999612466227916,-4.706852532436953e-07,-3.5699074636023856e-09,-8.134051443669857e-05,-0.0,-0.0,-9.969865832065106e-13,-5.3360258738245724e-11,-5.2321028924186404e-08
70,2.4313964950687684e-07,0.04999999997150398,0.04999961479904743,-4.5761556814230726e-07,-3.147829418847157e-09,-8.013888588647721e-05,-0.0,-0.0,-1.012965571425124e-12,-5.164690772317822e-11,-5.302209449763018e-08
71,2.599029755921601e-07,0.049999999971566206,0.04999961718120082,-4.420010261007396e-07,-2.759620857727824e-09,-7.888006416974798e-05,-0.0,-0.0,-1.0313244449079327e-12,-5.002472882149025e-11,-5.368150803022196e-08
72,2.780671339706506e-07,0.04999999997152422,0.04999961964323135,-4.2421597921197534e-07,-2.4037689593176345e-09,-7.756649618449297e-05,-0.0,-0.0,-1.042193364205238e-12,-4.848820139341095e-11,-5.429932525514438e-08
73,2.977602903758663e-07,0.04999999997152709,0.04999962221233698,-4.0461577873390166e-07,-2.0787031880856532e-09,-7.620104220005744e-05,-0.0,-0.0,-1.0539845451563639e-12,-4.7031493475726964e-11,-5.487567712897505e-08
74,3.191232414868658e-07,0.04999999997155433,0.049999624912377555,-3.835798723780758e-07,-1.7830713554578969e-09,-7.478620860887983e-05,-0.0,-0.0,-1.0668639656295216e-12,-4.5649048401276306e-11,-5.5410769800238375e-08
75,3.4231010042816567e-07,0.04999999997150434,0.04999962776400644,-3.61438817857436e-07,-1.5154195964982723e-09,-7.332473507105477e-05,-0.0,-0.0,-1.0800993446976053e-12,-4.43358193642745e-11,-5.5904873786243854e-08
76,3.6749011065565866e-07,0.049999999971499565,0.04999963078492491,-3.385194187526061e-07,-1.2743766672589544e-09,-7.181937590811189e-05,-0.0,-0.0,-1.0939710640011028e-12,-4.308685044738343e-11,-5.635832342622051e-08
77,3.948489749331508e-07,0.04999999997153839,0.049999633989933595,-3.1512549554687566e-07,-1.0586035044418287e-09,-7.027281152174883e-05,-0.0,-0.0,-1.1081408763678565e-12,-4.189819122782003e-11,-5.677151125864512e-08
78,4.245904592893974e-07,0.04999999997161448,0.04999963739117531,-2.915251409230984e-07,-8.667810696507407e-10,-6.868807074767365e-05,-0.0,-0.0,-1.1225913975407143e-12,-4.076614426690503e-11,-5.714488809811264e-08
79,4.569385634401988e-07,0.04999999997169847,0.04999964099815317,-2.6799115176073956e-07,-6.976738179771768e-10,-6.706785249042134e-05,-0.0,-0.0,-1.137111917790351e-12,-3.9687467358725186e-11,-5.747895905875385e-08
80,4.921388936658756e-07,0.049999999971759426,0.04999964481786632,-2.447426771599242e-07,-5.500260812600539e-10,-6.541504833456194e-05,-0.0,-0.0,-1.15146418265399e-12,-3.865883703301792e-11,-5.777427710236769e-08
81,5.304613646181354e-07,0.049999999971850735,0.04999964885505629,-2.2198779969649624e-07,-4.2264246805345345e-10,-6.373254662732483e-05,-0.0,-0.0,-1.1657118286667425e-12,-3.767719789190098e-11,-5.8031442344977766e-08
82,5.722024440524966e-07,0.0499999999719036,0.04999965311225607,-1.9990762602995904e-07,-3.143575605975313e-10,-6.202315217632974e-05,-0.0,-0.0,-1.1796455586362791e-12,-3.673987798405976e-11,-5.8251096753055635e-08
83,6.176877101722468e-07,0.04999999997193393,0.04999965759000895,-1.7865187632863907e-07,-2.240310253997911e-10,-6.0289967141310205e-05,-0.0,-0.0,-1.1931990166127216e-12,-3.584427638507941e-11,-5.843392439058796e-08
84,6.672753000622537e-07,0.04999999997199582,0.049999662286900864,-1.5836542356452054e-07,-1.5057913714275956e-10,-5.85357865127886e-05,-0.0,-0.0,-1.2061799673042654e-12,-3.498782603139723e-11,-5.858064783300038e-08
85,7.213583629178808e-07,0.04999999997204915,0.04999966719973348,-1.391484290054791e-07,-9.292370202958655e-11,-5.676356307018309e-05,-0.0,-0.0,-1.2188381277969228e-12,-3.416866716157667e-11,-5.8692022231626567e-08
86,7.80369248158797e-07,0.04999999997212204,0.049999672323787436,-1.2108896856990735e-07,-5.003156753007087e-11,-5.497622094220611e-05,-0.0,-0.0,-1.2305053742497903e-12,-3.3384795533047156e-11,-5.876883464166878e-08
87,8.447829725636626e-07,0.049999999972204064,0.049999677652846186,-1.0425778690600914e-07,-2.0899486534959387e-11,-5.317660467763786e-05,-0.0,-0.0,-1.2414538732356096e-12,-3.2633765876480994e-11,-5.8811899176240466e-08
88,9.15121671938334e-07,0.049999999972307835,0.04999968317939587,-8.869889756261239e-08,-4.555313382806522e-12,-5.136779628003186e-05,-0.0,-0.0,-1.2517842048015281e-12,-3.191415887656086e-11,-5.8822057493263976e-08
89,9.919596824087458e-07,0.04999999997236157,0.04999968889467036,-7.445402230043462e-08,-6.256095872694005e-14,-4.955260254934003e-05,-0.0,-0.0,-1.2609584426649925e-12,-3.122427575401935e-11,-5.880017560622757e-08
90,1.0759281343046876e-06,0.049999999972445655,0.0499996947888334,-6.153087613505121e-08,-6.511501257792676e-12,-4.773393752964714e-05,-0.0,-0.0,-1.2692270825300442e-12,-3.056214402802171e-11,-5.8747138395141175e-08
91,1.1677208404281947e-06,0.04999999997256804,0.049999700851197086,-4.9934124591642775e-08,-2.3026072515760858e-11,-4.591468997370769e-05,-0.0,-0.0,-1.2766396854749131e-12,-2.992656109942802e-11,-5.866384924665051e-08
92,1.2681006711480522e-06,0.04999999997264134,0.04999970707023793,-3.965303605429988e-08,-4.876106651770974e-11,-4.409765537754823e-05,-0.0,-0.0,-1.2828222061474866e-12,-2.931614852346916e-11,-5.855122584695579e-08
93,1.3779060949239622e-06,0.04999999997281072,0.049999713433800386,-3.06633215141442e-08,-8.290632277798098e-11,-4.2285817946858505e-05,-0.0,-0.0,-1.2880577058292068e-12,-2.872949521809048e-11,-5.841020069818926e-08
94,1.4980593514563775e-06,0.04999999997288019,0.04999971992910133,-2.293854842994384e-08,-1.246715280789955e-10,-4.0481820704458665e-05,-0.0,-0.0,-1.2920383841251458e-12,-2.8165372673987004e-11,-5.824171648366022e-08
95,1.6295736173516878e-06,0.0499999999730837,0.04999972654294016,-1.6431862795857616e-08,-1.7331620589701867e-10,-3.868857412880936e-05,-0.0,-0.0,-1.2949575518188556e-12,-2.762255208592728e-11,-5.804672337996952e-08
96,1.773563570200425e-06,0.049999999973252246,0.04999973326185956,-1.1098534692160513e-08,-2.2811127344154297e-10,-3.6908844152909385e-05,-0.0,-0.0,-1.2967072892908859e-12,-2.7100035451149146e-11,-5.782618079233541e-08
97,1.9312538033627074e-06,0.04999999997341689,0.049999740072085255,-6.885380599944124e-09,-2.8836428463606637e-10,-3.5145313275868744e-05,-0.0,-0.0,-1.2972816315094272e-12,-2.659679286138024e-11,-5.758105165673261e-08
98,2.1039904470615817e-06,0.049999999973558744,0.04999974695974038,-3.732343278965332e-09,-3.534195121372349e-10,-3.340079642063997e-05,-0.0,-0.0,-1.296662305914082e-12,-2.611185011005521e-11,-5.7312303208636846e-08
99,2.2932530376260293e-06,0.04999999997376481,0.04999975391084452,-1.5789001715954252e-09,-4.2262938556337614e-10,-3.1677808803025146e-05,-0.0,-0.0,-1.2948292515900502e-12,-2.5644272783788423e-11,-5.702090278878713e-08
100,2.5006666899323527e-06,0.04999999997398161,0.04999976091146045,-3.5760123563251395e-10,-4.954111519843532e-10,-2.997907758122514e-05,-0.0,-0.0,-1.2918217152949694e-12,-2.5193269616134296e-11,-5.6707815792787294e-08
101,2.728018252150736e-06,0.049999999974182405,0.049999767947835005,-1.8377311439685095e-12,-5.711758911721298e-10,-2.8307188294824213e-05,-0.0,-0.0,-1.2875667504350672e-12,-2.4758027707073398e-11,-5.637400756321018e-08
102,2.9772695741176624e-06,0.04999999997442771,0.049999775006326574,-4.4277597412132936e-10,-6.493759742010977e-10,-2.666471728174455e-05,-0.0,-0.0,-1.2820946953700653e-12,-2.4337693126324654e-11,-5.602044025819867e-08
103,3.2505767015622405e-06,0.049999999974706,0.049999782073536184,-1.6110390798498908e-09,-7.294852343281122e-10,-2.505417572015836e-05,-0.0,-0.0,-1.2754710627507377e-12,-2.3931575074302332e-11,-5.564807177275476e-08
104,3.5503057671322574e-06,0.049999999974981425,0.049999789136334134,-3.4365033535861866e-09,-8.110064479498897e-10,-2.3477892747054913e-05,-0.0,-0.0,-1.2676848150873911e-12,-2.353919203170142e-11,-5.525785017067438e-08
105,3.879054424165048e-06,0.049999999975249246,0.049999796181996306,-5.852320860344211e-09,-8.935025419045196e-10,-2.19383561693263e-05,-0.0,-0.0,-1.2586015737240953e-12,-2.3159900433044665e-11,-5.48507141795977e-08
106,4.239675945335969e-06,0.049999999975557645,0.049999803198267107,-8.791023370850852e-09,-9.76516219098633e-10,-2.0437916821644212e-05,-0.0,-0.0,-1.2483972573373736e-12,-2.2793023249162533e-11,-5.4427595211871894e-08
107,4.635299727274944e-06,0.049999999975861915,0.04999981017327554,-1.2186437959867044e-08,-1.0596341647585065e-09,-1.8978905520152483e-05,-0.0,-0.0,-1.2369841461387098e-12,-2.2438026274119302e-11,-5.3989414806410214e-08
108,5.069361177333892e-06,0.04999999997620408,0.04999981709562716,-1.5975600207703075e-08,-1.1424596097192453e-09,-1.756357380768696e-05,-0.0,-0.0,-1.224405873941203e-12,-2.2094204675183773e-11,-5.353708383712195e-08
109,5.545625552995726e-06,0.04999999997659376,0.04999982395440719,-2.0095047841581226e-08,-1.224624850117195e-09,-1.6194018707740883e-05,-0.0,-0.0,-1.210784685229798e-12,-2.1761116057775124e-11,-5.3071497591198936e-08
110,6.068221867356798e-06,0.04999999997693901,0.049999830739282485,-2.4490684611868387e-08,-1.305822970803361e-09,-1.4872440269231197e-05,-0.0,-0.0,-1.196007658208129e-12,-2.1438372068505734e-11,-5.259353660365834e-08
111,6.641677833952856e-06,0.049999999977321734,0.04999983744052889,-2.9105116025319048e-08,-1.3857169980409027e-09,-1.3600912011037888e-05,-0.0,-0.0,-1.1801490781019665e-12,-2.1125350601434354e-11,-5.210406874378543e-08
112,7.270952381777842e-06,0.04999999997771984,0.04999984404893164,-3.3884309118163985e-08,-1.4640140322284626e-09,-1.2381476043400348e-05,-0.0,-0.0,-1.1632906713655257e-12,-2.0821632040264455e-11,-5.16039472431797e-08
113,7.961480996866e-06,0.049999999978106974,0.049999850555861446,-3.877988826027093e-08,-1.5404327927651102e-09,-1.121608981087438e-05,-0.0,-0.0,-1.1454073597307158e-12,-2.052686064055966e-11,-5.109401019890774e-08
114,8.719211752355358e-06,0.04999999997852714,0.04999985695327603,-4.3743336597763345e-08,-1.6147202499127036e-09,-1.0106573620635278e-05,-0.0,-0.0,-1.1265369085358969e-12,-2.0240630719319942e-11,-5.057507613901672e-08
115,9.550654182296544e-06,0.04999999997894919,0.049999863233769495,-4.873687599473607e-08,-1.6866844008554817e-09,-9.054805317619858e-06,-0.0,-0.0,-1.1067201939077082e-12,-1.9962607068760148e-11,-5.0047945101965864e-08
116,1.0462932889943059e-05,0.049999999979436285,0.04999986939055823,-5.371756115588747e-08,-1.756094369081674e-09,-8.0625473120499e-06,-0.0,-0.0,-1.0859958362024503e-12,-1.969242124906107e-11,-4.9513400887550116e-08
117,1.146383679718362e-05,0.049999999979906354,0.049999875417400884,-5.864754507372678e-08,-1.8227623108532014e-09,-7.131517772890364e-06,-0.0,-0.0,-1.064401604307455e-12,-1.9429708291845945e-11,-4.8972209526792224e-08
118,1.2561885214938052e-05,0.04999999998038657,0.04999988130865409,-6.349507088808595e-08,-1.886507778592826e-09,-6.2633476385254374e-06,-0.0,-0.0,-1.0420068548418776e-12,-1.9174205069937214e-11,-4.8425119004090256e-08
119,1.3766381233639333e-05,0.04999999998088667,0.04999988705925852,-6.8227956370631e-08,-1.9471773305297597e-09,-5.459551950140172e-06,-0.0,-0.0,-1.0188166149636027e-12,-1.892568204014077e-11,-4.7872855366336785e-08
120,1.5087482780539814e-05,0.04999999998137528,0.04999989266476217,-7.282508569363697e-08,-2.0046760086420403e-09,-4.721659171025722e-06,-0.0,-0.0,-9.948732823215524e-13,-1.8683794649283718e-11,-4.7316123990738666e-08
121,1.6536281130851985e-05,0.04999999998189475,0.04999989812129052,-7.725869981697434e-08,-2.0588646071362227e-09,-4.0510932053958124e-06,-0.0,-0.0,-9.70281443652465e-13,-1.844821716250399e-11,-4.675561187621675e-08
122,1.81248718997032e-05,0.049999999982397875,0.04999990342546822,-8.1505870382565e-08,-2.109644640779608e-09,-3.449223468316227e-06,-0.0,-0.0,-9.450707458937876e-13,-1.821875421364521e-11,-4.6191986541244865e-08
123,1.9866452475741292e-05,0.04999999998290022,0.04999990857445866,-8.555059550190658e-08,-2.156920636269072e-09,-2.917330665629184e-06,-0.0,-0.0,-9.192968870146117e-13,-1.7995202450009933e-11,-4.562589590019923e-08
124,2.177539474959262e-05,0.04999999998341281,0.04999991356594147,-8.937461596047474e-08,-2.2006236165989487e-09,-2.4566030968858064e-06,-0.0,-0.0,-8.929800460514411e-13,-1.777727224406688e-11,-4.505796488571437e-08
125,2.3867351760604572e-05,0.04999999998393753,0.04999991839812497,-9.297231075584385e-08,-2.240737784077132e-09,-2.068200444708035e-06,-0.0,-0.0,-8.66228233557952e-13,-1.7564666783014632e-11,-4.4488796898501505e-08
126,2.6159362787823588e-05,0.04999999998448329,0.049999923069709795,-9.632825290928339e-08,-2.2772005901446337e-09,-1.7531905392198568e-06,-0.0,-0.0,-8.391156874281781e-13,-1.7357184221230843e-11,-4.391897603594299e-08
127,2.8669958234978757e-05,0.04999999998501127,0.0499999275798122,-9.943275500377827e-08,-2.3099871945318263e-09,-1.5125755243585493e-06,-0.0,-0.0,-8.116802630804833e-13,-1.715463345568765e-11,-4.334906633301497e-08
128,3.1419292899070766e-05,0.049999999985552296,0.04999993192798916,-1.022812959602285e-07,-2.33907216863068e-09,-1.3472736876494565e-06,-0.0,-0.0,-7.840059979635334e-13,-1.6956842708732428e-11,-4.277961178933503e-08
129,3.442924986772873e-05,0.04999999998613595,0.049999936114214515,-1.0486786247090606e-07,-2.3644548447267947e-09,-1.2581295718414125e-06,-0.0,-0.0,-7.561274570991912e-13,-1.676362755912405e-11,-4.221113346350404e-08
130,3.772358451192614e-05,0.049999999986698865,0.04999994013888286,-1.0719707894223517e-07,-2.3861823958809512e-09,-1.2459245687802099e-06,-0.0,-0.0,-7.281440209921446e-13,-1.657476338011781e-11,-4.164413103083846e-08
131,4.132807210586468e-05,0.049999999987247176,0.04999994400277111,-1.0926391223367833e-07,-2.40425377093922e-09,-1.311360550252722e-06,-0.0,-0.0,-7.00132437490052e-13,-1.639010048202697e-11,-4.1079084985650604e-08
132,4.527064924954825e-05,0.049999999987794114,0.04999994770697678,-1.1106852343998534e-07,-2.418701922561688e-09,-1.4550640892979988e-06,-0.0,-0.0,-6.721435705431985e-13,-1.6209455337963332e-11,-4.051645610789234e-08
133,4.958159022358593e-05,0.049999999988380256,0.04999995125292472,-1.1261391644849066e-07,-2.4295570477895752e-09,-1.6775856330897727e-06,-0.0,-0.0,-6.442682015944685e-13,-1.6032670210652502e-11,-3.995668561684304e-08
134,5.42936539386327e-05,0.0499999999889165,0.04999995464234631,-1.139031706060201e-07,-2.436870978265012e-09,-1.979419248478727e-06,-0.0,-0.0,-6.165549816160834e-13,-1.5859618280983082e-11,-3.940019268197806e-08
135,5.94422645579141e-05,0.049999999989461114,0.04999995787727798,-1.1494684577249978e-07,-2.440738671718643e-09,-2.360966151374983e-06,-0.0,-0.0,-5.890981380275015e-13,-1.569014259620112e-11,-3.884737604697735e-08
136,6.506572023462608e-05,0.04999999999001481,0.049999960960025874,-1.1574758124139752e-07,-2.4412055096472564e-09,-2.82256098267666e-06,-0.0,-0.0,-5.619659838953496e-13,-1.552411934671229e-11,-3.8298616199249315e-08
137,7.120537228098944e-05,0.04999999999058417,0.04999996389312392,-1.1631284762717565e-07,-2.4383477908988556e-09,-3.364455731460997e-06,-0.0,-0.0,-5.352313550043119e-13,-1.536140820836131e-11,-3.7754274985781136e-08
138,7.790584188407047e-05,0.049999999991123034,0.04999996667932376,-1.166492424219802e-07,-2.4322368381443244e-09,-3.986836107868427e-06,-0.0,-0.0,-5.089689073076314e-13,-1.5201890693067867e-11,-3.721469583037383e-08
139,8.521522476873875e-05,0.049999999991656524,0.04999996932157339,-1.1676528358473871e-07,-2.4229632899532515e-09,-4.6898486553438865e-06,-0.0,-0.0,-4.832481133944445e-13,-1.5045438794215535e-11,-3.6680201617376424e-08
140,9.31853020051762e-05,0.049999999992197584,0.04999997182301343,-1.1667348046710011e-07,-2.410654827331103e-09,-5.473521052648091e-06,-0.0,-0.0,-4.581421552077568e-13,-1.489194781352781e-11,-3.615109640681017e-08
141,0.00010187183777272381,0.049999999992732795,0.04999997418695214,-1.163821257885471e-07,-2.3953892597636414e-09,-6.337827843101866e-06,-0.0,-0.0,-4.3371741866237683e-13,-1.474132003446684e-11,-3.5627667541492754e-08
142,0.00011133477402754597,0.04999999999324389,0.04999997641683887,-1.1590221665294327e-07,-2.3772722492339516e-09,-7.282658050952919e-06,-0.0,-0.0,-4.100558746940577e-13,-1.4593417379910142e-11,-3.511018532354016e-08
143,0.00012163849518957374,0.049999999993762714,0.04999997851624415,-1.1524203166726757e-07,-2.3564032323357123e-09,-8.307844235682487e-06,-0.0,-0.0,-3.8720889886991285e-13,-1.444812348836714e-11,-3.459890331220021e-08
144,0.00013285209601510305,0.04999999999423875,0.04999998048884273,-1.1441291842488033e-07,-2.332897275143068e-09,-9.41319748177249e-06,-0.0,-0.0,-3.6525454919849595e-13,-1.430532974241676e-11,-3.409405654803468e-08
145,0.00014504961649308638,0.04999999999472384,0.04999998233841161,-1.1342860484889325e-07,-2.3069011709378367e-09,-1.0598388239374373e-05,-0.0,-0.0,-3.4424786079165156e-13,-1.4164934091416887e-11,-3.359586319792229e-08
146,0.00015831041568044392,0.04999999999518769,0.049999984068807506,-1.1229873024679866e-07,-2.278514051882289e-09,-1.186304810684887e-05,-0.0,-0.0,-3.2425561683271264e-13,-1.40268350768837e-11,-3.3104526567456963e-08
147,0.00017271939408431422,0.049999999995643696,0.04999998568394789,-1.1103563336113605e-07,-2.2478582746317665e-09,-1.3206722449568954e-05,-0.0,-0.0,-3.053431180704899e-13,-1.3890934171651307e-11,-3.262023493276689e-08
148,0.0001883672832129594,0.04999999999609807,0.04999998718779282,-1.0964741776955046e-07,-2.2150484695034597e-09,-1.462891259241981e-05,-0.0,-0.0,-2.8755709950730487e-13,-1.3757168585166325e-11,-3.214316185331009e-08
149,0.00020535097855675687,0.04999999999653362,0.04999998858433219,-1.081462065772416e-07,-2.180212483486434e-09,-1.612911542295306e-05,-0.0,-0.0,-2.709472312830682e-13,-1.3625469790282146e-11,-3.167346463717696e-08
150,0.00022377376553758206,0.04999999999693475,0.04999998987758344,-1.0654450472251548e-07,-2.14350442308261e-09,-1.770666931086176e-05,-0.0,-0.0,-2.555649057601049e-13,-1.3495762289339167e-11,-3.1211285957184555e-08
151,0.0002437457931333766,0.049999999997308045,0.04999999107157439,-1.0485221302261075e-07,-2.105032719014758e-09,-1.9360888763549153e-05,-0.0,-0.0,-2.414665464847707e-13,-1.336796332846557e-11,-3.075675576704242e-08
152,0.00026538427765371997,0.04999999999766822,0.049999992170331437,-1.0308121309706769e-07,-2.0649252633268602e-09,-2.1091004972521193e-05,-0.0,-0.0,-2.2868836896986215e-13,-1.3242003051446987e-11,-3.030999118785371e-08
153,0.0002888137928350345,0.04999999999800192,0.04999999317786317,-1.0123821994635318e-07,-2.023301483136243e-09,-2.2896218374394897e-05,-0.0,-0.0,-2.1727331291034968e-13,-1.3117824993706091e-11,-2.987109681559369e-08
154,0.0003141666630117053,0.04999999999831242,0.04999999409815156,-9.933454730542844e-08,-1.9802913501636953e-09,-2.47757417995228e-05,-0.0,-0.0,-2.0726458871000402e-13,-1.299534991898856e-11,-2.944016340277416e-08
155,0.0003415831339165807,0.04999999999860327,0.0499999949351503,-9.738062660826085e-08,-1.9360459623957764e-09,-2.6728615108661203e-05,-0.0,-0.0,-1.9867994545070534e-13,-1.2874507086281937e-11,-2.9017269427061893e-08
156,0.00037121194157382475,0.04999999999886706,0.04999999569277222,-9.538514669309824e-08,-1.8906732814479906e-09,-2.8753871649595252e-05,-0.0,-0.0,-1.9156326659712514e-13,-1.2755219296087635e-11,-2.8602482868926673e-08
157,0.00040321045257776854,0.04999999999911131,0.04999999637488248,-9.335855198450659e-08,-1.8442977284786028e-09,-3.08505522854314e-05,-0.0,-0.0,-1.8590831171671345e-13,-1.2637426668330174e-11,-2.8195859798379257e-08
158,0.0004377447724196103,0.049999999999320324,0.0499999969852867,-9.130617030894776e-08,-1.7970581002101415e-09,-3.301751082634899e-05,-0.0,-0.0,-1.8176356243683525e-13,-1.2521082948812077e-11,-2.779744617649305e-08
159,0.0004749905677424357,0.049999999999507376,0.04999999752772468,-8.923709285343351e-08,-1.7490509858687196e-09,-3.5253712904998384e-05,-0.0,-0.0,-1.791295561160016e-13,-1.2406119265209279e-11,-2.740727800697806e-08
160,0.0005151327299175416,0.0499999999996651,0.0499999980058686,-8.715896143929994e-08,-1.7004162675964275e-09,-3.75579428637759e-05,-0.0,-0.0,-1.7800406133452306e-13,-1.2292484001368029e-11,-2.7025381320612897e-08
161,0.0005583661749247648,0.04999999999979015,0.04999999842331579,-8.507903597631367e-08,-1.6512543193238236e-09,-3.992899322003699e-05,-0.0,-0.0,-1.7840960412396798e-13,-1.2180123433264287e-11,-2.6651773828579017e-08
162,0.0006048958149232936,0.04999999999988791,0.04999999878358487,-8.300540689862668e-08,-1.6016783231598936e-09,-4.236568129295911e-05,-0.0,-0.0,-1.8033579712423265e-13,-1.2069000654116309e-11,-2.628646366400674e-08
163,0.0006549365420290553,0.04999999999995562,0.04999999909010804,-8.094155611098292e-08,-1.551812788418984e-09,-4.486663035693391e-05,-0.0,-0.0,-1.837912630491529e-13,-1.1959078525114066e-11,-2.5929451009455827e-08
164,0.0007087141871605382,0.04999999999999252,0.049999999346228154,-7.889486048738241e-08,-1.5017441482309091e-09,-4.7430603334619317e-05,-0.0,-0.0,-1.887723312670604e-13,-1.1850294346953933e-11,-2.5580728251745404e-08
165,0.0007664647719392272,0.04999999999999841,0.049999999555196795,-7.686966479335017e-08,-1.4515950469536891e-09,-5.005617459491322e-05,-0.0,-0.0,-1.952517416521675e-13,-1.1742594743115936e-11,-2.5240280015385195e-08
166,0.0008284355301397238,0.04999999999997245,0.049999999720170635,-7.487154045773798e-08,-1.4014519599030143e-09,-5.274182644884893e-05,-0.0,-0.0,-2.032113054042564e-13,-1.1635938799655442e-11,-2.4908085952516595e-08
167,0.0008948848405087376,0.04999999999991453,0.049999999844209914,-7.29060278629323e-08,-1.3513907641246088e-09,-5.5486311976437004e-05,-0.0,-0.0,-2.126405154350649e-13,-1.1530280841999404e-11,-2.4584118175289734e-08
168,0.0009660812915754154,0.049999999999824275,0.049999999930274985,-7.097614262623902e-08,-1.301540129499907e-09,-5.828807511947816e-05,-0.0,-0.0,-2.2350256745728631e-13,-1.1425568058661859e-11,-2.4268341471310402e-08
169,0.001042305323168233,0.049999999999703185,0.04999999998122469,-6.908612912791597e-08,-1.2519715533538049e-09,-6.114572213300138e-05,-0.0,-0.0,-2.357825413923478e-13,-1.13217543897374e-11,-2.3960714855263004e-08
170,0.0011238478836236338,0.0499999999995448,0.04999999999981553,-6.723794407945598e-08,-1.2027859328077058e-09,-6.405766756446866e-05,-0.0,-0.0,-2.4943716943606915e-13,-1.1218790740382908e-11,-2.3661191637152312e-08
171,0.0012110116138576682,0.0499999999993531,0.04999999998870129,-6.54356978756358e-08,-1.1540520892162536e-09,-6.702224219002477e-05,-0.0,-0.0,-2.644105659772241e-13,-1.1116638128398898e-11,-2.33697219486935e-08
172,0.0013041103436755945,0.04999999999913082,0.04999999995043225,-6.36821670805392e-08,-1.1058290354660752e-09,-7.003808117765716e-05,-0.0,-0.0,-2.806864606312141e-13,-1.1015260812400519e-11,-2.3086250358111454e-08
173,0.001403467808006532,0.04999999999887238,0.04999999988745488,-6.197924750270785e-08,-1.0582202547046666e-09,-7.310349673117696e-05,-0.0,-0.0,-2.982028798359905e-13,-1.0914623147089293e-11,-2.2810716057448706e-08
174,0.0015094195272547055,0.049999999998580055,0.04999999980211167,-6.033014444463069e-08,-1.0112791447554418e-09,-7.621698858480499e-05,-0.0,-0.0,-3.169326880120871e-13,-1.0814690146825401e-11,-2.2543054261455565e-08
175,0.001622310573482394,0.04999999999824905,0.049999999696642206,-5.873427204872064e-08,-9.650835793916738e-10,-7.937686186698241e-05,-0.0,-0.0,-3.3680534102595136e-13,-1.0715415826404382e-11,-2.228319624849747e-08
176,0.0017424972064729904,0.04999999999788886,0.04999999957318414,-5.719458331625766e-08,-9.196830973801892e-10,-8.25813432755809e-05,-0.0,-0.0,-3.5775155696834154e-13,-1.06167805504209e-11,-2.2031071699707954e-08
177,0.001870345784634469,0.04999999999749937,0.04999999943377263,-5.571246915911989e-08,-8.751181843594938e-10,-8.582899923661997e-05,-0.0,-0.0,-3.797257196992661e-13,-1.0518774475778468e-11,-2.178660642776727e-08
178,0.00200623083158386,0.049999999997089324,0.049999999280342315,-5.428841048724503e-08,-8.314671125922861e-10,-8.911806144497679e-05,-0.0,-0.0,-4.0272733531138094e-13,-1.0421343685703488e-11,-2.1549722495924055e-08
179,0.002150537341969072,0.049999999996625806,0.04999999911472797,-5.2924355360742023e-08,-7.887646567415648e-10,-9.24469692076174e-05,-0.0,-0.0,-4.2661613008203106e-13,-1.0324440051180954e-11,-2.1320339520577738e-08
180,0.0023036575009796924,0.049999999996138814,0.0499999989386678,-5.161822203389853e-08,-7.470655658872695e-10,-9.581396738534272e-05,-0.0,-0.0,-4.5134547546159087e-13,-1.0228059787536483e-11,-2.109837468035273e-08
181,0.0024659927859578597,0.04999999999561933,0.04999999875380545,-5.037198555572926e-08,-7.064003066795649e-10,-9.921722653069928e-05,-0.0,-0.0,-4.768607151397408e-13,-1.013218708729987e-11,-2.088374486501297e-08
182,0.0026379522522912285,0.04999999999508275,0.04999999856168827,-4.918632320384312e-08,-6.66791325011595e-10,-0.00010265528952259223,-0.0,-0.0,-5.031069896413725e-13,-1.0036788466329585e-11,-2.0676364504523333e-08
183,0.0028199496263914183,0.049999999994510116,0.04999999836377202,-4.8060255506179994e-08,-6.282926920978527e-10,-0.00010612635220300251,-0.0,-0.0,-5.300161582934202e-13,-9.941830739310697e-12,-2.0476145626518478e-08
184,0.003012406537116297,0.04999999999390363,0.049999998161421394,-4.6995616733631286e-08,-5.909214836757635e-10,-0.0001096288385796049,-0.0,-0.0,-5.575116300806585e-13,-9.8472765274787e-12,-2.0282999057914425e-08
185,0.0032157475140703927,0.049999999993269706,0.04999999795591513,-4.598889740005571e-08,-5.54711065870419e-10,-0.00011316097816344107,-0.0,-0.0,-5.855286945537585e-13,-9.753082992203675e-12,-2.0096834384750457e-08
186,0.003430403067353273,0.04999999999260435,0.049999997748449265,-4.5041556395821075e-08,-5.196744845599056e-10,-0.00011672092927136749,-0.0,-0.0,-6.139739652872483e-13,-9.659218067409114e-12,-1.9917561943459988e-08
187,0.0036568071230013775,0.04999999999192453,0.049999997540133304,-4.415384882408897e-08,-4.85817901142726e-10,-0.00012030725036612606,-0.0,-0.0,-6.428149157553924e-13,-9.56565606736041e-12,-1.9745090736527174e-08
188,0.0038953930652529003,0.049999999991193034,0.049999997331997253,-4.332411741567717e-08,-4.5317359466641045e-10,-0.00012391814559466302,-0.0,-0.0,-6.719453550359776e-13,-9.472383223140224e-12,-1.957932841464934e-08
189,0.004146597954262935,0.04999999999046096,0.049999997124992146,-4.255374394375952e-08,-4.217432796341563e-10,-0.00012755205767781707,-0.0,-0.0,-7.013386754952416e-13,-9.379399640646297e-12,-1.9420182407880626e-08
190,0.00441085603759476,0.049999999989688716,0.04999999691999576,-4.183917428462374e-08,-3.915414261783248e-10,-0.00013120724240820003,-0.0,-0.0,-7.309483073169117e-13,-9.286681891821998e-12,-1.9267559832841594e-08
191,0.004688602450703461,0.049999999988916376,0.0499999967178165,-4.118129756999499e-08,-3.6256649656888133e-10,-0.00013488188512644834,-0.0,-0.0,-7.607487226464371e-13,-9.194170767380079e-12,-1.9121369306986447e-08
192,0.0049802700869177345,0.04999999998810649,0.04999999651918883,-4.058008355499673e-08,-3.348111579630189e-10,-0.0001385745929565426,-0.0,-0.0,-7.906216177161656e-13,-9.101834456778836e-12,-1.8981518970032642e-08
193,0.005286284521906089,0.04999999998728338,0.04999999632478157,-4.003361872136014e-08,-3.0828912154289164e-10,-0.0001422836134509773,-0.0,-0.0,-8.173333696462313e-13,-9.009659116515874e-12,-1.8847917471064156e-08
194,0.005607069402210792,0.049999999986437754,0.0499999961351981,-3.95430462710086e-08,-2.829802257995903e-10,-0.00014600744180530903,-0.0,-0.0,-8.452968903936603e-13,-8.917622659238687e-12,-1.872047355369647e-08
195,0.005943038528615563,0.04999999998557195,0.04999999595098178,-3.910522566823837e-08,-2.5889811079367335e-10,-0.0001497443929887947,-0.0,-0.0,-8.741814728772716e-13,-8.825698282018339e-12,-1.8599094665098208e-08
196,0.006294600115200777,0.049999999984692775,0.04999999577262055,-3.872066746633288e-08,-2.3602785059556564e-10,-0.0001534927127939575,-0.0,-0.0,-9.037135100008236e-13,-8.733862365282317e-12,-1.848369067223818e-08
197,0.00666215335742927,0.04999999998377991,0.04999999560054193,-3.8389347818063046e-08,-2.1435063795564785e-10,-0.0001572510836016315,-0.0,-0.0,-9.337118516772754e-13,-8.642105001426435e-12,-1.837417178556824e-08
198,0.007046082201658862,0.04999999998286433,0.04999999543512157,-3.810939817130104e-08,-1.9386433725154374e-10,-0.00016101783092787006,-0.0,-0.0,-9.640292397565118e-13,-8.55039840185957e-12,-1.8270448365849125e-08
199,0.007446762038595795,0.049999999981929916,0.04999999527668391,-3.7881762109185013e-08,-1.7454849565171182e-10,-0.00016479151841409465,-0.0,-0.0,-9.945285681205234e-13,-8.458712243878984e-12,-1.8172431902153855e-08
200,0.00786455088696974,0.04999999998099213,0.04999999512550546,-3.7704215208304986e-08,-1.563899372671608e-10,-0.00016857054986480117,-0.0,-0.0,-1.025110042854155e-12,-8.36701193682289e-12,-1.8080034810818442e-08
201,0.008299793467203484,0.0499999999800294,0.0499999949818205,-3.757661181196265e-08,-1.3936717968445782e-10,-0.00017235325588229003,-0.0,-0.0,-1.0556715721681837e-12,-8.275274227603334e-12,-1.7993171892871723e-08
202,0.008752818512933478,0.0499999999790553,0.04999999484581695,-3.749922806557844e-08,-1.2345554079367514e-10,-0.00017613841739662662,-0.0,-0.0,-1.0861048206364829e-12,-8.183494297430243e-12,-1.7911758543377923e-08
203,0.009223930959318115,0.04999999997810281,0.04999999471764372,-3.7470274595991505e-08,-1.086426012985909e-10,-0.00017992446087866776,-0.0,-0.0,-1.1164185874337084e-12,-8.091644564690588e-12,-1.7835710546538095e-08
204,0.00971342003149014,0.049999999977136486,0.04999999459741368,-3.748998649335865e-08,-9.4902493087905e-11,-0.00018371003983496368,-0.0,-0.0,-1.146553658054529e-12,-7.999653579823682e-12,-1.7764945067889194e-08
205,0.010221550667552818,0.049999999976132775,0.04999999448520358,-3.755744795901043e-08,-8.221428349971933e-11,-0.0001874936659037767,-0.0,-0.0,-1.1763469787726652e-12,-7.907499095413079e-12,-1.7699380450966866e-08
206,0.010748566630759394,0.04999999997514495,0.049999994381058316,-3.767226095879887e-08,-7.055168864881532e-11,-0.00019127377248614636,-0.0,-0.0,-1.2058470104146557e-12,-7.815180791759742e-12,-1.763893753741729e-08
207,0.011294689063908486,0.04999999997415037,0.04999999428498855,-3.78350867530592e-08,-5.988631173663078e-11,-0.00019504925433810994,-0.0,-0.0,-1.2349965970649876e-12,-7.722656450133976e-12,-1.7583537976895097e-08
208,0.011860106972726134,0.04999999997314652,0.04999999419697765,-3.8044043256422764e-08,-5.0198276648566073e-11,-0.00019881864846294143,-0.0,-0.0,-1.2636950096077799e-12,-7.629926319837287e-12,-1.7533103998305907e-08
209,0.01244498794976197,0.04999999997216706,0.04999999411698407,-3.829983284122478e-08,-4.1458682040049326e-11,-0.0002025807226543359,-0.0,-0.0,-1.2920364346848257e-12,-7.536970581492808e-12,-1.7487559357102476e-08
210,0.013049467671627544,0.04999999997116356,0.04999999404494156,-3.860115209832013e-08,-3.364200053127125e-11,-0.0002063341024481349,-0.0,-0.0,-1.3198914984263337e-12,-7.443746317459522e-12,-1.744682912316899e-08
211,0.013673655464732424,0.04999999997017273,0.049999993980761895,-3.894853048266688e-08,-2.6719492985960558e-11,-0.00021007734394893802,-0.0,-0.0,-1.3472977065647027e-12,-7.350230481496792e-12,-1.7410840900300422e-08
212,0.014317631353062061,0.049999999969171746,0.04999999392433177,-3.9342272858207313e-08,-2.066161106584526e-11,-0.0002138094614827515,-0.0,-0.0,-1.3741840260598718e-12,-7.256379140131489e-12,-1.737952319661784e-08
213,0.014981436881553718,0.049999999968176376,0.04999999387552199,-3.9780549427794396e-08,-1.544382027280859e-11,-0.0002175291175025454,-0.0,-0.0,-1.4005121373646476e-12,-7.16217421634068e-12,-1.7352805194049363e-08
214,0.015665087820126024,0.0499999999672027,0.049999993834187656,-4.026432130576804e-08,-1.1036557931970649e-11,-0.00022123519876196638,-0.0,-0.0,-1.426344068539256e-12,-7.067564171196444e-12,-1.733061764964065e-08
215,0.01636856244422423,0.04999999996620532,0.049999993800168334,-4.079215313424976e-08,-7.412210163210701e-12,-0.00022492645947374716,-0.0,-0.0,-1.4515443614687792e-12,-6.972503448614315e-12,-1.731289267508001e-08
216,0.0170918087097923,0.04999999996522734,0.04999999377329082,-4.136467297876445e-08,-4.5418374714527964e-12,-0.0002286015808209658,-0.0,-0.0,-1.4761675572180444e-12,-6.876975365703196e-12,-1.729956487560716e-08
217,0.017834741520810014,0.04999999996426051,0.04999999375336493,-4.198230623656765e-08,-2.3966411519494894e-12,-0.00023225970616801465,-0.0,-0.0,-1.500150070425105e-12,-6.780953102725866e-12,-1.7290569780797023e-08
218,0.018597232783025792,0.0499999999633049,0.04999999374019248,-4.2643196301851106e-08,-9.498808574314737e-13,-0.00023589962684297507,-0.0,-0.0,-1.5235214287435759e-12,-6.684415148854075e-12,-1.7285843597003574e-08
219,0.01937912653986057,0.049999999962378805,0.04999999373356739,-4.3348280399286496e-08,-1.7310991806632645e-13,-0.00023952061154397113,-0.0,-0.0,-1.5462893224863008e-12,-6.587300837237423e-12,-1.7285322985037205e-08
220,0.02018022150073734,0.0499999999614381,0.04999999373327919,-4.40948672100839e-08,-3.857788453783988e-14,-0.0002431212835704447,-0.0,-0.0,-1.5684117827808427e-12,-6.4895509383211146e-12,-1.728894602690563e-08
221,0.021000294535075223,0.04999999996049517,0.04999999373911096,-4.4884974616631005e-08,-5.182357134129442e-13,-0.0002467004579519237,-0.0,-0.0,-1.5898304823091595e-12,-6.3911550861283e-12,-1.7296654392841296e-08
222,0.021839083461324404,0.04999999995959481,0.04999999375083056,-4.5719172385635475e-08,-1.585620770342063e-12,-0.00025025740503954096,-0.0,-0.0,-1.6106353043793862e-12,-6.292079313782832e-12,-1.7308390604035957e-08
223,0.02269628110079527,0.049999999958702045,0.0499999937682047,-4.659503717209796e-08,-3.2136391361876767e-12,-0.00025379105132552126,-0.0,-0.0,-1.6307790660104896e-12,-6.192255515804815e-12,-1.732409778868851e-08
224,0.0235715535050455,0.04999999995780274,0.04999999379099889,-4.751357359296313e-08,-5.376316927941493e-12,-0.00025730078967736437,-0.0,-0.0,-1.6502290826292168e-12,-6.091637883594421e-12,-1.7343719468230227e-08
225,0.024464520904649185,0.049999999956940995,0.04999999381897956,-4.847181078441465e-08,-8.045823789532345e-12,-0.00026078537590745976,-0.0,-0.0,-1.6690105307983843e-12,-5.990176288020278e-12,-1.7367200493287898e-08
226,0.025374784401615055,0.049999999956092694,0.04999999385191137,-4.9471942896819846e-08,-1.1198410897121527e-11,-0.00026424375658030914,-0.0,-0.0,-1.6871016744167303e-12,-5.887833062404527e-12,-1.7394489118270678e-08
227,0.02630190710239825,0.04999999995526707,0.04999999388954854,-5.051431298409962e-08,-1.4810789384605447e-11,-0.00026767533221022844,-0.0,-0.0,-1.704497657146618e-12,-5.784580031049075e-12,-1.7425534345272613e-08
228,0.027245408533503462,0.04999999995448375,0.04999999393164933,-5.159609681662099e-08,-1.8856701679893155e-11,-0.0002710791599935599,-0.0,-0.0,-1.7212493665648604e-12,-5.680373555038428e-12,-1.7460285680954688e-08
229,0.028204785403093985,0.04999999995369619,0.04999999397797511,-5.271826491476698e-08,-2.3313352501409572e-11,-0.000274454756669757,-0.0,-0.0,-1.7373416951114168e-12,-5.575147114942929e-12,-1.7498692945192162e-08
230,0.02917949095383844,0.049999999952932084,0.049999994028292576,-5.387722331520402e-08,-2.8153903843865623e-11,-0.0002778007300853526,-0.0,-0.0,-1.7527955702733466e-12,-5.468822942925479e-12,-1.754070829988105e-08
231,0.03016897214039685,0.04999999995217791,0.04999999408236519,-5.507732945970317e-08,-3.3362750091760276e-11,-0.0002811164489257535,-0.0,-0.0,-1.7675872922207912e-12,-5.3613219083123334e-12,-1.758628700194461e-08
232,0.03117262728060748,0.049999999951442615,0.04999999413995052,-5.6316134473863704e-08,-3.891684966928989e-11,-0.0002844014315969543,-0.0,-0.0,-1.7816902564078324e-12,-5.2525724818280116e-12,-1.7635383696011018e-08
233,0.03218982362947286,0.04999999995071941,0.049999994200819076,-5.759085999595577e-08,-4.479154847438047e-11,-0.00028765486718995134,-0.0,-0.0,-1.7950959906356022e-12,-5.142531673590654e-12,-1.7687953463970255e-08
234,0.03321991138872515,0.0499999999500312,0.04999999426474651,-5.8902216968090773e-08,-5.0967475095464775e-11,-0.0002908763892563152,-0.0,-0.0,-1.807837279295309e-12,-5.0311587886897885e-12,-1.7743951610194615e-08
235,0.03426220314490665,0.049999999949381015,0.049999994331516105,-6.024635773291868e-08,-5.741941235034105e-11,-0.0002940647427244642,-0.0,-0.0,-1.8200081537604004e-12,-4.918358321842304e-12,-1.780333563822363e-08
236,0.03531601213245706,0.04999999994873805,0.0499999944009121,-6.162669513645137e-08,-6.41375370092226e-11,-0.00029721941961513007,-0.0,-0.0,-1.831490550604781e-12,-4.804049157326695e-12,-1.7866065958213533e-08
237,0.03638061056605581,0.04999999994813177,0.04999999447271513,-6.304140381235143e-08,-7.110110841208979e-11,-0.0003003400561740314,-0.0,-0.0,-1.8423353257284906e-12,-4.688191027364547e-12,-1.7932102296908054e-08
238,0.03745524600592462,0.04999999994755497,0.04999999454671873,-6.448706655953111e-08,-7.82874715423984e-11,-0.0003034259653043263,-0.0,-0.0,-1.852598755518344e-12,-4.5707066862569056e-12,-1.8001404708379255e-08
239,0.03853915767669193,0.049999999946987714,0.04999999462272331,-6.596442671031814e-08,-8.568076745423078e-11,-0.0003064768916948558,-0.0,-0.0,-1.8622529633729726e-12,-4.4515029753335774e-12,-1.8073933376281673e-08
240,0.039631554793611495,0.04999999994644912,0.04999999470053773,-6.746919694692961e-08,-9.32577685680189e-11,-0.0003094917120754937,-0.0,-0.0,-1.871331202472065e-12,-4.3304877809431125e-12,-1.8149650525743005e-08
241,0.040731656502875475,0.049999999945934896,0.04999999477997327,-6.900474086030635e-08,-1.0101400345502407e-10,-0.00031247003929199026,-0.0,-0.0,-1.879808675270455e-12,-4.207576210187644e-12,-1.822852108378135e-08
242,0.04183864883773003,0.049999999945463496,0.049999994860839135,-7.056887581354789e-08,-1.0893105549457338e-10,-0.00031541162495288803,-0.0,-0.0,-1.887695525687898e-12,-4.082693470323555e-12,-1.8310509183319522e-08
243,0.04295170194723919,0.04999999994502062,0.0499999949429587,-7.215751702886525e-08,-1.1698834621028323e-10,-0.0003183158945372761,-0.0,-0.0,-1.895031503222015e-12,-3.955759253005051e-12,-1.8395579182760315e-08
244,0.0440699878964072,0.04999999994460322,0.049999995026162536,-7.377170225086474e-08,-1.2517348628308357e-10,-0.0003211827036095947,-0.0,-0.0,-1.901821188724035e-12,-3.8266800821465505e-12,-1.8483695476923132e-08
245,0.04519265681379646,0.04999999994421153,0.049999995110290296,-7.540618348769621e-08,-1.3346521806178718e-10,-0.000324011053609553,-0.0,-0.0,-1.9080909720607376e-12,-3.6953596250852245e-12,-1.8574824337885125e-08
246,0.04631887931099094,0.04999999994384466,0.04999999519518524,-7.706452268184908e-08,-1.4186390560779604e-10,-0.0003268006701157024,-0.0,-0.0,-1.913877642701978e-12,-3.5616821589322245e-12,-1.8668934561264206e-08
247,0.047447801825677205,0.04999999994348897,0.0499999952806886,-7.874438685248481e-08,-1.5035337151538177e-10,-0.00032955140911026344,-0.0,-0.0,-1.919145941310475e-12,-3.4255098759113324e-12,-1.8765994055996186e-08
248,0.04857856426289965,0.049999999943156424,0.049999995366655836,-8.044108216479878e-08,-1.5891514460236008e-10,-0.00033226281018031617,-0.0,-0.0,-1.9238124855542506e-12,-3.2867814968324842e-12,-1.886597084064483e-08
249,0.049710318321683974,0.04999999994286883,0.049999995452949676,-8.215572977546493e-08,-1.6753984284988387e-10,-0.0003349348250607432,-0.0,-0.0,-1.9280113687903042e-12,-3.1454577674234058e-12,-1.8968832875623153e-08
250,0.05084220316174901,0.04999999994260453,0.049999995539441684,-8.388256936831595e-08,-1.7620826180208801e-10,-0.00033756657919715614,-0.0,-0.0,-1.9317758146284024e-12,-3.0014400352693817e-12,-1.9074549851191517e-08
251,0.05197338768310786,0.049999999942360096,0.04999999562600721,-8.56251970846891e-08,-1.8492482730322543e-10,-0.00034015790351828824,-0.0,-0.0,-1.9350775124893917e-12,-2.8546486912693253e-12,-1.918309379330752e-08
252,0.05310302582811776,0.0499999999421364,0.04999999571252,-8.738097435800445e-08,-1.9367540674381099e-10,-0.00034270875049256544,-0.0,-0.0,-1.937909126789565e-12,-2.705037602754944e-12,-1.9294435754375626e-08
253,0.05423027451524859,0.04999999994194834,0.04999999579886718,-8.91450167333985e-08,-2.0244347537144527e-10,-0.0003452187657271918,-0.0,-0.0,-1.9403487785780465e-12,-2.552554474345796e-12,-1.9408546793923e-08
254,0.05535431106005748,0.04999999994177251,0.04999999588494277,-9.091829734072485e-08,-2.1122228597423708e-10,-0.0003476879913849388,-0.0,-0.0,-1.942260361848162e-12,-2.3972183976105955e-12,-1.9525397822999445e-08
255,0.05647430935443402,0.04999999994164746,0.04999999597064931,-9.269463029683415e-08,-2.1999451787612902e-10,-0.00035011566621073807,-0.0,-0.0,-1.943856194138784e-12,-2.2390794515497086e-12,-1.9644961356861518e-08
256,0.05758948113933637,0.04999999994154691,0.04999999605589275,-9.447782474729654e-08,-2.2876810192980572e-10,-0.00035250172286444307,-0.0,-0.0,-1.945065315847689e-12,-2.0781692318350392e-12,-1.9767212071342127e-08
257,0.058699031446313645,0.049999999941468504,0.04999999614057729,-9.626497065954365e-08,-2.3753054896220884e-10,-0.00035484620147275924,-0.0,-0.0,-1.9458606862625587e-12,-1.914624766574127e-12,-1.98921235774753e-08
258,0.05980217661178522,0.049999999941423054,0.04999999622461997,-9.805078173220583e-08,-2.4626713061053664e-10,-0.00035714884614395867,-0.0,-0.0,-1.946305360223661e-12,-1.7486631637278969e-12,-2.00196694076639e-08
259,0.06089816077051187,0.04999999994139412,0.04999999630794409,-9.98363180616065e-08,-2.549733496898393e-10,-0.0003594097795141342,-0.0,-0.0,-1.9463495372450093e-12,-1.5806194292080357e-12,-2.0149822872102652e-08
260,0.06198623265834128,0.04999999994139008,0.04999999639048028,-1.0161533001869797e-07,-2.636336009579257e-10,-0.00036162835325723603,-0.0,-0.0,-1.9460747390948324e-12,-1.4109794857387584e-12,-2.0282558752893575e-08
261,0.06306568434181108,0.0499999999414168,0.04999999647216212,-1.0339151185851894e-07,-2.7225851197703883e-10,-0.0003638045893676164,-0.0,-0.0,-1.9454997235634353e-12,-1.2403847758917188e-12,-2.0417853819264197e-08
262,0.06413580894091099,0.04999999994145932,0.04999999655292107,-1.051622395410965e-07,-2.8083705074022684e-10,-0.00036593860705149816,-0.0,-0.0,-1.944548659542588e-12,-1.069755429920795e-12,-2.055568371284935e-08
263,0.06519591694127806,0.04999999994153293,0.04999999663270031,-1.0692159818751333e-07,-2.8935609583697133e-10,-0.00036803023970969647,-0.0,-0.0,-1.9433026324597146e-12,-9.003693059453991e-13,-2.0696023924894197e-08
264,0.06624535242498009,0.04999999994162496,0.049999996711448516,-1.0867116907432636e-07,-2.978130334741067e-10,-0.0003700796866775218,-0.0,-0.0,-1.941730380940854e-12,-7.33953541314146e-13,-2.0838849648496376e-08
265,0.06728346983293475,0.04999999994174918,0.04999999678912043,-1.1040439332240058e-07,-3.061936403121477e-10,-0.00037208640134075494,-0.0,-0.0,-1.9399160031713036e-12,-5.728428628668301e-13,-2.098413742466773e-08
266,0.06830967072004947,0.04999999994189992,0.04999999686567321,-1.1212522639441257e-07,-3.1451075498064137e-10,-0.00037405049123787596,-0.0,-0.0,-1.937850715268463e-12,-4.2019060570537255e-13,-2.113186562738508e-08
267,0.06932336276714433,0.049999999942061515,0.04999999694106222,-1.1383046443994557e-07,-3.227544619960621e-10,-0.00037597214333199593,-0.0,-0.0,-1.935504916062157e-12,-2.803164108755082e-13,-2.1282011442726346e-08
268,0.07032397662358625,0.04999999994225074,0.049999997015252866,-1.1551501109886821e-07,-3.309130870201431e-10,-0.00037785127564432714,-0.0,-0.0,-1.932909521973637e-12,-1.5915120525213738e-13,-2.1434551846357742e-08
269,0.0713109786483529,0.04999999994245331,0.0499999970882146,-1.1718022297711425e-07,-3.3898545940508935e-10,-0.0003796881533522635,-0.0,-0.0,-1.930045244085961e-12,-6.48824507686888e-14,-2.158946344931506e-08
270,0.072283850016428,0.04999999994268012,0.049999997159922684,-1.1881928527720879e-07,-3.4695866911123153e-10,-0.00038148232745751335,-0.0,-0.0,-1.926924221783502e-12,-8.908433947097146e-15,-2.1746724103054714e-08
271,0.07324212028269649,0.049999999942937016,0.04999999723035423,-1.2043652305522104e-07,-3.5484714283624965e-10,-0.00038323397844120774,-0.0,-0.0,-1.9236298299683346e-12,-7.24216145345471e-15,-2.1906313350597325e-08
272,0.07418532890117084,0.04999999994320791,0.04999999729948388,-1.220289107724514e-07,-3.62641947663913e-10,-0.00038494335561192424,-0.0,-0.0,-1.9200917583638477e-12,-8.270293056014088e-14,-2.2068209500482407e-08
273,0.0751130408772373,0.049999999943502245,0.049999997367294595,-1.2359176748904515e-07,-3.703325923759556e-10,-0.0003866104564267177,-0.0,-0.0,-1.9164241056272758e-12,-2.6834068537873186e-13,-2.2232390584506966e-08
274,0.0760248569777594,0.04999999994380917,0.04999999743377322,-1.25125669297672e-07,-3.7791899086332605e-10,-0.0003882356008977407,-0.0,-0.0,-1.9125164888557813e-12,-6.129402183407837e-13,-2.239883421693659e-08
275,0.07692039619934717,0.04999999994413837,0.049999997498911555,-1.2662476509959454e-07,-3.853894557932941e-10,-0.0003898184308293385,-0.0,-0.0,-1.908449004809186e-12,-1.1900563247240886e-12,-2.256751916576932e-08
276,0.07779932405820095,0.04999999994447772,0.04999999756270206,-1.2809324222713851e-07,-3.927595180975182e-10,-0.000391359190968894,-0.0,-0.0,-1.9041850212314763e-12,-2.1135551766134487e-12,-2.27384257573979e-08
277,0.07866131826631925,0.04999999994483275,0.04999999762513466,-1.295284166440989e-07,-4.0002107196058255e-10,-0.0003928581865126616,-0.0,-0.0,-1.899736495624334e-12,-3.5652173008309208e-12,-2.2911533043291603e-08
278,0.07950608269923798,0.04999999994521004,0.049999997686205715,-1.3092632005523733e-07,-4.0716456871392725e-10,-0.0003943154832443218,-0.0,-0.0,-1.8950659252249313e-12,-5.846206396829637e-12,-2.3086819746858207e-08
279,0.0803333552843769,0.049999999945609636,0.049999997745915084,-1.322868124483506e-07,-4.141908724550799e-10,-0.0003957314556715764,-0.0,-0.0,-1.8902901841757575e-12,-9.479262693125512e-12,-2.326426411895624e-08
280,0.08114289303478654,0.04999999994602197,0.04999999780426753,-1.3360425175222587e-07,-4.210891417832479e-10,-0.0003971058239458354,-0.0,-0.0,-1.8854074301807306e-12,-1.5426083178503785e-11,-2.3443845482673508e-08
281,0.08193449675619305,0.04999999994644724,0.04999999786126766,-1.3488340078476668e-07,-4.2787583196495246e-10,-0.00039843889277124374,-0.0,-0.0,-1.880361117782269e-12,-2.5589906610074107e-11,-2.3625544609172804e-08
282,0.08270797954397563,0.049999999946886725,0.04999999791691706,-1.3612165237817397e-07,-4.345433833506112e-10,-0.0003997310108435532,-0.0,-0.0,-1.875203350144342e-12,-4.412267713828504e-11,-2.380934097415332e-08
283,0.08346317979683948,0.04999999994733511,0.04999999797122264,-1.3731560911612175e-07,-4.410833091287508e-10,-0.0004009823137061511,-0.0,-0.0,-1.869887028340335e-12,-8.138939570413049e-11,-2.39952136753728e-08
284,0.08419996663715408,0.0499999999477988,0.049999998024194685,-1.3846430347260516e-07,-4.474968639873089e-10,-0.00040219321018171396,-0.0,-0.0,-1.8644871826430647e-12,-1.6900683626351162e-10,-2.4183141303275654e-08
285,0.08491822846811968,0.04999999994828008,0.04999999807584724,-1.3956374159118207e-07,-4.537743962686141e-10,-0.00040336349961021795,-0.0,-0.0,-1.8590032297381123e-12,-4.4179387897295487e-10,-2.4373103466708744e-08
286,0.085617892047896,0.04999999994877161,0.0499999981261933,-1.4061809979146638e-07,-4.59932655421663e-10,-0.0004044935361781351,-0.0,-0.0,-1.8534189786060343e-12,-2.0810629972706303e-09,-2.456508108973607e-08
287,0.08629889619961259,0.04999999994927312,0.04999999817524284,-1.4162574276048025e-07,-4.659645672467967e-10,-0.00040558370798719,-0.0,-0.0,-1.8477522607233935e-12,-1.9454673062464794e-06,-2.475905379044215e-08
288,0.08696120229733041,0.04999999994978596,0.04999999822300992,-1.4258326676815524e-07,-4.718625061083338e-10,-0.00040663420262576785,-0.0,-0.0,-1.841952067869493e-12,-2.29915165573256e-09,-2.4955000787016663e-08
289,0.08760479897081688,0.04999999995031659,0.049999998269511375,-1.434902079728142e-07,-4.776282612988011e-10,-0.0004076454663313367,-0.0,-0.0,-1.8360756692957123e-12,-6.608347780008142e-10,-2.5152900764398274e-08
290,0.08822969176760019,0.049999999950847536,0.04999999831476706,-1.4434274434397509e-07,-4.832529184892456e-10,-0.00040861736618090635,-0.0,-0.0,-1.830174971112125e-12,-3.284888823315194e-10,-2.535273334571948e-08
291,0.08883591953414323,0.049999999951396916,0.049999998358795206,-1.451457749735532e-07,-4.887533513095179e-10,-0.0004095502988741451,-0.0,-0.0,-1.8241888243757644e-12,-2.0444738267233409e-10,-2.555447936707108e-08
292,0.08942353116755085,0.04999999995194695,0.049999998401611005,-1.4589751929257495e-07,-4.941229284056065e-10,-0.000410444687028003,-0.0,-0.0,-1.8181176518982412e-12,-1.437714938235443e-10,-2.575811834848717e-08
293,0.08999259496962517,0.04999999995250921,0.04999999844323339,-1.465948186056082e-07,-4.993547415652324e-10,-0.0004113007626904056,-0.0,-0.0,-1.8119952893966121e-12,-1.0910940571689146e-10,-2.59636293935126e-08
294,0.09054320236415216,0.049999999953074886,0.04999999848368311,-1.4723815167541894e-07,-5.04450976083586e-10,-0.0004121190030471334,-0.0,-0.0,-1.805806230752903e-12,-8.720322333882926e-11,-2.6170991056053408e-08
295,0.09107545851363419,0.049999999953650544,0.0499999985229832,-1.4782356104040242e-07,-5.094033933906487e-10,-0.00041289933644040314,-0.0,-0.0,-1.799572644462954e-12,-7.233898636974787e-11,-2.6380182759143102e-08
296,0.09158949625413765,0.04999999995422634,0.049999998561155376,-1.4835614819964608e-07,-5.142288294020365e-10,-0.0004136421959445786,-0.0,-0.0,-1.793264148962957e-12,-6.170692446059178e-11,-2.659118504585015e-08
297,0.09208545624043622,0.04999999995481022,0.04999999859821822,-1.4883445398480508e-07,-5.189209970180979e-10,-0.0004143480279489582,-0.0,-0.0,-1.7869191308757066e-12,-5.3786497946537595e-11,-2.6803977153616045e-08
298,0.09256349500467109,0.0499999999553968,0.0499999986341931,-1.4925625720873933e-07,-5.234737711088634e-10,-0.00041501710335986684,-0.0,-0.0,-1.7805502079339691e-12,-4.769285536116978e-11,-2.701853791231769e-08
299,0.09302378724486965,0.04999999995598489,0.049999998669102784,-1.4962164215828845e-07,-5.278896712548692e-10,-0.00041564992365146676,-0.0,-0.0,-1.7740917847955905e-12,-4.287994212209326e-11,-2.7234845588199662e-08
300,0.0934665185110702,0.04999999995658419,0.04999999870297194,-1.4992769217173277e-07,-5.321610412376147e-10,-0.00041624647170066106,-0.0,-0.0,-1.7676563052360644e-12,-3.899502927453357e-11,-2.7452879254231406e-08
301,0.09389189602695076,0.049999999957181726,0.04999999873582346,-1.5017947285075892e-07,-5.363044774696229e-10,-0.00041680720971858744,-0.0,-0.0,-1.7611726581526442e-12,-3.580144126148489e-11,-2.767261901202262e-08
302,0.09430013246290236,0.04999999995778702,0.0499999987676773,-1.503759607820449e-07,-5.403139965528529e-10,-0.00041733260183291344,-0.0,-0.0,-1.7547006904637283e-12,-3.313500359362049e-11,-2.789404368382146e-08
303,0.09469145250999948,0.0499999999583935,0.04999999879855579,-1.5051501487876684e-07,-5.441842827461357e-10,-0.00041782295610976567,-0.0,-0.0,-1.748163245128368e-12,-3.0878607941471645e-11,-2.8117131678112196e-08
304,0.09506609447206109,0.04999999995900951,0.049999998828482335,-1.5059729601133295e-07,-5.479178387862115e-10,-0.0004182787874741743,-0.0,-0.0,-1.7416248290361296e-12,-2.894662226677647e-11,-2.8341860838379945e-08
305,0.09542430433285634,0.04999999995962107,0.04999999885748181,-1.506200928830719e-07,-5.515078299851985e-10,-0.0004187001278297825,-0.0,-0.0,-1.7350696033037706e-12,-2.7275314617799697e-11,-2.8568209778996924e-08
306,0.09576634418399324,0.04999999996023572,0.049999998885577275,-1.5058877138540474e-07,-5.549704395113898e-10,-0.0004190874613860757,-0.0,-0.0,-1.7285088327020612e-12,-2.5816246454801555e-11,-2.8796158061125387e-08
307,0.09609247917205228,0.04999999996085561,0.049999998912788834,-1.5050268509755292e-07,-5.582999997723073e-10,-0.0004194412662097142,-0.0,-0.0,-1.7219586354682456e-12,-2.4532131269301128e-11,-2.902568399389598e-08
308,0.09640298277577064,0.04999999996147818,0.04999999893913862,-1.503599118993076e-07,-5.614918712062166e-10,-0.00041976187668449827,-0.0,-0.0,-1.7153985988930283e-12,-2.3393787566970315e-11,-2.925676548632417e-08
309,0.09669813785790865,0.04999999996210037,0.049999998964649545,-1.501615557081162e-07,-5.645486944076307e-10,-0.00042004981890616687,-0.0,-0.0,-1.7088238532937855e-12,-2.2377991605420552e-11,-2.9489379892097653e-08
310,0.09697823195361643,0.0499999999627164,0.04999999898934558,-1.4990533046113805e-07,-5.674642558993771e-10,-0.00042030516897624136,-0.0,-0.0,-1.702280987838375e-12,-2.146618762769084e-11,-2.9723505283726272e-08
311,0.09724356358019949,0.04999999996333755,0.04999999901324905,-1.4959643138848095e-07,-5.702541646865107e-10,-0.00042052842511927944,-0.0,-0.0,-1.6957240185429975e-12,-2.064334810445629e-11,-2.9959120609118177e-08
312,0.09749443224094863,0.04999999996395765,0.0499999990363794,-1.4923482431744603e-07,-5.729131605189578e-10,-0.00042072007266302975,-0.0,-0.0,-1.6891715575636968e-12,-1.98971167198008e-11,-3.019620361266173e-08
313,0.09773114243303252,0.049999999964577574,0.049999999058757474,-1.4881920613071173e-07,-5.754372615091922e-10,-0.00042088079325119866,-0.0,-0.0,-1.6826320666181262e-12,-1.921735362694023e-11,-3.043473004510502e-08
314,0.09795400152109207,0.04999999996519375,0.04999999908040656,-1.4834787876916368e-07,-5.778134357058514e-10,-0.0004210107846854231,-0.0,-0.0,-1.6760581699222288e-12,-1.859553542101788e-11,-3.067467520946993e-08
315,0.0981633245765189,0.04999999996580056,0.04999999910135072,-1.4782198240957352e-07,-5.800531531682539e-10,-0.0004211101567081998,-0.0,-0.0,-1.6695210090540618e-12,-1.8024508014049815e-11,-3.091601687937556e-08
316,0.09835943026250449,0.04999999996641252,0.04999999912161024,-1.4724696108977288e-07,-5.821714362559102e-10,-0.00042117942071579677,-0.0,-0.0,-1.6629974118943812e-12,-1.7498317214690788e-11,-3.115873359899105e-08
317,0.0985426362882093,0.04999999996701945,0.049999999141202914,-1.4662253871204305e-07,-5.841631360715812e-10,-0.00042121906414406736,-0.0,-0.0,-1.6564803023295607e-12,-1.7011875229729583e-11,-3.140280273181718e-08
318,0.09871326255817792,0.04999999996761969,0.04999999916014789,-1.4594781508529306e-07,-5.860248905340907e-10,-0.0004212297732651233,-0.0,-0.0,-1.6499241856637528e-12,-1.6560739405466387e-11,-3.164819968135487e-08
319,0.09887162938033639,0.04999999996822656,0.04999999917846634,-1.452216573191494e-07,-5.877439295473262e-10,-0.0004212117603420727,-0.0,-0.0,-1.6434211621773811e-12,-1.614111230018396e-11,-3.1894899397895004e-08
320,0.09901806100253811,0.04999999996882699,0.04999999919617998,-1.4444530651102905e-07,-5.893318114242272e-10,-0.0004211651650455885,-0.0,-0.0,-1.6369678606591887e-12,-1.574984382382493e-11,-3.214287923367824e-08
321,0.09915288234490148,0.04999999996941879,0.049999999213307,-1.4362431964915833e-07,-5.908028806261763e-10,-0.00042109050350566175,-0.0,-0.0,-1.6304977853434158e-12,-1.5384139174476852e-11,-3.23921172489375e-08
322,0.09927641591498806,0.04999999997000859,0.049999999229863305,-1.4275847758741592e-07,-5.921522838193958e-10,-0.0004209882618962596,-0.0,-0.0,-1.6240200999380275e-12,-1.504147136557077e-11,-3.2642590367263624e-08
323,0.0993889840389463,0.04999999997059478,0.049999999245865984,-1.418473555995045e-07,-5.933771971400242e-10,-0.00042085912886013317,-0.0,-0.0,-1.6175711341820095e-12,-1.4719650093188672e-11,-3.2894273577050434e-08
324,0.09949090749398393,0.04999999997117498,0.04999999926133389,-1.4088990582665562e-07,-5.944650388891346e-10,-0.0004207033249365652,-0.0,-0.0,-1.6111654882021749e-12,-1.4416809891006733e-11,-3.3147141417718514e-08
325,0.0995825078958119,0.04999999997175632,0.04999999927628651,-1.3988742702515685e-07,-5.954275427576436e-10,-0.000420520692005057,-0.0,-0.0,-1.6048000744747692e-12,-1.4131334345710626e-11,-3.340117248886879e-08
326,0.09966410629207928,0.04999999997232597,0.04999999929073864,-1.3884782405156477e-07,-5.962944821755176e-10,-0.00042031208075839395,-0.0,-0.0,-1.5984079795975443e-12,-1.3861722395550082e-11,-3.365634593137305e-08
327,0.09973601786183987,0.04999999997289572,0.04999999930470315,-1.3776823282473283e-07,-5.970436624609396e-10,-0.0004200779726557939,-0.0,-0.0,-1.5920644879856392e-12,-1.3606637316077399e-11,-3.3912637912036665e-08
328,0.09979855706717171,0.049999999973454536,0.04999999931819563,-1.3664867025642802e-07,-5.976728989182984e-10,-0.0004198190470064915,-0.0,-0.0,-1.5857171595644784e-12,-1.3364910792369392e-11,-3.4170022777201236e-08
329,0.0998520354313236,0.049999999974011854,0.049999999331233155,-1.3548832162122897e-07,-5.981703153332769e-10,-0.00041953553068079956,-0.0,-0.0,-1.5793979093617088e-12,-1.313546506486314e-11,-3.4428474479496816e-08
330,0.09989676276883908,0.04999999997455971,0.04999999934383322,-1.3428877153269064e-07,-5.98547714662495e-10,-0.00041922729908163217,-0.0,-0.0,-1.5731134541337601e-12,-1.291735786129748e-11,-3.468797096899647e-08
331,0.09993304600788695,0.049999999975107484,0.04999999935600918,-1.3305720764040477e-07,-5.988337536974643e-10,-0.00041889518712533115,-0.0,-0.0,-1.5668619621954325e-12,-1.270975095293702e-11,-3.494849069544979e-08
332,0.09996118678595456,0.049999999975646796,0.04999999936777261,-1.317914749213123e-07,-5.990070513738151e-10,-0.0004185396632394129,-0.0,-0.0,-1.5606176782543734e-12,-1.2511865515439436e-11,-3.5210009254107854e-08
333,0.09998148395509983,0.04999999997618017,0.04999999937913747,-1.304915622504963e-07,-5.990662597251508e-10,-0.0004181614006778318,-0.0,-0.0,-1.5544208203943692e-12,-1.2323004571327031e-11,-3.547250049448573e-08
334,0.0999942324915942,0.0499999999767097,0.049999999390119065,-1.291569937502972e-07,-5.98999782576704e-10,-0.00041776062750409,-0.0,-0.0,-1.548259971587788e-12,-1.2142568697960705e-11,-3.573593789200153e-08
335,0.09999972369502452,0.04999999997722365,0.04999999940073294,-1.2778960864424163e-07,-5.988194789712151e-10,-0.000417337246774271,-0.0,-0.0,-1.5421148952464636e-12,-1.1969990905446128e-11,-3.6000298862713864e-08
336,0.09999824428841846,0.04999999997773791,0.049999999410990835,-1.2639608937672928e-07,-5.98552837222686e-10,-0.0004168920734196754,-0.0,-0.0,-1.535997868887314e-12,-1.1804747906911848e-11,-3.626556128996872e-08
337,0.09999007641679522,0.04999999997824429,0.04999999942090299,-1.2497444530518556e-07,-5.981793596681224e-10,-0.0004164255627466572,-0.0,-0.0,-1.5298927788961433e-12,-1.1646356976711284e-11,-3.6531700309701056e-08
338,0.0999754978769233,0.049999999978744075,0.0499999994304818,-1.2352488895554942e-07,-5.976983049942324e-10,-0.00041593837543924976,-0.0,-0.0,-1.5238151917118955e-12,-1.1494368164311582e-11,-3.6798689387283085e-08
339,0.0999547820724448,0.049999999979243315,0.04999999943974083,-1.2204723037153255e-07,-5.970985029916963e-10,-0.00041543073548391384,-0.0,-0.0,-1.5177758342461367e-12,-1.1348382257333449e-11,-3.706650165921681e-08
340,0.09992819724371095,0.04999999997972892,0.04999999944869369,-1.2054352627831793e-07,-5.963918895217393e-10,-0.00041490257397720624,-0.0,-0.0,-1.5117693286577094e-12,-1.1208031665153426e-11,-3.733511412622202e-08
341,0.09989600591519378,0.04999999998020811,0.049999999457350494,-1.1901982176260547e-07,-5.956044809640961e-10,-0.000414354679879628,-0.0,-0.0,-1.505801595805315e-12,-1.1072979184829121e-11,-3.7604504212460684e-08
342,0.09985846684467012,0.049999999980679,0.04999999946572015,-1.1747439626378408e-07,-5.947168149815536e-10,-0.0004137874970304467,-0.0,-0.0,-1.499876770975102e-12,-1.0942929833154305e-11,-3.7874646698843156e-08
343,0.09981583332869519,0.04999999998114557,0.04999999947381365,-1.1590729613929794e-07,-5.93728509039592e-10,-0.0004132016668048148,-0.0,-0.0,-1.493990661288833e-12,-1.0817624668956417e-11,-3.814551477047228e-08
344,0.09976835407263471,0.04999999998160093,0.04999999948164303,-1.1431875032899036e-07,-5.926290165894106e-10,-0.00041259740987139096,-0.0,-0.0,-1.4881109404170322e-12,-1.0696807012997936e-11,-3.841708133581588e-08
345,0.09971627156877173,0.04999999998205127,0.04999999948922018,-1.1271083924006978e-07,-5.914301258044178e-10,-0.00041197467929835884,-0.0,-0.0,-1.4822505741169051e-12,-1.0580217605828412e-11,-3.868932308199228e-08
346,0.09965982190810456,0.04999999998249299,0.049999999496553885,-1.110890262519789e-07,-5.901564696507825e-10,-0.00041133423569965875,-0.0,-0.0,-1.4764187138131082e-12,-1.046762239250056e-11,-3.89622170901594e-08
347,0.0995992382717018,0.04999999998292864,0.04999999950365183,-1.0945189692727755e-07,-5.887896127944049e-10,-0.00041067650807288916,-0.0,-0.0,-1.4706280960136974e-12,-1.035882115654285e-11,-3.923573790727432e-08
348,0.09953474764714146,0.049999999983355636,0.049999999510523675,-1.0779943535855494e-07,-5.873295240230252e-10,-0.0004100021168951871,-0.0,-0.0,-1.464849768577053e-12,-1.0253621333688527e-11,-3.950985855804775e-08
349,0.09946657248473359,0.049999999983775856,0.04999999951717999,-1.0613215996597094e-07,-5.857662150220258e-10,-0.0004093112776411648,-0.0,-0.0,-1.4591113307679999e-12,-1.0151841183616628e-11,-3.978455183292841e-08
350,0.0993949283386738,0.04999999998419049,0.04999999952363114,-1.0445203281597239e-07,-5.841112438859255e-10,-0.00040860395896320713,-0.0,-0.0,-1.4533890324946639e-12,-1.0053312087922345e-11,-4.0059794224768044e-08
351,0.09932002402044703,0.04999999998459517,0.049999999529884605,-1.0276412277020629e-07,-5.823879735143482e-10,-0.00040788089278312104,-0.0,-0.0,-1.4477035347783526e-12,-9.957873099653234e-12,-4.033556259720271e-08
352,0.09924206631880299,0.04999999998499692,0.049999999535946915,-1.0106719797728236e-07,-5.805788902437821e-10,-0.00040714249017567965,-0.0,-0.0,-1.4420412040219958e-12,-9.865381225840588e-12,-4.0611831383033847e-08
353,0.099161255391313,0.04999999998539292,0.0499999995418264,-9.936121915887876e-08,-5.786843212196888e-10,-0.000406389349863146,-0.0,-0.0,-1.4364060092989153e-12,-9.77569570102727e-12,-4.0888573566809384e-08
354,0.09907778711505777,0.04999999998577875,0.049999999547532294,-9.764673892348711e-08,-5.766947691006353e-10,-0.00040562167669194304,-0.0,-0.0,-1.430797159161799e-12,-9.68868291193261e-12,-4.116576195296611e-08
355,0.09899185005245606,0.0499999999861578,0.04999999955307354,-9.592579765694511e-08,-5.746216822734738e-10,-0.0004048394589824286,-0.0,-0.0,-1.4252357281857961e-12,-9.604228573940303e-12,-4.144337294663228e-08
356,0.09890362601852923,0.04999999998652499,0.04999999955845645,-9.420279649713858e-08,-5.724867678414858e-10,-0.0004040433936744757,-0.0,-0.0,-1.419689812465786e-12,-9.52222536378503e-12,-4.172138328543493e-08
357,0.09881329561077859,0.04999999998689036,0.049999999563686524,-9.247675501099045e-08,-5.702736898150051e-10,-0.0004032338736483566,-0.0,-0.0,-1.4141703592199777e-12,-9.44256082570238e-12,-4.199976740359437e-08
358,0.09872103262632534,0.04999999998724444,0.04999999956877088,-9.074771139340399e-08,-5.679830054323053e-10,-0.0004024114726480358,-0.0,-0.0,-1.4086814152214485e-12,-9.365135183289023e-12,-4.227849835930745e-08
359,0.09862700695912655,0.04999999998759416,0.04999999957371744,-8.901618489126256e-08,-5.656057703717358e-10,-0.00040157638953058715,-0.0,-0.0,-1.4032203327535245e-12,-9.289855869122658e-12,-4.255754905666142e-08
360,0.09853138104308254,0.04999999998793525,0.04999999957853393,-8.728391042640243e-08,-5.631529825536771e-10,-0.000400728619489152,-0.0,-0.0,-1.3977863171280058e-12,-9.216633076415405e-12,-4.2836895922331163e-08
361,0.09843431067586592,0.049999999988272155,0.049999999583225735,-8.555489882997155e-08,-5.606452366006383e-10,-0.0003998688297373993,-0.0,-0.0,-1.3923794097181448e-12,-9.145381209508008e-12,-4.311651570357232e-08
362,0.09833595128623497,0.04999999998860275,0.04999999958779747,-8.382834115192165e-08,-5.580670036105183e-10,-0.0003989973919367911,-0.0,-0.0,-1.3870031696550849e-12,-9.076021572945577e-12,-4.339638294096024e-08
363,0.09823645146941035,0.0499999999889279,0.04999999959225518,-8.210426482908526e-08,-5.554191421426506e-10,-0.00039811485557974884,-0.0,-0.0,-1.381656287221811e-12,-9.00848183192498e-12,-4.367647087274115e-08
364,0.09813595640297781,0.04999999998924501,0.049999999596605726,-8.038310852869455e-08,-5.526931519160248e-10,-0.0003972214059924747,-0.0,-0.0,-1.3763355488017087e-12,-8.942691025105002e-12,-4.395675263266544e-08
365,0.09803460377754691,0.04999999998955203,0.049999999600855716,-7.866655909744519e-08,-5.498998423452282e-10,-0.0003963170492341405,-0.0,-0.0,-1.3710445048235431e-12,-8.87858177072615e-12,-4.4237204790909596e-08
366,0.09793252498914355,0.049999999989857824,0.04999999960500964,-7.695808647429071e-08,-5.470583473990983e-10,-0.0003954024184865898,-0.0,-0.0,-1.365785603340277e-12,-8.816094595922454e-12,-4.451780420488114e-08
367,0.09782985178396764,0.04999999999015195,0.04999999960907134,-7.5256923384871e-08,-5.441541269659445e-10,-0.0003944778652873943,-0.0,-0.0,-1.3605500347679696e-12,-8.755172009381238e-12,-4.479852563303068e-08
368,0.0977267092125873,0.04999999999043758,0.04999999961304594,-7.35631922424677e-08,-5.411881904196357e-10,-0.0003935439108599437,-0.0,-0.0,-1.3553370683844828e-12,-8.695755533212943e-12,-4.5079342609605184e-08
369,0.09762321939824578,0.04999999999072166,0.04999999961693928,-7.187726386058018e-08,-5.381526144509592e-10,-0.0003926007304935525,-0.0,-0.0,-1.3501503040389204e-12,-8.637789486703675e-12,-4.536022860308552e-08
370,0.09751949713331132,0.04999999999099895,0.04999999962075704,-7.020052765336766e-08,-5.35057763243875e-10,-0.0003916483379746797,-0.0,-0.0,-1.3449893855793508e-12,-8.581220288349408e-12,-4.564116040574856e-08
371,0.09741565132602663,0.049999999991269674,0.04999999962450294,-6.853609872570175e-08,-5.319213865362748e-10,-0.0003906873306034574,-0.0,-0.0,-1.3398600978823233e-12,-8.52599878916697e-12,-4.5922115080276276e-08
372,0.09731179186044489,0.049999999991532595,0.049999999628180115,-6.688329125007503e-08,-5.287299693458969e-10,-0.0003897180370307141,-0.0,-0.0,-1.3347608424079315e-12,-8.47208204099531e-12,-4.6203067720718476e-08
373,0.09720802214974056,0.049999999991789695,0.0499999996317929,-6.52421477813715e-08,-5.254847578691866e-10,-0.0003887409524973928,-0.0,-0.0,-1.3296861267464016e-12,-8.41942772231313e-12,-4.6483992269004375e-08
374,0.0971044432292053,0.04999999999203811,0.04999999963534624,-6.361300669281475e-08,-5.221782343568895e-10,-0.0003877562401898827,-0.0,-0.0,-1.3246315494715946e-12,-8.367990188817995e-12,-4.676486262542857e-08
375,0.09700114901669604,0.04999999999228316,0.049999999638844946,-6.199707775364523e-08,-5.188203438376319e-10,-0.00038676391940477224,-0.0,-0.0,-1.3196092128385703e-12,-8.317727490027112e-12,-4.704565590696312e-08
376,0.0968982280237007,0.049999999992523386,0.04999999964229206,-6.039703077354131e-08,-5.154274949653175e-10,-0.0003857645517930792,-0.0,-0.0,-1.314616174006563e-12,-8.268604423292383e-12,-4.732634948354698e-08
377,0.09679577027641446,0.04999999999275681,0.0499999996456901,-5.881220561210587e-08,-5.119871552357235e-10,-0.00038475844581988846,-0.0,-0.0,-1.3096442818399019e-12,-8.22058347310731e-12,-4.760691886225009e-08
378,0.09669385965360089,0.049999999992982935,0.049999999649042656,-5.7242687229832154e-08,-5.085006060521416e-10,-0.0003837460675356569,-0.0,-0.0,-1.3046998556274383e-12,-8.17362630931599e-12,-4.788733846731474e-08
379,0.09659257813065487,0.04999999999320265,0.04999999965235388,-5.5688658854236506e-08,-5.049608760881024e-10,-0.00038272756627738254,-0.0,-0.0,-1.299789204425724e-12,-8.127701613518094e-12,-4.81675827316861e-08
380,0.09649200085987598,0.04999999999341831,0.04999999965562781,-5.415117758501858e-08,-5.013775305409195e-10,-0.00038170296685378127,-0.0,-0.0,-1.2949002049955212e-12,-8.082778831002147e-12,-4.8447629191902715e-08
381,0.09639219812658764,0.049999999993631306,0.049999999658866874,-5.2632495065911717e-08,-4.977655876739501e-10,-0.000380672794561902,-0.0,-0.0,-1.2900402038107818e-12,-8.038826414857501e-12,-4.872745561329468e-08
382,0.09629324215075948,0.04999999999383519,0.049999999662073046,-5.113199849515268e-08,-4.941135026809092e-10,-0.00037963733645799465,-0.0,-0.0,-1.2852084102360103e-12,-7.995817335806428e-12,-4.900703801614817e-08
383,0.09619519936703155,0.04999999999403249,0.04999999966524922,-4.964975003465656e-08,-4.904226213031035e-10,-0.00037859703049550027,-0.0,-0.0,-1.2803997915290992e-12,-7.953724819949224e-12,-4.928635140317628e-08
384,0.09609813477850018,0.0499999999942262,0.049999999668398826,-4.818585582475542e-08,-4.866864279502809e-10,-0.00037755201455603294,-0.0,-0.0,-1.2756151487572575e-12,-7.91252132685339e-12,-4.9565370805611474e-08
385,0.09600210691154497,0.04999999999441285,0.04999999967152517,-4.674115146869255e-08,-4.829139545857893e-10,-0.0003765023147115201,-0.0,-0.0,-1.2708552605571947e-12,-7.872180574140434e-12,-4.9844074242878244e-08
386,0.09590716992090448,0.04999999999459654,0.04999999967463015,-4.53175275957137e-08,-4.791190233734531e-10,-0.0003754484209213336,-0.0,-0.0,-1.2661183658801022e-12,-7.83267661757179e-12,-5.012243995609196e-08
387,0.09581338025944086,0.04999999999477573,0.04999999967771519,-4.3914409522579366e-08,-4.752910067819072e-10,-0.0003743906003247613,-0.0,-0.0,-1.2614110940353066e-12,-7.79398613828915e-12,-5.040044454285413e-08
388,0.09572078898839483,0.04999999999495088,0.049999999680782635,-4.2531793302951826e-08,-4.714312246607472e-10,-0.0003733292616010889,-0.0,-0.0,-1.2567263604250103e-12,-7.756087030181472e-12,-5.067806364723482e-08
389,0.09562944614190227,0.04999999999512125,0.04999999968383521,-4.116971877125096e-08,-4.675336736034707e-10,-0.0003722645285978472,-0.0,-0.0,-1.252068523595563e-12,-7.718956559713893e-12,-5.095527298701011e-08
390,0.0955393956365223,0.049999999995285704,0.04999999968687559,-3.982886837097467e-08,-4.6360695784724443e-10,-0.0003711964307709949,-0.0,-0.0,-1.247437605171316e-12,-7.682574802479903e-12,-5.123205114217009e-08
391,0.09545067756558115,0.04999999999544482,0.04999999968990512,-3.8510764077906634e-08,-4.5966357803652615e-10,-0.00037012542169587024,-0.0,-0.0,-1.2428281113489152e-12,-7.646921043319515e-12,-5.1508376895371504e-08
392,0.09536333453701433,0.049999999995600654,0.04999999969292482,-3.721481565118699e-08,-4.556938802344722e-10,-0.0003690517502270547,-0.0,-0.0,-1.2382476229107536e-12,-7.611975931567214e-12,-5.1784227487528724e-08
393,0.09527740422557178,0.0499999999957515,0.04999999969593644,-3.5941048472599445e-08,-4.5169906039909914e-10,-0.0003679757946808444,-0.0,-0.0,-1.2336888237716211e-12,-7.577721102510525e-12,-5.2059579267987975e-08
394,0.09519292358356493,0.04999999999589739,0.049999999698942095,-3.4689386685346876e-08,-4.4767368080916314e-10,-0.0003668976656871574,-0.0,-0.0,-1.2291584679678835e-12,-7.544138705716917e-12,-5.2334408707961296e-08
395,0.09510992384811295,0.049999999996039615,0.049999999701943854,-3.346035358729935e-08,-4.436258728428883e-10,-0.00036581739437162265,-0.0,-0.0,-1.2246504703120321e-12,-7.511212658815197e-12,-5.260869501265702e-08
396,0.09502843294967973,0.04999999999617867,0.0499999997049426,-3.2255151054607e-08,-4.395669104784101e-10,-0.0003647354001190843,-0.0,-0.0,-1.220165231488309e-12,-7.478925333883644e-12,-5.288241756578274e-08
397,0.0949484814956715,0.04999999999631308,0.04999999970793894,-3.107319975622285e-08,-4.3548799642760173e-10,-0.0003636519114065588,-0.0,-0.0,-1.215704600086696e-12,-7.447259824473209e-12,-5.315555431702435e-08
398,0.09487009556795128,0.04999999999644333,0.049999999710934086,-2.991451206066194e-08,-4.3139031753823034e-10,-0.0003625672794716484,-0.0,-0.0,-1.2112709134444089e-12,-7.416201198793235e-12,-5.34280823827181e-08
399,0.09479330084760962,0.04999999999656821,0.04999999971392961,-2.877890826292458e-08,-4.272688399576476e-10,-0.0003614816029211951,-0.0,-0.0,-1.2068630164365752e-12,-7.385736466052177e-12,-5.369997901905632e-08
400,0.09471811768417286,0.04999999999668923,0.049999999716927056,-2.766675310288931e-08,-4.2313117843144206e-10,-0.0003603949121031254,-0.0,-0.0,-1.2024736701527916e-12,-7.355850954961588e-12,-5.3971224092808116e-08
401,0.09464456358148354,0.04999999999680712,0.049999999719926885,-2.6578983714265725e-08,-4.189875273126731e-10,-0.00035930759242481364,-0.0,-0.0,-1.1981085072087647e-12,-7.326529122521466e-12,-5.4241797645159454e-08
402,0.09457265881893594,0.049999999996921445,0.04999999972292934,-2.5515032014292656e-08,-4.1482994143161513e-10,-0.0003582198525456413,-0.0,-0.0,-1.1937663933929532e-12,-7.297756677353524e-12,-5.451167839459784e-08
403,0.09450241956046203,0.049999999997031204,0.04999999972593517,-2.4474881326165013e-08,-4.106595838496115e-10,-0.0003571320163052899,-0.0,-0.0,-1.1894505965828808e-12,-7.269520201734514e-12,-5.478084428996305e-08
404,0.09443386183272327,0.04999999999713889,0.04999999972894544,-2.3458280148333105e-08,-4.064718522683864e-10,-0.0003560441720946328,-0.0,-0.0,-1.1851591746895973e-12,-7.241807355873967e-12,-5.504927343022028e-08
405,0.09436699674469097,0.04999999999724217,0.04999999973196119,-2.2465459826551883e-08,-4.022737664723642e-10,-0.0003549563473224463,-0.0,-0.0,-1.1808933410417484e-12,-7.214606438576654e-12,-5.5316946399358294e-08
406,0.09430183293995999,0.04999999999734273,0.049999999734982516,-2.1497102369037548e-08,-3.980745758221086e-10,-0.0003538688974005996,-0.0,-0.0,-1.1766502906005957e-12,-7.18790615535133e-12,-5.558384394195097e-08
407,0.09423838194101399,0.04999999999744034,0.04999999973800934,-2.0552648074095377e-08,-3.938670035675095e-10,-0.0003527820114033853,-0.0,-0.0,-1.1724311249400457e-12,-7.16169499767055e-12,-5.5849945570273474e-08
408,0.09417665150558065,0.049999999997534364,0.04999999974104203,-1.9632039874434816e-08,-3.8965220668356726e-10,-0.00035169598766170607,-0.0,-0.0,-1.168232998221474e-12,-7.135960775737907e-12,-5.611523008579594e-08
409,0.09411664949773918,0.049999999997625916,0.0499999997440812,-1.8734976878944034e-08,-3.854259487954405e-10,-0.00035061090121719013,-0.0,-0.0,-1.164062624729399e-12,-7.1106924176078294e-12,-5.637967646922424e-08
410,0.09405837920343946,0.04999999999771433,0.04999999974712747,-1.7861583082184044e-08,-3.8119483813965385e-10,-0.00034952677938802175,-0.0,-0.0,-1.1599144869882905e-12,-7.0858800157932186e-12,-5.66432660618297e-08
411,0.0940018418856141,0.04999999999779897,0.0499999997501806,-1.7012322286827856e-08,-3.769670732916864e-10,-0.00034844394509015456,-0.0,-0.0,-1.1557892027423087e-12,-7.061512104018668e-12,-5.6905980354627675e-08
412,0.09394704163426583,0.04999999999788134,0.049999999753240223,-1.618664234334959e-08,-3.727361869252951e-10,-0.00034736257086453103,-0.0,-0.0,-1.1516922461698543e-12,-7.0375792897872024e-12,-5.716779970586528e-08
413,0.09389397919555578,0.04999999999796177,0.04999999975630638,-1.5384437835434652e-08,-3.6850320582213877e-10,-0.0003462829271692051,-0.0,-0.0,-1.1476176522608114e-12,-7.014072859510025e-12,-5.7428703826982075e-08
414,0.09384265555049047,0.049999999998039085,0.049999999759379285,-1.460539269841382e-08,-3.6426439412893717e-10,-0.000345205080817387,-0.0,-0.0,-1.1435674963853771e-12,-6.99098311403588e-12,-5.76886726242673e-08
415,0.09379306753543178,0.04999999999811425,0.04999999976245917,-1.3849519673824454e-08,-3.6002572945026305e-10,-0.0003441290554300712,-0.0,-0.0,-1.1395397718021582e-12,-6.968300512043601e-12,-5.7947688227195694e-08
416,0.09374521026104492,0.04999999999818653,0.049999999765545505,-1.3117100116843127e-08,-3.557945826108986e-10,-0.0003430551441914255,-0.0,-0.0,-1.135540139274503e-12,-6.946016961290056e-12,-5.8205732920443684e-08
417,0.09369908164224786,0.04999999999825486,0.049999999768637664,-1.2407608047830568e-08,-3.515651732595701e-10,-0.000341983504659159,-0.0,-0.0,-1.1315619602717235e-12,-6.924124969177844e-12,-5.846278793309896e-08
418,0.09365467663354937,0.0499999999983223,0.04999999977173539,-1.1720874824798088e-08,-3.47338361806343e-10,-0.00034091438016121354,-0.0,-0.0,-1.1276077866545511e-12,-6.902616045688595e-12,-5.8718833906778596e-08
419,0.09361199050224182,0.0499999999983865,0.04999999977483855,-1.1056568757923401e-08,-3.431109062884501e-10,-0.0003398478281888361,-0.0,-0.0,-1.1236766350234921e-12,-6.881482304820604e-12,-5.897385170947662e-08
420,0.0935710147764352,0.049999999998449236,0.04999999977794705,-1.0414616066981037e-08,-3.388882506201079e-10,-0.0003387838698004277,-0.0,-0.0,-1.1197683399875034e-12,-6.860715808882071e-12,-5.92278242979766e-08
421,0.09353173956029844,0.04999999999850933,0.04999999978106014,-9.795137891113702e-09,-3.346769327543104e-10,-0.00033772277079034853,-0.0,-0.0,-1.1158837878597588e-12,-6.840308929960776e-12,-5.948073477113082e-08
422,0.09349415770355436,0.04999999999856784,0.04999999978417698,-9.197637087470345e-09,-3.3047177423684864e-10,-0.0003366646703330715,-0.0,-0.0,-1.1120217745295707e-12,-6.820253881171757e-12,-5.973256527564298e-08
423,0.09345825937672153,0.04999999999862243,0.049999999787297036,-8.621895024348962e-09,-3.262736666537998e-10,-0.0003356097901629784,-0.0,-0.0,-1.1081857469800162e-12,-6.80054357814036e-12,-5.998329742718566e-08
424,0.0934240352386073,0.049999999998675625,0.049999999790419955,-8.067560245914417e-09,-3.2207962691879445e-10,-0.0003345581766979711,-0.0,-0.0,-1.1043713698562216e-12,-6.781171047832942e-12,-6.023291307920161e-08
425,0.09339147250155702,0.049999999998727264,0.04999999979354533,-7.534495531694984e-09,-3.1789469523077326e-10,-0.00033350985136364935,-0.0,-0.0,-1.1005822279354061e-12,-6.762129277133648e-12,-6.04813960354362e-08
426,0.09336055730039303,0.04999999999877661,0.04999999979667227,-7.022681943634431e-09,-3.1372449885378225e-10,-0.0003324650514154486,-0.0,-0.0,-1.0968148185009978e-12,-6.743411398576361e-12,-6.072873022534187e-08
427,0.0933312783483766,0.04999999999882413,0.04999999979979977,-6.531658914683552e-09,-3.095645416471462e-10,-0.0003314238992013398,-0.0,-0.0,-1.0930744235760938e-12,-6.7250111418515234e-12,-6.097489874589207e-08
428,0.0933036219819346,0.04999999999886986,0.04999999980292713,-6.061162082532625e-09,-3.054157088049661e-10,-0.0003303865944788976,-0.0,-0.0,-1.0893553046847817e-12,-6.706922511408945e-12,-6.121988422508585e-08
429,0.09327757514893877,0.04999999999891429,0.04999999980605375,-5.6108370544144015e-09,-3.012753260950114e-10,-0.00032935317742644225,-0.0,-0.0,-1.0856615366814613e-12,-6.689139067253657e-12,-6.146366951442441e-08
430,0.09325312170765926,0.049999999998956726,0.04999999980917906,-5.180483915538255e-09,-2.9714785619212237e-10,-0.0003283236630027972,-0.0,-0.0,-1.0819902558772978e-12,-6.671655069009453e-12,-6.17062393011207e-08
431,0.0932302445894096,0.04999999999899773,0.049999999812302014,-4.769984268473758e-09,-2.930383874393807e-10,-0.00032729826395479873,-0.0,-0.0,-1.0783445430054264e-12,-6.654465201806362e-12,-6.194757842091861e-08
432,0.09320892925322717,0.049999999999036975,0.04999999981542154,-4.378900877256669e-09,-2.889429338811297e-10,-0.0003262770903449183,-0.0,-0.0,-1.0747203545235924e-12,-6.63756431890636e-12,-6.218767093615447e-08
433,0.09318915909188169,0.049999999999073924,0.049999999818536776,-4.006941202367903e-09,-2.8486220916845974e-10,-0.00032526031882025553,-0.0,-0.0,-1.0711198339307333e-12,-6.6209468405538246e-12,-6.242650049015277e-08
434,0.09317091810023206,0.049999999999110256,0.04999999982164701,-3.6537423713406383e-09,-2.807939355377788e-10,-0.0003242479815594079,-0.0,-0.0,-1.0675399293288277e-12,-6.604606814527435e-12,-6.266405097715998e-08
435,0.0931541875410148,0.049999999999145284,0.0499999998247515,-3.3190699616027133e-09,-2.767421267115769e-10,-0.0003232400901706041,-0.0,-0.0,-1.0639840678539514e-12,-6.588538033096775e-12,-6.29003080074806e-08
436,0.09313894794423744,0.04999999999917895,0.04999999982784913,-3.0027228955204227e-09,-2.727112397040634e-10,-0.000322236835011869,-0.0,-0.0,-1.0604541059191537e-12,-6.572735909254208e-12,-6.313525732903668e-08
437,0.0931251822630441,0.04999999999921088,0.049999999830938786,-2.704281620758818e-09,-2.6869773477603827e-10,-0.00032123831061030197,-0.0,-0.0,-1.0569460234124718e-12,-6.557195653231738e-12,-6.336888400579268e-08
438,0.09311287160032866,0.049999999999241596,0.04999999983401954,-2.4234356137875105e-09,-2.647023408753316e-10,-0.000320244934974866,-0.0,-0.0,-1.053463177789027e-12,-6.541912088201299e-12,-6.360117033447226e-08
439,0.09310200212952684,0.04999999999927129,0.04999999983709081,-2.1597789846950347e-09,-2.6071208382821554e-10,-0.0003192564628225265,-0.0,-0.0,-1.0500022167627645e-12,-6.5268799892167776e-12,-6.383209903835103e-08
440,0.09309254872488056,0.04999999999929986,0.04999999984015195,-1.9131067460912647e-09,-2.5674265218441944e-10,-0.0003182729038755785,-0.0,-0.0,-1.04656777550625e-12,-6.512094830813263e-12,-6.40616570846355e-08
441,0.09308449019269767,0.04999999999932683,0.049999999843201776,-1.6831576665502877e-09,-2.5279777606248776e-10,-0.0003172944253569593,-0.0,-0.0,-1.0431547445444633e-12,-6.4975523790741966e-12,-6.428983152778526e-08
442,0.09307780759475091,0.04999999999935258,0.049999999846239096,-1.4695359094187456e-09,-2.4887433296653975e-10,-0.00031632111046651153,-0.0,-0.0,-1.0397659033301364e-12,-6.483247680460776e-12,-6.451660879047823e-08
443,0.09307248042259457,0.04999999999937712,0.04999999984926291,-1.271915195828481e-09,-2.44972846954043e-10,-0.0003153533467060068,-0.0,-0.0,-1.0364019077708511e-12,-6.469176594385786e-12,-6.474197260759031e-08
444,0.0930684931007734,0.04999999999940156,0.04999999985227249,-1.089911880889423e-09,-2.410813328532962e-10,-0.0003143908947300726,-0.0,-0.0,-1.0330603035297255e-12,-6.455334610860207e-12,-6.496590712071206e-08
445,0.09306581932472793,0.049999999999424845,0.0499999998552671,-9.232684042050838e-10,-2.3721413230123724e-10,-0.0003134337607560246,-0.0,-0.0,-1.0297428110114673e-12,-6.441717240872104e-12,-6.518840051275057e-08
446,0.09306443672195691,0.04999999999944669,0.049999999858245534,-7.716831439400813e-10,-2.333744232877416e-10,-0.00031248209201670523,-0.0,-0.0,-1.0264486512941557e-12,-6.4283202269359875e-12,-6.540944104039197e-08
447,0.09306432505665359,0.049999999999468234,0.04999999986120662,-6.347820534023117e-10,-2.2955942833628825e-10,-0.0003115359582556146,-0.0,-0.0,-1.0231810425687833e-12,-6.415140215106906e-12,-6.562901640170382e-08
448,0.09306546270355966,0.049999999999488974,0.04999999986414935,-5.122322605305093e-10,-2.2576963214846758e-10,-0.0003105957196894539,-0.0,-0.0,-1.0199371112959311e-12,-6.402174603215961e-12,-6.584711170912751e-08
449,0.093067832889528,0.04999999999950776,0.04999999986707296,-4.0367236936930893e-10,-2.219939479891093e-10,-0.00030966114302338597,-0.0,-0.0,-1.0167113714925436e-12,-6.389418602557243e-12,-6.60637124531e-08
450,0.09307140865523422,0.0499999999995262,0.049999999869976684,-3.08811333741822e-10,-2.1824545845685526e-10,-0.0003087322293518789,-0.0,-0.0,-1.0135116188182983e-12,-6.3768676254827684e-12,-6.627880799010174e-08
451,0.09307616690640225,0.04999999999954377,0.04999999987285937,-2.2732513510367364e-10,-2.145269288032967e-10,-0.00030780910742945333,-0.0,-0.0,-1.010335067199799e-12,-6.364518595127527e-12,-6.649238775927888e-08
452,0.09308208660026601,0.049999999999560965,0.04999999987571994,-1.588619762452893e-10,-2.108359003255057e-10,-0.00030689183776980584,-0.0,-0.0,-1.0071816824373581e-12,-6.352367880222095e-12,-6.670444068193428e-08
453,0.09308914551928724,0.04999999999957712,0.049999999878557425,-1.0308990091894185e-10,-2.0717270028043672e-10,-0.00030598049766099333,-0.0,-0.0,-1.0040515023488555e-12,-6.340411910229493e-12,-6.691495568035365e-08
454,0.09309732166719703,0.04999999999959236,0.04999999988137095,-5.967375347315667e-11,-2.035369428603251e-10,-0.00030507512244635175,-0.0,-0.0,-1.0009449932576773e-12,-6.328647357003726e-12,-6.712392188648882e-08
455,0.09310659238044007,0.049999999999607,0.04999999988415966,-2.8293996462894122e-11,-1.9992980172269732e-10,-0.0003041757097084672,-0.0,-0.0,-9.9786067525539e-13,-6.3170708251990875e-12,-6.733132938809893e-08
456,0.09311693429724974,0.049999999999620806,0.049999999886922566,-8.623703221603517e-12,-1.9635370683586433e-10,-0.000303282369901837,-0.0,-0.0,-9.948015076293905e-13,-6.3056795476719535e-12,-6.753716841382784e-08
457,0.0931283259632965,0.049999999999634094,0.04999999988965875,-3.326778820640941e-13,-1.9280661307924753e-10,-0.00030239515376927857,-0.0,-0.0,-9.917615654839819e-13,-6.294470201355336e-12,-6.774142876326226e-08
458,0.093140744949925,0.04999999999964644,0.049999999892367385,-3.0984184852691165e-12,-1.8928882231646297e-10,-0.00030151412262980986,-0.0,-0.0,-9.88743310901618e-13,-6.283437864298654e-12,-6.794410030557221e-08
459,0.09315416901440554,0.049999999999658484,0.04999999989504774,-1.6602835584698808e-11,-1.8580017762688323e-10,-0.0003006393059537395,-0.0,-0.0,-9.85753121292361e-13,-6.272579503913276e-12,-6.814517315320508e-08
460,0.09316857547822488,0.049999999999670294,0.04999999989769907,-4.052680703765116e-11,-1.823416403868407e-10,-0.00029977069903745047,-0.0,-0.0,-9.827854578732389e-13,-6.261893109214963e-12,-6.834463828426404e-08
461,0.09318394108032263,0.04999999999968105,0.049999999900320585,-7.455123646863587e-11,-1.7891527120938387e-10,-0.00029890839477388526,-0.0,-0.0,-9.798396447935055e-13,-6.251375314782535e-12,-6.854248683893647e-08
462,0.09320024430087187,0.04999999999969174,0.04999999990291151,-1.183651063856823e-10,-1.7551939155390707e-10,-0.00029805243384636333,-0.0,-0.0,-9.769176712171279e-13,-6.241022890226602e-12,-6.873870962118852e-08
463,0.09321746281333468,0.04999999999970169,0.04999999990547119,-1.7165879127534709e-10,-1.721542921312416e-10,-0.0002972028637454875,-0.0,-0.0,-9.74019751126611e-13,-6.230833397653873e-12,-6.893329756277902e-08
464,0.09323557447826014,0.04999999999971108,0.04999999990799901,-2.341319890636891e-10,-1.6881995680933025e-10,-0.0002963597111456051,-0.0,-0.0,-9.71142704497908e-13,-6.220803835123395e-12,-6.912624182830222e-08
465,0.0932545569539231,0.04999999999971996,0.04999999991049439,-3.054729645053349e-10,-1.655170497437388e-10,-0.00029552296624214217,-0.0,-0.0,-9.68290163620486e-13,-6.210931260954802e-12,-6.931753436162613e-08
466,0.09327438733525806,0.04999999999972859,0.0499999999129567,-3.8537645530478627e-10,-1.622473961281902e-10,-0.0002946927078449833,-0.0,-0.0,-9.65459802504213e-13,-6.20121328317488e-12,-6.950716729434613e-08
467,0.0932950443735836,0.04999999999973683,0.04999999991538534,-4.735483385806196e-10,-1.5900955127950726e-10,-0.0002938689663348994,-0.0,-0.0,-9.62652218636527e-13,-6.191647170262981e-12,-6.969513249411233e-08
468,0.09331650611807221,0.04999999999974463,0.049999999917779786,-5.696937009427748e-10,-1.558038191527504e-10,-0.00029305177789660017,-0.0,-0.0,-9.598667323588196e-13,-6.1822301825667135e-12,-6.988142200465223e-08
469,0.09333875083666401,0.049999999999752104,0.04999999992013958,-6.735310130565441e-10,-1.5263024191249584e-10,-0.0002922411633856364,-0.0,-0.0,-9.571054727044558e-13,-6.1729601097781594e-12,-7.006602810816166e-08
470,0.0933617567270566,0.049999999999758966,0.04999999992246427,-7.847616592447931e-10,-1.494893274665075e-10,-0.00029143711199909096,-0.0,-0.0,-9.54364945581693e-13,-6.1638347987618786e-12,-7.02489437764467e-08
471,0.09338550156589445,0.04999999999976537,0.04999999992475338,-9.030942591247979e-10,-1.4638254749050383e-10,-0.0002906396872085142,-0.0,-0.0,-9.516465526300588e-13,-6.154851588414992e-12,-7.04301621765966e-08
472,0.09340996457358486,0.04999999999977159,0.04999999992700649,-1.0282556365087001e-09,-1.4330874095774204e-10,-0.00028984891133532973,-0.0,-0.0,-9.489496873674168e-13,-6.14600792163207e-12,-7.060967628953212e-08
473,0.09343512444369585,0.04999999999977755,0.049999999929223216,-1.1599658642937207e-09,-1.4026816452971333e-10,-0.00028906480794113246,-0.0,-0.0,-9.46275196952249e-13,-6.137301255656997e-12,-7.078747932571007e-08
474,0.0934609600408318,0.049999999999783135,0.049999999931403236,-1.297966032426064e-09,-1.372609765492184e-10,-0.0002882873957577471,-0.0,-0.0,-9.43622761159341e-13,-6.1287291984588904e-12,-7.096356472777009e-08
475,0.09348745038713721,0.04999999999978835,0.04999999993354625,-1.441969868422721e-09,-1.3428743238270374e-10,-0.00028751666025259856,-0.0,-0.0,-9.409923645764973e-13,-6.120289326310304e-12,-7.113792653702849e-08
476,0.09351457409295677,0.04999999999979323,0.049999999935651934,-1.591701334510049e-09,-1.313487795838871e-10,-0.0002867526522533584,-0.0,-0.0,-9.383853937805128e-13,-6.1119797183742544e-12,-7.131055901028814e-08
477,0.09354231108789664,0.049999999999797845,0.04999999993772,-1.7469088582967836e-09,-1.2844404733471276e-10,-0.00028599538752871587,-0.0,-0.0,-9.357982844068513e-13,-6.1037980912682205e-12,-7.148145626591426e-08
478,0.0935706409082737,0.04999999999980216,0.04999999993975023,-1.9073360299413414e-09,-1.2557341883402337e-10,-0.0002852448780631942,-0.0,-0.0,-9.332345593134986e-13,-6.095742043173698e-12,-7.165061269362355e-08
479,0.09359954321969342,0.04999999999980642,0.04999999994174244,-2.0727424842381983e-09,-1.2273714386104282e-10,-0.00028450113886485526,-0.0,-0.0,-9.30691933486644e-13,-6.087809598398117e-12,-7.181802292937645e-08
480,0.09362899800017743,0.04999999999981028,0.04999999994369648,-2.2428621293015788e-09,-1.1993531516295023e-10,-0.00028376415283016767,-0.0,-0.0,-9.281706105912472e-13,-6.079998283002192e-12,-7.198368213220481e-08
481,0.09365898487647711,0.0499999999998139,0.04999999994561219,-2.4174355270258142e-09,-1.171689488881766e-10,-0.0002830339599816156,-0.0,-0.0,-9.256709480821436e-13,-6.072305566071909e-12,-7.214758567820591e-08
482,0.09368948467258548,0.04999999999981718,0.04999999994748943,-2.5962345683825035e-09,-1.1443721179187877e-10,-0.00028231056936487705,-0.0,-0.0,-9.231949611017948e-13,-6.064729480496749e-12,-7.23097288491811e-08
483,0.09372047791849969,0.04999999999982024,0.04999999994932813,-2.7790239070674797e-09,-1.117402393352194e-10,-0.0002815939833264229,-0.0,-0.0,-9.20740985087472e-13,-6.057268515287124e-12,-7.247010723451272e-08
484,0.0937519452518297,0.049999999999823075,0.04999999995112825,-2.9655827096411135e-09,-1.0907831836723703e-10,-0.00028088421265246396,-0.0,-0.0,-9.183075804638072e-13,-6.049920653445624e-12,-7.262871668015125e-08
485,0.09378386773485914,0.049999999999825656,0.049999999952889784,-3.1556636409766785e-09,-1.0645142271889435e-10,-0.0002801812382062073,-0.0,-0.0,-9.1589544229162e-13,-6.04268365610948e-12,-7.278555348918933e-08
486,0.09381622613428416,0.049999999999827946,0.04999999995461272,-3.3490346384898093e-09,-1.038603514546138e-10,-0.00027948508939074887,-0.0,-0.0,-9.13505793605851e-13,-6.035555799312034e-12,-7.294061418696898e-08
487,0.09384900230065814,0.04999999999983008,0.049999999956297066,-3.545482172571708e-09,-1.0130440681171825e-10,-0.00027879576935009657,-0.0,-0.0,-9.11136273641893e-13,-6.0285352427117344e-12,-7.309389525035665e-08
488,0.09388217788265601,0.04999999999983218,0.04999999995794289,-3.744793697953582e-09,-9.878366710010938e-11,-0.00027811327147452843,-0.0,-0.0,-9.087883604052323e-13,-6.021619922294043e-12,-7.324539349481289e-08
489,0.09391573460610785,0.04999999999983404,0.04999999995955029,-3.9467690037725074e-09,-9.629844192158876e-11,-0.000277437603711077,-0.0,-0.0,-9.064620318577904e-13,-6.014808228000692e-12,-7.33951059916143e-08
490,0.0939496547364407,0.04999999999983576,0.04999999996111937,-4.1511853336966885e-09,-9.384857143627783e-11,-0.0002767687439042327,-0.0,-0.0,-9.04156673197579e-13,-6.00809867565898e-12,-7.354303020795151e-08
491,0.09398392027102859,0.049999999999837154,0.04999999996265027,-4.3578257101110975e-09,-9.143469238865972e-11,-0.0002761067134926662,-0.0,-0.0,-9.01871818975848e-13,-6.001489769952213e-12,-7.368916383120258e-08
492,0.09401851420426355,0.049999999999838354,0.04999999996414313,-4.5665055460017555e-09,-8.905617006250332e-11,-0.00027545150862088376,-0.0,-0.0,-8.996061737325071e-13,-5.994979651571582e-12,-7.383350454104109e-08
493,0.09405341937116832,0.04999999999983926,0.049999999965598146,-4.77703046367241e-09,-8.67130737424136e-11,-0.0002748031146082156,-0.0,-0.0,-8.973614906167957e-13,-5.988566483342533e-12,-7.397605040185324e-08
494,0.09408861867827813,0.04999999999984015,0.049999999967015527,-4.989219742244329e-09,-8.440571615024193e-11,-0.00027416153769942235,-0.0,-0.0,-8.951360150223529e-13,-5.982248373795765e-12,-7.411679972065894e-08
495,0.09412409568505649,0.04999999999984093,0.04999999996839552,-5.202875047624483e-09,-8.213379799180594e-11,-0.00027352675441960584,-0.0,-0.0,-8.929317480137931e-13,-5.976023358998613e-12,-7.425575111723916e-08
496,0.09415983370446454,0.04999999999984156,0.04999999996973836,-5.4178041421107075e-09,-7.98977744471994e-11,-0.00027289877605969225,-0.0,-0.0,-8.907483904347445e-13,-5.969889953683874e-12,-7.439290344643228e-08
497,0.09419581690721465,0.049999999999842004,0.049999999971044325,-5.633839947388737e-09,-7.769713865420488e-11,-0.00027227759500579157,-0.0,-0.0,-8.885853931877462e-13,-5.963846646806882e-12,-7.452825559626689e-08
498,0.09423202942304162,0.049999999999842226,0.04999999997231372,-5.850807269851771e-09,-7.553187457454728e-11,-0.0002716631882352711,-0.0,-0.0,-8.864425271398015e-13,-5.957891876842702e-12,-7.466180686278987e-08
499,0.09426845538136641,0.04999999999984226,0.04999999997354685,-6.068547588119345e-09,-7.34023132573211e-11,-0.0002710555603639015,-0.0,-0.0,-8.843190742720107e-13,-5.952023856747887e-12,-7.479355678469075e-08
500,0.09430507968264085,0.049999999999842226,0.04999999997474408,-6.286884382816148e-09,-7.130804064334036e-11,-0.00027045468531820225,-0.0,-0.0,-8.822166646112811e-13,-5.946240985010308e-12,-7.492350515181506e-08
501,0.0943418869704183,0.04999999999984195,0.04999999997590574,-6.505652498741366e-09,-6.924938608842498e-11,-0.0002698605671965935,-0.0,-0.0,-8.801341811162207e-13,-5.9405419464163026e-12,-7.505165199451036e-08
502,0.09437886267619776,0.04999999999984167,0.04999999997703222,-6.724702413203626e-09,-6.722589272008621e-11,-0.00026927319293497875,-0.0,-0.0,-8.780712762287782e-13,-5.934925203235868e-12,-7.51779974129024e-08
503,0.09441599222759954,0.049999999999841144,0.04999999997812391,-6.9438732783533535e-09,-6.523751716888417e-11,-0.0002686925342515163,-0.0,-0.0,-8.760287967219708e-13,-5.929389468258612e-12,-7.530254193293782e-08
504,0.09445326105079603,0.049999999999840505,0.049999999979181226,-7.163035345557003e-09,-6.328453588478797e-11,-0.00026811859255490344,-0.0,-0.0,-8.740048489893097e-13,-5.9239333787367574e-12,-7.54252863152457e-08
505,0.09449065538352087,0.049999999999839694,0.04999999998020458,-7.3820286950286515e-09,-6.136648204066231e-11,-0.00026755134168248584,-0.0,-0.0,-8.720006016216823e-13,-5.918555449340814e-12,-7.55462315079805e-08
506,0.09452816126149216,0.04999999999983868,0.049999999981194435,-7.600711615745666e-09,-5.948351878440701e-11,-0.00026699077807278057,-0.0,-0.0,-8.700153419367988e-13,-5.913254363998011e-12,-7.566537869094607e-08
507,0.09456576537635314,0.04999999999983765,0.04999999998215123,-7.818957749902596e-09,-5.763525521241783e-11,-0.00026643688433324,-0.0,-0.0,-8.680488308135149e-13,-5.908028614639749e-12,-7.578272915402199e-08
508,0.09460345447982572,0.049999999999836474,0.049999999983075444,-8.036620479465318e-09,-5.582160583227448e-11,-0.00026588962789177265,-0.0,-0.0,-8.661016719374158e-13,-5.902876787814604e-12,-7.589828461658634e-08
509,0.0946412153237546,0.04999999999983515,0.04999999998396756,-8.2535871865372e-09,-5.404278178425371e-11,-0.00026534900622374093,-0.0,-0.0,-8.641739070584341e-13,-5.8977977669892894e-12,-7.601204703146778e-08
510,0.09467903546280908,0.04999999999983362,0.04999999998482807,-8.469724172381388e-09,-5.229829663357006e-11,-0.0002648149919563646,-0.0,-0.0,-8.622638140465042e-13,-5.8927901673115736e-12,-7.612401850458953e-08
511,0.09471690230002694,0.04999999999983198,0.04999999998565749,-8.684914490598527e-09,-5.058819583553489e-11,-0.00026428757458846626,-0.0,-0.0,-8.6037336290156e-13,-5.887852660180874e-12,-7.62342013767597e-08
512,0.09475480380150332,0.04999999999983017,0.04999999998645634,-8.899040351343367e-09,-4.891213436174319e-11,-0.00026376673553092373,-0.0,-0.0,-8.585003206510625e-13,-5.8829839345737814e-12,-7.634259810280559e-08
513,0.09479272807180994,0.04999999999982818,0.049999999987225145,-9.111987868001294e-09,-4.726992962918566e-11,-0.00026325243492807484,-0.0,-0.0,-8.566465665072704e-13,-5.87818257232822e-12,-7.644921157759284e-08
514,0.09483066312982721,0.04999999999982618,0.04999999998796444,-9.323651044440122e-09,-4.566180033431459e-11,-0.0002627446698792317,-0.0,-0.0,-8.548106830102484e-13,-5.873447312062576e-12,-7.655404493041566e-08
515,0.09486859789477138,0.049999999999824,0.049999999988674784,-9.53391186158351e-09,-4.4087176868924106e-11,-0.0002622434114595191,-0.0,-0.0,-8.529932347429041e-13,-5.868776681713029e-12,-7.66571013783428e-08
516,0.09490652110109207,0.04999999999982164,0.049999999989356725,-9.742690948477895e-09,-4.254601481728835e-11,-0.00026174864348795966,-0.0,-0.0,-8.511953362385984e-13,-5.864169684818346e-12,-7.675838437532518e-08
517,0.09494442198832975,0.04999999999981913,0.04999999999001082,-9.949873784056143e-09,-4.1037992097506667e-11,-0.00026126034320495586,-0.0,-0.0,-8.494142455422465e-13,-5.859625150241097e-12,-7.685789752169806e-08
518,0.09498228994328264,0.049999999999816504,0.04999999999063765,-1.0155367412720637e-08,-3.956290387786622e-11,-0.0002607784672875126,-0.0,-0.0,-8.476518995666498e-13,-5.855141717846371e-12,-7.695564486581394e-08
519,0.09502011427686818,0.049999999999813804,0.0499999999912378,-1.035908489547577e-08,-3.812090053866666e-11,-0.00026030301098527414,-0.0,-0.0,-8.459076683297856e-13,-5.8507184689209e-12,-7.705163067138803e-08
520,0.095057885207881,0.04999999999981086,0.04999999999181182,-1.0560932901929134e-08,-3.671137997250717e-11,-0.000259833943731955,-0.0,-0.0,-8.441802251043239e-13,-5.8463541568727715e-12,-7.714585925069806e-08
521,0.09509559277866687,0.049999999999807775,0.04999999999236031,-1.0760844556490782e-08,-3.533422346073745e-11,-0.0002593712457042118,-0.0,-0.0,-8.424713018372528e-13,-5.842047636160279e-12,-7.723833513849051e-08
522,0.09513322749017868,0.049999999999804604,0.04999999999288386,-1.0958717723637447e-08,-3.398909571937528e-11,-0.00025891488919967896,-0.0,-0.0,-8.407792747070581e-13,-5.8377979319532e-12,-7.732906304070873e-08
523,0.0951707799537505,0.04999999999980122,0.049999999993383074,-1.1154486475762916e-08,-3.2675791068900924e-11,-0.00025846482974016126,-0.0,-0.0,-8.39104814714184e-13,-5.83360397148239e-12,-7.741804810915224e-08
524,0.09520824077433848,0.04999999999979772,0.04999999999385852,-1.1348066853174341e-08,-3.139436091103156e-11,-0.00025802105869387587,-0.0,-0.0,-8.374472025899204e-13,-5.829464795412751e-12,-7.750529569562523e-08
525,0.09524560138392912,0.049999999999794105,0.04999999999431081,-1.1539400457314278e-08,-3.014421956545078e-11,-0.00025758354508024654,-0.0,-0.0,-8.358056478661293e-13,-5.825379114597481e-12,-7.759081117724774e-08
526,0.0952828531083513,0.049999999999790296,0.049999999994740536,-1.1728420611081796e-08,-2.8925165749693e-11,-0.0002571522647975212,-0.0,-0.0,-8.341815836083968e-13,-5.821345688068367e-12,-7.767460013847472e-08
527,0.09531998763578205,0.04999999999978643,0.0499999999951483,-1.1915060406912402e-08,-2.7736868099978633e-11,-0.0002567271888672523,-0.0,-0.0,-8.325753974810716e-13,-5.8173638221677965e-12,-7.77566683311682e-08
528,0.09535699682479042,0.04999999999978239,0.04999999999553469,-1.2099249995365046e-08,-2.6579063891249127e-11,-0.0002563082684061574,-0.0,-0.0,-8.309844980696294e-13,-5.813432613483515e-12,-7.783702195318696e-08
529,0.09539387245285375,0.04999999999977822,0.04999999999590032,-1.2280930522060207e-08,-2.5451773453330948e-11,-0.0002558954937956986,-0.0,-0.0,-8.294107751382115e-13,-5.809551047335003e-12,-7.79156673977731e-08
530,0.09543060717053829,0.04999999999977386,0.049999999996245756,-1.246004710931468e-08,-2.4354386296311586e-11,-0.0002554888324777066,-0.0,-0.0,-8.278521530049541e-13,-5.805718139703274e-12,-7.799261104584412e-08
531,0.0954671934861949,0.04999999999976934,0.049999999996571606,-1.2636573399802877e-08,-2.3286654243255548e-11,-0.00025508825644677006,-0.0,-0.0,-8.263093251498179e-13,-5.80193247913398e-12,-7.806785948635283e-08
532,0.09550362424335113,0.0499999999997647,0.04999999999687847,-1.2810432652590836e-08,-2.22482462309626e-11,-0.0002546937347241047,-0.0,-0.0,-8.247841747008132e-13,-5.7981931735506755e-12,-7.814141948212186e-08
533,0.09553989245371415,0.0499999999997599,0.04999999999716692,-1.2981585553460452e-08,-2.1238864703937202e-11,-0.0002543052170356908,-0.0,-0.0,-8.232746645611094e-13,-5.79449955460009e-12,-7.821329821957911e-08
534,0.09557599106562294,0.04999999999975499,0.04999999999743756,-1.314996895605987e-08,-2.0258458518127358e-11,-0.00025392269098833275,-0.0,-0.0,-8.217802318910812e-13,-5.7908504689445896e-12,-7.828350306799157e-08
535,0.09561191383855512,0.04999999999974988,0.04999999999769094,-1.3315558240493649e-08,-1.9306431541078575e-11,-0.0002535461229869475,-0.0,-0.0,-8.203030840262064e-13,-5.787245150274858e-12,-7.835204136762158e-08
536,0.09564765441834709,0.04999999999974464,0.04999999999792765,-1.3478337913767007e-08,-1.838249058451154e-11,-0.0002531754821594971,-0.0,-0.0,-8.188399633550936e-13,-5.783682800225828e-12,-7.841892065449697e-08
537,0.09568320673571594,0.049999999999739225,0.04999999999814827,-1.363825135494679e-08,-1.7486294563901498e-11,-0.00025281073510371294,-0.0,-0.0,-8.173931763898513e-13,-5.780162452336446e-12,-7.848414864343591e-08
538,0.0957185648926002,0.049999999999733646,0.04999999999835335,-1.379525920328553e-08,-1.6617525526600086e-11,-0.0002524518304262981,-0.0,-0.0,-8.159608047787223e-13,-5.776683329044395e-12,-7.854773345830746e-08
539,0.09575372292862527,0.049999999999727957,0.04999999999854346,-1.3949316090923936e-08,-1.577606820271018e-11,-0.0002520987542522583,-0.0,-0.0,-8.145439907133662e-13,-5.7732445623224445e-12,-7.860968337937231e-08
540,0.09578867566936747,0.04999999999972207,0.04999999999871914,-1.4100406207463584e-08,-1.496133008744456e-11,-0.0002517514710060672,-0.0,-0.0,-8.131413191438928e-13,-5.7698452814933325e-12,-7.867000664315859e-08
541,0.09582341779977233,0.04999999999971606,0.04999999999888095,-1.4248543121770809e-08,-1.4172995972583574e-11,-0.00025140994774909277,-0.0,-0.0,-8.117536061955954e-13,-5.766484465163821e-12,-7.872871167665665e-08
542,0.09585794428563757,0.04999999999970987,0.049999999999029425,-1.4393666546586042e-08,-1.3410709152722955e-11,-0.00025107415067491656,-0.0,-0.0,-8.103814235799898e-13,-5.763161471388573e-12,-7.878580706193464e-08
543,0.09589225026686442,0.04999999999970353,0.049999999999165094,-1.4535750947552312e-08,-1.2674115743959739e-11,-0.00025074402477376893,-0.0,-0.0,-8.09021743009574e-13,-5.759875196868007e-12,-7.884130178688723e-08
544,0.09592633076162202,0.049999999999697065,0.04999999999928848,-1.4674760953707999e-08,-1.1963075432792607e-11,-0.00025041955414803127,-0.0,-0.0,-8.07679081610713e-13,-5.756624766626236e-12,-7.889520501185917e-08
545,0.0959601815694297,0.04999999999969044,0.04999999999940011,-1.4810701036088282e-08,-1.1277011095708936e-11,-0.00025010070445802426,-0.0,-0.0,-8.063496304327811e-13,-5.75340968355857e-12,-7.894752580991121e-08
546,0.09599379839432322,0.049999999999683666,0.049999999999500486,-1.4943592127325096e-08,-1.0615557513879977e-11,-0.000249787440702901,-0.0,-0.0,-8.050352327724836e-13,-5.750229172225563e-12,-7.899827340514188e-08
547,0.0960271771512671,0.04999999999967669,0.0499999999995901,-1.5073383176946296e-08,-9.978350134481617e-12,-0.00024947972589058585,-0.0,-0.0,-8.037343839883645e-13,-5.747082700710308e-12,-7.904745719279872e-08
548,0.09606031389344545,0.049999999999669545,0.04999999999966946,-1.520006606913917e-08,-9.365037262904385e-12,-0.00024917750573430025,-0.0,-0.0,-8.024458850946119e-13,-5.743969184951977e-12,-7.909508695688537e-08
549,0.09609320460970766,0.049999999999662204,0.04999999999973903,-1.5323599991746713e-08,-8.775413206861007e-12,-0.0002488807627295658,-0.0,-0.0,-8.011724871069065e-13,-5.740887741843159e-12,-7.914117261738328e-08
550,0.09612584599632168,0.04999999999965477,0.0499999999997993,-1.5444015093732184e-08,-8.208920509912818e-12,-0.00024858946072528243,-0.0,-0.0,-7.999121657364527e-13,-5.737837741749115e-12,-7.918572400226316e-08
551,0.09615823464933763,0.049999999999647146,0.04999999999985072,-1.5561333690825874e-08,-7.665187080526976e-12,-0.0002483035616542049,-0.0,-0.0,-7.986656413001223e-13,-5.7348183427102086e-12,-7.922875110472846e-08
552,0.09619036733599157,0.0499999999996394,0.049999999999893754,-1.56755134005057e-08,-7.143851440112495e-12,-0.00024802302927379334,-0.0,-0.0,-7.974326486201979e-13,-5.7318288591952474e-12,-7.927026407180558e-08
553,0.09622224100295211,0.04999999999963148,0.04999999999992884,-1.5786556071495753e-08,-6.644531282045235e-12,-0.0002477478083463522,-0.0,-0.0,-7.962123220111231e-13,-5.728868422726831e-12,-7.931027339903161e-08
554,0.09625385248568012,0.049999999999623373,0.04999999999995641,-1.589445309118394e-08,-6.166984231941628e-12,-0.00024747787971233885,-0.0,-0.0,-7.950067769744584e-13,-5.725936497588335e-12,-7.934878970835454e-08
555,0.0962851993120782,0.0499999999996151,0.04999999999997689,-1.5999215136648244e-08,-5.710676627691276e-12,-0.0002472132059765459,-0.0,-0.0,-7.938132356096847e-13,-5.723032665370422e-12,-7.938582352274742e-08
556,0.09631627888958288,0.049999999999606665,0.04999999999999069,-1.6100880257200642e-08,-5.2752290700145435e-12,-0.00024695374828227805,-0.0,-0.0,-7.926329079299264e-13,-5.720156322527166e-12,-7.942138551356416e-08
557,0.09634708878972799,0.049999999999598074,0.049999999999998226,-1.6199412948524598e-08,-4.8602685930758075e-12,-0.0002466994696833291,-0.0,-0.0,-7.914636817728608e-13,-5.7173067504419836e-12,-7.94554864838049e-08
558,0.09637762675027926,0.04999999999958931,0.04999999999999988,-1.629481659944929e-08,-4.465405526138971e-12,-0.00024645031476515177,-0.0,-0.0,-7.903069225005089e-13,-5.714482959118345e-12,-7.948813755819032e-08
559,0.09640789037925572,0.04999999999958045,0.04999999999999604,-1.6387122151571446e-08,-4.090363060168559e-12,-0.0002462062618483519,-0.0,-0.0,-7.891631770514926e-13,-5.7116843409563506e-12,-7.951934998379504e-08
560,0.09643787794070213,0.04999999999957136,0.04999999999998707,-1.647631840294279e-08,-3.734640518170509e-12,-0.00024596727238025885,-0.0,-0.0,-7.880321037626566e-13,-5.708910518939365e-12,-7.954913491561438e-08
561,0.09646758757605711,0.049999999999562145,0.049999999999973344,-1.656244829035283e-08,-3.3978552588029747e-12,-0.00024573330941246515,-0.0,-0.0,-7.869113874055793e-13,-5.706160650598334e-12,-7.957750360955738e-08
562,0.09649701761512028,0.04999999999955274,0.04999999999995519,-1.6645488835517052e-08,-3.0796143598003056e-12,-0.0002455043323552505,-0.0,-0.0,-7.858034917449389e-13,-5.703433758911144e-12,-7.960446743862279e-08
563,0.09652616645940709,0.04999999999954319,0.04999999999993298,-1.67254507501881e-08,-2.7795440777081647e-12,-0.0002452805074781899,-0.0,-0.0,-7.847086994769951e-13,-5.700729369854791e-12,-7.963003542652745e-08
564,0.09655503568201279,0.049999999999533494,0.049999999999907015,-1.6802154018306943e-08,-2.4962740912405695e-12,-0.00024506158412616067,-0.0,-0.0,-7.836251192964923e-13,-5.6980468125221046e-12,-7.96542168920321e-08
565,0.09658362085676009,0.04999999999952364,0.049999999999877635,-1.687582458332769e-08,-2.230592964328676e-12,-0.0002448475238296147,-0.0,-0.0,-7.825551223205442e-13,-5.6953857763533854e-12,-7.967702397019912e-08
566,0.09661192080196075,0.04999999999951366,0.04999999999984514,-1.6946490744669647e-08,-1.9820936797519218e-12,-0.000244638287474157,-0.0,-0.0,-7.81495465290292e-13,-5.692746141498971e-12,-7.969846884486395e-08
567,0.09663993446507513,0.0499999999995035,0.04999999999980983,-1.701414608276713e-08,-1.7503744713063905e-12,-0.00024443383503345537,-0.0,-0.0,-7.804460295663022e-13,-5.6901272231935984e-12,-7.97185637798393e-08
568,0.09666766089131076,0.04999999999949314,0.04999999999977199,-1.7078816436745118e-08,-1.5350389617768813e-12,-0.0002442343272172356,-0.0,-0.0,-7.79408278560786e-13,-5.6875284837549095e-12,-7.973731869021018e-08
569,0.09669510214697961,0.04999999999948266,0.049999999999731905,-1.7140318864512907e-08,-1.3349857314523284e-12,-0.00024403951903786722,-0.0,-0.0,-7.783801363625924e-13,-5.684949297685078e-12,-7.975474373315459e-08
570,0.09672225454977523,0.04999999999947201,0.04999999999968985,-1.7198887432283997e-08,-1.150677934316161e-12,-0.00024384937162191274,-0.0,-0.0,-7.773617161005944e-13,-5.682388555068902e-12,-7.977085177341636e-08
571,0.09674911751193466,0.04999999999946117,0.049999999999646064,-1.7254536220433915e-08,-9.817042916730765e-13,-0.00024366384500369007,-0.0,-0.0,-7.76356300439845e-13,-5.6798456989659384e-12,-7.978565569553294e-08
572,0.09677569053808864,0.049999999999450206,0.04999999999960081,-1.7307287440531343e-08,-8.27661111593342e-13,-0.0002434828999141388,-0.0,-0.0,-7.753620586003572e-13,-5.67732082650224e-12,-7.97991684226918e-08
573,0.09680197324771128,0.04999999999943911,0.04999999999955432,-1.7357169012598912e-08,-6.881465555063095e-13,-0.00024330668718419853,-0.0,-0.0,-7.743767121152819e-13,-5.674813363368289e-12,-7.981140059548472e-08
574,0.09682796806353028,0.04999999999942783,0.04999999999950683,-1.740400632845021e-08,-5.623286901377395e-13,-0.00024313497070747295,-0.0,-0.0,-7.734016749368952e-13,-5.672322424776054e-12,-7.982236306723777e-08
575,0.09685367201295694,0.04999999999941642,0.04999999999945854,-1.744803754210397e-08,-4.503749540291519e-13,-0.0002429677106723208,-0.0,-0.0,-7.724371608467317e-13,-5.669847500959344e-12,-7.983206926446742e-08
576,0.09687908501174441,0.04999999999940487,0.04999999999940968,-1.7489283333593354e-08,-3.518817021178052e-13,-0.00024280486708589413,-0.0,-0.0,-7.71482339811553e-13,-5.667388027489736e-12,-7.984053261165693e-08
577,0.09690420706783859,0.04999999999939314,0.049999999999360445,-1.7527767029351083e-08,-2.664507725245092e-13,-0.00024264640032920604,-0.0,-0.0,-7.705374971979356e-13,-5.664943315137418e-12,-7.984776654308233e-08
578,0.09692903828273786,0.049999999999381255,0.049999999999311026,-1.756352368345356e-08,-1.9368846020122744e-13,-0.0002424924545617632,-0.0,-0.0,-7.696041387403695e-13,-5.66251299979893e-12,-7.985378225984641e-08
579,0.09695358141372327,0.04999999999936924,0.049999999999261587,-1.7596378886137708e-08,-1.330027769589698e-13,-0.0002423428005080068,-0.0,-0.0,-7.686804842324873e-13,-5.660096936565613e-12,-7.985859113998583e-08
580,0.09697783409146529,0.049999999999357114,0.04999999999921232,-1.762657335658638e-08,-8.431209104575115e-14,-0.00024219739740761857,-0.0,-0.0,-7.67765067438467e-13,-5.657694569499986e-12,-7.986220703266899e-08
581,0.09700179666310467,0.049999999999344846,0.04999999999916338,-1.765413345385044e-08,-4.722630930761177e-14,-0.00024205598524566004,-0.0,-0.0,-7.668585466851321e-13,-5.655305219276294e-12,-7.986464645034332e-08
582,0.0970254665338961,0.04999999999933244,0.049999999999114905,-1.767931963278963e-08,-2.145449303920272e-14,-0.00024191875107129805,-0.0,-0.0,-7.659618046984912e-13,-5.652928545412005e-12,-7.986592568471823e-08
583,0.09704884735372635,0.04999999999931989,0.04999999999906705,-1.770191348463799e-08,-6.421961948483135e-15,-0.00024178583207388012,-0.0,-0.0,-7.650742356275719e-13,-5.6505641987310126e-12,-7.986605591456368e-08
584,0.09707194213632177,0.049999999999307244,0.049999999999019946,-1.7721768144187104e-08,-1.7711772734838324e-15,-0.00024165700549883722,-0.0,-0.0,-7.641952958659667e-13,-5.648211672515466e-12,-7.986504851805277e-08
585,0.09709474904062146,0.049999999999294435,0.049999999998973726,-1.7739114884539064e-08,-7.21859417746574e-15,-0.00024153223092241612,-0.0,-0.0,-7.633241012977139e-13,-5.6458701865437345e-12,-7.986291726023231e-08
586,0.09711726879279284,0.049999999999281446,0.049999999998928506,-1.7753984667098578e-08,-2.2402947530867986e-14,-0.00024141125482856685,-0.0,-0.0,-7.624620582711478e-13,-5.643539008973474e-12,-7.985967849021759e-08
587,0.09713949930047626,0.04999999999926838,0.04999999999888439,-1.776663833041986e-08,-4.6829424178533887e-14,-0.00024129425568591872,-0.0,-0.0,-7.616109690001629e-13,-5.641218230781043e-12,-7.98553483654247e-08
588,0.0971614443895834,0.04999999999925516,0.04999999999884147,-1.7776866958805047e-08,-8.021191928805396e-14,-0.0002411813648898588,-0.0,-0.0,-7.607668845120827e-13,-5.6389077174575294e-12,-7.984993810494126e-08
589,0.09718310729250276,0.04999999999924181,0.049999999998799866,-1.7784517425451112e-08,-1.223985692326063e-13,-0.0002410723654390739,-0.0,-0.0,-7.599298228812432e-13,-5.636606456088624e-12,-7.984345912057932e-08
590,0.09720448660957925,0.0499999999992283,0.04999999999875965,-1.7789829500969263e-08,-1.729278169839601e-13,-0.00024096721874675397,-0.0,-0.0,-7.591031418284322e-13,-5.634314016953683e-12,-7.983592511181104e-08
591,0.09722558340308579,0.0499999999992147,0.0499999999987209,-1.7792832087658522e-08,-2.3146717791327555e-13,-0.00024086567783251098,-0.0,-0.0,-7.582843106208939e-13,-5.632030547595544e-12,-7.98273522596781e-08
592,0.0972463960174777,0.049999999999201,0.04999999999868369,-1.779378144269326e-08,-2.9734336092935557e-13,-0.0002407679149059413,-0.0,-0.0,-7.574720396204303e-13,-5.62975568864343e-12,-7.981775655212274e-08
593,0.09726692843086948,0.04999999999918719,0.04999999999864808,-1.7792473055840717e-08,-3.705279978853968e-13,-0.00024067405257179668,-0.0,-0.0,-7.566678065534991e-13,-5.627488885144329e-12,-7.980714922387088e-08
594,0.09728718399424337,0.04999999999917324,0.049999999998614125,-1.7788766096893614e-08,-4.510458163095305e-13,-0.00024058388143877773,-0.0,-0.0,-7.558718431716005e-13,-5.625229984624401e-12,-7.97955417102722e-08
595,0.09730716171490483,0.049999999999159175,0.0499999999985819,-1.778289544111474e-08,-5.382844717616724e-13,-0.00024049736280657623,-0.0,-0.0,-7.550813746356123e-13,-5.6229785240479655e-12,-7.978294763438751e-08
596,0.09732686290968225,0.049999999999145034,0.04999999999855143,-1.7774882610491847e-08,-6.319387825493739e-13,-0.00024041425756159767,-0.0,-0.0,-7.542994230074833e-13,-5.620734154292866e-12,-7.97693830045483e-08
597,0.09734628631349658,0.04999999999913077,0.04999999999852277,-1.7764987676870013e-08,-7.311844199818493e-13,-0.00024033473043218878,-0.0,-0.0,-7.535227608171387e-13,-5.618496598092538e-12,-7.975486363237317e-08
598,0.09736543599146891,0.04999999999911636,0.049999999998495935,-1.7753009300571722e-08,-8.362185481712963e-13,-0.00024025889797169193,-0.0,-0.0,-7.527533603443249e-13,-5.616265015297718e-12,-7.973940074479308e-08
599,0.09738431540094242,0.04999999999910189,0.04999999999847096,-1.773881530470565e-08,-9.472221052647181e-13,-0.00024018655787716027,-0.0,-0.0,-7.519919181525215e-13,-5.6140389540774535e-12,-7.97230057501251e-08
600,0.09740292389435677,0.04999999999908729,0.04999999999844787,-1.7722627370652217e-08,-1.0634572216603764e-12,-0.00024011767125381935,-0.0,-0.0,-7.512387185914992e-13,-5.611818425384e-12,-7.970569215349942e-08
601,0.09742126298393215,0.04999999999907258,0.04999999999842669,-1.770448246512534e-08,-1.1846444493583122e-12,-0.0002400520067409659,-0.0,-0.0,-7.504919214269481e-13,-5.609603615451347e-12,-7.96874757524463e-08
602,0.09743933174480424,0.0499999999990578,0.04999999999840743,-1.7684621145233514e-08,-1.3098346744797456e-12,-0.00023998972106824095,-0.0,-0.0,-7.497502934070004e-13,-5.607394376495876e-12,-7.966837215393357e-08
603,0.09745713427424574,0.04999999999904292,0.04999999999839008,-1.766286013016789e-08,-1.4394191756189083e-12,-0.0002399309249927683,-0.0,-0.0,-7.49013225778624e-13,-5.605189906867159e-12,-7.964839255443977e-08
604,0.09747467409794322,0.04999999999902792,0.049999999998374664,-1.763906644677638e-08,-1.5737146007306683e-12,-0.00023987542380893295,-0.0,-0.0,-7.482826770303766e-13,-5.602989290865543e-12,-7.962754830427777e-08
605,0.09749195086507963,0.04999999999901281,0.049999999998361175,-1.761345849415563e-08,-1.7118831514118276e-12,-0.00023982317732397615,-0.0,-0.0,-7.47560874877043e-13,-5.60079245502112e-12,-7.960585276719785e-08
606,0.0975089662300848,0.049999999998997645,0.04999999999834961,-1.7586066718910195e-08,-1.853665293376389e-12,-0.00023977396417812228,-0.0,-0.0,-7.468437068289917e-13,-5.59859936313893e-12,-7.95833214927083e-08
607,0.09752571957996994,0.049999999998982386,0.04999999999833995,-1.755713200862849e-08,-1.99802096044864e-12,-0.00023972793255622413,-0.0,-0.0,-7.461329455404097e-13,-5.596409617599089e-12,-7.955996982635211e-08
608,0.09754221500239567,0.04999999999896706,0.04999999999833218,-1.7526477339784174e-08,-2.145504478682982e-12,-0.00023968518791814982,-0.0,-0.0,-7.454274370848581e-13,-5.594222740712435e-12,-7.953580888250475e-08
609,0.09755845605669303,0.049999999998951605,0.04999999999832629,-1.7493975348016364e-08,-2.2965506940267397e-12,-0.0002396455412085673,-0.0,-0.0,-7.447287539531075e-13,-5.592038263798062e-12,-7.951084992170484e-08
610,0.09757444261957571,0.04999999999893611,0.04999999999832226,-1.7459836931632635e-08,-2.4502356799953944e-12,-0.00023960895433023722,-0.0,-0.0,-7.44037491819623e-13,-5.589856406828738e-12,-7.948510611829398e-08
611,0.09759017648706397,0.04999999999892056,0.049999999998320076,-1.7424091902077896e-08,-2.6063331844155575e-12,-0.00023957521263880488,-0.0,-0.0,-7.433490614896177e-13,-5.587677019802286e-12,-7.945859272581893e-08
612,0.0976056572747738,0.04999999999890489,0.049999999998319694,-1.738697312408575e-08,-2.7637220453790838e-12,-0.00023954445795374107,-0.0,-0.0,-7.426659270280525e-13,-5.585499433417405e-12,-7.943132479685435e-08
613,0.09762088905469377,0.04999999999888913,0.04999999999832108,-1.7348306632465436e-08,-2.923102688988519e-12,-0.00023951678911409322,-0.0,-0.0,-7.419890978637861e-13,-5.583323399323929e-12,-7.940331332335145e-08
614,0.09763587536780217,0.049999999998873335,0.049999999998324225,-1.73079776904516e-08,-3.0850028917507244e-12,-0.00023949202482034145,-0.0,-0.0,-7.413167231364861e-13,-5.581148573816395e-12,-7.937456942848978e-08
615,0.0976506163035782,0.04999999999885739,0.049999999998329075,-1.7266187950851063e-08,-3.2484424129756503e-12,-0.00023947012714298362,-0.0,-0.0,-7.406509875883281e-13,-5.5789747872684605e-12,-7.934510604945652e-08
616,0.09766511373910357,0.04999999999884148,0.049999999998335605,-1.722296985552204e-08,-3.413219208258524e-12,-0.0002394508882817137,-0.0,-0.0,-7.399885725198794e-13,-5.576801897048317e-12,-7.931493812050574e-08
617,0.09767936748273143,0.04999999999882546,0.04999999999834377,-1.717854158906054e-08,-3.5781508107340026e-12,-0.00023943444387464213,-0.0,-0.0,-7.393314573221405e-13,-5.574629508640141e-12,-7.928408037531639e-08
618,0.09769338156126817,0.04999999999880948,0.04999999999835352,-1.7132741126789638e-08,-3.74406122676956e-12,-0.00023942088732827995,-0.0,-0.0,-7.386789370224755e-13,-5.57245731435887e-12,-7.925254364313527e-08
619,0.09770715948448983,0.04999999999879337,0.04999999999836482,-1.708546032498377e-08,-3.9115591499419805e-12,-0.0002394100443886499,-0.0,-0.0,-7.380312318306329e-13,-5.570284875176374e-12,-7.922033886587394e-08
620,0.09772070151037571,0.049999999998777196,0.04999999999837762,-1.7036889675508497e-08,-4.079623171455199e-12,-0.00023940187709685964,-0.0,-0.0,-7.373900515041095e-13,-5.5681123001756296e-12,-7.918747871262698e-08
621,0.09773400956488482,0.049999999998760994,0.04999999999839188,-1.698706027962018e-08,-4.248072841628813e-12,-0.00023939618712015125,-0.0,-0.0,-7.367517509727431e-13,-5.565939747720649e-12,-7.915397773919209e-08
622,0.09774708364341345,0.049999999998744805,0.04999999999840754,-1.6936183884181297e-08,-4.415699040153893e-12,-0.00023939310094444802,-0.0,-0.0,-7.361176358309312e-13,-5.563767092502916e-12,-7.911985030854446e-08
623,0.09775992766971298,0.049999999998728506,0.049999999998424555,-1.6884103801588687e-08,-4.583407878050054e-12,-0.00023939270797324391,-0.0,-0.0,-7.354846732384731e-13,-5.561593634044735e-12,-7.908510705807089e-08
624,0.09777254511521301,0.04999999999871211,0.04999999999844287,-1.6830715435352292e-08,-4.751882090530042e-12,-0.00023939484066029027,-0.0,-0.0,-7.348580189521731e-13,-5.5594187181108895e-12,-7.904975870694082e-08
625,0.09778493636959973,0.04999999999869575,0.04999999999846245,-1.677620387048169e-08,-4.920073570108166e-12,-0.00023939946106503026,-0.0,-0.0,-7.342354065808993e-13,-5.5572423371982895e-12,-7.901381762063036e-08
626,0.09779710338126522,0.049999999998679316,0.04999999999848323,-1.6720601654322006e-08,-5.087821846151943e-12,-0.00023940637876807824,-0.0,-0.0,-7.336166009987979e-13,-5.555064201146156e-12,-7.897729796136283e-08
627,0.097809046285593,0.04999999999866287,0.04999999999850514,-1.666410857536718e-08,-5.253899420972607e-12,-0.00023941571571025382,-0.0,-0.0,-7.330027443571881e-13,-5.55288428873435e-12,-7.894021367060785e-08
628,0.09782076893621738,0.04999999999864637,0.049999999998528145,-1.660657681228011e-08,-5.419302860498784e-12,-0.00023942755290253686,-0.0,-0.0,-7.323916007772396e-13,-5.550702382892612e-12,-7.890257514346735e-08
629,0.09783227469367499,0.049999999998629835,0.049999999998552175,-1.654790884649619e-08,-5.584742785717576e-12,-0.00023944173135372326,-0.0,-0.0,-7.317845226064869e-13,-5.548518034175061e-12,-7.886439286090772e-08
630,0.09784356407638105,0.04999999999861324,0.04999999999857719,-1.648827543208983e-08,-5.749173081381038e-12,-0.00023945821414945984,-0.0,-0.0,-7.311812220831219e-13,-5.546331025995729e-12,-7.882567883494954e-08
631,0.09785463904517688,0.049999999998596695,0.04999999999860313,-1.6427708563295137e-08,-5.912458627117646e-12,-0.00023947681819491584,-0.0,-0.0,-7.305813668411475e-13,-5.5441411472338665e-12,-7.878644678189215e-08
632,0.09786549984261075,0.04999999999858015,0.04999999999862992,-1.636639778397723e-08,-6.073364709711835e-12,-0.00023949765803664357,-0.0,-0.0,-7.299858989826937e-13,-5.541948426954593e-12,-7.874671021423559e-08
633,0.09787615020223293,0.049999999998563575,0.04999999999865752,-1.630420511665319e-08,-6.232938812715846e-12,-0.0002395208112569739,-0.0,-0.0,-7.293924607346441e-13,-5.539752647626538e-12,-7.870647925270914e-08
634,0.09788659341501452,0.04999999999854691,0.04999999999868587,-1.624103858958412e-08,-6.3919402673406465e-12,-0.0002395461250297789,-0.0,-0.0,-7.288041860779688e-13,-5.537553776626993e-12,-7.866576407829183e-08
635,0.09789683007593347,0.049999999998530276,0.049999999998714906,-1.6177062144286093e-08,-6.54932070056514e-12,-0.00023957356275324502,-0.0,-0.0,-7.282165328308606e-13,-5.535351745019915e-12,-7.862457633013572e-08
636,0.097906862132961,0.0499999999985137,0.04999999999874458,-1.6112302518206637e-08,-6.7049635291567604e-12,-0.00023960294923842178,-0.0,-0.0,-7.276316594530733e-13,-5.533145985121426e-12,-7.858292926250604e-08
637,0.09791668992028563,0.049999999998497045,0.04999999999877484,-1.604694219973516e-08,-6.857644650945166e-12,-0.0002396343934361058,-0.0,-0.0,-7.270510531087708e-13,-5.530936591898222e-12,-7.854083591537201e-08
638,0.09792631706032676,0.04999999999848043,0.049999999998805604,-1.5980847947979502e-08,-7.008457556441561e-12,-0.00023966796741789663,-0.0,-0.0,-7.264712985399977e-13,-5.528723331034058e-12,-7.84983060977257e-08
639,0.09793574673791011,0.04999999999846374,0.049999999998836836,-1.5913931035183238e-08,-7.158181339113121e-12,-0.00023970352485811418,-0.0,-0.0,-7.258961290727314e-13,-5.526505964115289e-12,-7.845534967698397e-08
640,0.09794497960936588,0.049999999998447085,0.04999999999886848,-1.5846350463133026e-08,-7.305779363434853e-12,-0.00023974103113396338,-0.0,-0.0,-7.253219607764495e-13,-5.524284423904184e-12,-7.841197788270703e-08
641,0.09795401761249023,0.049999999998430446,0.04999999999890047,-1.577813266240881e-08,-7.451165185795231e-12,-0.00023978031739949935,-0.0,-0.0,-7.247509562791993e-13,-5.522058439611838e-12,-7.836820347163395e-08
642,0.09796286114046301,0.04999999999841379,0.049999999998932766,-1.5709443005639437e-08,-7.59312419405737e-12,-0.00023982148674990566,-0.0,-0.0,-7.241818757009714e-13,-5.5198279594253636e-12,-7.832403900054782e-08
643,0.09797151368980629,0.04999999999839717,0.049999999998965296,-1.5640159827318183e-08,-7.732777470612248e-12,-0.00023986460668976806,-0.0,-0.0,-7.236162137957141e-13,-5.517592974136182e-12,-7.827949394891428e-08
644,0.09797997833773556,0.049999999998380645,0.04999999999899801,-1.5570205655987712e-08,-7.870918862992143e-12,-0.00023990953793468427,-0.0,-0.0,-7.230510078780084e-13,-5.51535329085102e-12,-7.823457783668027e-08
645,0.09798825579663434,0.04999999999836392,0.049999999999030875,-1.5499719754075568e-08,-8.006538251445915e-12,-0.00023995624588977048,-0.0,-0.0,-7.224897397314321e-13,-5.513108862257025e-12,-7.81893014694078e-08
646,0.09799634796018625,0.04999999999834733,0.04999999999906382,-1.5428729307182214e-08,-8.139561277085744e-12,-0.00024000457183021278,-0.0,-0.0,-7.219284042612499e-13,-5.5108597663644615e-12,-7.814367707146753e-08
647,0.09800425530616777,0.04999999999833077,0.049999999999096795,-1.535739097722186e-08,-8.268825796328995e-12,-0.00024005461012414008,-0.0,-0.0,-7.21368258404025e-13,-5.508605515860702e-12,-7.809771667309055e-08
648,0.09801198116679356,0.04999999999831422,0.04999999999912975,-1.528559303333463e-08,-8.395438729314066e-12,-0.00024010642419701038,-0.0,-0.0,-7.208119699635796e-13,-5.50634618240495e-12,-7.805142941305069e-08
649,0.0980195285122071,0.04999999999829768,0.04999999999916263,-1.52132587064568e-08,-8.520202445339966e-12,-0.00024015988221953092,-0.0,-0.0,-7.202554376654852e-13,-5.504081754583054e-12,-7.80048244427976e-08
650,0.0980268980994374,0.04999999999828124,0.04999999999919541,-1.5140522275382114e-08,-8.642145792310574e-12,-0.0002402149519578769,-0.0,-0.0,-7.197009265907365e-13,-5.501811874802459e-12,-7.795791209207655e-08
651,0.09803409179692729,0.049999999998264696,0.049999999999228016,-1.506740413596869e-08,-8.761225039962475e-12,-0.00024027147934640634,-0.0,-0.0,-7.19147452940604e-13,-5.499536420590998e-12,-7.791070404275722e-08
652,0.09804111009449201,0.04999999999824828,0.049999999999260414,-1.499405557460849e-08,-8.876290428646515e-12,-0.00024032955456514024,-0.0,-0.0,-7.185954568672622e-13,-5.497255162580155e-12,-7.786321180140044e-08
653,0.09804795620691759,0.04999999999823192,0.049999999999292555,-1.4920369006996468e-08,-8.988461385617604e-12,-0.00024038923670750302,-0.0,-0.0,-7.180460071929767e-13,-5.494968071426525e-12,-7.781544411685478e-08
654,0.09805463298807388,0.049999999998215666,0.0499999999993244,-1.4846273330131174e-08,-9.098536179847392e-12,-0.0002404503998221056,-0.0,-0.0,-7.174974371091005e-13,-5.4926751319776126e-12,-7.776740974879716e-08
655,0.09806114121404315,0.049999999998199325,0.04999999999935589,-1.4771893571909397e-08,-9.205575474186595e-12,-0.00024051301152910865,-0.0,-0.0,-7.169503504353569e-13,-5.490376230390626e-12,-7.771911857939011e-08
656,0.09806748269247124,0.04999999999818307,0.049999999999387014,-1.4697249323414137e-08,-9.309541800716038e-12,-0.00024057692742084766,-0.0,-0.0,-7.164041456765778e-13,-5.48807136511753e-12,-7.767058174587226e-08
657,0.09807365797283833,0.04999999999816689,0.049999999999417705,-1.4622480448941442e-08,-9.409351553669903e-12,-0.00024064223139681914,-0.0,-0.0,-7.158590317030141e-13,-5.485760555019294e-12,-7.762181019449767e-08
658,0.0980796701261654,0.04999999999815079,0.04999999999944793,-1.454748588425895e-08,-9.50610448537833e-12,-0.00024070897802975046,-0.0,-0.0,-7.153141283256308e-13,-5.4834436486118e-12,-7.757281227808729e-08
659,0.09808552188460268,0.04999999999813471,0.04999999999947764,-1.4472201405142833e-08,-9.600583861810464e-12,-0.00024077704750677514,-0.0,-0.0,-7.147697364304436e-13,-5.481120280518502e-12,-7.752359635871348e-08
660,0.09809121403978574,0.049999999998118626,0.04999999999950683,-1.4396740716632903e-08,-9.691890597664669e-12,-0.0002408464101317858,-0.0,-0.0,-7.14227637001588e-13,-5.4787904492418354e-12,-7.747417182963784e-08
661,0.09809674836447863,0.04999999999810264,0.04999999999953543,-1.4321124299404463e-08,-9.78001777939131e-12,-0.00024091692700180286,-0.0,-0.0,-7.13685371617292e-13,-5.476454227575066e-12,-7.742454926138386e-08
662,0.09810212541649593,0.049999999998086575,0.04999999999956342,-1.424547987914566e-08,-9.863914644229893e-12,-0.000240988678675139,-0.0,-0.0,-7.131446813805716e-13,-5.474111668223488e-12,-7.737473903535318e-08
663,0.09810734815370435,0.04999999999807064,0.04999999999959076,-1.416971269879443e-08,-9.944678452640502e-12,-0.00024106171398099899,-0.0,-0.0,-7.126035469307477e-13,-5.4717628090814775e-12,-7.732474908325193e-08
664,0.09811241917231583,0.04999999999805481,0.049999999999617434,-1.4093764451720083e-08,-1.0023056825314559e-11,-0.0002411359206357063,-0.0,-0.0,-7.120623607634844e-13,-5.469407353030664e-12,-7.727458734527808e-08
665,0.09811733928876382,0.049999999998038946,0.0499999999996434,-1.4017740638808026e-08,-1.0098209281145628e-11,-0.00024121126750207465,-0.0,-0.0,-7.115216946811757e-13,-5.467045094837438e-12,-7.722426273651591e-08
666,0.09812211019517253,0.049999999998023105,0.04999999999966862,-1.3941657667603404e-08,-1.0170117709033031e-11,-0.00024128762626088093,-0.0,-0.0,-7.109810673263206e-13,-5.4646758268375915e-12,-7.717378526124226e-08
667,0.09812673250701136,0.04999999999800743,0.04999999999969309,-1.3865633682647508e-08,-1.0237819225055181e-11,-0.0002413650702389913,-0.0,-0.0,-7.104415343036653e-13,-5.462299405239946e-12,-7.712316472241802e-08
668,0.09813120902685687,0.04999999999799179,0.04999999999971676,-1.3789582876799214e-08,-1.0302360322888264e-11,-0.00024144364472114717,-0.0,-0.0,-7.099035956030587e-13,-5.459915984680641e-12,-7.707240863936617e-08
669,0.09813554223909499,0.049999999997976344,0.04999999999973961,-1.371345074553818e-08,-1.036446735853532e-11,-0.00024152324378773848,-0.0,-0.0,-7.093652246656183e-13,-5.457525637335042e-12,-7.702152452668527e-08
670,0.09813973297036997,0.049999999997960856,0.049999999999761624,-1.3637329872989737e-08,-1.0423351416979185e-11,-0.00024160383823595752,-0.0,-0.0,-7.088275295230754e-13,-5.455128389087066e-12,-7.697052079307155e-08
671,0.09814378286492444,0.04999999999794554,0.04999999999978277,-1.3561241692587776e-08,-1.0479013735525425e-11,-0.0002416853065909191,-0.0,-0.0,-7.082890861146396e-13,-5.45272435599725e-12,-7.691940685552984e-08
672,0.09814769255350964,0.04999999999793009,0.04999999999980303,-1.3485292634798443e-08,-1.0530546205165609e-11,-0.000241767716555976,-0.0,-0.0,-7.077495310854868e-13,-5.4503133445484625e-12,-7.686819194607952e-08
673,0.0981514647034173,0.04999999999791485,0.04999999999982238,-1.3409400360834718e-08,-1.0578951760807408e-11,-0.00024185110958278562,-0.0,-0.0,-7.072104585014635e-13,-5.447895204681454e-12,-7.681688316280299e-08
674,0.09815510168421131,0.049999999997899634,0.04999999999984081,-1.3333517639739795e-08,-1.0624926440820534e-11,-0.00024193538539607959,-0.0,-0.0,-7.066707895920043e-13,-5.445469864157491e-12,-7.676548759970758e-08
675,0.09815860432166648,0.049999999997884535,0.0499999999998583,-1.325773100506824e-08,-1.06677285852884e-11,-0.00024202051812286407,-0.0,-0.0,-7.061310902006868e-13,-5.443037159412817e-12,-7.671401315741728e-08
676,0.09816197423009937,0.0499999999978695,0.04999999999987483,-1.3182053455123621e-08,-1.0707391454639633e-11,-0.0002421063913488105,-0.0,-0.0,-7.055926261609156e-13,-5.4405973686050265e-12,-7.666246866973454e-08
677,0.09816521203377161,0.04999999999785453,0.04999999999989038,-1.3106585638099105e-08,-1.0743046667052833e-11,-0.00024219306910604443,-0.0,-0.0,-7.050512118622622e-13,-5.438150427765636e-12,-7.661086280069408e-08
678,0.09816832028655624,0.049999999997839745,0.04999999999990495,-1.3031252237199719e-08,-1.0775665896234444e-11,-0.00024228058733119325,-0.0,-0.0,-7.045109177103526e-13,-5.435696048725702e-12,-7.655920222696464e-08
679,0.09817130122809335,0.04999999999782504,0.049999999999918505,-1.295601040766718e-08,-1.0805892213596128e-11,-0.00024236885537521973,-0.0,-0.0,-7.039698165087014e-13,-5.4332343128381835e-12,-7.65074935960556e-08
680,0.0981741557254386,0.04999999999781038,0.04999999999993105,-1.2880937049423424e-08,-1.0833073759107304e-11,-0.00024245784533628072,-0.0,-0.0,-7.034285179208248e-13,-5.430765147589651e-12,-7.645574429335891e-08
681,0.0981768853053112,0.04999999999779576,0.049999999999942576,-1.2806045299815668e-08,-1.0857219093173964e-11,-0.00024254744908612028,-0.0,-0.0,-7.02886908417841e-13,-5.428288656256704e-12,-7.640396259041127e-08
682,0.09817949062021414,0.049999999997781264,0.04999999999995307,-1.2731425287187966e-08,-1.087753513842083e-11,-0.00024263772537329358,-0.0,-0.0,-7.023438209261987e-13,-5.425804784046801e-12,-7.635215658443029e-08
683,0.0981819740959961,0.04999999999776686,0.04999999999996252,-1.2657010116350651e-08,-1.0894939264787177e-11,-0.00024272870719442053,-0.0,-0.0,-7.018007375074201e-13,-5.423313433724505e-12,-7.630033252111483e-08
684,0.09818433787290416,0.049999999997752564,0.04999999999997091,-1.2582757349157944e-08,-1.0910043212309556e-11,-0.00024282030870152673,-0.0,-0.0,-7.012566754416212e-13,-5.420814605275351e-12,-7.624849661973623e-08
685,0.09818658280776564,0.049999999997738374,0.049999999999978256,-1.250873822266107e-08,-1.0922237633933188e-11,-0.00024291250485135882,-0.0,-0.0,-7.00711910979418e-13,-5.418308204236616e-12,-7.61966557689895e-08
686,0.09818871039301386,0.0499999999977242,0.04999999999998453,-1.2434964135036931e-08,-1.093155501386071e-11,-0.00024300519520933274,-0.0,-0.0,-7.001659508661492e-13,-5.415794082331952e-12,-7.614481764561323e-08
687,0.09819072130341383,0.04999999999771017,0.04999999999998975,-1.2361515303968478e-08,-1.0937272233684834e-11,-0.00024309843248411793,-0.0,-0.0,-6.996207549822415e-13,-5.413272365253522e-12,-7.609298976683203e-08
688,0.09819261783221866,0.04999999999769633,0.049999999999993903,-1.2288332852961432e-08,-1.0940238718567205e-11,-0.00024319246801511723,-0.0,-0.0,-6.99074532353081e-13,-5.4107432344597084e-12,-7.604117534358208e-08
689,0.09819440437348244,0.04999999999768248,0.04999999999999698,-1.2215210067231858e-08,-1.094324340131522e-11,-0.0002432869937564715,-0.0,-0.0,-6.985273153748664e-13,-5.408206626976693e-12,-7.598937775696756e-08
690,0.09819607937585456,0.04999999999766875,0.04999999999999899,-1.2142386382625653e-08,-1.0943326948635365e-11,-0.00024338198593865137,-0.0,-0.0,-6.979791447299121e-13,-5.405662632392472e-12,-7.59376038500997e-08
691,0.09819764428326773,0.04999999999765512,0.049999999999999926,-1.2069867681280118e-08,-1.0940539354501242e-11,-0.00024347735172435925,-0.0,-0.0,-6.974284929374474e-13,-5.403111113037492e-12,-7.588586113288404e-08
692,0.09819909979268511,0.0499999999976416,0.049999999999999795,-1.1997726248574446e-08,-1.0934238075847213e-11,-0.0002435731393301612,-0.0,-0.0,-6.968772571949129e-13,-5.4005518644930056e-12,-7.583415692731083e-08
693,0.09820044808673742,0.04999999999762829,0.049999999999998594,-1.1925906577143385e-08,-1.0925226196635138e-11,-0.00024366958973767524,-0.0,-0.0,-6.963268018917321e-13,-5.397985139998326e-12,-7.578249444781579e-08
694,0.09820169337941917,0.04999999999761497,0.049999999999996325,-1.1854217433836215e-08,-1.0916183402663271e-11,-0.00024376640874685824,-0.0,-0.0,-6.957735414462061e-13,-5.395410973696661e-12,-7.573087703928878e-08
695,0.09820283421875006,0.04999999999760179,0.049999999999993,-1.1782880657984587e-08,-1.0904300112028841e-11,-0.00024386357352194086,-0.0,-0.0,-6.952191630352071e-13,-5.392829094799223e-12,-7.567931132689668e-08
696,0.09820387200069264,0.0499999999975887,0.049999999999988616,-1.1711902042252337e-08,-1.0889634409816787e-11,-0.0002439609973588472,-0.0,-0.0,-6.946635363095255e-13,-5.390239408863822e-12,-7.56278045327438e-08
697,0.09820480743287713,0.04999999999757576,0.049999999999983176,-1.1641345340084693e-08,-1.087160598949038e-11,-0.00024405872515590867,-0.0,-0.0,-6.941076386895332e-13,-5.387641977375117e-12,-7.55763636763342e-08
698,0.09820564260348713,0.04999999999756288,0.04999999999997669,-1.1571160901837676e-08,-1.0850977369452794e-11,-0.000244156987886906,-0.0,-0.0,-6.935518535995846e-13,-5.385037142371032e-12,-7.552499185795065e-08
699,0.09820638155667967,0.04999999999755016,0.04999999999996916,-1.1501170300251358e-08,-1.0830312024319766e-11,-0.00024425550402283847,-0.0,-0.0,-6.929927331736142e-13,-5.382424875793028e-12,-7.547369228734351e-08
700,0.09820702292776007,0.04999999999753753,0.049999999999960604,-1.1431577555892346e-08,-1.0806941270871909e-11,-0.00024435425237561575,-0.0,-0.0,-6.924316210580979e-13,-5.379804698501902e-12,-7.542247128663018e-08
701,0.0982075680748164,0.04999999999752502,0.04999999999995101,-1.1362387941910207e-08,-1.0780935208596784e-11,-0.0002444531528839455,-0.0,-0.0,-6.918716361512911e-13,-5.377176783796156e-12,-7.537133569740892e-08
702,0.09820801772249138,0.04999999999751256,0.049999999999940405,-1.12936593556406e-08,-1.0751778347021375e-11,-0.00024455224592116845,-0.0,-0.0,-6.913092573799569e-13,-5.374541489427576e-12,-7.532029215900192e-08
703,0.09820837385551762,0.049999999997500294,0.04999999999992879,-1.122534655513011e-08,-1.072017575386705e-11,-0.00024465175143920933,-0.0,-0.0,-6.907452077867359e-13,-5.371898649437992e-12,-7.52693436104318e-08
704,0.09820864034281913,0.0499999999974881,0.049999999999916174,-1.1157281503145716e-08,-1.0688557117570649e-11,-0.0002447514018698798,-0.0,-0.0,-6.901798459986173e-13,-5.369248171598779e-12,-7.521849307976035e-08
705,0.09820881591903008,0.04999999999747598,0.049999999999902574,-1.1089654103940744e-08,-1.0654411097817819e-11,-0.0002448511777142044,-0.0,-0.0,-6.896128336265325e-13,-5.366590042201049e-12,-7.516774652849804e-08
706,0.09820890190720316,0.049999999997464066,0.049999999999887995,-1.1022468026809127e-08,-1.0617817416526548e-11,-0.0002449510051200445,-0.0,-0.0,-6.890451931899491e-13,-5.363924435566823e-12,-7.511711036975589e-08
707,0.09820889904620604,0.0499999999974523,0.04999999999987246,-1.0955774566518372e-08,-1.0578319323897755e-11,-0.00024505092014966574,-0.0,-0.0,-6.884737932720533e-13,-5.361251219889862e-12,-7.506659082101251e-08
708,0.09820880922234265,0.049999999997440585,0.049999999999855965,-1.088953244645219e-08,-1.053656348538721e-11,-0.0002451511323467206,-0.0,-0.0,-6.879030906152117e-13,-5.3585702258106645e-12,-7.501619061074785e-08
709,0.09820863613873947,0.04999999999742905,0.04999999999983853,-1.082358750946878e-08,-1.0494845683089885e-11,-0.0002452511637850624,-0.0,-0.0,-6.873299358803861e-13,-5.355881641991977e-12,-7.49659151360397e-08
710,0.09820837627237622,0.04999999999741764,0.04999999999982016,-1.0758260730757646e-08,-1.0448634289187302e-11,-0.0002453512255989628,-0.0,-0.0,-6.867557724658683e-13,-5.35318555848217e-12,-7.491577237437254e-08
711,0.09820803330405274,0.0499999999974064,0.04999999999980089,-1.0693401030797235e-08,-1.0400371762391428e-11,-0.0002454512523279874,-0.0,-0.0,-6.861793905849376e-13,-5.35048211853745e-12,-7.48657678348082e-08
712,0.09820760801049354,0.04999999999739521,0.04999999999978072,-1.0629057286082682e-08,-1.0349667558660877e-11,-0.00024555127466485563,-0.0,-0.0,-6.856010141161363e-13,-5.347771336041097e-12,-7.481590687150842e-08
713,0.09820710217091315,0.04999999999738411,0.04999999999975965,-1.0565191858070541e-08,-1.0297085034637834e-11,-0.0002456514911021133,-0.0,-0.0,-6.850206001067393e-13,-5.345053103458848e-12,-7.476619160860257e-08
714,0.0982065193188349,0.04999999999737316,0.04999999999973773,-1.0501662690574423e-08,-1.0244764176584131e-11,-0.0002457514446818616,-0.0,-0.0,-6.844392579267735e-13,-5.34232755488556e-12,-7.471662675939141e-08
715,0.09820585610523196,0.049999999997362356,0.04999999999971495,-1.0438765370862311e-08,-1.0188422083627969e-11,-0.0002458513403752595,-0.0,-0.0,-6.838539426188341e-13,-5.339594636738635e-12,-7.466721948202513e-08
716,0.09820511609290546,0.049999999997351656,0.04999999999969134,-1.0376357261798165e-08,-1.013038814831011e-11,-0.0002459511174638289,-0.0,-0.0,-6.832681454946364e-13,-5.336854163798648e-12,-7.461797454529157e-08
717,0.09820430005754427,0.049999999997341095,0.0499999999996669,-1.0314483520395888e-08,-1.0070304756456869e-11,-0.00024605080293640724,-0.0,-0.0,-6.826806033652854e-13,-5.334106340270063e-12,-7.45688965997626e-08
718,0.09820340968819465,0.04999999999733065,0.049999999999641664,-1.025311091852028e-08,-1.0008672406930144e-11,-0.0002461505866796012,-0.0,-0.0,-6.820915362965724e-13,-5.331351183724512e-12,-7.451998726522836e-08
719,0.09820244837702143,0.04999999999732032,0.04999999999961564,-1.0192104628157598e-08,-9.947499436963719e-12,-0.0002462500302990836,-0.0,-0.0,-6.815008214000083e-13,-5.328588858590298e-12,-7.447125066486247e-08
720,0.09820141292104158,0.0499999999973101,0.04999999999958884,-1.0131740345798316e-08,-9.882734993263368e-12,-0.00024634933304383793,-0.0,-0.0,-6.809066733425872e-13,-5.325819349604492e-12,-7.442269324964155e-08
721,0.09820030677204673,0.04999999999729999,0.04999999999956129,-1.007188428481128e-08,-9.816597910435842e-12,-0.0002464484404439901,-0.0,-0.0,-6.803111792164177e-13,-5.323042515830451e-12,-7.437431913088302e-08
722,0.09819913072260122,0.04999999999729002,0.049999999999533015,-1.00125737168051e-08,-9.748779258821316e-12,-0.00024654737631193643,-0.0,-0.0,-6.797136900377506e-13,-5.320258422191644e-12,-7.432613231009123e-08
723,0.09819788637946439,0.04999999999728022,0.04999999999950402,-9.953777998602025e-09,-9.679722712893365e-12,-0.00024664631993253847,-0.0,-0.0,-6.791147652682886e-13,-5.317467038037171e-12,-7.427813397015808e-08
724,0.09819657697390645,0.04999999999727053,0.049999999999474326,-9.895376050285512e-09,-9.61128550138054e-12,-0.0002467448530196205,-0.0,-0.0,-6.785137984538668e-13,-5.3146683981702505e-12,-7.423032771428515e-08
725,0.09819519946558651,0.049999999997261,0.04999999999944396,-9.83761977019424e-09,-9.539667585333161e-12,-0.0002468431683131153,-0.0,-0.0,-6.779118268038628e-13,-5.311862773980125e-12,-7.418271934482195e-08
726,0.0981937571898868,0.049999999997251576,0.04999999999941293,-9.780385105364644e-09,-9.466967805043832e-12,-0.00024694121620374776,-0.0,-0.0,-6.773055069727787e-13,-5.309050066420341e-12,-7.413531239622677e-08
727,0.09819225094333617,0.04999999999724228,0.04999999999938126,-9.72370233280868e-09,-9.392912988002095e-12,-0.00024703901855612225,-0.0,-0.0,-6.766994427363764e-13,-5.306230268768164e-12,-7.408811029967718e-08
728,0.09819068226387902,0.049999999997233105,0.049999999999348975,-9.667547347011927e-09,-9.317903191565147e-12,-0.0002471367451586259,-0.0,-0.0,-6.760899345541806e-13,-5.303403504017594e-12,-7.40411138478623e-08
729,0.09818905423816178,0.04999999999722406,0.04999999999931609,-9.611804297792727e-09,-9.24365629042358e-12,-0.00024723399574259804,-0.0,-0.0,-6.754790846068633e-13,-5.300569670671675e-12,-7.399432618068379e-08
730,0.09818736396471854,0.04999999999721514,0.04999999999928262,-9.556709453071384e-09,-9.166604332968032e-12,-0.000247330958635945,-0.0,-0.0,-6.74865336236908e-13,-5.297728799567825e-12,-7.39477525070462e-08
731,0.09818561468801862,0.04999999999720632,0.04999999999924858,-9.502143706252092e-09,-9.088745369590563e-12,-0.00024742758963712075,-0.0,-0.0,-6.742507919293809e-13,-5.294880936722204e-12,-7.390139580639561e-08
732,0.09818380721461722,0.04999999999719763,0.049999999999214007,-9.448134845581809e-09,-9.009845513912308e-12,-0.0002475239050923556,-0.0,-0.0,-6.736337289251796e-13,-5.29202627511694e-12,-7.38552589955883e-08
733,0.09818194297980026,0.04999999999718907,0.04999999999917891,-9.394660477549066e-09,-8.930229794963335e-12,-0.00024762006711018177,-0.0,-0.0,-6.730145802360435e-13,-5.2891647440047415e-12,-7.380934255002293e-08
734,0.09818002494531047,0.049999999997180675,0.049999999999143306,-9.3416134453026e-09,-8.85149592797077e-12,-0.0002477156953962886,-0.0,-0.0,-6.723942562106488e-13,-5.286296567853523e-12,-7.376364917243477e-08
735,0.09817805036983197,0.049999999997172376,0.049999999999107224,-9.28921122644966e-09,-8.770325289544038e-12,-0.00024781096999839373,-0.0,-0.0,-6.717694456622389e-13,-5.283421726231096e-12,-7.37181835262978e-08
736,0.09817602236801268,0.049999999997164195,0.04999999999907068,-9.237343750114692e-09,-8.688579343410007e-12,-0.0002479058520502034,-0.0,-0.0,-6.711440480085572e-13,-5.280540099033072e-12,-7.36729481271239e-08
737,0.09817394175785393,0.04999999999715611,0.04999999999903368,-9.186032661795172e-09,-8.606063505573422e-12,-0.0002480003566949396,-0.0,-0.0,-6.705168968934565e-13,-5.277652085403589e-12,-7.362794541489586e-08
738,0.09817180991758581,0.049999999997148194,0.049999999998996264,-9.135257879864761e-09,-8.523069310637266e-12,-0.0002480946365941199,-0.0,-0.0,-6.698864631392945e-13,-5.2747577234822794e-12,-7.358317555293285e-08
739,0.0981696296668092,0.04999999999714031,0.04999999999895843,-9.084923407751525e-09,-8.441059442861856e-12,-0.0002481883306390251,-0.0,-0.0,-6.69254187803493e-13,-5.271857053322573e-12,-7.353864084297402e-08
740,0.09816739841668753,0.04999999999713261,0.04999999999892023,-9.035227351775449e-09,-8.35695463941227e-12,-0.0002482816118270821,-0.0,-0.0,-6.686178847899188e-13,-5.268950029531038e-12,-7.34943454334755e-08
741,0.0981651191663631,0.04999999999712503,0.049999999998881654,-8.986068554205184e-09,-8.27249226794005e-12,-0.00024837444608126344,-0.0,-0.0,-6.679802294683594e-13,-5.2660364720788186e-12,-7.345029139685602e-08
742,0.09816279274045239,0.0499999999971176,0.049999999998842734,-8.93746375767036e-09,-8.187510667318001e-12,-0.0002484668463326246,-0.0,-0.0,-6.673412253388336e-13,-5.263116627717433e-12,-7.340648073448965e-08
743,0.09816042045094439,0.04999999999711027,0.04999999999880348,-8.889394240434652e-09,-8.102260193637851e-12,-0.00024855895617516944,-0.0,-0.0,-6.666990881147187e-13,-5.260190472716472e-12,-7.336291334039805e-08
744,0.09815800498069496,0.04999999999710304,0.04999999999876393,-8.841773509607754e-09,-8.018075464448125e-12,-0.0002486504320361499,-0.0,-0.0,-6.660558946400373e-13,-5.25725804392807e-12,-7.331959117097597e-08
745,0.09815554387564282,0.04999999999709597,0.049999999998724086,-8.794783394687753e-09,-7.932098932612648e-12,-0.00024874144240091275,-0.0,-0.0,-6.654094141387278e-13,-5.254319454153964e-12,-7.327651790332379e-08
746,0.09815304004785778,0.04999999999708906,0.049999999998683965,-8.748327976304694e-09,-7.84596825833937e-12,-0.0002488319565712006,-0.0,-0.0,-6.647609119507477e-13,-5.251374549949137e-12,-7.323369519470443e-08
747,0.0981504943139408,0.049999999997082205,0.0499999999986436,-8.702422112018514e-09,-7.759541408442841e-12,-0.000248921985439302,-0.0,-0.0,-6.641110885646124e-13,-5.248423434797999e-12,-7.319112464911921e-08
748,0.09814790792170669,0.049999999997075446,0.049999999998602995,-8.657049557309558e-09,-7.67303099479903e-12,-0.0002490116641942989,-0.0,-0.0,-6.634592938913687e-13,-5.245466236533831e-12,-7.314880592011878e-08
749,0.09814528342563042,0.04999999999706886,0.04999999999856218,-8.612130331931567e-09,-7.587652931534187e-12,-0.0002491006666812928,-0.0,-0.0,-6.628048857033749e-13,-5.242502962287552e-12,-7.310674064071169e-08
750,0.09814261850482528,0.04999999999706239,0.049999999998521165,-8.567832371909283e-09,-7.500765902772462e-12,-0.00024918915600516037,-0.0,-0.0,-6.621491199625802e-13,-5.239533784107318e-12,-7.306493204983094e-08
751,0.09813991597605587,0.04999999999705601,0.049999999998479976,-8.524065166492872e-09,-7.41390194320535e-12,-0.00024927733239766447,-0.0,-0.0,-6.614906522294632e-13,-5.2365588005958634e-12,-7.302337885058007e-08
752,0.098137179056837,0.04999999999704975,0.04999999999843863,-8.480724722985973e-09,-7.328771462723344e-12,-0.00024936474386547455,-0.0,-0.0,-6.608299548200382e-13,-5.233578038941346e-12,-7.298208247658618e-08
753,0.09813440407295597,0.04999999999704364,0.04999999999839713,-8.438030641458784e-09,-7.241727068789549e-12,-0.0002494519795326157,-0.0,-0.0,-6.6016691019361e-13,-5.230591509618755e-12,-7.294104259915712e-08
754,0.09813159832667472,0.04999999999703755,0.04999999999835551,-8.395674441153915e-09,-7.15769587739113e-12,-0.0002495382697990555,-0.0,-0.0,-6.595022764406879e-13,-5.22759937241513e-12,-7.290026067401192e-08
755,0.0981287547680254,0.04999999999703164,0.04999999999831379,-8.35404383339334e-09,-7.070467121354314e-12,-0.0002496242308047801,-0.0,-0.0,-6.588343728265728e-13,-5.224601785990288e-12,-7.285973974677156e-08
756,0.09812588095924114,0.04999999999702584,0.049999999998271975,-8.312822202369218e-09,-6.985216220778862e-12,-0.0002497095998262412,-0.0,-0.0,-6.581641544077981e-13,-5.221598595319055e-12,-7.281947839292011e-08
757,0.09812297519103956,0.04999999999702014,0.04999999999823008,-8.27214223917874e-09,-6.899841074633484e-12,-0.000249794398787028,-0.0,-0.0,-6.574926883240556e-13,-5.218589995896236e-12,-7.277947788441247e-08
758,0.09812003874454504,0.04999999999701455,0.04999999999818813,-8.23198169249005e-09,-6.814616602450399e-12,-0.00024987873250202413,-0.0,-0.0,-6.568176421023221e-13,-5.215575991220733e-12,-7.27397377906467e-08
759,0.09811707377572496,0.04999999999700909,0.049999999998146145,-8.19227968850801e-09,-6.73043481320714e-12,-0.0002499623260085394,-0.0,-0.0,-6.561418478181123e-13,-5.21255666271654e-12,-7.270025944326339e-08
760,0.09811407840538013,0.04999999999700373,0.04999999999810414,-8.15316977910566e-09,-6.645206314910117e-12,-0.00025004531285318304,-0.0,-0.0,-6.554630515362132e-13,-5.209532349757954e-12,-7.2661045556778e-08
761,0.09811105506356196,0.0499999999969985,0.049999999998062115,-8.114581706569471e-09,-6.560119240669354e-12,-0.0002501279016091093,-0.0,-0.0,-6.547815452956176e-13,-5.20650301130297e-12,-7.262209462630825e-08
762,0.0981080069845248,0.049999999996993345,0.0499999999980201,-8.07641236969038e-09,-6.476832206588355e-12,-0.0002502096521500472,-0.0,-0.0,-6.54096445244088e-13,-5.203468428902644e-12,-7.258340766600675e-08
763,0.0981049305124636,0.04999999999698834,0.0499999999979781,-8.038865861744384e-09,-6.3919980620366685e-12,-0.00025029112297013736,-0.0,-0.0,-6.534111925392746e-13,-5.200428591261161e-12,-7.254498419106705e-08
764,0.09810183257405794,0.04999999999698343,0.04999999999793614,-8.00166728346436e-09,-6.3099896141012185e-12,-0.0002503715949479577,-0.0,-0.0,-6.527227923424362e-13,-5.197383632784323e-12,-7.25068253026589e-08
765,0.0980987065300219,0.049999999996978614,0.049999999997894236,-7.965156516019526e-09,-6.225358576091314e-12,-0.00025045165618650905,-0.0,-0.0,-6.520329131328857e-13,-5.1943335437091115e-12,-7.246893346550773e-08
766,0.09809555959781163,0.04999999999697391,0.049999999997852394,-7.929049895907936e-09,-6.142719433336888e-12,-0.00025053105020197015,-0.0,-0.0,-6.513416083886806e-13,-5.191278465965747e-12,-7.243130699949055e-08
767,0.09809239003800463,0.0499999999969693,0.04999999999781063,-7.893465576141394e-09,-6.060137137461923e-12,-0.0002506098111255473,-0.0,-0.0,-6.506477732905211e-13,-5.188218529818349e-12,-7.239394673437186e-08
768,0.09808919917931395,0.0499999999969648,0.04999999999776896,-7.858380282875767e-09,-5.9779438843499025e-12,-0.0002506880155418953,-0.0,-0.0,-6.499520118365184e-13,-5.1851537493131825e-12,-7.235685203042367e-08
769,0.09808598879954909,0.04999999999696046,0.04999999999772739,-7.823752894721446e-09,-5.896749870150225e-12,-0.00025076543566721385,-0.0,-0.0,-6.49253714225834e-13,-5.1820841573569125e-12,-7.232002382635116e-08
770,0.09808275742263833,0.04999999999695618,0.04999999999768595,-7.78968591808953e-09,-5.8149373457310945e-12,-0.00025084217662641654,-0.0,-0.0,-6.485532392903485e-13,-5.179009751997409e-12,-7.228346426363146e-08
771,0.09807950710160905,0.049999999996952,0.04999999999764464,-7.756126638065498e-09,-5.733386876175403e-12,-0.0002509184540319196,-0.0,-0.0,-6.478513455287038e-13,-5.175930556540492e-12,-7.22471715824863e-08
772,0.09807624107629004,0.04999999999694797,0.049999999997603475,-7.722970611772027e-09,-5.653684226115574e-12,-0.0002509938405957207,-0.0,-0.0,-6.471469229316848e-13,-5.172846600987162e-12,-7.221114634117914e-08
773,0.09807295571541058,0.04999999999694407,0.049999999997562466,-7.690409949758538e-09,-5.5727828587919255e-12,-0.00025106886730249834,-0.0,-0.0,-6.464421216961132e-13,-5.1697580602824246e-12,-7.217538781646654e-08
774,0.09806965760403936,0.04999999999694027,0.04999999999752163,-7.658195245703912e-09,-5.494548139123307e-12,-0.00025114285993496605,-0.0,-0.0,-6.457336155189946e-13,-5.16666506736092e-12,-7.213989670772778e-08
775,0.09806634045167717,0.0499999999969365,0.049999999997480976,-7.6266296285274e-09,-5.414209537563483e-12,-0.00025121615298663553,-0.0,-0.0,-6.450231110500426e-13,-5.163567590669128e-12,-7.21046774511102e-08
776,0.09806300871061528,0.04999999999693283,0.04999999999744051,-7.595558321513453e-09,-5.334302493182939e-12,-0.0002512889556344551,-0.0,-0.0,-6.443109772611957e-13,-5.16046568611646e-12,-7.206972791492421e-08
777,0.09805966551689649,0.04999999999692934,0.04999999999740025,-7.564884057547261e-09,-5.256296739944595e-12,-0.00025136085503807155,-0.0,-0.0,-6.435960964771965e-13,-5.157359344499359e-12,-7.203504824137654e-08
778,0.09805630733671347,0.04999999999692593,0.049999999997360205,-7.534788391184245e-09,-5.177344173624355e-12,-0.00025143236023300776,-0.0,-0.0,-6.42880516677124e-13,-5.154248629650557e-12,-7.200063741201179e-08
779,0.09805294049498281,0.049999999996922576,0.04999999999732038,-7.505038124501307e-09,-5.101004285134939e-12,-0.0002515028291412955,-0.0,-0.0,-6.421617762719321e-13,-5.151133604702406e-12,-7.196649574609255e-08
780,0.09804955897876248,0.04999999999691937,0.0499999999972808,-7.475914367163517e-09,-5.022892881364712e-12,-0.00025157257954594594,-0.0,-0.0,-6.414410566774413e-13,-5.148014193482392e-12,-7.193262714794809e-08
781,0.09804616703040375,0.049999999996916254,0.049999999997241466,-7.447271027767402e-09,-4.945321513833031e-12,-0.0002516418171621218,-0.0,-0.0,-6.407192888185451e-13,-5.144890403699184e-12,-7.189902923783343e-08
782,0.09804276771066724,0.049999999996913215,0.049999999997202386,-7.419017723259352e-09,-4.8696708895769264e-12,-0.00025171014350158435,-0.0,-0.0,-6.399963907465709e-13,-5.1417624930408285e-12,-7.186570180813208e-08
783,0.09803935758165998,0.04999999999691022,0.04999999999716357,-7.391323076070589e-09,-4.7932865866438e-12,-0.0002517780462749793,-0.0,-0.0,-6.392710291394987e-13,-5.138630606520826e-12,-7.183264360010284e-08
784,0.09803594271122817,0.04999999999690741,0.04999999999712503,-7.363972495860918e-09,-4.719439589729232e-12,-0.00025184491240472223,-0.0,-0.0,-6.385433013188778e-13,-5.135494720000789e-12,-7.17998546320687e-08
785,0.09803251733190776,0.049999999996904694,0.04999999999708678,-7.337223129100928e-09,-4.644097727914625e-12,-0.00025191104757186014,-0.0,-0.0,-6.378132914735215e-13,-5.132354894647985e-12,-7.176733833530812e-08
786,0.09802908552203157,0.04999999999690213,0.04999999999704882,-7.310940544509733e-09,-4.569389831471207e-12,-0.00025197665096961307,-0.0,-0.0,-6.370823723345442e-13,-5.129211251996977e-12,-7.173509211712049e-08
787,0.09802565023543437,0.04999999999689958,0.049999999997011164,-7.285035821167147e-09,-4.4965910315150576e-12,-0.0002520413385455514,-0.0,-0.0,-6.363484151400004e-13,-5.126063900409615e-12,-7.17031154871292e-08
788,0.09802220812907958,0.04999999999689712,0.04999999999697382,-7.259670622867299e-09,-4.423236024172958e-12,-0.0002521055768744147,-0.0,-0.0,-6.356128091320048e-13,-5.122912767585078e-12,-7.167140700517097e-08
789,0.09801876501541934,0.0499999999968948,0.0499999999969368,-7.234643662145553e-09,-4.352321864003845e-12,-0.0002521687825626937,-0.0,-0.0,-6.348749987170453e-13,-5.119757860762516e-12,-7.163996643448546e-08
790,0.09801531537892051,0.0499999999968926,0.04999999999690011,-7.2101947147015014e-09,-4.280158837631749e-12,-0.0002522312476398322,-0.0,-0.0,-6.341358803275219e-13,-5.116599343154626e-12,-7.160879678692943e-08
791,0.09801186311705053,0.04999999999689053,0.04999999999686375,-7.186198065866399e-09,-4.2086918055581005e-12,-0.0002522931661931973,-0.0,-0.0,-6.333945200413721e-13,-5.113437263462509e-12,-7.15778953077668e-08
792,0.098008411090184,0.04999999999688845,0.04999999999682773,-7.162568328361943e-09,-4.139104648555824e-12,-0.0002523541682426649,-0.0,-0.0,-6.326514703116143e-13,-5.110271624623787e-12,-7.154726126011116e-08
793,0.09800495604813425,0.04999999999688648,0.04999999999679207,-7.139456073726576e-09,-4.069112223396534e-12,-0.00025241470050045605,-0.0,-0.0,-6.319068560451879e-13,-5.1071024943259305e-12,-7.151689304592955e-08
794,0.098001503558852,0.04999999999688461,0.049999999996756764,-7.116675725418573e-09,-4.001458562984654e-12,-0.00025247420812890374,-0.0,-0.0,-6.311603320111534e-13,-5.103929941769902e-12,-7.14867901939495e-08
795,0.09799804834871473,0.049999999996882837,0.04999999999672183,-7.094448985509643e-09,-3.9327738765860314e-12,-0.00025253296997102985,-0.0,-0.0,-6.304118008812904e-13,-5.100754076678903e-12,-7.145695532424294e-08
796,0.09799459413830004,0.0499999999968812,0.049999999996687264,-7.072657793263679e-09,-3.86483113077622e-12,-0.00025259117248457006,-0.0,-0.0,-6.2966188245083e-13,-5.097574943968345e-12,-7.142738556711728e-08
797,0.09799114366658078,0.04999999999687968,0.04999999999665308,-7.051220653418104e-09,-3.798712524031374e-12,-0.00025264846233503697,-0.0,-0.0,-6.289097682703211e-13,-5.094392603722491e-12,-7.13980799835666e-08
798,0.09798769380312215,0.04999999999687824,0.049999999996619277,-7.03028081875475e-09,-3.732321700732463e-12,-0.0002527052649437855,-0.0,-0.0,-6.281558954801843e-13,-5.0912069958671746e-12,-7.136903684583521e-08
799,0.09798424985612042,0.049999999996876876,0.04999999999658587,-7.00966274289947e-09,-3.668154074070736e-12,-0.0002527610537411342,-0.0,-0.0,-6.27400189770993e-13,-5.088018042040936e-12,-7.134025549426153e-08
800,0.09798080679089483,0.04999999999687556,0.04999999999655286,-6.989575046126979e-09,-3.603143115937452e-12,-0.00025281609443928744,-0.0,-0.0,-6.266436123991493e-13,-5.084825857793661e-12,-7.131173820371403e-08
801,0.09797736815058848,0.04999999999687439,0.04999999999652025,-6.9699066060073096e-09,-3.5388996648558936e-12,-0.0002528705671555341,-0.0,-0.0,-6.258863485302066e-13,-5.081630682003545e-12,-7.128348201713523e-08
802,0.09797393656601139,0.049999999996873296,0.04999999999648805,-6.950578899095774e-09,-3.476417343900293e-12,-0.0002529241335554876,-0.0,-0.0,-6.251263775097916e-13,-5.078432641227304e-12,-7.12554858235288e-08
803,0.09797050900990581,0.049999999996872185,0.049999999996456254,-6.931727601157022e-09,-3.413770565087207e-12,-0.00025297719933773977,-0.0,-0.0,-6.243648505346643e-13,-5.075231676477501e-12,-7.122774779449925e-08
804,0.09796709054499436,0.049999999996871235,0.04999999999642488,-6.913188841425325e-09,-3.353228649670543e-12,-0.00025302926658590417,-0.0,-0.0,-6.236015929628836e-13,-5.072027831006148e-12,-7.120026708748353e-08
805,0.09796367638304788,0.0499999999968703,0.04999999999639393,-6.895154547985953e-09,-3.29201452878001e-12,-0.0002530805857554857,-0.0,-0.0,-6.228361405510424e-13,-5.068821113240877e-12,-7.117304565718914e-08
806,0.09796026986468086,0.04999999999686957,0.049999999996363405,-6.877523112645376e-09,-3.2315743740849547e-12,-0.000253131332513409,-0.0,-0.0,-6.220706254163219e-13,-5.065611627377636e-12,-7.114608048413754e-08
807,0.09795687353216415,0.04999999999686881,0.04999999999633331,-6.860218870574362e-09,-3.172828533903696e-12,-0.00025318118208446974,-0.0,-0.0,-6.213026847505746e-13,-5.062399564381609e-12,-7.111937030375027e-08
808,0.09795348444681666,0.04999999999686819,0.04999999999630364,-6.84337039710879e-09,-3.114006083262176e-12,-0.0002532305214498363,-0.0,-0.0,-6.205333299826834e-13,-5.0591849181962346e-12,-7.10929132088093e-08
809,0.09795010743624055,0.04999999999686767,0.049999999996274413,-6.826821467048146e-09,-3.0571686126610845e-12,-0.0002532788784813261,-0.0,-0.0,-6.197618352265537e-13,-5.055967689096254e-12,-7.10667082148251e-08
810,0.09794673792767039,0.049999999996867266,0.049999999996245624,-6.810753842497337e-09,-2.9997976568986003e-12,-0.00025332649277184054,-0.0,-0.0,-6.189891947959896e-13,-5.052747958807275e-12,-7.104075697881769e-08
811,0.09794337910628935,0.04999999999686691,0.04999999999621727,-6.7950724401034024e-09,-2.9432079713748276e-12,-0.00025337353202142446,-0.0,-0.0,-6.182151966779807e-13,-5.0495258256840935e-12,-7.101505642848359e-08
812,0.09794003338725171,0.049999999996866634,0.04999999999618937,-6.779704701301671e-09,-2.88823205831225e-12,-0.0002534196870886268,-0.0,-0.0,-6.174394316828611e-13,-5.046301345060064e-12,-7.098960517146314e-08
813,0.09793669794431605,0.04999999999686647,0.04999999999616192,-6.7647711664160945e-09,-2.8332569166727972e-12,-0.00025346532455295133,-0.0,-0.0,-6.166625090673084e-13,-5.043074578512814e-12,-7.096440124077937e-08
814,0.09793337734874613,0.04999999999686633,0.049999999996134914,-6.750126966710605e-09,-2.7801399505893447e-12,-0.00025351000053921107,-0.0,-0.0,-6.158832864175853e-13,-5.039845500219612e-12,-7.09394435197354e-08
815,0.09793006727367141,0.04999999999686636,0.04999999999610835,-6.735939554325587e-09,-2.7266190443270853e-12,-0.0002535539396540406,-0.0,-0.0,-6.151032003162316e-13,-5.0366141389219334e-12,-7.09147333951347e-08
816,0.09792677070290251,0.049999999996866454,0.049999999996082255,-6.722120976470934e-09,-2.673864874107529e-12,-0.00025359730470305087,-0.0,-0.0,-6.143222335488829e-13,-5.033380632659342e-12,-7.089026777849705e-08
817,0.09792348995624667,0.04999999999686654,0.04999999999605661,-6.708603973245472e-09,-2.622643315613427e-12,-0.0002536398000603396,-0.0,-0.0,-6.135392841493525e-13,-5.030145033631153e-12,-7.086604517313933e-08
818,0.09792022229878751,0.049999999996866634,0.04999999999603142,-6.69549984441482e-09,-2.571480297453131e-12,-0.0002536817735854975,-0.0,-0.0,-6.127559352436965e-13,-5.026907450021926e-12,-7.084206357926406e-08
819,0.09791697206190315,0.0499999999968669,0.04999999999600669,-6.682675095377914e-09,-2.5220503209907173e-12,-0.0002537228088296734,-0.0,-0.0,-6.119698855785832e-13,-5.0236679259871255e-12,-7.081832176350375e-08
820,0.09791373515823384,0.049999999996867314,0.049999999995982425,-6.670282930063996e-09,-2.4723278890450274e-12,-0.0002537631168196468,-0.0,-0.0,-6.11182630956945e-13,-5.020426377250746e-12,-7.079482085114165e-08
821,0.09791051438463423,0.04999999999686776,0.04999999999595861,-6.658241775892407e-09,-2.4233558899209556e-12,-0.00025380285324156103,-0.0,-0.0,-6.103943540795266e-13,-5.017182769666738e-12,-7.077155775312984e-08
822,0.0979073119412715,0.04999999999686823,0.04999999999593527,-6.646488826555296e-09,-2.3758270577189856e-12,-0.0002538417379961863,-0.0,-0.0,-6.096056685448224e-13,-5.013937206871555e-12,-7.074853088582231e-08
823,0.09790412520685676,0.04999999999686879,0.04999999999591238,-6.635129136123734e-09,-2.3284079669338507e-12,-0.0002538801000767091,-0.0,-0.0,-6.08816061423991e-13,-5.010689881021985e-12,-7.072573821138362e-08
824,0.09790095827150025,0.04999999999686948,0.04999999999588996,-6.624035998643186e-09,-2.282601114987438e-12,-0.0002539175476157754,-0.0,-0.0,-6.080245646897338e-13,-5.007440835705074e-12,-7.070317840787355e-08
825,0.0978978072578056,0.04999999999687028,0.049999999995867996,-6.613351585876134e-09,-2.236589634892211e-12,-0.00025395428034470234,-0.0,-0.0,-6.072316636175972e-13,-5.004190065449781e-12,-7.068085237208301e-08
826,0.09789467479935983,0.04999999999687114,0.049999999995846506,-6.603001366121225e-09,-2.191308131691889e-12,-0.0002539904467319628,-0.0,-0.0,-6.064387375897714e-13,-5.000937727474813e-12,-7.065875701983235e-08
827,0.0978915629753647,0.049999999996872095,0.04999999999582547,-6.592926816295955e-09,-2.1473804604588413e-12,-0.00025402578198193695,-0.0,-0.0,-6.056433164190724e-13,-4.997683919464338e-12,-7.063689068939177e-08
828,0.09788846927835379,0.04999999999687323,0.0499999999958049,-6.583224400770726e-09,-2.103604330902385e-12,-0.00025406059600494106,-0.0,-0.0,-6.04847316079123e-13,-4.994428608107909e-12,-7.061525131757561e-08
829,0.09788539755275726,0.04999999999687434,0.049999999995784805,-6.573776154827516e-09,-2.0613208235671754e-12,-0.0002540945224934073,-0.0,-0.0,-6.040496729773262e-13,-4.99117185740342e-12,-7.059383749716803e-08
830,0.09788234414468361,0.04999999999687554,0.04999999999576516,-6.5647128038825515e-09,-2.018912278786551e-12,-0.00025412774843714287,-0.0,-0.0,-6.032510519070417e-13,-4.987913723743109e-12,-7.057264990475135e-08
831,0.097879311508275,0.049999999996876786,0.04999999999574599,-6.5559662188266854e-09,-1.9772061365135516e-12,-0.00025416041436067546,-0.0,-0.0,-6.024519818195529e-13,-4.984654363782169e-12,-7.055168549163824e-08
832,0.09787630159387742,0.04999999999687808,0.04999999999572727,-6.547481098223152e-09,-1.9367594957520867e-12,-0.0002541922720066029,-0.0,-0.0,-6.016506025895361e-13,-4.9813938107963115e-12,-7.053094254092438e-08
833,0.09787331202309615,0.04999999999687943,0.04999999999570902,-6.53934575136805e-09,-1.896498239108005e-12,-0.0002542236116696689,-0.0,-0.0,-6.008484365995406e-13,-4.978131952636571e-12,-7.051041897709547e-08
834,0.09787034638725506,0.04999999999688096,0.04999999999569123,-6.531452025620241e-09,-1.8576112604797496e-12,-0.0002542540924886867,-0.0,-0.0,-6.000457257559037e-13,-4.974868881530355e-12,-7.049011332706702e-08
835,0.09786740125722189,0.0499999999968824,0.049999999995673894,-6.523920111082545e-09,-1.818666045213592e-12,-0.0002542838882282197,-0.0,-0.0,-5.992411198844849e-13,-4.971604594711718e-12,-7.047002607222853e-08
836,0.09786447890207556,0.04999999999688402,0.04999999999565702,-6.516687538965627e-09,-1.7803890028757205e-12,-0.0002543131344201095,-0.0,-0.0,-5.984371880072811e-13,-4.9683391341851235e-12,-7.045015419474115e-08
837,0.09786158117583,0.04999999999688554,0.049999999995640594,-6.509701962357698e-09,-1.7432870658722916e-12,-0.0002543415950832109,-0.0,-0.0,-5.976314451339385e-13,-4.965072635154414e-12,-7.043049593223133e-08
838,0.09785870578373924,0.049999999996887284,0.04999999999562463,-6.503045538965241e-09,-1.7063884208626363e-12,-0.00025436954456063514,-0.0,-0.0,-5.968254152439191e-13,-4.961805085625986e-12,-7.041104921290979e-08
839,0.09785585610370001,0.049999999996889075,0.04999999999560912,-6.496618790615162e-09,-1.6707556117606893e-12,-0.0002543966644031727,-0.0,-0.0,-5.960177553765073e-13,-4.958536472687987e-12,-7.03918125052405e-08
840,0.09785302890098765,0.049999999996891094,0.04999999999559406,-6.4905311468145675e-09,-1.6351161158780059e-12,-0.0002544231176812045,-0.0,-0.0,-5.952100832465843e-13,-4.955266825964774e-12,-7.037278610848252e-08
841,0.09785022628746379,0.04999999999689296,0.04999999999557944,-6.484724862293838e-09,-1.6001128669615995e-12,-0.00025444903281409553,-0.0,-0.0,-5.944022895068871e-13,-4.951996369425402e-12,-7.035396704178215e-08
842,0.09784744999757514,0.049999999996895056,0.04999999999556528,-6.4791509775965905e-09,-1.566198015545732e-12,-0.0002544741881894836,-0.0,-0.0,-5.935932006181856e-13,-4.948725285197309e-12,-7.03353535035981e-08
843,0.09784469784521174,0.0499999999968972,0.049999999995551554,-6.473885788529892e-09,-1.5325032706957225e-12,-0.0002544988397522662,-0.0,-0.0,-5.92782476199007e-13,-4.94545354186908e-12,-7.031694343472967e-08
844,0.0978419729677854,0.04999999999689922,0.04999999999553828,-6.468837033668612e-09,-1.4999649317831973e-12,-0.0002545226934177434,-0.0,-0.0,-5.919709463709677e-13,-4.9421810902787385e-12,-7.029873525902436e-08
845,0.09783927234879297,0.04999999999690144,0.04999999999552544,-6.4641049759619994e-09,-1.4674662069222832e-12,-0.00025454589960841734,-0.0,-0.0,-5.911587889172381e-13,-4.938908035195082e-12,-7.028072910621367e-08
846,0.09783659792112044,0.049999999996903695,0.049999999995513036,-6.459637032492384e-09,-1.4355658649547644e-12,-0.00025456858109623986,-0.0,-0.0,-5.903459361410968e-13,-4.935634449428263e-12,-7.026292204904642e-08
847,0.097833951316752,0.049999999996906075,0.04999999999550107,-6.455385950380165e-09,-1.4046709251811797e-12,-0.00025459052948629743,-0.0,-0.0,-5.8953138535598e-13,-4.932360237587683e-12,-7.024531225856365e-08
848,0.0978313304468022,0.04999999999690853,0.049999999995489534,-6.451424692159649e-09,-1.3740051945352735e-12,-0.0002546119835047211,-0.0,-0.0,-5.887172388709593e-13,-4.929085345879587e-12,-7.022789769867015e-08
849,0.09782873822124508,0.049999999996911036,0.049999999995478425,-6.447666825931016e-09,-1.3443927125935387e-12,-0.0002546326718575425,-0.0,-0.0,-5.879023745012942e-13,-4.925809858347477e-12,-7.021067676237712e-08
850,0.09782617182767288,0.049999999996913715,0.049999999995467746,-6.444202771718621e-09,-1.3148551447192308e-12,-0.00025465273412482323,-0.0,-0.0,-5.870872567220597e-13,-4.922533831196031e-12,-7.019364942049226e-08
851,0.09782363303956136,0.04999999999691626,0.049999999995457484,-6.440986431516229e-09,-1.2858802534252946e-12,-0.0002546722851951338,-0.0,-0.0,-5.862717113646241e-13,-4.919257303427193e-12,-7.017681281286917e-08
852,0.09782112336204929,0.04999999999691898,0.04999999999544765,-6.437972732042228e-09,-1.257825699685717e-12,-0.0002546911315405509,-0.0,-0.0,-5.854560258562162e-13,-4.915980365681149e-12,-7.016016510242634e-08
853,0.09781864082509718,0.04999999999692179,0.04999999999543822,-6.435228403467099e-09,-1.230006541009957e-12,-0.00025470949606048136,-0.0,-0.0,-5.846401034628845e-13,-4.9127031934554864e-12,-7.01437042600353e-08
854,0.09781618812619665,0.049999999996924616,0.049999999995429215,-6.432673746825873e-09,-1.2031479861825394e-12,-0.0002547271279395961,-0.0,-0.0,-5.838231508549619e-13,-4.909425915030917e-12,-7.012742864242398e-08
855,0.09781376263366477,0.0499999999969276,0.04999999999542062,-6.430391542074727e-09,-1.1763914009266077e-12,-0.0002547441550488408,-0.0,-0.0,-5.83004558280694e-13,-4.906148481216429e-12,-7.011133809144061e-08
856,0.09781136595315058,0.04999999999693058,0.04999999999541242,-6.428339597051686e-09,-1.150156875401649e-12,-0.0002547606859619422,-0.0,-0.0,-5.821860476373636e-13,-4.9028708307616015e-12,-7.009542983356507e-08
857,0.09780899948021177,0.04999999999693368,0.04999999999540463,-6.4264769853115196e-09,-1.1247620535060819e-12,-0.00025477654141043565,-0.0,-0.0,-5.813668205961814e-13,-4.899593011919113e-12,-7.007970203096522e-08
858,0.09780666135972352,0.04999999999693668,0.04999999999539723,-6.424863396299957e-09,-1.0996043371303199e-12,-0.0002547919267778862,-0.0,-0.0,-5.805479756608576e-13,-4.896315121977145e-12,-7.006415269346311e-08
859,0.09780435405729597,0.049999999996939756,0.04999999999539024,-6.423427286063562e-09,-1.075312981037998e-12,-0.00025480661324576076,-0.0,-0.0,-5.797269569207471e-13,-4.893037050897894e-12,-7.004878017335936e-08
860,0.09780207514225892,0.049999999996942934,0.04999999999538363,-6.422242395057099e-09,-1.051144758041447e-12,-0.0002548207189049656,-0.0,-0.0,-5.78908300195536e-13,-4.8897589251119935e-12,-7.003358417533147e-08
861,0.09779982607429412,0.04999999999694612,0.04999999999537741,-6.421270959085117e-09,-1.027463568825784e-12,-0.00025483434597375416,-0.0,-0.0,-5.78087810288e-13,-4.886481014613368e-12,-7.001856198306241e-08
862,0.09779760814064924,0.049999999996949235,0.04999999999537158,-6.42047431524715e-09,-1.0045499107507347e-12,-0.00025484732627249843,-0.0,-0.0,-5.772666419466685e-13,-4.883203188090312e-12,-7.000371176543435e-08
863,0.09779541956717068,0.049999999996952385,0.04999999999536612,-6.4199081208181345e-09,-9.818673409093002e-13,-0.000254859851444409,-0.0,-0.0,-5.764456083052476e-13,-4.879925505507462e-12,-6.998903157137404e-08
864,0.09779326263111307,0.04999999999695573,0.04999999999536104,-6.4195056173119805e-09,-9.5996866890523e-13,-0.0002548717117045202,-0.0,-0.0,-5.756240209095931e-13,-4.876648068927019e-12,-6.997451973904529e-08
865,0.0977911350716434,0.04999999999695912,0.049999999995356335,-6.419334921574081e-09,-9.382074002270548e-13,-0.0002548830150110291,-0.0,-0.0,-5.748018261632126e-13,-4.873370928812798e-12,-6.996017586351989e-08
866,0.09778903820029287,0.0499999999969626,0.04999999999535199,-6.419359802069141e-09,-9.168955369958786e-13,-0.00025489385753663124,-0.0,-0.0,-5.739795792484526e-13,-4.870094141450458e-12,-6.994599731110928e-08
867,0.09778697320001557,0.04999999999696625,0.049999999995348016,-6.419544856492181e-09,-8.962805452618489e-13,-0.0002549040838797919,-0.0,-0.0,-5.73156736970619e-13,-4.866817792173161e-12,-6.9931982258875e-08
868,0.09778493839904477,0.04999999999696986,0.0499999999953444,-6.419941529622934e-09,-8.758919296797445e-13,-0.0002549138702541356,-0.0,-0.0,-5.723331287398988e-13,-4.863541842938247e-12,-6.991812879569213e-08
869,0.09778293586763537,0.04999999999697341,0.04999999999534114,-6.420488704856547e-09,-8.562076318101587e-13,-0.0002549230256504147,-0.0,-0.0,-5.715089236761017e-13,-4.860266158850697e-12,-6.99044352676645e-08
870,0.09778096351535798,0.049999999996977004,0.04999999999533823,-6.421247403363104e-09,-8.366693636878022e-13,-0.0002549316492360695,-0.0,-0.0,-5.70685816685833e-13,-4.856990821226069e-12,-6.989090116885134e-08
871,0.0977790225205446,0.04999999999698078,0.049999999995335664,-6.4221855336603704e-09,-8.175454771935939e-13,-0.00025493983085166344,-0.0,-0.0,-5.698623125112981e-13,-4.853715967890113e-12,-6.987752394392559e-08
872,0.09777711396026392,0.049999999996984595,0.049999999995333444,-6.423269971841851e-09,-7.99052462554644e-13,-0.00025494742647010326,-0.0,-0.0,-5.690387726208936e-13,-4.8504416260685455e-12,-6.986430179261126e-08
873,0.09777523625240869,0.04999999999698838,0.04999999999533156,-6.424546797576906e-09,-7.807766443517833e-13,-0.00025495459804666574,-0.0,-0.0,-5.682150955609423e-13,-4.847167853560306e-12,-6.985123285958129e-08
874,0.09777339127312414,0.04999999999699217,0.04999999999533001,-6.425962667738901e-09,-7.63130912158791e-13,-0.00025496117475915886,-0.0,-0.0,-5.673911599016878e-13,-4.843894681506507e-12,-6.983831548497573e-08
875,0.09777157712209356,0.04999999999699601,0.049999999995328795,-6.42756937051089e-09,-7.456412037003908e-13,-0.00025496724350123793,-0.0,-0.0,-5.665669560742719e-13,-4.840622130192933e-12,-6.982554907118964e-08
876,0.09776979480625464,0.04999999999699993,0.0499999999953279,-6.429339583586552e-09,-7.285271305506453e-13,-0.0002549731184340317,-0.0,-0.0,-5.657432762844752e-13,-4.837350205670749e-12,-6.98129286599575e-08
877,0.09776804792873783,0.04999999999700368,0.04999999999532733,-6.4311571577689e-09,-7.12549714114947e-13,-0.0002549782035346871,-0.0,-0.0,-5.649186986791356e-13,-4.834078862728795e-12,-6.98004526582807e-08
878,0.09776632973405328,0.04999999999700774,0.04999999999532708,-6.433234987698386e-09,-6.961598405016034e-13,-0.0002549831117588435,-0.0,-0.0,-5.640958326557867e-13,-4.830808196966716e-12,-6.97881194798801e-08
879,0.09776464719467859,0.04999999999701185,0.04999999999532714,-6.435350603707498e-09,-6.808947680777868e-13,-0.000254987222140757,-0.0,-0.0,-5.63271732412536e-13,-4.827538329774164e-12,-6.97759276351831e-08
880,0.09776299325446247,0.04999999999701593,0.049999999995327525,-6.4377246891841364e-09,-6.651786441800838e-13,-0.00025499108099813673,-0.0,-0.0,-5.624477638426888e-13,-4.82426916954591e-12,-6.976387666348106e-08
881,0.0977613741163914,0.04999999999702012,0.049999999995328205,-6.4401586199846615e-09,-6.503599136768899e-13,-0.0002549945221992283,-0.0,-0.0,-5.616246645720207e-13,-4.821000759240333e-12,-6.975196189183356e-08
882,0.09775978789277043,0.04999999999702423,0.04999999999532919,-6.4427145553176424e-09,-6.359819543234885e-13,-0.0002549974422938962,-0.0,-0.0,-5.6080147856338e-13,-4.817733224983466e-12,-6.974018194286503e-08
883,0.09775823339076296,0.049999999997028484,0.049999999995330474,-6.445423696225193e-09,-6.217778140467401e-13,-0.0002549999600031592,-0.0,-0.0,-5.599789740896175e-13,-4.8144667355618935e-12,-6.972853537276662e-08
884,0.09775671193685145,0.049999999997032814,0.049999999995332056,-6.448247681573601e-09,-6.080157167550879e-13,-0.00025500195315465447,-0.0,-0.0,-5.59155172458925e-13,-4.8112013572666326e-12,-6.971702086277717e-08
885,0.09775522211385114,0.049999999997036956,0.049999999995333916,-6.451221724792102e-09,-5.943907638398468e-13,-0.0002550034776142642,-0.0,-0.0,-5.583314331267794e-13,-4.807937037746423e-12,-6.970563794099179e-08
886,0.09775376451768925,0.04999999999704105,0.04999999999533607,-6.454329963615887e-09,-5.810268010965667e-13,-0.000255004834728841,-0.0,-0.0,-5.575076320430546e-13,-4.80467373641838e-12,-6.96943822634032e-08
887,0.09775234255544424,0.049999999997045394,0.049999999995338495,-6.457461745853559e-09,-5.685791156589959e-13,-0.0002550054667965489,-0.0,-0.0,-5.56683813555344e-13,-4.801411394599368e-12,-6.968325253973158e-08
888,0.09775094982426036,0.0499999999970498,0.04999999999534119,-6.460815913100376e-09,-5.557542009494395e-13,-0.0002550059456727263,-0.0,-0.0,-5.558614029521785e-13,-4.798150145945322e-12,-6.967224750111386e-08
889,0.09774959279237565,0.04999999999705413,0.04999999999534416,-6.464186288050116e-09,-5.43834554966057e-13,-0.000255005698148563,-0.0,-0.0,-5.550383265971252e-13,-4.794890123315707e-12,-6.966136589743947e-08
890,0.09774826486566669,0.04999999999705848,0.0499999999953474,-6.467776636747754e-09,-5.315206680151299e-13,-0.000255005238679863,-0.0,-0.0,-5.542151297981553e-13,-4.791631270027468e-12,-6.965060731773806e-08
891,0.0977469718479982,0.04999999999706281,0.04999999999535088,-6.47139934810482e-09,-5.199469851908925e-13,-0.00025500438935430967,-0.0,-0.0,-5.533925588734313e-13,-4.788373548527149e-12,-6.963996762917e-08
892,0.09774571165142136,0.04999999999706742,0.04999999999535463,-6.4751236608678635e-09,-5.086838535407316e-13,-0.00025500308430831273,-0.0,-0.0,-5.525698783969276e-13,-4.7851169489600005e-12,-6.962944568423776e-08
893,0.09774448345289574,0.04999999999707191,0.049999999995358625,-6.478965537003931e-09,-4.975755496083526e-13,-0.0002550014028877888,-0.0,-0.0,-5.517485286156478e-13,-4.7818615468562674e-12,-6.961904027697958e-08
894,0.09774328807822356,0.04999999999707627,0.049999999995362865,-6.482900289030236e-09,-4.867790517083276e-13,-0.0002549992668914879,-0.0,-0.0,-5.509268005581201e-13,-4.778607440974419e-12,-6.960875027490999e-08
895,0.09774212455268305,0.049999999997080796,0.04999999999536734,-6.486949519530748e-09,-4.761159386323208e-13,-0.00025499670184991717,-0.0,-0.0,-5.501052981106205e-13,-4.775354589999611e-12,-6.959857523076122e-08
896,0.09774099307418535,0.049999999997085445,0.04999999999537205,-6.491108786987503e-09,-4.656330471595359e-13,-0.00025499399867760705,-0.0,-0.0,-5.492852292778529e-13,-4.772103113731808e-12,-6.958851128382932e-08
897,0.09773989688662992,0.04999999999708995,0.04999999999537699,-6.4952696174707125e-09,-4.558990443547551e-13,-0.0002549906359655015,-0.0,-0.0,-5.484638995697409e-13,-4.768853033671836e-12,-6.957855731939173e-08
898,0.09773882993002897,0.04999999999709445,0.049999999995382155,-6.499620381740251e-09,-4.4583129766997047e-13,-0.0002549871468912611,-0.0,-0.0,-5.476441545816763e-13,-4.765604350750699e-12,-6.956871226126467e-08
899,0.09773779819788496,0.049999999997099046,0.04999999999538754,-6.503966632937055e-09,-4.365009930899844e-13,-0.00025498300140776813,-0.0,-0.0,-5.468240414102157e-13,-4.762357218823901e-12,-6.955897500363452e-08
900,0.09773679551943193,0.04999999999710356,0.04999999999539314,-6.508499418083061e-09,-4.2683140942382523e-13,-0.00025497845464625787,-0.0,-0.0,-5.46003220250844e-13,-4.759111559315353e-12,-6.954934763485105e-08
901,0.09773582468623992,0.04999999999710828,0.04999999999539894,-6.51312784796933e-09,-4.1734319259697585e-13,-0.00025497378425544604,-0.0,-0.0,-5.451841973548788e-13,-4.7558673807323484e-12,-6.953982626981966e-08
902,0.09773488877002463,0.04999999999711275,0.04999999999540494,-6.517750544129388e-09,-4.085480717990562e-13,-0.0002549684933337099,-0.0,-0.0,-5.443645849128051e-13,-4.752624792906399e-12,-6.953040966828774e-08
903,0.09773398196088269,0.049999999997117406,0.049999999995411146,-6.522546654939492e-09,-3.9946731820648234e-13,-0.00025496308999527277,-0.0,-0.0,-5.435452032306577e-13,-4.7493836701681725e-12,-6.952109664226723e-08
904,0.09773310994888885,0.049999999997122124,0.04999999999541754,-6.527331299863627e-09,-3.910656254551152e-13,-0.0002549570710628749,-0.0,-0.0,-5.427273181764788e-13,-4.746144110969562e-12,-6.951188596831062e-08
905,0.09773226684050021,0.04999999999712687,0.04999999999542412,-6.532285904357948e-09,-3.823735871062282e-13,-0.000254950678542812,-0.0,-0.0,-5.419089442998923e-13,-4.74290627112532e-12,-6.95027794713185e-08
906,0.09773145525806935,0.0499999999971317,0.04999999999543089,-6.537323301167967e-09,-3.738571445408079e-13,-0.0002549441752338645,-0.0,-0.0,-5.410918102538603e-13,-4.739670189140689e-12,-6.949377333069922e-08
907,0.09773067808207758,0.04999999999713644,0.04999999999543783,-6.542349118193364e-09,-3.6597328489684175e-13,-0.00025493709014443266,-0.0,-0.0,-5.402737356096192e-13,-4.73643589429871e-12,-6.948486624850016e-08
908,0.09772992977114034,0.04999999999714111,0.04999999999544494,-6.547531453189429e-09,-3.5784265431437756e-13,-0.00025492990591645246,-0.0,-0.0,-5.39456694592231e-13,-4.7332033403768106e-12,-6.947605697605337e-08
909,0.09772921570661164,0.049999999997145876,0.04999999999545223,-6.552694956742649e-09,-3.503313633871195e-13,-0.00025492214640729404,-0.0,-0.0,-5.386398070873421e-13,-4.72997260491041e-12,-6.946734422186133e-08
910,0.09772853027684733,0.049999999997150685,0.04999999999545968,-6.558011259137025e-09,-3.4256987182584925e-13,-0.0002549140385175343,-0.0,-0.0,-5.378227741865515e-13,-4.726743672511862e-12,-6.945872961308064e-08
911,0.09772787591205165,0.04999999999715556,0.0499999999954673,-6.563399843674419e-09,-3.349707146570309e-13,-0.00025490583412787385,-0.0,-0.0,-5.370070593716746e-13,-4.723516529339763e-12,-6.945020943309673e-08
912,0.09772725534937098,0.049999999997160254,0.04999999999547507,-6.568766792440014e-09,-3.279479147553627e-13,-0.0002548970852409293,-0.0,-0.0,-5.361916069842922e-13,-4.720291270799711e-12,-6.944178235110789e-08
913,0.0977266632837948,0.04999999999716499,0.04999999999548299,-6.574275240508558e-09,-3.2070869484127944e-13,-0.0002548882511040542,-0.0,-0.0,-5.353764401156961e-13,-4.717067870774367e-12,-6.943344709023634e-08
914,0.09772610481291888,0.049999999997169836,0.04999999999549107,-6.579756938212905e-09,-3.1403246159376693e-13,-0.0002548788800951484,-0.0,-0.0,-5.34561701848474e-13,-4.713846264153924e-12,-6.942520232549456e-08
915,0.09772557458128966,0.04999999999717463,0.0499999999954993,-6.585375164865501e-09,-3.07137373329303e-13,-0.00025486918632011506,-0.0,-0.0,-5.337480283693806e-13,-4.710626526122915e-12,-6.94170495210526e-08
916,0.097725074855189,0.049999999997179294,0.049999999995507666,-6.591054009579092e-09,-3.0039122262800213e-13,-0.00025485941071832726,-0.0,-0.0,-5.329351815594531e-13,-4.7074087290200866e-12,-6.940898507098591e-08
917,0.09772460822866558,0.04999999999718412,0.049999999995516166,-6.596702518352275e-09,-2.9416861038239285e-13,-0.00025484912790943627,-0.0,-0.0,-5.321224114541188e-13,-4.704192871678739e-12,-6.940100762228981e-08
918,0.0977241696328064,0.04999999999718882,0.04999999999552481,-6.6024771325243215e-09,-2.877557806050961e-13,-0.0002548387725922259,-0.0,-0.0,-5.313099498651254e-13,-4.700978823527145e-12,-6.939311589627891e-08
919,0.09772376386931633,0.049999999997193734,0.04999999999553359,-6.60821633349139e-09,-2.8185091032875714e-13,-0.0002548279183298733,-0.0,-0.0,-5.304992741732259e-13,-4.6977666087960695e-12,-6.938530856431535e-08
920,0.09772338584922063,0.04999999999719846,0.0499999999955425,-6.614076364666593e-09,-2.7575385860915795e-13,-0.00025481676694306043,-0.0,-0.0,-5.296894302576853e-13,-4.694556469543838e-12,-6.937758694245488e-08
921,0.09772303768281995,0.049999999997203295,0.04999999999555152,-6.619984210502361e-09,-2.6979245817163246e-13,-0.00025480554628677323,-0.0,-0.0,-5.28879199772225e-13,-4.691348333895808e-12,-6.936994756690353e-08
922,0.09772272179669536,0.04999999999720815,0.04999999999556068,-6.625855840934852e-09,-2.6430201633783905e-13,-0.000254793854770691,-0.0,-0.0,-5.280704023643798e-13,-4.6881421665626825e-12,-6.936238910277976e-08
923,0.09772243337561387,0.049999999997212975,0.04999999999556995,-6.631837944509411e-09,-2.586432223070469e-13,-0.0002547821037823309,-0.0,-0.0,-5.272625212591901e-13,-4.684938137478095e-12,-6.935491028083365e-08
924,0.09772217693971523,0.049999999997217694,0.04999999999557934,-6.637777603132888e-09,-2.53441978299932e-13,-0.0002547698905940616,-0.0,-0.0,-5.264547404149236e-13,-4.681736310295198e-12,-6.934750978171241e-08
925,0.09772194765364357,0.049999999997222516,0.049999999995588844,-6.64382217288222e-09,-2.480707628194835e-13,-0.00025475740497166475,-0.0,-0.0,-5.25646735789394e-13,-4.678536630721579e-12,-6.934018879938458e-08
926,0.09772174747475906,0.049999999997227255,0.049999999995598454,-6.649904338876334e-09,-2.4282140088772345e-13,-0.0002547448635134905,-0.0,-0.0,-5.248400512738485e-13,-4.675339032695443e-12,-6.933294401354746e-08
927,0.09772157868620128,0.049999999997232016,0.04999999999560817,-6.655942543498329e-09,-2.379960313622339e-13,-0.000254731887083434,-0.0,-0.0,-5.240338225051847e-13,-4.672143550718799e-12,-6.93257741029277e-08
928,0.09772143671346022,0.04999999999723681,0.04999999999561799,-6.6620759541077224e-09,-2.330214680450912e-13,-0.0002547188634227832,-0.0,-0.0,-5.232288387628082e-13,-4.6689502241005275e-12,-6.93186778216025e-08
929,0.09772132579248399,0.04999999999724165,0.0499999999956279,-6.668159971892291e-09,-2.284572058810631e-13,-0.0002547054123190997,-0.0,-0.0,-5.224239400250793e-13,-4.665759045986809e-12,-6.931165388896828e-08
930,0.09772124133022153,0.04999999999724643,0.04999999999563792,-6.674334771729787e-09,-2.237404569295199e-13,-0.0002546917136097956,-0.0,-0.0,-5.216204245346864e-13,-4.662570068056904e-12,-6.930470339436305e-08
931,0.09772118515764683,0.04999999999725116,0.049999999995648026,-6.680536503865276e-09,-2.1913335038834238e-13,-0.00025467797153223994,-0.0,-0.0,-5.208173642685731e-13,-4.659383334339946e-12,-6.929782316558105e-08
932,0.09772115940314895,0.04999999999725599,0.049999999995658226,-6.686686967072254e-09,-2.149063217535328e-13,-0.0002546638282096263,-0.0,-0.0,-5.20015368684852e-13,-4.656198890318865e-12,-6.929101192455227e-08
933,0.09772115972131813,0.04999999999726069,0.04999999999566851,-6.692919933741165e-09,-2.1054494677035343e-13,-0.0002546496504277885,-0.0,-0.0,-5.192138168297285e-13,-4.653016812614674e-12,-6.928426846016213e-08
934,0.09772119009619472,0.04999999999726527,0.04999999999567889,-6.699097648960153e-09,-2.0655203606538102e-13,-0.0002546350805615089,-0.0,-0.0,-5.184122624778891e-13,-4.649837015429207e-12,-6.927759151075783e-08
935,0.09772124618081791,0.04999999999727011,0.04999999999568934,-6.705352906586523e-09,-2.02423841696201e-13,-0.00025462028650990656,-0.0,-0.0,-5.176117289193326e-13,-4.646659456671952e-12,-6.92709820635022e-08
936,0.09772132965917188,0.049999999997274856,0.049999999995699866,-6.7116236849614875e-09,-1.9839273813700797e-13,-0.0002546054606322187,-0.0,-0.0,-5.168128744459056e-13,-4.643484241682816e-12,-6.926443711312939e-08
937,0.0977214425102029,0.04999999999727958,0.049999999995710476,-6.717839532979868e-09,-1.947009593375035e-13,-0.0002545902667079557,-0.0,-0.0,-5.160139156482223e-13,-4.64031141485146e-12,-6.925795543246258e-08
938,0.09772158062693045,0.049999999997284245,0.04999999999572115,-6.7241231205807945e-09,-1.9088833367615727e-13,-0.0002545750506972366,-0.0,-0.0,-5.152158911788306e-13,-4.6371408968201565e-12,-6.925153584637481e-08
939,0.09772174774325414,0.049999999997288776,0.049999999995731896,-6.7303459738706904e-09,-1.8740615380522702e-13,-0.00025455947525162805,-0.0,-0.0,-5.14418726446172e-13,-4.6339726830079705e-12,-6.924517713662826e-08
940,0.0977219397344347,0.049999999997293404,0.04999999999574271,-6.7366338517172345e-09,-1.8380159334056104e-13,-0.0002545436981607269,-0.0,-0.0,-5.136228291067377e-13,-4.630806875214398e-12,-6.923888021670168e-08
941,0.09772215815891867,0.04999999999729802,0.04999999999575358,-6.7429286853301785e-09,-1.8028245365316887e-13,-0.0002545279022108312,-0.0,-0.0,-5.128277678632471e-13,-4.6276435633167155e-12,-6.923264222936327e-08
942,0.09772240487581818,0.049999999997302355,0.049999999995764516,-6.749163145303419e-09,-1.77068223405875e-13,-0.00025451177011846554,-0.0,-0.0,-5.12032670869449e-13,-4.62448270690765e-12,-6.922646198482572e-08
943,0.0977226759863505,0.04999999999730689,0.04999999999577551,-6.755453670469024e-09,-1.7374458272556788e-13,-0.0002544956272497191,-0.0,-0.0,-5.112390616513451e-13,-4.621324308200754e-12,-6.922033835858015e-08
944,0.09772297497917798,0.04999999999731138,0.049999999995786554,-6.761678391907589e-09,-1.7071626178960288e-13,-0.0002544791571664715,-0.0,-0.0,-5.104453619016557e-13,-4.618168345865609e-12,-6.921427017983934e-08
945,0.09772329796097282,0.04999999999731593,0.049999999995797656,-6.767957039596616e-09,-1.6757771705371676e-13,-0.0002544625079250818,-0.0,-0.0,-5.096531705142703e-13,-4.615014807348546e-12,-6.920825828095687e-08
946,0.09772364637064218,0.04999999999732052,0.0499999999958088,-6.774235218383734e-09,-1.6451477574297223e-13,-0.0002544458515461177,-0.0,-0.0,-5.088613427032863e-13,-4.6118636544770914e-12,-6.920229995427388e-08
947,0.09772402193619441,0.04999999999732509,0.04999999999582,-6.780446784311509e-09,-1.6172475173384577e-13,-0.0002544288891686864,-0.0,-0.0,-5.080716561632717e-13,-4.608714943191726e-12,-6.919639406733293e-08
948,0.09772442096237147,0.04999999999732953,0.04999999999583123,-6.786704622735945e-09,-1.5883456420051456e-13,-0.00025441192750880204,-0.0,-0.0,-5.072821741421085e-13,-4.605568781795069e-12,-6.919053954912807e-08
949,0.09772484671666086,0.04999999999733405,0.04999999999584251,-6.792891718495751e-09,-1.5620894864437477e-13,-0.0002543946690175054,-0.0,-0.0,-5.064933513300061e-13,-4.602425081707767e-12,-6.918473527946595e-08
950,0.09772529551614229,0.04999999999733849,0.049999999995853826,-6.799122442891498e-09,-1.5348301244690985e-13,-0.0002543772528322687,-0.0,-0.0,-5.057056648654864e-13,-4.599283867108561e-12,-6.917898202573211e-08
951,0.09772576869146021,0.04999999999734306,0.04999999999586518,-6.805344617273797e-09,-1.5082364939133814e-13,-0.0002543598396390133,-0.0,-0.0,-5.04918895730986e-13,-4.596145138658431e-12,-6.917327724193556e-08
952,0.09772626783317695,0.04999999999734739,0.04999999999587656,-6.811496866026119e-09,-1.48407301229852e-13,-0.00025434215123486373,-0.0,-0.0,-5.041334792896129e-13,-4.593008960520171e-12,-6.916761984615053e-08
953,0.09772678947836394,0.049999999997351746,0.04999999999588797,-6.817685132147162e-09,-1.4590116264100522e-13,-0.00025432447467206706,-0.0,-0.0,-5.033487006599687e-13,-4.589875410607439e-12,-6.916200880083688e-08
954,0.0977273366619756,0.04999999999735628,0.04999999999589941,-6.823800583239426e-09,-1.436321519491572e-13,-0.0002543065297984963,-0.0,-0.0,-5.02564597553682e-13,-4.586744491535806e-12,-6.915644304492675e-08
955,0.09772790589770707,0.049999999997360656,0.04999999999591088,-6.829949207144139e-09,-1.412708297155999e-13,-0.00025428844631436315,-0.0,-0.0,-5.01780854462432e-13,-4.5836161836671205e-12,-6.915092331080335e-08
956,0.09772849840277167,0.04999999999736504,0.04999999999592236,-6.836082766252491e-09,-1.389663616006825e-13,-0.0002542703785299914,-0.0,-0.0,-5.009985834810738e-13,-4.580490473099208e-12,-6.914544719351652e-08
957,0.0977291156887975,0.04999999999736937,0.049999999995933866,-6.842142950085753e-09,-1.368816573677212e-13,-0.0002542520630616141,-0.0,-0.0,-5.002168508279428e-13,-4.577367398526949e-12,-6.914001365117789e-08
958,0.09772975446004778,0.049999999997373736,0.04999999999594539,-6.848230856959444e-09,-1.3471410621367265e-13,-0.0002542337701889304,-0.0,-0.0,-4.994363410084121e-13,-4.574246970358027e-12,-6.91346217026534e-08
959,0.09773041755447144,0.04999999999737792,0.04999999999595693,-6.8542419490576054e-09,-1.3275941881265429e-13,-0.00025421523754088634,-0.0,-0.0,-4.986564724173015e-13,-4.571129217900262e-12,-6.912927033091803e-08
960,0.09773110168683181,0.04999999999738213,0.04999999999596848,-6.860278573318005e-09,-1.3072090202614113e-13,-0.00025419658594837396,-0.0,-0.0,-4.978769858807758e-13,-4.5680140776747264e-12,-6.9123960208813e-08
961,0.09773180796950107,0.0499999999973862,0.04999999999598004,-6.8662949597412e-09,-1.2873202368040633e-13,-0.00025417795899097573,-0.0,-0.0,-4.97099586765233e-13,-4.564901579601512e-12,-6.911868909061399e-08
962,0.09773253778701374,0.049999999997390535,0.049999999995991605,-6.872236104286991e-09,-1.2693869610425224e-13,-0.0002541591123190328,-0.0,-0.0,-4.963224292406547e-13,-4.561791806648382e-12,-6.911345599336447e-08
963,0.09773328806122997,0.04999999999739485,0.04999999999600317,-6.878195855682822e-09,-1.2507053155078948e-13,-0.0002541402975359918,-0.0,-0.0,-4.955461353783013e-13,-4.5586846818538e-12,-6.910825998403936e-08
964,0.09773406141108076,0.04999999999739882,0.04999999999601475,-6.884078662233942e-09,-1.233926467581109e-13,-0.00025412126870820846,-0.0,-0.0,-4.947710906990607e-13,-4.555580211087398e-12,-6.910310011766182e-08
965,0.09773485474048738,0.04999999999740292,0.04999999999602633,-6.889978617117054e-09,-1.2163697383190737e-13,-0.00025410214183374123,-0.0,-0.0,-4.939968442652186e-13,-4.552478441559219e-12,-6.909797700427702e-08
966,0.09773566910404313,0.04999999999740706,0.049999999996037894,-6.895852696555202e-09,-1.199268864186619e-13,-0.000254083048859611,-0.0,-0.0,-4.932238567406099e-13,-4.5493793844695404e-12,-6.909288851930081e-08
967,0.0977365057497909,0.04999999999741128,0.04999999999604946,-6.901651096017914e-09,-1.1839164747299388e-13,-0.00025406376181477723,-0.0,-0.0,-4.924514039222959e-13,-4.546283039923005e-12,-6.908783374202646e-08
968,0.09773736178823696,0.04999999999741539,0.04999999999606103,-6.907461401873832e-09,-1.1678763014686304e-13,-0.00025404451557861055,-0.0,-0.0,-4.91680231310041e-13,-4.543189391858879e-12,-6.908281179834085e-08
969,0.09773823964436923,0.049999999997419366,0.04999999999607258,-6.91319266179588e-09,-1.1535395322947996e-13,-0.0002540250820535813,-0.0,-0.0,-4.909096380992965e-13,-4.5400984164569504e-12,-6.907782178831823e-08
970,0.09773913642710517,0.04999999999742322,0.04999999999608412,-6.9189349548527904e-09,-1.1385017648091577e-13,-0.0002540055668158224,-0.0,-0.0,-4.901403722327176e-13,-4.537010098303573e-12,-6.907286427941208e-08
971,0.097740053071333,0.04999999999742716,0.04999999999609566,-6.924647547421614e-09,-1.1238479190503833e-13,-0.0002539860950766065,-0.0,-0.0,-4.893728751731025e-13,-4.533924561948341e-12,-6.906793729525457e-08
972,0.09774099074674425,0.049999999997431,0.04999999999610717,-6.930282150511277e-09,-1.1107679976219632e-13,-0.00025396645393835603,-0.0,-0.0,-4.886052576263986e-13,-4.530841831929712e-12,-6.906303996249739e-08
973,0.09774194673798493,0.04999999999743483,0.04999999999611868,-6.935923144839856e-09,-1.0970582764338154e-13,-0.0002539468620376434,-0.0,-0.0,-4.878385937256201e-13,-4.527761781248804e-12,-6.905817146130942e-08
974,0.09774292328253181,0.04999999999743867,0.04999999999613016,-6.941485087269042e-09,-1.0848755283405136e-13,-0.0002539271073606347,-0.0,-0.0,-4.870730116351316e-13,-4.524684355965669e-12,-6.90533309461748e-08
975,0.097743917676382,0.04999999999744253,0.049999999996141624,-6.947052339522067e-09,-1.072052240401708e-13,-0.000253907288633506,-0.0,-0.0,-4.863090439146741e-13,-4.521609610013593e-12,-6.904851893100533e-08
976,0.09774493077637739,0.04999999999744635,0.049999999996153066,-6.952586841392813e-09,-1.0595712546710774e-13,-0.00025388752089609167,-0.0,-0.0,-4.8554570246093e-13,-4.518537527398205e-12,-6.904373357535773e-08
977,0.09774596363553023,0.04999999999745011,0.049999999996164474,-6.958043732998886e-09,-1.0484941956658367e-13,-0.00025386760739805597,-0.0,-0.0,-4.847838578642246e-13,-4.515468071554805e-12,-6.90389740679688e-08
978,0.09774701372718564,0.04999999999745393,0.04999999999617587,-6.963500989988717e-09,-1.0368420604979713e-13,-0.00025384775165753973,-0.0,-0.0,-4.840234938098562e-13,-4.512401337225297e-12,-6.903423963258934e-08
979,0.09774808311486925,0.04999999999745755,0.04999999999618723,-6.9688798702373335e-09,-1.0265661365395574e-13,-0.00025382775599714594,-0.0,-0.0,-4.832630730374484e-13,-4.509337247549054e-12,-6.902952947459569e-08
980,0.09774916926328998,0.04999999999746129,0.049999999996198564,-6.974258398472672e-09,-1.0157009973838756e-13,-0.00025380771112848546,-0.0,-0.0,-4.825048241457875e-13,-4.50627578181345e-12,-6.902484408299679e-08
981,0.09775027293855083,0.049999999997465,0.049999999996209875,-6.9796027831572886e-09,-1.005124733646522e-13,-0.00025378772626508827,-0.0,-0.0,-4.817476133994011e-13,-4.503217062079686e-12,-6.902018174532584e-08
982,0.09775139512825523,0.0499999999974687,0.049999999996221144,-6.984869351491941e-09,-9.958211528172449e-14,-0.000253767617038668,-0.0,-0.0,-4.809908653862336e-13,-4.500161051754087e-12,-6.901554169808158e-08
983,0.09775253345158492,0.04999999999747222,0.04999999999623238,-6.990133369407188e-09,-9.859834941892709e-14,-0.00025374757361078004,-0.0,-0.0,-4.802359451929896e-13,-4.497107802144718e-12,-6.901092321761145e-08
984,0.09775368982088575,0.04999999999747568,0.04999999999624358,-6.99531834584508e-09,-9.773895838801687e-14,-0.00025372741190033706,-0.0,-0.0,-4.794811145867277e-13,-4.494057354962011e-12,-6.900632555701423e-08
985,0.0977548618605048,0.04999999999747915,0.04999999999625475,-7.000500615926089e-09,-9.68253652481496e-14,-0.0002537072162630414,-0.0,-0.0,-4.78727312583007e-13,-4.4910096581124204e-12,-6.900174916744558e-08
986,0.0977560502675035,0.04999999999748255,0.04999999999626587,-7.005646017953323e-09,-9.593722292595271e-14,-0.00025368708801310136,-0.0,-0.0,-4.779745081891366e-13,-4.487964705387497e-12,-6.899719245649683e-08
987,0.09775725594070202,0.04999999999748603,0.04999999999627696,-7.01071482361656e-09,-9.516374511432066e-14,-0.0002536668570518778,-0.0,-0.0,-4.772225627409838e-13,-4.484922471254524e-12,-6.899265470301032e-08
988,0.09775847666839754,0.0499999999974894,0.04999999999628801,-7.015777038900224e-09,-9.434194444158836e-14,-0.000253646699040125,-0.0,-0.0,-4.764712859063575e-13,-4.481882847266255e-12,-6.898813522229314e-08
989,0.09775971419876463,0.04999999999749292,0.049999999996299005,-7.020761700438144e-09,-9.363243539386564e-14,-0.00025362644328733784,-0.0,-0.0,-4.757220437726257e-13,-4.478845817254011e-12,-6.898363331710093e-08
990,0.09776096631604539,0.04999999999749622,0.04999999999630997,-7.025738963510475e-09,-9.287312125247041e-14,-0.0002536061670078222,-0.0,-0.0,-4.749739553642927e-13,-4.475811498765752e-12,-6.897914941318657e-08
991,0.09776223363831191,0.04999999999749967,0.049999999996320876,-7.03067981779426e-09,-9.213537283084327e-14,-0.00025358596428219453,-0.0,-0.0,-4.742275545074403e-13,-4.4727800243359184e-12,-6.897468205132233e-08
992,0.09776351698479885,0.04999999999750287,0.04999999999633175,-7.035546813919321e-09,-9.15004866614919e-14,-0.00025356567920978025,-0.0,-0.0,-4.734804079688935e-13,-4.469751353818486e-12,-6.897023055854704e-08
993,0.09776481431357313,0.04999999999750619,0.04999999999634257,-7.040402855881876e-09,-9.082200389923933e-14,-0.0002535454726412267,-0.0,-0.0,-4.727354892245628e-13,-4.4667254471204e-12,-6.896579429877624e-08
994,0.09776612720536948,0.04999999999750944,0.049999999996353336,-7.0451848270736816e-09,-9.024413659331106e-14,-0.0002535251881136748,-0.0,-0.0,-4.719901884099721e-13,-4.463702307519731e-12,-6.896137262783399e-08
995,0.09776745361446748,0.04999999999751263,0.04999999999636406,-7.049956857197983e-09,-8.962106990226887e-14,-0.00025350489612269004,-0.0,-0.0,-4.712467125989267e-13,-4.460681861172788e-12,-6.895696593545958e-08
996,0.09776879408709059,0.049999999997515844,0.04999999999637472,-7.054691520426458e-09,-8.901669703592968e-14,-0.0002534846849997691,-0.0,-0.0,-4.70504399654477e-13,-4.457664209862108e-12,-6.895257286453994e-08
997,0.0977701493805422,0.049999999997518925,0.04999999999638534,-7.059354005169378e-09,-8.850618215134088e-14,-0.0002534644089274481,-0.0,-0.0,-4.697623675105485e-13,-4.454649301992803e-12,-6.894819278947752e-08
998,0.0977715175754212,0.04999999999752211,0.0499999999963959,-7.064004086205408e-09,-8.79548255559703e-14,-0.00025344421718173415,-0.0,-0.0,-4.69021844631462e-13,-4.451637083667994e-12,-6.894382513207135e-08
999,0.09777290012424548,0.04999999999752517,0.04999999999640641,-7.068581897497724e-09,-8.749440350887927e-14,-0.0002534239652603588,-0.0,-0.0,-4.682819228696249e-13,-4.448627513502678e-12,-6.893946929862742e-08
