frame,reward_tracking_lin_vel,reward_tracking_ang_vel,reward_tracking_height,cost_lin_vel_z,cost_ang_vel_xy,cost_joint_velocity,cost_action_nn,cost_action_rate,cost_feet_slip,cost_leg_base_angle,cost_orientation
0,0.001930454136227711,0.5,0.0999695647115151,-0.0,-0.0,-1.573666844668339e-06,-0.00013587450666818768,-0.0,-1.6296464224633467e-10,-1.218174164044092e-08,-2.5197534564981266e-11
1,0.0019611769388294406,0.4999932502710827,0.09996979968731559,-1.676048122967447e-06,-1.2837134500005615e-07,-4.612141211116686e-06,-0.00019930710550397635,-0.0016266487073153257,-6.458673853527166e-11,-1.7235034441234437e-08,-5.5051590645819964e-11
2,0.0019962217838758525,0.4999913784988616,0.09997043585671395,-5.286292327390702e-06,-1.2601161232330064e-06,-7.963605003128663e-06,-0.00026117730885744095,-0.0007513349992223084,-1.1393752663874507e-09,-2.1960004976791996e-08,-5.683182904552019e-09
3,0.0020355744949854394,0.4999927181804347,0.09997136261968116,-9.17749720704055e-06,-1.4431841508428565e-05,-1.1241123998555659e-05,-8.681562030687928e-05,-0.0031100844498723745,-1.7510492299212555e-09,-2.3274032062130658e-08,-4.4236843549033185e-08
4,0.0020767223885555224,0.4999999207114691,0.09997249814635167,-1.3511071328201946e-05,-3.324696545252304e-05,-1.528531674397455e-05,-5.0371381803415716e-05,-0.00029646724578924477,-1.997560359350759e-09,-2.065672550122569e-08,-1.5679485700842102e-07
5,0.002116883996313277,0.49999640882745644,0.09997378433027926,-1.7696905631329336e-05,-5.4365284293833184e-05,-2.0891997742409248e-05,-3.427359843044542e-05,-0.00010813097469508648,-2.1067769995544486e-09,-1.6063371773415758e-08,-3.8947944001683727e-07
6,0.002156408441749523,0.4999855177213149,0.09997516787485028,-2.141564752847251e-05,-7.686010705755941e-05,-2.866723361974745e-05,-2.3799513655831106e-05,-7.588501466671005e-05,-2.115328450906994e-09,-1.103714642107835e-08,-7.895013570593846e-07
7,0.002195244616959381,0.4999709040712545,0.09997660504882168,-2.455215233696233e-05,-9.89113941650913e-05,-3.9008437256375066e-05,-1.618356145627331e-05,-6.234289321582764e-05,-2.0216813488552313e-09,-6.627433706265013e-09,-1.398592378925694e-06
8,0.0022331117564184863,0.4999544036248817,0.09997806162312461,-2.709185101819955e-05,-0.00011807932357551459,-5.2059023517280975e-05,-1.1419884685892612e-05,-4.218246613163501e-05,-1.8970686310498442e-09,-3.368540585653259e-09,-2.2472019914092334e-06
9,0.002269858273629435,0.49993831569884384,0.09997951111595721,-2.9025675881406504e-05,-0.00013304238647491746,-6.778871603463143e-05,-8.519567018083762e-06,-3.1450832466362044e-05,-1.7726202894913587e-09,-1.3465188640349396e-09,-3.3520959833891714e-06
10,0.0023054502572036634,0.49992456727984214,0.09998093317055667,-3.0378278606858612e-05,-0.00014314922309830493,-8.602784695974693e-05,-6.903861503815278e-06,-2.4962790121207945e-05,-1.6616574105934385e-09,-3.447340233255703e-10,-4.715264264217189e-06
11,0.002339875946048004,0.499914710676407,0.09998231252858525,-3.119346605087981e-05,-0.00014819917548809688,-0.00010651140364000308,-6.239486083359225e-06,-2.0009458239655942e-05,-1.569685716321961e-09,-1.9110633212731346e-11,-6.3242627576518e-06
12,0.0023731674472337086,0.4999098579906558,0.09998363808062007,-3.1522883461781386e-05,-0.00014847641692486654,-0.00012891562870972695,-6.27497729510651e-06,-1.6108189811347984e-05,-1.4785246739982109e-09,-3.091611626372865e-11,-8.154081612272665e-06
13,0.0024053901582810674,0.4999105931741811,0.09998490204607666,-3.1420791729600914e-05,-0.00014461903175886135,-0.00015289095245890776,-6.80358834870276e-06,-1.2974575838597957e-05,-1.4308772064957545e-09,-1.2521386319805792e-10,-1.0169914442210627e-05
14,0.002436638726939574,0.49991689810810563,0.0999860993011416,-3.094244507838931e-05,-0.00013747864248324097,-0.00017808696574972207,-7.662379175599199e-06,-1.033580701914616e-05,-1.3944414371427256e-09,-1.609164809024858e-10,-1.2330498588443351e-05
15,0.0024670367355676005,0.4999280887984321,0.09998722683627398,-3.0141755688162133e-05,-0.0001280239075492433,-0.00020416712495560253,-8.707593224244192e-06,-8.280578185804188e-06,-1.3889262957366852e-09,-1.0712039025799867e-10,-1.4591447883797263e-05
16,0.0024967150387531383,0.4999428978649519,0.09998828331620951,-2.9071294977086915e-05,-0.00011717700319516251,-0.00023082618420764342,-9.84538382908795e-06,-6.613513050979236e-06,-1.3617769367679949e-09,-2.0854592821258796e-11,-1.6908163742370253e-05
17,0.0025258159154677726,0.49995951981317527,0.09998926872611894,-2.7781310914639643e-05,-0.00010577001891375014,-0.0002577923586672277,-1.0995382581313606e-05,-5.420353318186244e-06,-1.3461530490930526e-09,-1.8038900008503567e-11,-1.9238012705452885e-05
18,0.0025544619329785152,0.49997581800974666,0.0999901840839676,-2.6320152782465517e-05,-9.44463025918991e-05,-0.00028488253451840147,-1.2116572179365903e-05,-4.3891018322028685e-06,-1.3497215501633626e-09,-2.4592364472009663e-10,-2.154193003791703e-05
19,0.002582762170295268,0.49998945069200107,0.09999103113552593,-2.4731795235292463e-05,-8.372581950811465e-05,-0.000311944885571014,-1.3174671039450914e-05,-3.6323401673143962e-06,-1.3906641128435216e-09,-8.616608645058627e-10,-2.3785519311480052e-05
20,0.0026108125984063172,0.4999981029619864,0.09999181212036244,-2.3058216945221856e-05,-7.396210535276293e-05,-0.00033883794344998565,-1.4159997590468265e-05,-2.96622943096736e-06,-1.4755607503259353e-09,-2.017698561927349e-09,-2.593949636540443e-05
21,0.0026387205032250925,0.49999955269628293,0.09999252972228492,-2.1338809385431434e-05,-6.537884009480371e-05,-0.00036542057714376977,-1.505973341409117e-05,-2.4656135337863816e-06,-1.6088685265542746e-09,-3.852159662909781e-09,-2.7979770111080925e-05
22,0.00266659177319771,0.4999917943562317,0.099993187006169,-1.9608373035958642e-05,-5.809985877187427e-05,-0.0003915553422792351,-1.586649341334123e-05,-2.0795228010683786e-06,-1.8029732278958425e-09,-6.483098024400705e-09,-2.9887437941828422e-05
23,0.0026945325562496908,0.49997313894579215,0.09999378732098767,-1.789611131310338e-05,-5.2179078334301146e-05,-0.0004171166194562537,-1.6577438145759515e-05,-1.7730338868204853e-06,-2.0414264161074334e-09,-1.0005570959563627e-08,-3.164869247875612e-05
24,0.0027226488633559226,0.49994231011001933,0.09999433419673227,-1.622574571041661e-05,-4.761426208512247e-05,-0.0004419899541684454,-1.7195134205394424e-05,-1.5386250424853642e-06,-2.341188411477474e-09,-1.4490826123847359e-08,-3.325444201603865e-05
25,0.0027510381128961494,0.4998985036090157,0.09999483125137382,-1.4616461180689224e-05,-4.435200830194117e-05,-0.0004660771482679921,-1.7720502000884153e-05,-1.3192789083404932e-06,-2.701538492456521e-09,-1.9986841657486758e-08,-3.46998170246508e-05
26,0.0027797995272417536,0.4998414451605344,0.09999528211238662,-1.3082940064327376e-05,-4.2313332745041454e-05,-0.0004892794953867858,-1.8154354620492086e-05,-1.1444490155554377e-06,-3.1203435038315154e-09,-2.6519242974572043e-08,-3.598369372514257e-05
27,0.0028090330561652914,0.49977141487362675,0.09999569036646279,-1.1636082907134093e-05,-4.139834729318605e-05,-0.0005115263807235773,-1.849607542681042e-05,-9.739256938701146e-07,-3.5971266458467056e-09,-3.409312308931483e-08,-3.710821832588665e-05
28,0.0028388341503941144,0.49968922081621747,0.09999605950751471,-1.0282959467081015e-05,-4.149983472024211e-05,-0.000532777310667968,-1.874769623100292e-05,-8.333620939993125e-07,-4.13700669085831e-09,-4.269573629758033e-08,-3.807835983536431e-05
29,0.0028692909523702417,0.49959610644860963,0.09999639287424374,-9.027509619489417e-06,-4.2506191156239244e-05,-0.0005530146912421356,-1.8911025108536705e-05,-7.088304414537561e-07,-4.756281441665558e-09,-5.229975204141872e-08,-3.8901436006427176e-05
30,0.0029004843324921315,0.4994936839350018,0.09999669361326402,-7.871511693106997e-06,-4.430649787713666e-05,-0.0005722408384865665,-1.8988959709531628e-05,-6.032274200151733e-07,-5.453644075342799e-09,-6.286603615483369e-08,-3.958666553984033e-05
31,0.0029324933486948607,0.4993838593599526,0.0999969646625034,-6.814865020595358e-06,-4.6795668221539715e-05,-0.0005904685832854308,-1.8989034288097173e-05,-5.272097496344941e-07,-6.250660002055733e-09,-7.43462903634289e-08,-4.0144770848421295e-05
32,0.002965392792437985,0.4992687279262545,0.09999720874644827,-5.856079595788171e-06,-4.9876279055320065e-05,-0.0006077168306625336,-1.8917169654741883e-05,-4.725709175090742e-07,-7.162146604525272e-09,-8.668513993867506e-08,-4.0587648938185844e-05
33,0.002999256109311563,0.49915051321022724,0.09999742837866234,-4.992404629226054e-06,-5.346058370189837e-05,-0.000624010316637379,-1.878377588582225e-05,-4.4311144620223786e-07,-8.20394138362726e-09,-9.982196078926198e-08,-4.0928149899006224e-05
34,0.003034158024181298,0.4990314666462643,0.09999762586789884,-4.220022063831405e-06,-5.746882845149866e-05,-0.0006393729514688991,-1.859783697000239e-05,-4.279106633475749e-07,-9.370450933796208e-09,-1.1369235355984159e-07,-4.117988840092905e-05
35,0.0030701715521665317,0.49891380468558777,0.09999780332753408,-3.5344108102239356e-06,-6.182933437465356e-05,-0.0006538270387447512,-1.8372267732047476e-05,-4.259678689777502e-07,-1.0719144475498771e-08,-1.2822946728395337e-07,-4.135702857753223e-05
36,0.0031073687473619663,0.4987996265077577,0.09999796268730014,-2.9306050978493345e-06,-6.647939679136546e-05,-0.0006673956840428938,-1.8110158634954132e-05,-4.248969958098314e-07,-1.2239948642751196e-08,-1.433648858423016e-07,-4.147420745013629e-05
37,0.0031458272080033553,0.49869093000466075,0.0999981057050646,-2.403111827076961e-06,-7.135968382111665e-05,-0.0006800949354581312,-1.7824277165345848e-05,-4.3301670871187525e-07,-1.3939729946391385e-08,-1.5902905449157096e-07,-4.1546479554368185e-05
38,0.003185620852347278,0.4985894703236424,0.09999823397857023,-1.9462418920168653e-06,-7.641460489292937e-05,-0.0006919461414446747,-1.752103889884893e-05,-4.3679057171175373e-07,-1.5825416603022993e-08,-1.7515240491838008e-07,-4.1589155598846305e-05
39,0.0032268291899592468,0.4984968113203289,0.0999983489568478,-1.5541584157939057e-06,-8.159586851502809e-05,-0.0007029608643898102,-1.7209662473760545e-05,-4.425313591127633e-07,-1.7899608671230887e-08,-1.9166571829161497e-07,-4.161768047458973e-05
40,0.0032695271884459177,0.49841424692128916,0.09999845195221788,-1.2211266479921535e-06,-8.685875865262676e-05,-0.0007131512299203144,-1.689499185886234e-05,-4.4630360207520425e-07,-2.0161643445757452e-08,-2.0849992168701572e-07,-4.1647525442783714e-05
41,0.00331379364013475,0.49834282521776324,0.09999854415182546,-9.41455442780946e-07,-9.216147389440721e-05,-0.000722526940676207,-1.6582145690335892e-05,-4.471616819046176e-07,-2.2607766476119017e-08,-2.2558698759514938e-07,-4.169412191967603e-05
42,0.0033597089121300493,0.49828333337314434,0.09999862662805337,-7.096305582936939e-07,-9.746496920121965e-05,-0.0007310943282093271,-1.6274649169645272e-05,-4.4629229023485095e-07,-2.5228885391765695e-08,-2.428599407792554e-07,-4.1772784885688506e-05
43,0.0034073541152010983,0.4982363092464891,0.09999870034880404,-5.203625323434973e-07,-0.00010273250856030154,-0.0007388629685408621,-1.5976296708686277e-05,-4.4262282017371035e-07,-2.801329316024434e-08,-2.6025276696507656e-07,-4.189863530926519e-05
44,0.0034568149854426796,0.498202042373887,0.0999987661863042,-3.685803865242439e-07,-0.00010792994427314338,-0.000745836036297825,-1.568953666719608e-05,-4.380394500458351e-07,-3.094477207464765e-08,-2.777008741058904e-07,-4.2086519326817644e-05
45,0.00350817597409414,0.4981805959842432,0.0999988249259821,-2.495673424389576e-07,-0.00011302476611511608,-0.0007520184411370949,-1.5417002941831015e-05,-4.311623911235074e-07,-3.400502416792348e-08,-2.9514142051407245e-07,-4.235092863644594e-05
46,0.0035615250731106337,0.4981718187124337,0.09999887727517402,-1.5891029990541597e-07,-0.00011798717892793831,-0.0007574139807272935,-1.516004340373911e-05,-4.2370038499939255e-07,-3.717169065346593e-08,-3.125134141556861e-07,-4.270593055966161e-05
47,0.00361695233696726,0.4981753689833625,0.09999892387059409,-9.253413051652415e-08,-0.00012278907392760817,-0.0007620244852528376,-1.4919884051778354e-05,-4.1538532968843356e-07,-4.0419708297122396e-08,-3.29757546511953e-07,-4.316510099009626e-05
48,0.0036745492945245723,0.49819074213382186,0.09999896528553072,-4.6703755825870475e-08,-0.00012740385309110535,-0.0007658563630888286,-1.4697447113576345e-05,-4.06789325779755e-07,-4.3722025130589476e-08,-3.4681667754453376e-07,-4.37414566367671e-05
49,0.003734412584205834,0.49821727534638566,0.09999900203581219,-1.80114994232865e-08,-0.00013180727579730487,-0.0007689108534803112,-1.4493186426989269e-05,-3.9778041127647157e-07,-4.7057685082925385e-08,-3.636360950155766e-07,-4.4447392922430584e-05
50,0.0037966388978139935,0.49825419666883125,0.09999903458577403,-3.4020478018376715e-09,-0.00013597678254810775,-0.0007711916287015847,-1.430633074051002e-05,-3.898420288805937e-07,-5.0422898079540683e-08,-3.8016324680164856e-07,-4.529463408167462e-05
51,0.0038613306407848155,0.49830063378034567,0.09999906335401554,-1.3697664496879657e-10,-0.00013989066194603232,-0.0007727064824761144,-1.4133236618363298e-05,-3.8363975818356266e-07,-5.3694927228958484e-08,-3.9634792598144693e-07,-4.6294240587138584e-05
52,0.003928596370969541,0.4983556872764659,0.09999908871776741,-5.796776257194742e-09,-0.00014351624374821215,-0.0007734548483769128,-1.399076973029878e-05,-3.7235818695080525e-07,-5.6883101305834186e-08,-4.1214300857482333e-07,-4.745641996100854e-05
53,0.003998530431978622,0.4984182235972158,0.09999911101791688,-1.8253677890047423e-08,-0.0001468559048358762,-0.0007734464365094394,-1.3867535926692653e-05,-3.605990741561982e-07,-6.000649404519571e-08,-4.2750425016748954e-07,-4.879044740697462e-05
54,0.004071243464963156,0.4984872339908489,0.09999913056338368,-3.564033600154601e-08,-0.000149908100011929,-0.0007726831823459315,-1.376116051687859e-05,-3.548863389823964e-07,-6.300676051517034e-08,-4.4239060969169067e-07,-5.030477969244602e-05
55,0.004146849381770422,0.49856166746439745,0.09999914763398451,-5.636239823072782e-08,-0.00015264864625753752,-0.0007711728913974576,-1.3671482520294376e-05,-3.532194057243032e-07,-6.585015743828963e-08,-4.5676422240494415e-07,-5.2007022406902667e-05
56,0.004225470182197477,0.4986404687162343,0.09999916248311341,-7.907908869244123e-08,-0.00015505716296651225,-0.0007689256566107303,-1.3599383237306029e-05,-3.476424694781599e-07,-6.852289369211212e-08,-4.705900110291401e-07,-5.390389457219383e-05
57,0.004307229261523273,0.49872259856431744,0.0999991753409567,-1.0264939609490306e-07,-0.00015712693677138128,-0.0007659489325549155,-1.3545804904424585e-05,-3.420302050471946e-07,-7.098204448308526e-08,-4.838360544644924e-07,-5.600117811752749e-05
58,0.004392250417805653,0.4988070391877969,0.09999918641762105,-1.261312330132783e-07,-0.00015885083680763264,-0.0007622539014696482,-1.3513152225641534e-05,-3.3817670441749215e-07,-7.321822743184167e-08,-4.964738402979968e-07,-5.8303667589043495e-05
59,0.0044806625651211025,0.49889279979228596,0.09999919590473039,-1.487770830156746e-07,-0.00016022735141648896,-0.0007578507567976578,-1.3497425243258476e-05,-3.347782637774799e-07,-7.521244149046318e-08,-5.084784127861993e-07,-6.0815185577213915e-05
60,0.0045726004600016405,0.4989789622950608,0.0999992039774107,-1.6997864421650217e-07,-0.00016125327924085034,-0.0007527508230011183,-1.3500513887265697e-05,-3.330923448174872e-07,-7.69502918141701e-08,-5.19828567433882e-07,-6.353858287577152e-05
61,0.004668202384997157,0.4990646513720239,0.09999921079625891,-1.892832996690094e-07,-0.00016192749775396462,-0.0007469676061345836,-1.3521064829546958e-05,-3.319812833524338e-07,-7.841823701803612e-08,-5.305064284788507e-07,-6.647573067164197e-05
62,0.004767613700746728,0.4991490679447062,0.09999921650857233,-2.0635888487363693e-07,-0.00016224991075208028,-0.000740513896650627,-1.3558962564275134e-05,-3.322603845390404e-07,-7.960685307568888e-08,-5.404971519228979e-07,-6.962753786579006e-05
63,0.004870983448498013,0.49923148451513844,0.09999922124996827,-2.2096998235918635e-07,-0.00016222265598379553,-0.0007334072999989875,-1.3614697309094481e-05,-3.332948494971788e-07,-8.05091818911894e-08,-5.497894491285693e-07,-7.299395257461634e-05
64,0.004978468373808287,0.4993112501317396,0.09999922514519474,-2.3300147797560712e-07,-0.00016184980740709335,-0.0007256622070047603,-1.3687660612049513e-05,-3.343915579989698e-07,-8.111821412348508e-08,-5.583753347123798e-07,-7.657397610555747e-05
65,0.005090227701684052,0.49938778812033774,0.09999922830901681,-2.423940094793962e-07,-0.00016113757424578886,-0.0007172961276184162,-1.3778624634142034e-05,-3.3559274470462697e-07,-8.143144480270637e-08,-5.662500537807028e-07,-8.036569168451197e-05
66,0.005206427474335382,0.49946059992237346,0.09999923084735496,-2.4916022202700447e-07,-0.00016009531344253293,-0.000708326702483201,-1.3887795830669347e-05,-3.375621986378974e-07,-8.145852873071495e-08,-5.73412265044256e-07,-8.436629784348631e-05
67,0.0053272389710028656,0.49952926643492684,0.09999923285787868,-2.5336488772630336e-07,-0.00015873450288768327,-0.000698770246897182,-1.401384906785097e-05,-3.4122240322176367e-07,-8.130106485044383e-08,-5.798635330382278e-07,-8.857214496601415e-05
68,0.00545284227083884,0.49959345617460077,0.09999923443097686,-2.5507940579830313e-07,-0.00015706763817302134,-0.000688652172294539,-1.4150233255350031e-05,-3.5628715977509273e-07,-8.087926500214188e-08,-5.856080452823671e-07,-9.29787207909388e-05
69,0.00558343741361371,0.4996529517824297,0.09999923564962872,-2.5452621146147447e-07,-0.0001550844299148226,-0.0006779897359870744,-1.430774136679247e-05,-3.636228882442083e-07,-8.02095733385937e-08,-5.906527947977613e-07,-9.758060717688249e-05
70,0.005719214231407675,0.49970754905114445,0.09999923658958179,-2.518727896170061e-07,-0.00015279806977059254,-0.0006668080385093083,-1.4480736354016699e-05,-3.689411869345349e-07,-7.931041659093645e-08,-5.950075613641215e-07,-0.0001023716079608816
71,0.005860375831477439,0.49975714352330836,0.09999923732060353,-2.47299662035285e-07,-0.00015022793211178298,-0.0006551273408166274,-1.4673659279651474e-05,-3.7057000668028195e-07,-7.819952926394397e-08,-5.986846954515747e-07,-0.00010734483760251553
72,0.006007124106571021,0.49980168333520986,0.09999923790688,-2.410000010438999e-07,-0.000147395899038122,-0.000642969626412606,-1.488444468122907e-05,-3.784372495374555e-07,-7.689728446271372e-08,-6.016989220101938e-07,-0.00011249272617488985
73,0.006159674709365251,0.499841191525984,0.0999992384073774,-2.33172720491976e-07,-0.00014431824091196127,-0.0006303608818827545,-1.5112558685359545e-05,-3.8666263435516157e-07,-7.542500663590651e-08,-6.040671521471742e-07,-0.00011780706414630337
74,0.006318254134756904,0.49987575221403335,0.09999923887578027,-2.2404842818486472e-07,-0.00014101144100610988,-0.0006173243113704243,-1.5359251847257838e-05,-3.9547592223243555e-07,-7.377042671559464e-08,-6.05808355362207e-07,-0.0001232790467717229
75,0.006483093173745207,0.49990550095398983,0.09999923936070787,-2.1383353949988086e-07,-0.00013749335707816224,-0.0006038845410001767,-1.5625426385668106e-05,-4.008052769677306e-07,-7.197610702749468e-08,-6.069433116866593e-07,-0.00012889935538072618
76,0.006654429441261306,0.4999306186808746,0.09999923990628184,-2.027260638602948e-07,-0.00013378790468135946,-0.0005900658391430292,-1.590895772096701e-05,-4.0862212813408405e-07,-7.02093453459049e-08,-6.074943358576742e-07,-0.0001346582461927719
77,0.006832514571688722,0.4999513356808431,0.09999924055234326,-1.9089990225799558e-07,-0.00012991692440953408,-0.0005758958563146452,-1.62073083629366e-05,-4.3034646068917937e-07,-6.830312627366026e-08,-6.07485126555796e-07,-0.0001405454449859732
78,0.007017619794691868,0.4999679294773256,0.09999924133432841,-1.7859699339402604e-07,-0.00012587920205053046,-0.0005614002241440427,-1.6529831555089913e-05,-4.3757842149716453e-07,-6.63263080382787e-08,-6.069405586099661e-07,-0.00014655013694922552
79,0.0072100085430282035,0.4999806832591428,0.09999924228308503,-1.6599533735050388e-07,-0.00012170073469032619,-0.0005466071519169689,-1.686876748863142e-05,-4.45515325964152e-07,-6.435976471987054e-08,-6.05886551957694e-07,-0.00015266125439985929
80,0.007409961662222054,0.499989919416332,0.09999924342581663,-1.532296507977891e-07,-0.00011740833212093516,-0.0005315422619401607,-1.722755769151263e-05,-4.5273398541212373e-07,-6.230034926388401e-08,-6.043499323014812e-07,-0.0001588674744757878
81,0.007617763645105735,0.49999597748281455,0.0999992447863372,-1.404715045448864e-07,-0.00011301902454394821,-0.0005162307993290502,-1.7609667338547297e-05,-4.5925395397716784e-07,-6.02604847561923e-08,-6.023581873287372e-07,-0.00016515721005019442
82,0.007833707121747085,0.4999992073772952,0.09999924638484652,-1.2784250863468454e-07,-0.00010855974083644269,-0.0005007016441254158,-1.8008935512625612e-05,-4.7000858671708556e-07,-5.816655147016885e-08,-5.999392853453756e-07,-0.00017151873490028798
83,0.008058104668801734,0.4999999714603247,0.09999924823841115,-1.154704183408691e-07,-0.0001040480963045438,-0.0004849794800796075,-1.8431475837132894e-05,-4.7135947056631267e-07,-5.620246950961446e-08,-5.971216304385742e-07,-0.0001779402118224782
84,0.008291267327075549,0.4999986328902442,0.09999925036096231,-1.0345225715060412e-07,-9.951095373541195e-05,-0.0004690933495269383,-1.887122016341891e-05,-4.900441581412451e-07,-5.4290516868182524e-08,-5.939336515651441e-07,-0.0001844096408916961
85,0.008533539687932473,0.4999955502901848,0.09999925276332489,-9.189818527114171e-08,-9.495573841823521e-05,-0.0004530680389172956,-1.9335508113726974e-05,-4.99929512898234e-07,-5.2445929445050916e-08,-5.904035655710239e-07,-0.0001909147631944442
86,0.008785260261793262,0.499991074200539,0.09999925545325161,-8.089784654273257e-08,-9.039886055858716e-05,-0.0004369323489582428,-1.9820367015199736e-05,-5.110193797008833e-07,-5.068189495072206e-08,-5.865593647018635e-07,-0.00019744318544480166
87,0.009046787875304642,0.49998554144041285,0.09999925843559138,-7.05175806913107e-08,-8.585821420443033e-05,-0.00042071111745027,-2.0327479433035478e-05,-5.165935590412118e-07,-4.9008302022071576e-08,-5.824286728154839e-07,-0.00020398246152699776
88,0.00931848218868991,0.49997927264382586,0.09999926171277829,-6.080697771393173e-08,-8.135273341999827e-05,-0.000404432396732036,-2.085706546495203e-05,-5.254863708614721e-07,-4.73882311536678e-08,-5.780385490783721e-07,-0.00021052006472919402
89,0.009600721451957677,0.4999725673968766,0.09999926528467384,-5.181722637663226e-08,-7.68979432741518e-05,-0.00038812024028221263,-2.141030017810408e-05,-5.315012572282285e-07,-4.5927783251104346e-08,-5.734153928362726e-07,-0.0002170434240902281
90,0.009893889952695639,0.4999657045362084,0.09999926914889658,-4.356428776975947e-08,-7.251232335251417e-05,-0.0003718013453646073,-2.198581933043897e-05,-5.450128810480237e-07,-4.458109384547723e-08,-5.685847713550599e-07,-0.00022353986862842735
91,0.010198395046093014,0.49995892832967115,0.0999992733009929,-3.6076821331269985e-08,-6.820560499643086e-05,-0.0003554999653526399,-2.2587990315514617e-05,-5.580686774919741e-07,-4.3349775374570727e-08,-5.635712011059353e-07,-0.00022999650374700418
92,0.010514648084882224,0.49995245932036747,0.09999927773414179,-2.9365274361417143e-08,-6.398951622658462e-05,-0.00033924156866706786,-2.321466672583483e-05,-5.719209639210021e-07,-4.22364595622554e-08,-5.583981090421105e-07,-0.00023640024736983447
93,0.010843077653655017,0.4999464846418966,0.09999928243957251,-2.342480119154231e-08,-5.9876343195204095e-05,-0.00032305167749282007,-2.3867703930591233e-05,-5.852295998920454e-07,-4.124240418646608e-08,-5.530877278589367e-07,-0.00024273784816281464
94,0.011184119965595594,0.49994116173164976,0.09999928740659514,-1.8246448565170575e-08,-5.5878500608999366e-05,-0.0003069530360539129,-2.4548216970288195e-05,-6.051333230061573e-07,-4.036806180418274e-08,-5.47660988147539e-07,-0.00024899581349278004
95,0.011538223782634973,0.4999366123301172,0.09999929262282986,-1.3805008867303386e-08,-5.200588354883002e-05,-0.00029097093633357343,-2.5257955712731928e-05,-6.281064770519151e-07,-3.96127762607335e-08,-5.421374121533861e-07,-0.00025516034858028285
96,0.011905853211708336,0.49993292677843326,0.09999929807439534,-1.0073571192314449e-08,-4.8268580983357526e-05,-0.0002751295701020791,-2.5998264391091652e-05,-6.57175121432374e-07,-3.897483036559199e-08,-5.365350083837562e-07,-0.0002612173148763394
97,0.012287483961838007,0.49993016361772463,0.0999993037457644,-7.015573968976663e-09,-4.4675892183802214e-05,-0.0002594526458504483,-2.677107295312453e-05,-6.923979185557982e-07,-3.845109751992399e-08,-5.308701716180025e-07,-0.00026715217106124817
98,0.012683602675069978,0.49992834917837276,0.09999930962013139,-4.5862896939840744e-09,-4.1237186452795245e-05,-0.00024396549150487476,-2.7578624212765135e-05,-7.356319429163705e-07,-3.803816952193643e-08,-5.251576438285782e-07,-0.0002729499275089008
99,0.013094710129577709,0.49992748069086657,0.09999931567935977,-2.738087249309035e-09,-3.796195327258562e-05,-0.0002286915462920351,-2.842311187123414e-05,-7.875970027271251e-07,-3.773123329004524e-08,-5.194104839694184e-07,-0.0002785951090084089
100,0.013521315974472472,0.4999275290638147,0.0999993219042976,-1.4144983680440204e-09,-3.4860236076335525e-05,-0.00021365692882867066,-2.9306966098374687e-05,-8.482608109261491e-07,-3.7524600639622476e-08,-5.136399846294225e-07,-0.0002840717384810467
101,0.013963945009602621,0.49992843976095586,0.09999932827515229,-5.58020862495241e-10,-3.194309068400595e-05,-0.00019888762831632266,-3.0232595236157067e-05,-9.190085847876617e-07,-3.741130441484215e-08,-5.078556934914663e-07,-0.00028936333890643335
102,0.01442313172101568,0.49993013828248056,0.09999933477141798,-1.0836815087705564e-10,-2.9222670336857765e-05,-0.0001844109960194611,-3.120173278148286e-05,-9.979034985008184e-07,-3.7367816973481826e-08,-5.020653849979686e-07,-0.000294452965848159
103,0.014899422149021213,0.4999325321781462,0.09999934137230548,-4.000952486326155e-12,-2.6712736448816407e-05,-0.00017025554744892817,-3.221546285203658e-05,-1.0827035339389113e-06,-3.733320476145776e-08,-4.962751093131283e-07,-0.0002993232976995824
104,0.015393368809311624,0.4999355179174846,0.0999993480570287,-1.8436327511382453e-10,-2.442894375007286e-05,-0.00015645000627264073,-3.327202284708619e-05,-1.1679870794978342e-06,-3.7289887103230425e-08,-4.904892533155134e-07,-0.00030395682408083946
105,0.015905527794612538,0.4999389843868392,0.09999935480546307,-5.925866867368026e-10,-2.2389110643272805e-05,-0.00014302559639426497,-3.436888800933957e-05,-1.2519290066848043e-06,-3.75294699003466e-08,-4.847105648208401e-07,-0.0003083361094772155
106,0.01643647212481582,0.4999428151999477,0.09999936159886812,-1.1791206512333753e-09,-2.0612021114908347e-05,-0.0001300164566636767,-3.550874680513516e-05,-1.3511833003576612e-06,-3.779151375126605e-08,-4.789401483683471e-07,-0.0003124436981168954
107,0.016986811470474192,0.49994687938902116,0.09999936841959678,-1.8954741288033417e-09,-1.9114460161412227e-05,-0.00011745703752686407,-3.668694262159988e-05,-1.4357291320266086e-06,-3.8069138492220334e-08,-4.731775391007165e-07,-0.00031626224487914825
108,0.017557136163645376,0.4999510667308386,0.09999937525147495,-2.703052123627455e-09,-1.791602158687417e-05,-0.00010538594750296722,-3.787845344049856e-05,-1.4643851500295568e-06,-3.8348169118913524e-08,-4.674210132616569e-07,-0.00031977525078022526
109,0.01814805639411044,0.49995527042268634,0.09999938208101442,-3.5750474050769186e-09,-1.7037764978653186e-05,-9.384034360540079e-05,-3.9072871004464105e-05,-1.4913058521415223e-06,-3.861078703937482e-08,-4.616678070002751e-07,-0.0003229676006014031
110,0.01876016670090116,0.49995939659749195,0.09999938889842794,-4.499107814912334e-09,-1.6495210000601124e-05,-8.28610122800044e-05,-4.025072485092096e-05,-1.4810640323048574e-06,-3.869455510990251e-08,-4.5591428427406046e-07,-0.0003258259183519285
111,0.019394087326710958,0.4999633620394494,0.0999993956980669,-5.471665455642464e-09,-1.6299160981779106e-05,-7.248793775730227e-05,-4.138244912610389e-05,-1.4299390613814467e-06,-3.890518035122924e-08,-4.5015623250716563e-07,-0.00032833913737618365
112,0.020050435098582828,0.49996710415126433,0.09999940247899924,-6.51077561042872e-09,-1.645151605328118e-05,-6.276301890551541e-05,-4.2442297853995115e-05,-1.3447416904455167e-06,-3.902685296426428e-08,-4.443890291269038e-07,-0.0003304988598227125
113,0.020729876757394607,0.4999705628592034,0.0999994092455176,-7.639177145323615e-09,-1.6948508377362293e-05,-5.372293477225317e-05,-4.340737359598279e-05,-1.2487093954405282e-06,-4.057832402524145e-08,-4.3860773269543037e-07,-0.0003322996929316039
114,0.021433078637507062,0.4999737062306493,0.09999941600756032,-8.91594536399744e-09,-1.7770585178202062e-05,-4.541317503192149e-05,-4.4266675104154274e-05,-1.115730242418067e-06,-3.9889465216531956e-08,-4.3280706285857574e-07,-0.0003337383768910467
115,0.022160854369139324,0.4999764700256996,0.099999422778657,-1.0316985763477277e-08,-1.8921736733724646e-05,-3.786201501418241e-05,-4.494229142437689e-05,-1.002559997687058e-06,-3.939525369569573e-08,-4.269824917803791e-07,-0.0003348157541897943
116,0.022913602236299457,0.4999789198442463,0.09999942957841568,-1.199027321593675e-08,-2.0316321350089723e-05,-3.110882136870812e-05,-4.531682134256698e-05,-7.169473974499851e-07,-3.870690253400428e-08,-4.211310085552269e-07,-0.00033553904499455006
117,0.023692142097010004,0.49998103257710336,0.0999994364359143,-1.4045880716964436e-08,-2.1905590691293833e-05,-2.5172562781582433e-05,-4.556015119305812e-05,-7.715746619396668e-07,-3.798430601465458e-08,-4.152504951474022e-07,-0.0003359194255527264
118,0.0244970411961241,0.4999828239742982,0.09999944338563142,-1.659042709468407e-08,-2.3603980564682197e-05,-2.007828922371262e-05,-4.556255953502841e-05,-5.997263201606984e-07,-3.7142406952893755e-08,-4.093394876595628e-07,-0.00033597091438514155
119,0.025329175264145562,0.4999843005789552,0.0999994504645417,-1.9735679704600316e-08,-2.5356099204337717e-05,-1.584100478242551e-05,-4.5334982132771984e-05,-5.629229349324305e-07,-3.6149853649688305e-08,-4.033973894658878e-07,-0.0003357107229500076
120,0.026189278008975928,0.49998548682244354,0.09999945771231133,-2.3636117476364403e-08,-2.7080373343715228e-05,-1.2470627181312613e-05,-4.487391925067641e-05,-5.517209160643688e-07,-3.5005436060808034e-08,-3.974249321895575e-07,-0.00033515917347248857
121,0.027078128478256722,0.49998640539802497,0.09999946517062334,-2.8460106194908454e-08,-2.8697360688442875e-05,-9.970471817080718e-06,-4.420329787535593e-05,-5.836196237396507e-07,-3.371748425675256e-08,-3.914241990932629e-07,-0.00033433916748054897
122,0.027996509783176103,0.4999870794766385,0.09999947288145802,-3.4388179254915853e-08,-3.013143389670818e-05,-8.338628978945196e-06,-4.334401455707848e-05,-6.409755428649078e-07,-3.183954390153564e-08,-3.85398630235561e-07,-0.00033327549250504246
123,0.028945226248172102,0.49998753145476804,0.09999948088544834,-4.159655890444426e-08,-3.13183555604924e-05,-7.566811228282387e-06,-4.2318606574553996e-05,-7.455120680788241e-07,-3.0439776320139115e-08,-3.793530358914431e-07,-0.0003319945580665469
124,0.02992504781212444,0.4999877918085893,0.09999948922110723,-5.03259504927814e-08,-3.218592977276917e-05,-7.643977917268957e-06,-4.116473064641468e-05,-7.918729920675105e-07,-2.893894167291538e-08,-3.7329327333257853e-07,-0.0003305233809666375
125,0.030936917671941115,0.4999878660162836,0.09999949792282822,-6.071501985924769e-08,-3.271917772472117e-05,-8.554902010594235e-06,-3.995240695076063e-05,-8.5040488784216e-07,-2.7367373814367634e-08,-3.672259716016357e-07,-0.0003288883242598501
126,0.03198166163107188,0.49998777465166905,0.09999950701828536,-7.289330585932882e-08,-3.28976018963742e-05,-1.0281546857236837e-05,-3.8651454815408215e-05,-9.137099823419703e-07,-2.569894432435931e-08,-3.611586387941073e-07,-0.0003271151570537187
127,0.033060206611016565,0.4999875345662216,0.09999951652813063,-8.698015167556545e-08,-3.27182451652402e-05,-1.2803766393553411e-05,-3.732286859303713e-05,-9.731277259561466e-07,-2.4212962843305533e-08,-3.5509967673568865e-07,-0.00032522900588829496
128,0.03417339438874326,0.4999871665967505,0.09999952646611492,-1.0308068545423234e-07,-3.2180433516161005e-05,-1.6100412499010567e-05,-3.599079718696885e-05,-9.819018487178255e-07,-2.266490661013099e-08,-3.490581664982414e-07,-0.00032325366371401687
129,0.0353221568597377,0.4999866832098909,0.09999953683794965,-1.2119021214080124e-07,-3.131490633334142e-05,-2.0150060249833082e-05,-3.468260183581151e-05,-9.817142654355848e-07,-2.1139707536083988e-08,-3.430436285742826e-07,-0.0003212112163801103
130,0.036507374073423686,0.49998610623685896,0.09999954764084591,-1.4128764965754716e-07,-3.0151242689307022e-05,-2.493037306138516e-05,-3.339870090712793e-05,-9.751101970323361e-07,-1.969934589404287e-08,-3.3706595426604995e-07,-0.0003191221410038585
131,0.03772997950001167,0.49998545669544403,0.09999955886403036,-1.632982823387381e-07,-2.8728560747467167e-05,-3.0420069817605707e-05,-3.216800178051926e-05,-9.414357009518426e-07,-1.837327488915598e-08,-3.31135309613936e-07,-0.00031700520067791805
132,0.03899088201111935,0.4999847564101298,0.09999957048894237,-1.8708586148897334e-07,-2.7091395131826542e-05,-3.659822453931118e-05,-3.0997580324765295e-05,-8.918375442590332e-07,-1.7179674512637804e-08,-3.25261967706046e-07,-0.00031487728806920995
133,0.040291028267789554,0.4999840287078071,0.09999958248959577,-2.124580547171784e-07,-2.5289705264975738e-05,-4.3444823549015746e-05,-2.989339736814145e-05,-8.360208312296891e-07,-1.6131148172992035e-08,-3.194561913716501e-07,-0.00031275347552592986
134,0.04163136247427284,0.4999832996645175,0.09999959483328638,-2.3917914856868837e-07,-2.3372544403454597e-05,-5.094149709767571e-05,-2.8859560188720934e-05,-7.758811761959805e-07,-1.5501249804176198e-08,-3.137281004972639e-07,-0.0003106471471085731
135,0.04301284005153511,0.49998259592628275,0.09999960748165053,-2.6701214030037206e-07,-2.1386169491470346e-05,-5.906978881841678e-05,-2.789894278976135e-05,-6.980782245591399e-07,-1.4802291248365306e-08,-3.080875547797896e-07,-0.00030856991396302816
136,0.04443647473344327,0.499981937235218,0.09999962039115673,-2.955700163900677e-07,-1.9384544308505928e-05,-6.781365172466166e-05,-2.7018706532544456e-05,-6.387758162418322e-07,-1.4161043903528055e-08,-3.0254420402857636e-07,-0.0003065318306931074
137,0.045903146689291366,0.4999813592074366,0.09999963351421275,-3.245771763227997e-07,-1.7397456569858238e-05,-7.715580638128384e-05,-2.619521001179237e-05,-6.028547545611218e-07,-1.3682883122377765e-08,-2.9710758688992693e-07,-0.0003045420077483758
138,0.047413812855813975,0.49998089213490027,0.09999964680110188,-3.5377567902164225e-07,-1.545294788773611e-05,-8.708306331375344e-05,-2.5452711270190775e-05,-5.373961471377697e-07,-1.338788678784772e-08,-2.9178696405577807e-07,-0.000302608583896524
139,0.04896938874705285,0.4999805614128732,0.0999996602007362,-3.828621435661714e-07,-1.3578985559525507e-05,-9.758277674530043e-05,-2.478140959283337e-05,-4.755731310979172e-07,-1.3289240281765179e-08,-2.8659111063365924e-07,-0.000300738500759975
140,0.050570856612154,0.49998038749547696,0.09999967366103547,-4.115154347219774e-07,-1.1802782881814376e-05,-0.0001086420603016542,-2.4175576982088387e-05,-4.2306703562644543e-07,-1.335716125703581e-08,-2.815282909748146e-07,-0.0002989376479726784
141,0.05221920945620754,0.4999803889650517,0.09999968712977547,-4.3943219727581896e-07,-1.0144395655829193e-05,-0.00012024963390477181,-2.3634001991013065e-05,-3.763850600080332e-07,-1.3632057780225749e-08,-2.766062875276485e-07,-0.00029721105930460086
142,0.053915417637584076,0.49998058069794427,0.09999970055557118,-4.6635372047856285e-07,-8.616841702705125e-06,-0.00013239459806733647,-2.315226083737798e-05,-3.348645520873106e-07,-1.4107805570756712e-08,-2.7183241243989643e-07,-0.0002955630251431755
143,0.0556604653710541,0.4999809716250489,0.09999971388862922,-4.920318977894507e-07,-7.229203784442154e-06,-0.00014506669118642186,-2.2730066120857373e-05,-2.950699808934587e-07,-1.4453936973046111e-08,-2.672134739907918e-07,-0.000293997111362411
144,0.05745530816317663,0.499981564867297,0.09999972708119598,-5.161924890660572e-07,-5.986893519770406e-06,-0.00015825819836383354,-2.2364818505593576e-05,-2.691612905891816e-07,-1.494953048860722e-08,-2.6275586997317177e-07,-0.0002925164651986597
145,0.05930079111406431,0.4999823690389935,0.09999974008859142,-5.387825853315977e-07,-4.883859470708334e-06,-0.00017195883427667264,-2.204386873927433e-05,-2.4909135731832066e-07,-1.557219862409946e-08,-2.5846561435369913e-07,-0.00029112404245884734
146,0.061197888955614614,0.49998337433525136,0.09999975286987123,-5.596810473047454e-07,-3.918436320508783e-06,-0.00018616337085485194,-2.1783902411698364e-05,-2.1218480128482042e-07,-1.63090617204774e-08,-2.543481754842407e-07,-0.0002898222775542118
147,0.06314750982276379,0.4999845649623031,0.09999976538753777,-5.787561909048826e-07,-3.087956697338605e-06,-0.00020086318203762924,-2.156728078261949e-05,-1.9272890483534866e-07,-1.714833095869445e-08,-2.5040844965383454e-07,-0.00028861299978833843
148,0.06515064448593963,0.49998591775564244,0.09999977760752225,-5.958971831178164e-07,-2.3874928736178206e-06,-0.00021605140697051676,-2.139526986866258e-05,-1.7460430967730645e-07,-1.8078847065818967e-08,-2.466508081191382e-07,-0.00028749762495271073
149,0.06720821690637939,0.49998740489748333,0.09999978949954616,-6.110620222455906e-07,-1.8088286804294673e-06,-0.00023172238919558504,-2.1266147086862475e-05,-1.5893856186721678e-07,-1.9091227069556266e-08,-2.430791403237866e-07,-0.0002864771994027486
150,0.06932112496606173,0.49998899218922466,0.09999980103733402,-6.242328713697092e-07,-1.34266843724731e-06,-0.0002478695123675738,-2.1177600501687266e-05,-1.4577551610273076e-07,-2.0177750729945376e-08,-2.3969686278316117e-07,-0.000285552402666721
151,0.0714902785503038,0.49999063899315743,0.09999981219857455,-6.354136814755312e-07,-9.790632594415376e-07,-0.0002644874926691249,-2.1127620129846036e-05,-1.3457916736570041e-07,-2.1471486575277792e-08,-2.3650691417978536e-07,-0.0002847235662620379
152,0.07371657603270122,0.4999923011354765,0.0999998229648888,-6.446590297698569e-07,-7.075010378746375e-07,-0.0002815692770443343,-2.1112733520567417e-05,-1.2633293522412714e-07,-2.272798322168744e-08,-2.3351173953479266e-07,-0.0002839905638984408
153,0.0760009515389703,0.49999392580484403,0.09999983332147691,-6.519160325825917e-07,-5.178224785584182e-07,-0.0002991107012358336,-2.11371425393736e-05,-1.1611599859406851e-07,-2.4000918064581324e-08,-2.307133152172895e-07,-0.000283352820177135
154,0.0783441880741524,0.49999546463478545,0.09999984325704142,-6.572856159831501e-07,-3.9872721588321166e-07,-0.0003171051957316982,-2.118835436704103e-05,-1.146648500593983e-07,-2.532658968572279e-08,-2.2811325905568065e-07,-0.00028280958169412323
155,0.08074710953457019,0.49999686392864956,0.09999985276397443,-6.608913676139271e-07,-3.395023135981607e-07,-0.0003355485612381829,-2.127509651472792e-05,-1.0680389550543623e-07,-2.6688301486029835e-08,-2.2571282731653472e-07,-0.0002823598537902839
156,0.08321048831729536,0.4999980688235515,0.09999986183802044,-6.628228616595969e-07,-3.306408478683686e-07,-0.00035443574247037365,-2.1392157577793114e-05,-1.0338786182728654e-07,-2.8093000085856502e-08,-2.235128567109654e-07,-0.0002820022165317355
157,0.08573512956556555,0.49999902459570905,0.09999987047785974,-6.631713876131652e-07,-3.6290475145667445e-07,-0.0003737619427472773,-2.1536932763410732e-05,-1.0145417661533429e-07,-2.9555213933148306e-08,-2.215137663496393e-07,-0.00028173486226715715
158,0.08832179068776086,0.49999967901924,0.09999987868483134,-6.62033584415944e-07,-4.2753997338761004e-07,-0.0003935213023245375,-2.1709236534661613e-05,-1.0021283713967932e-07,-3.108231811479817e-08,-2.1971559441740134e-07,-0.00028155560684802947
159,0.09097123217144237,0.49999998349853114,0.09999988646270626,-6.595179428305165e-07,-5.163400757804703e-07,-0.00041370976688247046,-2.1907984773861244e-05,-9.994772653953987e-08,-3.268495031485004e-08,-2.1811798611389356e-07,-0.00028146185980365356
160,0.0936841584704034,0.4999998947875953,0.09999989381742674,-6.55723843283421e-07,-6.216703636285934e-07,-0.0004343214184025874,-2.213134393969085e-05,-1.0098905534050573e-07,-3.4373678741185616e-08,-2.1672017181517602e-07,-0.00028145061074124413
161,0.09646127742683241,0.4999993767102259,0.09999990075682372,-6.507543191762619e-07,-7.364488079106643e-07,-0.00045535108681090715,-2.2378506400855258e-05,-1.027654263907607e-07,-3.6176050702722225e-08,-2.1552103198357807e-07,-0.0002815184324491095
162,0.09930325754453236,0.49999840130969125,0.0999999072904086,-6.44719591045547e-07,-8.542698263196533e-07,-0.0004767932441818755,-2.2648557205684483e-05,-1.0619167767345061e-07,-3.7965716107148794e-08,-2.1451909124182555e-07,-0.00028166145828777584
163,0.10221071600149206,0.4999969507487576,0.09999991342905322,-6.376780790126449e-07,-9.690674203175829e-07,-0.0004986422773464624,-2.2941425413591787e-05,-1.0737255706771975e-07,-3.98494105188417e-08,-2.1371251060336338e-07,-0.0002818754645049846
164,0.10518418865654906,0.4999950153160001,0.09999991918485895,-6.297859638606602e-07,-1.0769907827253817e-06,-0.0005208922111720595,-2.325268906133715e-05,-1.111059688696514e-07,-4.183117801412177e-08,-2.1309918566712606e-07,-0.00028215597250408277
165,0.10822421619424305,0.49999259751262454,0.09999992457102505,-6.21148296488098e-07,-1.1740925573509608e-06,-0.0005435381631648247,-2.3586671886732802e-05,-1.1567554736302554e-07,-4.391990059453584e-08,-2.126766706137392e-07,-0.0002824981242459511
166,0.11133129689691362,0.49998971196363157,0.09999992960151632,-6.118528768856622e-07,-1.2569159100371647e-06,-0.0005665724133680483,-2.3939763195812702e-05,-1.225503183377441e-07,-4.6125187142565334e-08,-2.1244211320741595e-07,-0.00028289662492664557
167,0.11450594902619607,0.4999863867443193,0.09999993429083646,-6.019778704396074e-07,-1.3222748145847172e-06,-0.0005899905828031972,-2.431156644888688e-05,-1.2925323744639172e-07,-4.845766943958978e-08,-2.1239231558262613e-07,-0.00028334580293021966
168,0.11774857022908117,0.49998266238388145,0.09999993865385272,-5.916018092054658e-07,-1.3680426823766784e-06,-0.0006137853123244713,-2.4701728762011044e-05,-1.3645190222177916e-07,-5.0928584479464666e-08,-2.1252376434494556e-07,-0.00028383964330305403
169,0.12105955263404997,0.4999785902477169,0.09999994270566799,-5.808076396094746e-07,-1.3928181229786404e-06,-0.000637951043138171,-2.510981539671775e-05,-1.449122635222011e-07,-5.355125187160554e-08,-2.1283258120380947e-07,-0.0002843718000673327
170,0.1244392150009011,0.49997423535636304,0.09999994646146493,-5.696589267419295e-07,-1.3957173623192172e-06,-0.0006624801573833997,-2.5535111490171403e-05,-1.5390709506846179e-07,-5.633877222263736e-08,-2.133145492310332e-07,-0.000284935607689366
171,0.12788786130328492,0.4999696722501608,0.09999994993637512,-5.582263500237424e-07,-1.376520424103887e-06,-0.0006873645351054413,-2.5978069970733486e-05,-1.6415177128692449e-07,-5.930617154390471e-08,-2.1396510717409117e-07,-0.00028552410234277884
172,0.1314057492711503,0.49996498646545023,0.09999995314538915,-5.465699553998717e-07,-1.3355883269833997e-06,-0.0007125987909448132,-2.6437624910613522e-05,-1.749427553932037e-07,-6.246847121959354e-08,-2.147793319642428e-07,-0.0002861300355848617
173,0.13499304488653172,0.4999602717486546,0.09999995610323238,-5.347433795578349e-07,-1.2738956196506097e-06,-0.0007381744132239988,-2.6913916371995583e-05,-1.8649748767529672e-07,-6.584159693990757e-08,-2.157519731937784e-07,-0.0002867459033842726
174,0.13864990456969054,0.4999556287339743,0.09999995882428542,-5.227988681478856e-07,-1.1930121551670366e-06,-0.0007640847531063947,-2.740719537541736e-05,-1.9939804474233824e-07,-6.944201436526426e-08,-2.168774104479557e-07,-0.0002873639628827583
175,0.1423764008188017,0.4999511632563822,0.0999999613224911,-5.107720593735163e-07,-1.0950033053176008e-06,-0.0007903208877870652,-2.7916514227399603e-05,-2.1229523383681226e-07,-7.32857348901433e-08,-2.1814970512044525e-07,-0.0002879762568335518
176,0.14617258658120724,0.49994698237548096,0.0999999636112972,-4.987063302155104e-07,-9.825602827520825e-07,-0.000816873154884427,-2.84423276752932e-05,-2.260043316937299e-07,-7.738922728209963e-08,-2.1956261302100257e-07,-0.00028857465191398795
177,0.1500384659994469,0.49994319258982256,0.09999996570363573,-4.866383424129139e-07,-8.58920241064542e-07,-0.000843735261912722,-2.898507591453381e-05,-2.407414854133094e-07,-8.176979842418942e-08,-2.2110955572010043e-07,-0.00028915085975196467
178,0.15397393360284276,0.49993989913623904,0.09999996761185592,-4.745942772824339e-07,-7.278360905610105e-07,-0.0008708970716775432,-2.954420961032156e-05,-2.5588911967133754e-07,-8.644411693957686e-08,-2.2278365430222875e-07,-0.0002896964593037887
179,0.15797889097591936,0.49993720097265815,0.09999996934770111,-4.626043506389079e-07,-5.935572466122865e-07,-0.0008983506643728084,-3.012021079484839e-05,-2.712694708861818e-07,-9.142934087909348e-08,-2.2457774296304806e-07,-0.00029020293792908605
180,0.16205312516318912,0.49993518824697625,0.09999997092227336,-4.5068152286427105e-07,-4.60898412948323e-07,-0.0009260857531280303,-3.0712824809597805e-05,-2.8700969778583385e-07,-9.674210303392977e-08,-2.2648438632685474e-07,-0.00029066172764292985
181,0.16619641515236644,0.4999339398125128,0.09999997234602132,-4.388494907122281e-07,-3.351334181643241e-07,-0.0009540913208824885,-3.1323052098741755e-05,-3.036990392502048e-07,-1.0239930220699181e-07,-2.2849592976351038e-07,-0.0002910642257654203
182,0.1704084871955719,0.4999335204037071,0.09999997362876356,-4.271247653310028e-07,-2.2199406245684366e-07,-0.0009823595465360902,-3.195047247572802e-05,-3.2004285799303034e-07,-1.084175657812686e-07,-2.306044881439845e-07,-0.0002914018329894742
183,0.17468895290853148,0.4999339760167739,0.09999997477966031,-4.155149551924514e-07,-1.2768711855325244e-07,-0.0010108789825295182,-3.2595016818959266e-05,-3.363355460805906e-07,-1.1481225115906413e-07,-2.328020159309175e-07,-0.0002916659983232091
184,0.17903742222119695,0.49993533327741563,0.09999997580723147,-4.040360842928102e-07,-5.8852208826479934e-08,-0.0010396401792900026,-3.325757279526442e-05,-3.5339834880687704e-07,-1.215988158713915e-07,-2.3508037963545e-07,-0.0002918482424785468
185,0.1834534063581251,0.4999375962923615,0.09999997671935551,-3.926848642407686e-07,-2.2521694311538764e-08,-0.0010686314301471336,-3.393784209038131e-05,-3.696858072999021e-07,-1.287911545708838e-07,-2.3743138610197284e-07,-0.0002919401934584843
186,0.18793639213062463,0.49994074404160393,0.09999997752327738,-3.814694311064732e-07,-2.6142977248820673e-08,-0.001097840176437166,-3.4636752388905734e-05,-3.865318092266534e-07,-1.3640197551965415e-07,-2.398468141042185e-07,-0.0002919336297228145
187,0.19248582206520634,0.499944728115286,0.09999997822565804,-3.703942392511697e-07,-7.753047317811126e-08,-0.001127257177924443,-3.535347059369087e-05,-4.024453801321215e-07,-1.4444149831596692e-07,-2.423184726644369e-07,-0.000291820514914013
188,0.1971010183875697,0.4999494714048236,0.09999997883257684,-3.5945646945012524e-07,-1.8484206080160984e-07,-0.001156869673699087,-3.6089371860725805e-05,-4.1867946265483624e-07,-1.529178460014887e-07,-2.448383171197174e-07,-0.00029159303087194534
189,0.20178130271200795,0.4999548676617725,0.09999997934955882,-3.4865828121785323e-07,-3.5655755834839063e-07,-0.0011866665830823594,-3.684354305732995e-05,-4.340248267453717e-07,-1.6183595215665756e-07,-2.473985166527806e-07,-0.00029124361627812126
190,0.2065259026203313,0.49996077890365465,0.0999999797815913,-3.379886981277396e-07,-6.014921421655892e-07,-0.0012166348298413357,-3.7616435292875394e-05,-4.485623321670573e-07,-1.7119788682101694e-07,-2.499915126624469e-07,-0.00029076500999532446
191,0.2113340139337109,0.4999670350088339,0.09999998013315205,-3.274475835421161e-07,-9.286609031673865e-07,-0.0012467622077047514,-3.840843783109449e-05,-4.630265095784125e-07,-1.8126991541298996e-07,-2.5261007461711516e-07,-0.0002901503011606652
192,0.21620483163981777,0.4999734353825025,0.0999999804082826,-3.1705766081944264e-07,-1.3471891064117144e-06,-0.0012770335933044864,-3.922094765584916e-05,-4.836119273932127e-07,-1.9145903257593794e-07,-2.55247385777763e-07,-0.0002893928075539022
193,0.22113752389594882,0.4999797559382867,0.09999998061051323,-3.067195101189602e-07,-1.8689217435422017e-06,-0.001307440177176951,-4.005638766102493e-05,-4.926113774672558e-07,-2.020815307642272e-07,-2.578972873391743e-07,-0.0002884862194877443
194,0.22613087914992228,0.49998572322858054,0.09999998074294958,-2.9649788029460904e-07,-2.5014936216086175e-06,-0.0013379633970751702,-4.089609137736261e-05,-4.900361432191858e-07,-2.132337354014382e-07,-2.605543965757429e-07,-0.00028742497594143074
195,0.23118392931056514,0.499991050282975,0.09999998080843094,-2.864091910807039e-07,-3.253566924732228e-06,-0.001368593793787336,-4.176368747721426e-05,-5.109516791890201e-07,-2.2466334998036708e-07,-2.6321408655310297e-07,-0.0002862040239869379
196,0.23629550450718065,0.4999954235136379,0.09999998080945127,-2.7641462283038e-07,-4.13562330403424e-06,-0.001399316437514105,-4.265111783752218e-05,-5.212020255385141e-07,-2.364909385395249e-07,-2.6587262761529107e-07,-0.00028481868876648704
197,0.24146451622038004,0.49999850567354137,0.09999998074816242,-2.665175053236155e-07,-5.157388292474775e-06,-0.001430116825182957,-4.355105193099007e-05,-5.244056637820904e-07,-2.4868770007911495e-07,-2.685273187990909e-07,-0.00028326491553628646
198,0.246689781651569,0.4999999414219112,0.09999998062644644,-2.5671183229889077e-07,-6.3284535530534165e-06,-0.001460982531820257,-4.447200262802653e-05,-5.343211455510755e-07,-2.6122026531905917e-07,-2.7117669145300935e-07,-0.0002815392639363004
199,0.251970014321685,0.4999993594044399,0.099999980445942,-2.469919666231053e-07,-7.658424642674097e-06,-0.001491899969836738,-4.541101952781901e-05,-5.415532200458983e-07,-2.7410507800810584e-07,-2.7382060810774914e-07,-0.00027963887390624416
200,0.25730395838803016,0.49999637747587855,0.09999998020805013,-2.3734393888369698e-07,-9.157731766919084e-06,-0.001522854087224265,-4.6366636524908245e-05,-5.469442498906574e-07,-2.87338812683107e-07,-2.7646032083880616e-07,-0.0002775615242189144
201,0.2626903288975791,0.49999060641589005,0.09999997991395748,-2.2775957468261704e-07,-1.0836809801419319e-05,-0.0015538273262711677,-4.734099275083281e-05,-5.53378868062282e-07,-3.0059338702824587e-07,-2.790986952525933e-07,-0.00027530562450979077
202,0.2681277869429962,0.49998165451377097,0.09999997956466239,-2.182076657050614e-07,-1.2707389299450944e-05,-0.0015848093701710672,-4.832974082091823e-05,-5.502579369931482e-07,-3.139810604436276e-07,-2.817404867397928e-07,-0.00027287035124830343
203,0.2736146989909626,0.49996914231720757,0.09999997916102622,-2.0870836623679597e-07,-1.4775545383270148e-05,-0.0016157822427112643,-4.932582669425756e-05,-5.436461947283533e-07,-3.2748208655589863e-07,-2.843925599556021e-07,-0.0002702558159608737
204,0.2791496037125416,0.4999527006740698,0.09999997870386138,-1.9927508823892977e-07,-1.704854783483177e-05,-0.0016479738308779986,-5.034066271036863e-05,-5.46966475667432e-07,-3.4163256043725253e-07,-2.8705609961635095e-07,-0.0002674561939809319
205,0.28470993406128126,0.49993199675341715,0.09999997818274753,-1.8669333753242635e-07,-1.968536332073604e-05,-0.0016788341694075838,-5.131578291184269e-05,-5.201342787586327e-07,-3.5505564885710284e-07,-2.8974234036182835e-07,-0.0002644738793186898
206,0.29033714020439744,0.4999065291281366,0.09999997759924836,-1.7784821007222045e-07,-2.239057052958199e-05,-0.0017096763057441837,-5.2418956329347566e-05,-5.867246954949223e-07,-3.684100560765883e-07,-2.9247387464686275e-07,-0.00026131831206913417
207,0.2960080413383073,0.4998762892954612,0.09999997696616608,-1.6890815742028926e-07,-2.53525708066998e-05,-0.001740447523741296,-5.348385457182303e-05,-5.584624886978418e-07,-3.8164723399787236e-07,-2.952674543846339e-07,-0.0002579924496405979
208,0.3017200980827054,0.4998407844080451,0.09999997628385543,-1.6002292593995545e-07,-2.8542761756843736e-05,-0.0017711345227312708,-5.453283665701747e-05,-5.250537356005225e-07,-3.946597690040378e-07,-2.981430344359189e-07,-0.00025450064976217224
209,0.3074721331869168,0.49979984545122697,0.0999999755529496,-1.5116046730843552e-07,-3.1978759427964034e-05,-0.0018030931841848499,-5.56067461729981e-05,-5.264499804980005e-07,-4.082020295202594e-07,-3.011108256203774e-07,-0.00025084097292959415
210,0.31323985395298526,0.49975278959526104,0.09999997476194002,-1.3952624063584235e-07,-3.5898313799353236e-05,-0.0018335246341818223,-5.6634591601323336e-05,-4.918267677567201e-07,-4.204431559741042e-07,-3.0419737683768636e-07,-0.00024702043389786146
211,0.319067383035989,0.49970036895145337,0.09999997391221488,-1.3114117345360172e-07,-3.983998683032984e-05,-0.0018638717044595803,-5.7790050050243735e-05,-5.613863436337851e-07,-4.3225442549260814e-07,-3.0744675917365114e-07,-0.00024305369557671197
212,0.3249299622949694,0.49964252802597703,0.09999997301750363,-1.226617505116798e-07,-4.40848671430436e-05,-0.001894079333073844,-5.8897196140605956e-05,-5.18189438025729e-07,-4.4358697433699666e-07,-3.1089341976722737e-07,-0.00023894845058809448
213,0.3308248187420442,0.49957888237276027,0.09999997207821751,-1.1423285224741711e-07,-4.8589593916382205e-05,-0.0019241386699378736,-5.9989735746057704e-05,-4.876632715422602e-07,-4.54361937583242e-07,-3.1457704867458666e-07,-0.0002347138693761734
214,0.3367505931928641,0.49950962924218584,0.09999997109512167,-1.0583770454062002e-07,-5.3373293694392244e-05,-0.001955517573927057,-6.109855894465e-05,-4.857366775468108e-07,-4.654612769683282e-07,-3.185254233562635e-07,-0.0002303528568688789
215,0.34268174974711035,0.4994331357095097,0.09999997005595071,-9.520209934873681e-08,-5.876677369714228e-05,-0.001985189823268794,-6.2155319028534e-05,-4.4861883452540496e-07,-4.745189285943595e-07,-3.2278906579180554e-07,-0.0002258775505618943
216,0.3486644662573312,0.499353062780436,0.09999996896234205,-8.729467458734851e-08,-6.41130353381111e-05,-0.0020147159146747494,-6.33300660410896e-05,-5.183676421438577e-07,-4.827958800240435e-07,-3.27442608758938e-07,-0.00022130793361526175
217,0.35467275938495524,0.4992686981828779,0.09999996782935316,-7.937939773746502e-08,-6.979724973656424e-05,-0.0020440406419861275,-6.444728205678985e-05,-4.6437162382062525e-07,-4.902198275533369e-07,-3.3254929204131273e-07,-0.00021665701441023322
218,0.36070368523768354,0.49917987617632664,0.09999996665778693,-7.159370341728714e-08,-7.576045551360861e-05,-0.002073162800151362,-6.555953586939722e-05,-4.477550419323961e-07,-4.967107983661854e-07,-3.381813027293118e-07,-0.00021193923631195947
219,0.3667556944955935,0.4990872685704916,0.09999996544881279,-6.393679174977618e-08,-8.202473964242238e-05,-0.002102078802461329,-6.667445268249139e-05,-4.4577066660167475e-07,-5.021966658312562e-07,-3.444188550271819e-07,-0.00020717020380738146
220,0.3728267083459872,0.4989916140304532,0.0999999642035187,-5.644084551813403e-08,-8.859677887969215e-05,-0.0021307764770200697,-6.779086106689647e-05,-4.4240303509468504e-07,-5.066125785375548e-07,-3.513524163242276e-07,-0.00020236655550042723
221,0.37891477300225157,0.49889364241675443,0.09999996292305652,-4.915164147684912e-08,-9.548019581466703e-05,-0.002159244844685136,-6.890521035529673e-05,-4.416810384100245e-07,-5.099037728521916e-07,-3.590844179372678e-07,-0.00019754604181965909
222,0.3850179207437801,0.4987941586426505,0.09999996160870327,-4.2117542943769926e-08,-0.00010267916749135738,-0.002187477222971466,-7.001654012128711e-05,-4.4222431938578666e-07,-5.120730836296707e-07,-3.677306326802284e-07,-0.00019272753092307106
223,0.39113408699676544,0.4986940311874747,0.09999996026183999,-3.539145507113312e-08,-0.00011019607471210736,-0.002215463840207478,-7.112696766853333e-05,-4.4732880155606836e-07,-5.12998233650432e-07,-3.7742203444936503e-07,-0.00018793102122204435
224,0.39726127817104007,0.4985942043668709,0.09999995888394972,-2.9029219823855428e-08,-0.0001180353797125583,-0.0022432003818763937,-7.223700959002599e-05,-4.5526982717092324e-07,-5.125632306368944e-07,-3.883076438999158e-07,-0.00018317763833274313
225,0.4033973363516954,0.4984957016501947,0.09999995747658623,-2.3090186810051347e-08,-0.00012619913329610627,-0.0022706786551430413,-7.334042311413214e-05,-4.6266924869087234e-07,-5.110915339057447e-07,-4.0055698826330116e-07,-0.00017848966681535797
226,0.4095402253515983,0.49839962397674054,0.09999995604144993,-1.765455287973571e-08,-0.00013468235064510029,-0.0022978889969843363,-7.444549555657431e-05,-4.831612727684842e-07,-5.083805957497677e-07,-4.143634124192813e-07,-0.00017389054001868337
227,0.4156880644941602,0.49830705420082927,0.09999995458040484,-1.2788378807542807e-08,-0.00014349580403115713,-0.002324831879002266,-7.556172204203904e-05,-5.11463838392956e-07,-5.044457136957302e-07,-4.2994823520579244e-07,-0.00016940478341780535
228,0.42183873693052576,0.49821914608389006,0.09999995309534024,-8.568464810547834e-09,-0.00015264593049657706,-0.002351498191970704,-7.66754528740421e-05,-5.351186018742737e-07,-4.993135765082092e-07,-4.475653876838441e-07,-0.0001650580720669425
229,0.4279903046026446,0.4981370542115684,0.09999995158820413,-5.082691295166995e-09,-0.0001621364704546361,-0.002377887876062414,-7.77937239035964e-05,-5.690499165211804e-07,-4.930126623961608e-07,-4.6750712141414074e-07,-0.00016087726894814048
230,0.4341406060514107,0.49806196404370107,0.0999999500610408,-2.425046559918857e-09,-0.00017196853823024265,-0.0024039922551442644,-7.892007852206007e-05,-6.097360483181546e-07,-4.855868644401839e-07,-4.901107090619425e-07,-0.00015689038526558517
231,0.4402877248238572,0.49799502830889897,0.09999994851601392,-6.974073117908328e-10,-0.0001821465834704577,-0.0024298096705495462,-8.005619747564197e-05,-6.565333592334355e-07,-4.770874064591556e-07,-5.157664162393307e-07,-0.00015312658910453833
232,0.4464296210044265,0.4979373757083578,0.09999994695541532,-7.624463430740524e-12,-0.0001926750622579555,-0.0024553402183137554,-8.120591519400477e-05,-7.106439170456724e-07,-4.675764349382153e-07,-5.449274104176381e-07,-0.00014961620780478237
233,0.45256423317675976,0.4978900783198565,0.09999994538157807,-4.72035284460309e-10,-0.000203559101359233,-0.0024805812804206025,-8.237289875978604e-05,-7.725316208961885e-07,-4.571246506929152e-07,-5.781213494307082e-07,-0.00014639073246092762
234,0.4586896005622071,0.49785413486262103,0.0999999437968928,-2.2159048194281234e-09,-0.00021480494097682808,-0.002505534564745781,-8.35610117064789e-05,-8.415829597652191e-07,-4.458128431824949e-07,-6.159641623074466e-07,-0.00014348282730993657
235,0.46480368691383855,0.49783044176265145,0.09999994220379463,-5.374547400961715e-09,-0.000226419447222509,-0.0025301940878654527,-8.477461960865185e-05,-9.172178465632896e-07,-4.3372565507219873e-07,-6.591770048559608e-07,-0.00014092632960250863
236,0.4709046275287733,0.4978198008038829,0.0999999406047923,-1.0090632923592587e-08,-0.00023840919583010796,-0.0025545607461926723,-8.601963054388762e-05,-1.0006382353822119e-06,-4.209579877738634e-07,-7.08606779765917e-07,-0.00013875624898900392
237,0.47699046383338684,0.4978228567269528,0.09999993900248944,-1.651814988634701e-08,-0.0002507829792564163,-0.0025786365703809665,-8.729862747713923e-05,-1.0897311994995107e-06,-4.076080841885506e-07,-7.652507574748704e-07,-0.00013700877464184252
238,0.48305922067608287,0.49784010697914105,0.09999993739950455,-2.4821788928679635e-08,-0.00026354870637028654,-0.002602420968457025,-8.861905371304601e-05,-1.1856399169118959e-06,-3.9378129047545287e-07,-8.302864560735379e-07,-0.0001357212783766037
239,0.48910901464152856,0.49787185925342653,0.09999993579849346,-3.5175796470156005e-08,-0.0002767158278899904,-0.002625917389164455,-8.998610428534448e-05,-1.2862208222941263e-06,-3.795841248630959e-07,-9.051080624724271e-07,-0.00013493231463327225
240,0.4951378988755651,0.4979182251610179,0.09999993420212433,-4.776860103192607e-08,-0.0002902942392161096,-0.0026491211305588323,-9.140533802565187e-05,-1.3919086541136494e-06,-3.6512343423948246e-07,-9.913718207795513e-07,-0.00013468162241166452
241,0.5011441226337678,0.49797910140822366,0.09999993261311668,-6.279344960888438e-08,-0.00030429453307684816,-0.002672033923923136,-9.288190631195903e-05,-1.500834741818835e-06,-3.505065282258791e-07,-1.0910513480726055e-06,-0.00013501012680455557
242,0.5071258246275404,0.4980541486503608,0.0999999310342571,-8.04601441842532e-08,-0.00031872762537585927,-0.002694658378191839,-9.44210187299177e-05,-1.6114221352836466e-06,-3.358395457911003e-07,-1.2065059755107206e-06,-0.0001359599314562177
243,0.5130811410250634,0.49814278409212526,0.09999992946831363,-1.009912105669953e-07,-0.00033360394397828326,-0.002716994369594428,-9.602921636542305e-05,-1.7237357496924233e-06,-3.212511148692283e-07,-1.3405661498115235e-06,-0.0001375743180799502
244,0.5190083161058746,0.498244158050768,0.0999999279180517,-1.246188645606097e-07,-0.0003489355906946122,-0.0027390446447272086,-9.77114905253984e-05,-1.8346698880122858e-06,-3.06833081131194e-07,-1.4966400338430714e-06,-0.00013989774576867025
245,0.5249055467968721,0.49835715751585746,0.09999992638621136,-1.5159398845181784e-07,-0.00036473496219142996,-0.002760804170583131,-9.947157377609983e-05,-1.9433048237260664e-06,-2.926827807055892e-07,-1.6788477139210805e-06,-0.00014297583270337012
246,0.5307711972116076,0.4984804191814658,0.09999992487554221,-1.8216916934155256e-07,-0.000381012957785635,-0.002782273308077022,-0.00010131338785868138,-2.0478466922213556e-06,-2.7889113243775733e-07,-1.8921920354087898e-06,-0.00014685534654930668
247,0.536603564710044,0.49861230388915684,0.09999992338883013,-2.1661587363675416e-07,-0.00039778114489093805,-0.0028034532782649263,-0.0001032403451972641,-2.1469879811775172e-06,-2.655439395998092e-07,-2.142776896879148e-06,-0.00015158418646708495
248,0.5424009329724796,0.49875091920877246,0.09999992192881432,-2.5522144861303437e-07,-0.00041504928121268835,-0.002824341487856388,-0.00010525478865019977,-2.2386732325685443e-06,-2.5272059974760457e-07,-2.4380875562868034e-06,-0.000157211354951734
249,0.5481616947979798,0.49889413066842114,0.09999992049819538,-2.9828104492694084e-07,-0.0004328268731503285,-0.0028449383612828686,-0.00010735747491708025,-2.322435648238752e-06,-2.404806311928466e-07,-2.787356018542078e-06,-0.00016378693065248858
250,0.5538841919683836,0.49903958073109383,0.09999991909961647,-3.461111513129757e-07,-0.00045112179130721525,-0.00286523629338043,-0.00010954977915389463,-2.3938903268572176e-06,-2.2894064019207243e-07,-3.2020400239630443e-06,-0.00017136202708340381
251,0.559566975218025,0.4991847125642417,0.09999991773571813,-3.990172311759691e-07,-0.00046994008276074093,-0.0028852327100577987,-0.00011183090100530535,-2.454545892760507e-06,-2.1813618983256606e-07,-3.6964570066524167e-06,-0.00017998876959123244
252,0.5652085179289095,0.49932679160396753,0.09999991640913862,-4.5734067279322967e-07,-0.0004892891534149988,-0.0029049248546444938,-0.00011420095688663423,-2.505427346477518e-06,-2.0802068631270856e-07,-4.288635555601622e-06,-0.00018972027085253674
253,0.5708072976430425,0.4994629493451254,0.09999991512238686,-5.214444919713628e-07,-0.0005091748458633512,-0.0029243067082343013,-0.00011665086640277877,-2.5365307010360993e-06,-1.986912033228317e-07,-5.001470569848763e-06,-0.00020061052796995703
254,0.5763618454321746,0.4995902254477623,0.09999991387789398,-5.916751676366887e-07,-0.0005295916507205697,-0.0029433771441482793,-0.0001191766350530088,-2.554798129494884e-06,-1.9061034293804606e-07,-5.86430989816663e-06,-0.00021271428513503047
255,0.581870735596057,0.49970559732622244,0.09999991267806047,-6.683661116662255e-07,-0.0005505302010957096,-0.0029621167434535725,-0.00012178868928458542,-2.5681229089968838e-06,-1.827551089713539e-07,-6.915164479819126e-06,-0.00022608729135934307
256,0.5873328898898659,0.4998060071029563,0.09999991152511643,-7.520205611761461e-07,-0.0005720257731272286,-0.002980529075527626,-0.0001244657760253176,-2.557015250204131e-06,-1.7591421596368864e-07,-8.203846726277249e-06,-0.00024078593842647577
257,0.5927465643904326,0.4998884999172081,0.09999991042121134,-8.42924472600245e-07,-0.0005940230008440557,-0.002998595517104798,-0.00012716672790702432,-2.510495733076823e-06,-1.6997850059671076e-07,-9.796490465381005e-06,-0.0002568668621770213
258,0.5981106386705642,0.49995013635418073,0.0999999093685426,-9.414723899169747e-07,-0.0006165078803658252,-0.003016317211633044,-0.0001299479481531307,-2.499137053746381e-06,-1.6496649917614787e-07,-1.1782194880352114e-05,-0.00027438715886156156
259,0.6034237002064538,0.4999881454956018,0.09999990836921122,-1.0480776783397857e-06,-0.0006394657288585699,-0.003033681061020901,-0.00013276553363539279,-2.4375508473895025e-06,-1.6087253219012428e-07,-1.4283005736511748e-05,-0.00029340440726035715
260,0.6086847727547672,0.4999999187420989,0.09999990742506792,-1.1632067128941129e-06,-0.0006628963588102966,-0.003050672000336292,-0.0001356126886093989,-2.3754564608680084e-06,-1.5770090797263215e-07,-1.7469262357704458e-05,-0.00031397662212614914
261,0.6138927717873451,0.49998308812487086,0.0999999065378113,-1.287266766392159e-06,-0.0006867733922615982,-0.0030672794270296838,-0.00013847864465788007,-2.3006041374173947e-06,-1.554939345227026e-07,-2.158388541506206e-05,-0.00033616195638931114
262,0.6190466045597091,0.49993555416346735,0.099999905709072,-1.4206920236856765e-06,-0.0007110702684758478,-0.0030834929890863434,-0.00014135139645077288,-2.2159401851240546e-06,-1.5421546285118017e-07,-2.6982008430526053e-05,-0.00036001859891827173
263,0.6241451635618647,0.49985552660512533,0.09999990494027494,-1.5639536660960063e-06,-0.0007357557973079449,-0.003099298579112552,-0.00014421915693674237,-2.1219584596110508e-06,-1.5381493023752616e-07,-3.419803056717429e-05,-0.00038560461697679745
264,0.6291874564162819,0.4997415535897903,0.09999990423266844,-1.7174970268092668e-06,-0.0007607942854902862,-0.0031146860735308526,-0.00014706469664815813,-2.019586190726841e-06,-1.5446408284076745e-07,-4.4063932752889766e-05,-0.0004129777079145778
265,0.6341724283664069,0.4995925454754834,0.09999990358735628,-1.8817629615582198e-06,-0.0007861356885196694,-0.003129636963894711,-0.00014988036127761006,-1.9139608866680646e-06,-1.5620240580673766e-07,-5.792868345949337e-05,-0.00044219506261816173
266,0.639099307170917,0.49940780468840074,0.0999999030053359,-2.0571784688445187e-06,-0.0008117394842604328,-0.0031441403312335524,-0.00015266142145264894,-1.807367880246602e-06,-1.5910895296766792e-07,-7.809023169495817e-05,-0.00047331335681224343
267,0.6439672424613346,0.4991870311731184,0.0999999024874767,-2.244221280710792e-06,-0.0008375652438735976,-0.003158183283762402,-0.00015539265586994588,-1.6945597280937363e-06,-1.632379722506098e-07,-0.00010871063714872249,-0.0005063886811544644
268,0.6487754811489337,0.49893035087978216,0.09999990203437739,-2.443391698441475e-06,-0.0008635732406432919,-0.0031717512710224983,-0.00015806173905730247,-1.582059326210583e-06,-1.686766362064836e-07,-0.00015794187549554703,-0.0005414763631767572
269,0.6535232998585148,0.49863827564958385,0.09999990164642157,-2.6551508169267213e-06,-0.0008897130187959215,-0.003184832771458357,-0.0001606576843187213,-1.4685761016153265e-06,-1.7554002268272602e-07,-0.00024349292386236583,-0.0005786307195986682
270,0.6582099701261608,0.49831172362082693,0.09999990132380453,-2.879978605496821e-06,-0.000915931484798159,-0.0031974100199177805,-0.00016317141125909984,-1.3572951047535753e-06,-1.8396167640981892e-07,-0.0004097958129476721,-0.0006179049019381762
271,0.6628349412827746,0.49795198593522444,0.09999990106656682,-3.1183183618483817e-06,-0.0009421739824359491,-0.002705388483698855,-0.0001655951637076214,-1.2492013183873496e-06,-1.1639492968556218e-07,-0.0006297334363753983,-0.0006569604547514566
272,0.6754751194652888,0.49627197011427165,0.09999991671709313,-2.1279589722905793e-06,-0.0009077089110950496,-0.002577916716726617,-0.0004626713052857667,-0.005541876424103975,-8.687536913102613e-07,-0.001062988699501969,-0.00069855624728548
273,0.6847649499444557,0.49918582344789403,0.09999995715011299,-2.80656541637344e-06,-0.0009535443414292008,-0.002538746105044533,-0.0007334082620218396,-0.0035588969476521015,-4.689708104479868e-07,-0.001465950951530141,-0.000740146111136066
274,0.6897653017569491,0.4999999959968898,0.09999998948820572,-4.289907306606907e-06,-0.0009302041342951928,-0.002545431913422311,-0.0005619915900751948,-0.003912783693522215,-1.272534771002634e-06,-0.0019847927044301153,-0.0007811511177611635
275,0.691784505335292,0.4954328512338877,0.09999999996589541,-7.564618380120106e-06,-0.0007979552875013227,-0.0025273291316587326,-0.0005333991139195859,-0.0032376425806432962,-9.134685970728082e-07,-0.002776026545368293,-0.0008183899870468733
276,0.6927833510977478,0.4835349559717096,0.09999998811708943,-1.1107321800146952e-05,-0.0005952767684811649,-0.0025007094370230218,-0.0005639741430059075,-0.0009189028642140329,-6.898343586335352e-06,-0.004044862421557826,-0.0008497088444417007
277,0.6934534422589339,0.4684688567859541,0.09999995822494061,-1.4849520750896484e-05,-0.00040222933006573016,-0.002468620279551452,-0.0005689652170985937,-0.0003529832174535841,-1.919208180246295e-05,-0.00601492029813689,-0.0008739066566959687
278,0.6939515665778158,0.45272015660770626,0.09999991548649434,-1.862567088027966e-05,-0.0002447684209780731,-0.0024533018415174865,-0.0005490988842211664,-0.00013603208935819566,-3.789762474445952e-05,-0.008836176254915416,-0.0008903817416866714
279,0.6941962778184141,0.4371989856415153,0.09999986514130826,-2.2318339602117737e-05,-0.00013479933977971536,-0.002580158750996193,-0.0005136528634466231,-0.00017237287829630077,-0.00013616040964704477,-0.012616015202701891,-0.0008987791950101251
280,0.6936619843014528,0.4218751673070627,0.09999982143394519,-2.548539332795543e-05,-7.649550425035263e-05,-0.0027433753728052686,-0.0004622818378265947,-0.0007083102827891707,-0.0002313268524876017,-0.016603611514668905,-0.0008986231867192987
281,0.693191555793253,0.40656453392375835,0.09999979561218345,-2.7178243057072607e-05,-6.31500658808999e-05,-0.00296738986661607,-0.00041552013135515153,-0.0005845390260219574,-0.0004031833687574186,-0.019696793840092368,-0.0008896089665636805
282,0.6930280209795268,0.3902520356405355,0.09999979071046727,-2.6982880687191556e-05,-0.00010483952300680149,-0.003270784351167222,-0.0003287880099378526,-0.0008201540913432837,-0.0006376867573398197,-0.021483890930110296,-0.0008727390690769191
283,0.6934639287715649,0.3726544833322848,0.09999980606726129,-2.5582892218427178e-05,-0.00017548713171885156,-0.003669065705216542,-0.0002460927062202245,-0.0011817030608654022,-0.0009546413721707932,-0.022093198158605904,-0.0008507071901852196
284,0.6948854545745586,0.3538762843518112,0.09999983826151726,-2.3472626104819623e-05,-0.00022567374841698178,-0.004165073462666137,-0.0001812965638237074,-0.0013824374182149768,-0.0013692594186459398,-0.021930271716428515,-0.0008270809330449433
285,0.6974022569429644,0.33359607575342415,0.09999988169545135,-2.0915162588632376e-05,-0.00022280003469571545,-0.004064627008004693,-0.00014376667968463153,-0.0009793894132599235,-0.001891854819938839,-0.021362796739400603,-0.000804973977715398
286,0.702138560393567,0.3122481974121656,0.09999992886828596,-1.8050228140499014e-05,-0.0001770738263852014,-0.002434774173983959,-0.00013712597137782723,-0.0005441946559585631,-0.0006903198420398477,-0.020713686770731418,-0.0007864204154170871
287,0.7113386583542592,0.2956324924658166,0.09999994003848814,-1.635074507577099e-05,-0.00010899149425244956,-0.0019441455613860717,-0.00021491303050424904,-0.0014509942848235369,-0.00047260001755287863,-0.0201324521878626,-0.0007728393154674214
288,0.7174085569754626,0.2897021136600993,0.0999999266793495,-1.8312996015557764e-05,-4.8228419170869055e-05,-0.002056661299279582,-0.0001682545553194359,-0.0010077328188344836,-0.0007398320759217343,-0.019602759827066385,-0.0007632645722549193
289,0.7195418219863704,0.2861737610125985,0.09999990894860239,-2.0972763673789287e-05,-3.0195645978914347e-05,-0.002266103998750154,-0.0001540168304927647,-0.003229602240025997,-0.0009905644299182947,-0.01919083066930086,-0.0007537477145205646
290,0.7203935850114731,0.2830999936852193,0.09999990501344654,-2.1589899454751917e-05,-4.83075562620567e-05,-0.002525304909331468,-0.00021241344802547246,-0.0008915287326090038,-0.0013650229703336362,-0.01881828083260857,-0.0007411465269955228
291,0.721205947950682,0.28056788249187714,0.09999991477410239,-2.0450160315890116e-05,-8.9237141130582e-05,-0.002844496361775244,-0.00017682602629065514,-0.0004061685176566243,-0.001810740415310487,-0.01848413890394623,-0.0007255688854577222
292,0.7225573193839301,0.2768178279623705,0.0999999355459224,-1.9571844097804768e-05,-0.0001189561552020058,-0.0027862991938607624,-0.00013260514242574573,-0.00100276293233037,-0.002336510674201118,-0.018194624472357156,-0.0007092742258593405
293,0.7258053452730481,0.2729816114193077,0.09999996242609066,-1.945219841235013e-05,-0.00011240020841625911,-0.0017398045845692773,-0.0001226233143825084,-0.0007240916602313519,-0.0010790686283413259,-0.01790230149474718,-0.0006950105817150982
294,0.7335744643489982,0.27428146729751735,0.0999999701265391,-1.7958354102065988e-05,-7.833747741121976e-05,-0.0013988408532036437,-0.0001655749510973692,-0.000807437114417553,-0.0008177340895062298,-0.017661687195371232,-0.0006844412720532107
295,0.7388636700226754,0.2817486980264241,0.09999996464088284,-1.91596316531602e-05,-4.383127710618438e-05,-0.001466361460013678,-0.0001182492560474202,-0.001099468907341361,-0.0011943861147985279,-0.017500013871129903,-0.0006764758530150317
296,0.7407362386977865,0.28751030811297945,0.09999995800915087,-2.048839419628667e-05,-3.395411352394622e-05,-0.0016150712831058205,-0.00011689605162246153,-0.0017709467792883515,-0.0014939554580061028,-0.01742828803712427,-0.0006680928198815144
297,0.741789358375583,0.29197511153321637,0.0999999607745994,-2.0098475905793492e-05,-4.994251849227865e-05,-0.001820096454389985,-0.00015276130579877645,-0.0004037811595480889,-0.0019446087520090844,-0.017408579841508506,-0.0006572944428983968
298,0.743026227213287,0.2953976650331772,0.09999997140951589,-1.820283965576267e-05,-8.121439314969779e-05,-0.0012745012961561943,-0.00012381676060613245,-0.00040926277870312333,-0.0010187161555727804,-0.017176071915961717,-0.0006453099938716393
299,0.7484375142583635,0.31020091727758153,0.09999997958193746,-1.7131604491462883e-05,-0.00010949143776904133,-0.0010186300051490418,-0.00013620829849969596,-0.0012117966543883085,-0.00048243609282447623,-0.016971872358771865,-0.000633559172017818
300,0.7531658672320569,0.3262667287904182,0.09999997759003569,-1.7700966006192433e-05,-0.00011200005982532541,-0.0009259058925611873,-0.00010042297799373046,-0.000566559552680701,-0.0003185920175432322,-0.01657878505528575,-0.0006236593607518221
301,0.7562208299306619,0.337644530968212,0.09999997215478536,-1.881735081107954e-05,-0.00011508871946037103,-0.0010182399852794012,-0.000116791641630698,-0.0004709225904662162,-0.0006010764663133264,-0.016245032996057295,-0.0006135962240338495
302,0.7574489892524429,0.3436683912552097,0.0999999713711946,-1.8946428803642226e-05,-0.0001230888429550468,-0.001047568878724098,-0.00011518708197399974,-0.0004435481096152216,-0.0008728158319124782,-0.01599835905635016,-0.0006018007882125377
303,0.7594098151494246,0.3500488469090187,0.09999997802381647,-1.7926757056699e-05,-0.0001566570083600426,-0.0007927440215229652,-0.00012417628022376448,-0.0002064795116893947,-0.00017703693923339884,-0.015645212729202905,-0.0005887990994261672
304,0.7637855993794942,0.3654820364836295,0.09999998089727748,-1.745367274668326e-05,-0.0002127921676832005,-0.00068093821982965,-0.0001223032595589757,-0.0004777160647790879,-4.491698577379201e-05,-0.015166466287496239,-0.0005759096270997018
305,0.7674802089020709,0.37881169290121736,0.09999997997674141,-1.7806365382730015e-05,-0.0002414126424999854,-0.0006166137041207703,-0.00010296331311110407,-0.00032590358750894666,-5.696616937383672e-06,-0.014648210008746672,-0.0005634306735242497
306,0.7705513301642561,0.3894665980287678,0.09999997819191335,-1.8378653024504923e-05,-0.00026456083201582944,-0.0006264423746669984,-0.00011146243195980787,-0.00010962661326630041,-5.102953459641341e-05,-0.014164586269643962,-0.0005505775877282911
307,0.7727570223288096,0.3961255113985321,0.0999999789660157,-1.8298367259352202e-05,-0.0002819927772149734,-0.0005570378308810088,-0.00010251464846078306,-0.00012423962471075356,-4.078637993315549e-06,-0.013652992572354784,-0.0005371135435166759
308,0.7762349972797338,0.40418972573348494,0.09999998044144115,-1.7830250826394113e-05,-0.0003268581497794952,-0.0005219270790289964,-0.00011534922668943182,-0.00010817598376888782,-1.4012738327620807e-05,-0.013137703047611672,-0.0005229191646821471
309,0.7796693853477122,0.4105317691958174,0.09999998091823449,-1.7329902216773953e-05,-0.00036037299614611413,-0.0005029247820564591,-0.00010591928730718791,-0.00011244285269640386,-2.0403833329991845e-05,-0.012640911004051215,-0.0005081777203158169
310,0.7829889790963451,0.4144459358328134,0.09999998113166725,-1.686465602041694e-05,-0.00038702121482998185,-0.0004914651406919257,-0.00010751230729511008,-8.098469152173493e-06,-2.3408651318788074e-05,-0.012172689361229436,-0.0004929357335852623
311,0.7863047366842487,0.41699588110384694,0.09999998140878763,-1.6342394733740683e-05,-0.0004116698429567402,-0.00048343184744909895,-0.00010733355884440243,-3.982041107519763e-06,-2.451145824842875e-05,-0.011735356812520886,-0.0004772036832539524
312,0.7896344484183753,0.41897073085080194,0.09999998186738997,-1.5788650444331824e-05,-0.0004390248709797196,-0.00047941375181988113,-0.00010628435120452195,-1.5319086514864466e-06,-2.4906045163573983e-05,-0.011328987519554981,-0.00046104767672944496
313,0.7930240005101977,0.4192858668426437,0.09999998249766107,-1.5123649342753327e-05,-0.00046435602320401187,-0.00047704704110632795,-0.00010569670121185482,-1.244679992851161e-06,-2.4944010869700522e-05,-0.010952651521784084,-0.00044458088336508624
314,0.7964572950540612,0.4191713666183732,0.0999999832515733,-1.4467520659529687e-05,-0.0004907384579066531,-0.00047781718521656453,-0.00010463171929586679,-1.1216270650038496e-06,-2.4940249186955553e-05,-0.01060527655924624,-0.00042793665034430235
315,0.7999453553794375,0.417905780981424,0.0999999840722131,-1.3736532122190007e-05,-0.0005139142363699403,-0.00048010551489548366,-0.00010357338760513812,-8.928552688303171e-07,-1.8945138124815367e-05,-0.010288573104659034,-0.00041121912824712797
316,0.8034724266939889,0.41938126552401384,0.0999999848850326,-1.2894698073599325e-05,-0.0005380213306216629,-0.00048300635652537554,-9.506228525424376e-05,-5.65354639547877e-05,-1.6779930403027445e-05,-0.010002866566078008,-0.0003946935573674563
317,0.8072082113608898,0.42048792388330947,0.09999998568647499,-1.2215603594839055e-05,-0.0005462468849918244,-0.0004891534743059171,-9.105003118747845e-05,-3.083776755374856e-05,-2.0206475719265768e-05,-0.009740500426207097,-0.0003788624579109896
318,0.8110463629888153,0.4180646769456716,0.09999998647271391,-1.1704843845370228e-05,-0.0005368379767585936,-0.0004966755929400076,-9.270233567804098e-05,-1.023575896397233e-05,-2.211146036656287e-05,-0.009498368825935003,-0.0003638719150763486
319,0.8148186590953667,0.4149413745832045,0.0999999872091384,-1.1146242124039208e-05,-0.0005340783025654376,-0.0005045102374613528,-9.543613850837573e-05,-2.2915266526979394e-05,-2.3142772891752544e-05,-0.00927871994036729,-0.0003495171737491982
320,0.8185340654232984,0.41135669910881645,0.09999998786147207,-1.0509512041308338e-05,-0.0005431437631481706,-0.0005133312625193361,-9.77828458417207e-05,-1.4978448234614916e-05,-2.3795326218101724e-05,-0.009080953844764608,-0.00033563702727132296
321,0.822210061362806,0.4073290540734751,0.09999998840380822,-9.836054454668383e-06,-0.0005587930144934919,-0.0005254618889481463,-9.664202661952004e-05,-3.689014249630418e-07,-2.4200538690135365e-05,-0.008905817731347654,-0.00032220259521926315
322,0.8258035699803448,0.40374753871667485,0.09999998881559173,-9.166139083424026e-06,-0.0005728630419193008,-0.000539298118628178,-9.486832277616486e-05,-6.522105877593276e-07,-2.6964190141964004e-05,-0.008753314717765455,-0.0003092864277669067
323,0.8293875606144435,0.39899896779219507,0.09999998908874651,-8.554584396838989e-06,-0.0005846835569064874,-0.0005547041763904212,-9.645697718951851e-05,-4.674343017541105e-06,-2.5451487814479875e-05,-0.00862306438842874,-0.0002969013983616236
324,0.8329030465588294,0.39559423770755386,0.09999998922623576,-7.900485552427328e-06,-0.0006021235364992236,-0.0005713927858868632,-9.318703814642504e-05,-4.887909199169371e-06,-2.482394780436948e-05,-0.008516821574448646,-0.0002850620834825298
325,0.8364355543470686,0.39240724699510127,0.09999998923311196,-7.288778381429336e-06,-0.0006162987340531465,-0.0005900219829972828,-9.120760660152882e-05,-3.3550281841598917e-06,-2.43214556205221e-05,-0.008433357845628542,-0.00027389016041393945
326,0.8399567369073662,0.3894777875523461,0.0999999891230766,-6.7285518641413945e-06,-0.0006256529084837767,-0.0006102032186418588,-8.799092756817117e-05,-5.850034995091846e-06,-2.3824325702207237e-05,-0.00837225969611349,-0.00026348736519838436
327,0.843486948057142,0.3868246690451624,0.09999998891465078,-6.217745154499537e-06,-0.0006298288897729939,-0.0006312834842025242,-8.626419003121555e-05,-9.475051001572865e-07,-2.338842720405808e-05,-0.00833319516932456,-0.0002539346736222189
328,0.8470262776248338,0.38376032334881294,0.0999999886185689,-5.728065378451542e-06,-0.000632385668384589,-0.0006550024415522747,-8.495053043588996e-05,-6.17101079569693e-07,-2.2739486948042388e-05,-0.008316563992258223,-0.000245270532265048
329,0.8504942868665374,0.38183673940766927,0.0999999882488182,-5.2790242548352e-06,-0.0006327271045524579,-0.0006803735185005092,-8.295850420836359e-05,-1.2946798051416408e-06,-2.1944711707805203e-05,-0.008323375343368312,-0.00023751982547232103
330,0.8539314610579067,0.3803077066913189,0.09999998782567424,-4.8542800536857644e-06,-0.0006314529674909515,-0.0007077996637631228,-8.122001599986106e-05,-1.4588362091672025e-06,-2.1048671806508026e-05,-0.00835419060438657,-0.0002307075210730989
331,0.8573407854529436,0.37921845498984813,0.09999998736268541,-4.4540522670325905e-06,-0.0006282106820568936,-0.0007372466567912966,-7.958580681588501e-05,-9.821651474339887e-07,-2.0035866822929147e-05,-0.008410012094839802,-0.00022485369928263794
332,0.8607122891527962,0.3785552775761386,0.09999998687755478,-4.078508537787008e-06,-0.0006230636110723658,-0.0007686777027087812,-7.791240932419896e-05,-1.1866046634168015e-06,-1.8928994286852978e-05,-0.008492159648720944,-0.00021997046936030485
333,0.8640451550093167,0.37833796562708105,0.09999998639211366,-3.725244368162667e-06,-0.0006160278527545689,-0.0008024519288743917,-7.622502744197845e-05,-1.2233255120008835e-06,-1.7722630970785007e-05,-0.008602088029033415,-0.00021606435356881412
334,0.8673390941572574,0.37859561250031054,0.09999998592850268,-3.3919317309595e-06,-0.0006072048921520493,-0.0008383397883822743,-7.450772682204843e-05,-1.28603801385907e-06,-1.6458388947369386e-05,-0.008741878595524865,-0.000213135391651692
335,0.8705886199432108,0.3793030128761271,0.09999998551106526,-3.077673159332444e-06,-0.0005966306198602215,-0.0008765917844185203,-7.282244769157842e-05,-1.367853542433295e-06,-1.5134863851686203e-05,-0.008913994831176037,-0.00021117818879892245
336,0.873792793407836,0.3804776009115563,0.09999998516481501,-2.78072130826011e-06,-0.0005843237689176886,-0.00091739920949049,-7.10466702003032e-05,-1.4573894304703572e-06,-1.3775458842624819e-05,-0.00912111639685702,-0.00021018061935065163
337,0.8769509557169727,0.3821196526753501,0.09999998491508007,-2.4996140865884145e-06,-0.0005703422257806488,-0.0009608167160669034,-6.925014167791232e-05,-1.564106128171261e-06,-1.2400707545558353e-05,-0.009366641269065515,-0.00021012603461882716
338,0.8800617633544464,0.38422617476089915,0.09999998478687144,-2.2334952849110912e-06,-0.000554706999835328,-0.0010069114942577036,-6.741974357282743e-05,-1.709061052679317e-06,-1.1041790458075019e-05,-0.00965458235898401,-0.00021099196957947237
339,0.8831244217214234,0.38679303963179834,0.09999998480629751,-1.981697177021016e-06,-0.0005374141619490967,-0.001056214435172945,-6.552846025442705e-05,-1.8802805925588473e-06,-9.735468662165492e-06,-0.009989664236336866,-0.00021275846273880136
340,0.8861299473504053,0.38892959717626696,0.09999998499821888,-1.7497887151903893e-06,-0.0005177259420747763,-0.0011085667794881922,-6.389146437868476e-05,-1.9445249108684948e-06,-8.502430825214777e-06,-0.01037761435831159,-0.00021538927261601458
341,0.889093387901234,0.39254173001993437,0.09999998537943477,-1.524091513431322e-06,-0.0004974359260051725,-0.0011639325749786367,-6.160255725262687e-05,-2.853044406947447e-06,-7.384356645070349e-06,-0.01082529703558314,-0.0002188365705034759
342,0.8920142363324571,0.3965672436878492,0.09999998596206974,-1.3110402036561073e-06,-0.0004754038081508802,-0.0012483707807909533,-5.942443021922372e-05,-2.8452770948206307e-06,-1.984574257881453e-05,-0.01134178785819824,-0.00022270434490110087
343,0.8945392116124232,0.40036262214163937,0.09999998726129028,-1.0761319802051852e-06,-0.00044916203650715013,-0.0012971727932660996,-5.382749441196211e-05,-1.3165797099645715e-05,-4.8005196575898285e-06,-0.011933407999577013,-0.0002277914004897778
344,0.8976571185691781,0.4042783561950876,0.09999998891086244,-8.493494718613215e-07,-0.000427360203410396,-0.001358525579779685,-5.6588447478134185e-05,-2.5019999156938866e-05,-5.067328767094295e-06,-0.01261483778864421,-0.0002333709768455173
345,0.9005997439437189,0.4091502402024382,0.09999999011059629,-6.702241671853156e-07,-0.00039999685025628265,-0.0014271967822816784,-5.315223825164139e-05,-1.2898648492409848e-05,-5.173265502157769e-06,-0.013400434587037428,-0.0002396010056137521
346,0.9034510959690722,0.41343495020268173,0.09999999124653973,-5.314633166504864e-07,-0.0003680093466373177,-0.001500211108724918,-5.152352241566405e-05,-3.2036032280302607e-06,-5.5110343518961135e-06,-0.014307848595191415,-0.0002463778524726222
347,0.9061985041710908,0.418329744273302,0.09999999249295856,-4.078060712667786e-07,-0.00033676330640116097,-0.0015780991359314331,-4.870696648140438e-05,-3.2362640922656283e-06,-6.241902798667428e-06,-0.01535995155686654,-0.0002536040287355101
348,0.9088186287045664,0.4227422011975189,0.09999999389587146,-3.039389705265485e-07,-0.0003048908098194619,-0.001658674615687114,-4.63524047518149e-05,-4.305928541725734e-06,-7.6133994757144525e-06,-0.016584440470685895,-0.0002611847098111807
349,0.9114409917563893,0.4285833940303234,0.09999999541250625,-2.0424160757687088e-07,-0.0002749155772188614,-0.0017960137098923436,-4.3647403799695894e-05,-6.972200935706496e-06,-4.505876410324725e-05,-0.01798926985249938,-0.0002686854150842221
350,0.9132820126201111,0.4339367347526547,0.09999999765111015,-1.0050717184843861e-07,-0.00023958991807971605,-0.0018625726658720095,-3.5571287298807874e-05,-5.3525229304796085e-05,-1.6640626848109247e-05,-0.01964889818357816,-0.00027652143696304973
351,0.9164494302279739,0.4385921678324858,0.09999999922877917,-2.308713711458068e-08,-0.0002132022417090351,-0.0019526668656994787,-4.087731576873921e-05,-8.783416706137359e-05,-1.764277109094908e-05,-0.021611548308892416,-0.0002844835043987607
352,0.9194039577649507,0.44488883028496773,0.0999999998670944,-5.227316661792853e-10,-0.00017899477408862976,-0.0020547227474333536,-4.154723137617111e-05,-5.168049392523244e-05,-1.9824279975377533e-05,-0.023945323743672982,-0.0002923922163184845
353,0.9222656603575797,0.45196804754717324,0.09999999999600943,-5.097334299245708e-09,-0.00014149492108998934,-0.002162264572628959,-4.15312206314411e-05,-4.480167262954637e-06,-2.287236574762273e-05,-0.026728183837793823,-0.0003000814645761048
354,0.9249834193123638,0.45924803445095413,0.09999999981520359,-2.322601487075094e-08,-0.00011051051906479093,-0.002272459982672865,-3.995062434114516e-05,-5.28454756931751e-06,-2.6501359488308868e-05,-0.030062903227860344,-0.0003074499043311141
355,0.9275732774071389,0.4662999483878252,0.09999999943735664,-4.931325625528251e-08,-8.560292267176016e-05,-0.0023840968597484418,-3.8980881072347984e-05,-4.9880331971507985e-06,-3.056381364220124e-05,-0.03408173479929248,-0.0003144165867010071
356,0.9300541753546199,0.4729076795691656,0.09999999893017641,-7.919217396524742e-08,-6.531991135959599e-05,-0.002496594887569753,-3.818063123617321e-05,-4.739728865388315e-06,-3.497124935857119e-05,-0.03895485667368537,-0.0003209102220366913
357,0.9324380263613168,0.47891831152966535,0.09999999833510857,-1.0985717102540236e-07,-4.8880380799384714e-05,-0.002611999744008821,-3.758028833544813e-05,-4.169562998868059e-06,-3.978921027983412e-05,-0.04490444704901053,-0.0003268602378867414
358,0.9346755848530117,0.48420252134054187,0.09999999768219538,-1.4217424676712058e-07,-3.52538552627471e-05,-0.002730291416592263,-3.7099023757036775e-05,-4.019338120997418e-06,-4.492960796023527e-05,-0.052220497405711136,-0.00033219532288899996
359,0.9367663329631242,0.4887471149717055,0.0999999969981386,-1.747793527711909e-07,-2.4640811106970174e-05,-0.002843706051722595,-3.6755063774762675e-05,-3.585995500543504e-06,-4.98491995296291e-05,-0.061259706609988834,-0.0003368939028781082
360,0.9389007947422927,0.4925920462565248,0.09999999628855676,-1.9625820621230578e-07,-1.7862171066210553e-05,-0.0029570940305653315,-3.652762097772211e-05,-3.3229252949240617e-06,-5.502086298896115e-05,-0.07245829503508759,-0.00034095739538499056
361,0.9409564654262319,0.4956110987967693,0.09999999554598092,-2.1317558446433491e-07,-1.3511748508870687e-05,-0.003070618303757226,-3.6221528716851026e-05,-3.89562637792551e-06,-6.029980908529775e-05,-0.08635013023315069,-0.00034436472766058933
362,0.9429346300319549,0.49781358845359563,0.09999999477372137,-2.2573412669846092e-07,-1.1352645365211569e-05,-0.003183988356343805,-3.636887049651705e-05,-3.4525110095273703e-06,-6.568379975702332e-05,-0.10354301400320254,-0.0003471034868903423
363,0.9448279595149237,0.4992338301260109,0.09999999397435122,-2.334346557816128e-07,-1.1178059059748522e-05,-0.003296984097958971,-3.641692455857992e-05,-2.7763865091401385e-06,-7.114189335725967e-05,-0.12466465863995942,-0.00034917189661935944
364,0.9466384034073702,0.4999177907027046,0.09999999314035307,-2.3687738560951988e-07,-1.2796310759325276e-05,-0.0034125929711926106,-3.647468474810012e-05,-2.59514786193904e-06,-7.687855371126913e-05,-0.15026796462859013,-0.0003505618153710235
365,0.948300548243273,0.4999078212961492,0.09999999226578339,-2.366935759842134e-07,-1.6269165438063053e-05,-0.0035244285577064583,-3.645085234893486e-05,-2.3496047560911393e-06,-8.223298502143598e-05,-0.1806460601856855,-0.0003512870161721525
366,0.9499508144084897,0.49926275426478606,0.09999999134442648,-2.3306297847897638e-07,-2.0913172215400534e-05,-0.0036360020626955607,-3.678174107335508e-05,-2.127074594682199e-06,-8.761785276880511e-05,-0.2156405781187447,-0.0003513811863953415
367,0.9515213678032648,0.49805156715086046,0.09999999036973489,-2.264780739795762e-07,-2.6784150052618984e-05,-0.003747224228276429,-3.6965826438972726e-05,-2.413866468486958e-06,-9.251905252042731e-05,-0.2545479517817896,-0.000350864447417459
368,0.9530159780503463,0.4963355884515188,0.09999998938667974,-2.1721298707760474e-07,-3.362622322761215e-05,-0.0038566005920376988,-3.724627094925381e-05,-1.9100245935987914e-06,-9.765409871534175e-05,-0.29614922641795943,-0.00034976158908819535
369,0.9544073750213227,0.4941973751882907,0.09999998837752012,-2.0447166635837862e-07,-4.1345286041122264e-05,-0.003964536419716023,-3.748339440790005e-05,-1.7368942053508363e-06,-0.00010272846073116516,-0.33892345176650024,-0.0003481009447767466
370,0.9557032925040113,0.4917006779608479,0.09999998730506686,-1.900556144668982e-07,-4.9742480145314776e-05,-0.0040711866351250325,-3.755394573090598e-05,-1.7133945675595896e-06,-0.00010767869826391717,-0.38135569034712846,-0.00034591446723142787
371,0.9569071403258654,0.488910280055508,0.09999998614863925,-1.7513534532919244e-07,-5.863026829517402e-05,-0.0041766849608535946,-3.770615512621589e-05,-1.5306338809750741e-06,-0.00011247611718498293,-0.4221944696367632,-0.0003432355090234502
372,0.9580195079794347,0.48588384943344914,0.09999998489791599,-1.6006581060602957e-07,-6.796396872671342e-05,-0.004281092427774023,-3.796829332713969e-05,-1.4279495417213184e-06,-0.00011710085870005125,-0.4605786055602426,-0.0003400982911468595
373,0.9590393625330297,0.4826745544472302,0.09999998354825715,-1.4498956807601536e-07,-7.771829217930072e-05,-0.00438440820232458,-3.828718399745412e-05,-1.3320469633981702e-06,-0.00012154239074096082,-0.4960347678090651,-0.00033653778750807636
374,0.959965069532258,0.47933098792930157,0.09999998209829349,-1.3006210628567216e-07,-8.784330350781542e-05,-0.0044865725361789436,-3.86260544473771e-05,-1.2353178817647859e-06,-0.0001257751835995088,-0.5284000550228527,-0.0003325898818941017
375,0.9607948941462661,0.47589730321171525,0.09999998054859095,-1.1535850578721691e-07,-9.828931080855479e-05,-0.004587529961437265,-3.8981892430456355e-05,-1.1476113286335021e-06,-0.00012980424154335958,-0.5577242612960912,-0.0003282914016486654
376,0.9615270298507566,0.47241290910181905,0.09999997890090519,-1.0104893579733824e-07,-0.00010897901797920583,-0.004687203495181758,-3.932060644729063e-05,-1.0574683528830064e-06,-0.00013361704234894674,-0.5841836149891072,-0.0003236798503554997
377,0.9621598149499474,0.4689130714003932,0.0999999771577863,-8.725853320231411e-08,-0.00011984293248645055,-0.004785525056145159,-3.966081203543581e-05,-9.847670980889234e-07,-0.00013720606644917907,-0.6080173681974929,-0.0003187932428214796
378,0.9626917625679235,0.4654287218272931,0.09999997532228348,-7.41008494076354e-08,-0.00013082162388292187,-0.004882425889961475,-3.999426553491503e-05,-9.130935154644249e-07,-0.00014056541236853303,-0.629486229591476,-0.00031366977459972327
379,0.9631216272074243,0.46198707071194683,0.09999997339777073,-6.168247755450472e-08,-0.0001418646525792697,-0.004977836414976463,-4.031942808069289e-05,-8.470795478388027e-07,-0.0001436890905788115,-0.648847668438121,-0.00030834769075066754
380,0.963448403360631,0.4586115317992462,0.0999999713879023,-5.010939434874103e-08,-0.00015292592574330506,-0.0050719137106967705,-4.063660526298918e-05,-7.862421398385777e-07,-0.00014650003023223765,-0.6663431400014391,-0.0003028652894939702
381,0.9636737228368701,0.45531366374478877,0.09999996930657451,-3.9522005685322625e-08,-0.00016393604320030057,-0.005163848167327391,-4.094759788131341e-05,-7.167157036747085e-07,-0.0001491830108510883,-0.6821901352714369,-0.00029726006648468043
382,0.963789856251943,0.45213627810078444,0.09999996715501507,-2.9844240738329215e-08,-0.00017491885475756928,-0.005253738224777772,-4.124690531170927e-05,-6.763961550859676e-07,-0.00015179775384256087,-0.6965840230994974,-0.0002915697297975548
383,0.9637973351598726,0.4490924866037644,0.0999999648909829,-2.1417006898686738e-08,-0.0001858525336184118,-0.005342007038189275,-4.149281085119583e-05,-7.034201985334221e-07,-0.00015433071627497452,-0.7096956014244034,-0.0002858306871208126
384,0.9636992432152468,0.4461847663008284,0.09999996247478539,-1.4471771338980354e-08,-0.00019671906225794715,-0.005429283773846175,-4.1783900087466463e-05,-6.922600732650608e-07,-0.00015653500657043966,-0.7216751981722922,-0.0002800790071243533
385,0.9635002506680385,0.44339554171644063,0.09999995992194663,-9.024092404243996e-09,-0.0002075403538732305,-0.005515430402276564,-4.216247543809004e-05,-6.524831519527652e-07,-0.00015850285230395228,-0.7326541807171499,-0.00027435082538686023
386,0.963198751030439,0.4407302326674857,0.09999995726259969,-4.872020639609182e-09,-0.00021842321319251026,-0.005602427152126785,-4.261546928319149e-05,-6.019294005454867e-07,-0.0001595834648908639,-0.7427487895916518,-0.00026868290147767995
387,0.9628102654766273,0.43810497639067,0.09999995461398803,-1.9823043604336884e-09,-0.00022918792446854878,-0.00568627563634771,-4.305337279220112e-05,-4.532180071237235e-07,-0.0001605462099668908,-0.7520529231390775,-0.0002631101958888419
388,0.9623093088358126,0.43565669317340416,0.0999999521023519,-2.5011123775012816e-10,-0.00023994829403985028,-0.005767189011400247,-4.336636993684806e-05,-3.228347793537978e-07,-0.0001615694047634902,-0.7606548701059584,-0.00025766940733032347
389,0.9617002635306983,0.43337912760014946,0.09999994962913317,-2.2773122444981705e-10,-0.0002504512470368369,-0.005843783353476079,-4.337317659519613e-05,-4.791559717887139e-07,-0.00016295070235519484,-0.7686241400619013,-0.0002523928749531869
390,0.9609778002314421,0.4313478172461688,0.09999994706230171,-2.1955199959738414e-09,-0.00026060250490830535,-0.005919797832119717,-4.3362622818676755e-05,-5.632113015963114e-07,-0.00016397495531175304,-0.7760289375236593,-0.0002473119695364045
391,0.9601639532558774,0.42943320906540905,0.09999994430505159,-5.8415297700845095e-09,-0.0002702860134678652,-0.005995389445585859,-4.3531843402888626e-05,-5.6174536666731e-07,-0.0001645404341056356,-0.7829240909992782,-0.00024245654582755186
392,0.9592586650655219,0.42762692200982744,0.09999994147116936,-1.1049574127338904e-08,-0.00027977951149151393,-0.006070368300769046,-4.397567317937501e-05,-3.912061004029965e-07,-0.00016425117198242764,-0.7893625710796516,-0.00023785852045284008
393,0.9582622255473355,0.42590152887505417,0.09999993875459304,-1.8157285305127863e-08,-0.0002892660750954558,-0.006142501713347047,-4.4388987589627504e-05,-2.7679521963364095e-07,-0.0001642550446519313,-0.795388063357278,-0.000233550740592885
394,0.9571658670181813,0.4243440841910023,0.09999993614671283,-2.79531500468333e-08,-0.00029876056562485334,-0.006212211983723053,-4.458373587112874e-05,-2.182237892611738e-07,-0.00016373732604836217,-0.8010380796532207,-0.00022956339273937112
395,0.9559772171066601,0.42292483233587413,0.09999993366872373,-4.0471327924373455e-08,-0.00030788551100256566,-0.006278016114244821,-4.45693003712222e-05,-2.694469571906666e-07,-0.00016361582280166676,-0.8063462317783762,-0.00022592420255904117
396,0.9546928062873375,0.4217207336564166,0.09999993120890315,-5.597780148555611e-08,-0.00031663587342113566,-0.0063409997757647085,-4.4570042518898845e-05,-2.8673579777205305e-07,-0.00016351493966787627,-0.8113413917691447,-0.00022265874321537106
397,0.9533189046898374,0.42069259727780545,0.09999992864801864,-7.38052516400769e-08,-0.000325053666247303,-0.006404203871866913,-4.464533049031161e-05,-3.780969848321547e-07,-0.00016281867990882102,-0.816052229801398,-0.00021979188090792917
398,0.9518678184526884,0.4197245669477369,0.09999992602594629,-9.316708361598167e-08,-0.00033305039338957633,-0.006465165716439576,-4.4868844270240515e-05,-2.6516636353335343e-07,-0.00016181141937816738,-0.8205012044858769,-0.00021734979485184925
399,0.9503322265619679,0.41889172947867664,0.0999999235128663,-1.1559918635765912e-07,-0.0003410329243181555,-0.006523695061454237,-4.517715933616273e-05,-1.706939087853243e-07,-0.00016084092276513867,-0.8247120885373012,-0.00021535965942455455
400,0.9487142356774089,0.41818948366154163,0.09999992107049215,-1.4151157373511474e-07,-0.0003490270363035825,-0.006580183265982062,-4.532120146905072e-05,-1.8527458678363473e-07,-0.00015976061920519558,-0.8287028625101294,-0.00021384795889424897
401,0.9470193341647325,0.4176065644898711,0.09999991867681557,-1.70630026705812e-07,-0.00035678157849351093,-0.006634416369648077,-4.537499989964999e-05,-1.7429884735520318e-07,-0.00015830863507520614,-0.8324908510229595,-0.00021283779525161246
402,0.9452505855179126,0.4171401469995606,0.09999991639023208,-2.0309804235261074e-07,-0.00036424353797422787,-0.00668531406599651,-4.544274270301685e-05,-1.4442736073760898e-07,-0.00015719605050888263,-0.8360915329919316,-0.0002123520949012189
403,0.9434075891810397,0.4168370717608957,0.09999991412170732,-2.3937375247218504e-07,-0.00037159545370214455,-0.006733691448165712,-4.552946120384149e-05,-1.8460171702372463e-07,-0.00015632471928689567,-0.8395174919231775,-0.00021241471419884727
404,0.9414947423483769,0.4166701586259561,0.09999991174010424,-2.783542325453186e-07,-0.00037886073557732297,-0.006782985278566969,-4.565215203911066e-05,-2.6873655656345363e-07,-0.00015445175022581268,-0.8427833686184072,-0.0002130464390814299
405,0.9395219671400562,0.41649058083460505,0.09999990939911652,-3.186738073353359e-07,-0.00038577709575323847,-0.006829630914606088,-4.583623740472831e-05,-1.784363945489531e-07,-0.00015266070638068533,-0.8459000344155115,-0.0002142713666879739
406,0.9374844415965244,0.4164232223755685,0.09999990724299411,-3.6406253470463006e-07,-0.0003927847295013687,-0.00687378667061974,-4.603969136951491e-05,-9.459851213478032e-08,-0.00015091156931450818,-0.8488785225433081,-0.00021611334326542654
407,0.9353867627806849,0.4164467778735316,0.099999905215306,-4.146066817595802e-07,-0.00039979439194559125,-0.006915603885198296,-4.6051645767875016e-05,-1.1770190866400299e-07,-0.00014910732293123716,-0.8517276603099696,-0.00021859466222188943
408,0.933234356208789,0.41656301937410256,0.09999990328650166,-4.696203824286517e-07,-0.00040653207698081195,-0.006955204992970877,-4.5982658775756136e-05,-1.224231738206072e-07,-0.00014723855508182437,-0.85445599904624,-0.00022173334845988616
409,0.9310307742699989,0.41676349334958174,0.09999990144452742,-5.289533921255226e-07,-0.00041297376797997943,-0.0069926983826883666,-4.5960281568113714e-05,-1.1309224134947726e-07,-0.0001453073094386393,-0.8570713884831491,-0.00022554729529940785
410,0.92877891038085,0.4170395203722623,0.09999989968640766,-5.927485975987595e-07,-0.0004192030950154216,-0.007028154839258528,-4.596262806444429e-05,-1.0950088835670613e-07,-0.00014331833877890456,-0.8595810292091163,-0.00023005480739087355
411,0.9264818465838605,0.417383990597494,0.09999989801369424,-6.61184142855491e-07,-0.000425270929928433,-0.007061623936941832,-4.5964523451402783e-05,-1.0643639569707375e-07,-0.00014127308529417382,-0.8619915336952207,-0.0002352742161885439
412,0.9241428376363102,0.4177901970354895,0.09999989643137333,-7.344714814724241e-07,-0.0004311984315144174,-0.007093116917099677,-4.595648351823911e-05,-1.0287912743933703e-07,-0.0001391833948686915,-0.8643089690781163,-0.00024122357868079842
413,0.9217652122573224,0.4182530858286909,0.09999989494443935,-8.128438468161548e-07,-0.00043699350992797246,-0.0071226556340540335,-4.5932898501632735e-05,-9.88757662412354e-08,-0.00013705387365787257,-0.8665389094777366,-0.0002479204504411581
414,0.919352378804085,0.41876721423417207,0.0999998935574554,-8.965262324976456e-07,-0.0004426533797767828,-0.007150255318083835,-4.58912763861008e-05,-9.610610618437931e-08,-0.00013488993392205624,-0.8686864881937159,-0.00025538174013230337
415,0.9169077450390798,0.41932766836514784,0.09999989227478845,-9.857384609542458e-07,-0.0004481717646821494,-0.007175929062568194,-4.58314098068513e-05,-9.38034432351742e-08,-0.00013269672006284878,-0.8707564387373744,-0.00026362365686171784
416,0.9144346891306971,0.4199297627279899,0.09999989110042662,-1.080697833191634e-06,-0.00045354279319398866,-0.007199693785185063,-4.57529240520671e-05,-9.25005210206109e-08,-0.00013047884107033768,-0.872753132262327,-0.00027266171517343956
417,0.911936578023102,0.4205690276692802,0.09999989003778406,-1.1816698962764236e-06,-0.0004587619184205731,-0.007221568795434698,-4.565580820781179e-05,-9.102009812522738e-08,-0.0001282439265432895,-0.8746806118711146,-0.00028251065834533395
418,0.9094167362116418,0.42124127763760816,0.09999988908964379,-1.2888500584656133e-06,-0.000463818563693899,-0.007241569547773939,-4.553855978883803e-05,-9.219688479333854e-08,-0.00012599288911353349,-0.8765426197083214,-0.0002931844641580208
419,0.9068784157439304,0.42194251701589913,0.09999988825818944,-1.4025112501486736e-06,-0.00046871095889105196,-0.0072596734283634536,-4.540642839856446e-05,-9.183204952023516e-08,-0.00012373096772716306,-0.878342630621178,-0.0003046964316189798
420,0.9043248151704424,0.42267030028792596,0.09999988754501017,-1.522898019499227e-06,-0.0004734402061110952,-0.007275853358209817,-4.525580879999325e-05,-9.38516748760776e-08,-0.00012150912302571916,-0.8800838225484162,-0.00031705941268147245
421,0.9017590703110401,0.4234238508258867,0.0999998869373512,-1.6501857075882993e-06,-0.000478013768124504,-0.00729034113497297,-4.509150312514976e-05,-9.693440006230958e-08,-0.00011925870137536671,-0.8817691951068016,-0.000330285286958214
422,0.899184156167674,0.4241919190741465,0.09999988643816526,-1.7842150488274266e-06,-0.00048240215848357603,-0.0073031231306083366,-4.4912925659446046e-05,-1.0123910954007442e-07,-0.00011700049240507267,-0.8834015877240111,-0.00034438511088785115
423,0.8966029913011729,0.4249722065293506,0.09999988605533143,-1.925498907325692e-06,-0.0004866209542108565,-0.007310415276066031,-4.472527507459745e-05,-9.814546331199381e-08,-0.00011473048866714009,-0.884983636778708,-0.00035936944194693126
424,0.8940194078191528,0.4258755901373199,0.0999998857977662,-2.074989259582445e-06,-0.0004910940152761847,-0.007282083293508575,-4.462818833417259e-05,-1.9172168208569929e-07,-0.00011987088673048554,-0.886507473161855,-0.0003753179506147715
425,0.8914460236575563,0.42786232536862884,0.09999988365059115,-2.2319469266226225e-06,-0.0004996987687036884,-0.007235263092598383,-4.592725963448174e-05,-4.952393283019774e-06,-0.0001203535159857374,-0.8879288570374086,-0.00039243050074063443
426,0.8888218940582212,0.43071821691407775,0.09999987507911683,-2.3111657738210454e-06,-0.0005162545173086064,-0.007203118509347292,-5.131382931722328e-05,-2.8756507163052447e-05,-0.00017752333981030003,-0.8893004470611852,-0.0004108216693910618
427,0.8860229167685528,0.4349195756107022,0.09999985143774301,-2.2025223000850786e-06,-0.0005497620546735466,-0.007199273273142205,-6.822089198976755e-05,-0.00011362594523234293,-0.0001827201310294299,-0.8906009308434983,-0.00043094718279598586
428,0.8830742232217506,0.4395082415625165,0.099999814477386,-1.7144484600088503e-06,-0.0005890975455610443,-0.007208952579288958,-9.498809231445193e-05,-0.0001868855906650424,-0.00018977875927140398,-0.8917892538767078,-0.0004535916760744654
429,0.8799321137694918,0.4423699199553124,0.09999977514056627,-1.281561247600824e-06,-0.0006564645996822372,-0.007220511131086842,-0.00011314791481709108,-0.00012918503489345312,-0.0002086988106728153,-0.8930114692237716,-0.00047917069905225543
430,0.876588741034837,0.44272011433476954,0.0999997321365404,-9.730455135205431e-07,-0.0007564460920552996,-0.007209983360386082,-0.00012524380872491747,-2.8230249881744385e-05,-0.000239144086223534,-0.8941639345760897,-0.0005086873731561937
431,0.8731964639526512,0.4419900707498972,0.09999967330507563,-7.117141585267249e-07,-0.000880500768637234,-0.00725317691044852,-0.00014075708168093115,-4.736374830827117e-05,-0.00026182729791636975,-0.8952545987154535,-0.0005425180710419406
432,0.8697364188099241,0.4417923219574619,0.099999592693667,-3.685925334861185e-07,-0.0010159943575162515,-0.007368268001061299,-0.00016360463632736355,-6.918426515767351e-05,-0.0002976572212801203,-0.8963417307210213,-0.0005806017826350097
433,0.8661868146141196,0.4414153353517698,0.09999950237067343,-8.356070882895412e-08,-0.001159998141021739,-0.007414895480536823,-0.000178838730789721,-3.966418080381118e-05,-0.0003056625973716202,-0.8973742065929038,-0.0006239182451076163
434,0.8627166715085756,0.4384446636008306,0.09999939316265864,-7.064914641570345e-10,-0.0013330247749212482,-0.007566534938805746,-0.0001935605687322095,-7.459281187038869e-05,-0.00037732221408006333,-0.8983882594195056,-0.0006725178047073669
435,0.8590502935768074,0.435594091482537,0.09999926880142945,-1.2222004684600018e-07,-0.0015159791731351648,-0.0076917183359591496,-0.00020693938131444156,-8.031744073377922e-05,-0.0004585447719279445,-0.8993571657655969,-0.0007273479920435335
436,0.8556255759706615,0.43115875208215476,0.0999991173515556,-5.050685594795635e-07,-0.0017025093902166566,-0.007869464623954308,-0.00021095982810948044,-5.260105535853654e-05,-0.000519652014971088,-0.9003014846101461,-0.0007882390055067619
437,0.852218166398331,0.4263081800518131,0.09999893494248226,-1.2996490294940022e-06,-0.0018906147995536799,-0.008197961975435266,-0.0002174781693611294,-6.472429231507704e-05,-0.0005357111323169943,-0.9012299344726012,-0.0008548870175939131
438,0.8487359441310773,0.4212673339728964,0.0999987400734694,-2.8402623722713644e-06,-0.0020522636943246,-0.008392834574962068,-0.00021292459859978408,-6.254336040001363e-05,-0.0004628160511093874,-0.9021362168494452,-0.0009279412528746687
439,0.8458546177029561,0.4124713571132691,0.09999851693587151,-4.5699495402525045e-06,-0.00219936545910079,-0.008718070229096169,-0.00021234378800727427,-0.00013035901065450162,-0.0007671037909084416,-0.9030200672450779,-0.0010071474947539758
440,0.8429895314965447,0.4038202950213712,0.09999824917807845,-7.314541159117191e-06,-0.002329208333283278,-0.009138617770853171,-0.00020796437456738204,-0.00020026398124173284,-0.0008598455389953223,-0.903885604951219,-0.001091912041106058
441,0.8405257846218739,0.3954356962428504,0.09999793952139215,-1.1189115997243268e-05,-0.002401956406450756,-0.009665166576618988,-0.00019587934366427362,-0.00021613395074382424,-0.000965617015672297,-0.9047336703494984,-0.0011812609792419594
442,0.8384842051551027,0.38627341694860245,0.09999758554803169,-1.652086679199027e-05,-0.0024096277086582255,-0.010296749516484596,-0.00019075514865107834,-0.0002962747239507735,-0.0005270077864083605,-0.9055668762929712,-0.0012738380462771262
443,0.8370794609825815,0.37636426967258557,0.09999718039912459,-2.3456163374142703e-05,-0.0023440093700038784,-0.0111144724584373,-0.00019196842913515866,-0.00042282656067982316,-0.0005308092350361334,-0.9063875101351297,-0.0013680414248812096
444,0.8363377438915693,0.3662618740284563,0.09999671518348778,-3.2798625412115535e-05,-0.002191983809968293,-0.011655631145340187,-0.00020986756135243922,-0.0006121405749581754,-0.0013137669670990255,-0.9071889493642898,-0.0014612888098870318
445,0.8347480341847999,0.360376358292992,0.09999618957323775,-4.6723172692425836e-05,-0.0019223546679370223,-0.010317198396873065,-0.00023332613636739552,-0.0005216067656874657,-0.0004492917082282712,-0.9081325760874963,-0.001546208147272998
446,0.8255629468152511,0.37325247146563406,0.09999603411943372,-7.083307918605029e-05,-0.001562535880697614,-0.009729858631345366,-0.00017594514065422118,-0.001460800995118916,-0.00031363522281525636,-0.909279932980568,-0.0016224234155192308
447,0.8169255812656225,0.3774942468724844,0.09999634433418289,-8.365364186830664e-05,-0.0013779344321199931,-0.00954538996264433,-0.00019230034376960248,-0.0021360686514526606,-0.0002337212474514691,-0.9105264246866848,-0.001694452725185611
448,0.8085476334086718,0.37727740395837855,0.09999692754457194,-8.452187159643359e-05,-0.0013742314424669646,-0.009567814873726372,-0.00016138420323841274,-0.0031373314559459686,-0.00019159825086735867,-0.9118267602935286,-0.0017681290454441597
449,0.8011137981670107,0.37231407058988647,0.0999976169859429,-7.581921359104879e-05,-0.001477581664800745,-0.009673987675632247,-0.00014777244359720498,-0.0008311271667480469,-0.00016776155427806043,-0.9131440894528158,-0.0018465229816982094
450,0.7950065528921232,0.3643801461355352,0.09999829245442908,-6.21032345907123e-05,-0.0015835023707250783,-0.009793600409942338,-0.00011938818352064118,-0.0003553133283276111,-0.00015319313989394483,-0.9144549567820802,-0.0019298814555699438
451,0.7902455683217867,0.3548052146088403,0.09999888061356414,-4.6844320870178396e-05,-0.0016487000090496596,-0.00989096951271534,-8.589728531660512e-05,-0.00026868077111430466,-0.00014320321165920994,-0.9157454520510436,-0.0020172222669588703
452,0.7866888696798378,0.3447021671256353,0.09999934526290714,-3.2346543230501846e-05,-0.001659585270665972,-0.00994973706156565,-5.665068601956591e-05,-0.00022738243569619954,-0.0001353535786428658,-0.9170077075921731,-0.0021071064126347515
453,0.7841413428503997,0.3350467864255945,0.09999967685532446,-2.0023796072378978e-05,-0.0016181392647494092,-0.00996453133516394,-3.431946242926642e-05,-0.00019613257609307766,-0.00012840048923922666,-0.9182376457034119,-0.002197921296630337
454,0.7824166853470637,0.3266037308518217,0.0999998833020291,-1.0613140479034567e-05,-0.0015305799554538588,-0.009936959497158894,-2.006393697229214e-05,-0.00015532934048678726,-0.00012174601817785516,-0.919433481862712,-0.002288021726576641
455,0.7813399347762859,0.3198456574703179,0.09999998249547264,-4.2982260470835606e-06,-0.0014079438969081663,-0.009872555298388236,-1.274188980460167e-05,-0.00010542284144321457,-0.00011512393798592208,-0.9205948137394877,-0.002375906352093394
456,0.7807482957176175,0.31498272125552257,0.09999999671709242,-8.936517076162265e-07,-0.001264148101931689,-0.0097784966077464,-9.929734005709179e-06,-6.05916247877758e-05,-0.00010845058341699167,-0.9217220709162067,-0.0024603587601762875
457,0.7804972382286441,0.31203926474586613,0.0999999488509488,-1.2407826197106675e-08,-0.0011127757559309935,-0.009668202871783963,-9.355254405818414e-06,-2.954517003672663e-05,-0.00010164623523614553,-0.9228164360846336,-0.0025403243624215347
458,0.7805608561895746,0.3089841505006789,0.09999986064428315,-1.3536182570575011e-06,-0.0009558925431671423,-0.009535134946021139,-9.366184713144321e-06,-1.1904920029337518e-05,-9.493548262612525e-05,-0.9238790755697868,-0.0026152825814252296
459,0.7806469001316436,0.3097687075652902,0.09999975079940071,-4.2007621204182686e-06,-0.0008192143493006239,-0.009399358465542974,-9.864049388852436e-06,-7.149441898945952e-06,-8.822831960964158e-05,-0.9249111709040738,-0.0026850087789246843
460,0.7809081365884081,0.31046234966595987,0.09999963433555772,-8.605906056229643e-06,-0.0006891066143746702,-0.009250906131395745,-1.0241923519060947e-05,-5.278616299619898e-06,-8.168686526303837e-05,-0.9259141284771266,-0.002749548397073149
461,0.7810592072064412,0.3141389955842257,0.09999952252945539,-1.3315599867924602e-05,-0.0005839432130758559,-0.009100293418750518,-1.046302350005135e-05,-5.634392437059432e-06,-7.532824337116314e-05,-0.9268891406412445,-0.002809343575007914
462,0.7811838945881644,0.3188479885645007,0.09999942194353394,-1.8384228284456858e-05,-0.0004939914647839787,-0.008950819546768286,-1.125148992286995e-05,-1.0357762221246958e-05,-6.921460502439901e-05,-0.9278375508057745,-0.00286476830694281
463,0.7812657050523268,0.3243716957209474,0.09999933735251074,-2.3573135993432216e-05,-0.0004191200016486496,-0.008802913378904357,-1.1591471775318496e-05,-7.915026799309999e-06,-6.337779920011865e-05,-0.9287606129610592,-0.0029162885524570796
464,0.7812872939010358,0.3305371491135538,0.09999927128742511,-2.8669348325081435e-05,-0.0003568698324100535,-0.008658334728519424,-1.2506317943916656e-05,-1.0194262358709238e-05,-5.7850813768049714e-05,-0.929659490189324,-0.0029643999843842334
465,0.7812520515121184,0.3371561604988006,0.09999922451337602,-3.353791408260558e-05,-0.0003058252186340041,-0.008517721670309418,-1.3722882613365073e-05,-1.0272097824781667e-05,-5.2656704845803365e-05,-0.9305352707867501,-0.003009623577836482
466,0.7811637056987828,0.3440770682161838,0.09999919651478158,-3.807903435805368e-05,-0.0002643274897002807,-0.008381403834589907,-1.5204383089439943e-05,-9.694597792986315e-06,-4.7801032037580215e-05,-0.9313889618656717,-0.003052471736775451
467,0.7810297686624659,0.35116698025268855,0.09999918587444026,-4.222849985595042e-05,-0.00023088226129167126,-0.008249466348485706,-1.687882286205422e-05,-8.796368092589546e-06,-4.3285034198897406e-05,-0.9322214979649872,-0.003093431947973834
468,0.7808595093224813,0.3583126835002912,0.09999919060407164,-4.595174880739675e-05,-0.0002042269479452396,-0.008121843746034198,-1.867773971753195e-05,-7.728875061729923e-06,-3.9104268152544566e-05,-0.9330337434599958,-0.003132957110302837
469,0.780663602877592,0.3654170937447618,0.09999920840934481,-4.923714911628894e-05,-0.00018331015874488017,-0.007998364482627154,-2.052913259831257e-05,-6.616860446229111e-06,-3.524918170757336e-05,-0.9338264988262979,-0.003171459305785603
470,0.7804529720220863,0.3724008421842991,0.09999923689346121,-5.2090429108854086e-05,-0.0001672678567385408,-0.007878795480567077,-2.2367756173480302e-05,-5.5420118769689e-06,-3.170691823546753e-05,-0.934600507152182,-0.003209306969579088
471,0.7802384713717267,0.37920030064419014,0.0999992737061618,-5.452982624766084e-05,-0.0001553864515504697,-0.007762873228789236,-2.414240407233592e-05,-4.5682436393690296e-06,-2.846229798018873e-05,-0.9353564598785091,-0.003246824214143079
472,0.7800304958807386,0.38576608629888787,0.09999931664668678,-5.658233421988607e-05,-0.00014707388581938275,-0.007650323440566368,-2.5812261810642667e-05,-3.7115269151399843e-06,-2.54982828112023e-05,-0.9360950026266521,-0.0032842918230184493
473,0.7798387352253979,0.39206158979126626,0.09999936372904485,-5.8280292348171e-05,-0.00014182809574052023,-0.007540874248700989,-2.7349406082066707e-05,-2.9853965770598734e-06,-2.279676048688568e-05,-0.9368167412092969,-0.003321949285111961
474,0.7796719534220486,0.39806126729843033,0.09999941321741102,-5.965886343181313e-05,-0.00013921673818316374,-0.007434264928153258,-2.8737729735439643e-05,-2.3863435671955813e-06,-2.0339723875327582e-05,-0.9375222463243962,-0.003359997900008674
475,0.7795379156013243,0.4037491109029504,0.09999946363905236,-6.075428566751986e-05,-0.0001388630610811613,-0.007330177617895186,-2.9968574381200597e-05,-1.896504841170099e-06,-1.811148330590956e-05,-0.9382120532122677,-0.0033986043676394965
476,0.7794438430719037,0.40911659850986126,0.09999951378304674,-6.160279480647493e-05,-0.0001404321645220992,-0.007228091686942764,-3.10397008433938e-05,-1.5040983498693095e-06,-1.6109750106160563e-05,-0.9388866462726977,-0.0034379047467717506
477,0.779397331186238,0.41416038985051096,0.0999995627042886,-6.223991967860944e-05,-0.00014362726005638895,-0.007127661687419753,-3.1957031751517206e-05,-1.1954928140767151e-06,-1.4320394389558755e-05,-0.9395464672371843,-0.0034780081809153082
478,0.7794039135785902,0.4188842023620637,0.09999960969852399,-6.269637505938798e-05,-0.00014818327976517218,-0.007028734413740431,-3.2735919376136735e-05,-9.591418574927957e-07,-1.2722537536390063e-05,-0.9401919269867385,-0.003519000901049977
479,0.7794670696954955,0.42329745820748405,0.09999965425016798,-6.299880505962702e-05,-0.00015386403458154783,-0.006931273317610431,-3.339557224535383e-05,-7.887874176049081e-07,-1.1293728046349643e-05,-0.940823430194858,-0.0035609496857249012
480,0.7795887913104734,0.42741229524766744,0.09999969599339843,-6.317103576235202e-05,-0.000160457662098375,-0.006835307509619268,-3.395206294953823e-05,-6.615350685024168e-07,-1.0013161231656832e-05,-0.9414413826474125,-0.003603904883865731
481,0.7797701346059039,0.4312425059860516,0.09999973468496283,-6.32347710036184e-05,-0.00016777063355930905,-0.006740890192341861,-3.4416982089169323e-05,-5.609489903690701e-07,-8.861916620454962e-06,-0.9420461921401254,-0.0036479029756742664
482,0.7800115978060078,0.4348027736497292,0.09999977018442709,-6.321084952069217e-05,-0.00017562912180730194,-0.006648082839880011,-3.4791311918525025e-05,-4.738805614579178e-07,-7.82408360707909e-06,-0.9426382665162869,-0.003692967831968613
483,0.7803135475752123,0.4381081125074456,0.09999980243853461,-6.311835404061556e-05,-0.00018385963091887162,-0.006556933918296065,-3.5069886507699266e-05,-3.9899376247376495e-07,-6.886547733220115e-06,-0.9432180113000599,-0.0037391105564764265
484,0.7806763094803684,0.4411740172584233,0.09999983146766545,-6.297485761309016e-05,-0.00019228905771390644,-0.0064674753255197365,-3.5252243833383545e-05,-3.3471852134425717e-07,-6.0386789450117116e-06,-0.9437858263026275,-0.0037863294950839085
485,0.7811002355858766,0.44401586264577375,0.0999998573535486,-6.279636589460964e-05,-0.0002007484138110253,-0.006379715842186741,-3.5338656743988395e-05,-2.828768970175588e-07,-5.27192059974383e-06,-0.9443421024925689,-0.0038346106350705175
486,0.7815856311495221,0.4466489244795297,0.09999988022768377,-6.259739450231181e-05,-0.00020907749702377463,-0.006293637929011521,-3.5329951060703024e-05,-2.439877277993219e-07,-4.577671923131246e-06,-0.9448872196263048,-0.003883928316903518
487,0.7821328303568059,0.44908808095618935,0.09999990026030647,-6.2391383726226e-05,-0.0002171282005747476,-0.0062092337388578965,-3.5225013562012464e-05,-2.185352485639669e-07,-3.95659258468971e-06,-0.9454215426355929,-0.003934244480697566
488,0.7827422009357795,0.45134793945131624,0.09999991764960608,-6.21874384588848e-05,-0.00022473656709152647,-0.006126415809211402,-3.5040080547332764e-05,-1.9986477184374962e-07,-3.3955792606031127e-06,-0.9459454218339922,-0.003985511893719293
489,0.7834134271022262,0.45344277815943856,0.0999999326122262,-6.199796637506104e-05,-0.00023182655971550962,-0.0060451479509237745,-3.478819417068735e-05,-1.9250062166520365e-07,-2.8940023740603664e-06,-0.9464591931058686,-0.004037675951304641
490,0.7841468166552037,0.4553851017427092,0.09999994537457842,-6.182994296896273e-05,-0.0002382744548185303,-0.005965347202134951,-3.4442196920281276e-05,-2.05846077960814e-07,-2.447823785679919e-06,-0.9469631757186403,-0.004090671771190904
491,0.7849422131146948,0.45718865408805587,0.099999956164768,-6.168904489420112e-05,-0.00024397392914820526,-0.005886962681283495,-3.404270319151692e-05,-2.0645468623570196e-07,-2.054776534102338e-06,-0.9474576736931944,-0.004144426474064399
492,0.785799340636299,0.4588651098196942,0.09999996520626891,-6.157975766903546e-05,-0.0002488540784386067,-0.005809913151206204,-3.3598465961404145e-05,-2.1407655026450811e-07,-1.7086547998222317e-06,-0.9479429773833794,-0.004198863024369008
493,0.7867172430657141,0.46042583137212,0.09999997271316706,-6.15066961333067e-05,-0.0002528910530057384,-0.0057341404786204605,-3.3115917176473886e-05,-2.267761800567314e-07,-1.4066357455369708e-06,-0.9484193646508429,-0.004253901286102187
494,0.7876951828260373,0.4618811987074103,0.09999997888647988,-6.147204534531704e-05,-0.0002560483897564032,-0.005659584375702847,-3.259198638261296e-05,-2.4491194494657975e-07,-1.1457671695138946e-06,-0.948887100958955,-0.004309457016980745
495,0.7887322351799586,0.4632412792401418,0.09999998391165765,-6.147672106742133e-05,-0.0002582993696746144,-0.005586197254541988,-3.204500171705149e-05,-2.55446451546959e-07,-9.230971718495166e-07,-0.9493464407094205,-0.004365443154630686
496,0.7898272375373621,0.46451506324525355,0.09999998795721252,-6.152100960245747e-05,-0.0002596420996976981,-0.005513934992164038,-3.1483981729252264e-05,-2.6388758556095127e-07,-7.357399594329624e-07,-0.9497976282453818,-0.004421771825945514
497,0.7909787501486205,0.4657108424096471,0.09999999117425318,-6.160469468625061e-05,-0.0002600956699401345,-0.005442758850301884,-3.091558028245345e-05,-2.7019495973945595e-07,-5.806199066140049e-07,-0.9502408986541346,-0.00447835566847862
498,0.7921851875641654,0.4668362397848663,0.09999999369664593,-6.172704436467348e-05,-0.0002596914791097528,-0.0053726404843476815,-3.03424440062372e-05,-2.7720867024072504e-07,-4.555966960633039e-07,-0.9506764785313753,-0.004535108205675616
499,0.7934449331489231,0.4678981757082964,0.09999999564166506,-6.188655309121288e-05,-0.00025846216080622797,-0.005303554944614985,-2.9770793844363652e-05,-2.803038512411149e-07,-3.582461909130374e-07,-0.9511045865635719,-0.004591944349112187
500,0.7947562180201669,0.4689030102724204,0.09999999711100695,-6.208148537388176e-05,-0.00025645346098820043,-0.0052354823939661016,-2.920658516814001e-05,-2.806186216730566e-07,-2.8614913923271595e-07,-0.951525434216709,-0.004648781460147318
501,0.7961171855310444,0.46985636517330787,0.09999999819204157,-6.231004579646762e-05,-0.00025371975896906497,-0.005168407455107308,-2.865056558221113e-05,-2.8150287789685535e-07,-2.3718063977670253e-07,-0.9519392261453309,-0.004705539732083621
502,0.7975259843634641,0.47076337308602734,0.09999999895917455,-6.257015433281783e-05,-0.0002503151917564826,-0.005102318400926385,-2.8104464945499785e-05,-2.823182683187042e-07,-2.0942122263060858e-07,-0.9523461604824469,-0.004762142140834169
503,0.7989807724596547,0.47162861568963277,0.09999999947523436,-6.285954550966377e-05,-0.00024629406515871657,-0.005037206198740701,-2.757061338343192e-05,-2.8150950015515264e-07,-2.0111377906258772e-07,-0.9527464290953085,-0.00481851461393989
504,0.8004796907959695,0.47245619264088246,0.09999999979284095,-6.317588880610013e-05,-0.00024171289560314716,-0.004973064210988583,-2.704978578549344e-05,-2.8082357061975927e-07,-2.106446883480679e-07,-0.9531402178982408,-0.00487458625822746
505,0.8020208763148237,0.4732497837668289,0.09999999995571059,-6.351684467253217e-05,-0.00023662812621840306,-0.004909886387189327,-2.6543944841250777e-05,-2.7912707878385845e-07,-2.3653116035229404e-07,-0.9535277071007052,-0.004930289488804687
506,0.8036024702012401,0.4740126379823602,0.09999999999986593,-6.388005784433259e-05,-0.00023109613388482545,-0.00484766840023118,-2.605265035526827e-05,-2.781040677746205e-07,-2.775139268161671e-07,-0.9539090712944314,-0.004985560088086433
507,0.8052226499592977,0.47474762535335374,0.09999999995473849,-6.426319525461784e-05,-0.0002251714202622738,-0.0047864046604331354,-2.5577233827789314e-05,-2.756465846687206e-07,-3.3216617538031667e-07,-0.9542844795949335,-0.005040337357759612
508,0.8068795915825518,0.47545730484688514,0.0999999998441561,-6.466411842508037e-05,-0.00021890930502460135,-0.004726090633859552,-2.5118297344306484e-05,-2.742336278060975e-07,-3.993593395254057e-07,-0.9546540958009045,-0.005094564093636525
509,0.8085715376303209,0.47614389675484586,0.09999999968721573,-6.508063419368903e-05,-0.0002123598191201271,-0.004666721190992687,-2.467485137458425e-05,-2.727286130266293e-07,-4.7803993752987e-07,-0.9550180785466221,-0.005148186360215213
510,0.8102967505192175,0.4768093805816617,0.09999999949904996,-6.551058097556373e-05,-0.00020557083481821765,-0.004608291040546894,-2.4247374312835746e-05,-2.714301672313013e-07,-5.672256284701907e-07,-0.9553765814300503,-0.005201153404012186
511,0.8120535496472632,0.4774554712483702,0.09999999929149297,-6.595189040932974e-05,-0.0001985870315145615,-0.004550794561197312,-2.383594801358413e-05,-2.696392584766727e-07,-6.660033509768489e-07,-0.9557297531102391,-0.00525341771289206
512,0.8138402572389045,0.4780836690864764,0.09999999907365044,-6.640265207803346e-05,-0.00019145259878581105,-0.004494224653423833,-2.3440847144229338e-05,-2.675886037195596e-07,-7.7351931789694e-07,-0.9560777374236491,-0.0053049350240398745
513,0.8156552429975527,0.4786952697463082,0.09999999885238853,-6.686094007222474e-05,-0.00018420798086967512,-0.004438573735671015,-2.3061516913003288e-05,-2.657034769981692e-07,-8.889748024200315e-07,-0.956420673461002,-0.005355664143805584
514,0.8174969193479541,0.4792913923647595,0.09999999863274932,-6.732498047903427e-05,-0.00017689056768409761,-0.004383833975812447,-2.2698142856825143e-05,-2.639159220052534e-07,-1.0116248792064136e-06,-0.9567586957447745,-0.005405566870502622
515,0.8193637269130775,0.47987300721814363,0.09999999841829937,-6.779303623472561e-05,-0.00016953525494716883,-0.004329996303680889,-2.2350715880747885e-05,-2.6121264795619936e-07,-1.1407638990332994e-06,-0.9570919344047649,-0.0054546079403385754
516,0.8212541295187589,0.480440947798223,0.09999999821142481,-6.826346518378156e-05,-0.00016217453768060738,-0.004277051402034001,-2.201891220465768e-05,-2.58661629004564e-07,-1.275702923458253e-06,-0.9574205151728098,-0.005502754949427248
517,0.8231666590375679,0.4809959283823566,0.09999999801357555,-6.873471246299952e-05,-0.00015483828048740955,-0.004224988756522171,-2.170236621168442e-05,-2.563873238159431e-07,-1.4157287371042088e-06,-0.9577445595816482,-0.005549978207888885
518,0.8250998536729448,0.48153852791160784,0.09999999782546848,-6.920531121448067e-05,-0.00014755299317167198,-0.004173795942804894,-2.1400433979579248e-05,-2.5379713974871265e-07,-1.5597725443069772e-06,-0.9580641851911613,-0.005596250621445155
519,0.8270523269864509,0.4820692284378488,0.09999999764725279,-6.96740573453645e-05,-0.0001403433290156726,-0.0041234710890297845,-2.1112480681040324e-05,-2.524390083635808e-07,-1.7090935018700853e-06,-0.9583795054925676,-0.005641546790158183
520,0.8290227602952751,0.48258847708831987,0.0999999974786582,-7.013861086458375e-05,-0.0001332221436715238,-0.00407399485426934,-2.083812614728231e-05,-2.455587662097969e-07,-1.861944838672145e-06,-0.9586906301381153,-0.005685843928971887
521,0.8310095964446677,0.48309674017304455,0.09999999731910443,-7.059836975704797e-05,-0.00012622192469089732,-0.004025359168488109,-2.0585497622960247e-05,-2.4045613145062816e-07,-2.0179004054692824e-06,-0.9589976652536123,-0.005729123268430813
522,0.8330114554577999,0.4835940814687411,0.09999999716776643,-7.105239794120237e-05,-0.00011936508977186943,-0.003977548628409242,-2.03424187930068e-05,-2.363264997029546e-07,-2.1765198769200916e-06,-0.9593007133199054,-0.005771368489720008
523,0.8350270304475842,0.4840808991079456,0.09999999702365739,-7.149939292832964e-05,-0.00011266440668337123,-0.003930553047047041,-2.0113049686187878e-05,-2.331061068616691e-07,-2.337403271975532e-06,-0.9595998733178672,-0.0058125648332961
524,0.8370551253464069,0.484557330903228,0.09999999688570321,-7.193818092757761e-05,-0.00010613037915235897,-0.0038843601414417063,-1.9897095626220107e-05,-2.2841136626539082e-07,-2.4999763123834123e-06,-0.959895241032215,-0.0058526994665426555
525,0.8390944610360098,0.4850235386202175,0.0999999967527761,-7.236788323978583e-05,-9.977616489027468e-05,-0.0038389599562113795,-1.9693621652550064e-05,-2.2358831586188899e-07,-2.664339156784854e-06,-0.9601869090828403,-0.005891761409640393
526,0.8411438403257826,0.4854796350650664,0.0999999966237334,-7.278722537848949e-05,-9.360965811166276e-05,-0.0037943387881497724,-1.9502662325976416e-05,-2.1758005175342987e-07,-2.8299082072630893e-06,-0.9604749669603164,-0.005929741553469062
527,0.8432020108550644,0.4859257613503843,0.099999996497445,-7.31954794014917e-05,-8.764187690821282e-05,-0.0037504854427802617,-1.9325494577060454e-05,-2.1160748531201534e-07,-2.996370221723645e-06,-0.9607595012467285,-0.0059666330665136555
528,0.8452677678238276,0.486361941711111,0.09999999637280166,-7.359190705849336e-05,-8.188158207419867e-05,-0.003707386923601074,-1.9159344446961768e-05,-2.057541763633708e-07,-3.163438312541028e-06,-0.9610405956686203,-0.006002431054919656
529,0.847339937401797,0.4867882701670562,0.09999999624873412,-7.397571156484812e-05,-7.63345294637432e-05,-0.0036650321079631245,-1.9004126443178393e-05,-1.9989674626685883e-07,-3.330851741811538e-06,-0.9613183312399904,-0.00603713222996333
530,0.8494173995027023,0.4872048013624889,0.09999999612422728,-7.434618003914093e-05,-7.100462015241477e-05,-0.003623409263107005,-1.885998426587321e-05,-1.9393678485357668e-07,-3.4983700788968863e-06,-0.961592786407522,-0.006070734874900872
531,0.8514990281313234,0.4876115734830523,0.09999999599832335,-7.470269019547996e-05,-6.589540751739317e-05,-0.003582504366549378,-1.8725775589700788e-05,-1.8740679763595836e-07,-3.6652063671663666e-06,-0.9618640371429923,-0.006103238963546131
532,0.8535837463312816,0.4880086244151516,0.09999999587012408,-7.504493016461644e-05,-6.101001120092887e-05,-0.0035423121553331627,-1.860154043242801e-05,-1.8235098764307622e-07,-3.832429481707053e-06,-0.962132156942479,-0.00613464532072754
533,0.8556705525230183,0.48839597011064706,0.09999999573880446,-7.537162694489486e-05,-5.634433789781753e-05,-0.0035028161423165706,-1.8484781321603805e-05,-1.7464581958392955e-07,-3.999083863353649e-06,-0.9623972169316435,-0.006164956017507992
534,0.8577582972019772,0.4887737556973514,0.09999999560361203,-7.56827503952216e-05,-5.1903430685912336e-05,-0.003464007703501237,-1.8381619156571105e-05,-1.6766507826559973e-07,-4.1650267679596554e-06,-0.9626592860975933,-0.006194175572066831
535,0.8598459204790985,0.48914188633250116,0.0999999954638446,-7.597811834942119e-05,-4.768916908250264e-05,-0.0034258735312457625,-1.8284048564964905e-05,-1.6117897416734195e-07,-4.330097362676349e-06,-0.9629184312867509,-0.006222309973236035
536,0.8619324142375331,0.48950050713874155,0.0999999953188567,-7.625730019460909e-05,-4.369868295764766e-05,-0.0033884036911854386,-1.8194130461779423e-05,-1.5548256726560794e-07,-4.494126969919222e-06,-0.963174717316562,-0.006249365948661765
537,0.8640168509859867,0.4898496370114115,0.0999999951680729,-7.651997185240933e-05,-3.9928227903516095e-05,-0.003351587424798663,-1.811143920349423e-05,-1.4930184022432513e-07,-4.656902939427839e-06,-0.9634282070238239,-0.006275351103619553
538,0.8660982987337182,0.49018934268605274,0.09999999501098172,-7.676591263013035e-05,-3.6374862268668164e-05,-0.0033154171555153473,-1.8036022083833814e-05,-1.4320048080662673e-07,-4.819003605870742e-06,-0.9636789612560017,-0.006300273822930707
539,0.8681758280927013,0.490519694973002,0.09999999484713926,-7.699454156775305e-05,-3.303374796207146e-05,-0.0032798806544266645,-1.7966473023989238e-05,-1.363112573926628e-07,-4.980063621491535e-06,-0.9639270390532773,-0.006324143682162738
540,0.8702484355287736,0.4908407986568424,0.09999999467615947,-7.7205984270707e-05,-2.99034927518111e-05,-0.0032449635059089194,-1.7905967979459092e-05,-1.2939588600602292e-07,-5.138818862657971e-06,-0.9641724978615601,-0.006346972467836231
541,0.8723151869080371,0.49115268427129005,0.09999999449768893,-7.740097557919509e-05,-2.6983118267894876e-05,-0.003210660198397352,-1.7849535652203485e-05,-1.2493445922245883e-07,-5.296162322739783e-06,-0.9644153934621953,-0.006368772414034351
542,0.8743753661278332,0.4914554336840639,0.0999999943114284,-7.757871391008938e-05,-2.4261622857077882e-05,-0.003178216351797051,-1.779375634214375e-05,-1.200984200977473e-07,-5.447743201611272e-06,-0.9646556287695903,-0.006389561848296067
543,0.8764645277258195,0.49187293410487853,0.09999999412242784,-7.773525735635586e-05,-2.1738607959482878e-05,-0.0031462624718841185,-1.7744294382282533e-05,-1.1371811581284419e-07,-5.602057779688635e-06,-0.9648932260511492,-0.006409360998515927
544,0.8785558041035438,0.4922898883841982,0.0999999939384859,-7.788409476205212e-05,-1.9414825006299778e-05,-0.003114612254534075,-1.772802534105722e-05,-1.0793098681460833e-07,-5.761778553307337e-06,-0.9651280823601532,-0.006428195749714788
545,0.8806412409100858,0.49268037724749775,0.09999999375511823,-7.802686065537156e-05,-1.729111357635611e-05,-0.003083295346330904,-1.7685841157799587e-05,-8.232652248807426e-08,-5.924230558194548e-06,-0.9653603018365065,-0.006446086444493438
546,0.8827197656828425,0.4930468055491916,0.0999999935685304,-7.815962544744272e-05,-1.535694448302153e-05,-0.0030523457540725532,-1.764051012287382e-05,-7.52451541075061e-08,-6.088516828902959e-06,-0.9655899289895086,-0.006463053649704523
547,0.8847903946651704,0.49339083375110326,0.09999999337585573,-7.82802133568306e-05,-1.360369243620231e-05,-0.0030217988794652437,-1.7599237253307365e-05,-7.787575384554657e-08,-6.2541306553220715e-06,-0.9658170051344581,-0.006479116837080497
548,0.8868524336043795,0.4937138699516372,0.09999999317492259,-7.83869702796808e-05,-1.2019577897724914e-05,-0.002991682110747147,-1.7561256754561327e-05,-7.946198365971213e-08,-6.420753353812583e-06,-0.9660415696527349,-0.006494293820292453
549,0.888905136815045,0.4940172992536126,0.09999999296413697,-7.847861899653769e-05,-1.059492062049474e-05,-0.002962016656691931,-1.7527094314573333e-05,-8.034648857346838e-08,-6.588194127452379e-06,-0.9662636605595069,-0.006508601126113764
550,0.8909477598570616,0.49430238488388106,0.09999999274239219,-7.855428373972083e-05,-9.32107996644492e-06,-0.0029328179292717176,-1.749556940922048e-05,-8.029113018892531e-08,-6.756344695730535e-06,-0.9664833148511645,-0.006522054205181213
551,0.8929795429958889,0.49457032766989506,0.09999999250898707,-7.861335109710964e-05,-8.190512286229535e-06,-0.0029040962926099806,-1.7467249563196674e-05,-7.94061989495276e-08,-6.925147573091077e-06,-0.9667005686988945,-0.006534667745027183
552,0.8949997215988607,0.49482225299152466,0.09999999226356163,-7.865545555788404e-05,-7.196597589918495e-06,-0.0028758588317031836,-1.7440830561099574e-05,-7.836082716039527e-08,-7.094590446411751e-06,-0.9669154575996602,-0.006546455832619466
553,0.8970075464514268,0.49505921688957266,0.09999999200603657,-7.868044164139984e-05,-6.3330672754582655e-06,-0.0028481091602402114,-1.741765117913019e-05,-7.63799192782244e-08,-7.264676192434853e-06,-0.967128016464195,-0.00655743214087382
554,0.8990022727480068,0.49528221319247423,0.0999999917365622,-7.868832065366759e-05,-5.594369228187153e-06,-0.002820848599893474,-1.739578874548897e-05,-7.406428892409167e-08,-7.435427320255441e-06,-0.9673382796447672,-0.006567610158180501
555,0.9009831672751375,0.4954921645114212,0.0999999914554718,-7.867928469452645e-05,-4.975166338158534e-06,-0.002794076686120856,-1.7375579773215577e-05,-7.180722150224028e-08,-7.6068827522851884e-06,-0.967546281030307,-0.0065770032188432965
556,0.9029495204001305,0.4956899285386532,0.0999999911632422,-7.86535955447147e-05,-4.470241837233325e-06,-0.002767790940153658,-1.7357455362798646e-05,-6.914775951827323e-08,-7.779069314424854e-06,-0.9677520540167897,-0.006585624581488123
557,0.9049006568343777,0.4958763145685685,0.09999999086046717,-7.861158570267096e-05,-4.074641671729449e-06,-0.0027419877925841537,-1.7340134945698082e-05,-6.648164685429947e-08,-7.95202849830487e-06,-0.9679556314729129,-0.0065934875595017204
558,0.9068359106624169,0.4960520686165304,0.09999999054783117,-7.855367201215803e-05,-3.783510374765324e-06,-0.0027166625332919686,-1.7324035070487298e-05,-6.391729101551391e-08,-8.125800917854193e-06,-0.9681570457860991,-0.0066006055361918555
559,0.9087546490009242,0.4962178815869438,0.09999999022608323,-7.848032322291018e-05,-3.5920152977536874e-06,-0.002691809892374612,-1.7308893802692182e-05,-6.098061788861742e-08,-8.300419792104964e-06,-0.9683563288019921,-0.006606992002974844
560,0.910656275733376,0.4963744052784873,0.09999998989602085,-7.839200847539938e-05,-3.4954250378306464e-06,-0.0026674241873447684,-1.7294238205067813e-05,-5.87273589758297e-08,-8.475939675310588e-06,-0.9685535118687691,-0.006612660561826365
561,0.9125402063891508,0.4965222368263079,0.09999998955847035,-7.828927553039008e-05,-3.4890061430081966e-06,-0.002643499018089424,-1.7280199244851246e-05,-5.6044580531988686e-08,-8.652393529211294e-06,-0.968748625843725,-0.006617624930426577
562,0.9144058960075292,0.4966619379124038,0.0999999892142733,-7.817262508009827e-05,-3.568113401792002e-06,-0.002620027869127987,-1.7266502254642546e-05,-5.388187673815992e-08,-8.829830082484341e-06,-0.9689417010519703,-0.006621898910813204
563,0.9162528285760753,0.49679402148614654,0.09999998886428196,-7.804256195580478e-05,-3.728122149056535e-06,-0.0025970061790317675,-1.7253472833544947e-05,-5.165777139382044e-08,-9.008303084897858e-06,-0.9691327673375622,-0.006625496351718713
564,0.9180805467488358,0.496918962681057,0.09999998850934776,-7.789959116589168e-05,-3.96453837343609e-06,-0.002574424952043535,-1.7240565284737386e-05,-4.948546816763155e-08,-9.187847852889864e-06,-0.9693218540232702,-0.00662843120989498
565,0.9198885470219662,0.49703721275314033,0.09999998815031061,-7.774426086698254e-05,-4.272906531251999e-06,-0.0025522773152077123,-1.722763954603579e-05,-4.741982806422129e-08,-9.368506942463587e-06,-0.9695089899090118,-0.0066307175206370885
566,0.9216763891376669,0.4971491975760567,0.0999999877879949,-7.757705748077251e-05,-4.648827607268533e-06,-0.00253055663527141,-1.7214950275956653e-05,-4.5717413854617917e-08,-9.550325238269817e-06,-0.9696942032805821,-0.006632369320010403
567,0.9234436708118573,0.49725529933098794,0.09999998742320718,-7.739846771316875e-05,-5.08806190710088e-06,-0.002509256266087767,-1.7202773960889317e-05,-4.401224273919979e-08,-9.733349897855098e-06,-0.9698775219193954,-0.006633400643091721
568,0.9251900033939522,0.4973558829710931,0.0999999870567312,-7.72089643292667e-05,-5.586481276268951e-06,-0.0024883715368910417,-1.7190413927892223e-05,-4.2343327066873826e-08,-9.917639003441213e-06,-0.9700589731338987,-0.006633825577430225
569,0.9269150490958196,0.4974512855062503,0.0999999866893249,-7.700901035662522e-05,-6.140028509248348e-06,-0.002467893931711864,-1.7177968402393162e-05,-4.0895791642014956e-08,-1.010323358622528e-05,-0.9702385837644094,-0.006633658173350652
570,0.9286184384178763,0.4975418225825673,0.09999998632171647,-7.679906736711417e-05,-6.744774849799532e-06,-0.002447817258581773,-1.7166048564831726e-05,-3.945286408679749e-08,-1.0290172071255778e-05,-0.9704163801434863,-0.006632912429205678
571,0.9302998654754155,0.49762780172794785,0.09999998595460453,-7.657956926343987e-05,-7.3969650960453155e-06,-0.0024281353948874757,-1.715431244520005e-05,-3.8223596732223086e-08,-1.0478506328400972e-05,-0.9705923881063913,-0.006631602331945531
572,0.9319590351981404,0.49770949199315356,0.09999998558865567,-7.635095405821118e-05,-8.092939947901791e-06,-0.002408842030811518,-1.7142328943009488e-05,-3.689144278951062e-08,-1.066828170359371e-05,-0.9707666330336505,-0.00662974178579661
573,0.9335956780420341,0.4977871586779914,0.09999998522450598,-7.611360703165367e-05,-8.829168302042822e-06,-0.0023899331568014884,-1.7130487321992405e-05,-3.5877768311820546e-08,-1.0859563520452305e-05,-0.9709391398840945,-0.006627344581188684
574,0.9352095689380939,0.49786103674598264,0.09999998486276336,-7.586790743782488e-05,-9.602306037904991e-06,-0.0023714010741226906,-1.711898948997259e-05,-3.469024534297205e-08,-1.1052379314400934e-05,-0.9711099331563334,-0.0066244244368514615
575,0.9368004585952232,0.4979313626345741,0.09999998450400278,-7.561426400778674e-05,-1.0409081969540842e-05,-0.00235324029683559,-1.7107644453062676e-05,-3.3871749849367916e-08,-1.1246781087944351e-05,-0.9712790368737235,-0.006620994963586275
576,0.9383681440629155,0.497998355875265,0.09999998414876721,-7.53530329578526e-05,-1.124645548106184e-05,-0.0023354451723371404,-1.7096090232371353e-05,-3.2827767171283995e-08,-1.1442814210764721e-05,-0.9714464746468755,-0.0066170696285585895
577,0.9399124325132636,0.49806221214745666,0.09999998379756636,-7.508459281494133e-05,-1.2111390462211966e-05,-0.002318010359452589,-1.7085047147702426e-05,-3.1944608736012015e-08,-1.1640524867322257e-05,-0.9716122696679522,-0.006612661774466309
578,0.941433158050786,0.49812312386686497,0.09999998345087958,-7.480927201761146e-05,-1.3001108267050838e-05,-0.0023009324784473715,-1.7074027709895745e-05,-3.120220171126675e-08,-1.1839978222644846e-05,-0.9717764447574931,-0.0066077846246574016
579,0.9429301871578449,0.4981812663395769,0.09999998310916414,-7.452737423911152e-05,-1.3912868213043275e-05,-0.0022842045630289227,-1.7063122868421488e-05,-3.0368909165190416e-08,-1.2041199694276665e-05,-0.9719390223434486,-0.006602451260349024
580,0.9444033704461033,0.49823681316314505,0.09999998277285128,-7.423924344776526e-05,-1.4844092619385027e-05,-0.0022678216505925912,-1.7052949260687456e-05,-2.968584134066532e-08,-1.2244239082077039e-05,-0.9721000244553999,-0.006596674597784811
581,0.9458525876190134,0.4982899213646299,0.0999999824423392,-7.394521283778022e-05,-1.5792400866734986e-05,-0.002251776555975062,-1.7042621038854122e-05,-2.8884263869599636e-08,-1.244911138968667e-05,-0.9722594727338019,-0.0065904674177443435
582,0.9472777159960007,0.49834074642663745,0.09999998211799327,-7.364560804929493e-05,-1.6755378034437116e-05,-0.002236066545364836,-1.7032592950272374e-05,-2.8345649383254568e-08,-1.2655875226936722e-05,-0.9724173884470402,-0.006583842323808278
583,0.9486787049471592,0.4983894217989047,0.09999998180015428,-7.334067308656948e-05,-1.77309327807376e-05,-0.0022206884093727095,-1.702304507489316e-05,-2.764851814163194e-08,-1.2864573997058872e-05,-0.972573792531631,-0.0065768117370682035
584,0.9500555174014608,0.49843607761014413,0.09999998148913909,-7.303068573233055e-05,-1.8716958688711457e-05,-0.0022056357641948615,-1.7013988326652907e-05,-2.7091918042287944e-08,-1.3075236464084759e-05,-0.9727287055565654,-0.006569387919773343
585,0.951408083861969,0.4984808420341782,0.09999998118523287,-7.271595039008615e-05,-1.971153273138798e-05,-0.002190903756696044,-1.7004851542878896e-05,-2.6430241106822905e-08,-1.3287893220157281e-05,-0.9728821477414519,-0.0065615830068137425
586,0.9527363673619178,0.4985238283363561,0.09999998088869,-7.239673849456424e-05,-2.071263860450425e-05,-0.0021764859656575467,-1.6996242266031913e-05,-2.5992898500248884e-08,-1.3502555768429991e-05,-0.973034138931112,-0.0065534089632306
587,0.9540403389819668,0.49856515768508664,0.09999998059973576,-7.207332625858357e-05,-2.1718659795484423e-05,-0.002162379812726227,-1.698797132121399e-05,-2.5367651090846266e-08,-1.3719269694407322e-05,-0.9731846986280369,-0.006544877569333557
588,0.9553200201085909,0.49860492767921044,0.09999998031856933,-7.174593761375107e-05,-2.2727839752773826e-05,-0.0021485823765481893,-1.698009145911783e-05,-2.4950981725169186e-08,-1.3938072787329906e-05,-0.9733338460158842,-0.0065360004351338605
589,0.956575455864238,0.49864323160149027,0.0999999800453701,-7.141477912775307e-05,-2.373872635240435e-05,-0.002135087495875571,-1.6972588127828203e-05,-2.4388052466406407e-08,-1.4158982781240742e-05,-0.9734815999338254,-0.006526789000641001
590,0.9578066501475729,0.49868016276321997,0.09999997978029254,-7.108011912651066e-05,-2.4749742153468082e-05,-0.0021218908882653445,-1.6965490431175567e-05,-2.3966640227968128e-08,-1.4382027621282434e-05,-0.9736279789059131,-0.006517254526526316
591,0.9590136500101726,0.4987158081652653,0.09999997952346484,-7.074216839011718e-05,-2.575964851861892e-05,-0.002108986478203836,-1.6958989363047294e-05,-2.34146373401245e-08,-1.4607208174477574e-05,-0.9737730011195901,-0.006507408123472067
592,0.9601964896924682,0.4987502543408793,0.0999999792749879,-7.04011947885503e-05,-2.6766951592429445e-05,-0.0020963718391450135,-1.6952659279922955e-05,-2.3095726220390134e-08,-1.4834562259818959e-05,-0.9739166844371758,-0.006497260707342566
593,0.9613552707105236,0.49878356863866813,0.09999997903494297,-7.005733853087472e-05,-2.7770684766195343e-05,-0.0020840442914099315,-1.6946982213994488e-05,-2.255724318445118e-08,-1.5064120203198932e-05,-0.9740590464290169,-0.00648682302140595
594,0.9624900906007645,0.49881582488020365,0.09999997880339836,-6.971080278323885e-05,-2.8769452039202198e-05,-0.0020719981700710595,-1.694190541456919e-05,-2.2138490152201484e-08,-1.5295891821974263e-05,-0.9742001043538647,-0.006476105694869298
595,0.9636010307658709,0.4988470909398795,0.09999997858039979,-6.936180330765392e-05,-2.976233888860383e-05,-0.002060229600503521,-1.693709236860741e-05,-2.1822303963858758e-08,-1.5529900792366103e-05,-0.9743398751906751,-0.006465119155379408
596,0.9646881960345198,0.49887743022251907,0.09999997836597078,-6.901052928059523e-05,-3.0748298441270094e-05,-0.0020487328181960627,-1.6932754078879952e-05,-2.134218668459198e-08,-1.576613581884267e-05,-0.9744783756157122,-0.006453873685802658
597,0.9657516883071612,0.4989069057252437,0.09999997816011072,-6.865720833266728e-05,-3.1726264309364665e-05,-0.002037505558414668,-1.692935256869532e-05,-2.0946149703604533e-08,-1.6004625531729857e-05,-0.9746156219944256,-0.006442379418268751
598,0.9667916625355518,0.4989355658246941,0.09999997796280362,-6.830196231117482e-05,-3.2695529342841835e-05,-0.002026545424366551,-1.6925800082390197e-05,-2.064775728172208e-08,-1.6245398540431317e-05,-0.9747516304351409,-0.006430646278949182
599,0.9678082787460786,0.49896346330032953,0.09999997777402939,-6.794492183848529e-05,-3.365530105700527e-05,-0.0020158470602881723,-1.6923280782066286e-05,-2.0196152306084514e-08,-1.64884532254635e-05,-0.974886416775326,-0.006418684021304165
600,0.9688016706267494,0.49899064320475983,0.09999997759375126,-6.758629672584768e-05,-3.460481306899111e-05,-0.002005406861414089,-1.6921212591114454e-05,-1.9882959279016177e-08,-1.673379548236026e-05,-0.9750199965626631,-0.006406502271239703
601,0.9697720050919222,0.49901715534763097,0.09999997742191394,-6.722623450697354e-05,-3.5543313435028225e-05,-0.0019952193777786308,-1.6919530025916174e-05,-1.9507755411041217e-08,-1.6981416935625485e-05,-0.9751523850613877,-0.006394110498411923
602,0.9707194345727925,0.4990430418476722,0.0999999772584477,-6.68649149717112e-05,-3.647011937653447e-05,-0.001985282664274194,-1.6918396795517765e-05,-1.9185344868333232e-08,-1.723133727137421e-05,-0.9752835972815058,-0.006381517985915272
603,0.9716441610551153,0.49906833777116455,0.09999997710327274,-6.650244146587958e-05,-3.738468215937668e-05,-0.0019755943404124476,-1.6917987522901967e-05,-1.8772535526068168e-08,-1.7483574600307993e-05,-0.9754136479929181,-0.006368733867375832
604,0.9725463871848071,0.49909307595291796,0.09999997695630464,-6.613894424351768e-05,-3.828644512559458e-05,-0.0019661495701939723,-1.691775287326891e-05,-1.8490778685986697e-08,-1.7738116561825454e-05,-0.9755425517042173,-0.006355767141559987
605,0.9734263001151792,0.49911729523582243,0.099999976817448,-6.577457691820296e-05,-3.917478468335583e-05,-0.0019569448555880027,-1.6918618712224998e-05,-1.8181964378527482e-08,-1.7994969030752322e-05,-0.9756703226721337,-0.006342626645905778
606,0.9742841066494715,0.49914102537625116,0.09999997668659756,-6.540946235983234e-05,-4.004939256006885e-05,-0.001947975064087267,-1.6919673726079054e-05,-1.7762522119824098e-08,-1.825410994312418e-05,-0.9757969749102824,-0.006329321093573952
607,0.9751200019001611,0.49916429634762055,0.09999997656363463,-6.504377391961011e-05,-4.090960730941298e-05,-0.0019392385535097869,-1.6921150745474733e-05,-1.7488584802549667e-08,-1.8515546811300864e-05,-0.9759225221781217,-0.00631585906420482
608,0.9759342300751558,0.4991871351345568,0.09999997644843323,-6.46775870428067e-05,-4.175501331834336e-05,-0.0019307329912930046,-1.692356090643443e-05,-1.720124487292196e-08,-1.877929299951984e-05,-0.9760469780040979,-0.006302248931617432
609,0.9767270347613468,0.4992095565190528,0.09999997634087086,-6.431098602656412e-05,-4.258557251101059e-05,-0.0019224563999862443,-1.6926336684264243e-05,-1.6882060194234327e-08,-1.9043765304662243e-05,-0.9761703546492261,-0.006288498801152569
610,0.9774986427719256,0.4992315980887028,0.09999997624083015,-6.39437950609056e-05,-4.3401790584106745e-05,-0.0019144010630199784,-1.6928632248891518e-05,-1.6136311842274154e-08,-1.9311127586977738e-05,-0.9762926644671849,-0.00627461740407248
611,0.978249238643629,0.4992532836379448,0.0999999761481648,-6.357675009420036e-05,-4.41989516481527e-05,-0.0019065637608623065,-1.693480044195894e-05,-1.6015080817055605e-08,-1.9581187437508227e-05,-0.9764139211532603,-0.006260614139212444
612,0.9789790737292798,0.49927460451214595,0.09999997606268225,-6.320999622164311e-05,-4.497724744221837e-05,-0.0018989415475131769,-1.693731246632524e-05,-1.5613389692248347e-08,-1.9853811896401574e-05,-0.9765341378579926,-0.006246497453268233
613,0.9796884459718429,0.49929560102582793,0.09999997598420823,-6.2843345487884e-05,-4.573883824467085e-05,-0.001891533981469424,-1.6942185538937338e-05,-1.5832123168024737e-08,-2.012893084498796e-05,-0.9766533273561454,-0.006232274664998126
614,0.9803776579017155,0.4993162697064728,0.09999997591260934,-6.24767835391491e-05,-4.6485144413088204e-05,-0.0018843370320242262,-1.6947777112363838e-05,-1.557748774416723e-08,-2.040645144208389e-05,-0.9767715020992175,-0.006217952691727864
615,0.9810469593946283,0.4993366267877129,0.09999997584775261,-6.211041569780409e-05,-4.7216020191069076e-05,-0.001877347609491008,-1.695371793175582e-05,-1.525964776760702e-08,-2.0686297198126147e-05,-0.9768886742421379,-0.006203538372590332
616,0.9816966140245345,0.49935668174201425,0.09999997578949875,-6.174432222217925e-05,-4.793108639888404e-05,-0.0018705614166921875,-1.6959973436314613e-05,-1.4935933378978916e-08,-2.0968389811801863e-05,-0.9770048556673608,-0.006189038529943424
617,0.9823268739072171,0.4993764488194418,0.09999997573769744,-6.137864469492904e-05,-4.862985912926469e-05,-0.001863976940395419,-1.6967305782600306e-05,-1.4675672233011028e-08,-2.125268383356716e-05,-0.9771200580076507,-0.006174459916086656
618,0.9829380315553311,0.499395930913355,0.09999997569219549,-6.101340568207215e-05,-4.931245856130988e-05,-0.001857592307539772,-1.697485458862502e-05,-1.4359303968092263e-08,-2.1539138810657553e-05,-0.9772342926447911,-0.006159809177489953
619,0.9835303755035363,0.49941513700880885,0.09999997565285038,-6.0648661719901665e-05,-4.997856385026362e-05,-0.001851403410989131,-1.6982694432954304e-05,-1.4016704241726075e-08,-2.182770262868041e-05,-0.9773475707376111,-0.0061450929596566384
620,0.9841041703836497,0.49943407413127,0.09999997561951378,-6.028454808905787e-05,-5.06275736604137e-05,-0.0018454074790985148,-1.6991209122352302e-05,-1.3836858769877836e-08,-2.2118338163298965e-05,-0.9774599032461997,-0.006130317877379195
621,0.984659704205365,0.4994527482666117,0.0999999755920308,-5.992112602003426e-05,-5.1259493001893424e-05,-0.0018396003073936449,-1.700007851468399e-05,-1.3546809896070044e-08,-2.241099892981592e-05,-0.9775713009365895,-0.006115490424932537
622,0.985197253416357,0.4994711647866668,0.09999997557024393,-5.9558500158025864e-05,-5.18741951937029e-05,-0.0018339803867473195,-1.700935717963148e-05,-1.3222198447238043e-08,-2.2705677936451338e-05,-0.9776817743954345,-0.006100617044112268
623,0.9857171193434757,0.4994893270776528,0.09999997555399444,-5.919672672210096e-05,-5.247127085766366e-05,-0.0018285459356324097,-1.701910514384508e-05,-1.2993218057033573e-08,-2.3002398495775804e-05,-0.9777913340613028,-0.006085704075550627
624,0.9862196049448205,0.499507231994354,0.09999997554313111,-5.8835849370140575e-05,-5.3050909343637345e-05,-0.001823293169507038,-1.702955887594726e-05,-1.2761482537371194e-08,-2.3301202185922673e-05,-0.9778999902682598,-0.0060707577533569935
625,0.9867049974021685,0.49952488388349714,0.09999997553750024,-5.847599010410456e-05,-5.361281956872233e-05,-0.0018182187357378297,-1.7040194506989792e-05,-1.254077730550307e-08,-2.360257715268312e-05,-0.9780077535084815,-0.006055784193914117
626,0.987173594458452,0.499542278924684,0.09999997553694256,-5.811726921662159e-05,-5.41569784015955e-05,-0.0018133185116717156,-1.7051645045285113e-05,-1.2433399199096584e-08,-2.39068216469337e-05,-0.9781146345836161,-0.006040789131369969
627,0.9876256969373876,0.4995594157109083,0.09999997554129998,-5.775976715561593e-05,-5.4684343916241304e-05,-0.0018085954441365304,-1.7063292034436017e-05,-1.2337881827306774e-08,-2.4210642061512874e-05,-0.9782206425103708,-0.006025777428866131
628,0.9880616443986376,0.4995762998464805,0.09999997555045496,-5.740286413163194e-05,-5.519874019764351e-05,-0.001804043798760834,-1.7073336493922397e-05,-1.1686364764784685e-08,-2.4516530892893842e-05,-0.978325785562902,-0.0060107542562394195
629,0.9884816899025822,0.4995929371492331,0.09999997556429542,-5.704720996540147e-05,-5.569442311787968e-05,-0.0017996616676940092,-1.7089038010453805e-05,-1.1690501011685228e-08,-2.4824390777140188e-05,-0.9784300734690815,-0.005995726169299219
630,0.9888861272568229,0.49960930325487163,0.0999999755826498,-5.669305527071423e-05,-5.616961174352625e-05,-0.0017954443175425242,-1.7100373952416703e-05,-1.112377745471349e-08,-2.513413531675401e-05,-0.978533515669338,-0.005980699599411303
631,0.9892752551197921,0.49962541563941654,0.09999997560534209,-5.6340302269069826e-05,-5.662588283389069e-05,-0.001791389275105441,-1.711315053398721e-05,-1.113310954536928e-08,-2.5445692757318356e-05,-0.9786361214090644,-0.005965680178477144
632,0.9896493904801306,0.49964126604172543,0.09999997563222125,-5.598897937168487e-05,-5.7064489897526586e-05,-0.0017874954502073526,-1.712697667244356e-05,-1.0984260612190155e-08,-2.575903261630341e-05,-0.9787378997436651,-0.005950673125801893
633,0.990008846652252,0.4996568467658893,0.09999997566314546,-5.5639073510009034e-05,-5.748618719105635e-05,-0.0017837612070284144,-1.7140597265097313e-05,-1.0700492936166484e-08,-2.6074106885919255e-05,-0.9788388595663344,-0.005935683517933358
634,0.9903539302414325,0.4996721519377344,0.09999997569798548,-5.529062288697214e-05,-5.789050622023635e-05,-0.0017801833758243025,-1.715498001431115e-05,-1.0519427107169577e-08,-2.6390864747169186e-05,-0.9789390096113622,-0.0059207163909039484
635,0.9906849359776244,0.49968717892660297,0.09999997573661178,-5.494369949272041e-05,-5.827764478311584e-05,-0.0017767596569149926,-1.716984115773812e-05,-1.0339558542682425e-08,-2.670925645390181e-05,-0.9790383584755379,-0.005905776663696398
636,0.9910021662337544,0.4997019227259407,0.09999997577889175,-5.4598344571627966e-05,-5.8647829684113475e-05,-0.0017734863837177337,-1.7184238458867185e-05,-1.0100978720117837e-08,-2.7029210277734134e-05,-0.97913691459305,-0.00589086912991916
637,0.9913059148112999,0.4997163788660099,0.09999997582469397,-5.425461306827795e-05,-5.90009263564149e-05,-0.0017703626414442895,-1.7199670764966868e-05,-9.962942471020142e-09,-2.735069764202479e-05,-0.9792346862522886,-0.005875998432485543
638,0.9915964893431387,0.49973054033539194,0.09999997587389228,-5.391251185871724e-05,-5.933742353271106e-05,-0.0017673869706142582,-1.7215012121596374e-05,-9.747720852715247e-09,-2.7673686356798393e-05,-0.9793316816244089,-0.0058611690968448414
639,0.9918741888258242,0.4997444011110176,0.09999997592637054,-5.3572059813910486e-05,-5.9657218229542674e-05,-0.0017645562553326574,-1.723093373584561e-05,-9.570396919400537e-09,-2.7998107995786944e-05,-0.9794279087343205,-0.0058463855612905045
640,0.9921393098599233,0.499757954260547,0.09999997598201377,-5.323332143214936e-05,-5.996052192469721e-05,-0.0017618682374763485,-1.7247199139092118e-05,-9.36747213131639e-09,-2.832391480158329e-05,-0.9795233754539011,-0.005831652201184482
641,0.992392145673973,0.49977119648690627,0.09999997604070515,-5.2896334536266286e-05,-6.024718207453987e-05,-0.0017593197453939764,-1.7263453628402203e-05,-9.249540688927027e-09,-2.8651049911778832e-05,-0.9796180895445152,-0.0058169732494966426
642,0.9926329836864883,0.49978412165438174,0.09999997610232872,-5.2561138762498115e-05,-6.051777518638083e-05,-0.0017569096765187103,-1.728016468405258e-05,-8.997137257438226e-09,-2.8979466051569968e-05,-0.9797120586406332,-0.005802352775453947
643,0.9928621231510502,0.49979672256982455,0.0999999761667712,-5.222775044109389e-05,-6.0772328069579675e-05,-0.0017546367596837423,-1.7296690202783793e-05,-8.882721225234036e-09,-2.9309127136079456e-05,-0.9798052902402358,-0.005787794784897143
644,0.9930798558703415,0.49980899404575796,0.09999997623392953,-5.1896174198763486e-05,-6.101076034187628e-05,-0.001752498071425609,-1.7314239812549204e-05,-8.713783472558134e-09,-2.963997469703828e-05,-0.9798977917264342,-0.0057733031894584685
645,0.9932864664338034,0.49982092797558847,0.09999997630370323,-5.156646523935256e-05,-6.123347204262893e-05,-0.001750548923277102,-1.733151475491468e-05,-8.523872274679434e-09,-2.997195352393402e-05,-0.9799895703637646,-0.005758881770798808
646,0.9934844767600216,0.4998316851209142,0.09999997637599092,-5.123767964634755e-05,-6.146653572599823e-05,-0.0017489570070352081,-1.735072146402672e-05,-8.254708028232471e-09,-3.0254159428975012e-05,-0.9800805283117893,-0.005744534521486658
647,0.9936833598579975,0.4998378219843784,0.09999997646208711,-5.090811794862973e-05,-6.180448982521928e-05,-0.0017474290593866807,-1.7376938558300026e-05,-8.69421779015056e-09,-3.056674415503757e-05,-0.9801706265730763,-0.005730263778815943
648,0.9938722334363419,0.4998437529124182,0.09999997656287463,-5.0586123788290565e-05,-6.212128170955374e-05,-0.0017459728449935178,-1.7397602277924307e-05,-9.606293538411137e-09,-3.0894765319043056e-05,-0.9802598844557094,-0.005716070717188349
649,0.9940513755776429,0.49984951292196084,0.09999997667279886,-5.0269873818852545e-05,-6.241546507661187e-05,-0.0017445930475434965,-1.7418855350115336e-05,-9.504271147875443e-09,-3.1234978843168175e-05,-0.9803483150210396,-0.005701955134004407
650,0.9942210747692938,0.49985520339125844,0.09999997678768184,-4.995752884185661e-05,-6.270012429130776e-05,-0.0017432963112311963,-1.7439460862078704e-05,-9.357588481861967e-09,-3.158506880034946e-05,-0.9804359287085712,-0.005687915851156249
651,0.9943815727331542,0.4998608720056853,0.0999999769044807,-4.964804920384807e-05,-6.297494219257344e-05,-0.0017420872068627398,-1.7460371964261867e-05,-8.92456064605085e-09,-3.194331929495922e-05,-0.980522734160929,-0.005673952977734677
652,0.994533098980906,0.4998665469602398,0.0999999770210184,-4.934077519908961e-05,-6.323798655251678e-05,-0.0017409710888984192,-1.748073918861337e-05,-8.544355445394558e-09,-3.230849331006149e-05,-0.9806087387933717,-0.005660067993324301
653,0.9946758799744496,0.49987224150490184,0.09999997713580633,-4.9035193723368504e-05,-6.348713944971577e-05,-0.0017399526794898146,-1.750087358232122e-05,-8.445089072495193e-09,-3.267968136401699e-05,-0.980693949241548,-0.0056462633343197805
654,0.9948101353088318,0.4998779571370155,0.09999997724790993,-4.8730926601063696e-05,-6.372156968737192e-05,-0.001739034150806494,-1.752075695549138e-05,-8.230783166141009e-09,-3.3056159998569295e-05,-0.9807783716573143,-0.005632542050104626
655,0.9949360774700984,0.4998836892483795,0.09999997735681859,-4.842777027916834e-05,-6.39403872897726e-05,-0.0017382175025579705,-1.7540762200951576e-05,-8.043811838831516e-09,-3.343737013808986e-05,-0.9808620118936328,-0.005618907658030856
656,0.9950539189351624,0.49988942776680934,0.09999997746234099,-4.812558950272116e-05,-6.41431130240588e-05,-0.001737503621008416,-1.7560974811203778e-05,-7.939831903058803e-09,-3.382285052380586e-05,-0.9809448756314236,-0.00560536396542822
657,0.9951638702458365,0.49989516096373127,0.09999997756451856,-4.78243571062481e-05,-6.432942710198408e-05,-0.0017368942300208603,-1.7580980056663975e-05,-7.708871763156822e-09,-3.421224845425828e-05,-0.9810269684786441,-0.005591914909850587
658,0.9952661416090335,0.4999008709897379,0.09999997766355986,-4.752404453684069e-05,-6.449929428018515e-05,-0.0017363903421381756,-1.7600785213289782e-05,-7.699584969600437e-09,-3.460526101671549e-05,-0.9811082960354588,-0.005578564445477691
659,0.9953609427383033,0.49990654051794153,0.09999997775979465,-4.722467052853694e-05,-6.465266317912948e-05,-0.0017359912211165343,-1.762162719387561e-05,-7.48869144473474e-09,-3.5001603176899106e-05,-0.9811888639226489,-0.005565316478099892
660,0.9954484789874464,0.49991215219474816,0.0999999778536187,-4.6926335063255784e-05,-6.478999578402779e-05,-0.0017356964191307073,-1.7642101738601923e-05,-7.393757606166673e-09,-3.5401024271429595e-05,-0.9812686777990467,-0.005552174774244238
661,0.9955289563940581,0.4999176891837592,0.09999997794545758,-4.662911323042472e-05,-6.49115929347476e-05,-0.0017355042225436837,-1.7662652680883184e-05,-7.248936562120889e-09,-3.580327487154051e-05,-0.9813477433605314,-0.0055391429750930535
662,0.9956025785530297,0.49992313677989414,0.09999997803574369,-4.633313247120574e-05,-6.501745343754202e-05,-0.0017354144204122675,-1.768305810401216e-05,-7.1164940607104654e-09,-3.6208158542448006e-05,-0.9814260663502614,-0.00552622454317245
663,0.9956695501118976,0.4999284759569673,0.09999997812490044,-4.6038461554421766e-05,-6.510815867279244e-05,-0.0017354265542362571,-1.7704087440506555e-05,-7.018717163020938e-09,-3.661549073236466e-05,-0.9815036525628744,-0.005513422737677842
664,0.995730075072038,0.49993369295870416,0.09999997821333183,-4.574520817205155e-05,-6.518391601596426e-05,-0.0017355385517349767,-1.7724956705933437e-05,-6.9194729945820654e-09,-3.702506889789257e-05,-0.9815805078330787,-0.00550074062301931
665,0.9957843532132664,0.49993877473108106,0.09999997830140656,-4.545347979105087e-05,-6.524524498867657e-05,-0.001735748772025407,-1.774619158823043e-05,-6.774194538650136e-09,-3.7436709067367144e-05,-0.9816566380214437,-0.005488181033170244
666,0.995832585351313,0.49994370718752745,0.0999999783894546,-4.516336767768878e-05,-6.529255859731474e-05,-0.001736054800220941,-1.776750650606118e-05,-6.682435049754076e-09,-3.7850223327612735e-05,-0.9817320490174963,-0.005475746602168026
667,0.9958749665836334,0.4999484794733414,0.09999997847776299,-4.487497642263696e-05,-6.53262780223267e-05,-0.0017364557396388695,-1.7788786863093264e-05,-6.527332008232634e-09,-3.8265455113865153e-05,-0.9818067467369023,-0.0054634397875036895
668,0.995911695009598,0.49995308095061197,0.0999999785665765,-4.458837467523582e-05,-6.534656200412353e-05,-0.0017369506049556454,-1.7809974451665767e-05,-6.450011191816429e-09,-3.8682257889784065e-05,-0.9818807371034954,-0.0054512629020225635
669,0.9959429658512318,0.49995750203276934,0.0999999786561029,-4.430362718956158e-05,-6.535354514318685e-05,-0.001737537014448063,-1.783184052328579e-05,-6.363857441016307e-09,-3.910047132844565e-05,-0.9819540260628158,-0.005439218077276645
670,0.9959689683575108,0.49996173390199605,0.09999997874651045,-4.4020806350157525e-05,-6.534792510659475e-05,-0.0017382131369386219,-1.7853373719844967e-05,-6.260996610052416e-09,-3.951993804952055e-05,-0.982026619567937,-0.0054273072443677284
671,0.9959898933047237,0.49996576843111906,0.09999997883793031,-4.3739962547001044e-05,-6.532993581343375e-05,-0.0017389764262650941,-1.7874857803690247e-05,-6.1211111734849055e-09,-3.994049860199311e-05,-0.9820985235717767,-0.005415532196034981
672,0.9960059253203928,0.4999695992820061,0.09999997893045852,-4.346116566065632e-05,-6.529970325450372e-05,-0.0017398259633477518,-1.7896691133501008e-05,-6.0459273143465e-09,-4.0362022088872375e-05,-0.9821697440245789,-0.005403894614407701
673,0.9960172520819057,0.4999732202334666,0.09999997902416147,-4.31844381136834e-05,-6.525750428044915e-05,-0.0017407606963809135,-1.791836621123366e-05,-5.968673111311773e-09,-4.078439203283257e-05,-0.982240286873274,-0.005392396046985128
674,0.9960240530994514,0.4999766254290742,0.09999997911908245,-4.290981059917021e-05,-6.520362588733364e-05,-0.0017417782576383202,-1.7940386896952987e-05,-5.847477613230012e-09,-4.1207460098465465e-05,-0.9823101580651955,-0.005381037898983411
675,0.9960265083444392,0.49997981016349424,0.09999997921524192,-4.2637311748388143e-05,-6.513844784361483e-05,-0.0017428769292034173,-1.7962076526600868e-05,-5.75081005038669e-09,-4.16310955770864e-05,-0.9823793635304711,-0.005369821474726186
676,0.9960247936355053,0.4999827707715954,0.09999997931264029,-4.236697140953847e-05,-6.506194465206238e-05,-0.0017191315416487318,-1.7984184523811564e-05,-5.712427419979349e-09,-4.205516097718227e-05,-0.9824479091968735,-0.005358748017734996
677,0.9963144199476585,0.4999960588627097,0.09999997941125739,-4.120854459427376e-05,-6.268883261598167e-05,-0.0016758719433174183,-1.6933679944486357e-05,-2.15006475627888e-05,-2.5993052460680697e-05,-0.9824974758769308,-0.005341989019571492
678,0.9973372966711846,0.4999995901404723,0.09999998892589529,-3.807214709441477e-05,-5.9775434812859515e-05,-0.0016943527494709385,-1.8563059711595997e-05,-0.00017071807815227658,-2.6221193214994387e-05,-0.9825231195667424,-0.005319740145388428
679,0.9976496718040236,0.4989727062662483,0.0999999987601005,-3.966775721808683e-05,-6.0171117559542705e-05,-0.0016768798047526597,-2.4914672394515947e-05,-0.00043980046757496893,-2.553066867830507e-05,-0.9825438247121894,-0.0052967862778522945
680,0.9976308344122298,0.49364369973855166,0.09999999803344438,-4.434326390917305e-05,-5.169810501943801e-05,-0.0016124319877278783,-3.643266609287821e-05,-0.0005292322603054345,-2.4555480869733814e-05,-0.982561471208342,-0.005277349159475097
681,0.9974455107837901,0.4827709416580707,0.09999998540887169,-5.035870281102211e-05,-3.3676063822921903e-05,-0.0015209828675708695,-5.544189116335474e-05,-0.00020395245519466698,-2.355866297232499e-05,-0.9825770852985395,-0.00526437443491325
682,0.9971749521083634,0.4673587705611219,0.09999996461735436,-5.691859022266781e-05,-1.551926760207632e-05,-0.0014179530392754434,-6.430112989619374e-05,-3.703874608618207e-05,-2.2709722773643394e-05,-0.9825911555239135,-0.005259245357719106
683,0.9968502129197229,0.4492315846778541,0.09999994053172037,-6.338922077278239e-05,-5.377639634427858e-06,-0.0013134639423962589,-6.41381338937208e-05,-7.288614142453298e-06,-2.206104033458242e-05,-0.9826039137094622,-0.005262008259156178
684,0.9964892446787926,0.43008554245264474,0.0999999172286799,-6.937586458255688e-05,-4.5824951744346476e-06,-0.001151479558642543,-5.9570309531409293e-05,-9.898973985400517e-06,-1.0228304751150804e-05,-0.9826112569206242,-0.005272873331972946
685,0.9964240618565547,0.43544552500441003,0.0999998862288713,-6.947345469349358e-05,-2.540817951288368e-05,-0.0010705035942815302,-4.518917194218375e-05,-0.0002215375134255737,-5.4366182633675314e-06,-0.9826117352232595,-0.005290086668263774
686,0.996388945052625,0.44517865080806956,0.09999983096232393,-7.401539834890555e-05,-4.903465560357506e-05,-0.0009961233634799133,-2.6903566322289407e-05,-0.0008408671710640192,-2.8793017843484755e-06,-0.9826036166564918,-0.005312064258566063
687,0.9963614864373812,0.45452454865555836,0.09999976196761015,-8.211563616233361e-05,-6.433246157961315e-05,-0.0009007073542463522,-2.857196523109451e-05,-0.0002363647217862308,-1.8856734036081862e-06,-0.9825897726313562,-0.005335589419971618
688,0.9963230349148634,0.46280009385598736,0.0999996911029306,-9.149074064942137e-05,-7.034505629156202e-05,-0.0007896777523395488,-2.9184271625126712e-05,-8.010937017388642e-05,-1.3895639749520201e-06,-0.9825715035115344,-0.005358719915245659
689,0.996262413958238,0.46975555956505477,0.09999962857600514,-0.0001005807110434398,-6.960001097249811e-05,-0.0006752210920539489,-3.088437006226741e-05,-2.5866977011901326e-05,-1.0650440218917998e-06,-0.9825491722495023,-0.005380481373651778
690,0.9961847610059442,0.4756199940689057,0.0999995810734367,-0.00010861414757359775,-6.628454484319987e-05,-0.0005668626586714586,-3.315344292786904e-05,-2.096855314448476e-05,-8.111878913658224e-07,-0.982522790845596,-0.00540077424449693
691,0.996099068317312,0.48066158472387455,0.09999955165544544,-0.00011522789071188728,-6.274352302544407e-05,-0.0004704187119526585,-3.589966945583001e-05,-2.8429705707821995e-05,-6.010555623356042e-07,-0.9824922911699098,-0.005419977168867225
692,0.9960134436856586,0.48507317674406447,0.09999954041245308,-0.00012026390826263417,-5.971956510410847e-05,-0.0003886320557440712,-3.916778587154113e-05,-3.061595270992257e-05,-4.3003222424100916e-07,-0.9824576236972992,-0.005438602481092306
693,0.995933021325749,0.48896378360017667,0.09999954544903811,-0.00012370130447172673,-5.733436239200628e-05,-0.0003224312495544188,-4.257000910001807e-05,-2.6246752895531245e-05,-2.9277599653604923e-07,-0.9824187654040633,-0.0054570827863588
694,0.9958602045177357,0.4923660548669278,0.09999956379540142,-0.00012558088466227632,-5.5525191337657355e-05,-0.0002717886646657536,-4.5330027205636725e-05,-2.042910819000099e-05,-1.8833841518407304e-07,-0.9823757255811995,-0.005475631610098035
695,0.9957942912716518,0.4952507487677595,0.09999959209633819,-0.00012597929344022133,-5.405856535005567e-05,-0.00023630744487490167,-4.682094368035905e-05,-1.8113891201210208e-05,-1.1269873074281504e-07,-0.9823285208802564,-0.005494153165983007
696,0.9957329910015242,0.49754575178443505,0.09999962706279802,-0.00012497729616095169,-5.258386388448795e-05,-0.00021542872832260889,-4.689558772952296e-05,-2.2209100279724225e-05,-6.446321407212563e-08,-0.9822771968135644,-0.005512201496707854
697,0.9956723956714946,0.4991461567535155,0.09999966572319262,-0.0001226660119166231,-5.073140733310725e-05,-0.00020866421524087957,-4.6069886593613774e-05,-3.342364288982935e-05,-3.991914932831307e-08,-0.9822218000518309,-0.005528971588547482
698,0.9956080343453801,0.4999357820841069,0.09999970557766114,-0.00011914076619949753,-4.840373328956831e-05,-0.00021558314291214418,-4.538010398391634e-05,-4.9458376452093944e-05,-3.682210650214661e-08,-0.9821623920168817,-0.005543337170154707
699,0.9955353277117,0.49980565317564946,0.09999974464423474,-0.00011451176654265189,-4.615261391770505e-05,-0.00023588044176179102,-4.607724986271933e-05,-6.597165338462219e-05,-5.117315031773747e-08,-0.9820990343942992,-0.005553925949588534
700,0.9954507339222831,0.49867153976472345,0.0999997814560255,-0.00010890252970389622,-4.554999404795861e-05,-0.0002693159660273698,-4.91916507598944e-05,-7.787522918079048e-05,-8.023313698472828e-08,-0.9820318005320798,-0.0055592357080625834
701,0.995352265204537,0.49648651305477304,0.09999981501323778,-0.00010245594133937478,-4.930989402843256e-05,-0.000315749670137422,-5.5178832553792745e-05,-8.182744932128116e-05,-1.2090849459721787e-07,-0.9819607583423324,-0.005557772654980412
702,0.9952402608005246,0.4932460913744456,0.09999984472842673,-9.532967784962347e-05,-6.10388580870748e-05,-0.0003751635684608234,-6.388255133060738e-05,-7.842456398066133e-05,-1.7023586672723597e-07,-0.9818859854592624,-0.005548184887650147
703,0.995116969087817,0.48898644964140686,0.09999987035256132,-8.769063757010787e-05,-8.466167573200775e-05,-0.0004476397415609232,-7.47641606722027e-05,-7.043633377179503e-05,-2.2807088345498147e-07,-0.9818075653033418,-0.005529358355920453
704,0.9949862399570346,0.48377566654836496,0.09999989189973807,-7.970495803526719e-05,-0.00012376935705197447,-0.0005333428661630306,-8.715016883797944e-05,-6.0423986724345013e-05,-2.90751864026872e-07,-0.9817255953515707,-0.005500470958765401
705,0.9948526948646381,0.4777024750705008,0.09999990957005114,-7.153934015112268e-05,-0.00018106065734919675,-0.0006324324992751612,-0.00010035655577667058,-5.005202547181398e-05,-3.568698891247881e-07,-0.9816401940579352,-0.005461010490827771
706,0.9947209069579908,0.4708734878894065,0.09999992368432097,-6.335364333219054e-05,-0.0002580440606835887,-0.0007451228502252849,-0.00011357745825080201,-3.961227412219159e-05,-4.262338231123962e-07,-0.9815515027319098,-0.005410769571098217
707,0.9945955567624434,0.4634052405460014,0.09999993462374358,-5.5297947738946833e-05,-0.0003548427896259608,-0.0008714136321087032,-0.00012582218914758414,-2.967940781672951e-05,-4.993414327735798e-07,-0.9814596905895787,-0.005349836151327599
708,0.9944811089041206,0.45542637037106787,0.09999994277529309,-4.751318959679831e-05,-0.0004700340597372717,-0.00101124292104455,-0.00013601721730083227,-2.165785917895846e-05,-5.779965769296649e-07,-0.9813649464616105,-0.005278584467408264
709,0.9943819673248566,0.4470790608787074,0.09999994849678737,-4.0126470595069195e-05,-0.0006005778482851736,-0.0011637131622143256,-0.00014324934454634786,-1.753618744260166e-05,-6.616394605202817e-07,-0.9812674968140668,-0.005197663684968766
710,0.9943027769126098,0.43849471149640984,0.09999995208557753,-3.3247282234497195e-05,-0.0007418991434107111,-0.00132849803130572,-0.0001470871939091012,-1.8797209122567438e-05,-7.542591604867197e-07,-0.9811675643929583,-0.005107971730849607
711,0.9942467390664865,0.42982856790683627,0.09999995377053006,-2.696391062330022e-05,-0.0008882101461109144,-0.001504895512460752,-0.00014788459520787,-2.5332608856842853e-05,-8.616346199373058e-07,-0.981065405885547,-0.005010613199649194
712,0.9942165350421914,0.4212406996225559,0.09999995370607297,-2.1334396007545226e-05,-0.0010332685412923733,-0.001692476054453884,-0.00014679934247396886,-3.351395935169421e-05,-9.893648899646714e-07,-0.980961227830885,-0.004906828289607335
713,0.9942138374863345,0.4128790398426679,0.09999995197770704,-1.6387364859226166e-05,-0.0011712514389511466,-0.0018037146768271931,-0.00014529556210618466,-3.918534639524296e-05,-5.5654308225963615e-06,-0.9808476793537384,-0.004797839279867632
714,0.9940641268902308,0.4078722463533979,0.09999995263965333,-1.244998915238781e-05,-0.0012780964012838966,-0.0020766744446702495,-0.00012852359213866293,-8.091253403108567e-05,-1.7075484642434985e-06,-0.9807363637353768,-0.004685447156447052
715,0.9943051005721665,0.39740810901111934,0.09999995170872067,-8.144923108350015e-06,-0.0013883644374479618,-0.002327335687238558,-0.00013101806689519435,-0.00017632864182814956,-1.6121871363322863e-06,-0.9806249420899587,-0.004570884984883552
716,0.9944770184073713,0.3892795664761145,0.09999994607784093,-5.051727456287267e-06,-0.0014788464415418565,-0.0025764869736753663,-0.0001389473327435553,-9.194546146318316e-05,-1.7910407478908906e-06,-0.9805133801960197,-0.004455059695256887
717,0.9946268613636976,0.3820451157674471,0.09999993709367301,-2.8395287184262438e-06,-0.0015485688058763183,-0.0027415692455296484,-0.00014892639592289925,-4.7436020395252854e-05,-2.07281257832037e-06,-0.9804012810602712,-0.004338841475274995
718,0.9948416053040441,0.37373475417801033,0.09999992537051802,-1.2028978015890552e-06,-0.001621727176628783,-0.002410808831243216,-0.00015894697571638972,-3.0498955311486498e-05,-2.2766311881398096e-06,-0.9802958755548293,-0.004223149081114097
719,0.995223910817056,0.36307708379010867,0.09999990102767649,-1.96589057108261e-07,-0.0017294302902536877,-0.0021296195287845055,-0.00018834782531484962,-0.0002758376649580896,-1.753439507565977e-07,-0.9802234225302602,-0.004107567264105024
720,0.9953985563097213,0.3599772040687855,0.09999985831671068,-4.491874248050776e-09,-0.0018675109293955945,-0.0019645351304361986,-0.00019555803737603128,-0.00023555684310849756,-3.815038166289362e-06,-0.980123719547732,-0.003992982071251106
721,0.9956562699608182,0.364452273046373,0.0999997943771942,-2.117327003823435e-07,-0.002002132889130238,-0.0018305289232365782,-0.00019372341921553016,-1.9160439478582703e-05,-2.4854276644264357e-06,-0.9800393168518934,-0.003878491969018296
722,0.9958398616241051,0.3741766910811472,0.09999970380117282,-5.131107922379014e-07,-0.0021199973876840543,-0.0016891500111705247,-0.0001742951717460528,-0.00020481974934227765,-1.716650325410094e-06,-0.9799544003517477,-0.003764769137970138
723,0.9959242848252121,0.38790214711954374,0.09999958728045553,-7.304112299109462e-07,-0.0022135070185722067,-0.0015539339106349958,-0.00017100969853345305,-5.903642886551097e-05,-2.4534920890208103e-07,-0.9798908824189763,-0.003651888981328859
724,0.9959523546567207,0.401685871059878,0.09999946051345476,-9.84015031358023e-07,-0.002303808612554603,-0.0015222310071843674,-0.000172846790519543,-6.243053212529048e-05,-1.7946528948797866e-06,-0.9798076783289954,-0.003539983300432246
725,0.9962220838225473,0.4225946019621357,0.09999931225424159,-1.1769283572699053e-06,-0.002387567919201494,-0.0014745339952187482,-0.00017543930152896792,-2.514404150133487e-05,-4.3458885175069416e-07,-0.9797197091225404,-0.0034292591685920557
726,0.9964091271359051,0.44228914422322957,0.09999913829277605,-1.193674756254311e-06,-0.00245452601088823,-0.0014184692404476354,-0.0001741186570143327,-0.0003916412824764848,-1.351684435902916e-07,-0.9796223591417471,-0.003320373279566754
727,0.996562898624338,0.4604431097221377,0.09999894675783919,-1.0488446888410225e-06,-0.002497774914320207,-0.0012721772000556018,-0.00017510440375190228,-2.310854324605316e-05,-4.017700941016337e-06,-0.9795317376526005,-0.0032137526889363605
728,0.9965475004574892,0.47496658317236107,0.0999987619404435,-8.669357801733919e-07,-0.0025305577415337126,-0.0012772785726220697,-0.00017699171439744532,-0.00011588141933316365,-7.240890040686093e-06,-0.9794135973429343,-0.0031095545553751474
729,0.9968796998391144,0.4884542741664546,0.09999857263711154,-8.286835606482236e-07,-0.002566128728432083,-0.001161628636800323,-0.00017943352577276528,-0.0001232659415109083,-7.797710637924358e-08,-0.9792936479646301,-0.0030076966004245797
730,0.9969421274274483,0.4962206999335363,0.09999839024059705,-6.997970931549329e-07,-0.0025835989477357157,-0.0011470527375604138,-0.0001998942025238648,-0.0007209587492980063,-0.00010272396177824058,-0.9791153548655898,-0.002909427556189015
731,0.9972975061212004,0.4999678148822063,0.09999820140409138,-5.562281260223485e-07,-0.0025766535795263253,-0.0010728586219640468,-0.00020356678578536958,-0.00019914876611437649,-0.0002574052085151044,-0.9789195588458773,-0.002814799460599631
732,0.9974682104000412,0.49777842984044407,0.09999802771582444,-4.782582381594424e-07,-0.0025965645121440156,-0.0010011433111188138,-0.00021770320017822087,-0.0003900042502209544,-7.0533260284983e-05,-0.9786886421269341,-0.0027231950113609966
733,0.9973956781179816,0.4903199173155598,0.09999789826852414,-4.076856834573393e-07,-0.0025890964172082037,-0.000987830418401173,-0.00023459471412934363,-8.427615830441937e-05,-0.00025341748764904455,-0.9784038322457236,-0.0026348956499986738
734,0.9979757629373367,0.4730961485394387,0.0999977862754151,-6.052487976895778e-07,-0.002596656110050308,-0.0009498361614462872,-0.00023933741613291204,-0.0006050710799172521,-0.00013835298708761938,-0.9781216537549974,-0.002549929172998307
735,0.9982698043109698,0.45137674963056923,0.09999763947550161,-6.284026364815835e-07,-0.0025474669365249504,-0.0006987719068482028,-0.00034215275081805885,-0.002213464118540287,-0.0001781562368586017,-0.9778356708398178,-0.0024678417156849515
736,0.998658544435006,0.4114239267601603,0.09999748727582433,-8.140462720838596e-07,-0.002507447725102295,-0.000508067261025432,-0.0002773126761894673,-0.0004141949466429651,-0.00010988779257201922,-0.9775621422290819,-0.002387504462400967
737,0.9990086190859057,0.3671240755917961,0.09999729310664289,-1.058688421199995e-06,-0.0024582858934801693,-0.00036377825932714395,-0.0003144291404169053,-0.0007501853979192674,-6.876012365091725e-05,-0.9773118779405969,-0.0023100966161103387
738,0.9993130136501903,0.32042672686156154,0.09999706551932286,-1.1934510038263905e-06,-0.0023200100056168047,-0.00030798714888740573,-0.00023474950285162777,-0.00036116241244599223,-0.00010571493426296975,-0.977065509629905,-0.002236985460738893
739,0.9995120107705127,0.3090514221667204,0.0999968156469978,-6.531973426805444e-07,-0.0021896949356857297,-0.00028767764873919774,-0.0001937782799359411,-0.00018394824292045087,-8.623780215417287e-05,-0.9768244057109406,-0.002169516710184676
740,0.9996260892138601,0.3003820331054652,0.0999965580885291,-2.1215690767049566e-07,-0.0020701710707896224,-0.00027882641277935126,-0.00014206163177732378,-0.000479474343592301,-0.00011030539500149924,-0.9765741745285622,-0.0021060204283791756
741,0.9996746835400518,0.293463942936541,0.09999630838355623,-1.7866964550534777e-08,-0.001967725343715774,-0.00022207505108954884,-0.00010396198922535405,-0.0005884476122446358,-0.0001244163091236051,-0.976298208635172,-0.0020491352915253396
742,0.999721025367815,0.305621237746129,0.09999604407073384,-1.650483967783253e-11,-0.0019163249341859082,-0.00017313768004109534,-9.021050209412351e-05,-0.00022652711777482182,-7.527975938581528e-05,-0.9760315343806447,-0.0019951701125542724
743,0.999613641054884,0.3169045098696901,0.0999957450668335,-4.9326187262966995e-08,-0.0018720087741433578,-0.00016648571393730992,-8.799544593784958e-05,-0.00019732127839233726,-6.524731362231483e-05,-0.9757597073166443,-0.001946437540308603
744,0.9994539150698503,0.3314319033787269,0.09999543403557054,-2.4604802759249393e-07,-0.0018308623803536986,-0.00016053553253352708,-9.028227214002982e-05,-0.0001224222796736285,-5.674438956446396e-05,-0.9754908643561591,-0.0019007058456336349
745,0.9992076326516973,0.34569068643639433,0.09999512937349579,-6.919422061347644e-07,-0.0017763151673860036,-0.00015902699700207063,-8.085322770057246e-05,-2.967419095512014e-05,-5.052982770662022e-05,-0.975226178024612,-0.0018579298145545424
746,0.9988975144531158,0.35900458816000247,0.09999484924757537,-1.3407950000201552e-06,-0.001719965027722043,-0.00016162624622332645,-7.282524893525988e-05,-3.215516699128784e-05,-4.5529466280521644e-05,-0.9749656145948669,-0.0018177486153308953
747,0.9985175466149773,0.37161264237577407,0.0999946034214469,-2.085751975191421e-06,-0.0016695180748833905,-0.00016620439384076955,-6.69346482027322e-05,-1.747877468005754e-05,-4.1325300023276285e-05,-0.9747090681544546,-0.0017798908415154772
748,0.9980469494324281,0.38402651739225285,0.09999439600306527,-2.839094654113082e-06,-0.0016236721096471185,-0.00017921711038187493,-6.547413067892194e-05,-1.156174130301224e-05,-6.71062052712781e-05,-0.974507705373763,-0.0017440396219932698
749,0.9974703211458344,0.39601076710350713,0.09999426369885725,-3.447028087772619e-06,-0.001587296445511461,-0.00019399493351174703,-7.011127308942378e-05,-1.9599621737143025e-05,-2.391646067143398e-05,-0.974269777334368,-0.0017102571296416544
750,0.9968368960557287,0.4049894888239962,0.09999416027776122,-3.683694778193091e-06,-0.0015608483884340235,-0.00021081715606153774,-7.223574357340112e-05,-9.327528096036986e-05,-2.5591455902384955e-05,-0.9740354484222907,-0.001678591908683309
751,0.9960736548509186,0.41449600486712884,0.09999406637057048,-3.945543675433895e-06,-0.0015217041305858035,-0.00022728129240631335,-7.528378773713484e-05,-0.0001713571255095303,-2.4080478114942036e-05,-0.9738005536551889,-0.0016493634126571637
752,0.9951932933139943,0.42344388615957884,0.09999399074506643,-4.2090765037168856e-06,-0.0014643502781838702,-0.00024860821441013395,-6.689276779070497e-05,-7.952027954161167e-05,-2.0312933091718086e-05,-0.97356935246882,-0.0016225918206483622
753,0.9941681171279325,0.4320094017708665,0.099993935703404,-4.27106433079897e-06,-0.0014219794856888393,-0.0002842581556526668,-6.135353032732382e-05,-4.4017844629706815e-05,-3.513363528778975e-05,-0.9733273896442584,-0.0015964095323216779
754,0.9933386501969357,0.43472341226529126,0.09999394113175186,-4.520106029556737e-06,-0.0013748972494426928,-0.0003199085776331822,-5.75998165004421e-05,-0.0001196237062686123,-4.824162521576774e-05,-0.9731576455801453,-0.001573456498454684
755,0.9917964524960461,0.4493155092001629,0.09999400558016915,-3.6719391972309005e-06,-0.0013500944301870071,-0.00036104010491345105,-7.032576104393229e-05,-0.00028091593412682414,-1.1020176456361316e-05,-0.9729411445379385,-0.001552962143270389
756,0.9900561738257612,0.456277534677791,0.09999404360992192,-2.749776611345439e-06,-0.001328647950001609,-0.00040122697334142793,-7.012386049609631e-05,-0.000444903620518744,-9.795027450305448e-06,-0.9727322500192866,-0.0015346463415681216
757,0.9881908786536152,0.46239349579023664,0.09999405009050395,-2.1790725368190596e-06,-0.0012884615718498338,-0.0004355992689644167,-7.97091270214878e-05,-0.00033412317861802876,-5.882258417888555e-06,-0.9725285750077133,-0.0015186992094733353
758,0.9862107867674317,0.46723853515793173,0.09999404418259382,-1.7924299350773198e-06,-0.0012345323452040047,-0.0004848239066909053,-7.432251004502177e-05,-4.991182140656747e-05,-4.016750247411483e-05,-0.9723628655622069,-0.0015033195113781108
759,0.9848112552180497,0.46731240490399045,0.099994089819201,-1.6713439205573992e-06,-0.0011860533066860508,-0.0005434036573647335,-7.16381982783787e-05,-0.00019210409664083272,-1.415976924165045e-05,-0.9722079726964306,-0.0014912035070983676
760,0.9821227543490563,0.47693177844979856,0.09999417466103423,-9.10580957052412e-07,-0.0011597569599715268,-0.0005993607958751484,-8.578279084758833e-05,-0.00039681693306192756,-5.710003320513785e-06,-0.9720520666057549,-0.001481104792537297
761,0.9790182335233849,0.4794829248551024,0.09999420924860027,-3.2802050320783274e-07,-0.001142252467203558,-0.0006660927206405963,-8.63528621266596e-05,-0.0005667076329700649,-1.831818650887271e-05,-0.9719182983516795,-0.0014728338858873262
762,0.9769231890624251,0.477657764381283,0.09999421705479633,-1.8292936946525188e-07,-0.0010884461432058227,-0.0005757257897733628,-0.00010624849528539926,-0.000512228871230036,-1.0693755608694626e-07,-0.9719228883484677,-0.001472227964499588
763,0.9738190459227485,0.48701779476400214,0.09999427602744852,-4.834485327313243e-07,-0.0009466424092072784,-0.0003225995826710111,-8.902765694074333e-05,-0.0008495075744576752,-0.00037482949994157986,-0.9718627037972821,-0.0014658697498727265
764,0.974396254859739,0.4826362037317382,0.0999944198489765,-4.979999044107183e-06,-0.0007227769972442834,-0.0002968961633511212,-9.845592285273597e-05,-0.002296471269801259,-0.0018230880708841888,-0.9717122573718607,-0.0014498751776515291
765,0.9731880215710252,0.48841097599483596,0.09999470698690816,-1.1372869989662766e-05,-0.0005629986187220857,-0.00026267271858167586,-8.014336344785988e-05,-0.0011362533550709486,-0.0029098458364297287,-0.9715788421392206,-0.001437839024824796
766,0.9715230318009234,0.48906037841481614,0.09999504618384639,-1.7333802863806794e-05,-0.0004779924737906307,-0.0005219630833577549,-6.522410694742575e-05,-0.000759927905164659,-0.005526576034310821,-0.9717071330158797,-0.001426443960866065
767,0.9718428495497065,0.4860210464942591,0.0999954449946369,-3.0329114792529656e-05,-0.0004452370198974285,-0.0006430028251380741,-4.332641401560977e-05,-0.0005697232554666698,-0.005426336106803379,-0.9717039580407022,-0.0014089567889213573
768,0.9681087910725061,0.4950935289796349,0.0999959060081555,-3.819985258309195e-05,-0.00025750933098567756,-0.001009305435113138,-2.792014493024908e-05,-0.0013821178581565619,-0.004443049007589507,-0.9717411330442213,-0.0013843102107393697
769,0.9677178926462799,0.4917357513508334,0.0999964101693656,-5.430379948708751e-05,-0.0002843013343087519,-0.0018523622450675532,-3.752427073777653e-05,-0.0014090929180383682,-0.011391857027970145,-0.9715660398020902,-0.001349909515870266
770,0.9680718806300729,0.4910235270135404,0.09999700182247727,-7.747772459577854e-05,-0.00034212633361334295,-0.002023543592629313,-2.8115402528783306e-05,-0.0008490120526403189,-0.011248387640278234,-0.9711711267635158,-0.0013053036625101228
771,0.965427979270979,0.4895600037838014,0.09999762950952876,-9.256349611328195e-05,-0.0005103044657491757,-0.002332848258606477,-2.1874722733628005e-05,-0.0004531310114543885,-0.015162605716334597,-0.9712633937018362,-0.0012674027870323383
772,0.9613502702942229,0.495974829410064,0.09999814219445247,-0.00010734793663055592,-0.0004617171237602135,-0.003472978505938489,-2.907253110606689e-05,-0.0014444520929828286,-0.01745006150085915,-0.9712266787566901,-0.0012177457694057816
773,0.9612588447987637,0.4945284418016658,0.09999868211136925,-0.00013622002849020105,-0.0007011581161633932,-0.0032133190757788438,-3.3039086702046916e-05,-0.000508560857269913,-0.00622126078377378,-0.971286215875619,-0.0011650146154349248
774,0.9553122962720402,0.49785042495702825,0.09999916044841112,-0.0001471251793073656,-0.0007724247370919865,-0.004478873006123436,-1.3296943507157266e-05,-0.0010129701113328338,-0.020580413322839098,-0.9712856987874057,-0.0011164084652422663
775,0.9550815682159598,0.49677939790533365,0.09999953865719158,-0.00017814475883517222,-0.0011383528595372955,-0.005212604035754453,-4.188382445136085e-05,-0.0015410557389259338,-0.015275367537156978,-0.9713808689387268,-0.001059377135626262
776,0.9537025600875908,0.4926941421375196,0.09999983334554091,-0.00020583199498623957,-0.0016241278095652958,-0.006786324784470766,-2.1055384422652423e-05,-0.0010749987559393048,-0.02731163336359013,-0.9710298197856351,-0.0009936517441238913
777,0.9536652131826174,0.49056597498919013,0.09999998822707712,-0.00024183269260650973,-0.002158139920390341,-0.006124869963961196,-5.0466063839849085e-05,-0.0007272639777511358,-0.02491720060404797,-0.9713810715269713,-0.0009333657140928631
778,0.9420770619707445,0.49861784013334554,0.09999995934947069,-0.0002551953980841527,-0.002159449881563021,-0.006334616578242679,-6.031487282598391e-05,-0.002071334747597575,-0.021090065341446095,-0.9710773873305918,-0.0008687298807069617
779,0.9386488515363522,0.49329883192488905,0.09999975814128041,-0.000283412915198129,-0.0029662678051962745,-0.007819352189457526,-3.626334000728093e-05,-0.0030747537966817617,-0.027662960671893395,-0.9712771551492042,-0.0008051879648836135
780,0.9381565134913646,0.49140577378892214,0.09999935797228914,-0.0003202262801959798,-0.00364410847045891,-0.008720499208978615,-7.286555046448484e-05,-0.0023290547542274,-0.03404354568974071,-0.9712854319506745,-0.0007414235002590794
781,0.9340479229923789,0.49288111840007726,0.09999865353036358,-0.0003532796523350414,-0.004171543886461294,-0.008789732492399133,-5.75289705011528e-05,-0.0006576020387001336,-0.037957569457150245,-0.9717918754242174,-0.0006877029465639571
782,0.924716194167075,0.49820199951182315,0.09999772609729857,-0.00037638771679606646,-0.004538252650747332,-0.009910813510350476,-6.332140765152872e-05,-0.0004511713923420757,-0.04032092453816116,-0.972400663712198,-0.0006373710014602219
783,0.9224908279747335,0.4957953642441292,0.09999642722021324,-0.0004173871736039452,-0.0054760237075879336,-0.010434733791423977,-3.682929673232138e-05,-0.0006948814843781292,-0.042375970355564896,-0.9725574584129544,-0.0005937305643239433
784,0.9188337193586363,0.48999910204819486,0.09999486258576207,-0.00045050379209660266,-0.006436325725554846,-0.011754042513955107,-5.53710269741714e-05,-0.0007036440074443817,-0.03723777571382112,-0.9728083280273124,-0.0005594133168124367
785,0.9152414487348218,0.4878718762620094,0.09999282214270949,-0.0004649723015787652,-0.007149305060735027,-0.009832612573236298,-7.434835424646735e-05,-0.00035214031231589615,-0.03405964725460336,-0.9735615732089289,-0.0005393752954359508
786,0.8955016074876629,0.4993399003875765,0.09999042922102402,-0.00046130778475543337,-0.007579414071615069,-0.010421223000448059,-0.00014034278865437955,-0.003531362395733595,-0.0385548012282752,-0.9741917265192112,-0.0005300675295664573
787,0.8893153457426832,0.4967342564688128,0.09998767921224361,-0.00048017639955025054,-0.008911923913094928,-0.010427581679750556,-5.206678906688467e-05,-0.00425630621612072,-0.03830347601823573,-0.9745732744422435,-0.0005390863593081296
788,0.8812233203822358,0.49093187624516677,0.09998467744254336,-0.0004977346055078083,-0.010070071435769566,-0.010700460480068272,-4.768465805682354e-05,-0.0023569806944578886,-0.033933981505242586,-0.9750402510843635,-0.0005665887147339429
789,0.8708588977554648,0.49498304088343203,0.09998104682102264,-0.0005096410673232818,-0.01109780910199516,-0.009303503041912874,-7.7264012361411e-05,-0.0010313545353710651,-0.036077935526862774,-0.9759226623989452,-0.0006176409424956682
790,0.8520415098104576,0.49905084116218923,0.09997724896139029,-0.0005170993800728707,-0.012212080552528832,-0.00939398761693158,-7.960126094985753e-05,-0.0008008719305507839,-0.03309266151005912,-0.9763876913265579,-0.000694129111865669
791,0.8419492544525523,0.4938393373648875,0.0999733816009825,-0.0005386904793689049,-0.014013773183279097,-0.010763426684213278,-4.3995176383759826e-05,-0.0018885921454057097,-0.030045512081452452,-0.9769892178128693,-0.0008005662375124332
792,0.8359878376740086,0.4931795324501905,0.09996881554861449,-0.0005623493426805282,-0.015621433888363123,-0.009644719130036781,-5.415017585619353e-05,-0.0011443885741755366,-0.025988942638334872,-0.9776398169808633,-0.0009402681705092694
793,0.8159489868571436,0.49999995360657684,0.09996365224938192,-0.0005786693568913498,-0.016955215333129988,-0.011446920158904715,-0.00011547057511052117,-0.0021163637284189463,-0.037914317157705796,-0.9789841338153814,-0.001123549444931599
794,0.8128408526533528,0.4993653569338219,0.09995795088208852,-0.0006383331349133663,-0.01880608196980346,-0.01219961728958377,-7.285813626367599e-05,-0.0020840277429670095,-0.04566176578491435,-0.9804619120072463,-0.0013541184590462128
795,0.8028333432115684,0.49080505806458985,0.09995114345839878,-0.0006920000384200905,-0.02053852988407516,-0.009091648642642532,-8.282807539217174e-05,-0.0019491731654852629,-0.03188213762258323,-0.9817578606550623,-0.0016379668326149024
796,0.7765121594875408,0.4922519974764101,0.09994489879558663,-0.0007357735214182207,-0.02322217295908167,-0.011081906369759097,-6.405349995475262e-05,-0.002306960057467222,-0.03796122460729882,-0.9834444522960468,-0.0019782941826397902
797,0.7785642730500673,0.4939484963824418,0.09993851477341568,-0.0008286983181828117,-0.02657719564624659,-0.013245303090452864,-8.166855695890263e-05,-0.0012843182776123285,-0.04663197790638114,-0.9848800661014991,-0.002383594052106132
798,0.7813650614094068,0.49515727239236357,0.09993095929591489,-0.0009290106734455547,-0.029963343404033012,-0.015698985648476917,-8.171690569724888e-05,-0.0017067614244297147,-0.05635464592814263,-0.9863994240971095,-0.002862025927893444
799,0.7847684538419567,0.4962823949806708,0.09992209334655733,-0.0010378025078907585,-0.033737334886148315,-0.018381714723183843,-9.322611731477082e-05,-6.33267845842056e-05,-0.06715916964018219,-0.9880072829946078,-0.0034236340549240853
800,0.7887598886658692,0.4970934322550907,0.09991176323789355,-0.0011552562635171947,-0.03781349868495267,-0.021306296080849475,-9.286781278206035e-05,-2.3181910364655778e-05,-0.07905948111033585,-0.9897090010294436,-0.0040785292827542246
801,0.7934366273432131,0.4976374248836826,0.09989980063910192,-0.0012813375339314518,-0.042150446806958695,-0.024467552580762407,-8.83663451531902e-05,-2.2834454284748062e-05,-0.0920765131861742,-0.9915100495258757,-0.004837109779719745
802,0.7988159606624906,0.4979625075301229,0.09988602260997953,-0.0014160657056540172,-0.04672869815819983,-0.025477449878966364,-8.148081542458385e-05,-2.2214257114683278e-05,-0.10622575813092208,-0.993416022326869,-0.005710240799484938
803,0.7935417139293339,0.4896215729463649,0.0998702316415721,-0.0015435863054858378,-0.051414221298347974,-0.024268999357541544,-0.00011909030581591651,-0.0003519331512507051,-0.11456132297761766,-0.9962292903632362,-0.006711604974384983
804,0.77475708040196,0.44641287083672876,0.09985458689352125,-0.0016448102527639927,-0.05594081568396597,-0.02180500429327333,-0.0001592545013409108,-0.0010439376346766949,-0.06915682109198772,-0.9977263435273507,-0.007851646189695423
805,0.7627722825164112,0.48370334596441705,0.09983899268059174,-0.001760925717396947,-0.061349048654608475,-0.02347689724904268,-4.201873889542185e-05,-0.007119528949260712,-0.0805058636575388,-1.0000671738185074,-0.00913912470248047
806,0.7595728679317657,0.4786683019175888,0.09982297501054879,-0.0018364619383982978,-0.06606992159935629,-0.025379471732956984,-6.746920553268865e-05,-0.002680737990885973,-0.08791408290875194,-1.0018668661493644,-0.010583532557978812
807,0.7562562324807413,0.474682503043313,0.09980481762851108,-0.0019169511392486396,-0.07159025015668488,-0.027618627360522775,-3.6374989576870576e-05,-0.0008700001053512096,-0.0958708067540472,-1.0038441177513102,-0.012202983257799916
808,0.7536139224517272,0.46899270149797817,0.09978432360499997,-0.0020051626742273324,-0.07778100970451743,-0.027169597214239668,-4.418192838784307e-05,-0.0002711443812586367,-0.10420816559711871,-1.00601293622701,-0.014015719583206857
809,0.7387018969918704,0.434452224371107,0.09976128158012108,-0.002088909260874736,-0.08480076657534158,-0.024565494949913814,-9.098277951125056e-05,-0.0007485935930162668,-0.10814696654644251,-1.009126253098916,-0.016054158884465104
810,0.7127492060247167,0.3584644556974385,0.09973897536233509,-0.0021778846722227533,-0.09294312812314791,-0.027180986228462455,-0.000173970140167512,-0.0017409247811883688,-0.11107971365952947,-1.0123949304534985,-0.018328880180897435
811,0.7185445609473716,0.3592130464940019,0.09971485441741199,-0.0023245826862262585,-0.10118743995456718,-0.03023018834553006,-5.1649341912707314e-05,-0.0025188778527081013,-0.1264597476171105,-1.016061730436455,-0.020843506559134094
812,0.729099026727095,0.302066776856486,0.09968792536356845,-0.0024968332076030168,-0.1069154606435957,-0.03421255725271127,-5.788912676507607e-05,-0.0012274044565856457,-0.14529956513916045,-1.0200515286799112,-0.02359913507507566
813,0.7483791299827598,0.274624923440508,0.09965795858800254,-0.0027161344258973597,-0.11321065593856468,-0.03846125511511236,-5.435305865830742e-05,-0.0002221251343144104,-0.16442693495137928,-1.024287647489205,-0.026606904866431594
814,0.7683468426101201,0.24703772959199602,0.09962471036908063,-0.002938146137261883,-0.11936998812644334,-0.04290724048815399,-5.9636640798999e-05,-9.89717009360902e-05,-0.1843617230835781,-1.028754574847715,-0.029877066558085367
815,0.7884147869668847,0.21974411068436928,0.0995879228878596,-0.003161368862282438,-0.12559913714776227,-0.04441148109788034,-5.8937715948559344e-05,-7.535098848165944e-05,-0.20497920233612252,-1.0334539866785466,-0.03341851954620095
816,0.8023465421946807,0.23675422752149722,0.09954732435270985,-0.0033805191188124297,-0.13217413432139388,-0.04330066527487172,-3.223072417313233e-05,-0.0008889991440810263,-0.19491412829949378,-1.0360191860248718,-0.03726356123756704
817,0.8080259850114145,0.31326978663164345,0.09950846538246508,-0.0035712202509734954,-0.13942706789442938,-0.047404820225240625,-2.9200013159424998e-05,-0.000939558376558125,-0.16214703374029318,-1.0385201738447996,-0.04139146003426862
818,0.8274975634197111,0.2966136026273508,0.09946712459583582,-0.0037547802653607304,-0.14516534575715093,-0.05168300225821473,-4.421663470566273e-05,-0.0010103096719831228,-0.17791375696040043,-1.0408838775959655,-0.045816729026832946
819,0.8468368552737761,0.2777342251016974,0.09942175439527925,-0.003935204680234637,-0.15082979753244327,-0.0420882260892654,-3.949816164094955e-05,-0.0015348084270954132,-0.15008483265111458,-1.045177105020207,-0.05063358229765549
820,0.8096901687187772,0.09027659202737767,0.0993767009494553,-0.004090822692505472,-0.16165584751942252,-0.04518619939461634,-0.0001422432396793738,-0.0027243017684668303,-0.16481668707136837,-1.0489362387542167,-0.05570708460197055
821,0.8253262869105622,0.06410303014563902,0.09933220175400001,-0.004219585985067289,-0.16570641536254346,-0.04800735523290338,-0.0001166780712082982,-0.01460758876055479,-0.1745514614069489,-1.0539618449974266,-0.061101750699287284
822,0.8376118159142774,0.03534972421785157,0.09928354400160583,-0.004310712950361697,-0.1666255404727212,-0.05106129937528422,-6.30479771643877e-05,-0.005331637803465128,-0.1839281979241835,-1.0594468286138015,-0.06673649833579105
823,0.84929632961792,0.01722112191084982,0.09923045902449634,-0.0043913554605999544,-0.16628356602378255,-0.054301566466114906,-6.521493924083188e-05,-0.00020464493718463928,-0.19258185214711934,-1.0654371984896225,-0.07257796421547655
824,0.8598849832918516,0.007409376074104159,0.09917266469833513,-0.004456404444878941,-0.16376700142484807,-0.05773222351896508,-6.979903992032632e-05,-0.00018519509467296302,-0.20034595715083559,-1.0719893078960145,-0.07857712796002865
825,0.8689901030590957,0.0028372668155019374,0.0991098655629892,-0.004505205560434029,-0.1589326088064284,-0.06136981085355882,-6.974886491661891e-05,-0.00015875925600994378,-0.20708017195740044,-1.079166650131578,-0.08467546318437492
826,0.876291730804953,0.0009852373453617838,0.09904175301522605,-0.004538169800750195,-0.15172344964596593,-0.06646017981722607,-6.343126005958766e-05,-0.00018913236272055656,-0.2180586357875597,-1.0866998353442023,-0.09078119841373254
827,0.8875677126271586,0.0008374066843663682,0.09896800539745172,-0.004617758254368171,-0.14081105106994457,-0.07201309356428809,-5.2134400903014466e-05,-0.00027833820786327124,-0.2273910886667923,-1.0945783513065315,-0.09681498905475798
828,0.8931826597202186,0.0008964091588478314,0.09888828782716153,-0.004691411669184217,-0.12785731088489816,-0.07778310480445103,-5.3140378440730274e-05,-5.636146670440212e-05,-0.23646870989342916,-1.1024291961294859,-0.10266951471481084
829,0.8916663733624378,0.0010291900051459556,0.09880225432835751,-0.0047508708504156085,-0.1136649724088174,-0.08375432428949289,-5.8272722526453435e-05,-2.692309681151528e-05,-0.24468995441094848,-1.1103848175612234,-0.10827360783730844
830,0.8836744959623972,0.0012817766021718958,0.09870954604677275,-0.004801134502043007,-0.09868618764319788,-0.08992121040833173,-6.390074122464284e-05,-2.3601754946867004e-05,-0.25214310326950085,-1.1184519036413823,-0.11354961039957594
831,0.8702946618021374,0.001736311733011705,0.09860979226581074,-0.004847936415729604,-0.08350652372599326,-0.0962851155285605,-6.951823161216453e-05,-1.5961782992235385e-05,-0.2589220467111168,-1.1266373073729832,-0.1184261784058793
832,0.8528955948002309,0.0025490090046647665,0.09850261073909583,-0.004897247849368034,-0.06869768449127421,-0.10252995745437017,-7.509036367991939e-05,-1.3038963516009971e-05,-0.23750537793316948,-1.1337488372099265,-0.12206139039620147
833,0.910625448697462,0.0005209296935188729,0.09838761091030193,-0.005081113362279659,-0.02670978971222482,-0.10963266460122403,-7.243392610689625e-05,-0.000551440694835037,-0.23039885711303765,-1.139627433086832,-0.12461361813067232
834,0.939544177405042,0.0001242981577514665,0.0982643827679584,-0.005269427263553748,-0.014659990468252582,-0.11748571490827982,-0.00011405502300476655,-0.001377434586174786,-0.2265467200260387,-1.1435648368736133,-0.12541660889355205
835,0.9318287591367178,4.934505325476344e-05,0.09813251455261365,-0.005445572369837325,-0.025980739420262466,-0.12587712159662331,-9.79851683950983e-05,-0.00030913471709936857,-0.22709506358876094,-1.1462253449238435,-0.1251123074698547
836,0.8994729579565255,2.961657701383128e-05,0.09799158187542702,-0.005620254300213542,-0.050468258964180585,-0.1346662070266749,-6.736260547768325e-05,-0.0014571738429367542,-0.23017226146147404,-1.1478533156500916,-0.12396214869696241
837,0.8524366340627235,2.4826036531472054e-05,0.0978411509392732,-0.005803318276576732,-0.08166488729020147,-0.14382180842401573,-6.823083822382614e-05,-0.0008428483852185309,-0.23471512279529502,-1.1486426122420441,-0.12219547344082723
838,0.7983231408846809,2.7188982252409117e-05,0.09768077907620115,-0.006004069287464251,-0.11533974423891867,-0.15329051882867822,-7.124054536689073e-05,-0.00042759496136568487,-0.2400602817207379,-1.1487622023975705,-0.12000970377328796
839,0.7425777397847052,3.709745512979627e-05,0.09751001533436691,-0.006230680724956953,-0.1487301866177374,-0.162975914706241,-7.771373202558607e-05,-0.00016502784274052829,-0.24573154051758217,-1.1483659081415183,-0.11757151278842254
840,0.6888446653120003,6.134292536234932e-05,0.09732840109978712,-0.006490643095906575,-0.18007156952402514,-0.17280760584898935,-8.188094216166064e-05,-5.7277506130049005e-05,-0.2513994713484659,-1.1475967904613802,-0.11501825238040467
841,0.6394515784653975,0.00012049525505926083,0.09713547075159908,-0.006790697269709307,-0.20827318927504157,-0.1827554758031932,-8.209182851715013e-05,-3.923675831174478e-05,-0.25685130718078497,-1.1465917905308791,-0.11245960231965815
842,0.5958285918177114,0.0002757238583523588,0.09693075236127308,-0.007136714069163489,-0.23271754002264008,-0.1929306918341348,-8.024177805054933e-05,-4.1116978536592796e-05,-0.2619616834324978,-1.145485490253165,-0.10997929462962983
843,0.583709393970751,0.0011698180229558414,0.09671376843780495,-0.007745613998577105,-0.23528624734770312,-0.20460277054593107,-7.220104453153908e-05,-0.00010857871529879048,-0.22839267477896374,-1.1454620118788128,-0.10741620546554338
844,0.6899840551692792,0.015388726628127448,0.09648403562666419,-0.009317890611155894,-0.1678487354108263,-0.2175536822546067,-6.667737034149468e-05,-0.0006661474471911788,-0.2128587665130678,-1.1466540187326806,-0.10464459447013459
845,0.7795590538385606,0.05680795665909885,0.09624106816529374,-0.010728686979294362,-0.12372544629217305,-0.23152009998666975,-0.00015973699919413775,-0.001828654552809894,-0.20379532831413033,-1.148759184219298,-0.10172523962372104
846,0.8470652169003704,0.11421502788731575,0.09598437697844714,-0.011976754177479709,-0.09496603120046956,-0.24600599242741514,-0.00019555861945264041,-0.00014034601917956024,-0.1986134594098501,-1.15152261486541,-0.09867972581413845
847,0.892565473661661,0.16877036309474377,0.09571347075714594,-0.013073748666092223,-0.0765269252920822,-0.26077991222390745,-0.0002261009212816134,-0.0003970972029492259,-0.19592732694947668,-1.1547633594448916,-0.0955246732525262
848,0.9193852866637938,0.21288305679304348,0.0954278570094243,-0.014035845368529655,-0.0651171515268538,-0.2757080705783323,-0.00025308688054792583,-0.00034417639835737646,-0.19490585313514167,-1.1583477520425636,-0.0922737156256401
849,0.9321317082721016,0.24669699870475692,0.0951270431113497,-0.014880510285182223,-0.058534672014195516,-0.2906917236562468,-0.0002631189418025315,-0.00014644674956798553,-0.19501502890187936,-1.162177100448092,-0.08893895458672987
850,0.9353231158872835,0.27277454068948637,0.09481053741009299,-0.015624406781084588,-0.05527202873317275,-0.3056766144362737,-0.0002648971858434379,-8.438553777523339e-05,-0.19591905871792215,-1.166177998282773,-0.08553194526039241
851,0.9327139283818986,0.2938140145751495,0.09447785037072597,-0.016282339384792305,-0.054279528311845356,-0.320642401341343,-0.0002662558399606496,-6.35865144431591e-05,-0.1974024656860504,-1.1702950201739337,-0.0820642780215899
852,0.9271102244304844,0.31187067666954393,0.094128495769449,-0.016867061931658985,-0.054818852133161344,-0.3355900489567573,-0.00027008188772015274,-5.420386514742859e-05,-0.1993252519924092,-1.1744853431006088,-0.07854788645363114
853,0.9204516309512901,0.32826506965880387,0.09376199193586521,-0.017389415169229098,-0.05636705995381054,-0.3505328595125572,-0.0002764534146990627,-4.2640203901100904e-05,-0.20159465499649218,-1.1787146311910797,-0.07499515749251458
854,0.9139892560036591,0.34371527465247026,0.09337786304446388,-0.017858589523590204,-0.05855129771503911,-0.3654902594303362,-0.0002840127854142338,-2.9679473300348036e-05,-0.20414750391745096,-1.1829540585648564,-0.07141890097773083
855,0.9084682618098522,0.35852270565176375,0.09297564045484928,-0.01828240623495557,-0.061104326130802376,-0.38048414420613164,-0.00029136837110854685,-1.9321274521644227e-05,-0.2069396982194799,-1.1871783832930336,-0.0678322234587612
856,0.9042803575506787,0.37273613291810126,0.09255486409983037,-0.018667563605507743,-0.06383426208698362,-0.39553715148757446,-0.00029774990980513394,-1.2320688256295398e-05,-0.2099397737744516,-1.191364805720195,-0.06424835145249257
857,0.9015801677077037,0.3862703025687215,0.09211508392012614,-0.019019833736374083,-0.0666035713687514,-0.41067174462169453,-0.0003029108920600265,-7.828607522242237e-06,-0.21312466086342777,-1.1954923241615505,-0.06068044111731891
858,0.9003695401620343,0.3989832179885186,0.09165586134404764,-0.019344215626885177,-0.06931421234786438,-0.42590965855991386,-0.0003068716323468834,-4.967824679624755e-06,-0.2164767733269456,-1.19954139822489,-0.057141394987098505
859,0.9005565262399533,0.4107244483204794,0.09117677081011469,-0.019645056178062836,-0.07189720177047065,-0.44127146589661775,-0.00030975230038166046,-3.159720108669717e-06,-0.2199821539138289,-1.2034938018416785,-0.05364369269114665
860,0.9019957433544887,0.4213650214519568,0.0906774013301642,-0.01992614965368188,-0.07430552371476223,-0.4465923394992244,-0.0003116987063549459,-2.0379591205710312e-06,-0.22362965036807303,-1.2073325787915214,-0.05019923619672342
861,0.9179854328976075,0.4096958045056216,0.09015735809010636,-0.020054861889930494,-0.07940462610662677,-0.4173786536879463,-0.00028912481502629817,-0.00019215962674934417,-0.24178234097853757,-1.2082741979920026,-0.046596056216829176
862,0.9673352971475544,0.30064636449934384,0.08964233654789372,-0.019589476091779075,-0.09773052987294932,-0.4036438792379399,-0.0002143389720004052,-0.006731842178851366,-0.2432893719453941,-1.205191437277038,-0.04278558966410245
863,0.977804465726255,0.19723798593538713,0.08913981988688059,-0.019231043448897197,-0.11528137679789006,-0.39886647909196127,-0.00020639995636884123,-0.006048009265214205,-0.23889507964691603,-1.1988017815213698,-0.03886437616741268
864,0.9693837178913305,0.10492111773171299,0.08864394284108494,-0.018962643062539,-0.1324770457507153,-0.39990418616903256,-0.00039260322228074074,-0.011385097168385983,-0.23185368465626227,-1.189834002783078,-0.03489897999378287
865,0.9537600838568063,0.04586846060897161,0.08814972329609255,-0.01875150465056476,-0.14922886480758218,-0.40344375127868876,-0.0003214475582353771,-0.0024878287222236395,-0.2238118817299958,-1.1790095284099595,-0.030950205409623274
866,0.934885905771089,0.01782440165779913,0.08765312885557944,-0.018564672999618517,-0.16540105623409926,-0.40855102487872447,-0.00024983816547319293,-0.0022551233414560556,-0.21629103790153903,-1.1669844006395225,-0.027073816044440535
867,0.9137599995757902,0.006645064958674082,0.08715099261236997,-0.018383181847842326,-0.1809281338548772,-0.4148922004227523,-0.00021148778614588082,-0.0005064858123660088,-0.20996331048789574,-1.1542851793801898,-0.023321285876899724
868,0.8904061736799203,0.0025336995348384213,0.08664077154184563,-0.018199261249324254,-0.19578960621723446,-0.42214178120440415,-0.0001654239313211292,-0.00042212128755636513,-0.2048759226134275,-1.1413019498191281,-0.01974020389215198
869,0.8644579843593317,0.001038450195433388,0.08612040903937788,-0.01800858292540614,-0.21001379406548848,-0.4301061982782135,-0.00011770659330068156,-0.0005426654242910445,-0.20090785184205104,-1.12830507867537,-0.016374273816743504
870,0.8356463412171327,0.00046522481885883336,0.08558828001660561,-0.01780898890709134,-0.22370866584901639,-0.44031583099185084,-8.68242495926097e-05,-0.00031924585346132517,-0.1981913031150646,-1.1156813284077323,-0.013279108953412423
871,0.8060086617258522,0.0004096067297084637,0.0850415422464611,-0.017652455130715384,-0.23199757628292045,-0.4513628231651441,-6.936886347830296e-05,-0.00029118615202605724,-0.19616730806647587,-1.1035028691726345,-0.01049139342043547
872,0.7736075942788458,0.0004315012156353317,0.08447648057802305,-0.017495557660349766,-0.23896864511117233,-0.4628958124808292,-5.986130054225214e-05,-0.0001599076931597665,-0.19482484771936004,-1.0919742096874578,-0.008046008046381826
873,0.7384013626104002,0.0004734380542240364,0.08389286067038484,-0.017328899045644903,-0.24566613459194206,-0.47490655154089767,-5.224841152084991e-05,-0.00014315239968709648,-0.1939503835217119,-1.0809537555642594,-0.005957954761685832
874,0.7008272508376208,0.0005343251211018595,0.08329046469909475,-0.017153370343888693,-0.25213473795673375,-0.4873761702333972,-4.8471978516317904e-05,-0.00010667528840713203,-0.19346265670908716,-1.070396082215472,-0.00424572446214907
875,0.6612953217040405,0.0006177226819129974,0.08266909346944472,-0.01696920491475429,-0.25840351300002085,-0.5,-4.803821138921194e-05,-5.40341752639506e-05,-0.1933028868415434,-1.0602590470601443,-0.002926758534073929
876,0.6202175504032345,0.0007318897151818935,0.08202856776199949,-0.016776307491290755,-0.2644822559676894,-0.5,-4.892998549621552e-05,-2.4819615646265447e-05,-0.1934199251507435,-1.0505043029872256,-0.002017519511851665
877,0.5780421163671847,0.0008892016428508617,0.08136872968305883,-0.016574539231993608,-0.27037151866989345,-0.5,-5.0161332183051854e-05,-1.3560477782448288e-05,-0.19376746066278813,-1.0410972481560976,-0.001533488561182901
878,0.5071096337135733,0.0012979324470874943,0.08068944401593764,-0.016115891506423067,-0.28899729012091974,-0.41032235985217763,-5.8069163060281426e-05,-0.00013957647024653852,-0.1837597185375816,-1.0322055965410937,-0.0014451521823880538
879,0.3291902249415884,0.003952906302059319,0.08003790437409129,-0.014585778106219085,-0.37150495994796173,-0.3548270881907031,-0.00015129544772207737,-0.0030452387873083353,-0.16778876507408783,-1.0240703488549479,-0.0018983919314364264
880,0.21616046725238952,0.01543695732929407,0.07942628887353953,-0.013310469705862428,-0.454445366011585,-0.3200796072256614,-0.00015214845188893378,-0.00470722746104002,-0.14604254151285204,-1.016844205289943,-0.0031010568109060546
881,0.1481083230689166,0.06333303831321584,0.0788412183766524,-0.012204319338485946,-0.5357083367681448,-0.3166168137284806,-0.00041248335037380457,-0.014784781262278557,-0.12933918298669292,-1.0104638354718811,-0.005203449572429023
882,0.11812368619193804,0.10906119261284239,0.07826252549902381,-0.011532391405562894,-0.5673213608918631,-0.3200952766693158,-0.0007788316579535604,-0.02302994765341282,-0.11442547103935136,-1.0048968868608321,-0.008288752937672941
883,0.09400283826167462,0.13352956803511382,0.07766707936764597,-0.010895581084409283,-0.5887021545969023,-0.3249079545297415,-0.0008531111525371671,-0.0015324819833040237,-0.10360746864916104,-0.9997910621337822,-0.012360223902553492
884,0.07302099638309416,0.1508878030389549,0.07705478432219334,-0.010240868875360628,-0.6090385053602276,-0.33129095321889773,-0.0007729901117272675,-0.00040406768675893545,-0.09478909932687217,-0.9951099164170085,-0.017467416286424814
885,0.055702325246534796,0.16145379960434933,0.07642554929514521,-0.009576556952998368,-0.6289976578206535,-0.3389892016275459,-0.0006979603786021471,-0.0003628888516686857,-0.08764548322787252,-0.9907540714615714,-0.023644074116774803
886,0.041840393985336934,0.1673853658999864,0.0757793008114504,-0.008906891074709527,-0.6486911379381072,-0.34771471896373213,-0.0006700131925754249,-0.0001930959988385439,-0.08197147601101755,-0.9866456104413077,-0.030919972089989776
887,0.031000926495565153,0.17038083055013878,0.0751159840605626,-0.00823474400249405,-0.6681068092134603,-0.3572940851458689,-0.0006576961604878306,-0.00020653776300605386,-0.07763344110644402,-0.9827236012846474,-0.0393204877374622
888,0.022700978482854545,0.1715856594247622,0.07443556395934862,-0.007563225148166748,-0.6872455032244994,-0.35312368594315435,-0.0006520162569358945,-0.00023257362772710621,-0.10273502635190541,-0.9780161183532666,-0.049039066618925375
889,0.017035757240006576,0.06056563280752132,0.07374828315695661,-0.006651700342921391,-0.740284458274205,-0.3509402203240758,-0.0006209583953022957,-0.002166698221117258,-0.15773157416465106,-0.9726476278444509,-0.0601079772853666
890,0.012594996751396177,0.01759819897247921,0.07307175715875024,-0.005761848696329217,-0.7931487503829213,-0.35267530231279565,-0.0006730294553562999,-0.005325383506715298,-0.2449962447993268,-0.9657913713984396,-0.07274483787857533
891,0.009119308770472631,0.006989754899311081,0.07240106893298003,-0.004942565970064341,-0.8372985052515791,-0.3574192859826579,-0.0006363376742228866,-0.0035332930274307728,-0.350992135393996,-0.9581163956597583,-0.08685683487226539
892,0.006498538609741798,0.00430999605472389,0.07173178662350269,-0.004180470046509833,-0.8732103339043572,-0.3646455937403698,-0.00045016210060566664,-0.0017321681370958686,-0.4667474790073592,-0.9498532182454922,-0.10242147496757477
893,0.004557977015470819,0.003975967781352704,0.07106178548643942,-0.0034304277701945785,-0.9039982436010462,-0.3738216780691742,-0.00028127708355896175,-0.0016751616494730115,-0.5876331242137484,-0.9411749692909368,-0.11939019801512073
894,0.0031601487175833953,0.00597923542595826,0.07039109944808385,-0.0027011915022134097,-0.927612801261114,-0.3845515047105977,-0.00019972784502897412,-0.0007597221410833299,-0.7101524276420181,-0.9322173688564613,-0.1376726049482634
895,0.002180360322598726,0.015088603414547243,0.06971953459949458,-0.002030878595083401,-0.9401414417257999,-0.3989888487722175,-0.00016620574751868844,-0.0002401752135483548,-0.7805760939675648,-0.9232064022091481,-0.15708371101142027
896,0.0014940231890152233,0.052426974949369064,0.06904154486099032,-0.0015443947649096629,-0.9357363257736041,-0.4147006283778075,-0.00015475216787308455,-5.8688696299213916e-05,-0.859969579894293,-0.9142159986482208,-0.17745837816797538
897,0.001030998102312313,0.15368067488153395,0.06834798522219714,-0.0011389477005270359,-0.924270200846074,-0.43113120098844,-0.00014188181376084685,-8.20366622065194e-05,-0.9229946766235653,-0.9053886522285354,-0.19861161630843208
898,0.0007204274785099898,0.3313162897326925,0.06763893296707961,-0.0007946439500898123,-0.9079147149893286,-0.448174218313369,-0.00015323274419642985,-0.00017321632185485214,-0.9751389509222511,-0.8966778693042912,-0.22042126431591683
899,0.000511349721309003,0.4845039723744083,0.0669144880855816,-0.0005127272984945192,-0.8876083817530305,-0.4657904689875939,-0.0002027546288445592,-0.00042390255839563906,-1.0,-0.888101100311118,-0.24275173071779765
900,0.0003699894067040699,0.45829325580153896,0.06617477223688904,-0.00029350778498954833,-0.8644919073474657,-0.4834361642633354,-0.00027503338060341775,-0.0004699535493273288,-1.0,-0.879685180606267,-0.2654792170498777
901,0.0002756023672131175,0.2923049559015315,0.06541992950240098,-0.00013251053455048676,-0.8404324717984464,-0.4358186792171961,-0.00033365865238010883,-0.0003145373484585434,-0.9492415067278606,-0.8727907140074351,-0.289156359361258
902,0.00023103070595553474,0.07994978137344008,0.06467274017846682,-3.3741816005405578e-06,-0.8887400876479241,-0.39813187959361956,-0.0003808746987488121,-0.003660953836515546,-0.9248325050118151,-0.8672410256437804,-0.31377832001980044
903,0.0002039488405722458,0.02255001989882647,0.06396942661294396,-5.914656801631657e-05,-0.9510943245337978,-0.3761003174778732,-0.0002559955173637718,-0.012165815569460392,-0.9443350228630986,-0.8640257470523726,-0.34002058216173153
904,0.00018942808266941074,0.013300053265835988,0.06329640471430352,-0.00027501915833512495,-1.0162571782371574,-0.38491833874058884,-0.00042706888052634895,-0.00979479681700468,-0.8888038636502951,-0.8618081857314241,-0.3674331151362006
905,0.00018001524327673998,0.02662927751500877,0.06263329407442668,-0.0005565648074905391,-1.059806492528831,-0.39764027507455835,-0.0005312959547154605,-0.008921479806303978,-0.8688551872471941,-0.8602890189260836,-0.39595415089192154
906,0.00017555485209597865,0.07081277145982133,0.06195624698776767,-0.0009137018908097907,-1.1038012295531185,-0.4103112820541555,-0.0007359999581240118,-0.0053085568360984325,-0.846635285171972,-0.8589050432918562,-0.42538504046387116
907,0.0001761661709220568,0.17050428435306555,0.06126540817306401,-0.0013564833777395574,-1.153423317019503,-0.4228803225194743,-0.0006408432382158935,-0.0003832045185845345,-0.8327117217657272,-0.8578113956427798,-0.45578319286669533
908,0.00018340396221733175,0.34071377893551513,0.060560945681283396,-0.0018885330369534867,-1.2084472673069584,-0.43510802127940673,-0.000522182381246239,-0.0005088545149192214,-0.8318084218680545,-0.8569805652369745,-0.4870849619324329
909,0.00019727644406588397,0.4860521770230787,0.05984304608661777,-0.0025092571448979257,-1.2666171759291576,-0.44679315012214565,-0.0004260545247234404,-0.00046126722008921206,-0.8470093349892122,-0.8563789101943989,-0.5191821190322357
910,0.00021724256498571612,0.4644342481919233,0.05911191614032603,-0.003213972169422668,-1.3238556756821802,-0.45777833489282244,-0.00035278976429253817,-0.00030127554782666266,-0.8810069822905944,-0.8559549336894071,-0.5518886138215263
911,0.0002422034899947162,0.3289689155720379,0.05836778306238353,-0.00399461926453036,-1.3751280585732357,-0.46793350686661234,-0.0002715138834901154,-0.0004581306129693985,-0.9350204325866085,-0.8556452657463934,-0.5849388516615478
912,0.00027003519425591383,0.22208476050516618,0.05761089504260511,-0.004839505734055629,-1.4145778570524177,-0.4773664407955451,-0.00017906306311488152,-0.000950467714574188,-1.0,-0.8553798723239794,-0.6179967548988194
913,0.0002979083199784923,0.19056780301359458,0.056841521661546296,-0.005734838564154936,-1.437425169878321,-0.4770949860275229,-0.00010882281640078872,-0.0010546628618612885,-1.0,-0.8550881274247204,-0.6506896528358401
914,0.00033852526727959467,0.26535143305934183,0.056059954216298336,-0.007038476546958904,-1.4274389398668816,-0.444239845384363,-7.488711707992479e-05,-0.0005894911591894925,-0.7487428048858851,-0.8553105607192585,-0.6818601546610662
