frame,reward_tracking_lin_vel,reward_tracking_ang_vel,reward_tracking_height,cost_lin_vel_z,cost_ang_vel_xy,cost_joint_velocity,cost_action_nn,cost_action_rate,cost_feet_slip,cost_leg_base_angle,cost_orientation
0,0.0001930454136227711,0.05,0.04998478235575755,-0.0,-0.0,-1.7696318229836685e-07,-0.0,-0.0,-1.1899700723006973e-10,-9.989545908051147e-09,-1.4619803761004649e-12
1,0.0001972413857822022,0.049999999999682826,0.049984905008461936,-1.8730847248113098e-07,-7.505479350661913e-09,-5.533489036903774e-07,-0.0,-0.0,-2.2961164190679887e-10,-9.760570383230214e-09,-1.9932625178916313e-11
2,0.0002011262395929889,0.04999999999838307,0.049985240950594666,-6.337536700915806e-07,-1.888892617797516e-08,-1.0545995283974819e-06,-0.0,-0.0,-2.4861010956193513e-10,-9.38777904418614e-09,-7.676279717333966e-11
3,0.0002048341105634207,0.0499999999965516,0.04998573800164841,-1.1783290671537239e-06,-2.601213012366594e-08,-1.688563020454469e-06,-0.0,-0.0,-2.0568008793155138e-10,-8.891299242602764e-09,-1.8068695709428767e-10
4,0.0002083965963455333,0.04999999999455844,0.04998634939161427,-1.7254705156588965e-06,-2.737732005331263e-08,-2.4913718528115223e-06,-0.0,-0.0,-1.416715746427865e-10,-8.300838912219586e-09,-3.251476062776934e-10
5,0.0002118460696456946,0.049999999992587515,0.049987036899174435,-2.222364162780304e-06,-2.4222357341531084e-08,-3.4995037807784426e-06,-0.0,-0.0,-8.271065873325037e-11,-7.64956664631878e-09,-4.927874309209246e-10
6,0.00021520946630995496,0.049999999990754156,0.049987769993250525,-2.6428517257690295e-06,-1.8550553393836206e-08,-4.7380524704286e-06,-0.0,-0.0,-3.9742147629187884e-11,-6.96991857983639e-09,-6.615400196477147e-10
7,0.00021850910393242634,0.049999999989157204,0.04998852475574605,-2.9770398240070707e-06,-1.2217654157553976e-08,-6.217539604984842e-06,-0.0,-0.0,-1.4050842161846235e-11,-6.2900315454686605e-09,-8.098618216115326e-10
8,0.00022176336195154522,0.04999999998781383,0.04998928280105023,-3.2246529982282464e-06,-6.593660209290909e-09,-7.935058149495846e-06,-0.0,-0.0,-2.3674798803512647e-12,-5.632454670086969e-09,-9.203022263524491e-10
9,0.00022498745706122085,0.049999999986786,0.04999003028221705,-3.3908604988266212e-06,-2.5127603280874496e-09,-9.876982118671113e-06,-0.0,-0.0,-1.505758770626019e-13,-5.013328241661758e-09,-9.814081288701606e-10
10,0.0002281938215506573,0.04999999998593886,0.04999075702047745,-3.4836657892922e-06,-3.507841752324431e-10,-1.2022309778331216e-05,-0.0,-0.0,-3.2616222270583526e-12,-4.442217444717697e-09,-9.882856044351983e-10
11,0.0002313928157149413,0.049999999985327684,0.049991455764482245,-3.5122757860190606e-06,-1.4335284881913775e-10,-1.4345554551847416e-05,-0.0,-0.0,-8.590940139383123e-12,-3.923839042551269e-09,-9.422230952017021e-10
12,0.00023459305385251382,0.04999999998495474,0.04999212157358958,-3.4861475752327603e-06,-1.7029734204920553e-09,-1.6819157044755184e-05,-0.0,-0.0,-1.4117089392765298e-11,-3.45932951265509e-09,-8.497493254089625e-10
13,0.00023780178382503886,0.04999999998474768,0.0499927513128413,-3.414422964943185e-06,-4.71675156056728e-09,-1.9415427473871963e-05,-0.0,-0.0,-1.8719304667404738e-11,-3.047162811351881e-09,-7.21420549528984e-10
14,0.00024102532700473825,0.04999999998466405,0.049993343244119415,-3.305628759032967e-06,-8.820034220830462e-09,-2.2107605951555277e-05,-0.0,-0.0,-2.1922811542581253e-11,-2.6840528958760143e-09,-5.705501910801776e-10
15,0.00024426911295674495,0.049999999984689056,0.04999389669842659,-3.1675332860926476e-06,-1.3646926381884516e-08,-2.4870844939658002e-05,-0.0,-0.0,-2.3664381428028383e-11,-2.365805970445215e-09,-4.1201797993640903e-10
16,0.00024753808523228217,0.0499999999848073,0.049994411814674344,-3.0070829789025304e-06,-1.886210791700671e-08,-2.768254742437781e-05,-0.0,-0.0,-2.410957912211112e-11,-2.0878471874277513e-09,-2.61236556040145e-10
17,0.0002508367550183133,0.04999999998499066,0.049994889333127276,-2.8304230298687064e-06,-2.4177937189556586e-08,-3.052319461264424e-05,-0.0,-0.0,-2.3544480951150318e-11,-1.845603890918031e-09,-1.3330800594119974e-10
18,0.0002541690562946666,0.04999999998517488,0.04999533043105061,-2.6428919852252233e-06,-2.936778977695353e-08,-3.33809782437944e-05,-0.0,-0.0,-2.2701956249917424e-11,-1.6346738478326057e-09,-4.235480185956618e-11
19,0.00025753680408410767,0.049999999985254194,0.04999573655845095,-2.4490140744880093e-06,-3.431087535562571e-08,-3.62459666269675e-05,-0.0,-0.0,-2.2067029878523886e-11,-1.451018939795537e-09,-1.218405883310257e-12
20,0.00026094205617023807,0.049999999985265525,0.04999610932169001,-2.2528091902006845e-06,-3.8931746439037736e-08,-3.910716638870801e-05,-0.0,-0.0,-2.1734499137709266e-11,-1.2910435482265144e-09,-2.1333427223784292e-11
21,0.0002643883982568423,0.0499999999852065,0.049996450460859695,-2.0578024202732947e-06,-4.316078804801298e-08,-4.195292943285233e-05,-0.0,-0.0,-2.163576805946181e-11,-1.1515765960351633e-09,-1.1267134361048623e-10
22,0.0002678803862720064,0.04999999998513041,0.04999676182313856,-1.8669542522676054e-06,-4.6935241094810446e-08,-4.477148094753929e-05,-0.0,-0.0,-2.1629781738975723e-11,-1.0298415283974675e-09,-2.8362441520198636e-10
23,0.00027142321356245935,0.04999999998504777,0.04999704532412765,-1.6826340046412021e-06,-5.020281177453281e-08,-4.755156757180959e-05,-0.0,-0.0,-2.1555113026969536e-11,-9.234202634266375e-10,-5.409004853747064e-10
24,0.0002750226174368882,0.04999999998496719,0.04999730290668855,-1.5066556061747035e-06,-5.2925264750796125e-08,-5.0282510124621795e-05,-0.0,-0.0,-2.1264135010371606e-11,-8.302125937861575e-10,-8.89454712825068e-10
25,0.00027868449979409583,0.04999999998490703,0.04999753650337285,-1.3403452887172375e-06,-5.50800402353638e-08,-5.295403431155578e-05,-0.0,-0.0,-2.0623150267893897e-11,-7.484241603625138e-10,-1.3324572751275396e-09
26,0.0002824152680182664,0.049999999984891595,0.04999774800581803,-1.184603284511514e-06,-5.665457190825123e-08,-5.555534314976071e-05,-0.0,-0.0,-1.9468789756918603e-11,-6.765186761884243e-10,-1.8712593740171876e-09
27,0.00028622198428241975,0.0499999999849314,0.04999793924848694,-1.0399809141455408e-06,-5.7637081157991065e-08,-5.8077996786429255e-05,-0.0,-0.0,-1.7795425839066043e-11,-6.131666791924227e-10,-2.505438589389646e-09
28,0.00029011127217749356,0.04999999998502546,0.04999811198697554,-9.066906613236566e-07,-5.8045198150420027e-08,-6.051616468684619e-05,-0.0,-0.0,-1.5735907940975893e-11,-5.572284842821721e-10,-3.2329392141259817e-09
29,0.0002940894426933366,0.04999999998516791,0.04999826787332769,-7.846945796046781e-07,-5.792241256483698e-08,-6.286570569104092e-05,-0.0,-0.0,-1.3479825002140507e-11,-5.077277956294137e-10,-4.050329581477809e-09
30,0.0002981624851965653,0.04999999998530985,0.049998408444001836,-6.737893253380427e-07,-5.7327537557221746e-08,-6.512397171075887e-05,-0.0,-0.0,-1.1211155738948957e-11,-4.6381799065307243e-10,-4.953064093353912e-09
31,0.0003023364263275504,0.04999999998546723,0.04999853511680712,-5.736487570531766e-07,-5.632723815381073e-08,-6.728924655686866e-05,-0.0,-0.0,-9.075506636116606e-12,-4.247656972003782e-10,-5.935743099391721e-09
32,0.00030661733632187846,0.049999999985638116,0.049998649193107134,-4.838612427699409e-07,-5.4989892250132055e-08,-6.936029582646624e-05,-0.0,-0.0,-7.168473403680802e-12,-3.899468271805939e-10,-6.992352392536141e-09
33,0.0003110113233136279,0.04999999998581108,0.04999875186305088,-4.039497627148426e-07,-5.3381337782770984e-08,-7.13367150759616e-05,-0.0,-0.0,-5.538952938859557e-12,-3.588372604429524e-10,-8.116477601073229e-09
34,0.0003155249617069486,0.04999999998596977,0.049998844211993236,-3.333814790278523e-07,-5.156300280728887e-08,-7.321809315398006e-05,-0.0,-0.0,-4.198447005312138e-12,-3.309786419177239e-10,-9.30148691693686e-09
35,0.0003201649043110458,0.049999999986124435,0.04999892722790213,-2.7159692979934854e-07,-4.9589555519018396e-08,-7.500431590885084e-05,-0.0,-0.0,-3.1325223138280306e-12,-3.0596794833170155e-10,-1.0540679958075352e-08
36,0.00032493818011926557,0.04999999998627569,0.04999900180900149,-2.18008759711045e-07,-4.75088240876087e-08,-7.669532344450913e-05,-0.0,-0.0,-2.311464449853975e-12,-2.8346091470114483e-10,-1.1827407967274784e-08
37,0.0003298521097120665,0.04999999998641749,0.04999906877097348,-1.720153228826655e-07,-4.536154125402877e-08,-7.829092751927696e-05,-0.0,-0.0,-1.6997781513515196e-12,-2.6316031446902486e-10,-1.3155164044149584e-08
38,0.0003349142383292933,0.04999999998655966,0.04999912885406136,-1.330099096263522e-07,-4.318152138768547e-08,-7.979146736813877e-05,-0.0,-0.0,-1.2576300023571719e-12,-2.448081460997819e-10,-1.4517653961256227e-08
39,0.00034013275963238297,0.049999999986715164,0.04999918272921747,-1.0037661333601575e-07,-4.0997016908916524e-08,-8.119675083635097e-05,-0.0,-0.0,-9.484617318416514e-13,-2.2818039351105035e-10,-1.5908844599224247e-08
40,0.0003455158839734526,0.049999999986871456,0.049999231004124456,-7.351459903727266e-08,-3.883021566867957e-08,-8.250684667907585e-05,-0.0,-0.0,-7.412410552488639e-13,-2.1308315573327831e-10,-1.73229929342883e-08
41,0.000351072326186396,0.049999999987009956,0.04999927422898604,-5.1831459464622705e-08,-3.6698819012802514e-08,-8.372180989851748e-05,-0.0,-0.0,-6.097206419511772e-13,-1.9934927833383805e-10,-1.8754666340436535e-08
42,0.00035681114899192926,0.04999999998715062,0.04999931290163197,-3.475482405504506e-08,-3.4616433516937166e-08,-8.484152980222036e-05,-0.0,-0.0,-5.330947518766716e-13,-1.8682980338243376e-10,-2.0198748598430028e-08
43,0.0003627416606967859,0.049999999987286214,0.04999934747248863,-2.173474695892102e-08,-3.2593086131075285e-08,-8.586643111695231e-05,-0.0,-0.0,-4.950534816545356e-13,-1.753926430546872e-10,-2.165044301031497e-08
44,0.0003688738298303604,0.049999999987412315,0.04999937834864318,-1.2244479937142927e-08,-3.063642876446484e-08,-8.679643389755047e-05,-0.0,-0.0,-4.839158647380823e-13,-1.6492596125708645e-10,-2.3105266770398316e-08
45,0.0003752176652470386,0.0499999999875356,0.04999940589790206,-5.791044262970622e-09,-2.8751326637818782e-08,-8.763177925924501e-05,-0.0,-0.0,-4.899212591960401e-13,-1.553316058226133e-10,-2.455903866638022e-08
46,0.00038178371551420535,0.04999999998765812,0.049999430452803945,-1.9130034433090007e-09,-2.6941033315604956e-08,-8.837273199189444e-05,-0.0,-0.0,-5.070392032566054e-13,-1.4652115702569811e-10,-2.6007869249444174e-08
47,0.0003885828866095703,0.04999999998776992,0.049999452314001144,-1.834190390174229e-10,-2.520729452678223e-08,-8.901945701541356e-05,-0.0,-0.0,-5.302665601956491e-13,-1.3841704737221707e-10,-2.7448144854418037e-08
48,0.0003956263760324529,0.049999999987867805,0.04999947175358164,-2.1072461733777105e-10,-2.3550580292467204e-08,-8.957268850219039e-05,-0.0,-0.0,-5.567939260638549e-13,-1.3094901380610668e-10,-2.8876516394106307e-08
49,0.0004029260567165425,0.0499999999879845,0.049999489017727924,-1.6394647852007178e-09,-2.197082774393582e-08,-9.003271503240687e-05,-0.0,-0.0,-5.847974488717924e-13,-1.2405800306749124e-10,-3.0289884418530836e-08
50,0.0004104938974699682,0.04999999998807453,0.049999504329333144,-4.150336540667544e-09,-2.0466914934769212e-08,-9.040017581425174e-05,-0.0,-0.0,-6.125592749097294e-13,-1.1769069759449976e-10,-3.1685381613889274e-08
51,0.0004183424422067021,0.04999999998815716,0.04999951789060589,-7.459543124462155e-09,-1.903741527640705e-08,-9.067578175077152e-05,-0.0,-0.0,-6.392688554576076e-13,-1.117959461183751e-10,-3.306036162095007e-08
52,0.00042648466937844653,0.0499999999882695,0.04999952988520166,-1.1317248755690889e-08,-1.7680525727285566e-08,-9.086016558227242e-05,-0.0,-0.0,-6.652333709268713e-13,-1.0633042217199326e-10,-3.4412383504365157e-08
53,0.00043493389189727303,0.04999999998835038,0.04999954048030028,-1.5505947070937206e-08,-1.6394088835851285e-08,-9.095454382728314e-05,-0.0,-0.0,-6.902916146573875e-13,-1.0125968982278597e-10,-3.573920299999004e-08
54,0.0004437041728772808,0.04999999998839887,0.04999954982811772,-1.984166800643368e-08,-1.5176074443956993e-08,-9.095971988451408e-05,-0.0,-0.0,-7.131963408066748e-13,-9.65471948280697e-11,-3.703876091795873e-08
55,0.0004528097567939925,0.049999999988455245,0.04999955806748674,-2.41674195432762e-08,-1.4024048867150434e-08,-9.08768545200728e-05,-0.0,-0.0,-7.354611250941146e-13,-9.215923964337988e-11,-3.8309169426754045e-08
56,0.00046226554893329694,0.049999999988502755,0.04999956532541286,-2.8354338853264978e-08,-1.293568687765086e-08,-9.070717970671224e-05,-0.0,-0.0,-7.566839313810879e-13,-8.806944278554265e-11,-3.9548705193086726e-08
57,0.00047208696589842806,0.049999999988557954,0.04999957171820246,-3.229825043701259e-08,-1.1908635390286617e-08,-9.045187961819021e-05,-0.0,-0.0,-7.771328249083817e-13,-8.425250038685787e-11,-4.075579825218911e-08
58,0.0004822899025159373,0.04999999998860366,0.04999957735269474,-3.59157821089666e-08,-1.0940488901568701e-08,-9.01126794847202e-05,-0.0,-0.0,-7.970455803751473e-13,-8.068647036606236e-11,-4.192902756000414e-08
59,0.0004928910564704591,0.049999999988651386,0.049999582326973116,-3.914860467797423e-08,-1.0029090605519362e-08,-8.969091903127785e-05,-0.0,-0.0,-8.16611088977398e-13,-7.735261302406431e-11,-4.306711317013453e-08
60,0.0005039074499482717,0.049999999988686525,0.04999958673113558,-4.19523545911477e-08,-9.172101492276133e-09,-8.918828085079595e-05,-0.0,-0.0,-8.353052248095789e-13,-7.423215678957454e-11,-4.4168906311496e-08
61,0.0005153568950136511,0.04999999998870849,0.04999959064822123,-4.4299791608927674e-08,-8.367361539783874e-09,-8.860650648285492e-05,-0.0,-0.0,-8.536812078390313e-13,-7.130670573008467e-11,-4.523338590933388e-08
62,0.0005272578274196036,0.049999999988751605,0.049999594154710676,-4.617764671751795e-08,-7.612755219072187e-09,-8.794728820047205e-05,-0.0,-0.0,-8.718559473759375e-13,-6.85607788029231e-11,-4.625965034550714e-08
63,0.0005396293060906306,0.04999999998877925,0.049999597321168994,-4.7582321668431274e-08,-6.906179160096089e-09,-8.721282269598738e-05,-0.0,-0.0,-8.900493719532057e-13,-6.598083004866773e-11,-4.724691575796568e-08
64,0.0005524913282579226,0.04999999998879805,0.04999960021251689,-4.852506635563146e-08,-6.2457548671045935e-09,-8.640493134119374e-05,-0.0,-0.0,-9.081119812469473e-13,-6.355456040475471e-11,-4.8194510440821276e-08
65,0.0005658643642744149,0.04999999998881433,0.049999602888378514,-4.9020923056151016e-08,-5.629490017839658e-09,-8.552574321080841e-05,-0.0,-0.0,-9.26192605567128e-13,-6.127066860889355e-11,-4.910186674772673e-08
66,0.0005797698066443413,0.04999999998883833,0.04999960540357212,-4.909341896845947e-08,-5.0555429829151765e-09,-8.457743998956641e-05,-0.0,-0.0,-9.441390252634109e-13,-5.911872490395675e-11,-4.9968519402388704e-08
67,0.0005942298568565149,0.04999999998883811,0.04999960780831169,-4.877073329424196e-08,-4.52212094000721e-09,-8.356214263106603e-05,-0.0,-0.0,-9.619552123652446e-13,-5.708856394377354e-11,-5.0794098771920146e-08
68,0.0006092674968156748,0.04999999998884806,0.049999610148590994,-4.808322969006348e-08,-4.027446930842907e-09,-8.248242848083504e-05,-0.0,-0.0,-9.790451814906676e-13,-5.517160631354734e-11,-5.157832997979556e-08
69,0.0006249068098053705,0.04999999998885263,0.049999612466227916,-4.706852532436953e-08,-3.5699074636023856e-09,-8.134051443669857e-05,-0.0,-0.0,-9.969865832065106e-13,-5.3360258738245724e-11,-5.2321028924186404e-08
70,0.0006411725434238842,0.04999999998886874,0.04999961479904743,-4.576155681423073e-08,-3.147829418847157e-09,-8.013888588647721e-05,-0.0,-0.0,-1.012965571425124e-12,-5.164690772317822e-11,-5.302209449763018e-08
71,0.0006580905359111567,0.049999999988893054,0.04999961718120082,-4.420010261007396e-08,-2.759620857727824e-09,-7.888006416974798e-05,-0.0,-0.0,-1.0313244449079327e-12,-5.002472882149025e-11,-5.368150803022196e-08
72,0.0006756876190148845,0.04999999998887665,0.04999961964323135,-4.242159792119754e-08,-2.4037689593176345e-09,-7.756649618449297e-05,-0.0,-0.0,-1.042193364205238e-12,-4.848820139341095e-11,-5.429932525514438e-08
73,0.0006939915949433015,0.049999999988877775,0.04999962221233698,-4.046157787339017e-08,-2.0787031880856532e-09,-7.620104220005744e-05,-0.0,-0.0,-1.0539845451563639e-12,-4.7031493475726964e-11,-5.487567712897505e-08
74,0.000713031577474,0.04999999998888841,0.049999624912377555,-3.835798723780758e-08,-1.7830713554578969e-09,-7.478620860887983e-05,-0.0,-0.0,-1.0668639656295216e-12,-4.5649048401276306e-11,-5.5410769800238375e-08
75,0.0007328375274206532,0.049999999988868886,0.04999962776400644,-3.6143881785743596e-08,-1.5154195964982723e-09,-7.332473507105477e-05,-0.0,-0.0,-1.0800993446976053e-12,-4.43358193642745e-11,-5.5904873786243854e-08
76,0.0007534407138417368,0.04999999998886702,0.04999963078492491,-3.385194187526061e-08,-1.2743766672589544e-09,-7.181937590811189e-05,-0.0,-0.0,-1.0939710640011028e-12,-4.308685044738343e-11,-5.635832342622051e-08
77,0.0007748736008685909,0.04999999998888219,0.049999633989933595,-3.151254955468757e-08,-1.0586035044418287e-09,-7.027281152174883e-05,-0.0,-0.0,-1.1081408763678565e-12,-4.189819122782003e-11,-5.677151125864512e-08
78,0.0007971698624742055,0.049999999988911914,0.04999963739117531,-2.9152514092309833e-08,-8.667810696507407e-10,-6.868807074767365e-05,-0.0,-0.0,-1.1225913975407143e-12,-4.076614426690503e-11,-5.714488809811264e-08
79,0.0008203646872431152,0.04999999998894472,0.04999964099815317,-2.6799115176073957e-08,-6.976738179771768e-10,-6.706785249042134e-05,-0.0,-0.0,-1.137111917790351e-12,-3.9687467358725186e-11,-5.747895905875385e-08
80,0.0008444943598236382,0.04999999998896853,0.04999964481786632,-2.447426771599242e-08,-5.500260812600539e-10,-6.541504833456194e-05,-0.0,-0.0,-1.15146418265399e-12,-3.865883703301792e-11,-5.777427710236769e-08
81,0.0008695966825728236,0.049999999989004194,0.04999964885505629,-2.2198779969649627e-08,-4.2264246805345345e-10,-6.373254662732483e-05,-0.0,-0.0,-1.1657118286667425e-12,-3.767719789190098e-11,-5.8031442344977766e-08
82,0.0008957108910337135,0.04999999998902485,0.04999965311225607,-1.9990762602995906e-08,-3.143575605975313e-10,-6.202315217632974e-05,-0.0,-0.0,-1.1796455586362791e-12,-3.673987798405976e-11,-5.8251096753055635e-08
83,0.0009228776429855822,0.049999999989036696,0.04999965759000895,-1.7865187632863907e-08,-2.240310253997911e-10,-6.0289967141310205e-05,-0.0,-0.0,-1.1931990166127216e-12,-3.584427638507941e-11,-5.843392439058796e-08
84,0.0009511393728489309,0.04999999998906087,0.049999662286900864,-1.5836542356452052e-08,-1.5057913714275956e-10,-5.85357865127886e-05,-0.0,-0.0,-1.2061799673042654e-12,-3.498782603139723e-11,-5.858064783300038e-08
85,0.000980539880845664,0.0499999999890817,0.04999966719973348,-1.3914842900547912e-08,-9.292370202958655e-11,-5.676356307018309e-05,-0.0,-0.0,-1.2188381277969228e-12,-3.416866716157667e-11,-5.8692022231626567e-08
86,0.0010111247589449704,0.04999999998911017,0.049999672323787436,-1.2108896856990735e-08,-5.003156753007087e-11,-5.497622094220611e-05,-0.0,-0.0,-1.2305053742497903e-12,-3.3384795533047156e-11,-5.876883464166878e-08
87,0.0010429412020172247,0.049999999989142216,0.049999677652846186,-1.0425778690600915e-08,-2.0899486534959387e-11,-5.317660467763786e-05,-0.0,-0.0,-1.2414538732356096e-12,-3.2633765876480994e-11,-5.8811899176240466e-08
88,0.0010760381572148007,0.04999999998918275,0.04999968317939587,-8.86988975626124e-09,-4.555313382806522e-12,-5.136779628003186e-05,-0.0,-0.0,-1.2517842048015281e-12,-3.191415887656086e-11,-5.8822057493263976e-08
89,0.0011104665393870232,0.049999999989203736,0.04999968889467036,-7.445402230043461e-09,-6.256095872694005e-14,-4.955260254934003e-05,-0.0,-0.0,-1.2609584426649925e-12,-3.122427575401935e-11,-5.880017560622757e-08
90,0.0011462790035554806,0.049999999989236585,0.0499996947888334,-6.15308761350512e-09,-6.511501257792676e-12,-4.773393752964714e-05,-0.0,-0.0,-1.2692270825300442e-12,-3.056214402802171e-11,-5.8747138395141175e-08
91,0.0011835301040867047,0.049999999989284394,0.049999700851197086,-4.993412459164277e-09,-2.3026072515760858e-11,-4.591468997370769e-05,-0.0,-0.0,-1.2766396854749131e-12,-2.992656109942802e-11,-5.866384924665051e-08
92,0.0012222764009484173,0.049999999989313024,0.04999970707023793,-3.965303605429987e-09,-4.876106651770974e-11,-4.409765537754823e-05,-0.0,-0.0,-1.2828222061474866e-12,-2.931614852346916e-11,-5.855122584695579e-08
93,0.0012625763920245162,0.049999999989379186,0.049999713433800386,-3.0663321514144197e-09,-8.290632277798098e-11,-4.2285817946858505e-05,-0.0,-0.0,-1.2880577058292068e-12,-2.872949521809048e-11,-5.841020069818926e-08
94,0.0013044908086130389,0.049999999989406324,0.04999971992910133,-2.293854842994384e-09,-1.246715280789955e-10,-4.0481820704458665e-05,-0.0,-0.0,-1.2920383841251458e-12,-2.8165372673987004e-11,-5.824171648366022e-08
95,0.0013480822807120981,0.04999999998948582,0.04999972654294016,-1.6431862795857616e-09,-1.7331620589701867e-10,-3.868857412880936e-05,-0.0,-0.0,-1.2949575518188556e-12,-2.762255208592728e-11,-5.804672337996952e-08
96,0.0013934159115134657,0.04999999998955166,0.04999973326185956,-1.1098534692160512e-09,-2.2811127344154297e-10,-3.6908844152909385e-05,-0.0,-0.0,-1.2967072892908859e-12,-2.7100035451149146e-11,-5.782618079233541e-08
97,0.0014405588235747446,0.049999999989615976,0.049999740072085255,-6.885380599944124e-10,-2.8836428463606637e-10,-3.5145313275868744e-05,-0.0,-0.0,-1.2972816315094272e-12,-2.659679286138024e-11,-5.758105165673261e-08
98,0.001489580471908625,0.04999999998967139,0.04999974695974038,-3.732343278965332e-10,-3.534195121372349e-10,-3.340079642063997e-05,-0.0,-0.0,-1.296662305914082e-12,-2.611185011005521e-11,-5.7312303208636846e-08
99,0.0015405526794900841,0.04999999998975188,0.04999975391084452,-1.5789001715954253e-10,-4.2262938556337614e-10,-3.1677808803025146e-05,-0.0,-0.0,-1.2948292515900502e-12,-2.5644272783788423e-11,-5.702090278878713e-08
100,0.0015935494708347387,0.04999999998983656,0.04999976091146045,-3.57601235632514e-11,-4.954111519843532e-10,-2.997907758122514e-05,-0.0,-0.0,-1.2918217152949694e-12,-2.5193269616134296e-11,-5.6707815792787294e-08
101,0.0016486476220269213,0.049999999989915,0.049999767947835005,-1.8377311439685097e-13,-5.711758911721298e-10,-2.8307188294824213e-05,-0.0,-0.0,-1.2875667504350672e-12,-2.4758027707073398e-11,-5.637400756321018e-08
102,0.0017059261183042804,0.04999999999001083,0.049999775006326574,-4.4277597412132934e-11,-6.493759742010977e-10,-2.666471728174455e-05,-0.0,-0.0,-1.2820946953700653e-12,-2.4337693126324654e-11,-5.602044025819867e-08
103,0.0017654667325312425,0.04999999999011953,0.049999782073536184,-1.6110390798498907e-10,-7.294852343281122e-10,-2.505417572015836e-05,-0.0,-0.0,-1.2754710627507377e-12,-2.3931575074302332e-11,-5.564807177275476e-08
104,0.0018273534676168579,0.04999999999022712,0.049999789136334134,-3.4365033535861866e-10,-8.110064479498897e-10,-2.3477892747054913e-05,-0.0,-0.0,-1.2676848150873911e-12,-2.353919203170142e-11,-5.525785017067438e-08
105,0.0018916729082541104,0.04999999999033174,0.049999796181996306,-5.85232086034421e-10,-8.935025419045196e-10,-2.19383561693263e-05,-0.0,-0.0,-1.2586015737240953e-12,-2.3159900433044665e-11,-5.48507141795977e-08
106,0.0019585146365821995,0.04999999999045221,0.049999803198267107,-8.791023370850852e-10,-9.76516219098633e-10,-2.0437916821644212e-05,-0.0,-0.0,-1.2483972573373736e-12,-2.2793023249162533e-11,-5.4427595211871894e-08
107,0.00202797057417035,0.04999999999057106,0.04999981017327554,-1.2186437959867043e-09,-1.0596341647585065e-09,-1.8978905520152483e-05,-0.0,-0.0,-1.2369841461387098e-12,-2.2438026274119302e-11,-5.3989414806410214e-08
108,0.002100135698665463,0.049999999990704716,0.04999981709562716,-1.5975600207703073e-09,-1.1424596097192453e-09,-1.756357380768696e-05,-0.0,-0.0,-1.224405873941203e-12,-2.2094204675183773e-11,-5.353708383712195e-08
109,0.002175107272846815,0.04999999999085694,0.04999982395440719,-2.0095047841581227e-09,-1.224624850117195e-09,-1.6194018707740883e-05,-0.0,-0.0,-1.210784685229798e-12,-2.1761116057775124e-11,-5.3071497591198936e-08
110,0.0022529854102628084,0.049999999990991806,0.049999830739282485,-2.4490684611868386e-09,-1.305822970803361e-09,-1.4872440269231197e-05,-0.0,-0.0,-1.196007658208129e-12,-2.1438372068505734e-11,-5.259353660365834e-08
111,0.0023338732580069303,0.049999999991141304,0.04999983744052889,-2.9105116025319045e-09,-1.3857169980409027e-09,-1.3600912011037888e-05,-0.0,-0.0,-1.1801490781019665e-12,-2.1125350601434354e-11,-5.210406874378543e-08
112,0.002417876430258578,0.04999999999129681,0.04999984404893164,-3.3884309118163986e-09,-1.4640140322284626e-09,-1.2381476043400348e-05,-0.0,-0.0,-1.1632906713655257e-12,-2.0821632040264455e-11,-5.16039472431797e-08
113,0.002505103811090689,0.04999999999144804,0.049999850555861446,-3.877988826027092e-09,-1.5404327927651102e-09,-1.121608981087438e-05,-0.0,-0.0,-1.1454073597307158e-12,-2.052686064055966e-11,-5.109401019890774e-08
114,0.002595666642869395,0.04999999999161217,0.04999985695327603,-4.374333659776334e-09,-1.6147202499127036e-09,-1.0106573620635278e-05,-0.0,-0.0,-1.1265369085358969e-12,-2.0240630719319942e-11,-5.057507613901672e-08
115,0.0026896789092611664,0.049999999991777025,0.049999863233769495,-4.873687599473607e-09,-1.6866844008554817e-09,-9.054805317619858e-06,-0.0,-0.0,-1.1067201939077082e-12,-1.9962607068760148e-11,-5.0047945101965864e-08
116,0.00278725770636277,0.0499999999919673,0.04999986939055823,-5.371756115588746e-09,-1.756094369081674e-09,-8.0625473120499e-06,-0.0,-0.0,-1.0859958362024503e-12,-1.969242124906107e-11,-4.9513400887550116e-08
117,0.0028885226620605346,0.04999999999215092,0.049999875417400884,-5.8647545073726776e-09,-1.8227623108532014e-09,-7.131517772890364e-06,-0.0,-0.0,-1.064401604307455e-12,-1.9429708291845945e-11,-4.8972209526792224e-08
118,0.002993596685677597,0.049999999992338506,0.04999988130865409,-6.349507088808595e-09,-1.886507778592826e-09,-6.2633476385254374e-06,-0.0,-0.0,-1.0420068548418776e-12,-1.9174205069937214e-11,-4.8425119004090256e-08
119,0.003102604952420313,0.04999999999253386,0.04999988705925852,-6.8227956370631e-09,-1.9471773305297597e-09,-5.459551950140172e-06,-0.0,-0.0,-1.0188166149636027e-12,-1.892568204014077e-11,-4.7872855366336785e-08
120,0.003215675246759995,0.049999999992724725,0.04999989266476217,-7.282508569363696e-09,-2.0046760086420403e-09,-4.721659171025722e-06,-0.0,-0.0,-9.948732823215524e-13,-1.8683794649283718e-11,-4.7316123990738666e-08
121,0.0033329383768638484,0.04999999999292764,0.04999989812129052,-7.725869981697434e-09,-2.0588646071362227e-09,-4.0510932053958124e-06,-0.0,-0.0,-9.70281443652465e-13,-1.844821716250399e-11,-4.675561187621675e-08
122,0.0034545274717086116,0.049999999993124176,0.04999990342546822,-8.1505870382565e-09,-2.109644640779608e-09,-3.449223468316227e-06,-0.0,-0.0,-9.450707458937876e-13,-1.821875421364521e-11,-4.6191986541244865e-08
123,0.003580578924449371,0.0499999999933204,0.04999990857445866,-8.555059550190658e-09,-2.156920636269072e-09,-2.917330665629184e-06,-0.0,-0.0,-9.192968870146117e-13,-1.7995202450009933e-11,-4.562589590019923e-08
124,0.0037112309650146912,0.04999999999352063,0.04999991356594147,-8.937461596047474e-09,-2.2006236165989487e-09,-2.4566030968858064e-06,-0.0,-0.0,-8.929800460514411e-13,-1.777727224406688e-11,-4.505796488571437e-08
125,0.003846624371183504,0.0499999999937256,0.04999991839812497,-9.297231075584384e-09,-2.240737784077132e-09,-2.068200444708035e-06,-0.0,-0.0,-8.66228233557952e-13,-1.7564666783014632e-11,-4.4488796898501505e-08
126,0.003986902450650751,0.04999999999393878,0.049999923069709795,-9.632825290928338e-09,-2.2772005901446337e-09,-1.7531905392198568e-06,-0.0,-0.0,-8.391156874281781e-13,-1.7357184221230843e-11,-4.391897603594299e-08
127,0.004132210580938309,0.049999999994145033,0.0499999275798122,-9.943275500377827e-09,-2.3099871945318263e-09,-1.5125755243585493e-06,-0.0,-0.0,-8.116802630804833e-13,-1.715463345568765e-11,-4.334906633301497e-08
128,0.004282696972457298,0.049999999994356364,0.04999993192798916,-1.022812959602285e-08,-2.33907216863068e-09,-1.3472736876494565e-06,-0.0,-0.0,-7.840059979635334e-13,-1.6956842708732428e-11,-4.277961178933503e-08
129,0.00443851128419836,0.049999999994584356,0.049999936114214515,-1.0486786247090606e-08,-2.3644548447267947e-09,-1.2581295718414125e-06,-0.0,-0.0,-7.561274570991912e-13,-1.676362755912405e-11,-4.221113346350404e-08
130,0.004599805145504791,0.04999999999480425,0.04999994013888286,-1.0719707894223517e-08,-2.3861823958809512e-09,-1.2459245687802099e-06,-0.0,-0.0,-7.281440209921446e-13,-1.657476338011781e-11,-4.164413103083846e-08
131,0.004766732275486265,0.04999999999501843,0.04999994400277111,-1.0926391223367833e-08,-2.40425377093922e-09,-1.311360550252722e-06,-0.0,-0.0,-7.00132437490052e-13,-1.639010048202697e-11,-4.1079084985650604e-08
132,0.004939447882328548,0.04999999999523208,0.04999994770697678,-1.1106852343998535e-08,-2.418701922561688e-09,-1.4550640892979988e-06,-0.0,-0.0,-6.721435705431985e-13,-1.6209455337963332e-11,-4.051645610789234e-08
133,0.005118109243548685,0.049999999995461036,0.04999995125292472,-1.1261391644849066e-08,-2.4295570477895752e-09,-1.6775856330897727e-06,-0.0,-0.0,-6.442682015944685e-13,-1.6032670210652502e-11,-3.995668561684304e-08
134,0.005302874580597696,0.04999999999567051,0.04999995464234631,-1.139031706060201e-08,-2.436870978265012e-09,-1.979419248478727e-06,-0.0,-0.0,-6.165549816160834e-13,-1.5859618280983082e-11,-3.940019268197806e-08
135,0.0054939030931656216,0.04999999999588325,0.04999995787727798,-1.1494684577249979e-08,-2.440738671718643e-09,-2.360966151374983e-06,-0.0,-0.0,-5.890981380275015e-13,-1.569014259620112e-11,-3.884737604697735e-08
136,0.005691355571805528,0.04999999999609953,0.049999960960025874,-1.1574758124139751e-08,-2.4412055096472564e-09,-2.82256098267666e-06,-0.0,-0.0,-5.619659838953496e-13,-1.552411934671229e-11,-3.8298616199249315e-08
137,0.005895393488499448,0.049999999996321945,0.04999996389312392,-1.1631284762717563e-08,-2.4383477908988556e-09,-3.364455731460997e-06,-0.0,-0.0,-5.352313550043119e-13,-1.536140820836131e-11,-3.7754274985781136e-08
138,0.00610617913710951,0.049999999996532436,0.04999996667932376,-1.1664924242198018e-08,-2.4322368381443244e-09,-3.986836107868427e-06,-0.0,-0.0,-5.089689073076314e-13,-1.5201890693067867e-11,-3.721469583037383e-08
139,0.006323875028052509,0.04999999999674083,0.04999996932157339,-1.1676528358473868e-08,-2.4229632899532515e-09,-4.6898486553438865e-06,-0.0,-0.0,-4.832481133944445e-13,-1.5045438794215535e-11,-3.6680201617376424e-08
140,0.006548643291423479,0.049999999996952184,0.04999997182301343,-1.166734804671001e-08,-2.410654827331103e-09,-5.473521052648091e-06,-0.0,-0.0,-4.581421552077568e-13,-1.489194781352781e-11,-3.615109640681017e-08
141,0.0067806472056527334,0.04999999999716125,0.04999997418695214,-1.1638212578854709e-08,-2.3953892597636414e-09,-6.337827843101866e-06,-0.0,-0.0,-4.3371741866237683e-13,-1.474132003446684e-11,-3.5627667541492754e-08
142,0.007020049407742181,0.0499999999973609,0.04999997641683887,-1.1590221665294327e-08,-2.3772722492339516e-09,-7.282658050952919e-06,-0.0,-0.0,-4.100558746940577e-13,-1.4593417379910142e-11,-3.511018532354016e-08
143,0.00726701195278075,0.04999999999756356,0.04999997851624415,-1.1524203166726756e-08,-2.3564032323357123e-09,-8.307844235682487e-06,-0.0,-0.0,-3.8720889886991285e-13,-1.444812348836714e-11,-3.459890331220021e-08
144,0.007521696149139398,0.04999999999774951,0.04999998048884273,-1.1441291842488033e-08,-2.332897275143068e-09,-9.41319748177249e-06,-0.0,-0.0,-3.6525454919849595e-13,-1.430532974241676e-11,-3.409405654803468e-08
145,0.007784261482504985,0.049999999997939,0.04999998233841161,-1.1342860484889326e-08,-2.3069011709378367e-09,-1.0598388239374373e-05,-0.0,-0.0,-3.4424786079165156e-13,-1.4164934091416887e-11,-3.359586319792229e-08
146,0.008054867378060942,0.049999999998120194,0.049999984068807506,-1.1229873024679866e-08,-2.278514051882289e-09,-1.186304810684887e-05,-0.0,-0.0,-3.2425561683271264e-13,-1.40268350768837e-11,-3.3104526567456963e-08
147,0.008333671349976307,0.04999999999829832,0.04999998568394789,-1.1103563336113605e-08,-2.2478582746317665e-09,-1.3206722449568954e-05,-0.0,-0.0,-3.053431180704899e-13,-1.3890934171651307e-11,-3.262023493276689e-08
148,0.008620828655745675,0.04999999999847581,0.04999998718779282,-1.0964741776955046e-08,-2.2150484695034597e-09,-1.462891259241981e-05,-0.0,-0.0,-2.8755709950730487e-13,-1.3757168585166325e-11,-3.214316185331009e-08
149,0.008916492598651501,0.049999999998645954,0.04999998858433219,-1.081462065772416e-08,-2.180212483486434e-09,-1.612911542295306e-05,-0.0,-0.0,-2.709472312830682e-13,-1.3625469790282146e-11,-3.167346463717696e-08
150,0.009220812840744809,0.04999999999880264,0.04999998987758344,-1.0654450472251548e-08,-2.14350442308261e-09,-1.770666931086176e-05,-0.0,-0.0,-2.555649057601049e-13,-1.3495762289339167e-11,-3.1211285957184555e-08
151,0.009533937837721088,0.049999999998948455,0.04999999107157439,-1.0485221302261075e-08,-2.105032719014758e-09,-1.9360888763549153e-05,-0.0,-0.0,-2.414665464847707e-13,-1.336796332846557e-11,-3.075675576704242e-08
152,0.00985601251145995,0.049999999999089155,0.049999992170331437,-1.0308121309706769e-08,-2.0649252633268602e-09,-2.1091004972521193e-05,-0.0,-0.0,-2.2868836896986215e-13,-1.3242003051446987e-11,-3.030999118785371e-08
153,0.010187177630537886,0.0499999999992195,0.04999999317786317,-1.0123821994635318e-08,-2.023301483136243e-09,-2.2896218374394897e-05,-0.0,-0.0,-2.1727331291034968e-13,-1.3117824993706091e-11,-2.987109681559369e-08
154,0.010527570627759796,0.049999999999340794,0.04999999409815156,-9.933454730542845e-09,-1.9802913501636953e-09,-2.47757417995228e-05,-0.0,-0.0,-2.0726458871000402e-13,-1.299534991898856e-11,-2.944016340277416e-08
155,0.010877323339386725,0.049999999999454404,0.0499999949351503,-9.738062660826085e-09,-1.9360459623957764e-09,-2.6728615108661203e-05,-0.0,-0.0,-1.9867994545070534e-13,-1.2874507086281937e-11,-2.9017269427061893e-08
156,0.011236565036140664,0.04999999999955745,0.04999999569277222,-9.538514669309825e-09,-1.8906732814479906e-09,-2.8753871649595252e-05,-0.0,-0.0,-1.9156326659712514e-13,-1.2755219296087635e-11,-2.8602482868926673e-08
157,0.011605419736563365,0.04999999999965286,0.04999999637488248,-9.33585519845066e-09,-1.8442977284786028e-09,-3.08505522854314e-05,-0.0,-0.0,-1.8590831171671345e-13,-1.2637426668330174e-11,-2.8195859798379257e-08
158,0.011984003875041423,0.04999999999973451,0.0499999969852867,-9.130617030894777e-09,-1.7970581002101415e-09,-3.301751082634899e-05,-0.0,-0.0,-1.8176356243683525e-13,-1.2521082948812077e-11,-2.779744617649305e-08
159,0.012372431912444774,0.049999999999807566,0.04999999752772468,-8.923709285343352e-09,-1.7490509858687196e-09,-3.5253712904998384e-05,-0.0,-0.0,-1.791295561160016e-13,-1.2406119265209279e-11,-2.740727800697806e-08
160,0.012770809181214014,0.04999999999986918,0.0499999980058686,-8.715896143929994e-09,-1.7004162675964275e-09,-3.75579428637759e-05,-0.0,-0.0,-1.7800406133452306e-13,-1.2292484001368029e-11,-2.7025381320612897e-08
161,0.013179237185045998,0.04999999999991803,0.04999999842331579,-8.507903597631365e-09,-1.6512543193238236e-09,-3.992899322003699e-05,-0.0,-0.0,-1.7840960412396798e-13,-1.2180123433264287e-11,-2.6651773828579017e-08
162,0.013597810248009377,0.04999999999995622,0.04999999878358487,-8.300540689862667e-09,-1.6016783231598936e-09,-4.236568129295911e-05,-0.0,-0.0,-1.8033579712423265e-13,-1.2069000654116309e-11,-2.628646366400674e-08
163,0.014026613209354036,0.04999999999998267,0.04999999909010804,-8.094155611098292e-09,-1.551812788418984e-09,-4.486663035693391e-05,-0.0,-0.0,-1.837912630491529e-13,-1.1959078525114066e-11,-2.5929451009455827e-08
164,0.014465727635878329,0.04999999999999708,0.049999999346228154,-7.88948604873824e-09,-1.5017441482309091e-09,-4.7430603334619317e-05,-0.0,-0.0,-1.887723312670604e-13,-1.1850294346953933e-11,-2.5580728251745404e-08
165,0.014915223486545674,0.04999999999999938,0.049999999555196795,-7.686966479335017e-09,-1.4515950469536891e-09,-5.005617459491322e-05,-0.0,-0.0,-1.952517416521675e-13,-1.1742594743115936e-11,-2.5240280015385195e-08
166,0.015375165923480259,0.04999999999998924,0.049999999720170635,-7.487154045773798e-09,-1.4014519599030143e-09,-5.274182644884893e-05,-0.0,-0.0,-2.032113054042564e-13,-1.1635938799655442e-11,-2.4908085952516595e-08
167,0.015845612946509678,0.04999999999996661,0.049999999844209914,-7.290602786293228e-09,-1.3513907641246088e-09,-5.5486311976437004e-05,-0.0,-0.0,-2.126405154350649e-13,-1.1530280841999404e-11,-2.4584118175289734e-08
168,0.016326608003589357,0.049999999999931356,0.049999999930274985,-7.0976142626239015e-09,-1.301540129499907e-09,-5.828807511947816e-05,-0.0,-0.0,-2.2350256745728631e-13,-1.1425568058661859e-11,-2.4268341471310402e-08
169,0.016818190970896405,0.049999999999884054,0.04999999998122469,-6.908612912791596e-09,-1.2519715533538049e-09,-6.114572213300138e-05,-0.0,-0.0,-2.357825413923478e-13,-1.13217543897374e-11,-2.3960714855263004e-08
170,0.017320388524271195,0.04999999999982219,0.04999999999981553,-6.7237944079455985e-09,-1.2027859328077058e-09,-6.405766756446866e-05,-0.0,-0.0,-2.4943716943606915e-13,-1.1218790740382908e-11,-2.3661191637152312e-08
171,0.01783322166616559,0.0499999999997473,0.04999999998870129,-6.54356978756358e-09,-1.1540520892162536e-09,-6.702224219002477e-05,-0.0,-0.0,-2.644105659772241e-13,-1.1116638128398898e-11,-2.33697219486935e-08
172,0.018356702261833238,0.04999999999966048,0.04999999995043225,-6.368216708053919e-09,-1.1058290354660752e-09,-7.003808117765716e-05,-0.0,-0.0,-2.806864606312141e-13,-1.1015260812400519e-11,-2.3086250358111454e-08
173,0.01889082649310282,0.04999999999955952,0.04999999988745488,-6.1979247502707845e-09,-1.0582202547046666e-09,-7.310349673117696e-05,-0.0,-0.0,-2.982028798359905e-13,-1.0914623147089293e-11,-2.2810716057448706e-08
174,0.019435586121406626,0.049999999999445335,0.04999999980211167,-6.0330144444630695e-09,-1.0112791447554418e-09,-7.621698858480499e-05,-0.0,-0.0,-3.169326880120871e-13,-1.0814690146825401e-11,-2.2543054261455565e-08
175,0.019990957379558198,0.049999999999316036,0.049999999696642206,-5.873427204872064e-09,-9.650835793916738e-10,-7.937686186698241e-05,-0.0,-0.0,-3.3680534102595136e-13,-1.0715415826404382e-11,-2.228319624849747e-08
176,0.020556910632084417,0.04999999999917534,0.04999999957318414,-5.719458331625766e-09,-9.196830973801892e-10,-8.25813432755809e-05,-0.0,-0.0,-3.5775155696834154e-13,-1.06167805504209e-11,-2.2031071699707954e-08
177,0.021133405889961085,0.049999999999023194,0.04999999943377263,-5.571246915911989e-09,-8.751181843594938e-10,-8.582899923661997e-05,-0.0,-0.0,-3.797257196992661e-13,-1.0518774475778468e-11,-2.178660642776727e-08
178,0.021720386010871014,0.049999999998863016,0.049999999280342315,-5.428841048724502e-09,-8.314671125922861e-10,-8.911806144497679e-05,-0.0,-0.0,-4.0272733531138094e-13,-1.0421343685703488e-11,-2.1549722495924055e-08
179,0.022317788995442317,0.04999999999868196,0.04999999911472797,-5.292435536074202e-09,-7.887646567415648e-10,-9.24469692076174e-05,-0.0,-0.0,-4.2661613008203106e-13,-1.0324440051180954e-11,-2.1320339520577738e-08
180,0.02292553589059849,0.04999999999849172,0.0499999989386678,-5.161822203389853e-09,-7.470655658872695e-10,-9.581396738534272e-05,-0.0,-0.0,-4.5134547546159087e-13,-1.0228059787536483e-11,-2.109837468035273e-08
181,0.023543541829878084,0.0499999999982888,0.04999999875380545,-5.037198555572926e-09,-7.064003066795649e-10,-9.921722653069928e-05,-0.0,-0.0,-4.768607151397408e-13,-1.013218708729987e-11,-2.088374486501297e-08
182,0.02417171108730428,0.0499999999980792,0.04999999856168827,-4.918632320384312e-09,-6.66791325011595e-10,-0.00010265528952259223,-0.0,-0.0,-5.031069896413725e-13,-1.0036788466329585e-11,-2.0676364504523333e-08
183,0.02480992934808829,0.04999999999785551,0.04999999836377202,-4.806025550617999e-09,-6.282926920978527e-10,-0.00010612635220300251,-0.0,-0.0,-5.300161582934202e-13,-9.941830739310697e-12,-2.0476145626518478e-08
184,0.025458078290488968,0.04999999999761861,0.049999998161421394,-4.699561673363129e-09,-5.909214836757635e-10,-0.0001096288385796049,-0.0,-0.0,-5.575116300806585e-13,-9.8472765274787e-12,-2.0282999057914425e-08
185,0.026116020980125904,0.04999999999737098,0.04999999795591513,-4.598889740005571e-09,-5.54711065870419e-10,-0.00011316097816344107,-0.0,-0.0,-5.855286945537585e-13,-9.753082992203675e-12,-2.0096834384750457e-08
186,0.026783615394325222,0.04999999999711108,0.049999997748449265,-4.504155639582107e-09,-5.196744845599056e-10,-0.00011672092927136749,-0.0,-0.0,-6.139739652872483e-13,-9.659218067409114e-12,-1.9917561943459988e-08
187,0.02746070861855418,0.04999999999684552,0.049999997540133304,-4.415384882408897e-09,-4.85817901142726e-10,-0.00012030725036612606,-0.0,-0.0,-6.428149157553924e-13,-9.56565606736041e-12,-1.9745090736527174e-08
188,0.02814712853828687,0.04999999999655978,0.049999997331997253,-4.332411741567717e-09,-4.5317359466641045e-10,-0.00012391814559466302,-0.0,-0.0,-6.719453550359776e-13,-9.472383223140224e-12,-1.957932841464934e-08
189,0.02884269980208879,0.04999999999627382,0.049999997124992146,-4.255374394375953e-09,-4.217432796341563e-10,-0.00012755205767781707,-0.0,-0.0,-7.013386754952416e-13,-9.379399640646297e-12,-1.9420182407880626e-08
190,0.029547228540066913,0.049999999995972155,0.04999999691999576,-4.183917428462374e-09,-3.915414261783248e-10,-0.00013120724240820003,-0.0,-0.0,-7.309483073169117e-13,-9.286681891821998e-12,-1.9267559832841594e-08
191,0.03026051619587173,0.04999999999567046,0.0499999967178165,-4.118129756999498e-09,-3.6256649656888133e-10,-0.00013488188512644834,-0.0,-0.0,-7.607487226464371e-13,-9.194170767380079e-12,-1.9121369306986447e-08
192,0.03098235404249482,0.049999999995354094,0.04999999651918883,-4.058008355499673e-09,-3.348111579630189e-10,-0.0001385745929565426,-0.0,-0.0,-7.906216177161656e-13,-9.101834456778836e-12,-1.8981518970032642e-08
193,0.03171251440224979,0.049999999995032574,0.04999999632478157,-4.003361872136014e-09,-3.0828912154289164e-10,-0.0001422836134509773,-0.0,-0.0,-8.173333696462313e-13,-9.009659116515874e-12,-1.8847917471064156e-08
194,0.03245076753424599,0.049999999994702254,0.0499999961351981,-3.95430462710086e-09,-2.829802257995903e-10,-0.00014600744180530903,-0.0,-0.0,-8.452968903936603e-13,-8.917622659238687e-12,-1.872047355369647e-08
195,0.03319686621274706,0.049999999994364046,0.04999999595098178,-3.9105225668238365e-09,-2.5889811079367335e-10,-0.0001497443929887947,-0.0,-0.0,-8.741814728772716e-13,-8.825698282018339e-12,-1.8599094665098208e-08
196,0.0339505591872872,0.04999999999402062,0.04999999577262055,-3.872066746633288e-09,-2.3602785059556564e-10,-0.0001534927127939575,-0.0,-0.0,-9.037135100008236e-13,-8.733862365282317e-12,-1.848369067223818e-08
197,0.03471158645815341,0.04999999999366403,0.04999999560054193,-3.838934781806304e-09,-2.1435063795564785e-10,-0.0001572510836016315,-0.0,-0.0,-9.337118516772754e-13,-8.642105001426435e-12,-1.837417178556824e-08
198,0.03547967005654236,0.04999999999330638,0.04999999543512157,-3.810939817130103e-09,-1.9386433725154374e-10,-0.00016101783092787006,-0.0,-0.0,-9.640292397565118e-13,-8.55039840185957e-12,-1.8270448365849125e-08
199,0.03625453133826439,0.04999999999294137,0.04999999527668391,-3.788176210918502e-09,-1.7454849565171182e-10,-0.00016479151841409465,-0.0,-0.0,-9.945285681205234e-13,-8.458712243878984e-12,-1.8172431902153855e-08
200,0.0370358765381552,0.04999999999257505,0.04999999512550546,-3.7704215208304985e-09,-1.563899372671608e-10,-0.00016857054986480117,-0.0,-0.0,-1.025110042854155e-12,-8.36701193682289e-12,-1.8080034810818442e-08
201,0.03782340807969914,0.049999999992198986,0.0499999949818205,-3.757661181196266e-09,-1.3936717968445782e-10,-0.00017235325588229003,-0.0,-0.0,-1.0556715721681837e-12,-8.275274227603334e-12,-1.7993171892871723e-08
202,0.03861682220689308,0.04999999999181848,0.04999999484581695,-3.749922806557843e-09,-1.2345554079367514e-10,-0.00017613841739662662,-0.0,-0.0,-1.0861048206364829e-12,-8.183494297430243e-12,-1.7911758543377923e-08
203,0.03941579854111065,0.049999999991446414,0.04999999471764372,-3.747027459599151e-09,-1.086426012985909e-10,-0.00017992446087866776,-0.0,-0.0,-1.1164185874337084e-12,-8.091644564690588e-12,-1.7835710546538095e-08
204,0.04022001734431205,0.04999999999106894,0.04999999459741368,-3.748998649335865e-09,-9.4902493087905e-11,-0.00018371003983496368,-0.0,-0.0,-1.146553658054529e-12,-7.999653579823682e-12,-1.7764945067889194e-08
205,0.0410291476043253,0.04999999999067687,0.04999999448520358,-3.755744795901043e-09,-8.221428349971933e-11,-0.0001874936659037767,-0.0,-0.0,-1.1763469787726652e-12,-7.907499095413079e-12,-1.7699380450966866e-08
206,0.04184285503304205,0.049999999990291,0.049999994381058316,-3.767226095879886e-09,-7.055168864881532e-11,-0.00019127377248614636,-0.0,-0.0,-1.2058470104146557e-12,-7.815180791759742e-12,-1.763893753741729e-08
207,0.04266080197625719,0.04999999998990249,0.04999999428498855,-3.78350867530592e-09,-5.988631173663078e-11,-0.00019504925433810994,-0.0,-0.0,-1.2349965970649876e-12,-7.722656450133976e-12,-1.7583537976895097e-08
208,0.04348263578187103,0.04999999998951036,0.04999999419697765,-3.804404325642277e-09,-5.0198276648566073e-11,-0.00019881864846294143,-0.0,-0.0,-1.2636950096077799e-12,-7.629926319837287e-12,-1.7533103998305907e-08
209,0.044308007333061845,0.04999999998912776,0.04999999411698407,-3.829983284122478e-09,-4.1458682040049326e-11,-0.0002025807226543359,-0.0,-0.0,-1.2920364346848257e-12,-7.536970581492808e-12,-1.7487559357102476e-08
210,0.04513655779849463,0.04999999998873577,0.04999999404494156,-3.860115209832013e-09,-3.364200053127125e-11,-0.0002063341024481349,-0.0,-0.0,-1.3198914984263337e-12,-7.443746317459522e-12,-1.744682912316899e-08
211,0.04596792866367042,0.049999999988348726,0.049999993980761895,-3.8948530482666875e-09,-2.6719492985960558e-11,-0.00021007734394893802,-0.0,-0.0,-1.3472977065647027e-12,-7.350230481496792e-12,-1.7410840900300422e-08
212,0.04680175924145082,0.04999999998795771,0.04999999392433177,-3.934227285820732e-09,-2.066161106584526e-11,-0.0002138094614827515,-0.0,-0.0,-1.3741840260598718e-12,-7.256379140131489e-12,-1.737952319661784e-08
213,0.04763767682022247,0.0499999999875689,0.04999999387552199,-3.978054942779439e-09,-1.544382027280859e-11,-0.0002175291175025454,-0.0,-0.0,-1.4005121373646476e-12,-7.16217421634068e-12,-1.7352805194049363e-08
214,0.04847531481919648,0.049999999987188556,0.049999993834187656,-4.026432130576803e-09,-1.1036557931970649e-11,-0.00022123519876196638,-0.0,-0.0,-1.426344068539256e-12,-7.067564171196444e-12,-1.733061764964065e-08
215,0.049314299337250164,0.04999999998679896,0.049999993800168334,-4.0792153134249755e-09,-7.412210163210701e-12,-0.00022492645947374716,-0.0,-0.0,-1.4515443614687792e-12,-6.972503448614315e-12,-1.731289267508001e-08
216,0.05015425938860516,0.04999999998641693,0.04999999377329082,-4.136467297876445e-09,-4.5418374714527964e-12,-0.0002286015808209658,-0.0,-0.0,-1.4761675572180444e-12,-6.876975365703196e-12,-1.729956487560716e-08
217,0.050994824485137064,0.04999999998603927,0.04999999375336493,-4.198230623656765e-09,-2.3966411519494894e-12,-0.00023225970616801465,-0.0,-0.0,-1.500150070425105e-12,-6.780953102725866e-12,-1.7290569780797023e-08
218,0.051835614672431696,0.04999999998566598,0.04999999374019248,-4.2643196301851104e-09,-9.498808574314737e-13,-0.00023589962684297507,-0.0,-0.0,-1.5235214287435759e-12,-6.684415148854075e-12,-1.7285843597003574e-08
219,0.05267625863063641,0.04999999998530422,0.04999999373356739,-4.3348280399286494e-09,-1.7310991806632645e-13,-0.00023952061154397113,-0.0,-0.0,-1.5462893224863008e-12,-6.587300837237423e-12,-1.7285322985037205e-08
220,0.05351637532934653,0.04999999998493676,0.04999999373327919,-4.4094867210083895e-09,-3.857788453783988e-14,-0.0002431212835704447,-0.0,-0.0,-1.5684117827808427e-12,-6.4895509383211146e-12,-1.728894602690563e-08
221,0.0543555996656516,0.04999999998456842,0.04999999373911096,-4.4884974616631e-09,-5.182357134129442e-13,-0.0002467004579519237,-0.0,-0.0,-1.5898304823091595e-12,-6.3911550861283e-12,-1.7296654392841296e-08
222,0.05519356426384475,0.049999999984216725,0.04999999375083056,-4.571917238563548e-09,-1.585620770342063e-12,-0.00025025740503954096,-0.0,-0.0,-1.6106353043793862e-12,-6.292079313782832e-12,-1.7308390604035957e-08
223,0.05602989458077188,0.04999999998386798,0.0499999937682047,-4.659503717209796e-09,-3.2136391361876767e-12,-0.00025379105132552126,-0.0,-0.0,-1.6307790660104896e-12,-6.192255515804815e-12,-1.732409778868851e-08
224,0.05686422741508972,0.0499999999835167,0.04999999379099889,-4.751357359296313e-09,-5.376316927941493e-12,-0.00025730078967736437,-0.0,-0.0,-1.6502290826292168e-12,-6.091637883594421e-12,-1.7343719468230227e-08
225,0.0576961925478616,0.04999999998318008,0.04999999381897956,-4.847181078441466e-09,-8.045823789532345e-12,-0.00026078537590745976,-0.0,-0.0,-1.6690105307983843e-12,-5.990176288020278e-12,-1.7367200493287898e-08
226,0.05852543795002377,0.04999999998284871,0.04999999385191137,-4.947194289681984e-09,-1.1198410897121527e-11,-0.00026424375658030914,-0.0,-0.0,-1.6871016744167303e-12,-5.887833062404527e-12,-1.7394489118270678e-08
227,0.05935161151794985,0.0499999999825262,0.04999999388954854,-5.051431298409962e-09,-1.4810789384605447e-11,-0.00026767533221022844,-0.0,-0.0,-1.704497657146618e-12,-5.784580031049075e-12,-1.7425534345272613e-08
228,0.060174356522961596,0.04999999998222021,0.04999999393164933,-5.159609681662099e-09,-1.8856701679893155e-11,-0.0002710791599935599,-0.0,-0.0,-1.7212493665648604e-12,-5.680373555038428e-12,-1.7460285680954688e-08
229,0.06099332983719746,0.049999999981912575,0.04999999397797511,-5.271826491476697e-09,-2.3313352501409572e-11,-0.000274454756669757,-0.0,-0.0,-1.7373416951114168e-12,-5.575147114942929e-12,-1.7498692945192162e-08
230,0.06180818361064895,0.0499999999816141,0.049999994028292576,-5.387722331520402e-09,-2.8153903843865623e-11,-0.0002778007300853526,-0.0,-0.0,-1.7527955702733466e-12,-5.468822942925479e-12,-1.754070829988105e-08
231,0.06261859598490761,0.049999999981319494,0.04999999408236519,-5.507732945970317e-09,-3.3362750091760276e-11,-0.0002811164489257535,-0.0,-0.0,-1.7675872922207912e-12,-5.3613219083123334e-12,-1.758628700194461e-08
232,0.06342423491787631,0.04999999998103227,0.04999999413995052,-5.63161344738637e-09,-3.891684966928989e-11,-0.0002844014315969543,-0.0,-0.0,-1.7816902564078324e-12,-5.2525724818280116e-12,-1.7635383696011018e-08
233,0.06422477286267743,0.049999999980749776,0.049999994200819076,-5.759085999595577e-09,-4.479154847438047e-11,-0.00028765486718995134,-0.0,-0.0,-1.7950959906356022e-12,-5.142531673590654e-12,-1.7687953463970255e-08
234,0.06501989700519221,0.049999999980480936,0.04999999426474651,-5.890221696809077e-09,-5.0967475095464775e-11,-0.0002908763892563152,-0.0,-0.0,-1.807837279295309e-12,-5.0311587886897885e-12,-1.7743951610194615e-08
235,0.065809292373418,0.04999999998022696,0.049999994331516105,-6.0246357732918665e-09,-5.741941235034105e-11,-0.0002940647427244642,-0.0,-0.0,-1.8200081537604004e-12,-4.918358321842304e-12,-1.780333563822363e-08
236,0.06659267009005163,0.049999999979975805,0.0499999944009121,-6.1626695136451375e-09,-6.41375370092226e-11,-0.00029721941961513007,-0.0,-0.0,-1.831490550604781e-12,-4.804049157326695e-12,-1.7866065958213533e-08
237,0.06736973472522527,0.049999999979738974,0.04999999447271513,-6.304140381235143e-09,-7.110110841208979e-11,-0.0003003400561740314,-0.0,-0.0,-1.8423353257284906e-12,-4.688191027364547e-12,-1.7932102296908054e-08
238,0.06814019630851699,0.049999999979513654,0.04999999454671873,-6.448706655953111e-09,-7.82874715423984e-11,-0.0003034259653043263,-0.0,-0.0,-1.852598755518344e-12,-4.5707066862569056e-12,-1.8001404708379255e-08
239,0.06890378102726524,0.04999999997929208,0.04999999462272331,-6.596442671031813e-09,-8.568076745423078e-11,-0.0003064768916948558,-0.0,-0.0,-1.8622529633729726e-12,-4.4515029753335774e-12,-1.8073933376281673e-08
240,0.06966021472391862,0.049999999979081694,0.04999999470053773,-6.74691969469296e-09,-9.32577685680189e-11,-0.0003094917120754937,-0.0,-0.0,-1.871331202472065e-12,-4.3304877809431125e-12,-1.8149650525743005e-08
241,0.07040924961694521,0.04999999997888082,0.04999999477997327,-6.900474086030635e-09,-1.0101400345502407e-10,-0.00031247003929199026,-0.0,-0.0,-1.879808675270455e-12,-4.207576210187644e-12,-1.822852108378135e-08
242,0.07115063326593184,0.049999999978696676,0.049999994860839135,-7.0568875813547895e-09,-1.0893105549457338e-10,-0.00031541162495288803,-0.0,-0.0,-1.887695525687898e-12,-4.082693470323555e-12,-1.8310509183319522e-08
243,0.07188411989579832,0.04999999997852368,0.0499999949429587,-7.215751702886525e-09,-1.1698834621028323e-10,-0.0003183158945372761,-0.0,-0.0,-1.895031503222015e-12,-3.955759253005051e-12,-1.8395579182760315e-08
244,0.07260948100107945,0.04999999997836063,0.049999995026162536,-7.377170225086473e-09,-1.2517348628308357e-10,-0.0003211827036095947,-0.0,-0.0,-1.901821188724035e-12,-3.8266800821465505e-12,-1.8483695476923132e-08
245,0.07332648856586219,0.04999999997820763,0.049999995110290296,-7.540618348769621e-09,-1.3346521806178718e-10,-0.000324011053609553,-0.0,-0.0,-1.9080909720607376e-12,-3.6953596250852245e-12,-1.8574824337885125e-08
246,0.07403494116114412,0.04999999997806432,0.04999999519518524,-7.706452268184908e-09,-1.4186390560779604e-10,-0.0003268006701157024,-0.0,-0.0,-1.913877642701978e-12,-3.5616821589322245e-12,-1.8668934561264206e-08
247,0.07473463416481047,0.04999999997792538,0.0499999952806886,-7.87443868524848e-09,-1.5035337151538177e-10,-0.00032955140911026344,-0.0,-0.0,-1.919145941310475e-12,-3.4255098759113324e-12,-1.8765994055996186e-08
248,0.0754253703342822,0.04999999997779548,0.049999995366655836,-8.044108216479877e-09,-1.5891514460236008e-10,-0.00033226281018031617,-0.0,-0.0,-1.9238124855542506e-12,-3.2867814968324842e-12,-1.886597084064483e-08
249,0.07610696988239193,0.04999999997768314,0.049999995452949676,-8.215572977546493e-09,-1.6753984284988387e-10,-0.0003349348250607432,-0.0,-0.0,-1.9280113687903042e-12,-3.1454577674234058e-12,-1.8968832875623153e-08
250,0.07677925456043423,0.049999999977579895,0.049999995539441684,-8.388256936831594e-09,-1.7620826180208801e-10,-0.00033756657919715614,-0.0,-0.0,-1.9317758146284024e-12,-3.0014400352693817e-12,-1.9074549851191517e-08
251,0.07744207180173523,0.049999999977484416,0.04999999562600721,-8.562519708468908e-09,-1.8492482730322543e-10,-0.00034015790351828824,-0.0,-0.0,-1.9350775124893917e-12,-2.8546486912693253e-12,-1.918309379330752e-08
252,0.07809526700339908,0.049999999977397035,0.04999999571252,-8.738097435800445e-09,-1.9367540674381099e-10,-0.00034270875049256544,-0.0,-0.0,-1.937909126789565e-12,-2.705037602754944e-12,-1.9294435754375626e-08
253,0.07873869348407186,0.04999999997732357,0.04999999579886718,-8.91450167333985e-09,-2.0244347537144527e-10,-0.0003452187657271918,-0.0,-0.0,-1.9403487785780465e-12,-2.552554474345796e-12,-1.9408546793923e-08
254,0.07937222139845818,0.049999999977254884,0.04999999588494277,-9.091829734072484e-09,-2.1122228597423708e-10,-0.0003476879913849388,-0.0,-0.0,-1.942260361848162e-12,-2.3972183976105955e-12,-1.9525397822999445e-08
255,0.0799957231902324,0.04999999997720604,0.04999999597064931,-9.269463029683416e-09,-2.1999451787612902e-10,-0.00035011566621073807,-0.0,-0.0,-1.943856194138784e-12,-2.2390794515497086e-12,-1.9644961356861518e-08
256,0.0806090956975668,0.04999999997716677,0.04999999605589275,-9.447782474729654e-09,-2.2876810192980572e-10,-0.00035250172286444307,-0.0,-0.0,-1.945065315847689e-12,-2.0781692318350392e-12,-1.9767212071342127e-08
257,0.08121223433682047,0.04999999997713614,0.04999999614057729,-9.626497065954364e-09,-2.3753054896220884e-10,-0.00035484620147275924,-0.0,-0.0,-1.9458606862625587e-12,-1.914624766574127e-12,-1.98921235774753e-08
258,0.08180504251791365,0.04999999997711838,0.04999999622461997,-9.805078173220583e-09,-2.4626713061053664e-10,-0.00035714884614395867,-0.0,-0.0,-1.946305360223661e-12,-1.7486631637278969e-12,-2.00196694076639e-08
259,0.08238743962732402,0.04999999997710708,0.04999999630794409,-9.983631806160651e-09,-2.549733496898393e-10,-0.0003594097795141342,-0.0,-0.0,-1.9463495372450093e-12,-1.5806194292080357e-12,-2.0149822872102652e-08
260,0.08295934776173432,0.0499999999771055,0.04999999639048028,-1.0161533001869797e-08,-2.636336009579257e-10,-0.00036162835325723603,-0.0,-0.0,-1.9460747390948324e-12,-1.4109794857387584e-12,-2.0282558752893575e-08
261,0.08352071136539346,0.04999999997711594,0.04999999647216212,-1.0339151185851896e-08,-2.7225851197703883e-10,-0.0003638045893676164,-0.0,-0.0,-1.9454997235634353e-12,-1.2403847758917188e-12,-2.0417853819264197e-08
262,0.08407147419130516,0.04999999997713255,0.04999999655292107,-1.051622395410965e-08,-2.8083705074022684e-10,-0.00036593860705149816,-0.0,-0.0,-1.944548659542588e-12,-1.069755429920795e-12,-2.055568371284935e-08
263,0.08461158739089565,0.04999999997716131,0.04999999663270031,-1.0692159818751331e-08,-2.8935609583697133e-10,-0.00036803023970969647,-0.0,-0.0,-1.9433026324597146e-12,-9.003693059453991e-13,-2.0696023924894197e-08
264,0.08514101709141497,0.04999999997719726,0.049999996711448516,-1.0867116907432636e-08,-2.978130334741067e-10,-0.0003700796866775218,-0.0,-0.0,-1.941730380940854e-12,-7.33953541314146e-13,-2.0838849648496376e-08
265,0.08565973193478388,0.049999999977245774,0.04999999678912043,-1.1040439332240057e-08,-3.061936403121477e-10,-0.00037208640134075494,-0.0,-0.0,-1.9399160031713036e-12,-5.728428628668301e-13,-2.098413742466773e-08
266,0.08616772090137491,0.04999999997730466,0.04999999686567321,-1.1212522639441258e-08,-3.1451075498064137e-10,-0.00037405049123787596,-0.0,-0.0,-1.937850715268463e-12,-4.2019060570537255e-13,-2.113186562738508e-08
267,0.08666497222060951,0.04999999997736778,0.04999999694106222,-1.1383046443994559e-08,-3.227544619960621e-10,-0.00037597214333199593,-0.0,-0.0,-1.935504916062157e-12,-2.803164108755082e-13,-2.1282011442726346e-08
268,0.08715148142909795,0.0499999999774417,0.049999997015252866,-1.1551501109886821e-08,-3.309130870201431e-10,-0.00037785127564432714,-0.0,-0.0,-1.932909521973637e-12,-1.5915120525213738e-13,-2.1434551846357742e-08
269,0.08762725705183794,0.04999999997752083,0.0499999970882146,-1.1718022297711424e-08,-3.3898545940508935e-10,-0.0003796881533522635,-0.0,-0.0,-1.930045244085961e-12,-6.48824507686888e-14,-2.158946344931506e-08
270,0.08809231001170341,0.04999999997760943,0.049999997159922684,-1.188192852772088e-08,-3.4695866911123153e-10,-0.00038148232745751335,-0.0,-0.0,-1.926924221783502e-12,-8.908433947097146e-15,-2.1746724103054714e-08
271,0.0885466692991478,0.04999999997770977,0.04999999723035423,-1.2043652305522102e-08,-3.5484714283624965e-10,-0.0003673655149220732,-0.0,-0.0,-1.9236298299683346e-12,-7.24216145345471e-15,-2.1906313350597325e-08
272,0.08916157521537127,0.0499678052745652,0.04999999729948388,-2.158238433341393e-08,-1.0736623304091906e-07,-0.0003210876978018362,-0.0,-0.0,-3.5138280397028817e-07,-1.2457578662637914e-08,-1.9853915646041508e-08
273,0.09022452388538699,0.04937979454734767,0.049999991837762645,-6.989882684552834e-08,-2.6832988049740927e-06,-0.00031098881741504667,-0.0,-0.0,-4.794966963315569e-07,-1.5328377977277987e-07,-2.0159095807711308e-08
274,0.09085395021897477,0.04785036484407311,0.04999997390511052,-3.573386611560095e-08,-5.003717330716613e-06,-0.00030800706978319426,-0.0,-0.0,-8.277218898539459e-07,-5.425352146487802e-07,-2.8822477726261393e-08
275,0.0912485715766831,0.044934685658373365,0.04999994065695732,-3.005807100971137e-10,-5.880011843200791e-06,-0.0003055918050351242,-0.0,-0.0,-1.2639498831000893e-06,-1.3195921618445908e-06,-4.7089286885073466e-08
276,0.09153005029008433,0.04093921993967101,0.04999989465343236,-3.681974124148538e-08,-5.816604363232794e-06,-0.0003052896360885939,-0.0,-0.0,-1.1458643474523256e-06,-2.46586021935565e-06,-7.461185105732803e-08
277,0.09178358521112251,0.03655798282876354,0.04999984033861785,-1.582353966897681e-07,-5.754815028765883e-06,-0.0003068240147248113,-0.0,-0.0,-7.343979741760053e-07,-3.85984744638326e-06,-1.1086249370780048e-07
278,0.09202304103803127,0.03181589441852259,0.04999978174797584,-3.6745842137107965e-07,-5.627884172653123e-06,-0.0003088296235363256,-0.0,-0.0,-2.1119198926116336e-07,-5.173178493393895e-06,-1.5595504694712432e-07
279,0.09225131491222882,0.027684737223898744,0.04999972247848889,-6.222553712088781e-07,-5.6264489573975884e-06,-0.0003254339257545275,-0.0,-0.0,-1.4438760324298922e-06,-5.367750318012407e-06,-2.1085417149487694e-07
280,0.09241228372663368,0.02395447620357219,0.04999966995051858,-9.140764101356189e-07,-5.849906374942355e-06,-0.00035181449484143675,-0.0,-0.0,-7.60688817505134e-06,-4.022560598710758e-06,-2.7660265305658997e-07
281,0.09256592051043902,0.020496897006216597,0.04999963658437334,-1.1684248335742846e-06,-6.188102014397031e-06,-0.0003867433023336018,-0.0,-0.0,-2.154666737108812e-05,-1.3553116445935705e-06,-3.5494765621245794e-07
282,0.09272359855785418,0.017318225235195252,0.04999962429814108,-1.3416436535117227e-06,-6.599713515132244e-06,-0.00043038315622345854,-0.0,-0.0,-4.2708895529514644e-05,-2.9160936454716447e-08,-4.469637932628504e-07
283,0.09287131232745888,0.014362434955624299,0.04999963347287999,-1.5271554327917821e-06,-7.057765589120145e-06,-0.0004826114942143786,-0.0,-0.0,-7.120763367073863e-05,-3.917098231229131e-06,-5.539831292857492e-07
284,0.09300722733251715,0.011685301899254413,0.04999966330452485,-1.7252102627700694e-06,-7.5656746574558385e-06,-0.0005493029824962105,-0.0,-0.0,-0.00011620895236318529,-1.8333829168161356e-05,-6.777665807761302e-07
285,0.09315852999660564,0.009482709442177986,0.049999709127444225,-1.544819196635716e-06,-8.213045737915004e-06,-0.0006306024261442042,-0.0,-0.0,-0.00017639047450155088,-5.040716856888114e-05,-8.204042383519556e-07
286,0.09329576406720592,0.007567667009986137,0.049999764686986324,-1.2711774187313355e-06,-8.934857834597386e-06,-0.000728573647549528,-0.0,-0.0,-0.0002546158877621586,-0.0001082057047084929,-9.839641336696787e-07
287,0.09341251080705246,0.005929358277584007,0.04999982466301792,-9.368826664842517e-07,-9.729916115164426e-06,-0.0007174924464673395,-0.0,-0.0,-0.0003451083676056397,-0.00019939322861103296,-1.1694911024743407e-06
288,0.09368252496375966,0.004534328729619169,0.04999988343125185,-5.958584532742114e-07,-9.63348381535063e-06,-0.0004299423161293738,-0.0,-0.0,-0.00010685140290223189,-0.0002906634726443648,-1.3527126911671494e-06
289,0.0944250822864191,0.0034749083387659897,0.04999989532558344,-3.746066468771177e-07,-7.075302422583695e-06,-0.0004057067825302567,-0.0,-0.0,-0.00017671133647151273,-0.0003629805802854563,-1.5239732293741483e-06
290,0.09460766999068969,0.0030643779483390376,0.049999878900467594,-3.8906935235137405e-07,-7.0182191085019545e-06,-0.00045566374387567815,-0.0,-0.0,-0.00018491440028335719,-0.0004684280304269148,-1.7186792309234146e-06
291,0.09457221011018936,0.002794479201045296,0.04999986752267379,-4.3368176861015183e-07,-7.66630285230931e-06,-0.0005130555667164213,-0.0,-0.0,-0.00025704714442866786,-0.0006037060907899429,-1.933316853491957e-06
292,0.09451271244629728,0.0025233635943158056,0.049999867269221676,-4.807774627028709e-07,-8.357745349755038e-06,-0.0005831478714291657,-0.0,-0.0,-0.00035321253291514994,-0.0007773354052036659,-2.1721850931107485e-06
293,0.09442989642954913,0.002233703930392072,0.04999987743666956,-4.1355491700447015e-07,-9.205165233008292e-06,-0.0006659358139205141,-0.0,-0.0,-0.0004770087710881633,-0.0009967491366142621,-2.4390673940850495e-06
294,0.09431471357027538,0.001939102453778412,0.049999895763661706,-3.025072336421445e-07,-1.024739059502058e-05,-0.0007632151831334938,-0.0,-0.0,-0.0006272019787705249,-0.0012683076567015273,-2.7373495129992533e-06
295,0.09416216953838147,0.0016509052216903703,0.04999991954927799,-1.738941128762436e-07,-1.1344213770978387e-05,-0.0005356583138195202,-0.0,-0.0,-0.00048365356258139175,-0.0015445234441152497,-3.0382116934338553e-06
296,0.09459542002094179,0.001320910929186086,0.049999929061005144,-6.356576713000772e-08,-1.0381401313360511e-05,-0.00048315006781759833,-0.0,-0.0,-0.0006590091506692192,-0.0018810401652834471,-3.372131584408566e-06
297,0.09464538057965824,0.001220742954381894,0.04999991548963272,-5.016177149030474e-08,-1.0385095297372932e-05,-0.0005395390103809316,-0.0,-0.0,-0.0006845671785919147,-0.0022551168125751818,-3.723564360431091e-06
298,0.09436975223105508,0.0012003942796481998,0.04999990431277754,-5.626915699937458e-08,-1.1379587053354124e-05,-0.0006052468373493052,-0.0,-0.0,-0.0008622288958193678,-0.0026950369755626927,-4.108347417203995e-06
299,0.09404913252981223,0.0011536956408894528,0.04999990154574649,-4.5716191644815413e-08,-1.2485074342227835e-05,-0.0006815132930301573,-0.0,-0.0,-0.001069768467418274,-0.0032098095099955615,-4.531918088579743e-06
300,0.09368833440060581,0.0010842698555054533,0.049999906998644206,-2.3206425749915047e-08,-1.363139508238445e-05,-0.0005198213158762042,-0.0,-0.0,-0.0007812143599985205,-0.0037118694354697102,-4.915716302303041e-06
301,0.09393077873593804,0.0010600365983693565,0.04999990283723635,-9.810540470525148e-09,-1.0235085698917929e-05,-0.0005762316654140419,-0.0,-0.0,-0.001013164642162913,-0.004334813045003275,-5.372821086488077e-06
302,0.09351594112211893,0.0010676457534751227,0.04999988906050993,-1.2979497040050093e-08,-1.1242837405888506e-05,-0.0006413771338398578,-0.0,-0.0,-0.0010715292972565717,-0.004973658718557677,-5.805765391764793e-06
303,0.09309014366303364,0.0010867147912624196,0.04999988421528066,-1.7985174902662264e-08,-9.909621454187553e-06,-0.0006425989468933022,-0.0,-0.0,-0.0012807717703025893,-0.0056684570387523815,-6.2500020543033694e-06
304,0.09279505095485142,0.0010704757931925962,0.049999888321174364,-1.0254934938054974e-08,-9.25514664691927e-06,-0.0005735993915396678,-0.0,-0.0,-0.001355637415190055,-0.006357843141568578,-6.639657751402678e-06
305,0.09268556364883063,0.0010897347292845876,0.049999874231222506,-7.486802204647467e-09,-7.607439868189553e-06,-0.0006331442818505149,-0.0,-0.0,-0.0012316170743099147,-0.007136471069560265,-7.069306340836722e-06
306,0.09212425413977474,0.0010960067554519148,0.04999986250984623,-8.359390269023751e-09,-8.5827413200484e-06,-0.0007021213904143597,-0.0,-0.0,-0.0014845122435131856,-0.007997585049148733,-7.529608580191302e-06
307,0.09150371294183435,0.0010726823126807326,0.04999986087094421,-3.775270159711731e-09,-9.667952939453405e-06,-0.0006169152934183296,-0.0,-0.0,-0.0006052127889275259,-0.008926412397132237,-8.007890311830271e-06
308,0.09140795884608599,0.0011267568903360623,0.04999985708450443,-4.751211974507004e-09,-5.942194691618342e-06,-0.0006871584630110101,-0.0,-0.0,-0.0012798036210153153,-0.009802371374968916,-8.347271038713728e-06
309,0.09078220524448136,0.001106258934088534,0.04999984734752576,-1.2512063939850825e-09,-5.165040084542382e-06,-0.0006144084926776618,-0.0,-0.0,-0.0005602708222751754,-0.010746716302945976,-8.707525282784993e-06
310,0.09059397242438612,0.00112853537617738,0.04999983556383723,-1.3413520985079349e-09,-2.7480250557193793e-06,-0.0006712661043698186,-0.0,-0.0,-0.0012603677166940263,-0.011698511961096093,-8.964155111486568e-06
311,0.08987005629576977,0.0011550637662896483,0.049999819086615965,-3.1924691738704236e-09,-3.429572954978282e-06,-0.0007330386923538059,-0.0,-0.0,-0.0015035125461619068,-0.012769204743090021,-9.296288478949037e-06
312,0.08910426301541954,0.0011708011311087818,0.04999981481932991,-5.957858874958361e-09,-4.183541001213452e-06,-0.0007269907320103532,-0.0,-0.0,-0.0017708200210578588,-0.0139405638447968,-9.66917343886603e-06
313,0.08856182017603015,0.001230442535466414,0.04999982321389393,-1.585479575441021e-08,-3.652919804708074e-06,-0.0006563463352552513,-0.0,-0.0,-0.0017970346290743203,-0.015116646033390302,-9.922491018459878e-06
314,0.08828536975567974,0.0013238538782925175,0.049999810319685666,-1.719558617942083e-08,-2.0771643272719675e-06,-0.0007128079680966768,-0.0,-0.0,-0.0015314458779003583,-0.016399276918348634,-1.0212750215969678e-05
315,0.0874529177950697,0.001319681465512603,0.04999980110599564,-1.798249344321247e-08,-2.6418693206480244e-06,-0.000715833663742991,-0.0,-0.0,-0.0017959774036671165,-0.017779632722265317,-1.0524076701355677e-05
316,0.08682958878756745,0.0013400552253422405,0.04999980447625729,-1.7892699947633906e-08,-2.155127019714166e-06,-0.0006580735691392618,-0.0,-0.0,-0.0018202436886611913,-0.019186807473029692,-1.0702076233270395e-05
317,0.08647416001002756,0.001440462288850068,0.049999788361614395,-2.6212483511445824e-08,-1.0025611511638716e-06,-0.0007085626804641627,-0.0,-0.0,-0.001555360738060243,-0.020717922672686778,-1.0922562807349918e-05
318,0.08556533296241313,0.0014576861458509567,0.04999977725128641,-3.124975494715638e-08,-1.3865922263924058e-06,-0.0007675986583587881,-0.0,-0.0,-0.0018296451387668094,-0.02236456020725067,-1.1161688163361873e-05
319,0.08459832528625993,0.0014381888380814974,0.04999977970048913,-2.501565563835362e-08,-1.875698033264267e-06,-0.0007695491889180743,-0.0,-0.0,-0.002127640418234868,-0.024127457112008907,-1.1437431467877278e-05
320,0.08391137744721446,0.001466561196080682,0.04999979479470586,-1.9010990908007293e-08,-1.3001885475090667e-06,-0.0007062640181609373,-0.0,-0.0,-0.002100307615850938,-0.025945964170588705,-1.1538596927472001e-05
321,0.0835541458536656,0.0016055728464056873,0.049999788404794375,-2.4452210320700445e-08,-2.5949913408564286e-07,-0.0007668667701016567,-0.0,-0.0,-0.0017417629521389488,-0.027887637040227828,-1.1668467702560487e-05
322,0.08253611184967748,0.0015637943357663282,0.04999978636880942,-1.1268907047184477e-08,-3.853554767230074e-07,-0.0007691810295352592,-0.0,-0.0,-0.0019162423138111926,-0.029927239787826812,-1.1788128391569413e-05
323,0.08183116520802307,0.0016624276049215393,0.049999796919103695,-1.4843739734504246e-08,-7.103203818000775e-08,-0.0007127252299523306,-0.0,-0.0,-0.0018941104685022388,-0.03208078466336675,-1.1727314581079994e-05
324,0.08141557772854066,0.0018599898473059416,0.049999789862074616,-2.431195592901992e-08,-1.4301767077728406e-07,-0.0007574870694516499,-0.0,-0.0,-0.0015589267470303753,-0.03437432295562655,-1.1694623443339934e-05
325,0.08041037538115427,0.0019672642172233867,0.04999978890486139,-2.6617067940731326e-08,-4.3531947330834197e-08,-0.0008108624325158274,-0.0,-0.0,-0.0018004389844041861,-0.036813208268340454,-1.1670221902614302e-05
326,0.0793628323800876,0.0020353070320837945,0.04999980141599206,-1.9103135958613367e-08,-6.066446780126776e-08,-0.0006963365213282145,-0.0,-0.0,-0.0010336066121931498,-0.039462975319093874,-1.1440932621946108e-05
327,0.07932484300717846,0.0024121729760106835,0.04999980729986988,-3.6505183433087546e-08,-1.565992963492625e-06,-0.0007007893295704077,-0.0,-0.0,-0.0013168163276103793,-0.0422218311940068,-1.1318058580351333e-05
328,0.07856005736784005,0.0027667545752458993,0.049999800360682245,-5.267172229997889e-08,-1.8852199926957394e-06,-0.0007361349340449298,-0.0,-0.0,-0.0013423309733115616,-0.04525744522209488,-1.1024722991889334e-05
329,0.07757218437502394,0.0030727747672731126,0.04999980742658719,-5.649272318360052e-08,-1.5862697075268099e-06,-0.0007796133481164091,-0.0,-0.0,-0.0015266633993078864,-0.048438566250441226,-1.0799866312704054e-05
330,0.0765957121907141,0.0033561162348867573,0.04999982742202555,-4.4702507719940066e-08,-1.4985077479483243e-06,-0.0006839596700578203,-0.0,-0.0,-0.0008545061836535235,-0.05198032271123128,-1.0379359092995692e-05
331,0.0765847933310105,0.004067179418774049,0.04999984338328431,-6.578913705337204e-08,-5.592419443546684e-06,-0.0006572353064171329,-0.0,-0.0,-0.001062610934272403,-0.05559469440301737,-1.0049350087124566e-05
332,0.07614910145016887,0.005015821833971059,0.049999850834275834,-9.202621340567625e-08,-8.254024643076157e-06,-0.0006787348863358714,-0.0,-0.0,-0.0008882246620575568,-0.05971297420703148,-9.501780642075473e-06
333,0.0753434634280514,0.006020651534350435,0.0499998643955861,-9.735539537596298e-08,-8.14525844021714e-06,-0.0006438666503592414,-0.0,-0.0,-0.0002919394883484729,-0.06398706876395556,-9.010198195815301e-06
334,0.07505538265410895,0.0074570267075342415,0.04999988338641834,-1.2086837877285654e-07,-1.2629481717714895e-05,-0.0006144639241115833,-0.0,-0.0,-0.00021918524764237527,-0.06877267259485281,-8.36723718338757e-06
335,0.07480877754416704,0.009436041456458504,0.04999990111431679,-1.465114224735035e-07,-1.7605273238180273e-05,-0.0005892918431514284,-0.0,-0.0,-0.0001581285708438277,-0.07401011707571133,-7.650593733903733e-06
336,0.07460084636223745,0.012075214662027803,0.049999919367091986,-1.7308650827980162e-07,-2.3065627672617163e-05,-0.0005533876721122666,-0.0,-0.0,-0.00037635711799005465,-0.07990971153969977,-6.819270778093181e-06
337,0.07458971430922628,0.015639693675737542,0.049999937451055465,-2.1063027594336976e-07,-3.127508894871973e-05,-0.000525676807326463,-0.0,-0.0,-9.824323790607459e-05,-0.08629959065795026,-5.998569143450799e-06
338,0.07468904618527344,0.020298686393202148,0.049999953113106066,-2.2956278459454885e-07,-3.791328216074502e-05,-0.0005198829084834513,-0.0,-0.0,-7.452324158006359e-05,-0.09345944960367375,-5.162447911368736e-06
339,0.0747180825023831,0.02563022345321608,0.049999965722146295,-2.1211743398614286e-07,-3.857749147800398e-05,-0.000523690709875432,-0.0,-0.0,-6.930965067037227e-05,-0.10133237818018828,-4.400928304341853e-06
340,0.07471942424943458,0.030994494701050854,0.049999975628799695,-1.8275634735977744e-07,-3.6421165481626194e-05,-0.0005323986243358662,-0.0,-0.0,-7.133359786610172e-05,-0.10994825883177071,-3.726690964644988e-06
341,0.07468828946593696,0.03625895007922283,0.049999983240580144,-1.4802815845142258e-07,-3.322435902342114e-05,-0.0005422859511072096,-0.0,-0.0,-7.56436553924338e-05,-0.11933613792395802,-3.1380839539505075e-06
342,0.07470483937797166,0.04042065025590058,0.049999988977030035,-1.2002326456374923e-07,-2.9840973859179746e-05,-0.0005529409941565294,-0.0,-0.0,-8.123294945724336e-05,-0.12951392253862157,-2.628274377482733e-06
343,0.07473486431592419,0.04374968445487043,0.04999999321634263,-9.564386763667458e-08,-2.660176896184985e-05,-0.0005638270310269368,-0.0,-0.0,-8.775776516286316e-05,-0.1404991529750647,-2.1890051859415332e-06
344,0.07477538771379351,0.046257491399909985,0.04999999624755923,-7.500960549257444e-08,-2.3645299008929817e-05,-0.0005750764171573462,-0.0,-0.0,-9.370466602906657e-05,-0.15229521766248436,-1.8122257040876013e-06
345,0.07483087109310753,0.04803381402891202,0.049999998265476436,-5.7408485050564134e-08,-2.0988208456323136e-05,-0.0005863619109994615,-0.0,-0.0,-9.986883612179046e-05,-0.1648927548115114,-1.4902232357941978e-06
346,0.07489413110093131,0.04917338806172113,0.049999999447694524,-4.307153118468256e-08,-1.8634381371515732e-05,-0.00059750082404598,-0.0,-0.0,-0.00010648722573747144,-0.17826674443060345,-1.2160978837663466e-06
347,0.0749571456660267,0.04979086262834248,0.049999999955930935,-3.0721710702864316e-08,-1.6558396138520525e-05,-0.0006086577607507654,-0.0,-0.0,-0.00011166522591307482,-0.19237526970476,-9.840719802595667e-07
348,0.0750300504972594,0.04999824747509551,0.04999999991656824,-2.1783552870604343e-08,-1.4757215927152743e-05,-0.0006196659593010568,-0.0,-0.0,-0.00011740420624274826,-0.20716016649426539,-7.883163204546188e-07
349,0.07510127857485167,0.04988733111224019,0.04999999943317269,-1.4732503451711994e-08,-1.3151196793737954e-05,-0.0006305672828513465,-0.0,-0.0,-0.00012301983481664348,-0.22254809302789955,-6.245206017149917e-07
350,0.07517062378291216,0.04953900160812491,0.049999998592731854,-9.296330378408432e-09,-1.1728290228119127e-05,-0.0006413353324609389,-0.0,-0.0,-0.0001284830253978435,-0.23845187679121282,-4.886276296952062e-07
351,0.07523641153919457,0.04901805884679805,0.0499999974671162,-5.286320496886832e-09,-1.0471484542657447e-05,-0.0006519666045952786,-0.0,-0.0,-0.00013377796242331524,-0.23883511835537294,-3.770843014916159e-07
352,0.07529730845013748,0.04837542421165336,0.04999999611418922,-2.5138114616396353e-09,-9.362023248556154e-06,-0.000662458248904714,-0.0,-0.0,-0.000138876475330678,-0.22324629962954382,-2.8677363763717305e-07
353,0.0753521390092763,0.04765031888239595,0.049999994582178214,-8.184136170928897e-10,-8.382195341781418e-06,-0.0006728377085576218,-0.0,-0.0,-0.00014377598531054944,-0.20845604795355738,-2.1497388664812705e-07
354,0.07540045281718823,0.046871803755983904,0.04999999291154688,-6.594813626483036e-11,-7.515649533752255e-06,-0.0006830053679922292,-0.0,-0.0,-0.0001480669742381249,-0.19449912293945965,-1.5932551124534217e-07
355,0.07544003017269976,0.04606495935824879,0.049999991163506494,-1.316928939649363e-10,-6.749405890249568e-06,-0.0006929469902720171,-0.0,-0.0,-0.0001531658334176071,-0.1813915920436638,-1.1774653464635757e-07
356,0.07546877247021992,0.045249070616271474,0.04999998931079136,-9.017240337943628e-10,-6.072523351954671e-06,-0.000702849669931997,-0.0,-0.0,-0.0001572688181369059,-0.1691361203652247,-8.83752466622004e-08
357,0.07549013740586155,0.044424481721363845,0.049999987405109164,-2.3370328123798367e-09,-5.4718965477379626e-06,-0.0007125654396875122,-0.0,-0.0,-0.00016131792831815153,-0.1577185649562522,-6.970387768232243e-08
358,0.07550094527293091,0.04360802263563105,0.04999998547949038,-4.330493203637269e-09,-4.9395199467562895e-06,-0.0007220881140343168,-0.0,-0.0,-0.0001651931148887783,-0.1471159740984062,-6.033030492853089e-08
359,0.07550072820784642,0.042805720432958966,0.04999998355011346,-6.8070727694272054e-09,-4.467614036308674e-06,-0.000731416734396067,-0.0,-0.0,-0.00016889115125144413,-0.13729609018402303,-5.90476304420611e-08
360,0.07548918394630033,0.0420213067079909,0.04999998162932944,-9.707325382111731e-09,-4.0492092125943995e-06,-0.0007405495321476956,-0.0,-0.0,-0.00017240724925732346,-0.12822038756325604,-6.480217117972329e-08
361,0.07546608278784928,0.04125709539301467,0.04999997972793764,-1.2983240934555062e-08,-3.678120253692079e-06,-0.0007494849298793632,-0.0,-0.0,-0.0001757414437334566,-0.11984614807266546,-7.667741435431908e-08
362,0.07543123522353695,0.04051444288869954,0.04999997785530688,-1.6593545202158872e-08,-3.3488969827012756e-06,-0.000758353063465069,-0.0,-0.0,-0.00017824410849879473,-0.11212746747283525,-9.393186738183065e-08
363,0.07538676074678358,0.03978675566927796,0.04999997605702957,-2.0541795130295796e-08,-3.059653078204415e-06,-0.000766785560518361,-0.0,-0.0,-0.00018111614305670563,-0.10502044485569595,-1.157933063510034e-07
364,0.07532732357853095,0.03909857716239146,0.04999997435132241,-2.4500286889366585e-08,-2.801189628923594e-06,-0.0007749260385601759,-0.0,-0.0,-0.00018414667058598645,-0.09847848764666484,-1.4170147156463875e-07
365,0.07525474499457735,0.03843838545153059,0.04999997266466049,-2.8645273777214943e-08,-2.5708361176304666e-06,-0.0007829678545350655,-0.0,-0.0,-0.00018663116246959982,-0.09245767869380293,-1.7111709220244363e-07
366,0.07517174107623595,0.03779229487182284,0.049999971003238886,-3.314504422390982e-08,-2.3679832044381935e-06,-0.0007907333081088249,-0.0,-0.0,-0.00018926363909911633,-0.08691643366235097,-2.0354402603721355e-07
367,0.07507593593631726,0.037172087822171206,0.04999996938261878,-3.781831961427532e-08,-2.1860842719602913e-06,-0.0007983275092504236,-0.0,-0.0,-0.00019094216232811294,-0.08181304116108917,-2.3860034164449535e-07
368,0.07497159120716938,0.036566123455132014,0.04999996783132879,-4.18669015752432e-08,-2.0148956269946128e-06,-0.000805622565441677,-0.0,-0.0,-0.00019400469577867633,-0.07711205903526659,-2.7579515379983507e-07
369,0.07485103099523045,0.035993866154774394,0.04999996632896184,-4.684093311960465e-08,-1.8623389951943645e-06,-0.0008128376504582977,-0.0,-0.0,-0.00019610311827872965,-0.07277796609895641,-3.149672203381563e-07
370,0.07472018206041829,0.03543082701007396,0.049999964865470786,-5.2466240945963204e-08,-1.7362478147193031e-06,-0.0008198590538924222,-0.0,-0.0,-0.0001977919500860414,-0.06877816604084416,-3.559543933088032e-07
371,0.07457902308634652,0.0348834612462964,0.04999996346671387,-5.8184675710362295e-08,-1.6279014861127416e-06,-0.0008266718505708652,-0.0,-0.0,-0.00019924463910659746,-0.06508300596692727,-3.985770350208509e-07
372,0.07442732271731098,0.03435345916033369,0.04999996214265238,-6.399235017014195e-08,-1.532837971997997e-06,-0.0008332679765765459,-0.0,-0.0,-0.0002005198938028675,-0.061665547507452005,-4.4266508949592054e-07
373,0.07426510732396395,0.03384138564216639,0.04999996089856188,-6.989192725581807e-08,-1.4487943501409254e-06,-0.0008396420424267248,-0.0,-0.0,-0.00020163641321853883,-0.05850129490163483,-4.880694892062268e-07
374,0.07409256963585709,0.03334727689579361,0.04999995973690699,-7.587013895862538e-08,-1.3742745933438015e-06,-0.0008457913087146191,-0.0,-0.0,-0.00020260302724225615,-0.05556798714954574,-5.346633961738487e-07
375,0.07390996724586295,0.032870904031733726,0.04999995865855613,-8.192511368545538e-08,-1.3082312349938064e-06,-0.000851730427038216,-0.0,-0.0,-0.00020341973501174422,-0.052845422862417495,-5.823397874744608e-07
376,0.0737177735185534,0.032411082033652484,0.0499999576635656,-8.805178095376583e-08,-1.2501943839754054e-06,-0.0008574272457103952,-0.0,-0.0,-0.00020392351960534617,-0.05031525662545703,-6.310185577466578e-07
377,0.07351611569846322,0.03196927437100449,0.04999995677087595,-9.420912095488992e-08,-1.1989097536749122e-06,-0.0008628544222169512,-0.0,-0.0,-0.00020470290922747008,-0.04796094903825204,-6.806163375860335e-07
378,0.07330490121028611,0.03154785374606666,0.04999995594084002,-1.003609416378722e-07,-1.1521697672192997e-06,-0.0008681581091551948,-0.0,-0.0,-0.00020461561445581103,-0.04576728603119881,-7.311103579438081e-07
379,0.07308606997911685,0.031135485262585486,0.049999955218953646,-1.0669921920579233e-07,-1.114599196540308e-06,-0.000873144343089116,-0.0,-0.0,-0.00020471679155951812,-0.0437206781077255,-7.824644640908726e-07
380,0.07285819385954406,0.03074701872662903,0.049999954606376254,-1.1284235735381527e-07,-1.0796753564777028e-06,-0.0008778561100828253,-0.0,-0.0,-0.00020475151664038312,-0.04180901225874052,-8.346100697127774e-07
381,0.07262201541982691,0.030378383102625736,0.04999995407366257,-1.1895482202095721e-07,-1.048061040431164e-06,-0.000882320380818498,-0.0,-0.0,-0.0002046806770612586,-0.04002118150591366,-8.875088502607084e-07
382,0.07237813372541435,0.030027212398798693,0.04999995360614801,-1.2511043660263128e-07,-1.0197131745171605e-06,-0.0008865603418592611,-0.0,-0.0,-0.0002044713867022825,-0.03834706091444922,-9.411397710413053e-07
383,0.0721270826963019,0.029691784081157135,0.04999995319917645,-1.3135906076711474e-07,-9.94675261917041e-07,-0.0008905693661785402,-0.0,-0.0,-0.0002041243520906228,-0.0367774762522642,-9.95485925484483e-07
384,0.07186918488054689,0.029372388274774165,0.04999995285443864,-1.376944838150231e-07,-9.721844843035845e-07,-0.0008943390188355232,-0.0,-0.0,-0.0002038353224560643,-0.0353041519108961,-1.0505178726671805e-06
385,0.07160468358293623,0.029069613596741435,0.04999995255499308,-1.4412656341191438e-07,-9.511148722783035e-07,-0.000897923728300523,-0.0,-0.0,-0.00020336130023559061,-0.03391953142901395,-1.106219315990665e-06
386,0.07133436076675,0.028779338155172276,0.04999995230112623,-1.5076454959996968e-07,-9.327754480453681e-07,-0.0009013214043418877,-0.0,-0.0,-0.00020275819406265704,-0.032616684115387866,-1.162596622564379e-06
387,0.07105856792834868,0.028501922052012154,0.049999952101925246,-1.5756409234425974e-07,-9.167021143388084e-07,-0.0009052604346128032,-0.0,-0.0,-0.0002021965301881059,-0.031388936780793734,-1.2199931077213765e-06
388,0.07078524602447005,0.028192998172290113,0.049999951959782685,-1.6459117272027276e-07,-9.27404219116073e-07,-0.0009097529450076301,-0.0,-0.0,-0.00020111828742228762,-0.03022970709439303,-1.2792230566998628e-06
389,0.07051550721748534,0.027850017383399997,0.049999951925900114,-1.7190686466360139e-07,-9.679822722215884e-07,-0.0009124838509912454,-0.0,-0.0,-0.00019987813016323765,-0.029134348071021183,-1.339982508138293e-06
390,0.07022617877419549,0.027607518856850477,0.04999995199799452,-1.787875017639919e-07,-9.54573988021491e-07,-0.0009149626629907841,-0.0,-0.0,-0.0001986050413169514,-0.028099094893582935,-1.4014704575828179e-06
391,0.0699325770882078,0.027385294097609866,0.049999952154191674,-1.8543239090153772e-07,-9.409756915591111e-07,-0.0009172098999637528,-0.0,-0.0,-0.00019725929001953164,-0.02711966724738367,-1.463665349372224e-06
392,0.06963520923096604,0.027181157715023635,0.04999995237778511,-1.9200338672886e-07,-9.277176419352986e-07,-0.0009192438399932859,-0.0,-0.0,-0.00019582651133071298,-0.026192115129881705,-1.5265570331627017e-06
393,0.06933456223624693,0.02699354622306732,0.049999952660833784,-1.9854388366207685e-07,-9.151113347454564e-07,-0.0009208924090569315,-0.0,-0.0,-0.00019502229770178842,-0.02531319624844591,-1.589946228380709e-06
394,0.06902989799717828,0.026832378835849942,0.049999952949656964,-2.049747849988656e-07,-8.959046938687019e-07,-0.0009227069827026108,-0.0,-0.0,-0.00019299964705576705,-0.024478746219078557,-1.6542126009930645e-06
395,0.06872469584172705,0.0266624825881786,0.04999995327347769,-2.1214857264318103e-07,-8.895044307744332e-07,-0.0009242574700958838,-0.0,-0.0,-0.00019103969728972168,-0.023686321385471,-1.7190827970019324e-06
396,0.06841711560726987,0.026512732427249552,0.049999953723715566,-2.189036416394336e-07,-8.817764418695539e-07,-0.0009254457930667423,-0.0,-0.0,-0.00018933553408772153,-0.022932824969771556,-1.7846971405956527e-06
397,0.06810703187979027,0.02638804632644678,0.049999954250448356,-2.2523978389283793e-07,-8.690115274859011e-07,-0.0009258437139543583,-0.0,-0.0,-0.00018752507162691156,-0.02221565680889872,-1.8510694708551623e-06
398,0.0677932009484563,0.026302233729790642,0.04999995480451308,-2.3139482877792784e-07,-8.397374369522241e-07,-0.0009213841624541397,-0.0,-0.0,-0.0002007781410028308,-0.0215383678020652,-1.9145435537742495e-06
399,0.06745879058026369,0.02642391509539487,0.04999995406674572,-2.365504918699557e-07,-6.815645347451111e-07,-0.0009165593406943916,-0.0,-0.0,-0.000175485441562718,-0.020900281181345293,-1.984882380332367e-06
400,0.06713292473728281,0.02638743133810899,0.04999994809298634,-2.2110761551175317e-07,-7.562926763444372e-07,-0.0009149516773167634,-0.0,-0.0,-0.00027336070495320546,-0.020300517951434015,-2.060647041269196e-06
401,0.06680531552392426,0.026203145146596003,0.04999993512708228,-2.6022760011091957e-07,-9.398679344477983e-07,-0.0009149419197293108,-0.0,-0.0,-0.00026216869384344994,-0.019737012700456122,-2.1162670342747153e-06
402,0.06645564112638594,0.025895498363036763,0.049999918748947325,-4.0560520117352185e-07,-4.6706607203428885e-07,-0.0009170956605043664,-0.0,-0.0,-0.0003662590033862966,-0.019202125622774097,-2.1864052732384333e-06
403,0.06614264298255765,0.02500783464649245,0.049999896253602266,-4.983116728748142e-07,-7.582947405204341e-07,-0.0009244072647060502,-0.0,-0.0,-0.00041422274935297687,-0.01869458858412201,-2.2613312780775256e-06
404,0.06582948431320465,0.023833809066634383,0.04999986363095971,-6.62372785996535e-07,-1.1095466223832062e-06,-0.0009395870363779709,-0.0,-0.0,-0.0003813112428273781,-0.018216786787780135,-2.315335508879437e-06
405,0.06547715703994549,0.02240293982274368,0.04999982637851081,-1.0529520155435601e-06,-4.318469605685658e-07,-0.0009536023150674357,-0.0,-0.0,-0.00047299584402169095,-0.0177645624297381,-2.3669273616408543e-06
406,0.06514847291293442,0.020448855301669608,0.04999978605298325,-1.412099621138579e-06,-4.639178318161148e-07,-0.0009693551986068014,-0.0,-0.0,-0.0006496253029850858,-0.017325962562182093,-2.4505886742824386e-06
407,0.06484587022749239,0.018398309958181234,0.04999973033665672,-1.7285293723099549e-06,-8.082194823581496e-07,-0.000993532657941801,-0.0,-0.0,-0.0007407512656787387,-0.016905169048153815,-2.548465443709648e-06
408,0.06451451190966748,0.015928471852683673,0.049999656506199384,-2.2408715955710967e-06,-1.3683834832526358e-06,-0.0010365283805183988,-0.0,-0.0,-0.0006578948112613891,-0.01651134231574763,-2.6265204184616824e-06
409,0.06411234587804315,0.013215459713028342,0.049999574625851924,-3.28578150476629e-06,-1.2178046584090796e-06,-0.001066227390098262,-0.0,-0.0,-0.00041801172005696174,-0.016121152183052833,-2.750634972565818e-06
410,0.06374469965406286,0.010517603419804566,0.049999475311288094,-3.957945642242374e-06,-2.004226227479617e-06,-0.0011237694825016054,-0.0,-0.0,-0.0008712711688666297,-0.01575758751959801,-2.868236974369052e-06
411,0.06327933533420295,0.007851479962137056,0.04999936172397751,-5.383655035262916e-06,-2.720260626293091e-06,-0.0011808264199008797,-0.0,-0.0,-0.0013207703345983327,-0.015386913550205258,-3.0601434187538296e-06
412,0.06278110632439751,0.0055354926421714995,0.04999922053791329,-6.673939641782439e-06,-4.192534449556899e-06,-0.0012605421159536218,-0.0,-0.0,-0.0014733843125175788,-0.015024929653260214,-3.2986714332779715e-06
413,0.06217900646112217,0.0036005622791180263,0.04999904658257908,-8.412969210063401e-06,-6.789900309584184e-06,-0.0013617343994660389,-0.0,-0.0,-0.00032914755908919,-0.014659447339993196,-3.6168434936525313e-06
414,0.06146399044647134,0.0021218601465679034,0.049998833925363,-1.0331807694079196e-05,-1.1571365007212275e-05,-0.001509584798940876,-0.0,-0.0,-0.0012000461689635608,-0.014320652959938888,-3.977634086182011e-06
415,0.06060807383885023,0.0009390880202710767,0.04999860277411216,-1.4323007737725155e-05,-1.7206941564518865e-05,-0.0014213235038092514,-0.0,-0.0,-0.0007250308395286115,-0.013950044772268674,-4.387181695365418e-06
416,0.05893370262571565,0.0006362299605785644,0.04999843846158898,-1.8525164742490974e-05,-2.357103240211568e-05,-0.0013632823287993564,-0.0,-0.0,-0.0004647999265231582,-0.01352579363446063,-4.906051300903019e-06
417,0.057205957039495936,0.0004898680567929841,0.0499984988561558,-2.1885976776866853e-05,-3.1593376672297114e-05,-0.0013490017917520106,-0.0,-0.0,-0.00033375133652275196,-0.013068194306999749,-5.428375576182865e-06
418,0.05568802688642536,0.0003998658849759579,0.0499987097944552,-2.3318845542575747e-05,-3.904000983267531e-05,-0.0013584416022250413,-0.0,-0.0,-0.00025112788322151445,-0.012598571611072426,-5.999424165267409e-06
419,0.05438720614281946,0.0003454768654183242,0.04999899241348802,-2.3223127088142233e-05,-4.4882699474889524e-05,-0.0013851427831007733,-0.0,-0.0,-0.0001834760972238065,-0.01212277971661808,-6.654266361536736e-06
420,0.053257073082682654,0.0003077707062354965,0.04999927939336574,-2.2268661310835707e-05,-4.902773641779484e-05,-0.0014107064598756762,-0.0,-0.0,-0.00014985777912341285,-0.01164759769431288,-7.4003038684946894e-06
421,0.052281933529585004,0.0002861466524101969,0.049999530653217245,-2.0519689250223395e-05,-5.056737201179657e-05,-0.0014315071647158918,-0.0,-0.0,-0.00013339796887653474,-0.011180719808097022,-8.221008836432133e-06
422,0.051426860233698884,0.000275717975630786,0.04999972818818407,-1.8406307905589222e-05,-5.018708344001403e-05,-0.0014406539570778081,-0.0,-0.0,-0.00012765894547468038,-0.010726046201302533,-9.102988702966619e-06
423,0.05067659815088413,0.0002776778518829897,0.04999986729001919,-1.6106455150036233e-05,-4.82234590344018e-05,-0.0014216393292211125,-0.0,-0.0,-9.248418924205614e-05,-0.010293570665928474,-9.986410396433234e-06
424,0.05006251477117682,0.00030493087180321677,0.04999995470612899,-1.3540130798368062e-05,-4.513687969335891e-05,-0.0013969399467345287,-0.0,-0.0,-7.99546904295865e-05,-0.009887957117843273,-1.083437056415155e-05
425,0.049575817633270236,0.00035998176373622893,0.049999995212179606,-1.1071979112803127e-05,-4.200524024658712e-05,-0.001373596507281227,-0.0,-0.0,-7.7458929084341e-05,-0.009507777084131249,-1.1646597126133258e-05
426,0.04916147346831472,0.0004395663506984645,0.04999999601128564,-8.937987580544345e-06,-3.8791148275756475e-05,-0.0013508936477838029,-0.0,-0.0,-7.839185759257804e-05,-0.0091504314965221,-1.243164829961354e-05
427,0.048804906896557344,0.0005483279795348225,0.04999996657971678,-7.133998007503706e-06,-3.538796070448416e-05,-0.001329244655251212,-0.0,-0.0,-7.944044190463349e-05,-0.008813371369904663,-1.3193857889391964e-05
428,0.0484549323024793,0.000673061200228812,0.049999916671440325,-5.547310965544282e-06,-3.1826229510518185e-05,-0.0013068026205290606,-0.0,-0.0,-7.99003668900802e-05,-0.008494717823099558,-1.3934546857176422e-05
429,0.048186419591427526,0.0008594475976846391,0.04999985513353966,-4.342707049148528e-06,-2.829500549552676e-05,-0.0012844729417319527,-0.0,-0.0,-7.910228638499985e-05,-0.008193068401613567,-1.4653852890882617e-05
430,0.047950017114830795,0.0010968378834454468,0.0499997889723868,-3.373381896826633e-06,-2.4862568281801747e-05,-0.0012623123068567466,-0.0,-0.0,-7.714896320866124e-05,-0.007906993701834735,-1.5350276338149978e-05
431,0.047741101976626135,0.0013940622689249899,0.049999723839725195,-2.6036061660827463e-06,-2.161894806791131e-05,-0.0012404034300119166,-0.0,-0.0,-7.428390888561525e-05,-0.007635263263254559,-1.6021761646470615e-05
432,0.047556256408914394,0.0017600930143624222,0.04999966388227697,-1.999644937108239e-06,-1.8624728142169833e-05,-0.0012188293509489004,-0.0,-0.0,-7.077754770190721e-05,-0.007376802961496329,-1.6666191192908154e-05
433,0.04739301640283337,0.0022036446406359096,0.04999961188084453,-1.5309857948214925e-06,-1.591325582256341e-05,-0.0011976630583620913,-0.0,-0.0,-6.687142659221311e-05,-0.007130667098735,-1.7281658031256386e-05
434,0.04724963056774471,0.0027327163367176373,0.04999956945200956,-1.1709956901074094e-06,-1.3496225200411495e-05,-0.0011769615236646397,-0.0,-0.0,-6.276140362676906e-05,-0.006896016041070806,-1.7866621257582408e-05
435,0.047124871617123976,0.0033541466872318106,0.04999953727232512,-8.970357222442239e-07,-1.1369508509214033e-05,-0.001156764974372443,-0.0,-0.0,-5.859640942766447e-05,-0.006672098754324465,-1.84199718139647e-05
436,0.04701788513943638,0.0040731990214673474,0.049999515298806675,-6.903030840307839e-07,-9.51840443884175e-06,-0.0011370983756342115,-0.0,-0.0,-5.448437353529292e-05,-0.006458238921697806,-1.8941040904475225e-05
437,0.04692807530256693,0.004893208608041072,0.0499995029700571,-5.354863775403046e-07,-7.921837927967801e-06,-0.0011179729267420334,-0.0,-0.0,-5.049968611063953e-05,-0.006253823885304948,-1.9429573257131824e-05
438,0.046855020300885175,0.005815329143744447,0.04999949937938639,-4.2036402799227536e-07,-6.555519174562947e-06,-0.0010993893650435363,-0.0,-0.0,-4.669095828809199e-05,-0.006058295734534158,-1.9885681002795252e-05
439,0.04679841366671028,0.006838381666811575,0.049999503416988667,-3.3533407033920913e-07,-5.3941600810033605e-06,-0.00108133846999351,-0.0,-0.0,-4.308708855763876e-05,-0.005871144072240403,-2.0309789432551103e-05
440,0.04675799448813008,0.007958836935795278,0.0499995138814653,-2.729920810835975e-07,-4.412967531301554e-06,-0.0010638044477929375,-0.0,-0.0,-3.970412076911143e-05,-0.005691900223662283,-2.0702577285945995e-05
441,0.04673353948106906,0.009170909591651588,0.049999529563481526,-2.2769188421567243e-07,-3.5885194978490975e-06,-0.0010467678608961084,-0.0,-0.0,-3.6546934554847266e-05,-0.0055201322965075655,-2.1064921926061212e-05
442,0.04672483364523107,0.010466738922854837,0.049999549305700164,-1.9520125720256796e-07,-2.899359132719897e-06,-0.001030205988164845,-0.0,-0.0,-3.361368561864937e-05,-0.00535544088314879,-2.139785341860273e-05
443,0.046731652394934035,0.01183670146796638,0.049999572042395066,-1.7238734806536539e-07,-2.326181413789346e-06,-0.0010140943158358443,-0.0,-0.0,-3.089822441604008e-05,-0.005197455614057241,-2.170250938963994e-05
444,0.046753757155464065,0.013269753511401309,0.04999959682305537,-1.5695017168129017e-07,-1.8518615078560465e-06,-0.0009983862507957108,-0.0,-0.0,-2.8397129791180607e-05,-0.005045834067655287,-2.1980079872710852e-05
445,0.04679096120292718,0.014753851306852226,0.04999962282838338,-1.4721868178105172e-07,-1.4610134908580286e-06,-0.0009830173513546748,-0.0,-0.0,-2.611517519080398e-05,-0.004900261075548456,-2.223175273273835e-05
446,0.04684310473810111,0.01627644777386419,0.04999964938752883,-1.4198703776665827e-07,-1.1401013025656858e-06,-0.0009679525565999113,-0.0,-0.0,-2.4040580343945325e-05,-0.004760445889701667,-2.2458686569540526e-05
447,0.0469098412873244,0.017824952402998938,0.049999675961782224,-1.4043654149704765e-07,-8.782085363692695e-07,-0.0009531777601304646,-0.0,-0.0,-2.215526199138595e-05,-0.00462611621714082,-2.2662033616136175e-05
448,0.046990712380839905,0.019387022634489937,0.04999970211665839,-1.4200404826399901e-07,-6.663298448878956e-07,-0.0009386914907115485,-0.0,-0.0,-2.0438990904132476e-05,-0.004497013846523062,-2.2842960205545794e-05
449,0.04708521946584042,0.020950809428214666,0.049999727503510026,-1.462818175833178e-07,-4.968433166119154e-07,-0.0009244966656572914,-0.0,-0.0,-1.8872020088808006e-05,-0.004372892841016447,-2.3002647792665085e-05
450,0.04719285773963142,0.022505154541671617,0.04999975184742139,-1.5296243095572722e-07,-3.631818526208299e-07,-0.0009105980602469284,-0.0,-0.0,-1.7436366571134555e-05,-0.0042535186860231935,-2.3142286870431567e-05
451,0.04731313972144616,0.024039753331969903,0.049999774938736904,-1.6178791805291413e-07,-2.596290785667293e-07,-0.000897000216246738,-0.0,-0.0,-1.6116353879433355e-05,-0.004138667854837655,-2.32630669386014e-05
452,0.04744561187302873,0.025545287606759767,0.04999979662651098,-1.7251864558074571e-07,-1.811979149242963e-07,-0.0008837073411321589,-0.0,-0.0,-1.4897790293806618e-05,-0.004028127473348835,-2.3366168673131797e-05
453,0.04758984636826912,0.027013524972332704,0.049999816811616485,-1.8492230281850655e-07,-1.2356542246652063e-07,-0.0008707161395647994,-0.0,-0.0,-1.3770124485180534e-05,-0.003921695506234804,-2.3452748132661343e-05
454,0.04774547183645068,0.028437356068813743,0.04999983544136601,-1.9874842810849305e-07,-8.295401339472348e-08,-0.0008580168084186501,-0.0,-0.0,-1.272547946618466e-05,-0.003819180809354311,-2.3523920521653746e-05
455,0.047912155128715626,0.02981087240261958,0.0499998525050514,-2.1373358226909227e-07,-5.612921209050605e-08,-0.0008455963244905738,-0.0,-0.0,-1.1757653992089126e-05,-0.003720403230815789,-2.3580749070750863e-05
456,0.04808958305611638,0.03112936657237881,0.04999986802757923,-2.2961536564068895e-07,-4.038419066977275e-08,-0.0008334387787711534,-0.0,-0.0,-1.0861124154384578e-05,-0.0036251931364287694,-2.3624233298004616e-05
457,0.04827745854815074,0.032389255253702495,0.04999988206228947,-2.461093840582416e-07,-3.3449389593096915e-08,-0.0008215286986139308,-0.0,-0.0,-1.0031178203457085e-05,-0.0035333907863536575,-2.3655304841958605e-05
458,0.048475487165474035,0.03358810314499135,0.04999989468373128,-2.629571176789102e-07,-3.3490520480575106e-08,-0.0008098504819983449,-0.0,-0.0,-9.263394263842415e-06,-0.0034448456771240567,-2.3674833871636665e-05
459,0.04868337556669962,0.03472445971360406,0.04999990598100393,-2.799058000829454e-07,-3.9011163402224726e-08,-0.0007983891715071523,-0.0,-0.0,-8.553619756538657e-06,-0.0033594158404711967,-2.3683627498019322e-05
460,0.04890082940760043,0.035797793431530445,0.049999916052016743,-2.9672426277331247e-07,-4.880627833206187e-08,-0.0007871308457994505,-0.0,-0.0,-7.897924163140377e-06,-0.003276967191106799,-2.3682432931996914e-05
461,0.04912755321359236,0.03680835714775541,0.04999992499874963,-3.132025107924881e-07,-6.191064579017828e-08,-0.0007760630142199217,-0.0,-0.0,-7.292575870054764e-06,-0.0031973729192845434,-2.367194132787647e-05
462,0.04936325513947323,0.03775707163615478,0.049999932923553196,-3.2915544958674176e-07,-7.755380516082866e-08,-0.0007651743785114213,-0.0,-0.0,-6.734033644041377e-06,-0.003120512939850316,-2.365279199723785e-05
463,0.04960764862876924,0.03864540444529668,0.04999993992630017,-3.444281289709118e-07,-9.512163151920705e-08,-0.0007544550860516653,-0.0,-0.0,-6.218922080911092e-06,-0.003046273384889702,-2.36255767563487e-05
464,0.04986044301380125,0.03947527182783307,0.04999994610235864,-3.588900107965969e-07,-1.1412490429170553e-07,-0.0007438965260246356,-0.0,-0.0,-5.744049793598146e-06,-0.002974546140621163,-2.3590844264050522e-05
465,0.05012135404529819,0.04024892872257141,0.04999995154122158,-3.7244175063120754e-07,-1.341724760279612e-07,-0.0007334913303371521,-0.0,-0.0,-5.306403500311238e-06,-0.002905228443620623,-2.354910417728623e-05
466,0.05039010219001169,0.040968879404808256,0.04999995632566062,-3.850085796333206e-07,-1.5494970717757166e-07,-0.0007232334633820866,-0.0,-0.0,-4.903144876634475e-06,-0.0028382225133783278,-2.350083108315533e-05
467,0.05066641671221214,0.04163778677566398,0.04999996053135399,-3.9653818262022923e-07,-1.7620136986094892e-07,-0.0007131177543422508,-0.0,-0.0,-4.5316257333856075e-06,-0.0027734352225313973,-2.3446467963470646e-05
468,0.05095003007851309,0.04225841768879264,0.049999964226827856,-4.0700049729772576e-07,-1.9772000850942237e-07,-0.0007031399969858825,-0.0,-0.0,-4.189371271167887e-06,-0.002710777807199151,-2.3386429338246595e-05
469,0.051240687142655866,0.04283357340275197,0.049999967473643644,-4.1638197102821523e-07,-2.1933360023527418e-07,-0.000693296896704557,-0.0,-0.0,-3.874047705862346e-06,-0.002650165599130158,-2.3321104192115482e-05
470,0.05153813747586106,0.04336605604140939,0.049999970326702205,-4.246872930661415e-07,-2.408977805452854e-07,-0.0006835858994674229,-0.0,-0.0,-3.5834729226615174e-06,-0.0025915177666521205,-2.3250858702831246e-05
471,0.051842135619982736,0.04385861567421516,0.04999997283464581,-4.31933973097428e-07,-2.622896707329415e-07,-0.0006740052221192502,-0.0,-0.0,-3.315625578327577e-06,-0.0025347570936799417,-2.3176038543202805e-05
472,0.052152448832097624,0.044313924792861385,0.049999975040372735,-4.381463984126345e-07,-2.8340287555465937e-07,-0.0006645534560973714,-0.0,-0.0,-3.068634506501752e-06,-0.0024798097839454866,-2.309697075369337e-05
473,0.0524688507012947,0.04473455686840375,0.04999997698157136,-4.433585555810369e-07,-3.0414588873689187e-07,-0.0006552295440711848,-0.0,-0.0,-2.8407814514959345e-06,-0.002426605285478679,-2.3013965268957655e-05
474,0.052791126548039725,0.045122971192621514,0.049999978691247185,-4.476086956720987e-07,-3.244391454900918e-07,-0.0006460326412946832,-0.0,-0.0,-2.6304848820418935e-06,-0.0023750761285583374,-2.2927316164373256e-05
475,0.05311906694878563,0.04548150658074386,0.049999980198238175,-4.509402771957242e-07,-3.4421491000661994e-07,-0.0006369620084785594,-0.0,-0.0,-2.4362972500250796e-06,-0.0023251577718300664,-2.2837302688978237e-05
476,0.05345246870341591,0.0458123693863189,0.04999998152769874,-4.5339825167390776e-07,-3.634155580679103e-07,-0.0006280170886707084,-0.0,-0.0,-2.256898451483297e-06,-0.002276788466555864,-2.2744190112925688e-05
477,0.05379113989685337,0.04611763459102991,0.04999998270155845,-4.5502773627182903e-07,-3.8199236117113526e-07,-0.0006191972776813165,-0.0,-0.0,-2.0910811280878025e-06,-0.0022299091280612556,-2.264823043552072e-05
478,0.05413489361223023,0.046399242763947496,0.04999998373892957,-4.5587526600932e-07,-3.999056812587813e-07,-0.0006105019592221189,-0.0,-0.0,-1.937747845492987e-06,-0.002184463218066596,-2.2549662975936743e-05
479,0.0544835536604423,0.046659010352563764,0.04999998465647074,-4.5598638267179845e-07,-4.1712342929191843e-07,-0.0006019304786955884,-0.0,-0.0,-1.7958883627767853e-06,-0.00214039662415087,-2.2448714917563665e-05
480,0.05483694118392124,0.046898623263662766,0.049999985468712385,-4.554064850585523e-07,-4.336224822473222e-07,-0.0005934820500432356,-0.0,-0.0,-1.6645901284849254e-06,-0.002097657549260607,-2.234560178749975e-05
481,0.05519489047789692,0.04711965242119321,0.049999986188334324,-4.5418134268518746e-07,-4.493855747376181e-07,-0.0005851559300843619,-0.0,-0.0,-1.5430171434262392e-06,-0.0020561964151565664,-2.2240527871526347e-05
482,0.055557239664437874,0.047323553769267404,0.049999986826419866,-4.523533393358283e-07,-4.6440205361209887e-07,-0.0005769512418735522,-0.0,-0.0,-1.4304048079358762e-06,-0.0020159657580209917,-2.2133686656034644e-05
483,0.05592383006846008,0.04751167402207234,0.04999998739267726,-4.499647969146566e-07,-4.786674156655614e-07,-0.0005688670429751976,-0.0,-0.0,-1.3260543280811877e-06,-0.001976920132586473,-2.202526123893453e-05
484,0.056294506140857986,0.0476852587519619,0.049999987895628144,-4.4705534067291004e-07,-4.921822953218007e-07,-0.0005609023110615977,-0.0,-0.0,-1.2293273415179873e-06,-0.0019390160219678845,-2.1915424729290955e-05
485,0.056669118406991806,0.04784545673381929,0.04999998834276706,-4.436653177058037e-07,-5.049518913136589e-07,-0.0005530559309315414,-0.0,-0.0,-1.1396372862169074e-06,-0.0019022117484387769,-2.1804340638788572e-05
486,0.057047516112850166,0.04799333306812997,0.049999988740696485,-4.398329013377752e-07,-5.16985967912612e-07,-0.0005453268108691762,-0.0,-0.0,-1.0564486336895156e-06,-0.0018664673891660253,-2.1692163281865115e-05
487,0.05742955484704171,0.04812986528356259,0.04999998909525411,-4.3559379367551634e-07,-5.282970183166247e-07,-0.0005377137527314269,-0.0,-0.0,-9.792701926770489e-07,-0.0018317446996967237,-2.1579038167004436e-05
488,0.05781509359197136,0.048255954454532,0.04999998941161346,-4.309840080951769e-07,-5.389005174673219e-07,-0.0005302155365416839,-0.0,-0.0,-9.076498394651705e-07,-0.0017980070375307928,-2.1465102394026646e-05
489,0.058203991311452166,0.04837243175960343,0.04999998969437318,-4.2603611518623884e-07,-5.488143420424364e-07,-0.0005228309030038859,-0.0,-0.0,-8.411718674739215e-07,-0.0017652192873323998,-2.1350485050934375e-05
490,0.05859611018764719,0.048480062946523926,0.0499999899476311,-4.20783699865216e-07,-5.580585069656698e-07,-0.0005155585561530548,-0.0,-0.0,-7.794500945357155e-07,-0.001733347784174598,-2.1235307630284083e-05
491,0.05899130547257149,0.048579549032904346,0.04999999017504532,-4.1525740285383804e-07,-5.666552902460355e-07,-0.0005083972239930172,-0.0,-0.0,-7.221362445613804e-07,-0.0017023602512390096,-2.1119684399740764e-05
492,0.0593894457181485,0.04867153802209595,0.049999990379893555,-4.0948675374586066e-07,-5.746261222229075e-07,-0.0005013455935423379,-0.0,-0.0,-6.689046044739487e-07,-0.0016722257408941007,-2.1003722743995133e-05
493,0.05979039405570587,0.04875662547735478,0.04999999056511598,-4.0350068715040503e-07,-5.819944915895778e-07,-0.0004944023464827002,-0.0,-0.0,-6.194562994117279e-07,-0.001642914569395801,-2.0887523557215877e-05
494,0.060194015590366134,0.04883535761373744,0.04999999073335714,-3.9732527851652646e-07,-5.887837050553107e-07,-0.0004875661764579929,-0.0,-0.0,-5.735144488946341e-07,-0.0016143982596592756,-2.0771181598294878e-05
495,0.06060017556822611,0.048908236270662875,0.04999999088699958,-3.9098671984492356e-07,-5.950176622189978e-07,-0.00048083575450618424,-0.0,-0.0,-5.308236975753127e-07,-0.0015866494841234532,-2.0654785835521796e-05
496,0.061008738025129496,0.048975723947545784,0.04999999102819107,-3.845087550404342e-07,-6.007201364825287e-07,-0.00047420978243455797,-0.0,-0.0,-4.911494772447729e-07,-0.0015596420148207926,-2.0538419764313016e-05
497,0.06141957195631127,0.04903824437296283,0.049999991158867496,-3.7791526296176695e-07,-6.059142377249101e-07,-0.00046768697378638305,-0.0,-0.0,-4.5427375242639703e-07,-0.0015333506739196034,-2.0422161719925058e-05
498,0.06183254282313221,0.049096188339998376,0.04999999128077581,-3.7122669871201463e-07,-6.106229774465861e-07,-0.0004612660117525722,-0.0,-0.0,-4.199951254123502e-07,-0.0015077512845686146,-2.0306085189471856e-05
499,0.06224751713327847,0.04914991301707637,0.04999999139549213,-3.644641577627676e-07,-6.148689646737775e-07,-0.00045494563937932965,-0.0,-0.0,-3.881273498476207e-07,-0.0014828206255018883,-2.01902590986936e-05
500,0.06266436122132157,0.04919974741140282,0.04999999150443454,-3.5764617231333333e-07,-6.18674081937549e-07,-0.00044872456796413493,-0.0,-0.0,-3.584981087965951e-07,-0.0014585363876471952,-2.007474808126945e-05
501,0.06308294052199183,0.049245994461556704,0.04999999160887805,-3.507907705668178e-07,-6.220597486393194e-07,-0.000442601566745223,-0.0,-0.0,-3.3094847815579516e-07,-0.0014348771339719956,-1.9959612731628517e-05
502,0.06350312198696287,0.049288931710667463,0.049999991709966364,-3.439138720591827e-07,-6.250462744572407e-07,-0.00043657538783142325,-0.0,-0.0,-3.0533117065236323e-07,-0.0014118222613763221,-1.9844909845930166e-05
503,0.06392477223897444,0.049328814294230076,0.049999991808722104,-3.370310222368889e-07,-6.276534254689181e-07,-0.00043064478087853067,-0.0,-0.0,-2.815107986484158e-07,-0.00138935196602315,-1.9730692631919947e-05
504,0.06434776017237058,0.049365878152769105,0.049999991906053365,-3.3015638043600146e-07,-6.298998218474571e-07,-0.00042480855280913705,-0.0,-0.0,-2.5935947371520864e-07,-0.0013674472049010628,-1.9617010950437807e-05
505,0.06477194890543615,0.049400336690424526,0.04999999200276351,-3.2330268527888e-07,-6.318042389602476e-07,-0.0004190654922808905,-0.0,-0.0,-2.3876021744581207e-07,-0.001346089658575427,-1.950391153970677e-05
506,0.06519720260540841,0.049432388924546,0.04999999209955956,-3.1648155746645053e-07,-6.333842971994651e-07,-0.0004134144162466905,-0.0,-0.0,-2.1960607976169277e-07,-0.0013252617057182602,-1.93914381580507e-05
507,0.06562339110669259,0.049462216979387394,0.049999992197056975,-3.097040933082808e-07,-6.346560569376878e-07,-0.00040785415549403776,-0.0,-0.0,-2.01796499214765e-07,-0.0013049463936846183,-1.9279631762052624e-05
508,0.06605037994726842,0.04948998833950431,0.04999999229578722,-3.029794833650832e-07,-6.356354860599355e-07,-0.00040238352204832544,-0.0,-0.0,-1.8523859012046778e-07,-0.0012851274070778294,-1.916853069031006e-05
509,0.06647803524443889,0.049515857129954495,0.049999992396203445,-2.963168586278604e-07,-6.36337846340307e-07,-0.0003970013836943955,-0.0,-0.0,-1.6984585182396754e-07,-0.0012657890391583576,-1.905817082127499e-05
510,0.06690622226700516,0.049539964976730716,0.049999992498682935,-2.8972436391587923e-07,-6.367779037265268e-07,-0.00039170659431410316,-0.0,-0.0,-1.5553878671473248e-07,-0.0012469161658056557,-1.8948585718427033e-05
511,0.06733480695748516,0.049562442428261244,0.04999999260353452,-2.832087496798728e-07,-6.369693733632926e-07,-0.00038649803476786793,-0.0,-0.0,-1.422438777514663e-07,-0.0012284942230272283,-1.883980674839104e-05
512,0.06776365717054482,0.0495834101901001,0.0499999927110036,-2.767764624802365e-07,-6.369252514868539e-07,-0.00038137458629620155,-0.0,-0.0,-1.2989254226135412e-07,-0.0012105091826313148,-1.873186321566918e-05
513,0.06819263950372328,0.04960297817338144,0.04999999282127475,-2.7043325135337337e-07,-6.366581215811593e-07,-0.00037633513508591467,-0.0,-0.0,-1.1842155071980969e-07,-0.0011929475298647482,-1.8624782488502108e-05
514,0.06862162100376976,0.04962124806613956,0.0499999929344794,-2.641832480240435e-07,-6.361796849781973e-07,-0.00037137860948627786,-0.0,-0.0,-1.0777205331528549e-07,-0.001175796242197169,-1.851859010530838e-05
515,0.06905047002007876,0.04963831356596813,0.049999993050700596,-2.580307523160777e-07,-6.355012596785001e-07,-0.0003665039204356165,-0.0,-0.0,-9.788915194977453e-08,-0.0011590427662625652,-1.841330988812337e-05
516,0.069479052228274,0.04965426202405779,0.04999999316997399,-2.519794871185585e-07,-6.346340634719473e-07,-0.00036171000522530636,-0.0,-0.0,-8.872270340191266e-08,-0.001142674999374493,-1.830896404229759e-05
517,0.06990723751902825,0.04966917159198059,0.04999999329229254,-2.460323964112012e-07,-6.335879553959361e-07,-0.00035699580786215573,-0.0,-0.0,-8.022615290307927e-08,-0.0011266812735404314,-1.8205573224755842e-05
518,0.07033489608778376,0.0496831176120467,0.049999993417611216,-2.401918917320473e-07,-6.32372580383853e-07,-0.00035236026242626287,-0.0,-0.0,-7.235605074212507e-08,-0.0011110503369261714,-1.8103156634707716e-05
519,0.07076189770062367,0.04969616690783882,0.04999999354585065,-2.3445995545841724e-07,-6.309971629522415e-07,-0.0003478599602783146,-0.0,-0.0,-6.507193990347437e-08,-0.0010957713348495723,-1.8001732113555302e-05
520,0.07119019306784906,0.049709314395506,0.04999999367690116,-2.2895869295001598e-07,-6.285879903500313e-07,-0.000343662830437978,-0.0,-0.0,-5.3751089806745964e-08,-0.0010808379123211414,-1.790185045044215e-05
521,0.07162845525391456,0.0497259887070357,0.049999993795730585,-2.239654865987308e-07,-6.205589842413298e-07,-0.0003394702369033902,-0.0,-0.0,-4.489992455917678e-08,-0.0010662431732210065,-1.7803601168530608e-05
522,0.07206626475760608,0.04974095876227948,0.04999999390116844,-2.1858965621571684e-07,-6.111135258111693e-07,-0.00033529483274415855,-0.0,-0.0,-3.7308993522100436e-08,-0.0010519796135316185,-1.7706655914845817e-05
523,0.07250353112435567,0.049754390832484834,0.0499999940003288,-2.1298706364537954e-07,-6.005765709832416e-07,-0.0003311470820918075,-0.0,-0.0,-3.0723327838905817e-08,-0.001038039246466428,-1.7610778379986333e-05
524,0.07294013683691015,0.04976644268189456,0.04999999409846403,-2.0727912427320295e-07,-5.892297256538048e-07,-0.0003270358750851335,-0.0,-0.0,-2.5003551672343108e-08,-0.001024414069159962,-1.751578036859293e-05
525,0.07337594765666107,0.04977725375512482,0.049999994199320996,-2.015643634093914e-07,-5.772741636526383e-07,-0.00032296783342031156,-0.0,-0.0,-1.999129872109978e-08,-0.0010110960911886007,-1.7421511191571283e-05
526,0.073810813374923,0.04978694346470447,0.04999999430543435,-1.9590487411617557e-07,-5.649534488659981e-07,-0.000318948565290579,-0.0,-0.0,-1.5613329055404684e-08,-0.0009980773465967712,-1.7327848407088075e-05
527,0.07424458109934229,0.04979561906238983,0.04999999441836761,-1.903516502399143e-07,-5.524236572787588e-07,-0.0003149825075814798,-0.0,-0.0,-1.1821451038115474e-08,-0.0009853499904590019,-1.7234695386287078e-05
528,0.07467709260832976,0.049803376063064037,0.04999999453891399,-1.849403464070336e-07,-5.398086904542805e-07,-0.0003110730519121948,-0.0,-0.0,-8.582129008294393e-09,-0.0009729063207120546,-1.7141976131000788e-05
529,0.07510818657391251,0.04981029866431114,0.04999999466726979,-1.7969415259512727e-07,-5.272093639202169e-07,-0.00030722280922766796,-0.0,-0.0,-5.874690736178167e-09,-0.0009607387948922605,-1.7049631100660753e-05
530,0.07553770096967673,0.04981646274922408,0.04999999480318303,-1.746265786683935e-07,-5.147028516090597e-07,-0.000303433660767513,-0.0,-0.0,-3.686433336564777e-09,-0.0009488400441164705,-1.695761398121174e-05
531,0.07596547254481018,0.0498219347835019,0.049999994946078645,-1.6974412666084348e-07,-5.023481954131913e-07,-0.00029970690200256623,-0.0,-0.0,-2.0100321976569805e-09,-0.0009372028841196129,-1.6865888886180107e-05
532,0.07639134525682757,0.049826774361252324,0.04999999509515978,-1.6504810040210123e-07,-4.901893816395351e-07,-0.0002960433386803389,-0.0,-0.0,-8.414786272735807e-10,-0.0009258203215141221,-1.6774428028336135e-05
533,0.07681516299168759,0.04983103415966166,0.049999995249491745,-1.6053564342363885e-07,-4.782595016235539e-07,-0.0002924433532777606,-0.0,-0.0,-1.791811569726482e-10,-0.0009146855559314743,-1.6683209813066023e-05
534,0.07723677620950789,0.049834762531468714,0.04999999540806811,-1.562015271142573e-07,-4.665825240881732e-07,-0.00028890706262227854,-0.0,-0.0,-2.3109526715861133e-11,-0.0009037919792365535,-1.6592217328706514e-05
535,0.07765603599891377,0.04983800136475901,0.04999999556986248,-1.520383447280621e-07,-4.551762752896244e-07,-0.0002854343777822763,-0.0,-0.0,-3.7450719772056245e-10,-0.0008931331686601633,-1.6501437434427477e-05
536,0.07807279446145571,0.04984078793863473,0.04999999573386624,-1.48037511655991e-07,-4.4405514896850975e-07,-0.00028202498678359957,-0.0,-0.0,-1.2355420802402542e-09,-0.0008827028869612653,-1.6410859819721102e-05
537,0.07848691384097706,0.04984315709942978,0.04999999589911349,-1.4419026992242634e-07,-4.3322850798061037e-07,-0.0002786783740415881,-0.0,-0.0,-2.6091350578335576e-09,-0.0008724950775353427,-1.632047627772494e-05
538,0.07889825496203377,0.04984513859971244,0.049999996064702165,-1.4048753285104786e-07,-4.227023823932731e-07,-0.00027539385368276534,-0.0,-0.0,-4.498553545535601e-09,-0.000862503861890154,-1.623027988028122e-05
539,0.0793066897256266,0.049846759883882104,0.04999999622980851,-1.3692039295631097e-07,-4.1247909272892737e-07,-0.0002721706803903876,-0.0,-0.0,-6.9074867138792725e-09,-0.0008527235379578627,-1.614026440444377e-05
540,0.07971209217060726,0.04984804584846393,0.04999999639369717,-1.334795790572149e-07,-4.0255915666192346e-07,-0.0002690080097814576,-0.0,-0.0,-9.83985989634555e-09,-0.0008431485736633505,-1.605042397401018e-05
541,0.08011434159419092,0.04984901831445043,0.049999996555724985,-1.301566248927339e-07,-3.9294146597712243e-07,-0.00026590494231722454,-0.0,-0.0,-1.3299697030605396e-08,-0.0008337736034831497,-1.5960752792816418e-05
542,0.08051332377950161,0.04984969774844442,0.04999999671533631,-1.269441270631808e-07,-3.836237759560367e-07,-0.00026286055618651775,-0.0,-0.0,-1.7291176996408633e-08,-0.0008245934242551468,-1.5871244981337524e-05
543,0.08090892897611607,0.04985010246685061,0.04999999687205827,-1.238349884799326e-07,-3.746030722300572e-07,-0.000259873894450966,-0.0,-0.0,-2.1818591424315097e-08,-0.0008156029902655865,-1.578189450192994e-05
544,0.08130105186787362,0.049850248845685986,0.049999997025495235,-1.2082296520201683e-07,-3.6587584969233e-07,-0.00025694404350499713,-0.0,-0.0,-2.688641872841958e-08,-0.0008067974076618302,-1.569269513678801e-05
545,0.08168959162243154,0.049850152389064616,0.04999999717532228,-1.1790214112822777e-07,-3.574382950332157e-07,-0.00025407008036468584,-0.0,-0.0,-3.2499487166914074e-08,-0.0007981719271727304,-1.560364052105944e-05
546,0.08207444835759102,0.049849826801266456,0.049999997321279174,-1.1506714355574497e-07,-3.4928657320254404e-07,-0.00025125108616625433,-0.0,-0.0,-3.8662145319548945e-08,-0.0007897219408470237,-1.551472416825125e-05
547,0.08245553219402901,0.049849285223010735,0.0499999974631613,-1.123136388768762e-07,-3.4141618854334653e-07,-0.0002484861672038801,-0.0,-0.0,-4.5379303688029656e-08,-0.0007814429782214141,-1.5425939519900055e-05
548,0.0828327531526609,0.04984853919759759,0.04999999760081223,-1.0963741380027393e-07,-3.3382287024838594e-07,-0.00024577442377541296,-0.0,-0.0,-5.265521854590586e-08,-0.0007733307012263731,-1.5337280027403503e-05
549,0.08320602897892836,0.04984760054147638,0.04999999773411602,-1.0703543321587856e-07,-3.265019336856415e-07,-0.00024311502679244336,-0.0,-0.0,-6.049522513534196e-08,-0.0007653808986827108,-1.5248739231485418e-05
550,0.08357527643367678,0.04984647891801472,0.04999999786299222,-1.0450406633100742e-07,-3.194490233893589e-07,-0.00024050714762318326,-0.0,-0.0,-6.890420356788251e-08,-0.0007575894803293528,-1.5160310837781028e-05
551,0.08394041896264792,0.04984518439783887,0.04999999798739279,-1.0204030926770772e-07,-3.126594961258742e-07,-0.00023794997555271597,-0.0,-0.0,-7.788707151241929e-08,-0.0007499524747913499,-1.5071988761539311e-05
552,0.08430138426065442,0.04984372597529973,0.04999999810729552,-9.964170008260017e-08,-3.061286005380834e-07,-0.00023544271951869393,-0.0,-0.0,-8.744882611703067e-08,-0.0007424660249910586,-1.4983767199322243e-05
553,0.08465810306772939,0.049842113060746214,0.049999998222698884,-9.730610485645044e-08,-2.998516145901242e-07,-0.00023298459438743713,-0.0,-0.0,-9.759445303740341e-08,-0.0007351263838070995,-1.4895640697425717e-05
554,0.08501050961484924,0.0498403534282759,0.04999999833361823,-9.503166625957488e-08,-2.938236409708548e-07,-0.00023057487852647324,-0.0,-0.0,-1.0832919556618756e-07,-0.000727929909164765,-1.48076042174938e-05
555,0.0853585401898724,0.04983845544761488,0.0499999984400846,-9.281608034666199e-08,-2.8803977198325e-07,-0.0002282128423888388,-0.0,-0.0,-1.196577049951455e-07,-0.0007208730608081777,-1.4719653176251341e-05
556,0.08570213738994978,0.04983642630230261,0.049999998542142585,-9.065770145524989e-08,-2.824947992099504e-07,-0.00022589777017585763,-0.0,-0.0,-1.3158481395375394e-07,-0.0007139523975613173,-1.463178347175919e-05
557,0.0860412460073054,0.04983427427271056,0.049999998639846,-8.855521992744748e-08,-2.771836356473694e-07,-0.00022362896779208426,-0.0,-0.0,-1.441150269383118e-07,-0.0007071645737282547,-1.4543991519923045e-05
558,0.0863758156818143,0.049832005966982715,0.04999999873325633,-8.650718845187781e-08,-2.721008887569e-07,-0.00022140574498622588,-0.0,-0.0,-1.5725291154453022e-07,-0.0007005063361939111,-1.4456274277930729e-05
559,0.08670579790457361,0.04982962928612987,0.04999999882244258,-8.451206385500512e-08,-2.672412470510773e-07,-0.0002192274482903967,-0.0,-0.0,-1.710030639419138e-07,-0.0006939745201941443,-1.436862927250291e-05
560,0.08703114861411153,0.04982715042886736,0.04999999890747926,-8.256886210229216e-08,-2.6259923246621165e-07,-0.0002170934348715907,-0.0,-0.0,-1.8536968488338113e-07,-0.0006875660462658882,-1.4281054614341852e-05
561,0.0873518263975275,0.049824576802813304,0.04999999898844607,-8.06759421000541e-08,-2.581692770931012e-07,-0.00021500306199137778,-0.0,-0.0,-2.0035664642922033e-07,-0.0006812779182782864,-1.419354899476082e-05
562,0.0876677949690599,0.0498219148010548,0.049999999065427236,-7.883236116345974e-08,-2.539457009120063e-07,-0.0002129557024277377,-0.0,-0.0,-2.159679185155029e-07,-0.0006751072207761588,-1.4106111683867751e-05
563,0.08797902075653231,0.04981917148275206,0.04999999913850955,-7.703707417307197e-08,-2.499228468613793e-07,-0.00021095091370871481,-0.0,-0.0,-2.3220814599500987e-07,-0.000669051114038162,-1.4018742546146946e-05
564,0.08828547729260117,0.04981635208687764,0.049999999207781684,-7.528939510521218e-08,-2.4609481311960957e-07,-0.000208987915479431,-0.0,-0.0,-2.490800968598069e-07,-0.0006631068335593764,-1.3931442026001311e-05
565,0.08858713391421952,0.04981346453146588,0.0499999992733351,-7.358777580208091e-08,-2.4245591081205314e-07,-0.00020706611675583707,-0.0,-0.0,-2.66587257687527e-07,-0.0006572716890579563,-1.3844211131962145e-05
566,0.08888396657423336,0.04981051498074324,0.049999999335264465,-7.193108652139135e-08,-2.390002508051338e-07,-0.00020518493325104986,-0.0,-0.0,-2.847325667183017e-07,-0.0006515430603253131,-1.3757051438969778e-05
567,0.08917595551321457,0.049807509940812,0.04999999939366608,-7.031844119053352e-08,-2.3572189987292339e-07,-0.00020334379338508079,-0.0,-0.0,-3.035188822744345e-07,-0.0006459183951916449,-1.3669965070916113e-05
568,0.08946308379645024,0.049804455743114144,0.049999999448637394,-6.874884666325042e-08,-2.3261489153953338e-07,-0.00020154229278830828,-0.0,-0.0,-3.229493467863675e-07,-0.0006403952061134998,-1.358295468984974e-05
569,0.08974534246242949,0.04980135830674857,0.049999999500276164,-6.72218812141995e-08,-2.2967313498452543e-07,-0.00019977971186175268,-0.0,-0.0,-3.430258612616076e-07,-0.0006349710695057077,-1.3496023478798747e-05
570,0.09002271681361401,0.04979822385880713,0.04999999954868123,-6.573603954064117e-08,-2.2689071388415285e-07,-0.0001980555065237894,-0.0,-0.0,-3.6375046981822956e-07,-0.0006296436245936955,-1.3409175122387538e-05
571,0.0902951995835368,0.04979505897038741,0.04999999959395325,-6.429037356353893e-08,-2.2426164293392614e-07,-0.00019636913720640775,-0.0,-0.0,-3.85124657507111e-07,-0.0006244105707347311,-1.332241377943893e-05
572,0.09056278762236017,0.049791870159606774,0.0499999996361932,-6.288412922238036e-08,-2.2177993912963702e-07,-0.0001947200794837527,-0.0,-0.0,-4.071500238582636e-07,-0.0006192696657059414,-1.3235744064237405e-05
573,0.09082548013970677,0.04978866329050963,0.04999999967550239,-6.151626931810689e-08,-2.194396133186198e-07,-0.00019310796514966476,-0.0,-0.0,-4.2982865595572927e-07,-0.0006142187225125691,-1.3149171035444087e-05
574,0.09108328355928662,0.04978544344580049,0.04999999971198205,-6.018638000780788e-08,-2.172346254184119e-07,-0.00019153212621987408,-0.0,-0.0,-4.5316107508753397e-07,-0.0006092556089700822,-1.3062700169315823e-05
575,0.09133619940219757,0.04978221717974857,0.04999999974573353,-5.889312213097084e-08,-2.151591818134697e-07,-0.0001899920599811486,-0.0,-0.0,-4.771483214136183e-07,-0.0006043782466148168,-1.297633733590435e-05
576,0.0915842353321657,0.04977899077884711,0.04999999977685879,-5.763563901343687e-08,-2.1320746609086682e-07,-0.00018848727100770734,-0.0,-0.0,-5.017908302413454e-07,-0.0005995846080667225,-1.2890088776679456e-05
577,0.09182740274384188,0.049775769947641976,0.04999999980545944,-5.641316479205544e-08,-2.1137369296344483e-07,-0.00018701727235713545,-0.0,-0.0,-5.270887945860163e-07,-0.000594872716132392,-1.2803961076534324e-05
578,0.09206571593203061,0.04977256013209833,0.049999999831636686,-5.522482047661284e-08,-2.0965213915078098e-07,-0.00018558172911106602,-0.0,-0.0,-5.530433128666502e-07,-0.0005902406411611575,-1.2717961145709405e-05
579,0.09229919510490944,0.049769366196108916,0.04999999985549089,-5.407019212605891e-08,-2.0803710338057524e-07,-0.00018418002183677505,-0.0,-0.0,-5.796535237573856e-07,-0.0005856865007495021,-1.2632096192562307e-05
580,0.09252785654031849,0.049766194522779326,0.04999999987712189,-5.294804645607975e-08,-2.0652314646021876e-07,-0.0001828116845935273,-0.0,-0.0,-6.069193286506627e-07,-0.0005812084592175813,-1.2546373698182508e-05
581,0.09275172199758501,0.04976305049389095,0.0499999998966292,-5.185759763299275e-08,-2.0510483830783687e-07,-0.00018147608989836324,-0.0,-0.0,-6.348389006587387e-07,-0.0005768047265232525,-1.2460801391782039e-05
582,0.09297081262998245,0.04975994014054732,0.04999999991411165,-5.079769314260069e-08,-2.0377694219371155e-07,-0.00018017296326484499,-0.0,-0.0,-6.6341266319001e-07,-0.0005724735556428616,-1.237538722997291e-05
583,0.09318515926639115,0.04975686776480881,0.0499999999296668,-4.97681018432298e-08,-2.0253415748055167e-07,-0.00017890200257964815,-0.0,-0.0,-6.926408164348729e-07,-0.0005682132390669492,-1.2290139383854325e-05
584,0.09339479445843964,0.049753837571703,0.049999999943390445,-4.876828571453714e-08,-2.0137132114088237e-07,-0.00017766262852380934,-0.0,-0.0,-7.225215574998878e-07,-0.0005640221102745607,-1.220506620694613e-05
585,0.09359974714719493,0.04975085511409493,0.04999999995537733,-4.7797206302003874e-08,-2.00283551820339e-07,-0.00017645443867848618,-0.0,-0.0,-7.530336263572743e-07,-0.000559898546235093,-1.2120176359722743e-05
586,0.09380005187501918,0.04974792531511385,0.04999999996572095,-4.685450164634151e-08,-1.9926415380196685e-07,-0.0001752767672809804,-0.0,-0.0,-7.842380437701531e-07,-0.000555840958225641,-1.2035478321579873e-05
587,0.09399574045314149,0.049745052969737705,0.04999999997451354,-4.593800653790971e-08,-1.9831452786951685e-07,-0.00017412923276904793,-0.0,-0.0,-8.162511837990968e-07,-0.0005518477717938733,-1.1950979327892997e-05
588,0.0941868547731582,0.049742241307659335,0.04999999998184583,-4.504558667527277e-08,-1.974397029513855e-07,-0.00017301202695282675,-0.0,-0.0,-8.486805010203888e-07,-0.0005479174805277318,-1.1866688781326685e-05
589,0.09437343996783364,0.0497394965471927,0.049999999987806,-4.4183365331060816e-08,-1.9659979403468266e-07,-0.00017192431749877575,-0.0,-0.0,-8.817698468580382e-07,-0.000544048636764955,-1.1782617599135658e-05
590,0.09455553349061667,0.049736821007432465,0.04999999999248061,-4.334619408995674e-08,-1.958138708141348e-07,-0.0001708657119906785,-0.0,-0.0,-9.155116789439585e-07,-0.0005402397925684156,-1.1698774389983421e-05
591,0.09473317995164537,0.04973421887705871,0.049999999995954766,-4.25335026314634e-08,-1.9507739637344486e-07,-0.0001698356688248178,-0.0,-0.0,-9.499006505406133e-07,-0.0005364895380426258,-1.1615168019218598e-05
592,0.0949064222319806,0.049731694809352765,0.04999999999831165,-4.1744336868828886e-08,-1.9438615832771829e-07,-0.00016883396793325236,-0.0,-0.0,-9.849347535769095e-07,-0.0005327964962980437,-1.1531807424074827e-05
593,0.09507531053816332,0.04972925141089807,0.049999999999632276,-4.097851819153972e-08,-1.9373604961646195e-07,-0.00016786035541720048,-0.0,-0.0,-1.020611732555266e-06,-0.0005291593207737514,-1.1448701585738884e-05
594,0.09523989667762423,0.04972689172804977,0.04999999999999544,-4.023581466206163e-08,-1.9312325101876812e-07,-0.00016691433781149226,-0.0,-0.0,-1.0569279488111687e-06,-0.0005255766966396474,-1.136585949710475e-05
595,0.09540022865694059,0.04972461905003241,0.04999999999947784,-3.9515159303335635e-08,-1.9254417962080495e-07,-0.0001659955452818737,-0.0,-0.0,-1.09388095671412e-06,-0.000522047340119571,-1.1283290144869309e-05
596,0.0955563580166855,0.04972243650235116,0.04999999999815398,-3.88161803636554e-08,-1.919954198018875e-07,-0.00016510347320282067,-0.0,-0.0,-1.1314659651966596e-06,-0.0005185699983064335,-1.1201002478448148e-05
597,0.09570833585488758,0.04972034826979864,0.049999999996095994,-3.8137853218550015e-08,-1.9147383599127027e-07,-0.00016423791931440137,-0.0,-0.0,-1.169681860985653e-06,-0.0005151434474982692,-1.1119005393862979e-05
598,0.0958562193666807,0.04971835579015097,0.049999999993373595,-3.7480082956254466e-08,-1.9097630941773853e-07,-0.00016339865164103967,-0.0,-0.0,-1.2085272371379522e-06,-0.0005117664904385609,-1.103730772887989e-05
599,0.09600006659615717,0.04971646098220798,0.04999999999005426,-3.6842571438468286e-08,-1.9049993438608544e-07,-0.00016258520714162186,-0.0,-0.0,-1.2479990933340312e-06,-0.0005084379573681309,-1.0955918244483874e-05
600,0.09613993183488134,0.049714666736796656,0.04999999998620309,-3.622447662674978e-08,-1.9004199142507758e-07,-0.00016179724749611451,-0.0,-0.0,-1.2880950906798695e-06,-0.0005051567057197881,-1.0874845614729094e-05
601,0.0962758726820967,0.049712974680908184,0.04999999998188268,-3.562528762019525e-08,-1.8959988393750772e-07,-0.00016103429847033298,-0.0,-0.0,-1.3288104609927041e-06,-0.0005019216204131263,-1.0794098401330002e-05
602,0.09640794615643661,0.04971138816611798,0.04999999997715297,-3.504416511474869e-08,-1.891712891487343e-07,-0.00016029617771788163,-0.0,-0.0,-1.3701446086975099e-06,-0.0004987316120117828,-1.0713685047251766e-05
603,0.09653621392323934,0.04970990764479318,0.049999999972071336,-3.4480988707336494e-08,-1.8875385515730334e-07,-0.00015958267270587274,-0.0,-0.0,-1.4120962717231376e-06,-0.0004955856141223328,-1.0633613878062375e-05
604,0.09666073841613987,0.04970853425921089,0.049999999966692965,-3.393556240560187e-08,-1.883454424765842e-07,-0.00015889334964524267,-0.0,-0.0,-1.4546622683918202e-06,-0.000492482584718599,-1.0553893084351618e-05
605,0.09678157865252258,0.049707270224579075,0.04999999996107059,-3.34071530591067e-08,-1.8794406624377773e-07,-0.00015822789575240242,-0.0,-0.0,-1.4978402581907717e-06,-0.0004894215060466426,-1.0474530717531413e-05
606,0.096898796311504,0.04970611575842745,0.049999999955254296,-3.289528040721679e-08,-1.875478317229885e-07,-0.00015758586212677103,-0.0,-0.0,-1.5416256585564512e-06,-0.00048640138436859855,-1.0395534671898488e-05
607,0.09701245145889541,0.04970507344603834,0.049999999949291364,-3.2399173933034866e-08,-1.8715508937534234e-07,-0.00015696707325023903,-0.0,-0.0,-1.5860168146911812e-06,-0.00048342124831687633,-1.0316912675931783e-05
608,0.09712260864182481,0.04970414375323212,0.049999999943226375,-3.1918735607378125e-08,-1.8676423266832203e-07,-0.00015637132798209202,-0.0,-0.0,-1.6310119157838346e-06,-0.00048048014702382533,-1.0238672296867066e-05
609,0.09722933273823696,0.04970332622843776,0.04999999993710176,-3.1453832508222155e-08,-1.863737195326633e-07,-0.00015579821888448342,-0.0,-0.0,-1.6766077564215066e-06,-0.00047757715075602726,-1.016082094875121e-05
610,0.0973326847551051,0.04970262200486621,0.04999999993095743,-3.100378378380845e-08,-1.8598204238835203e-07,-0.00015524745475652352,-0.0,-0.0,-1.7228006868543558e-06,-0.0004747113511691479,-1.0083365889265268e-05
611,0.09743272882408685,0.04970203162146283,0.04999999992483058,-3.0568205319982295e-08,-1.8558787020727874e-07,-0.00015471862226078931,-0.0,-0.0,-1.7695866582437454e-06,-0.0004718818611666286,-1.0006314214215048e-05
612,0.09752952649650537,0.04970155599381249,0.04999999991875561,-3.014638659523271e-08,-1.8518988248082384e-07,-0.0001542115705194404,-0.0,-0.0,-1.816963566612861e-06,-0.0004690878133960702,-9.929672858788497e-06
613,0.09762314409582659,0.049701194644428466,0.04999999991276455,-2.9738353712223996e-08,-1.8478691458816915e-07,-0.0001537261231891261,-0.0,-0.0,-1.8649301573893088e-06,-0.0004663283588716234,-9.85344859421746e-06
614,0.09771364722532885,0.049700946317292896,0.04999999990688778,-2.9344013141653355e-08,-1.843778341778958e-07,-0.0001532619078870696,-0.0,-0.0,-1.9134823425443827e-06,-0.00046360266780730075,-9.777648023648578e-06
615,0.09780109892599968,0.04970081200473109,0.04999999990115341,-2.8962692936099805e-08,-1.839616734905526e-07,-0.000152818653136405,-0.0,-0.0,-1.9626177736186005e-06,-0.0004609099295367371,-9.702277578332406e-06
616,0.09788556318127582,0.049700790662138845,0.04999999989558713,-2.8594161909998438e-08,-1.8353747683261837e-07,-0.00015239597670344183,-0.0,-0.0,-2.0123312465763494e-06,-0.00045824935242531895,-9.627343511303911e-06
617,0.09796710309435444,0.049700882553455276,0.04999999989021219,-2.8237725374105385e-08,-1.8310449194534285e-07,-0.00015199374263994743,-0.0,-0.0,-2.062621927936695e-06,-0.00045562016261794765,-9.552851890907887e-06
618,0.09804578399347258,0.0497010870237503,0.049999999885049703,-2.78933972399675e-08,-1.8266197595240672e-07,-0.00015161178881134194,-0.0,-0.0,-2.11348738685609e-06,-0.00045302160277209993,-9.478808601178627e-06
619,0.09812167205473285,0.04970140144663668,0.04999999988011946,-2.7561122510770565e-08,-1.8220936529391536e-07,-0.00015124976549888238,-0.0,-0.0,-2.1649244723979387e-06,-0.0004504529331795309,-9.405219335706904e-06
620,0.09819482960990075,0.049701826037834684,0.04999999987543924,-2.7240285432271147e-08,-1.8174609137351493e-07,-0.00015090742283803833,-0.0,-0.0,-2.2169306154188736e-06,-0.00044791343100245766,-9.332089600152132e-06
621,0.09826532012260708,0.04970236002053238,0.04999999987102455,-2.6930612079958034e-08,-1.8127168968108653e-07,-0.00015058446251406586,-0.0,-0.0,-2.2693031684220033e-06,-0.00044540241202469297,-9.259424092728702e-06
622,0.09833320082862436,0.049703008636935816,0.04999999986688929,-2.6630773079375844e-08,-1.8079644521588292e-07,-0.00015028098779149056,-0.0,-0.0,-2.3205425651571176e-06,-0.0004429193993885314,-9.187222157940107e-06
623,0.09839851456665413,0.049703795315413135,0.04999999986305419,-2.6338002830782112e-08,-1.8035495557511663e-07,-0.0001499967634556958,-0.0,-0.0,-2.3712023975840842e-06,-0.0004404639444708272,-9.115483417881688e-06
624,0.09846132361052073,0.04970471497950489,0.04999999985954169,-2.6052532548812894e-08,-1.7992881161129693e-07,-0.00014973135894651087,-0.0,-0.0,-2.4214940345971224e-06,-0.0004380356096773633,-9.044208237514622e-06
625,0.09852168963495157,0.04970576012211782,0.04999999985636672,-2.5774279171094338e-08,-1.795016270890133e-07,-0.0001494844525609449,-0.0,-0.0,-2.4716310817915165e-06,-0.0004356338687321081,-8.973400298961398e-06
626,0.09857967480760282,0.04970692594396723,0.04999999985353751,-2.5503386093756896e-08,-1.7906185871141096e-07,-0.00014925563107604206,-0.0,-0.0,-2.5217690921652966e-06,-0.000433258162578864,-8.903064669592629e-06
627,0.09863534018435875,0.04970820710743491,0.04999999985105674,-2.5239725239371797e-08,-1.7860144848960821e-07,-0.00014904472470165638,-0.0,-0.0,-2.5720255209914562e-06,-0.00043090791213682485,-8.83320725009549e-06
628,0.09868874882411628,0.049709598654359755,0.049999999848923185,-2.4983741516041933e-08,-1.7811489846298686e-07,-0.0001488521684619831,-0.0,-0.0,-2.6224617648706902e-06,-0.00042858252527374187,-8.763833419897645e-06
629,0.09873995068067247,0.049711005602108935,0.04999999984713477,-2.473579552740154e-08,-1.776114407294548e-07,-0.00014867983576786215,-0.0,-0.0,-2.672956882444113e-06,-0.00042628139068030043,-8.694939069058558e-06
630,0.09878895533445642,0.049712045929501514,0.04999999984570508,-2.4495498604688604e-08,-1.771468370140176e-07,-0.00014852682225068687,-0.0,-0.0,-2.7236012159830494e-06,-0.00042400388401432664,-8.626514505905291e-06
631,0.09883582067257264,0.04971272309353933,0.04999999984465067,-2.42615799293773e-08,-1.7672591384832014e-07,-0.0001483921276582943,-0.0,-0.0,-2.7744394235329206e-06,-0.00042174937592247296,-8.55854753834907e-06
632,0.09888060648603739,0.04971307207700556,0.04999999984397433,-2.40329672919188e-08,-1.763474096450904e-07,-0.0001482751385001791,-0.0,-0.0,-2.8255166742741363e-06,-0.00041951723807750536,-8.491027135020571e-06
633,0.09892337470652354,0.0497131254236556,0.04999999984366882,-2.380941652404482e-08,-1.760088938489806e-07,-0.00014817535058970718,-0.0,-0.0,-2.8768696231732267e-06,-0.00041730684595701136,-8.423942804933281e-06
634,0.09896418602255597,0.049712915402048204,0.04999999984372036,-2.3590932196973774e-08,-1.7570698497716852e-07,-0.00014809220098838862,-0.0,-0.0,-2.9285249816066377e-06,-0.00041511758169011535,-8.357284751421516e-06
635,0.0990030985041428,0.04971247243326323,0.04999999984411042,-2.3377248973687962e-08,-1.754376345797517e-07,-0.0001480252910816858,-0.0,-0.0,-2.980502979195539e-06,-0.00041294883666617493,-8.291043957935811e-06
636,0.09904017095529458,0.04971182458688589,0.0499999998448174,-2.3168525029107107e-08,-1.7519661573535743e-07,-0.00014797418686308324,-0.0,-0.0,-3.032817642914075e-06,-0.0004108000134785071,-8.225212222264969e-06
637,0.09907546028732117,0.0497109992633243,0.0499999998458183,-2.296474250993459e-08,-1.7497955458641893e-07,-0.00014793871187357725,-0.0,-0.0,-3.0854822469180225e-06,-0.0004086705263389187,-8.159782164853171e-06
638,0.0991090245706591,0.04971001944035294,0.04999999984709019,-2.2766351920381877e-08,-1.7478219752501027e-07,-0.00014791870005665005,-0.0,-0.0,-3.1385072764736645e-06,-0.0004065598012254441,-8.09474720864549e-06
639,0.09914092081300582,0.049708907046148096,0.04999999984861161,-2.2573766174671143e-08,-1.746004564240371e-07,-0.00014791216021698913,-0.0,-0.0,-3.1918982448140553e-06,-0.00040446727724797766,-8.030101541590697e-06
640,0.09917127089181985,0.04970748446821477,0.04999999985036242,-2.237842177940297e-08,-1.747303506774113e-07,-0.00014791462471628981,-0.0,-0.0,-3.2281781888868354e-06,-0.00040239472681327854,-7.96568136125469e-06
641,0.0992003506415488,0.049705017095976016,0.04999999985216913,-2.2159694441437808e-08,-1.7603069885001044e-07,-0.00014793506720998804,-0.0,-0.0,-3.2739981458390216e-06,-0.00040034210839861033,-7.901450488275184e-06
642,0.09922784042329802,0.04970267353082495,0.04999999985403387,-2.1969042974961306e-08,-1.7678630325034587e-07,-0.0001479727238683694,-0.0,-0.0,-3.324376747781569e-06,-0.0003983075902245065,-7.837493451858105e-06
643,0.09925380558587407,0.049700491129619134,0.04999999985604425,-2.1799014927196933e-08,-1.7712097153183644e-07,-0.00014802687649347464,-0.0,-0.0,-3.3781796756513956e-06,-0.0003962898617017645,-7.773865307678995e-06
644,0.09927830866308658,0.049698494733831394,0.04999999985825654,-2.16441867302597e-08,-1.7713097913956954e-07,-0.00014809674033747897,-0.0,-0.0,-3.4345778707790625e-06,-0.0003942878409847195,-7.710607197431328e-06
645,0.09930140787618175,0.04969669974117447,0.049999999860701666,-2.1500294858089214e-08,-1.7689022271611967e-07,-0.00014818169089764698,-0.0,-0.0,-3.492960709066382e-06,-0.0003923006179795894,-7.647749778408435e-06
646,0.09932316023510818,0.049695114245658485,0.049999999863390744,-2.1364450267907564e-08,-1.7645563410267855e-07,-0.00014828109441191503,-0.0,-0.0,-3.552877958001612e-06,-0.000390327412503377,-7.58531581055108e-06
647,0.09934361965170678,0.049693742306299846,0.04999999986631994,-2.1234467659939413e-08,-1.758704073073189e-07,-0.0001483945767065933,-0.0,-0.0,-3.6139965652031255e-06,-0.0003883675430808904,-7.523322109391177e-06
648,0.09936284010919118,0.04969258158276246,0.04999999986947509,-2.1109289469040213e-08,-1.751678039768538e-07,-0.00014852180898568238,-0.0,-0.0,-3.6760717468447456e-06,-0.00038642040401464976,-7.461781013367939e-06
649,0.09938087349722077,0.04969162755589229,0.049999999872835765,-2.098828846203426e-08,-1.7437289140823668e-07,-0.00014866237892240277,-0.0,-0.0,-3.7389218112939085e-06,-0.00038448544844912197,-7.400701541540741e-06
650,0.09939776902511317,0.049690874028606544,0.04999999987637738,-2.0870867038682492e-08,-1.735042747947608e-07,-0.0001488159966896371,-0.0,-0.0,-3.8024122345850435e-06,-0.0003825621760213119,-7.3400902502442735e-06
651,0.09941357504523984,0.04969031526100495,0.04999999988007322,-2.0756852054909458e-08,-1.725760717028606e-07,-0.0001489823260953616,-0.0,-0.0,-3.8664423577376295e-06,-0.0003806501239523932,-7.279951866246601e-06
652,0.0994283380926045,0.049689943070527196,0.04999999988389608,-2.06460732975451e-08,-1.7159873801528688e-07,-0.0001491612397012271,-0.0,-0.0,-3.93093895347692e-06,-0.0003787488602101253,-7.220289749074291e-06
653,0.09944210468931274,0.04968974916253922,0.04999999988781981,-2.0538888087538867e-08,-1.7058045639576074e-07,-0.00014935261796472567,-0.0,-0.0,-3.9958501945553645e-06,-0.0003768579779303103,-7.161106229739808e-06
654,0.09945491968777251,0.04968972438633518,0.04999999989182056,-2.0435598209772172e-08,-1.695272757399711e-07,-0.00014955622380537052,-0.0,-0.0,-4.061137261520735e-06,-0.0003749770916662359,-7.1024028961106304e-06
655,0.09946682589228839,0.04968986068757312,0.04999999989587657,-2.033623342196042e-08,-1.6844355356442704e-07,-0.00014977190353301686,-0.0,-0.0,-4.126772002370137e-06,-0.00037310583479529483,-7.044180784186963e-06
656,0.09947786539894382,0.04969015043661736,0.04999999989996831,-2.024101116094758e-08,-1.673327775810292e-07,-0.0001499994308026574,-0.0,-0.0,-4.192733835343025e-06,-0.00037124385734728615,-6.986440512233192e-06
657,0.09948807847095929,0.04969058628168811,0.049999999904078385,-2.0149894115103196e-08,-1.6619748714141272e-07,-0.00015023875385229536,-0.0,-0.0,-4.259007689479718e-06,-0.00036939082446440705,-6.929182360518898e-06
658,0.09949750566701694,0.04969116018043779,0.049999999908191706,-2.006320710422184e-08,-1.65040169280331e-07,-0.0001504898037183689,-0.0,-0.0,-4.32558524177265e-06,-0.0003675464150133499,-6.872406318052925e-06
659,0.09950618594014933,0.04969186417740712,0.04999999991229566,-1.998119073345752e-08,-1.6386276282285233e-07,-0.0001507523842061859,-0.0,-0.0,-4.392459401516801e-06,-0.0003657103206067484,-6.816112149913905e-06
660,0.09951415658280806,0.04969269215389796,0.04999999991637944,-1.9903743756133277e-08,-1.6266677210986685e-07,-0.00015102636204733223,-0.0,-0.0,-4.459626298320874e-06,-0.0003638822449253818,-6.760299431412387e-06
661,0.09952145393204924,0.049693637393610414,0.049999999920433594,-1.983090718082674e-08,-1.6145363115209143e-07,-0.00015131152566637442,-0.0,-0.0,-4.527081767089909e-06,-0.0003620619031531203,-6.704967564767433e-06
662,0.09952811302526636,0.0496946944855958,0.0499999999244497,-1.976247217380917e-08,-1.6022460124148317e-07,-0.00015160782097921714,-0.0,-0.0,-4.594824104016659e-06,-0.0003602490215418864,-6.650115775697639e-06
663,0.0995341686975589,0.04969585709118758,0.04999999992842036,-1.9698573508769002e-08,-1.5898120853656284e-07,-0.00015191516803613253,-0.0,-0.0,-4.662853491833752e-06,-0.0003584433367018196,-6.595743106324679e-06
664,0.09953965452317062,0.049697118984564685,0.04999999993233928,-1.9639274891220326e-08,-1.5772483963843956e-07,-0.00015223336522623683,-0.0,-0.0,-4.73116907666371e-06,-0.0003566445954350044,-6.541848437233558e-06
665,0.09954460256548901,0.04969847579931165,0.04999999993620072,-1.9584326044668524e-08,-1.5645665966139923e-07,-0.00015256226964440464,-0.0,-0.0,-4.799771010345983e-06,-0.0003548525544738136,-6.488430496299493e-06
666,0.09954904403169129,0.04969992227248311,0.04999999993999906,-1.9533580600930674e-08,-1.5517790823367386e-07,-0.00015290165690845243,-0.0,-0.0,-4.868658066907844e-06,-0.0003530669802197091,-6.435487860271914e-06
667,0.09955300885899243,0.04970145460948237,0.04999999994372876,-1.9486778429428747e-08,-1.5388971278875263e-07,-0.00015325145575973125,-0.0,-0.0,-4.937830054953903e-06,-0.0003512876485408302,-6.383018945221434e-06
668,0.099556526798523,0.04970306733324582,0.049999999947384445,-1.944392988857019e-08,-1.5259349956027847e-07,-0.00015361156903230555,-0.0,-0.0,-5.0072878772807095e-06,-0.00034951434438151033,-6.331021996328787e-06
669,0.09955962646303179,0.049704756339541106,0.049999999950961084,-1.9405023814711253e-08,-1.5129057602166517e-07,-0.00015398178634697094,-0.0,-0.0,-5.077031847666632e-06,-0.0003477468614608406,-6.2794951121981225e-06
670,0.09956233491651115,0.04970651747003929,0.0499999999544536,-1.9369763191717806e-08,-1.4998196478047567e-07,-0.0001543619521587182,-0.0,-0.0,-5.147061480735552e-06,-0.0003459850021476375,-6.2284362556486005e-06
671,0.09956467864570695,0.04970834635644385,0.049999999957856714,-1.9337976177490235e-08,-1.4866882254539364e-07,-0.00015475183829036481,-0.0,-0.0,-5.217375735811691e-06,-0.0003442285773538814,-6.177843256157615e-06
672,0.09956668282693178,0.04971024073669426,0.04999999996116495,-1.930938552693973e-08,-1.473521175517055e-07,-0.00015515135977679293,-0.0,-0.0,-5.287973827034922e-06,-0.000342477406244855,-6.127713807122914e-06
673,0.099568372464785,0.049712196258092346,0.049999999964372856,-1.9284016192206755e-08,-1.4603309386233996e-07,-0.00015556040910338938,-0.0,-0.0,-5.358855516490339e-06,-0.00034073131615536023,-6.078045459262615e-06
674,0.09956977163478532,0.0497142087113819,0.049999999967475194,-1.9261825054267212e-08,-1.4471287838445787e-07,-0.0001559787751990248,-0.0,-0.0,-5.430021051671454e-06,-0.000338990142172812,-6.0288356481653285e-06
675,0.09957090284071785,0.049716275330805554,0.04999999997046664,-1.9242545656870626e-08,-1.4339225412953335e-07,-0.00015640629865997245,-0.0,-0.0,-5.501468984266135e-06,-0.0003372537269146698,-5.980081706967903e-06
676,0.09957178816587799,0.04971839311955251,0.04999999997334182,-1.9226065120709855e-08,-1.4207215500744824e-07,-0.0001568427541517677,-0.0,-0.0,-5.5731978098433605e-06,-0.0003355219205212745,-5.93178087141125e-06
677,0.099572448439537,0.049720559967748455,0.049999999976095305,-1.9212098367504685e-08,-1.4075328575802081e-07,-0.00015728804989691874,-0.0,-0.0,-5.645205574464916e-06,-0.00033379458043054916,-5.883930280385699e-06
678,0.09957290438549216,0.04972277185109406,0.04999999997872176,-1.920069542255846e-08,-1.3943663280545302e-07,-0.00015774207571293218,-0.0,-0.0,-5.717491660347508e-06,-0.00033207157129145156,-5.836526970605414e-06
679,0.09957317576329408,0.04972502558371804,0.04999999998121618,-1.9191840397967286e-08,-1.3812302432012155e-07,-0.0001582046244828175,-0.0,-0.0,-5.790054846091726e-06,-0.0003303527646158472,-5.78956790156773e-06
680,0.09957328113685986,0.049727319199330114,0.04999999998357366,-1.9185299210173202e-08,-1.3681302828062243e-07,-0.0001586755377607961,-0.0,-0.0,-5.862893033329014e-06,-0.0003286380386893614,-5.743049966998003e-06
681,0.09957323856064138,0.04972964930209762,0.04999999998578942,-1.9181004057335243e-08,-1.3550730678633173e-07,-0.00015915459542531604,-0.0,-0.0,-5.936004502491807e-06,-0.0003269272783066948,-5.6969700027587595e-06
682,0.0995730648799674,0.04973201451604275,0.04999999998785883,-1.917872944388016e-08,-1.3420628959560699e-07,-0.00015964170547643841,-0.0,-0.0,-6.009386465707163e-06,-0.00032522037457389526,-5.651324785807911e-06
683,0.09957277691000715,0.04973441203526804,0.04999999998977755,-1.9178515661968133e-08,-1.3291069991760494e-07,-0.00016013675676992007,-0.0,-0.0,-6.083037455004524e-06,-0.000323517224973182,-5.606111027871157e-06
684,0.09957239059591344,0.049736838810023304,0.049999999991541554,-1.918034722107758e-08,-1.3162111459194826e-07,-0.00016063954742509437,-0.0,-0.0,-6.156955689611446e-06,-0.0003218177329618746,-5.561325397156905e-06
685,0.0995719207831147,0.04973929391120096,0.049999999993147116,-1.9184087953680182e-08,-1.3033787583976562e-07,-0.00016114992176227363,-0.0,-0.0,-6.231138068300071e-06,-0.00032012180791592376,-5.516964527366099e-06
686,0.09957138192513132,0.04974177429812646,0.04999999999459077,-1.918965061560985e-08,-1.2906142908469555e-07,-0.00016166766698967123,-0.0,-0.0,-6.305582123819353e-06,-0.00031842936494735994,-5.473025024278759e-06
687,0.09957078736919141,0.04974427854326978,0.04999999999586929,-1.9196841626852277e-08,-1.277920096640352e-07,-0.0001621926888350371,-0.0,-0.0,-6.380284330986294e-06,-0.0003167403246805378,-5.4295034631381975e-06
688,0.0995701504105501,0.04974680472982604,0.049999999996979835,-1.920573666696003e-08,-1.2653013108204153e-07,-0.00016272505349464227,-0.0,-0.0,-6.455247137768423e-06,-0.000315054612680182,-5.3863963737751386e-06
689,0.09956948363738646,0.04974934855687733,0.04999999999791993,-1.921654395448405e-08,-1.2527632629652861e-07,-0.0001632643842466943,-0.0,-0.0,-6.530464163324403e-06,-0.0003133721597923136,-5.343700269254011e-06
690,0.0995687985906133,0.049751910346322765,0.049999999998687414,-1.9228883666321173e-08,-1.240306018420375e-07,-0.00016381052921929506,-0.0,-0.0,-6.605932029703846e-06,-0.0003116929025194817,-5.301411660926562e-06
691,0.09956810636621992,0.049754488501559634,0.049999999999280356,-1.9242709717179407e-08,-1.2279321775327993e-07,-0.00016436328102666507,-0.0,-0.0,-6.681646544947083e-06,-0.0003100167823732256,-5.259527051221943e-06
692,0.09956741729609192,0.04975708163200049,0.04999999999969717,-1.925786977575441e-08,-1.2156431546883172e-07,-0.0001649225463840282,-0.0,-0.0,-6.757603873648565e-06,-0.00030834374572016963,-5.218042931011089e-06
693,0.0995667414802313,0.04975968774226966,0.049999999999936616,-1.9274419943276046e-08,-1.2034423320903562e-07,-0.00016548838465861105,-0.0,-0.0,-6.83380440118259e-06,-0.0003066737433383841,-5.176955763761109e-06
694,0.099566088634184,0.04976230387527064,0.04999999999999778,-1.9292570107300987e-08,-1.1913342467954801e-07,-0.00016606043029745657,-0.0,-0.0,-6.910242342554461e-06,-0.0003050067306048492,-5.136262011815664e-06
695,0.09956546724962113,0.0497649300008293,0.04999999999988005,-1.931197658423941e-08,-1.179317347449379e-07,-0.0001666385332654416,-0.0,-0.0,-6.986912844600639e-06,-0.0003033426676790362,-5.095958152182412e-06
696,0.0995648856468514,0.04976756449756803,0.04999999999958311,-1.9332595405334907e-08,-1.1673934270884498e-07,-0.00016722249321867995,-0.0,-0.0,-7.0638120545941436e-06,-0.0003016815189515056,-5.056040667089623e-06
697,0.09956435122376216,0.04977020650964042,0.04999999999910695,-1.935429236139021e-08,-1.1555624807575131e-07,-0.00016781221424786347,-0.0,-0.0,-7.1409338676395495e-06,-0.0003000232530150463,-5.016506039452886e-06
698,0.09956387152946734,0.04977285441984187,0.04999999999845191,-1.9377121843567012e-08,-1.1438274938472812e-07,-0.00016840775273740008,-0.0,-0.0,-7.2182784952343075e-06,-0.0002983678424280853,-4.9773507356962125e-06
699,0.09956345352457169,0.04977550598976048,0.04999999999761854,-1.940129325879704e-08,-1.1321917568103918e-07,-0.00016900875177258774,-0.0,-0.0,-7.295839026249226e-06,-0.00029671526366834683,-4.938571232465742e-06
700,0.09956310324235522,0.049778160707883844,0.049999999996607675,-1.9426481604826363e-08,-1.1206532572770269e-07,-0.00016961506394830338,-0.0,-0.0,-7.373610616681242e-06,-0.00029506549726610363,-4.9001640304982225e-06
701,0.09956282639844166,0.04978081755564732,0.04999999999542044,-1.9452669611817747e-08,-1.1092127255328291e-07,-0.000170226495555502,-0.0,-0.0,-7.451588098531803e-06,-0.00029341852730725704,-4.862125644436925e-06
702,0.09956262807285515,0.049783476163684094,0.04999999999405825,-1.94797070210087e-08,-1.0978698266216523e-07,-0.0001708429490599317,-0.0,-0.0,-7.529764998462778e-06,-0.0002917743415029092,-4.824452597680693e-06
703,0.09956251337456769,0.04978613500016341,0.0499999999925228,-1.9507658638274245e-08,-1.0866265950013978e-07,-0.0001714644762851891,-0.0,-0.0,-7.608140183391222e-06,-0.0002901329309772216,-4.787141406738183e-06
704,0.09956248701107327,0.04978879195541465,0.04999999999081593,-1.9536722001540504e-08,-1.0754858077521373e-07,-0.00017209072916349503,-0.0,-0.0,-7.686706622788601e-06,-0.00028849429018431883,-4.750188605124112e-06
705,0.09956255276324953,0.049791446887288204,0.04999999998893968,-1.9566596165158924e-08,-1.0644448462406503e-07,-0.00017272156419514997,-0.0,-0.0,-7.765458131985372e-06,-0.0002868584170155952,-4.713590755982733e-06
706,0.09956271428192322,0.0497940985969575,0.04999999998689639,-1.9597253593197503e-08,-1.0535041902582946e-07,-0.00017335679361141806,-0.0,-0.0,-7.84438961340426e-06,-0.000285225312340793,-4.67734444169071e-06
707,0.09956297449549173,0.049796747323942375,0.04999999998468865,-1.9628578007702125e-08,-1.0426628588391603e-07,-0.00017399631839955454,-0.0,-0.0,-7.923493157577109e-06,-0.00028359498008135046,-4.641446258884929e-06
708,0.09956333656657385,0.0497993917142254,0.04999999998231927,-1.9660626716710853e-08,-1.0319226028245283e-07,-0.0001746401845251291,-0.0,-0.0,-8.002767006128789e-06,-0.00028196742716744285,-4.605892803783655e-06
709,0.09956380321243909,0.04980202936430404,0.0499999999797911,-1.969356523482382e-08,-1.0212855291622253e-07,-0.00017528786725168528,-0.0,-0.0,-8.082197528516045e-06,-0.000280342663964946,-4.5706807005287756e-06
710,0.09956437650036835,0.04980466138653403,0.04999999997710721,-1.9726973106742357e-08,-1.0107477815076986e-07,-0.000175939419048894,-0.0,-0.0,-8.161783895029126e-06,-0.00027872070354052417,-4.53580660508176e-06
711,0.09956505800092873,0.04980728669595984,0.049999999974270966,-1.9761001702475814e-08,-1.0003104825084474e-07,-0.0001765946572277712,-0.0,-0.0,-8.241519603516942e-06,-0.0002771015607812019,-4.501267189449012e-06
712,0.0995658490106529,0.04980990475308407,0.04999999997128586,-1.9795539353733012e-08,-9.899727097675951e-08,-0.00017725348274763504,-0.0,-0.0,-8.321396885199854e-06,-0.00027548525314676284,-4.4670591441613776e-06
713,0.09956675090129595,0.04981251433394421,0.04999999996815553,-1.9830627733799976e-08,-9.797355069071364e-08,-0.00017791593694973333,-0.0,-0.0,-8.401412452423762e-06,-0.00027387180066511664,-4.43317916386382e-06
714,0.09956776485996323,0.0498151136055186,0.04999999996488355,-1.986643760029725e-08,-9.696009362187058e-08,-0.00017858151100704433,-0.0,-0.0,-8.481553545579742e-06,-0.000272261226233477,-4.399623973486912e-06
715,0.09956889126701539,0.04981770387771869,0.04999999996147372,-1.9902559875936757e-08,-9.595646313359948e-08,-0.00017925025291202392,-0.0,-0.0,-8.561817763453013e-06,-0.00027065355488865557,-4.366390332513105e-06
716,0.09957013028663746,0.0498202842152667,0.049999999957930086,-1.993913429961033e-08,-9.496277148341039e-08,-0.00017992198898309652,-0.0,-0.0,-8.642199534827302e-06,-0.00026904881299275155,-4.333475020106523e-06
717,0.09957148158953584,0.0498228537463773,0.049999999954256726,-1.9976070133634878e-08,-9.397885789536413e-08,-0.0001805966183017217,-0.0,-0.0,-8.72268860757278e-06,-0.00026744702905594843,-4.3008748363668165e-06
718,0.09957294535270997,0.049825411418171886,0.049999999950457834,-2.0013399042089398e-08,-9.300486370457346e-08,-0.00018127417806085497,-0.0,-0.0,-8.80328269725987e-06,-0.0002658482337980774,-4.2685865878327e-06
719,0.09957452123389678,0.04982795619055022,0.049999999946537435,-2.0051298172345315e-08,-9.204090647213879e-08,-0.00018195417548802799,-0.0,-0.0,-8.883967853346255e-06,-0.0002642524601770212,-4.236607114171036e-06
720,0.09957620841681739,0.04983048887633929,0.049999999942499734,-2.0089366945444272e-08,-9.108658072091715e-08,-0.00018263665851539967,-0.0,-0.0,-8.964741451575158e-06,-0.00026265974290524144,-4.204933290167548e-06
721,0.09957800579787145,0.04983300830552019,0.04999999993834916,-2.0127737301412557e-08,-9.014196350949167e-08,-0.00018332146019062027,-0.0,-0.0,-9.045597550819748e-06,-0.00026107011758880194,-4.173562011740502e-06
722,0.09957991189491525,0.049835514900187755,0.04999999993409015,-2.01663179718964e-08,-8.920689251538402e-08,-0.00018400847852587321,-0.0,-0.0,-9.126526110206682e-06,-0.00025948362142376197,-4.142490198008746e-06
723,0.09958192561841185,0.049838007158542474,0.04999999992972718,-2.0205149581614345e-08,-8.828144867536779e-08,-0.0001846977485886808,-0.0,-0.0,-9.20752296230254e-06,-0.00025790029344695053,-4.111714777501116e-06
724,0.09958404567208011,0.049840483927408696,0.04999999992526451,-2.024438635016271e-08,-8.736576886657713e-08,-0.00018538879251062915,-0.0,-0.0,-9.288574554146972e-06,-0.0002563201745834359,-4.081232710925097e-06
725,0.09958627015139015,0.04984294653956734,0.04999999992070652,-2.028365371061802e-08,-8.645943838672129e-08,-0.0001860816564406606,-0.0,-0.0,-9.369677807059424e-06,-0.00025474330697451285,-4.051040994754159e-06
726,0.09958859696028154,0.04984539402118167,0.049999999916057816,-2.032308609454158e-08,-8.556251244506508e-08,-0.00018677618195788739,-0.0,-0.0,-9.450825574596736e-06,-0.0002531697334033819,-4.0211366474375535e-06
727,0.09959102378137075,0.049847825654546075,0.04999999991132294,-2.0362592003378067e-08,-8.467485078926838e-08,-0.00018747226776899832,-0.0,-0.0,-9.532008230673378e-06,-0.0002515994978850322,-3.99151671098134e-06
728,0.09959354857342796,0.0498502414159713,0.049999999906506415,-2.0402213063142145e-08,-8.379649795807266e-08,-0.00018816994551616143,-0.0,-0.0,-9.613220563013841e-06,-0.0002500326458813529,-3.96217823836247e-06
729,0.09959616925748362,0.04985263997940916,0.049999999901612524,-2.04420808243638e-08,-8.292758352858188e-08,-0.00018886875232661674,-0.0,-0.0,-9.694449574579703e-06,-0.00024846922430476093,-3.933118315725697e-06
730,0.09959888303650455,0.049855022056954995,0.04999999989664565,-2.0481864800956202e-08,-8.206767927101406e-08,-0.00018956873726014533,-0.0,-0.0,-9.775691174573935e-06,-0.0002469092808758387,-3.904334064534906e-06
731,0.09960168716142637,0.04985738740641102,0.04999999989161033,-2.0521670191634197e-08,-8.121685401486811e-08,-0.00019026974804578706,-0.0,-0.0,-9.856938989011002e-06,-0.00024535286358962316,-3.8758226283468944e-06
732,0.09960457850085724,0.04985973548318673,0.04999999988651105,-2.056142574931562e-08,-8.037493292373006e-08,-0.00019097168415555755,-0.0,-0.0,-9.938182178481824e-06,-0.00024380002125478576,-3.847581175413355e-06
733,0.09960755440561417,0.049862065974467386,0.0499999998813522,-2.0601164380707077e-08,-7.95419679165344e-08,-0.0001916745744036425,-0.0,-0.0,-1.0019414855801486e-05,-0.00024225080392577126,-3.819606885577145e-06
734,0.09961061220163253,0.04986437758148757,0.04999999987613796,-2.0640990896666437e-08,-7.871807685574503e-08,-0.00019237797351526884,-0.0,-0.0,-1.0100624419238508e-05,-0.00024070526271749212,-3.7918969707979638e-06
735,0.09961374847519981,0.04986667175704765,0.049999999870872544,-2.068062047408677e-08,-7.790284405804789e-08,-0.00019308192868088851,-0.0,-0.0,-1.0181806495356136e-05,-0.00023916344912884439,-3.764448678184138e-06
736,0.0996169599115383,0.049868947477213044,0.0499999998655603,-2.0720142984007163e-08,-7.70963135391655e-08,-0.0001937862959528267,-0.0,-0.0,-1.0262954072855466e-05,-0.00023762541467510436,-3.7372592771835742e-06
737,0.09962024293896184,0.04987120471486392,0.04999999986020547,-2.0759499895673342e-08,-7.629833236181904e-08,-0.00019449097780072642,-0.0,-0.0,-1.034405565947519e-05,-0.00023609121149910408,-3.710326060338146e-06
738,0.09962359450209227,0.049873443179336674,0.04999999985481224,-2.07987042891167e-08,-7.550895477345418e-08,-0.00019519599966157116,-0.0,-0.0,-1.0425105835248493e-05,-0.00023456089266375797,-3.683646333120522e-06
739,0.09962701143165091,0.049875661905162766,0.0499999998493845,-2.08378634367122e-08,-7.472826031264134e-08,-0.00019590093402255346,-0.0,-0.0,-1.0506092216503892e-05,-0.0002330345118169042,-3.657217433787837e-06
740,0.09963048986889365,0.04987786190668899,0.049999999843926196,-2.0876704912063922e-08,-7.395584223868934e-08,-0.00019660582749810853,-0.0,-0.0,-1.0587009240671124e-05,-0.00023151212275568725,-3.6310367342068015e-06
741,0.09963402624679069,0.04988004217498985,0.04999999983844139,-2.091533115235537e-08,-7.319176301722416e-08,-0.00019731054488659376,-0.0,-0.0,-1.0667850876097121e-05,-0.00022999377903556992,-3.605101627872697e-06
742,0.09963761659246563,0.04988220330156833,0.04999999983293393,-2.0953682271397434e-08,-7.24358477748564e-08,-0.0001980149912785851,-0.0,-0.0,-1.0748605123986212e-05,-0.00022847953443550707,-3.579409532302464e-06
743,0.09964125755220803,0.04988434452828402,0.049999999827407715,-2.0991739862388728e-08,-7.168814164145639e-08,-0.00019871918913403347,-0.0,-0.0,-1.0829265092197502e-05,-0.0002269694435323674,-3.5539578784796223e-06
744,0.09964494581402554,0.049886464941756255,0.049999999821866314,-2.1029629710266132e-08,-7.094873933089847e-08,-0.00019942273251780264,-0.0,-0.0,-1.0909818113874626e-05,-0.00022546356120592837,-3.528744142661653e-06
745,0.09964867720688413,0.04988856614715946,0.04999999981631327,-2.1067138971382463e-08,-7.021711400397058e-08,-0.00020012567683951,-0.0,-0.0,-1.0990254462999545e-05,-0.00022396194205962243,-3.5037658823020667e-06
746,0.09965244801187778,0.04989064690330172,0.04999999981075219,-2.1104389828476086e-08,-6.949304335838689e-08,-0.0002008278747458105,-0.0,-0.0,-1.1070577600864049e-05,-0.00022246464033467788,-3.479020621791983e-06
747,0.09965625408453958,0.049892707499435265,0.04999999980518663,-2.1141172593483967e-08,-6.877712293365071e-08,-0.00020152916176840397,-0.0,-0.0,-1.115081186630551e-05,-0.00022097171081409512,-3.4545054776889245e-06
748,0.09966009189723546,0.04989474806169552,0.04999999979962037,-2.1176864666540365e-08,-6.807218148902483e-08,-0.00020222971333990793,-0.0,-0.0,-1.1230872660233054e-05,-0.0002194832083708716,-3.4302179493107273e-06
749,0.09966395812824994,0.049896767198792956,0.04999999979405656,-2.1212912984983768e-08,-6.737215705434932e-08,-0.00020292909258009915,-0.0,-0.0,-1.1310772364651863e-05,-0.0002179991872312335,-3.4061561581835157e-06
750,0.09966784850532032,0.049898766182809084,0.04999999978849793,-2.124868366925219e-08,-6.667862176799633e-08,-0.00020362731674462384,-0.0,-0.0,-1.1390521225209345e-05,-0.00021651970170370933,-3.3823178000265528e-06
751,0.09967175921270136,0.04990074428011625,0.049999999782947654,-2.1283959929331926e-08,-6.599291902326052e-08,-0.00020432447186096608,-0.0,-0.0,-1.1470121249461823e-05,-0.000215044805112102,-3.358700432010015e-06
752,0.09967568601472958,0.04990270136215092,0.04999999977740878,-2.131879495119511e-08,-6.531497756583119e-08,-0.000205020045300511,-0.0,-0.0,-1.1549547012455698e-05,-0.00021357455111459313,-3.3353016337224826e-06
753,0.0996796256243268,0.04990463774585255,0.04999999977188439,-2.1352951213420797e-08,-6.464477482006266e-08,-0.00020571448657732408,-0.0,-0.0,-1.1628802777949277e-05,-0.0002121089936169444,-3.31211901874702e-06
754,0.09968357441595464,0.04990655212329727,0.04999999976637723,-2.1386801851092354e-08,-6.398225499628848e-08,-0.00020640708631758432,-0.0,-0.0,-1.1707819525113517e-05,-0.00021064818598457376,-3.2891506456629505e-06
755,0.09968752849726406,0.04990844597953513,0.04999999976088969,-2.142064292299816e-08,-6.332376029912286e-08,-0.00020709842068549587,-0.0,-0.0,-1.1786555587134769e-05,-0.00020919217986555788,-3.2663954486919304e-06
756,0.09969148400212068,0.049910317782260794,0.04999999975542342,-2.1455692201696906e-08,-6.266587170886801e-08,-0.0002077875989530856,-0.0,-0.0,-1.1865278677140372e-05,-0.00020774102797361017,-3.2438503119181967e-06
757,0.09969543652988445,0.04991216986714463,0.049999999749982,-2.1486804495434e-08,-6.202934234481088e-08,-0.00020847494715983247,-0.0,-0.0,-1.1943772647173114e-05,-0.00020629478423364188,-3.2215112114074505e-06
758,0.09969938307351377,0.04991400070739068,0.04999999974456949,-2.1517594653667244e-08,-6.139862788504629e-08,-0.00020916046533382617,-0.0,-0.0,-1.2022036008821053e-05,-0.00020485350041950644,-3.199376326633112e-06
759,0.0997033203568032,0.049915809892319765,0.04999999973918792,-2.1548049105876995e-08,-6.077413455172334e-08,-0.00020984380705687964,-0.0,-0.0,-1.2100061196747737e-05,-0.00020341722813973793,-3.1774436636984853e-06
760,0.09970724427966664,0.04991759821074991,0.04999999973383942,-2.1577937664693203e-08,-6.01557786227595e-08,-0.00021052533333523217,-0.0,-0.0,-1.2177681164339815e-05,-0.00020198601658091478,-3.1557126170329043e-06
761,0.09971115155087795,0.04991936412707043,0.04999999972852464,-2.1610168876764558e-08,-5.9532090124731526e-08,-0.0002112045220303669,-0.0,-0.0,-1.2255215634692736e-05,-0.0002005599149835751,-3.134181301111697e-06
762,0.09971503781512794,0.04992110914153855,0.0499999997232457,-2.1639170646526333e-08,-5.892639439303683e-08,-0.00021188106903187624,-0.0,-0.0,-1.2332537141925343e-05,-0.0001991389750512579,-3.1128455720634887e-06
763,0.09971890013154872,0.04992283391959726,0.04999999971800664,-2.166649478483256e-08,-5.8330899596086055e-08,-0.0002125555297222353,-0.0,-0.0,-1.2409595750370594e-05,-0.00019772324659238198,-3.091703044695053e-06
764,0.09972273542118139,0.04992453648320708,0.049999999712809634,-2.1693477467099238e-08,-5.7741394378127446e-08,-0.0002132271190134265,-0.0,-0.0,-1.2486382130933378e-05,-0.00019631277860041437,-3.070751747004469e-06
765,0.09972653993840225,0.04992621888437872,0.049999999707656506,-2.171945218522531e-08,-5.7158591954364854e-08,-0.00021389619175451628,-0.0,-0.0,-1.2562962708916113e-05,-0.0001949076198569292,-3.049989061221072e-06
766,0.09973031024384144,0.04992787985071957,0.049999999702549786,-2.1743679744645527e-08,-5.658659976598704e-08,-0.00021456281408872347,-0.0,-0.0,-1.2639131795484608e-05,-0.00019350781647345334,-3.029413528382264e-06
767,0.09973404311113662,0.04992951899946792,0.04999999969749036,-2.176943012073432e-08,-5.601158933075997e-08,-0.0002152266778022857,-0.0,-0.0,-1.2715012440345943e-05,-0.00019211341346385579,-3.009024389500715e-06
768,0.09973773534243316,0.049931136958547624,0.049999999692478654,-2.1794381354763695e-08,-5.544327532022073e-08,-0.0002158877779828668,-0.0,-0.0,-1.2790592722896952e-05,-0.00019072445719358028,-2.9888194965558447e-06
769,0.09974138428368998,0.04993273320505744,0.04999999968751623,-2.1818556961762242e-08,-5.4881639073801116e-08,-0.00021654582794399438,-0.0,-0.0,-1.2865864506787153e-05,-0.00018934099332537562,-2.968796824307912e-06
770,0.09974498624468779,0.049934308676071085,0.04999999968260463,-2.1841854551027375e-08,-5.4326302958298656e-08,-0.0002172008513438586,-0.0,-0.0,-1.2940820056283823e-05,-0.00018796306638817662,-2.948954386918192e-06
771,0.09974853832977366,0.04993586294589022,0.04999999967774535,-2.1864329829721803e-08,-5.3777247447361604e-08,-0.00021785297959143066,-0.0,-0.0,-1.3015461851303942e-05,-0.00018659071949843396,-2.929290223365243e-06
772,0.09975203734701092,0.04993739562030183,0.04999999967293972,-2.1886039806968402e-08,-5.323439040132198e-08,-0.00021850173456470156,-0.0,-0.0,-1.3089763078270786e-05,-0.00018522399544994403,-2.909802401158984e-06
773,0.09975548068890924,0.04993890742356069,0.04999999966818902,-2.1906830330394056e-08,-5.269759337264096e-08,-0.00021914754940365586,-0.0,-0.0,-1.316373222890756e-05,-0.00018386293673606103,-2.890489004187151e-06
774,0.09975886594548251,0.04994039765057031,0.0499999996634944,-2.192689473611655e-08,-5.2167032182322734e-08,-0.00021978971371294228,-0.0,-0.0,-1.3237345334952031e-05,-0.00018250758511165123,-2.871348141426808e-06
775,0.09976218978750027,0.04994186735023722,0.04999999965885698,-2.194596451086845e-08,-5.1642280872943384e-08,-0.00022042847481054708,-0.0,-0.0,-1.3310603201415218e-05,-0.00018115798159110098,-2.852377947399749e-06
776,0.09976544969955997,0.04994331620332462,0.04999999965427788,-2.196414260856414e-08,-5.112344663314705e-08,-0.00022106396604381278,-0.0,-0.0,-1.3383509374769956e-05,-0.00017981416535283799,-2.833576567285541e-06
777,0.09976864289439208,0.04994474387621698,0.04999999964975807,-2.1981498579245235e-08,-5.0610483963290674e-08,-0.00022169572535337843,-0.0,-0.0,-1.3456039034189034e-05,-0.0001784761750747226,-2.8149421638990383e-06
778,0.0997717670119564,0.04994615083539677,0.049999999645298464,-2.1997863968687845e-08,-5.0103292152952216e-08,-0.00022232417363178393,-0.0,-0.0,-1.3528199893015668e-05,-0.000177144049058601,-2.79647291062597e-06
779,0.09977482013410943,0.04994753649922809,0.049999999640899885,-2.2013413985919754e-08,-4.960204544295694e-08,-0.00022294863133560879,-0.0,-0.0,-1.359996942289567e-05,-0.0001758178248558274,-2.778167002334479e-06
780,0.09977779924946999,0.049948901799787324,0.049999999636563125,-2.2027900187410743e-08,-4.910636405851667e-08,-0.0002235693459081326,-0.0,-0.0,-1.3671346402274678e-05,-0.00017449753915152583,-2.7600226757062866e-06
781,0.09978070226153203,0.04995024653342443,0.04999999963228897,-2.204146472099141e-08,-4.86161778450466e-08,-0.00022418644548544776,-0.0,-0.0,-1.374233856216402e-05,-0.00017318322680359943,-2.7420381688331074e-06
782,0.0997835268079981,0.04995157028463072,0.049999999628077996,-2.2054119011263687e-08,-4.813169848578852e-08,-0.00022479948361501406,-0.0,-0.0,-1.3812922111096409e-05,-0.00017187492213557417,-2.7242116977382177e-06
783,0.09978627087774344,0.04995287378207765,0.049999999623930785,-2.2065689369589142e-08,-4.765284952807489e-08,-0.00022540887412188736,-0.0,-0.0,-1.3883103299705213e-05,-0.00017057265908439816,-2.706541497947775e-06
784,0.09978893305048246,0.04995415603909621,0.049999999619847926,-2.2076335366440187e-08,-4.71797256001376e-08,-0.00022601396391889032,-0.0,-0.0,-1.3952862970344413e-05,-0.0001692764707261665,-2.6890258276639914e-06
785,0.09979151057133856,0.04995541841601917,0.04999999961582996,-2.208582787075556e-08,-4.671201721017766e-08,-0.0002266149950410363,-0.0,-0.0,-1.4022200586115794e-05,-0.00016798638917534108,-2.6716629673517273e-06
786,0.09979400183338938,0.04995666057009844,0.049999999611877365,-2.2094288964872894e-08,-4.6249726227820356e-08,-0.00022721210794837915,-0.0,-0.0,-1.4091119196355256e-05,-0.00016670244478020596,-2.65445123198584e-06
787,0.0997964049263294,0.04995788205288803,0.04999999960799045,-2.2101795496925797e-08,-4.579272867184029e-08,-0.0002278048747614397,-0.0,-0.0,-1.4159595157742773e-05,-0.0001654246672765194,-2.6373889626940435e-06
788,0.09979871822327299,0.049959083543192805,0.049999999604169475,-2.210820738479633e-08,-4.5340942379446504e-08,-0.0002283937003303583,-0.0,-0.0,-1.4227634719037945e-05,-0.0001641530858977646,-2.6204745276903346e-06
789,0.09980094068451473,0.04996026453428303,0.049999999600414645,-2.2113691037916278e-08,-4.489436709113163e-08,-0.0002289779643201692,-0.0,-0.0,-1.4295218628183673e-05,-0.00016288772891267635,-2.6037063271624604e-06
790,0.09980306994590347,0.04996142587564768,0.04999999959672613,-2.211804746844784e-08,-4.44527164656389e-08,-0.00022955790427672438,-0.0,-0.0,-1.4362345663610147e-05,-0.00016162862366646367,-2.587082785591378e-06
791,0.09980510488081647,0.049962567365777255,0.04999999959310405,-2.212138831359428e-08,-4.401597278170171e-08,-0.00023013366349780166,-0.0,-0.0,-1.4429019234981199e-05,-0.00016037579582534826,-2.570602361871922e-06
792,0.09980704404784123,0.049963688757062336,0.049999999589548386,-2.212378504378137e-08,-4.3584033739032967e-08,-0.00023070483141743038,-0.0,-0.0,-1.4495217018385463e-05,-0.00015912927036532617,-2.554263536743433e-06
793,0.09980888612924846,0.049964790599613576,0.04999999958605909,-2.2125112500837986e-08,-4.3156820214429874e-08,-0.00023127180409622715,-0.0,-0.0,-1.4560944431158268e-05,-0.00015788907171458203,-2.538064817898532e-06
794,0.09981063057162122,0.049965872218675614,0.0499999995826361,-2.2125528599347183e-08,-4.273432333368471e-08,-0.0002318340001094502,-0.0,-0.0,-1.462617957200466e-05,-0.00015665522324815622,-2.522004778109897e-06
795,0.09981227530882403,0.04996693470759928,0.0499999995792792,-2.2124953127283154e-08,-4.231600507113323e-08,-0.000232392037205239,-0.0,-0.0,-1.469073334899693e-05,-0.00015542774598856197,-2.5060834717570004e-06
796,0.09981381975513709,0.0499679769107415,0.049999999575985866,-2.2126756652915302e-08,-4.189071039822128e-08,-0.0002329455799200137,-0.0,-0.0,-1.4754847857444536e-05,-0.00015420665964189202,-2.4903006587950473e-06
797,0.09981526280108106,0.04996899964647893,0.0499999995727545,-2.212683030177933e-08,-4.147314701392919e-08,-0.0002334942591032895,-0.0,-0.0,-1.481848755849076e-05,-0.00015299198498629131,-2.4746540616271503e-06
798,0.099816603455685,0.04997000330197801,0.04999999956958593,-2.2125261854481535e-08,-4.1062349985322136e-08,-0.0002340384689636477,-0.0,-0.0,-1.4881652009170576e-05,-0.00015178374200513806,-2.459141736433585e-06
799,0.09981784163701873,0.049970987433379216,0.04999999956648079,-2.212230540103205e-08,-4.065783686497611e-08,-0.0002345776650730565,-0.0,-0.0,-1.4944317466004553e-05,-0.00015058194963474153,-2.4437618955484803e-06
800,0.09981897567984857,0.049971952877225265,0.04999999956343945,-2.21179366048287e-08,-4.025883454729875e-08,-0.0002351120780539743,-0.0,-0.0,-1.5006479489856928e-05,-0.00014938662584230566,-2.428512871025063e-06
801,0.09982000540800151,0.049972899250647775,0.049999999560462034,-2.2112310240701153e-08,-3.986510993145134e-08,-0.0002356418565874324,-0.0,-0.0,-1.5068140390309687e-05,-0.00014819778709348157,-2.4133930784112296e-06
802,0.09982093025379565,0.04997382664392783,0.049999999557548525,-2.210552923844916e-08,-3.947637818888255e-08,-0.00023616663679640917,-0.0,-0.0,-1.512927828390915e-05,-0.00014701544899465657,-2.3984010037606272e-06
803,0.09982174952180611,0.04997473553656265,0.0499999995546988,-2.2097541576464548e-08,-3.9092349717780695e-08,-0.00023668678945779677,-0.0,-0.0,-1.5189899058548414e-05,-0.00014583962651132915,-2.3835351841536626e-06
804,0.09982246354657424,0.04997562539155659,0.04999999955191266,-2.208848291965344e-08,-3.871302485331755e-08,-0.0002372017904886702,-0.0,-0.0,-1.5249985091051561e-05,-0.000144670333628386,-2.3687942023623755e-06
805,0.09982307098294922,0.049976497162522386,0.04999999954918982,-2.2078246800027463e-08,-3.833800789722424e-08,-0.0002377118606412236,-0.0,-0.0,-1.5309535419314976e-05,-0.00014350758340565727,-2.354176679605879e-06
806,0.09982357206535103,0.04997735054439845,0.04999999954652992,-2.206690946319475e-08,-3.7967323430312476e-08,-0.0002382171441546757,-0.0,-0.0,-1.5368553857451942e-05,-0.00014235138762312458,-2.3396812618367245e-06
807,0.0998239667292295,0.04997818543112804,0.04999999954393253,-2.2054550118419187e-08,-3.760089982639885e-08,-0.0002387172899976722,-0.0,-0.0,-1.5427022884503154e-05,-0.0001412017572397702,-2.325306622206819e-06
808,0.09982425450406429,0.049979002433608255,0.04999999954139713,-2.2041069228095137e-08,-3.7238568586215344e-08,-0.00023921265746240148,-0.0,-0.0,-1.5484949675433385e-05,-0.00014005870249189086,-2.3110514538992743e-06
809,0.09982443611632817,0.049979801124791064,0.049999999538923263,-2.202657773301461e-08,-3.688042291584352e-08,-0.00023970275016370023,-0.0,-0.0,-1.5542318006883587e-05,-0.00013892223271692766,-2.2969144720010295e-06
810,0.09982451059459854,0.04998058223723506,0.04999999953651039,-2.201096464982815e-08,-3.65261716561919e-08,-0.00024018778047087448,-0.0,-0.0,-1.559912850492329e-05,-0.00013779235635695913,-2.282894412553996e-06
811,0.0998244784949442,0.049981345571902355,0.04999999953415791,-2.1994284785749372e-08,-3.6175874970981276e-08,-0.0002406678938826098,-0.0,-0.0,-1.5655384895117712e-05,-0.00013666908066997297,-2.268990024074009e-06
812,0.09982434019997653,0.04998209107817637,0.04999999953186526,-2.1976591428447437e-08,-3.582951663395515e-08,-0.0002411427575923881,-0.0,-0.0,-1.571107107617884e-05,-0.00013555241219908803,-2.2552000722713367e-06
813,0.09982409556431357,0.049982819193148426,0.049999999529631786,-2.1957819985527416e-08,-3.548696661390564e-08,-0.00024161271690343016,-0.0,-0.0,-1.5766194838955863e-05,-0.00013444235679320647,-2.241523336324787e-06
814,0.0998237456647818,0.04998352963249893,0.04999999952745687,-2.1938026644008642e-08,-3.514832271635928e-08,-0.0002420773075603329,-0.0,-0.0,-1.582074270348187e-05,-0.000133338919330551,-2.227958612003182e-06
815,0.09982328975688465,0.049984223176816917,0.04999999952533994,-2.1917133471382977e-08,-3.481331263239834e-08,-0.0002425367350788665,-0.0,-0.0,-1.5874713744256132e-05,-0.0001322421038593577,-2.2145047112097173e-06
816,0.0998227288699036,0.0499848995833695,0.0499999995232803,-2.1895183985786315e-08,-3.4482028355949634e-08,-0.0002429911436552997,-0.0,-0.0,-1.5928112722317436e-05,-0.00013115191343600804,-2.2011604556170796e-06
817,0.0998220637062858,0.04998555876789439,0.04999999952127729,-2.1872224871019502e-08,-3.415445294099391e-08,-0.0002434402191752831,-0.0,-0.0,-1.5980926406858062e-05,-0.0001300683502724935,-2.187924682106034e-06
818,0.09982129427346392,0.0499862012513115,0.04999999951933022,-2.1848201445454878e-08,-3.383044445207105e-08,-0.00024388429694912586,-0.0,-0.0,-1.6033160520657544e-05,-0.00012899141592844185,-2.1747962390268483e-06
819,0.09982042211955214,0.049986826787382366,0.049999999517438415,-2.1823161411771668e-08,-3.351012765068708e-08,-0.0002443229410045945,-0.0,-0.0,-1.60848044361704e-05,-0.0001279211110797382,-2.1617739892052172e-06
820,0.0998194466832435,0.049987436107756605,0.04999999951560123,-2.179704249640802e-08,-3.319322957620957e-08,-0.00024475654545407584,-0.0,-0.0,-1.61357629266639e-05,-0.00012685743501519107,-2.148857469252781e-06
821,0.09981836926752642,0.04998802865990995,0.04999999951381676,-2.1771496491644213e-08,-3.2874853873037306e-08,-0.00024518481142502246,-0.0,-0.0,-1.6186254590055093e-05,-0.00012580038682911995,-2.1360454120701046e-06
822,0.09981719106876397,0.04998860497058607,0.049999999512084906,-2.1742857457787177e-08,-3.2566630564487423e-08,-0.00024560770583979255,-0.0,-0.0,-1.6236138831678255e-05,-0.00012474996546270775,-2.123335772471088e-06
823,0.09981591229323727,0.049989165245226355,0.04999999951040624,-2.1713295026105395e-08,-3.226131871497012e-08,-0.0002460255465614638,-0.0,-0.0,-1.6285425461598394e-05,-0.0001237061683788826,-2.1107276313015483e-06
824,0.09981453472310259,0.04998970930371757,0.04999999950877993,-2.1682818519972927e-08,-3.1959149671746685e-08,-0.00024643792526904076,-0.0,-0.0,-1.6334106139558195e-05,-0.0001226689922285037,-2.0982199918934e-06
825,0.09981305807405999,0.04999023766529322,0.04999999950720519,-2.165134526264219e-08,-3.165996513331585e-08,-0.0002468450332053453,-0.0,-0.0,-1.6382181082632135e-05,-0.00012163843284602346,-2.0858118499706008e-06
826,0.09981148396022477,0.049990750285597914,0.04999999950568114,-2.1618899573400285e-08,-3.1363919038025294e-08,-0.0002472470105156551,-0.0,-0.0,-1.6429654888074303e-05,-0.00012061448535709433,-2.0735021941430302e-06
827,0.09980981376807475,0.0499912471228568,0.049999999504207034,-2.1585501338383712e-08,-3.107106583759265e-08,-0.0002476435806489721,-0.0,-0.0,-1.647651860202365e-05,-0.00011959714415000031,-2.0612900147699666e-06
828,0.09980804791170415,0.04999172867473101,0.04999999950278211,-2.155109555862815e-08,-3.078129854626879e-08,-0.0002480350531743843,-0.0,-0.0,-1.6522777635198146e-05,-0.00011858640299856961,-2.049174304707045e-06
829,0.0998061885050976,0.04999219469487226,0.04999999950140571,-2.1515710357785922e-08,-3.049475667643627e-08,-0.0002484210500729345,-0.0,-0.0,-1.6568424917798868e-05,-0.00011758225488625587,-2.03715406381769e-06
830,0.09980423543506689,0.049992645683517564,0.04999999950007711,-2.147933073776802e-08,-3.0211214006954684e-08,-0.0002488017564728719,-0.0,-0.0,-1.6613459889172054e-05,-0.00011658469195391828,-2.025228300449329e-06
831,0.09980219053819954,0.04999308167681299,0.04999999949879539,-2.1441960073981355e-08,-2.9930764414529185e-08,-0.0002491773141872052,-0.0,-0.0,-1.66578861827351e-05,-0.00011559370574929477,-2.0133960280672634e-06
832,0.09980005548050051,0.049993502644920286,0.04999999949755994,-2.140362404899013e-08,-2.965343240515976e-08,-0.0002495474672817338,-0.0,-0.0,-1.6701695613281703e-05,-0.00011460928717012744,-2.0016562701133205e-06
833,0.09979783088385476,0.04999390897820217,0.04999999949637006,-2.1364287049266868e-08,-2.9379091041155406e-08,-0.0002499125097727989,-0.0,-0.0,-1.6744893882527064e-05,-0.00011363142650727199,-1.990008058783174e-06
834,0.09979551901225403,0.04999430053717914,0.0499999994952251,-2.132399596752373e-08,-2.9107840924247372e-08,-0.00025027209526525283,-0.0,-0.0,-1.678747478859559e-05,-0.00011266011327730137,-1.9784504374226795e-06
835,0.09979311997209349,0.04999467776672528,0.049999999494124356,-2.1282712134555002e-08,-2.8839459829259716e-08,-0.0002506264016763945,-0.0,-0.0,-1.6829437847948552e-05,-0.00011169533621038166,-1.9669824605062084e-06
836,0.09979063577880118,0.049995040705006884,0.04999999949306702,-2.1240471568545453e-08,-2.8574024537379396e-08,-0.0002509755685128659,-0.0,-0.0,-1.687078659971128e-05,-0.00011073708351919557,-1.9556031900979254e-06
837,0.09978806829128545,0.049995389351201514,0.04999999949205246,-2.119728316761808e-08,-2.8311551594377238e-08,-0.00025131935712804405,-0.0,-0.0,-1.6911513968159053e-05,-0.00010978534281118606,-1.944311699386871e-06
838,0.09978541828337928,0.04999572406778866,0.04999999949107999,-2.1153138250332258e-08,-2.8051914873469846e-08,-0.00025165805169404676,-0.0,-0.0,-1.6951625022538785e-05,-0.00010884010116425302,-1.9331070710458936e-06
839,0.09978268823062961,0.049996044795000846,0.049999999490148966,-2.110805807883335e-08,-2.779521104890438e-08,-0.00025199133096103204,-0.0,-0.0,-1.699111549394145e-05,-0.00010790134493313493,-1.921988399189863e-06
840,0.09977987836113252,0.049996351894459945,0.049999999489258685,-2.1062041748420627e-08,-2.7541220592381507e-08,-0.00025231936835048524,-0.0,-0.0,-1.7029984485382714e-05,-0.00010696905972996669,-1.910954788998561e-06
841,0.09977699088539105,0.04999664544988663,0.04999999948840829,-2.1015103556393017e-08,-2.72900205117579e-08,-0.00025264229996395236,-0.0,-0.0,-1.706823587065133e-05,-0.0001060432307561183,-1.9000053537899995e-06
842,0.09977402780144923,0.04999692544628969,0.049999999487597174,-2.0967250228952025e-08,-2.704162167027498e-08,-0.0002529599066146217,-0.0,-0.0,-1.710586426591791e-05,-0.00010512384261482597,-1.8891392178118543e-06
843,0.09977098998528248,0.04999719225296537,0.04999999948682472,-2.091847541541521e-08,-2.6795898522173185e-08,-0.0002532724596040502,-0.0,-0.0,-1.7142874063242208e-05,-0.00010421087942660179,-1.8783555144998863e-06
844,0.09976788006504464,0.04999744584797052,0.049999999486090345,-2.0868797321343394e-08,-2.6552945784765913e-08,-0.00025357966300324137,-0.0,-0.0,-1.7179262423364654e-05,-0.00010330432466444252,-1.8676533882502714e-06
845,0.0997646983958176,0.04999768652190384,0.049999999485393354,-2.081823264899536e-08,-2.63125549158003e-08,-0.0002538816834304847,-0.0,-0.0,-1.7215028075750323e-05,-0.00010240416113181884,-1.8570319940720084e-06
846,0.09976144733193144,0.04999791435962364,0.04999999948473297,-2.0766771407634758e-08,-2.607480250935966e-08,-0.0002541786547829999,-0.0,-0.0,-1.725017589543118e-05,-0.00010151037128648281,-1.8464904950218729e-06
847,0.09975812894573405,0.04999812942035845,0.049999999484108645,-2.0714449310373158e-08,-2.5839691661383418e-08,-0.00025447037516555603,-0.0,-0.0,-1.728470145037847e-05,-0.00010062293699434633,-1.8360280644811052e-06
848,0.0997547442078413,0.04999833199542011,0.049999999483519714,-2.0661254286691503e-08,-2.5607102835483675e-08,-0.00025475710196857214,-0.0,-0.0,-1.7318608081472436e-05,-9.974183974133492e-05,-1.8256438847649829e-06
849,0.09975129588554303,0.04999852210284067,0.0499999994829656,-2.0607200021477372e-08,-2.53771338969634e-08,-0.00025503856807919346,-0.0,-0.0,-1.73518957255943e-05,-9.886706039961067e-05,-1.8153371484255702e-06
850,0.09974778437318023,0.04999870003226605,0.049999999482445684,-2.0552307437066234e-08,-2.5149575475107795e-08,-0.0002553149304873174,-0.0,-0.0,-1.7384562180741946e-05,-9.799857919050113e-05,-1.8051070579680616e-06
851,0.09974421213585656,0.049998865852420304,0.049999999481959156,-2.0496572063164958e-08,-2.4924507655330563e-08,-0.0002555863226456232,-0.0,-0.0,-1.7416612607673334e-05,-9.713637610933176e-05,-1.7949528237211423e-06
852,0.09974058133802965,0.04999901968583079,0.04999999948150551,-2.0440012700527618e-08,-2.47019343986981e-08,-0.00025585255789169816,-0.0,-0.0,-1.744804358597208e-05,-9.628043061177828e-05,-1.7848736657520229e-06
853,0.09973689301712711,0.049999161733693925,0.04999999948108413,-2.038264324251611e-08,-2.448174146876023e-08,-0.0002561138808084902,-0.0,-0.0,-1.747885823412327e-05,-9.54307218277473e-05,-1.774868812968169e-06
854,0.09973314998865679,0.04999929205271169,0.04999999948069443,-2.0324455799913014e-08,-2.4264019999000003e-08,-0.0002563700499416018,-0.0,-0.0,-1.750905790167105e-05,-9.458722832734193e-05,-1.7649375040269468e-06
855,0.09972935272953698,0.049999410884703784,0.049999999480335844,-2.0265480272197036e-08,-2.4048572732805e-08,-0.0002566212162924759,-0.0,-0.0,-1.753864081783336e-05,-9.374992806445879e-05,-1.7550789866032526e-06
856,0.09972550373473948,0.049999518362153064,0.04999999948000766,-2.0205706927693272e-08,-2.383547366858106e-08,-0.000256867508252005,-0.0,-0.0,-1.756761229522994e-05,-9.291879880952052e-05,-1.7452925159738244e-06
857,0.0997216051892757,0.04999961459516257,0.04999999947970941,-2.014516130321318e-08,-2.362472344944259e-08,-0.0002571087556530686,-0.0,-0.0,-1.7595969330621592e-05,-9.209381786081938e-05,-1.7355773567146103e-06
858,0.09971765820685317,0.049999699761208494,0.04999999947944057,-2.008384050306399e-08,-2.3416219810067837e-08,-0.00025734519071385543,-0.0,-0.0,-1.762371479648031e-05,-9.127496228047746e-05,-1.7259327816511437e-06
859,0.09971366563789481,0.049999773961797986,0.0499999994792006,-2.0021774643741506e-08,-2.3210051557844776e-08,-0.000257576597186795,-0.0,-0.0,-1.7650852005846888e-05,-9.046220860165418e-05,-1.716358072565185e-06
860,0.09970962798255567,0.04999983740422847,0.0499999994789889,-1.995896864765128e-08,-2.3006025607214698e-08,-0.0002578031153399173,-0.0,-0.0,-1.7677378616138533e-05,-8.965553277794083e-05,-1.706852520046203e-06
861,0.09970554774378407,0.04999989019331523,0.049999999478804846,-1.989541765204047e-08,-2.2804213104315458e-08,-0.00025802487254187375,-0.0,-0.0,-1.770329955075131e-05,-8.885491069915183e-05,-1.6974154222442327e-06
862,0.09970142717983503,0.049999932472811495,0.049999999478647986,-1.9831151985735326e-08,-2.260462369219616e-08,-0.0002582417167260939,-0.0,-0.0,-1.7728614015032843e-05,-8.806031781947787e-05,-1.6880460857786257e-06
863,0.09969726737471417,0.049999964402404326,0.04999999947851779,-1.976617766503044e-08,-2.240715070189584e-08,-0.00025845386557526144,-0.0,-0.0,-1.7753324610025147e-05,-8.727172934459545e-05,-1.6787438252131475e-06
864,0.09969307113986178,0.04999998611273221,0.04999999947841378,-1.970049742496655e-08,-2.2211875138958717e-08,-0.0002586611239003569,-0.0,-0.0,-1.7777435008335288e-05,-8.648912003303988e-05,-1.6695079636699805e-06
865,0.0996888390442619,0.04999999775915988,0.04999999947833542,-1.9634142944186625e-08,-2.2018621959908877e-08,-0.00025886362687658386,-0.0,-0.0,-1.7800943990487937e-05,-8.57124641038751e-05,-1.6603378321423075e-06
866,0.09968457352347565,0.04999999947780534,0.049999999478282056,-1.9567109167708094e-08,-2.1827451064321216e-08,-0.00025906149765826,-0.0,-0.0,-1.7823855673833155e-05,-8.49417357520463e-05,-1.6512327690816e-06
867,0.09968027684439913,0.04999999141027381,0.04999999947825327,-1.949941189433304e-08,-2.1638375959755806e-08,-0.00025925459872119225,-0.0,-0.0,-1.7846170680763226e-05,-8.41769087929486e-05,-1.6421921210504464e-06
868,0.09967595005812503,0.04999997369231851,0.0499999994782486,-1.9431059196823523e-08,-2.1451292044975066e-08,-0.00025944313678453204,-0.0,-0.0,-1.7867889997946855e-05,-8.341795688175522e-05,-1.6332152421254546e-06
869,0.09967159601824391,0.04999994648025545,0.049999999478267616,-1.9362061006293946e-08,-2.1266288845686687e-08,-0.0002596269379442116,-0.0,-0.0,-1.7889020356727088e-05,-8.266485326107172e-05,-1.624301494432555e-06
870,0.09966721519742688,0.049999909893185764,0.04999999947830984,-1.9292440993964017e-08,-2.1083183612590202e-08,-0.00025980612913703853,-0.0,-0.0,-1.790955860988059e-05,-8.191757067570866e-05,-1.6154502473811192e-06
871,0.09966281008344978,0.04999986407311788,0.04999999947837464,-1.922221094981433e-08,-2.0902049850773772e-08,-0.0002599808312007948,-0.0,-0.0,-1.7929509666125842e-05,-8.11760819707859e-05,-1.6066608779155245e-06
872,0.09965838288255523,0.04999980918831585,0.04999999947846166,-1.915136160892742e-08,-2.0722894782149978e-08,-0.00026015091922453683,-0.0,-0.0,-1.7948875336865056e-05,-8.044035962162532e-05,-1.5979327705820767e-06
873,0.0996539346062647,0.04999974534691862,0.04999999947857047,-1.907993152965468e-08,-2.0545617121759925e-08,-0.0002603165899409123,-0.0,-0.0,-1.7967657345462702e-05,-7.971037592790576e-05,-1.5892653168422927e-06
874,0.09964946797877118,0.04999967271207749,0.049999999478700666,-1.9007903618017224e-08,-2.0370292609074853e-08,-0.0002604776890076593,-0.0,-0.0,-1.798586152736859e-05,-7.898610286055874e-05,-1.5806579158329867e-06
875,0.09964498356823957,0.04999959140176173,0.049999999478851836,-1.893531744165517e-08,-2.0196765304878303e-08,-0.00026063433727076566,-0.0,-0.0,-1.8003485973200612e-05,-7.826751198509695e-05,-1.5721099735795258e-06
876,0.09964048374021311,0.0499995015528195,0.049999999479023394,-1.8862177483679378e-08,-2.0025095484984592e-08,-0.0002607868869827392,-0.0,-0.0,-1.802054711226548e-05,-7.755457475676521e-05,-1.5636209026679661e-06
877,0.09963597129167098,0.04999940337284874,0.049999999479215185,-1.878850492953898e-08,-1.9855315509610946e-08,-0.0002609342101588433,-0.0,-0.0,-1.8037281450832865e-05,-7.684726338998921e-05,-1.5551886364090369e-06
878,0.09963144669102453,0.04999929678095374,0.049999999479429985,-1.8710282552635586e-08,-1.969798924000833e-08,-0.00026107767431895703,-0.0,-0.0,-1.8053373059659175e-05,-7.614554977499225e-05,-1.5468115279388017e-06
879,0.09962691296253673,0.0499991821269544,0.04999999947966905,-1.8632881023241824e-08,-1.953851863031093e-08,-0.00026121661821653974,-0.0,-0.0,-1.806883234572285e-05,-7.544940432186207e-05,-1.5384901237450538e-06
880,0.09962236926806799,0.04999905942996127,0.04999999947992982,-1.8555933381398792e-08,-1.937782664721071e-08,-0.0002613516073651953,-0.0,-0.0,-1.8083695911632207e-05,-7.475879720391712e-05,-1.5302245470362534e-06
881,0.09961781926663284,0.04999892887957696,0.049999999480210236,-1.847919772564045e-08,-1.9216908467329805e-08,-0.0002614824731758563,-0.0,-0.0,-1.8097968106651658e-05,-7.407369870173679e-05,-1.5220147171224902e-06
882,0.09961326437266681,0.049998790642089876,0.04999999948050906,-1.8402466336885866e-08,-1.9056365035186936e-08,-0.0002616091205650814,-0.0,-0.0,-1.8111662242615438e-05,-7.339407905182345e-05,-1.513860413127664e-06
883,0.09960870549391591,0.04999864478888547,0.04999999948082515,-1.8325621573197287e-08,-1.8896528250059097e-08,-0.00026173169190856583,-0.0,-0.0,-1.8124783326035897e-05,-7.271990847853904e-05,-1.5057613129273868e-06
884,0.09960414521551317,0.04999849151403677,0.0499999994811577,-1.8248534725150766e-08,-1.8737820352780187e-08,-0.000261850078658466,-0.0,-0.0,-1.8137345441563608e-05,-7.205115702086592e-05,-1.4977170240281245e-06
885,0.09959958401099457,0.049998330867708746,0.049999999481506054,-1.817118611666407e-08,-1.8580297935060145e-08,-0.00026196436399169686,-0.0,-0.0,-1.8149348635948942e-05,-7.138779437719263e-05,-1.4897271065371167e-06
886,0.09959502402654548,0.04999816301359586,0.04999999948186955,-1.8093508194888618e-08,-1.8424195219569624e-08,-0.00026207488622862575,-0.0,-0.0,-1.8160811434529217e-05,-7.072979031840449e-05,-1.4817910846607859e-06
887,0.09959046795257125,0.04999798819282419,0.04999999948224799,-1.8015484588320883e-08,-1.8269669059580782e-08,-0.00026218109196432976,-0.0,-0.0,-1.8171718955731317e-05,-7.007711453004083e-05,-1.4739084632488999e-06
888,0.09958591517948417,0.04999780628737353,0.049999999482641055,-1.793707710548307e-08,-1.8116634700305667e-08,-0.0002622836079209278,-0.0,-0.0,-1.818209242084298e-05,-6.94297366937686e-05,-1.4660787335920308e-06
889,0.09958136965236669,0.049997617685955835,0.0499999994830485,-1.7858295445838192e-08,-1.7965306571695263e-08,-0.00026238186523604726,-0.0,-0.0,-1.819192234041734e-05,-6.878762631225875e-05,-1.458301381436312e-06
890,0.0995768302484511,0.04999742228154996,0.049999999483470045,-1.7779135571659274e-08,-1.7815488868581662e-08,-0.00026247642961732667,-0.0,-0.0,-1.820122708488895e-05,-6.815075253231374e-05,-1.4505758903038181e-06
891,0.09957230050972564,0.04999722036631159,0.04999999948390534,-1.7699610551554164e-08,-1.766734007566118e-08,-0.0002625671483734249,-0.0,-0.0,-1.8210001219624513e-05,-6.751908464932645e-05,-1.4429017426045483e-06
892,0.09956778150168087,0.04999701205205423,0.04999999948435439,-1.7619707952939036e-08,-1.7520849089218854e-08,-0.00026265398136330833,-0.0,-0.0,-1.8218251348373366e-05,-6.689259187290546e-05,-1.435278424504404e-06
893,0.09956327406331224,0.04999679738279632,0.049999999484816995,-1.7539448819557097e-08,-1.7375934461384734e-08,-0.00026273704524504336,-0.0,-0.0,-1.8225975286154916e-05,-6.627124345209387e-05,-1.4277054263264868e-06
894,0.09955878044440865,0.0499965765312062,0.04999999948529297,-1.745882461581817e-08,-1.7232682448547344e-08,-0.0002628162908132939,-0.0,-0.0,-1.8233186632854905e-05,-6.565500842721878e-05,-1.4201822440405175e-06
895,0.09955430097070506,0.04999634953542113,0.04999999948578207,-1.737787753729067e-08,-1.70909333901997e-08,-0.00026289177777137195,-0.0,-0.0,-1.8239879429296156e-05,-6.50438555590842e-05,-1.4127083804454281e-06
896,0.0995498375549129,0.04999611659579103,0.049999999486284016,-1.7296587457614615e-08,-1.6950757579153354e-08,-0.00026296384153326794,-0.0,-0.0,-1.824607012936721e-05,-6.443775381747656e-05,-1.4052833434475292e-06
897,0.0995453926827726,0.04999587795783501,0.04999999948679882,-1.7214989445087288e-08,-1.681218547597473e-08,-0.00026303197255287514,-0.0,-0.0,-1.8251744686462037e-05,-6.383667210119408e-05,-1.3979066486037227e-06
898,0.09954096553967617,0.0499956334260747,0.049999999487326294,-1.7133071758300953e-08,-1.6675068006308917e-08,-0.00026309675883504145,-0.0,-0.0,-1.8256922243151234e-05,-6.324057931605094e-05,-1.3905778179653514e-06
899,0.09953655973737606,0.049995383453046646,0.04999999948786624,-1.7050868227575326e-08,-1.6539527497444384e-08,-0.00026315768222251343,-0.0,-0.0,-1.82615938536183e-05,-6.264944425634699e-05,-1.3832963814386462e-06
900,0.09953217405734882,0.049995127808648315,0.04999999948841843,-1.6968376105257728e-08,-1.6405368956172866e-08,-0.00026321504271040294,-0.0,-0.0,-1.826576507930981e-05,-6.206323562610449e-05,-1.376061875811821e-06
901,0.09952781099031689,0.04999486674362716,0.04999999948898242,-1.6885607226600015e-08,-1.6272673779012818e-08,-0.0002632691631160994,-0.0,-0.0,-1.826945137474959e-05,-6.148192219691951e-05,-1.3688738443032561e-06
902,0.09952347290276337,0.0499946005878599,0.04999999948955823,-1.680258405462582e-08,-1.6141469660431886e-08,-0.000263319558961951,-0.0,-0.0,-1.827264032593883e-05,-6.090547269584088e-05,-1.3617318375424223e-06
903,0.09951915888719179,0.049994329154802675,0.049999999490145636,-1.6719316241126306e-08,-1.6011615418849905e-08,-0.00026336679556514237,-0.0,-0.0,-1.8275350001812194e-05,-6.033385588002273e-05,-1.3546354123304062e-06
904,0.0995148724029071,0.04999405285262404,0.04999999949074443,-1.6635813913539206e-08,-1.5883225400487302e-08,-0.0002634103816977163,-0.0,-0.0,-1.827757326914148e-05,-5.9767040417130375e-05,-1.3475841325776511e-06
905,0.09951061214366543,0.0499937713837588,0.04999999949135442,-1.655208605310369e-08,-1.575611606925817e-08,-0.0002634506033429549,-0.0,-0.0,-1.827931477855248e-05,-5.920499490472866e-05,-1.3405775682075054e-06
906,0.09950638046158879,0.04999348506512477,0.04999999949197516,-1.6468141757967027e-08,-1.5630365093482125e-08,-0.0002634877713167955,-0.0,-0.0,-1.82805898903613e-05,-5.864768805487642e-05,-1.333615295759061e-06
907,0.09950217955898476,0.04999319418149818,0.04999999949260665,-1.6384010633553106e-08,-1.5505996238314972e-08,-0.0002635214256875709,-0.0,-0.0,-1.828138723487316e-05,-5.809508854605317e-05,-1.32669689812152e-06
908,0.09949800845373752,0.049992898544564054,0.04999999949324865,-1.629969496687611e-08,-1.5382880233655108e-08,-0.000263552106988707,-0.0,-0.0,-1.8281723774293974e-05,-5.7547165121825606e-05,-1.3198219638892978e-06
909,0.09949387042718066,0.049992598583179414,0.04999999949390095,-1.6215199897910544e-08,-1.526112358570187e-08,-0.00026357935161946456,-0.0,-0.0,-1.8281593822083092e-05,-5.70038864623462e-05,-1.3129900881085608e-06
910,0.09948976410625976,0.04999229401662253,0.04999999949456337,-1.613054814025777e-08,-1.5140556174774903e-08,-0.0002636034326535741,-0.0,-0.0,-1.82810013340502e-05,-5.6465221203033886e-05,-1.3062008709918757e-06
911,0.09948569169491032,0.04999198520996401,0.049999999495235446,-1.60457391668591e-08,-1.5021252420970964e-08,-0.00026362464673248333,-0.0,-0.0,-1.827996087680243e-05,-5.5931138158732735e-05,-1.2994539193075854e-06
912,0.09948165526112875,0.04999167236606602,0.04999999949591716,-1.596080349581569e-08,-1.4903238012569967e-08,-0.000263642560750117,-0.0,-0.0,-1.827846343509579e-05,-5.540160610689424e-05,-1.2927488450442767e-06
913,0.09947765369884376,0.049991355272601935,0.0499999994966083,-1.5875730626027386e-08,-1.4786386100023983e-08,-0.00026365768959930397,-0.0,-0.0,-1.8276524245801144e-05,-5.487659389545885e-05,-1.2860852652786966e-06
914,0.09947369013280329,0.04999103438297259,0.0499999994973087,-1.579054567953537e-08,-1.467080096897176e-08,-0.00026366959488107025,-0.0,-0.0,-1.8274139102378106e-05,-5.435607034897372e-05,-1.2794628029463757e-06
915,0.09946976310594326,0.04999070942483403,0.049999999498018144,-1.5705255440118213e-08,-1.4556322450332539e-08,-0.0002636785371465054,-0.0,-0.0,-1.8271311807122756e-05,-5.3840004243761226e-05,-1.272881085076023e-06
916,0.09946587464522948,0.04999038061306424,0.04999999949873624,-1.5619862601008508e-08,-1.4443019712389179e-08,-0.0002636848002137857,-0.0,-0.0,-1.826805548367028e-05,-5.332836458569722e-05,-1.2663397454341352e-06
917,0.09946202669273092,0.049990048410395005,0.049999999499462974,-1.5534397611029355e-08,-1.4330920567245893e-08,-0.00026368797596482347,-0.0,-0.0,-1.826436306919232e-05,-5.2821120366840614e-05,-1.259838422270819e-06
918,0.09945821804956421,0.04998971235562191,0.04999999950019814,-1.5448853635928538e-08,-1.4219905508152952e-08,-0.00026368855303250156,-0.0,-0.0,-1.826024849519238e-05,-5.231824065037265e-05,-1.2533767582296276e-06
919,0.09945445163815475,0.049989373079120436,0.049999999500941555,-1.5363255942668726e-08,-1.41100709069057e-08,-0.00026368612031934234,-0.0,-0.0,-1.8255708630717027e-05,-5.181969450780881e-05,-1.2469544014143515e-06
920,0.09945072596118827,0.04998903019108516,0.04999999950169302,-1.5277603729051858e-08,-1.4001270660583285e-08,-0.00026368092463611824,-0.0,-0.0,-1.8250746752147006e-05,-5.132545098862298e-05,-1.2405710032094634e-06
921,0.09944704288229904,0.04998868392752818,0.04999999950245215,-1.519190641361177e-08,-1.3893569857318655e-08,-0.0002636732376791667,-0.0,-0.0,-1.8245375517549655e-05,-5.083547940336126e-05,-1.2342262216300823e-06
922,0.0994434041845133,0.04998833465238517,0.04999999950321895,-1.5106184561452e-08,-1.3786994702530827e-08,-0.00026366267494522087,-0.0,-0.0,-1.823958902330195e-05,-5.034974906067061e-05,-1.2279197186227684e-06
923,0.09943980860021528,0.04998798209397554,0.0499999995039932,-1.502044751194207e-08,-1.3681433194486288e-08,-0.00026364970022396054,-0.0,-0.0,-1.8233400759753247e-05,-4.986822933399658e-05,-1.221651160041196e-06
924,0.0994362588138586,0.04998762666820403,0.04999999950477473,-1.4934694827930507e-08,-1.3576971340065564e-08,-0.00026363392692655357,-0.0,-0.0,-1.8226807820102547e-05,-4.939088962688166e-05,-1.2154202165686978e-06
925,0.0994327533157235,0.04998726807500746,0.049999999505563386,-1.4848945632635713e-08,-1.3473478981814542e-08,-0.00026361558977544515,-0.0,-0.0,-1.8219812962811503e-05,-4.891769936752913e-05,-1.2092265618980969e-06
926,0.09942929381175065,0.049986906609016724,0.049999999506358805,-1.4763197719104222e-08,-1.3371017219223992e-08,-0.0002635949476383824,-0.0,-0.0,-1.821242861715271e-05,-4.844862826524913e-05,-1.2030698763724293e-06
927,0.09942588191080881,0.04998654260226788,0.049999999507161,-1.467747860350844e-08,-1.3269608975368758e-08,-0.00026357163785307,-0.0,-0.0,-1.820464975660822e-05,-4.798364603618618e-05,-1.1969498435850207e-06
928,0.09942251628691974,0.0499861757321271,0.04999999950796979,-1.4591778896983213e-08,-1.3169150941956634e-08,-0.0002635461002882017,-0.0,-0.0,-1.819648900644697e-05,-4.752272247980034e-05,-1.1908661507025623e-06
929,0.09941919942641385,0.049985806520912446,0.04999999950878503,-1.450612606319995e-08,-1.3069722569195392e-08,-0.000263517972718803,-0.0,-0.0,-1.818794457173773e-05,-4.706582743678489e-05,-1.1848184892024262e-06
930,0.0994159297708321,0.04998543453045944,0.04999999950960653,-1.4420524275626982e-08,-1.2971203090314365e-08,-0.0002634874767568374,-0.0,-0.0,-1.8179018549822838e-05,-4.661293078950246e-05,-1.178806553142017e-06
931,0.09941270886847269,0.049985060157985726,0.04999999951043393,-1.4334973427473597e-08,-1.2873650293893914e-08,-0.00026345485964861286,-0.0,-0.0,-1.816972310954214e-05,-4.616400272074503e-05,-1.1728300431239574e-06
932,0.09940953816101414,0.04998468355083857,0.04999999951126725,-1.4249493020913727e-08,-1.277708453481751e-08,-0.0002634197807348209,-0.0,-0.0,-1.8160054044056975e-05,-4.5719013427512907e-05,-1.166888662433129e-06
933,0.09940641627571528,0.04998430452259713,0.049999999512106354,-1.4164082292566864e-08,-1.2681410393390706e-08,-0.0002633826567345986,-0.0,-0.0,-1.815002350710886e-05,-4.527793319031191e-05,-1.1609821176066929e-06
934,0.09940334547383331,0.049983923546413615,0.04999999951295106,-1.4078768183335119e-08,-1.2586698497013511e-08,-0.00026334314776015256,-0.0,-0.0,-1.813962944088096e-05,-4.484073236353662e-05,-1.1551101192945743e-06
935,0.09940032420935146,0.049983540245591825,0.0499999995138012,-1.3993541378611173e-08,-1.2492843194882891e-08,-0.0002633014628105065,-0.0,-0.0,-1.8128874704006288e-05,-4.440738135782429e-05,-1.1492723802853967e-06
936,0.09939735381752075,0.04998315489097379,0.04999999951465646,-1.3908414057030155e-08,-1.2399892464850143e-08,-0.0002632578376304498,-0.0,-0.0,-1.8117769830748024e-05,-4.3977850894852525e-05,-1.1434686198529534e-06
937,0.0993944356340781,0.049982767821689394,0.04999999951551684,-1.382340264820462e-08,-1.2307870409869858e-08,-0.0002632119525711492,-0.0,-0.0,-1.810631212414349e-05,-4.3552111740925566e-05,-1.1376985597158505e-06
938,0.09939156822041847,0.04998237868365446,0.049999999516382225,-1.3738499372881708e-08,-1.2216686107385335e-08,-0.0002631642025289653,-0.0,-0.0,-1.8094512801786047e-05,-4.313013474422192e-05,-1.1319619242899191e-06
939,0.0993887536522357,0.04998198791307617,0.049999999517252494,-1.3653725574639248e-08,-1.2126405101747779e-08,-0.000263114268317554,-0.0,-0.0,-1.8082370558730386e-05,-4.2711890844500535e-05,-1.1262584418079846e-06
940,0.09938599035455245,0.04998159521665393,0.0499999995181275,-1.3569089543949958e-08,-1.2036930130615005e-08,-0.00026306234664236525,-0.0,-0.0,-1.8069887949733628e-05,-4.229735104777194e-05,-1.1205878423093359e-06
941,0.09938327949963445,0.04998120081178583,0.04999999951900694,-1.348459235093131e-08,-1.194830488238765e-08,-0.00026300866042991303,-0.0,-0.0,-1.8057074715999995e-05,-4.1886486688148074e-05,-1.1149498623244616e-06
942,0.09938062228025252,0.049980805101587304,0.049999999519890787,-1.3400254335838284e-08,-1.1860552667216158e-08,-0.00026295291300079877,-0.0,-0.0,-1.8043929797711233e-05,-4.1479269138106895e-05,-1.1093442403569995e-06
943,0.09937801719470918,0.0499804076589595,0.04999999952077891,-1.331606682869154e-08,-1.1773585629544228e-08,-0.0002628954753593661,-0.0,-0.0,-1.8030463063149184e-05,-4.107566984715647e-05,-1.103770717206461e-06
944,0.09937546613438014,0.049980008927555185,0.04999999952167119,-1.3232052987542186e-08,-1.1687465787436043e-08,-0.00026283604777550443,-0.0,-0.0,-1.801667323110842e-05,-4.067566039719172e-05,-1.0982290375170415e-06
945,0.0993729675234347,0.04997960867977785,0.04999999952256749,-1.3148204794027192e-08,-1.1602106304208282e-08,-0.00026277481833110683,-0.0,-0.0,-1.8002563274286336e-05,-4.027921244945058e-05,-1.0927189473919085e-06
946,0.09937052237791039,0.04997920696537404,0.04999999952346755,-1.3064539523343853e-08,-1.1517545679890321e-08,-0.0002627119975532902,-0.0,-0.0,-1.7988142268036478e-05,-3.988629798468227e-05,-1.087240199179487e-06
947,0.09936813173626069,0.049978804341212296,0.04999999952437134,-1.2981065248420772e-08,-1.1433804629558228e-08,-0.0002626473065424531,-0.0,-0.0,-1.797340971663606e-05,-3.9496889035303115e-05,-1.0817925470327509e-06
948,0.09936579407060454,0.049978400374528456,0.049999999525278754,-1.289778493068497e-08,-1.135080269491322e-08,-0.00026258109601575195,-0.0,-0.0,-1.7958374330758505e-05,-3.911095773660678e-05,-1.0763757472795255e-06
949,0.09936351111373946,0.04997799550407371,0.04999999952618965,-1.2814706110868974e-08,-1.1268598777247717e-08,-0.0002625130857554848,-0.0,-0.0,-1.7943035929899973e-05,-3.872847636922076e-05,-1.070989559753524e-06
950,0.09936128126560301,0.049977589354431994,0.049999999527103926,-1.2731836365017495e-08,-1.1187111941177132e-08,-0.00026244345120362644,-0.0,-0.0,-1.7927397251082127e-05,-3.83494172861058e-05,-1.0656337453989524e-06
951,0.09935910537823411,0.04997718219863573,0.04999999952802128,-1.2649185223800477e-08,-1.11063754457919e-08,-0.0002623723942443576,-0.0,-0.0,-1.7911467082532647e-05,-3.7973753153820814e-05,-1.0603080713049257e-06
952,0.09935698435211719,0.04997677442980886,0.04999999952894171,-1.2566757460031399e-08,-1.1026408222546417e-08,-0.0002622996536323421,-0.0,-0.0,-1.789524569991946e-05,-3.7601456685016736e-05,-1.0550123057802613e-06
953,0.09935491662204282,0.04997636545924502,0.04999999952986511,-1.2484552519653547e-08,-1.094713499702453e-08,-0.0002622255581564755,-0.0,-0.0,-1.787874032290461e-05,-3.723250071106609e-05,-1.0497462191836445e-06
954,0.09935290376521178,0.049975955920032324,0.0499999995307914,-1.2402584532009971e-08,-1.0868612418837495e-08,-0.00026214984727573805,-0.0,-0.0,-1.7861951134003582e-05,-3.686685824094127e-05,-1.044509585469533e-06
955,0.09935094419285673,0.04997554540425117,0.04999999953172043,-1.232085773797112e-08,-1.0790767657781392e-08,-0.0002620726866318946,-0.0,-0.0,-1.78448810327185e-05,-3.6504502361681064e-05,-1.0393021795236073e-06
956,0.0993490386075951,0.0499751342467706,0.04999999953265197,-1.2239376030993366e-08,-1.0713628912143954e-08,-0.00026199426471784675,-0.0,-0.0,-1.782753826598591e-05,-3.614540646462797e-05,-1.0341237820333793e-06
957,0.09934718776887647,0.04997472266768313,0.049999999533586,-1.2158150461198807e-08,-1.0637213612023151e-08,-0.0002619143395315697,-0.0,-0.0,-1.780992355930278e-05,-3.578954399723917e-05,-1.0289741747254212e-06
958,0.09934539011209848,0.049974310366115667,0.049999999534522395,-1.2077184795585195e-08,-1.0561452616196502e-08,-0.000261833219654312,-0.0,-0.0,-1.7792043412215254e-05,-3.5436888536948646e-05,-1.0238531413021837e-06
959,0.09934364704862511,0.04997389773967098,0.04999999953546105,-1.1996486243333772e-08,-1.0486398403352214e-08,-0.00026175066232591763,-0.0,-0.0,-1.777389911394022e-05,-3.508741382614446e-05,-1.0187604685775607e-06
960,0.09934195695262436,0.04997348435174036,0.04999999953640183,-1.1916055678330335e-08,-1.0411980974399415e-08,-0.00026166682328180284,-0.0,-0.0,-1.7755492786156653e-05,-3.4741093681644966e-05,-1.013695944048671e-06
961,0.0993403204164104,0.04997307059567781,0.04999999953734455,-1.18358969293183e-08,-1.0338227880339203e-08,-0.0002615818797355377,-0.0,-0.0,-1.7736831652320304e-05,-3.43979022506914e-05,-1.0086593611082022e-06
962,0.09933873810215856,0.049972656672994026,0.04999999953828915,-1.1756025720356989e-08,-1.026515765533187e-08,-0.0002614956057322783,-0.0,-0.0,-1.7717917667060247e-05,-3.4057813738591364e-05,-1.0036505139031842e-06
963,0.09933720840126643,0.049972242233258274,0.04999999953923556,-1.1676434918738135e-08,-1.0192702774220217e-08,-0.00026140829074387925,-0.0,-0.0,-1.7698755892784674e-05,-3.372080248357751e-05,-9.986691983844565e-07
964,0.09933573260271589,0.049971827758502174,0.049999999540183665,-1.1597141784035136e-08,-1.0120914849650607e-08,-0.000261319709459371,-0.0,-0.0,-1.7679348711563786e-05,-3.33868429967829e-05,-9.937152135127661e-07
965,0.09933430905684884,0.049971412800309985,0.04999999954113335,-1.1518138785909389e-08,-1.0049726610575944e-08,-0.0002612300083241799,-0.0,-0.0,-1.7659697490158686e-05,-3.305590986467067e-05,-9.887883587106906e-07
966,0.09933293826715331,0.04997099774789566,0.04999999954208442,-1.143943614870561e-08,-9.979165724010862e-09,-0.0002611393517823191,-0.0,-0.0,-1.7639809446424793e-05,-3.272797800179945e-05,-9.83888439086486e-07
967,0.09933162074209526,0.049970582740395356,0.049999999543036834,-1.1361046268528132e-08,-9.909246311647142e-09,-0.00026104753202135675,-0.0,-0.0,-1.761968655340367e-05,-3.2403022381259695e-05,-9.790152603537196e-07
968,0.09933035490295145,0.04997016760420567,0.04999999954399051,-1.1282958384991273e-08,-9.839907961851326e-09,-0.0002609548194176159,-0.0,-0.0,-1.7599333703451477e-05,-3.208101811153899e-05,-9.741686298077145e-07
969,0.09932914186778441,0.049969752544610585,0.04999999954494531,-1.1205199951291456e-08,-9.77119666550607e-09,-0.0002608610043351688,-0.0,-0.0,-1.7578752735247963e-05,-3.1761940485483426e-05,-9.693483575943138e-07
970,0.09932798003488492,0.04996933726143935,0.04999999954590111,-1.1127752422649913e-08,-9.703053839210894e-09,-0.00026076622279199287,-0.0,-0.0,-1.755794537226474e-05,-3.1445764886643e-05,-9.645542543563488e-07
971,0.09932686977388672,0.049968922079754875,0.04999999954685772,-1.1050628663411907e-08,-9.635502289998711e-09,-0.00026067063170034634,-0.0,-0.0,-1.753691820806328e-05,-3.113246701378801e-05,-9.597861362029948e-07
972,0.09932581150532376,0.04996850730251068,0.049999999547815116,-1.0973837045085276e-08,-9.568555537979766e-09,-0.0002605740359991281,-0.0,-0.0,-1.75156739179336e-05,-3.082202262642466e-05,-9.550438195260005e-07
973,0.09932480364089433,0.04996809237651717,0.049999999548773204,-1.0897372222574943e-08,-9.502157189409641e-09,-0.00026047668944396475,-0.0,-0.0,-1.7494216083171144e-05,-3.0514407630823684e-05,-9.503271222791343e-07
974,0.0993238471896401,0.04996767792700968,0.04999999954973186,-1.0821249092588197e-08,-9.4363511375986e-09,-0.0002603783965216575,-0.0,-0.0,-1.7472547565177128e-05,-3.0209598121806835e-05,-9.456358653183657e-07
975,0.09932294053953329,0.049967263559299875,0.04999999955069101,-1.074545942867941e-08,-9.371081570632227e-09,-0.0002602792835852213,-0.0,-0.0,-1.7450670109391913e-05,-2.9907570261899913e-05,-9.409698693492565e-07
976,0.09932208394089309,0.04996684938867157,0.049999999551650444,-1.0670017278137091e-08,-9.306368047112772e-09,-0.0002601794993822265,-0.0,-0.0,-1.7428589262848392e-05,-2.960830052741909e-05,-9.363289603506243e-07
977,0.0993212777437706,0.049966435705307066,0.049999999552610114,-1.0594922975860693e-08,-9.242224967733663e-09,-0.00026007886184332046,-0.0,-0.0,-1.7406307571761495e-05,-2.9311765485066526e-05,-9.317129649900427e-07
978,0.09932052039516898,0.04996602225378475,0.04999999955356992,-1.0520177393073227e-08,-9.178601202283383e-09,-0.00025997760864031626,-0.0,-0.0,-1.7383828938369592e-05,-2.9017941841729428e-05,-9.271217113615154e-07
979,0.09931981274099912,0.04996560932824977,0.049999999554529787,-1.0445787020552998e-08,-9.115533880330989e-09,-0.00025987555916458395,-0.0,-0.0,-1.736115602955156e-05,-2.872680648232384e-05,-9.225550300739764e-07
980,0.09931915321589413,0.0499651967406948,0.049999999555489616,-1.0371748812680177e-08,-9.052974039626365e-09,-0.00025977283116567824,-0.0,-0.0,-1.7338290294294376e-05,-2.843833637814458e-05,-9.180127516833223e-07
981,0.09931854198716117,0.04996478465569361,0.04999999955644924,-1.0298070364658215e-08,-8.990939793143116e-09,-0.0002596695616654844,-0.0,-0.0,-1.7315237286393963e-05,-2.815250880034835e-05,-9.134947115885258e-07
982,0.09931797928981285,0.04996437319568686,0.04999999955740859,-1.0224766293184438e-08,-8.929442960678552e-09,-0.000259565583363194,-0.0,-0.0,-1.729199920214033e-05,-2.786930111758021e-05,-9.090007456409801e-07
983,0.0993174636252364,0.04996396221788292,0.04999999955836755,-1.0151818205664638e-08,-8.86843945776324e-09,-0.00025946111731798454,-0.0,-0.0,-1.7268580120798873e-05,-2.758869084161732e-05,-9.045306909984251e-07
984,0.09931699569206984,0.04996355201389607,0.04999999955932607,-1.0079241988459404e-08,-8.807960770797547e-09,-0.000259355995857188,-0.0,-0.0,-1.7244982735264743e-05,-2.73106556476956e-05,-9.000843868831063e-07
985,0.09931657395872136,0.049963142160173835,0.049999999560284045,-1.00070346827681e-08,-8.747962873750009e-09,-0.0002592503294082062,-0.0,-0.0,-1.722120834400924e-05,-2.7035173301013644e-05,-8.956616724491028e-07
986,0.09931619850993034,0.04996273294106878,0.04999999956124129,-9.935201023006428e-09,-8.688461207057139e-09,-0.00025914424621344465,-0.0,-0.0,-1.7197261896972504e-05,-2.6762221860329782e-05,-8.912623916795309e-07
987,0.09931586950462439,0.04996232445652544,0.049999999562197785,-9.863748860218703e-09,-8.629466653713346e-09,-0.00025903759271977164,-0.0,-0.0,-1.717314606230032e-05,-2.6491779481278393e-05,-8.868863889073756e-07
988,0.0993155854689166,0.04996191657275165,0.04999999956315343,-9.792667147151772e-09,-8.570938406798997e-09,-0.00025893057159319356,-0.0,-0.0,-1.714886353894218e-05,-2.6223824475238383e-05,-8.825335098559088e-07
989,0.09931534701573173,0.04996150969504528,0.04999999956410814,-9.721974806851467e-09,-8.51290735265537e-09,-0.0002588230294044727,-0.0,-0.0,-1.7124417567323964e-05,-2.5958335331757863e-05,-8.782036024675456e-07
990,0.09931515264613065,0.049961103386662396,0.049999999565061834,-9.651656087300748e-09,-8.455332376664195e-09,-0.0002587150666663462,-0.0,-0.0,-1.7099809905311175e-05,-2.5695290611553214e-05,-8.738965141625711e-07
991,0.099315002338644,0.04996069773637905,0.049999999566014364,-9.581726782376811e-09,-8.398225128857632e-09,-0.0002586068046097825,-0.0,-0.0,-1.707504424409781e-05,-2.5434669163584093e-05,-8.696120971335891e-07
992,0.0993148962196399,0.049960293300575206,0.04999999956696564,-9.512189463359479e-09,-8.341597684676458e-09,-0.0002584981011000275,-0.0,-0.0,-1.7050123978751088e-05,-2.5176449946076217e-05,-8.65350204051095e-07
993,0.09931483283289137,0.04995988955795386,0.049999999567915614,-9.443032562188905e-09,-8.28541188721445e-09,-0.0002583891435726217,-0.0,-0.0,-1.702505172222567e-05,-2.4920612050956844e-05,-8.611106883676873e-07
994,0.09931481266685149,0.04995948682585212,0.049999999568864195,-9.374274269027382e-09,-8.229694110618218e-09,-0.00025827979170744763,-0.0,-0.0,-1.6999830156838807e-05,-2.4667134750394605e-05,-8.568934056990864e-07
995,0.09931483429860995,0.04995908481558239,0.04999999956981127,-9.305905944889345e-09,-8.174409543114603e-09,-0.00025817013862166065,-0.0,-0.0,-1.6974460936207728e-05,-2.4415997405705407e-05,-8.526982115012017e-07
996,0.09931489763891846,0.04995868384510865,0.04999999957075671,-9.237927020577236e-09,-8.119567470220039e-09,-0.00025806029560194793,-0.0,-0.0,-1.6948947965417418e-05,-2.416717964348887e-05,-8.485249655027732e-07
997,0.09931500272318901,0.04995828401251206,0.04999999957170047,-9.170353316897916e-09,-8.065177698839989e-09,-0.0002579501319679914,-0.0,-0.0,-1.6923294082307413e-05,-2.392066119984952e-05,-8.443735276467103e-07
998,0.09931514816090226,0.04995788496316004,0.04999999957264244,-9.103169893461797e-09,-8.011207349095541e-09,-0.000257839822392183,-0.0,-0.0,-1.689750176412093e-05,-2.3676421954241823e-05,-8.402437588771935e-07
999,0.09931533434504138,0.04995748707802717,0.049999999573582546,-9.036389656673802e-09,-7.957679150566086e-09,-0.00025772923741494805,-0.0,-0.0,-1.68715735451534e-05,-2.3434441964860515e-05,-8.3613552227061e-07
