frame,reward_tracking_lin_vel,reward_tracking_ang_vel,reward_tracking_height,cost_lin_vel_z,cost_ang_vel_xy,cost_joint_velocity,cost_action_nn,cost_action_rate,cost_feet_slip,cost_leg_base_angle,cost_delta_com_feet_velocity,cost_orientation
0,0.001930454136227711,0.5,0.9996956471151509,-0.0,-0.0,-8.72194757946256e-08,-0.060966260731220245,-0.0,-3.222641404652982e-08,-1.9256099397934907e-09,-6.802022926405294e-07,-3.786449638102155e-07
1,0.0018908242480558293,0.4998376431723963,0.9996987654959131,-4.698918088217048e-06,-0.0003031092863710633,-3.2108895415118775e-07,-0.026797359809279442,-0.03221135213971138,-5.733127965508375e-08,-1.5846047110234043e-08,-1.8273772135958557e-05,-4.552938465806339e-06
2,0.0018990962479460696,0.49988486913169883,0.9997071320631427,-1.3669185645500297e-05,-0.0006547099912135787,-9.379388069166512e-07,-0.017836807295680046,-0.01319811213761568,-4.96106391525453e-08,-1.5064155983426135e-07,-5.6376176236482456e-05,-1.6344957873055056e-05
3,0.001936795238934119,0.49999044193168335,0.9997192037697761,-2.309332736759246e-05,-0.0008202342022086624,-1.652890625172935e-06,-0.009574536234140396,-0.011246459558606148,-3.6569015549998335e-08,-4.7652690404320227e-07,-8.829506050618324e-05,-3.642437119327757e-05
4,0.0019793457038777148,0.499715873449958,0.9997336412385838,-2.9998774499960618e-05,-0.0008063961596766529,-2.5144322744751156e-06,-0.008915875107049942,-0.000320642429869622,-2.6455118551451353e-08,-9.843920373959024e-07,-0.00011681065370276283,-6.383708656694314e-05
5,0.002020760743276554,0.49918447895135465,0.9997494077799498,-3.5667788113835067e-05,-0.0008007109741474091,-3.4356814176815344e-06,-0.008446888998150826,-0.0005995193496346474,-1.9231364618788517e-08,-1.6452844842740874e-06,-0.00014519824476427436,-9.893795665219811e-05
6,0.0020543809276811573,0.498610752361652,0.9997658663939312,-4.0332137139742385e-05,-0.0008488071930742158,-4.364358245276026e-06,-0.007829496636986732,-0.0006208545528352261,-1.4130939685346902e-08,-2.417643309002657e-06,-0.000176022472763574,-0.00014326133856605545
7,0.0020808462535236195,0.4981738779027888,0.9997825339861043,-4.397277516733908e-05,-0.000926055564763439,-5.3324067671102545e-06,-0.007015017792582512,-0.00041707573109306395,-1.0535220616968856e-08,-3.249404638145109e-06,-0.00021060702345002038,-0.00019850304187928172
8,0.0021031830869892806,0.4979710223074952,0.9997990395313784,-4.6541587404152914e-05,-0.0010104709217578962,-6.39584186283754e-06,-0.006342305801808834,-0.00029065398848615587,-8.383018480000264e-09,-4.0893189522000295e-06,-0.00024944831581401344,-0.0002662930603836625
9,0.0021226927022079552,0.4980111268004347,0.9998151107104255,-4.8198143129825864e-05,-0.0011014321298101946,-7.597481163130111e-06,-0.005831528455018997,-0.0001963063405128196,-7.430081391219593e-09,-4.89647273372738e-06,-0.0002934484553090334,-0.0003483248930291604
10,0.0021405104032926428,0.4982451566908379,0.9998305592759624,-4.906751771534159e-05,-0.001198243919984763,-8.956874831120286e-06,-0.005485469475388527,-0.00011770118726417422,-7.356480999579578e-09,-5.643176900034319e-06,-0.00034267415833018957,-0.0004462822640683488
11,0.0021574664260954717,0.49859750283253945,0.9998452590677006,-4.925107931082109e-05,-0.0013004338988036274,-1.0472627807248913e-05,-0.0052751279436051846,-6.387480243574828e-05,-7.947436906591849e-09,-6.3141898860879165e-06,-0.00039666268669372737,-0.0005618259081287547
12,0.0021741001032361163,0.49899248493443515,0.9998591300758298,-4.88385814623689e-05,-0.0014077734206953284,-1.2132377358008377e-05,-0.005153526086360216,-3.417095649638213e-05,-8.898482358289336e-09,-6.903993689477422e-06,-0.0004548214357797095,-0.0006966072541277623
13,0.002190790122706437,0.49936725487227407,0.9998721272333657,-4.791826678778972e-05,-0.0015198600575857674,-1.391680477605449e-05,-0.0050874133594334126,-1.8903416275861673e-05,-9.979006271492745e-09,-7.413654660647515e-06,-0.0005165011805248333,-0.0008522771428015868
14,0.002207792223426761,0.4996758392049099,0.9998842321169624,-4.657312917494428e-05,-0.0016359724999115755,-1.580459726441195e-05,-0.005053963977843523,-1.1593680937949102e-05,-1.099064106940596e-08,-7.848135753533232e-06,-0.0005810889169030776,-0.0010304905170507362
15,0.0022252603128442095,0.499888833261689,0.999895446531739,-4.488502585740939e-05,-0.0017553639470916922,-1.77734741425468e-05,-0.00503678061068058,-7.761791493976489e-06,-1.175400447758394e-08,-8.21426093959305e-06,-0.0006480172370963113,-0.0012329036473052142
16,0.002243289779460549,0.4999911619039937,0.9999057874121245,-4.292715895047497e-05,-0.0018770929781890824,-1.980307547972261e-05,-0.005025649908930063,-5.679238256561803e-06,-1.213314121705035e-08,-8.51935530570862e-06,-0.0007167916471415764,-0.001461165897368916
17,0.002261926282233146,0.49997926216787064,0.9999152827598942,-4.076875238589306e-05,-0.00200035422013083,-2.187443544067278e-05,-0.005013884045183659,-4.222561528877122e-06,-1.2057350063120213e-08,-8.770439622357236e-06,-0.0007869643674905941,-0.0017169099026267177
18,0.002281188992169926,0.49985785271189564,0.9999239684219076,-3.8469379394614324e-05,-0.0021242731442037794,-2.3975883928865297e-05,-0.004997767508029938,-3.1815595775697147e-06,-1.1525448410892496e-08,-8.973867891776089e-06,-0.0008581893185366982,-0.0020017359995265467
19,0.0023010624096831463,0.4996362734948451,0.9999318848998492,-3.608082466614321e-05,-0.0022480426796260815,-2.6097593757324785e-05,-0.004974681418389082,-2.425773800496245e-06,-1.0586191040129002e-08,-9.135196480763874e-06,-0.0009301423235927958,-0.0023171947725012026
20,0.0023215442288935123,0.4993253375384384,0.9999390750636389,-3.364794806723671e-05,-0.002370732153371949,-2.822873149224105e-05,-0.004943982232362032,-1.9042757912757224e-06,-9.324868136329412e-09,-9.259200930614851e-06,-0.0010024744856745556,-0.00266476501039341
21,0.0023426519570382913,0.4989362712086682,0.9999455835710777,-3.1210415003224786e-05,-0.002491430152736164,-3.035811159848685e-05,-0.004906104877591133,-1.5693990462750662e-06,-7.862148412192987e-09,-9.349915959616729e-06,-0.0010748393838835937,-0.0030458395376079354
22,0.0023644171474651423,0.49848041684250766,0.9999514563162745,-2.8802135969853415e-05,-0.002609291114482659,-3.2474741941003794e-05,-0.004862450063228607,-1.3561459581978852e-06,-6.338747806705206e-09,-9.410719054282867e-06,-0.0011469017247749873,-0.0034617145271756754
23,0.002386881150912022,0.4979690447898178,0.9999567396803118,-2.645090481585479e-05,-0.002723561199045353,-3.4568366485622847e-05,-0.004815184511244297,-1.2090999916836154e-06,-4.931856803849664e-09,-9.444439053992412e-06,-0.0012183470755647847,-0.0039135828147203395
24,0.002410092048056871,0.4974130855481174,0.999961479753432,-2.417878083282225e-05,-0.0028336093762224034,-3.6629384570184255e-05,-0.004766431637108326,-1.0918535053860978e-06,-3.776629105063279e-09,-9.453462130505615e-06,-0.0012888725093640966,-0.004402530660362619
25,0.0024340975011696276,0.4968228378395926,0.9999657216343135,-2.200256456065896e-05,-0.0029389231674417852,-3.864932600312815e-05,-0.004717979580163956,-9.942021961251157e-07,-3.1904243038883117e-09,-9.439824132661995e-06,-0.0013582159784284993,-0.0049295390146486245
26,0.002458948049327942,0.49620773139084523,0.9999695088780661,-1.9935289716807966e-05,-0.003039163224724623,-4.061797529133628e-05,-0.0046715461649000645,-9.011134238789964e-07,-3.5101264929589103e-09,-9.4052883755306e-06,-0.0014260919357935227,-0.005495486399866937
27,0.00248469307900468,0.4955769712004692,0.9999728831565374,-1.7985417920410868e-05,-0.0031340701788581853,-4.252726514850357e-05,-0.004628185648471117,-8.174957315532083e-07,-5.007425990075362e-09,-9.351416718819004e-06,-0.0014922495396369761,-0.006101152962383104
28,0.002511371565301379,0.49493881256731853,0.9999758839070376,-1.6157897296334848e-05,-0.003223541639201699,-4.437187801331213e-05,-0.004588352981954813,-7.507952091145853e-07,-7.952671879454182e-09,-9.279643242377762e-06,-0.0015564926958939746,-0.006747223304965312
29,0.002539028670649248,0.49430004335669436,0.9999785479497001,-1.4454350925132771e-05,-0.003307449439856115,-4.614815003716559e-05,-0.004552431870251894,-6.960797236388316e-07,-1.2759668032924688e-08,-9.191318218613648e-06,-0.0016186378981699577,-0.007434285766682136
30,0.0025677047280702266,0.4936659190965923,0.9999809093162431,-1.287479203042194e-05,-0.003385741227783325,-4.7853253463909845e-05,-0.004520345013588667,-6.574510962309432e-07,-1.967210400188232e-08,-9.087729848742951e-06,-0.0016785103896324568,-0.008162835173391333
31,0.0025974318005386786,0.4930406250402594,0.9999829992330207,-1.141724551035136e-05,-0.003458397264808257,-4.948630032848911e-05,-0.004491020459681749,-6.22802474481432e-07,-2.8978019807222702e-08,-8.970113671574178e-06,-0.0017359887629376603,-0.00893327479005829
32,0.002628246525073253,0.49242740881320535,0.999984846212088,-1.007916982139172e-05,-0.003525441892472299,-5.117460858900604e-05,-0.004463730379939079,-6.098263156673056e-07,-4.08051241821619e-08,-8.839869489376492e-06,-0.001795284589809138,-0.009746302728612518
33,0.0026608482775361065,0.4917748660483984,0.9999864751084299,-8.828310589736104e-06,-0.003593503405171512,-5.263079036464043e-05,-0.00444374792277813,-5.882126856704417e-07,-1.274851377251575e-07,-8.698069515407872e-06,-0.0018477741672118257,-0.010602289977673547
34,0.0026940074177677687,0.4911922120954725,0.9999879099244178,-7.748712089696437e-06,-0.0036512802320258233,-5.386113922724401e-05,-0.004463016055524349,-4.6764784201513976e-05,-1.1906232044533977e-07,-8.545528277402473e-06,-0.0018918905594872484,-0.011500658787946445
35,0.0027275529343889575,0.49067784062664993,0.9999891706913291,-6.683919776997035e-06,-0.003695331684277117,-5.520446066291943e-05,-0.004351303447037935,-3.726597788045183e-05,-1.2316764923096003e-07,-8.383207960038922e-06,-0.001937877098109372,-0.012441186230998887
36,0.0027631877548612476,0.4901945839744373,0.9999902766655788,-5.780441164791192e-06,-0.0037384793735931554,-5.643131359327848e-05,-0.004338185302913189,-1.933920975716319e-05,-1.3799243113289093e-07,-8.212714274749357e-06,-0.0019801877033672026,-0.013423094466713456
37,0.002801296243083825,0.4897125398034134,0.9999912462674527,-4.931862291436636e-06,-0.0037599179548562533,-5.764856090372444e-05,-0.004324736073613167,-2.514552033971995e-05,-1.59787596097543e-07,-8.035137014172726e-06,-0.002019226541661748,-0.014446182731268298
38,0.002839486555533082,0.4892234292989907,0.9999920954546454,-4.227446680801109e-06,-0.003793685011383314,-5.879633085938392e-05,-0.004290115088224411,-5.857340283910162e-07,-1.8776444499635608e-07,-7.85073706665971e-06,-0.0020580770438446776,-0.015511193737169932
39,0.002879122393408565,0.48875381616111857,0.9999928395968986,-3.6037297166949436e-06,-0.0038216135017960645,-5.9873047020294336e-05,-0.0042534396052360535,-6.899927029735409e-07,-2.2107392159105786e-07,-7.660327281007904e-06,-0.002093960920051856,-0.01661770078815005
40,0.0029202568540864942,0.4883025300379085,0.9999934908197022,-3.053420321837654e-06,-0.003843445429048396,-6.088091462855002e-05,-0.00421480368822813,-6.247474857445923e-07,-2.5922533667051863e-07,-7.464780311255786e-06,-0.0021268742632821456,-0.017765152024997066
41,0.0029629624161517107,0.48787114857298736,0.9999940598977732,-2.5708525683896327e-06,-0.003859231815482023,-6.182258801628629e-05,-0.00416912604123354,-7.256701906044327e-07,-3.0205135313013144e-07,-7.264914896469351e-06,-0.0021568581326523433,-0.018952877871574493
42,0.003007308770267496,0.48746004934597975,0.9999945564344142,-2.150329251232249e-06,-0.003868884114689829,-6.270039125984403e-05,-0.004120537545531988,-7.205958922895661e-07,-3.493907466751515e-07,-7.061486113770862e-06,-0.0021839595682885816,-0.020180086570393087
43,0.0030533811912623506,0.48707033702594604,0.9999949889653778,-1.7862343772426786e-06,-0.0038724270604087153,-6.351588654028777e-05,-0.004068034701049328,-7.707596410000406e-07,-4.011929935664436e-07,-6.855220459083225e-06,-0.0022081953267289126,-0.021445874282034406
44,0.003101253726249541,0.4867028093626701,0.9999953650537619,-1.4730253879455886e-06,-0.0038699183365255765,-6.427000683611444e-05,-0.004011637531220913,-8.291771109725232e-07,-4.5742514090222285e-07,-6.646788675436303e-06,-0.002229586011390726,-0.022749226445043576
45,0.003150999835513256,0.486358148337429,0.9999956913798091,-1.2054516513466222e-06,-0.00386143076626829,-6.496393152692982e-05,-0.003951256163418293,-8.989758839561546e-07,-5.180513866133267e-07,-6.43681401059728e-06,-0.0022481672384649662,-0.02408901948844154
46,0.0032026977722372503,0.4860369375987415,0.9999959738339739,-9.785195623107131e-07,-0.0038470519301729376,-6.559877802978298e-05,-0.003886985592544079,-9.744634326125379e-07,-5.830256467465979e-07,-6.225876202755564e-06,-0.0022639792769833145,-0.02546402371384227
47,0.003256428659613323,0.4857397218285752,0.9999962176012721,-7.875326112485955e-07,-0.0038268927478601446,-6.617549076456069e-05,-0.003818840254098177,-1.060981389855442e-06,-6.522822543477314e-07,-6.014516660051205e-06,-0.0022770626325042936,-0.02687290622636667
48,0.003312276143199042,0.48546693738756225,0.9999964272399701,-6.281096812717114e-07,-0.0038010730945068675,-6.669542340902924e-05,-0.003746958216652274,-1.1555100627447246e-06,-7.257543478554483e-07,-5.8032416372223884e-06,-0.0022874770367595754,-0.02831423406042346
49,0.0033703300744489977,0.48521890549093644,0.999996606750772,-4.961548314948677e-07,-0.003769733850172207,-6.71594035316859e-05,-0.0036714866291731596,-1.2575389973790152e-06,-8.033437705968931e-07,-5.592523113337498e-06,-0.0022952691884884743,-0.029786477903307546
50,0.0034306802337115416,0.4849958467420522,0.9999967596425465,-3.879451377720048e-07,-0.00373302627557916,-6.756844443535884e-05,-0.0035925614647567272,-1.3674912224814761e-06,-8.850058031752274e-07,-5.382802343896164e-06,-0.0023004972035711906,-0.03128801609701699
51,0.0034934218030856063,0.4847978992252141,0.9999968889947044,-3.0009086107682846e-07,-0.003691120890592821,-6.80703799064567e-05,-0.003510457696393132,-1.4773621614949661e-06,-9.721073410553975e-07,-5.1743792486290084e-06,-0.0023080463484279785,-0.03281716518743553
52,0.0035598145654531137,0.48456605859727453,0.9999969969278223,-2.237581742693124e-07,-0.0036443319660375666,-6.866687377229715e-05,-0.003430580487474799,-1.4439530104937148e-06,-1.0656073640738736e-06,-4.967402642814242e-06,-0.0023178018222298944,-0.034372215765326425
53,0.0036299774678502567,0.4842995124484053,0.9999970847211216,-1.589495501693553e-07,-0.003593152084321817,-6.935922254542924e-05,-0.0033534211106598377,-1.4410024959943257e-06,-1.1664652789092672e-06,-4.7619627173940826e-06,-0.0023298039725802087,-0.03595142706839454
54,0.003704053176743098,0.48399580580553586,0.9999971534600621,-1.0548899690477688e-07,-0.0035378843558081124,-7.015161912275546e-05,-0.003284970996901393,-1.1953386547247646e-06,-1.2754912755593337e-06,-4.558128433432834e-06,-0.0023441430303022094,-0.03755309089220743
55,0.003782182548379037,0.48365484729304553,0.9999972040582958,-6.331050193268475e-08,-0.0034794838732873333,-7.104503199617683e-05,-0.003220170270651579,-1.1371720347597147e-06,-1.3936367870373332e-06,-4.355969950826368e-06,-0.002360862541275981,-0.03917554219134081
56,0.003864530876591472,0.4832739495982905,0.9999972372637871,-3.20908377002315e-08,-0.0034182012864767716,-7.10972381395222e-05,-0.0031587183475494385,-1.0976469866363914e-06,-1.4993170681767915e-06,-4.1562289142881926e-06,-0.002348840262644637,-0.04081729280421414
57,0.003942873729665205,0.4832161461744979,0.9999972573163816,-2.0954695675122677e-08,-0.0033564087080865273,-7.139431076941159e-05,-0.0030541932210326195,-2.168037826777436e-05,-1.6393066812086508e-06,-3.959597987786149e-06,-0.0023447906171469575,-0.042476695614037184
58,0.004026761301226867,0.4830828827454677,0.9999972689833599,-1.3744478950400634e-08,-0.003291008047356399,-7.145690475165531e-05,-0.002999326214194298,-2.2327119495457737e-06,-1.7406246164809477e-06,-3.766561615910784e-06,-0.0023334501323445524,-0.04415219930750579
59,0.004112617314641363,0.48300161244416967,0.9999972739604934,-1.034071122490873e-08,-0.0032257881503889962,-7.134826665829151e-05,-0.0028993745800107718,-1.6901549315662123e-05,-1.8564146513742154e-06,-3.5774791562940054e-06,-0.002317162966829768,-0.04584244585443532
60,0.004200179730250383,0.48294075930874014,0.9999972730996746,-7.695846685175597e-09,-0.0031592444473116064,-7.119301193255929e-05,-0.00276108062826097,-5.149304342921823e-06,-1.977261544893532e-06,-3.392383756107946e-06,-0.002299875391501114,-0.04754522005410329
61,0.00429155758613799,0.48293828622878365,0.9999972667409668,-5.823562477494474e-09,-0.003086861772165424,-7.095285028697616e-05,-0.002631246345117688,-1.2097307262592949e-05,-2.096789249410315e-06,-3.2116653957430233e-06,-0.002279235728042955,-0.04925655248770623
62,0.004387831193529701,0.48298001163841886,0.9999972550686527,-3.801789498494875e-09,-0.0030006125851119486,-7.067693987754218e-05,-0.0025235151406377554,-3.333453605591785e-06,-2.2175918238471234e-06,-3.035705896884189e-06,-0.002255217143167262,-0.050972605072021754
63,0.004488038945346438,0.48304961498385196,0.9999972383507021,-2.611724235834029e-09,-0.0029115567212333235,-7.03667637498351e-05,-0.002413562498986721,-3.629581215136568e-06,-2.3388736507088125e-06,-2.8646576057663566e-06,-0.0022297415978740644,-0.052690864338534586
64,0.004592362563643554,0.48314597146931415,0.9999972173881513,-1.9782709669384007e-09,-0.00281990023753745,-7.002067425183984e-05,-0.0023045993875712156,-3.7153488392505096e-06,-2.460007473244034e-06,-2.6986314264549407e-06,-0.002202805226124763,-0.05440876649854036
65,0.004700967054631006,0.48326648218388296,0.9999971929283401,-1.7203446820465716e-09,-0.0027258576450435498,-6.963779056981524e-05,-0.002197426976636052,-3.7615343444485916e-06,-2.5804901001288504e-06,-2.5377224268741987e-06,-0.002174419044316786,-0.056123720509315855
66,0.004814016848421851,0.48340887820824757,0.9999971656595666,-1.7516488667320724e-09,-0.0026297659313298852,-6.92181126549164e-05,-0.0020909891463816166,-3.924353222828358e-06,-2.7000008180370257e-06,-2.3820078421096557e-06,-0.002144632285951661,-0.057833118033572536
67,0.004931690392816662,0.4835704874967736,0.9999971362192202,-2.0570605826302652e-09,-0.002531876524158868,-6.876203091927263e-05,-0.0019859038293361664,-4.043703029310564e-06,-2.818155186887813e-06,-2.231547647495394e-06,-0.002113500638548008,-0.05953432999531316
68,0.005054180365579479,0.4837490674754933,0.9999971052004827,-2.67962914497267e-09,-0.002432472097404239,-6.82702882963561e-05,-0.0018824442522600293,-4.154175712756114e-06,-2.9345984293777453e-06,-2.0863904558094648e-06,-0.0020810860851145268,-0.06122471766222121
69,0.0051816894088248765,0.4839425114783932,0.9999970731556558,-3.702504008823055e-09,-0.0023318400489710485,-6.774318592108656e-05,-0.0017808955162763596,-4.251564405421959e-06,-3.0489675365042225e-06,-1.9465728411129868e-06,-0.002047436391544192,-0.0629016386733649
70,0.005314424308215611,0.4841488200289791,0.9999970405969538,-5.2405427803457555e-09,-0.0022302667344187756,-6.722106394735337e-05,-0.0016814806731417775,-4.342707143223379e-06,-3.201901308728168e-06,-1.8121104074525188e-06,-0.002012748176509814,-0.06456213003477454
71,0.0054523156884822704,0.4843642058729537,0.9999970078565853,-6.435247314049944e-09,-0.0021263149103921282,-6.707571388315702e-05,-0.0016095973551273346,-7.032488065306097e-05,-3.453720150076434e-06,-1.6828313330439753e-06,-0.0019882003139453405,-0.06620304160149199
72,0.005600237290349507,0.484479771837458,0.9999969765816424,-1.0345885650941725e-08,-0.0020214415850070035,-6.704141960812435e-05,-0.0015799005050212145,-6.065381967346184e-06,-3.7368071146693734e-06,-1.5585139135533422e-06,-0.0019667914045294077,-0.06782142644935787
73,0.005755985620489459,0.4845016745617451,0.9999969487448912,-1.613414580340665e-08,-0.0019157144670830606,-6.66640234177345e-05,-0.0015754852211102843,-3.741304317372851e-05,-3.7268284298129443e-06,-1.4391779215373295e-06,-0.0019365011278276649,-0.06941937067091977
74,0.005911369998361842,0.4845567346190128,0.9999969256899017,-2.9502490494405213e-08,-0.0018335617981734274,-6.597594125848213e-05,-0.0014330613194033504,-5.425847848528065e-05,-3.7718995727935674e-06,-1.3249292859022382e-06,-0.0019017741589741786,-0.0709983792308576
75,0.006070978547461564,0.4846592586316907,0.9999969068401879,-4.098260421950736e-08,-0.0017461312925580827,-6.52435248357896e-05,-0.0012940163724124432,-1.1499932043079752e-05,-3.847654829106059e-06,-1.215795060181601e-06,-0.0018648261715662937,-0.07255419161052085
76,0.006237749919599807,0.48481278153171187,0.9999968904930223,-5.30451049003668e-08,-0.001654911593574207,-6.439345221412756e-05,-0.0011601925361901522,-3.5578090319177136e-05,-3.922406449291668e-06,-1.1119358075328948e-06,-0.0018239848206802734,-0.07408070908286228
77,0.006413916549051304,0.48501141602266795,0.9999968755206793,-6.069566218456085e-08,-0.001551440977879315,-6.35225143831333e-05,-0.0010816175490617752,-4.63970354758203e-06,-4.002888147358091e-06,-1.0134989592084968e-06,-0.001779664193628327,-0.07557263730525356
78,0.006597282729686286,0.485224313292161,0.9999968611280937,-6.963508533928357e-08,-0.0014496277106104199,-6.26301058860486e-05,-0.0010052901925519109,-4.6534687498933636e-06,-4.0832701013977195e-06,-9.204282170570593e-07,-0.0017347999108828461,-0.07702765603049871
79,0.006788154726397559,0.48545170636954543,0.99999684762452,-8.007346384052999e-08,-0.0013498302710946595,-6.171255797328603e-05,-0.0009323169942945242,-4.6803447730781045e-06,-4.1605163510661015e-06,-8.326451514207831e-07,-0.0016893607541257694,-0.07844347560643228
80,0.00698685081236777,0.4856887847970449,0.999996835296912,-9.200951155784345e-08,-0.00125205665671252,-6.076684787617523e-05,-0.0008636728161945939,-4.513794010563288e-06,-4.232665618219015e-06,-7.500601766486996e-07,-0.0016432914440820078,-0.07981780504781058
81,0.007193682573649062,0.4859326855186631,0.9999968243789411,-1.0546871295915674e-07,-0.0011565313804153138,-5.979180414013993e-05,-0.0007985379197634757,-4.553241069515934e-06,-4.29883018791839e-06,-6.725753887048018e-07,-0.0015965995461471325,-0.08114838631844007
82,0.007408987763760484,0.48617974566453787,0.9999968150610301,-1.2045062817086237e-07,-0.0010633997910211327,-5.878703348126241e-05,-0.0007371524698100984,-4.50048310085549e-06,-4.358293293873105e-06,-6.000846431597272e-07,-0.0015493125272509382,-0.08243299740603677
83,0.007633121146050766,0.48642752346695345,0.9999968074983411,-1.3697288530390346e-07,-0.0009728877638024891,-5.775272207740596e-05,-0.0006795766530558467,-4.433842150319833e-06,-4.410687437364222e-06,-5.324779339675806e-07,-0.001501470590758609,-0.08366947801922733
84,0.007866451120444618,0.4866738583052098,0.9999968018151516,-1.5499108259489535e-07,-0.000885211819142867,-5.666592685124923e-05,-0.0006260508671402931,-4.36557684224681e-06,-4.470437158997616e-06,-4.6964192826852296e-07,-0.0014530659740057928,-0.084855976844496
85,0.008109653676651585,0.4869181523185805,0.9999967982102955,-1.776719011380009e-07,-0.0008012821728130655,-5.5419968796423156e-05,-0.0005624884506687522,-2.557754487497732e-05,-4.48738511229569e-06,-4.1147229685203604e-07,-0.001400556307297033,-0.08598989430878543
86,0.008360502521293299,0.48719336275547936,0.9999967958771372,-1.9157346627074555e-07,-0.0007182846391295188,-5.4306258064112754e-05,-0.0005093012005090714,-2.6749123207991943e-05,-4.508143941067405e-06,-3.5783209885452703e-07,-0.0013511120797735966,-0.08706850712669448
87,0.0086242502113485,0.4874580690347666,0.9999967947244329,-2.1256794558186932e-07,-0.0006392989147466546,-5.310750330028009e-05,-0.00046741534606553614,-1.2207432519062422e-05,-4.513178517970233e-06,-3.0863083152987e-07,-0.0013000486650122554,-0.08808884159569845
88,0.008900109461956065,0.4877159528127183,0.9999967951109633,-2.291618517977656e-07,-0.0005613221284113155,-5.193785901262232e-05,-0.00044942725799046457,-1.5967030776664615e-05,-4.522681097903826e-06,-2.637389594483348e-07,-0.0012489350248834322,-0.08904976976126196
89,0.009185284776962966,0.4879426120858153,0.9999967972155892,-2.5456903551285106e-07,-0.0004918542489277424,-5.073700304429404e-05,-0.0004142151155974716,-3.829375145869562e-06,-4.5247465428769e-06,-2.229651649505252e-07,-0.0011989735552275632,-0.08995155273826298
90,0.009482182769041165,0.48815845064624974,0.9999968016962012,-2.8112945350016634e-07,-0.00042642492022068303,-4.950436222915017e-05,-0.00038380673504434526,-3.7955460356897675e-06,-4.518871417769448e-06,-1.86165887903541e-07,-0.0011486918808902766,-0.09079259425611513
91,0.009791261257054136,0.48836007821162514,0.9999968084767417,-3.08461998542776e-07,-0.0003651406168229555,-4.824081860774811e-05,-0.0003569354594219476,-3.577626102924114e-06,-4.5045145308988364e-06,-1.5319711800269176e-07,-0.0010981429099569742,-0.09157139927537722
92,0.010112978683914869,0.4885485718897022,0.9999968174451848,-3.36440701627802e-07,-0.00030826933961341233,-4.694853810823455e-05,-0.00033367646392434835,-3.5264010875835083e-06,-4.481722195209995e-06,-1.2391248667844345e-07,-0.0010474331561137675,-0.09228661140872133
93,0.010447855555643993,0.4887230805118969,0.9999968284806803,-3.6489501607914365e-07,-0.00025596507281873605,-4.5629011348266e-05,-0.00031381711596623063,-3.345558980072383e-06,-4.450266733669638e-06,-9.816301253339787e-08,-0.0009966473619340572,-0.09293700201579796
94,0.010796412431886884,0.48888424042912293,0.9999968414532946,-3.936609603126512e-07,-0.00020843396024855076,-4.428348131373717e-05,-0.00029745156643912196,-3.223243311367696e-06,-4.4101249614432444e-06,-7.579818371299099e-08,-0.0009458664242773454,-0.09352149570795185
95,0.011159185255709385,0.48903209669176656,0.9999968562274045,-4.225830567043487e-07,-0.00016583827407095708,-4.2913625827887614e-05,-0.0002844849368557334,-3.1058143576956354e-06,-4.361329398984507e-06,-5.666510033497247e-08,-0.0008951830637212935,-0.09403915810559618
96,0.011536738676622277,0.489166829834177,0.9999968726620607,-4.51470003168054e-07,-0.00012832800519102324,-4.152140994810571e-05,-0.0002748411789070815,-2.9812629236403154e-06,-4.303932950667366e-06,-4.0608767088519627e-08,-0.0008446967774750541,-0.09448920512160741
97,0.011929657941958938,0.48928870135479574,0.9999968906129884,-4.801700362719569e-07,-9.604447797335137e-05,-4.01089076401048e-05,-0.00026839273050427437,-2.8613162612600718e-06,-4.238033373706229e-06,-2.747239125323127e-08,-0.0007945120069824877,-0.09487101453242387
98,0.01233854711747219,0.48939813727329373,0.9999969099385951,-5.085522273232407e-07,-6.91150551084789e-05,-3.867892724210101e-05,-0.00026503618573769927,-2.7297689939587144e-06,-4.163805974147442e-06,-1.709755524764232e-08,-0.0007447517605532102,-0.09518413798048014
99,0.012764041081075591,0.48949567109776354,0.9999969305033318,-5.364991996997775e-07,-4.765270004839241e-05,-3.723422318238521e-05,-0.0002646232023835182,-2.599118488433305e-06,-4.081416209059477e-06,-9.324480939381985e-09,-0.0006955388874607252,-0.09542831447663161
100,0.013206794134563868,0.48958203335243394,0.9999969521833767,-5.639591403900075e-07,-3.1752016787725e-05,-3.5778242578389005e-05,-0.00026698512374423444,-2.4590663088019937e-06,-3.991121438078098e-06,-3.992214515857658e-09,-0.0006470124216287728,-0.09560348496378226
101,0.013667491216865236,0.489658138661326,0.9999969748718536,-5.908985509203202e-07,-2.148562014315131e-05,-3.431469860186844e-05,-0.00027192156994715333,-2.3140264602261595e-06,-3.893214118353364e-06,-9.387330700290714e-10,-0.0005993181590981302,-0.09570980971976582
102,0.014146842317688481,0.48972513026582665,0.9999969984820294,-6.173363929428753e-07,-1.6899198772506757e-05,-3.284763993287504e-05,-0.0002792055020108819,-2.1708899566874607e-06,-3.788033842406042e-06,-1.1075712911408676e-12,-0.0005526085416021772,-0.09574768484435274
103,0.0146455858618556,0.4897844235535342,0.9999970229527481,-6.433497416421937e-07,-1.8005711291572982e-05,-3.1381434089571576e-05,-0.0002885660214815289,-2.0274671896913787e-06,-3.6759727918132297e-06,-1.0156229580244166e-09,-0.0005070417737581723,-0.09571776045661215
104,0.015164485928263033,0.4898377248112695,0.9999970482518652,-6.690520030767226e-07,-2.477918028370832e-05,-2.9920565523062195e-05,-0.00029972806805744767,-1.8960361103381729e-06,-3.5575233213038824e-06,-3.817876672415078e-09,-0.00046277521795921433,-0.0956209593716955
105,0.0157043284186383,0.4898870380783824,0.999997074381402,-6.946446977255622e-07,-3.7147567219847055e-05,-2.8469941054321926e-05,-0.00031237563234753907,-1.7726176793075865e-06,-3.432857578913297e-06,-8.242882087447146e-09,-0.00041997609387412735,-0.0954585002298957
106,0.01626594431546658,0.4899346399415003,0.9999971013843715,-7.204671945341101e-07,-5.4979613216296646e-05,-2.703345345075369e-05,-0.00032633161754347384,-1.7307609141425928e-06,-3.3030199021376373e-06,-1.4125168952713221e-08,-0.0003787813231286546,-0.09523189802955981
107,0.0168501191526463,0.489983412001014,0.9999971293335145,-7.46535459649896e-07,-7.810095776860261e-05,-2.561798784102425e-05,-0.00034099837648682296,-1.62861033459194e-06,-3.1684874201877846e-06,-2.129897865767751e-08,-0.0003393784207797317,-0.09494299442125917
108,0.017457780090742097,0.49003590656607643,0.9999971583486272,-7.735559349117037e-07,-0.00010623107441721343,-2.422658434666991e-05,-0.0003566196246538311,-1.677890168139129e-06,-3.0296853007943158e-06,-2.9598338440645452e-08,-0.0003018865314458198,-0.09459397215779669
109,0.01808976061703803,0.490095350280948,0.9999971885950166,-8.017106927091874e-07,-0.00013906034353677554,-2.2864255959576674e-05,-0.00037224413244985044,-1.5945377072057454e-06,-2.8875023187886555e-06,-3.885745132059279e-08,-0.00026643821532728825,-0.09418736999187857
110,0.018746866922699505,0.4901645812942359,0.999997220275999,-8.317338666979033e-07,-0.0001760903327835688,-2.1534347646066825e-05,-0.00038829000550322235,-1.7084892078855773e-06,-2.742586847663467e-06,-4.891129388629891e-08,-0.00023314661292789355,-0.093726079488438
111,0.01942996582137537,0.4902468896999219,0.9999972536343491,-8.639475612597817e-07,-0.00021683716505233475,-2.0240078830939402e-05,-0.00040436696144752204,-1.7763746882337728e-06,-2.5957454660422195e-06,-5.9595947520115664e-08,-0.00020209379433965485,-0.09321330730387667
112,0.02013986918468798,0.4903450901001312,0.9999972889327118,-8.988412659981102e-07,-0.00026068769220861655,-1.8984004752762636e-05,-0.0004202266864012927,-1.8292666936758906e-06,-2.447798841895152e-06,-7.07494365209759e-08,-0.00017334701869463017,-0.09265258105840801
113,0.020877344830911502,0.49046153888779753,0.9999973264533263,-9.369391419802103e-07,-0.00030692959472600954,-1.7767838699366892e-05,-0.000435535708675161,-1.8404035699859378e-06,-2.2994849002078293e-06,-8.221272481425968e-08,-0.00014695101869515673,-0.0920477318940667
114,0.021643092055664587,0.49059792226078364,0.9999973664886462,-9.787859757502343e-07,-0.00035474538852294744,-1.6592076782237533e-05,-0.00044998180237598717,-1.7863525272332481e-06,-2.1515870276677533e-06,-9.383086456501724e-08,-0.00012292289350555104,-0.09140285797011902
115,0.022437714554763306,0.4907552031251398,0.9999974093265784,-1.024836890468991e-06,-0.00040324995086484883,-1.5456803892554194e-05,-0.0004631750925909728,-1.6912604223762173e-06,-2.004915129302975e-06,-1.0545434029431834e-07,-0.00010126431397994626,-0.09072227156364807
116,0.02326175313946223,0.4909333868492201,0.999997455233112,-1.0754595900907268e-06,-0.00045150261650252205,-1.4361242942240445e-05,-0.0004747974453493953,-1.5629219660695526e-06,-1.860216905993453e-06,-1.1694054754769183e-07,-8.195759322482887e-05,-0.09001044215522735
117,0.02411565786655274,0.49113149230004405,0.9999975044351533,-1.1309035714389265e-06,-0.0004985443348703045,-1.3304238862452348e-05,-0.0004843150672968477,-1.4266480548030813e-06,-1.718237087262829e-06,-1.2815522075432646e-07,-6.49740720662478e-05,-0.08927194063234345
118,0.024999774215490652,0.4913473960945973,0.9999975571072598,-1.191379862497492e-06,-0.0005433848457893018,-1.2284295798858956e-05,-0.000491378188598901,-1.3388795423452393e-06,-1.5796880723908771e-06,-1.3897401844876533e-07,-5.027937980888863e-05,-0.08851138462508062
119,0.025914346484357597,0.4915779010202774,0.9999976133604694,-1.2569785376233779e-06,-0.0005850475266243875,-1.1299714271762513e-05,-0.0004958146600984037,-1.3554355291489628e-06,-1.4452131349007403e-06,-1.4928394494389358e-07,-3.783671868682935e-05,-0.08773337852020602
120,0.026859521414385884,0.4918188339688084,0.999997673232961,-1.3277168421718148e-06,-0.0006226021837644454,-1.0348979344573933e-05,-0.0004977423814125359,-1.532054284325568e-06,-1.3154108487744965e-06,-1.5898463079333609e-07,-2.761407147111459e-05,-0.08694245229826002
121,0.02783536801846963,0.49206514219590247,0.9999977366815697,-1.4034231147312691e-06,-0.000655204132091932,-9.430822621255805e-06,-0.0004976000054739416,-1.9203168903914047e-06,-1.1908055843018281e-06,-1.6798952068714043e-07,-1.9587144992620684e-05,-0.0861430028773269
122,0.0288418776340803,0.49231106713154466,0.9999978035752642,-1.4838043035519853e-06,-0.0006821222614957819,-8.544496539353755e-06,-0.0004962589591741562,-2.554799038989586e-06,-1.0718481432859195e-06,-1.7622669071665175e-07,-1.3744844278970275e-05,-0.08533923890725922
123,0.029878989482509496,0.49255025302793193,0.9999978736942436,-1.5684139294082778e-06,-0.0007027781301767742,-7.689948661699872e-06,-0.0004950189031660557,-3.462976337686996e-06,-9.589090002433541e-07,-1.8363939509716841e-07,-1.009339248627725e-05,-0.08453513086023923
124,0.03094659984939968,0.49277594313746087,0.9999979467311528,-1.656641210240046e-06,-0.0007167670903325633,-6.867982295667734e-06,-0.0004956038319505751,-4.64930144516984e-06,-8.522671730640666e-07,-1.9018618542351178e-07,-8.660553938499559e-06,-0.08373436893406783
125,0.03204458161953498,0.4929811070891687,0.9999980222966773,-1.7477517661948976e-06,-0.0007238804759609229,-6.08060011561348e-06,-0.0005001546232961118,-6.10316692473134e-06,-7.521358093881949e-07,-1.958407185936361e-07,-9.499691857489081e-06,-0.08294032838385981
126,0.03317281998165661,0.49315854044766533,0.9999980999272149,-1.8408217525002464e-06,-0.0007241157655422941,-5.331040153787779e-06,-0.0005111508653499186,-7.793219083396252e-06,-6.585558696435435e-07,-2.0059117650516585e-07,-1.2692224383208287e-05,-0.08215604676418117
127,0.034331230803812396,0.4933009308946833,0.9999981790959217,-1.9348694897095778e-06,-0.0007176684241650078,-4.6239281916470936e-06,-0.0005312997964210808,-9.697538189357147e-06,-5.717511529455524e-07,-2.0443921279651743e-07,-1.8350821949837097e-05,-0.08138419903132618
128,0.035519773758954126,0.49340093418747244,0.9999982592248969,-2.0286282410578636e-06,-0.0007049690426275718,-3.965851819626502e-06,-0.0005632234970107675,-1.1537764294189401e-05,-4.91696843137546e-07,-2.0739842257434462e-07,-2.661647433251997e-05,-0.08062710991410495
129,0.036738567011847356,0.4934510876540741,0.9999983397089391,-2.1212339365784337e-06,-0.0006865375158623604,-3.364580747914207e-06,-0.0006095217540860176,-1.3459473848342896e-05,-4.183174612849025e-07,-2.0949200360293983e-07,-3.766050445279911e-05,-0.07988677825836489
130,0.03798780934589478,0.4934439155585208,0.9999984199390519,-2.21168188198182e-06,-0.0006630784767129454,-2.8297698091535637e-06,-0.0006717307842336595,-1.5098581570782699e-05,-3.5159099633328767e-07,-2.1075054925879462e-07,-5.167501830621824e-05,-0.0791648902365663
131,0.03926790766873702,0.493371666674284,0.999998499322087,-2.2993017499056955e-06,-0.0006353383072967192,-2.3722900248887857e-06,-0.0007507074042223394,-1.6333080566255376e-05,-2.914450320666458e-07,-2.1120971054427497e-07,-6.886825005091124e-05,-0.07846282804182904
132,0.04057955946042734,0.4932264906898796,0.9999985773013285,-2.3834129480675084e-06,-0.000604218915707857,-2.004107290266392e-06,-0.0008456007926724851,-1.699639869912062e-05,-2.378240535243303e-07,-2.109075006102145e-07,-8.945559014844016e-05,-0.07778165918392937
133,0.04192378639218174,0.49300024047229696,0.9999986533715131,-2.4635788190757264e-06,-0.0005706562524189739,-1.737728067585535e-06,-0.0009536666329950094,-1.6962525478447787e-05,-1.906804469503385e-07,-2.0988207436986567e-07,-0.00011364666484282392,-0.07712211188879221
134,0.0433020046922533,0.49268450592262897,0.9999987270918447,-2.5394427933001803e-06,-0.0005356296760738614,-1.585588587255179e-06,-0.0010701664723455906,-1.6204323401325382e-05,-1.499635348909203e-07,-2.0817002625935522e-07,-0.00014163754203846065,-0.07648450232994304
135,0.0447160907903153,0.492270804970432,0.9999987980899756,-2.610577876449408e-06,-0.0005001693950152536,-1.5594489296881789e-06,-0.0011885915882885456,-1.4831918633717578e-05,-1.1560729632990927e-07,-2.0580542181572865e-07,-0.0001736031066340536,-0.07586861169797435
136,0.046168452920871295,0.49175092552904015,0.9999988660556176,-2.676147028866461e-06,-0.00046536889865961744,-1.6698161137541393e-06,-0.0013012816198170185,-1.3129717444826383e-05,-8.750121856864025e-08,-2.0281950586971955e-07,-0.00020970071250989532,-0.0752735232554797
137,0.04766205974489421,0.49111757958084296,0.9999989307265251,-2.734770538487603e-06,-0.00043238142635339244,-1.925545444127946e-06,-0.0014005783013999462,-1.1609349712671246e-05,-6.548738383475017e-08,-1.992408064625623e-07,-0.00025007674562948915,-0.07469744446963378
138,0.04920043366776781,0.490365182726051,0.9999989918715214,-2.7843639135758704e-06,-0.00040239591062478516,-2.333635541207515e-06,-0.0014804102247580886,-1.0902291251113638e-05,-4.9403643971625954e-08,-1.950955446737737e-07,-0.00029488023514632447,-0.07413755580963646
139,0.050787544618888236,0.48949072668722277,0.9999990492734488,-2.822204825418753e-06,-0.000376578405595693,-2.8992383945790756e-06,-0.0015380512923002243,-1.151907599705737e-05,-3.909262922904567e-08,-1.9040816231547178e-07,-0.0003442732631027283,-0.07358994560869402
140,0.05242758094013809,0.4884942186004446,0.9999991027189904,-2.845349285901851e-06,-0.00035596735286722427,-3.6258118473399045e-06,-0.0015754698542878032,-1.3502414731192403e-05,-3.435405361265805e-08,-1.8520188231711864e-07,-0.0003984305264703059,-0.07304968970728148
141,0.05412458509406684,0.4873786959163526,0.9999991519975928,-2.851155873046305e-06,-0.00034136086466066563,-4.515522205769189e-06,-0.0015991972759366035,-1.615248947928194e-05,-3.5014454209041753e-08,-1.7949914415010652e-07,-0.0004575363114420468,-0.07251110924919549
142,0.05588197603086614,0.4861496803521653,0.9999991969098928,-2.8379906742941987e-06,-0.00033321815338967204,-5.569568111817419e-06,-0.001618088106624782,-1.813475500966888e-05,-4.120142596722337e-08,-1.7332138383591493e-07,-0.0005217626046103341,-0.07196820653523914
143,0.05770214091058047,0.48481470216991734,0.9999992372849639,-2.8057779218273337e-06,-0.0003315882127390484,-6.788162475180641e-06,-0.001639421097934246,-1.8038377675111406e-05,-5.323704025277028e-08,-1.6668773203812553e-07,-0.0005912306333480859,-0.07141524755200744
144,0.059586230445152814,0.48338325279630256,0.9999992730063719,-2.7566395745985857e-06,-0.0003360317281494417,-8.17059916395894e-06,-0.0016664324793964624,-1.5580730178044178e-05,-7.087849077092648e-08,-1.5961245413431496e-07,-0.0006659818615303196,-0.07084738151585354
145,0.061534235526780515,0.48186771073137974,0.999999304040981,-2.6948209206911633e-06,-0.0003456381151360198,-9.71562801888825e-06,-0.0016989067662507296,-1.1992762665613554e-05,-9.519215194997411e-08,-1.5210235901162148e-07,-0.0007459857523349695,-0.07026108373013182
146,0.06354536297168863,0.48028459680710356,0.9999993304501931,-2.6250937282197167e-06,-0.00035925636199203587,-1.1435269320908052e-05,-0.001728633651509881,-7.931995241960976e-06,-1.275130151151048e-07,-1.4418584461560624e-07,-0.0008312928146786021,-0.06965353581369224
147,0.06561672969425585,0.47862331881437953,0.9999993522021287,-2.5403612796787187e-06,-0.00037669928243604204,-1.329049637702102e-05,-0.0017484202980995178,-4.773772161570378e-06,-1.6784140670719876e-07,-1.3584764400742752e-07,-0.0009212956167676257,-0.0690245884825195
148,0.0677519411535534,0.4769624299566394,0.9999993696070665,-2.4746967721103298e-06,-0.00039373390396939365,-1.5291466365844803e-05,-0.0017574524972587824,-3.7208567391644465e-06,-2.1822323561458147e-07,-1.2703364066042454e-07,-0.0010156864796263296,-0.06837636999481803
149,0.06994909726664003,0.4753192516731384,0.9999993832477813,-2.4163549411103567e-06,-0.0004106261438219147,-1.7425111747589037e-05,-0.0017445130506530404,-3.523712393871392e-06,-2.801375486362917e-07,-1.1772569915167888e-07,-0.00111413191641422,-0.06771107631096387
150,0.07221004131648208,0.47372938791337005,0.9999993935500288,-2.3693200005272272e-06,-0.00042633225061938454,-1.9682880799155958e-05,-0.0017223091563209891,-4.34342609878513e-06,-3.553650100140227e-07,-1.0791336508312217e-07,-0.0012163425450329379,-0.0670315724897309
151,0.07453621876273056,0.4722267363623988,0.9999994009849004,-2.334508302705926e-06,-0.0004402912697448448,-2.205140901410568e-05,-0.001687031821347773,-5.245976808510022e-06,-4.45610044599809e-07,-9.760457608082812e-08,-0.0013218825103768629,-0.06634102593879071
152,0.07693000040427185,0.47084000518208097,0.9999994060402935,-2.31334144419074e-06,-0.00045204960048254313,-2.4520757116883394e-05,-0.0016471251146867871,-5.7430074775766116e-06,-5.525428719935962e-07,-8.683654259507911e-08,-0.0014304077694252421,-0.06564254339901238
153,0.07939416596693208,0.4695928270006399,0.9999994092038469,-2.304838318948232e-06,-0.00046182580474674647,-2.7083558657229345e-05,-0.0016081221401691437,-5.713091013603844e-06,-6.77778533114772e-07,-7.568615869086711e-08,-0.0015417419882858558,-0.06493878353133754
154,0.08193148914220197,0.46850192443922956,0.9999994109225752,-2.3070556298240646e-06,-0.0004701673610920263,-2.9735404733768915e-05,-0.0015741968527436256,-5.347437763703056e-06,-8.228960648002592e-07,-6.42791121825784e-08,-0.0016558352443320483,-0.06423175604006005
155,0.08454459357584114,0.4675777712548294,0.9999994115823629,-2.3173353600787023e-06,-0.00047785412451179627,-3.247433861325371e-05,-0.0015479325084015727,-4.923570941173239e-06,-9.894687744868424e-07,-5.27974632209303e-08,-0.0017727468852559956,-0.06352273852517283
156,0.08723581112098051,0.4668258347056867,0.9999994114952954,-2.3327229020532513e-06,-0.00048574461389134583,-3.530036247859777e-05,-0.0015305252745747566,-4.627020643965807e-06,-1.1794075269232169e-06,-4.148594490822053e-08,-0.001892617233570409,-0.06281230085688633
157,0.09000707140064372,0.46624799267654105,0.9999994108962228,-2.3502689297328436e-06,-0.0004946669037438574,-3.82143176335625e-05,-0.0015216488391160965,-4.517457000474678e-06,-1.3939223306874788e-06,-3.0657383070685383e-08,-0.0020156114268889878,-0.06210040848575755
158,0.09285996162626967,0.46584361478245956,0.9999994099482886,-2.3674759404665247e-06,-0.0005053198594996555,-4.121848477643208e-05,-0.0015220704954117537,-4.574216291075572e-06,-1.6350183929566966e-06,-2.0697744967382316e-08,-0.0021419290427486483,-0.06138654337996709
159,0.09579562212305229,0.46561048710537056,0.9999994087496447,-2.3819308890108362e-06,-0.0005183263465750039,-4.4313841655998274e-05,-0.001529213972389698,-4.685640305979177e-06,-1.9038932734696585e-06,-1.207105033464228e-08,-0.0022717148583436524,-0.06066984115291732
160,0.09881500763948148,0.46554512966917083,0.9999994073457288,-2.3920947053581333e-06,-0.0005341137601043842,-4.7502525299278244e-05,-0.0015439036069437861,-4.910443749395199e-06,-2.2029144362030062e-06,-5.324155729033929e-09,-0.002405120698243135,-0.05994921251258444
161,0.10191870962237068,0.4656436431585345,0.9999994057391952,-2.3963186930570195e-06,-0.0005530815416127379,-5.078308603913832e-05,-0.001561995828524232,-4.982553491572617e-06,-2.5337819641738285e-06,-1.091638365975719e-09,-0.0025421781378858256,-0.05922346101762571
162,0.105107321326716,0.4659009871733354,0.9999994039027529,-2.394029609731409e-06,-0.0005754056755616931,-5.415426608344199e-05,-0.0015834091464057565,-5.062513537268387e-06,-2.898102955680799e-06,-1.0057303033076096e-10,-0.002682873119595241,-0.058491395006211276
163,0.10838123742959954,0.46631174190414965,0.9999994017932109,-2.384738804037395e-06,-0.0006012183646929774,-5.761196836117135e-05,-0.0016053346917033195,-4.986717158317333e-06,-3.2972776733953725e-06,-3.175221018640632e-09,-0.0028270917030049345,-0.057751901751470935
164,0.11174076406199031,0.4668693753141708,0.9999993993596844,-2.3685880762616074e-06,-0.0006304920845434976,-6.115075211713403e-05,-0.0016261461423709989,-4.873248144576792e-06,-3.732441019584913e-06,-1.1241378789542314e-08,-0.0029746342021163812,-0.05700401178580835
165,0.11518616358503854,0.46756677069689284,0.9999993965536169,-2.345915778739975e-06,-0.0006631315323635719,-6.476350718071982e-05,-0.0016444479115307331,-4.738819370686542e-06,-4.204523993870445e-06,-2.5330301732145315e-08,-0.003125232923464442,-0.056246932754806855
166,0.11871768170203496,0.4683961036491693,0.9999993933329197,-2.317217062609743e-06,-0.0006989731569407671,-6.844122994471972e-05,-0.0016586657147854567,-4.594133770297049e-06,-4.713979441181845e-06,-4.658208253490646e-08,-0.0032785441068047478,-0.055480075635554744
167,0.12233557096019604,0.4693487081273777,0.9999993896668055,-2.2832205900120126e-06,-0.0007377660422865465,-7.217449111132728e-05,-0.0016683026915416121,-4.495842404139694e-06,-5.26102461787079e-06,-7.624848784433833e-08,-0.0034341927035191205,-0.05470306720584496
168,0.12603995989201347,0.4704152179110744,0.99999938553833,-2.2446392431980823e-06,-0.0007792117582662998,-7.595268204584533e-05,-0.001672864076681435,-4.446108050615294e-06,-5.845494795088989e-06,-1.156952305795386e-07,-0.0035917584490014393,-0.05391574821254803
169,0.12983096789043996,0.47158555043232403,0.9999993809453095,-2.2022656846164626e-06,-0.000822956338774003,-7.976542946999065e-05,-0.0016727411421015859,-4.44868646809482e-06,-6.467038263632239e-06,-1.6640368137204368e-07,-0.003750820533617131,-0.05311816290375035
170,0.13370859404056465,0.4728489934395403,0.9999993759005552,-2.1567968921397193e-06,-0.0008686266483818183,-8.360243128434885e-05,-0.0016684948932379484,-4.4772709770768415e-06,-7.1248840936518604e-06,-2.299722216974143e-07,-0.003910960261956577,-0.05231054181263572
171,0.13767276611984383,0.47419412705726627,0.9999993704309833,-2.108931296598367e-06,-0.0009158239072334012,-8.745478174145025e-05,-0.0016615291824564338,-4.505075139604742e-06,-7.818030902683661e-06,-3.081172354743463e-07,-0.004071800984492778,-0.05149327931551584
172,0.14172322102957258,0.4756090457916221,0.9999993645761487,-2.0592503380694656e-06,-0.0009641537767658698,-9.131539309729483e-05,-0.0016533067682757974,-4.506244749791222e-06,-8.545961265512954e-06,-4.026741781627697e-07,-0.004233036829157607,-0.05066690368449535
173,0.14585935759091015,0.4770813359631237,0.9999993583839182,-2.0080881686351758e-06,-0.0010132437750702966,-9.517704714301542e-05,-0.001643844530917704,-4.470720796234673e-06,-9.306960224061988e-06,-5.155985502936137e-07,-0.004394353659611677,-0.049832059341742216
174,0.1500807154006335,0.4785979593877824,0.9999993519110293,-1.956056651838532e-06,-0.0010626898792235537,-9.903791742278425e-05,-0.0016371802194043994,-4.3353384171496145e-06,-1.0100691804585414e-05,-6.489676851106015e-07,-0.004555617718541866,-0.04898947556778808
175,0.15438607520508577,0.4801458561930679,0.9999993452166462,-1.903063447434238e-06,-0.0011122112798133427,-0.00010289284103615016,-0.0016304882010444999,-4.198369424557313e-06,-1.0925558198129756e-05,-8.049820269951639e-07,-0.004716614926142173,-0.048139951895138575
176,0.15877446225944147,0.4817111481904632,0.9999993383624355,-1.8496761835404402e-06,-0.001161378490511307,-0.00010674258781442683,-0.0016278722323477268,-3.973393631895306e-06,-1.1780441238886983e-05,-9.859674296162788e-07,-0.004877276123599482,-0.04728434600269853
177,0.16324449523252965,0.4832803724243562,0.9999993314130389,-1.7959065107882319e-06,-0.0012099450983027128,-0.00011058829405632491,-0.001628706930205226,-3.7391093883343274e-06,-1.266455536424136e-05,-1.1943789234330429e-06,-0.005037606120974909,-0.046423548644799875
178,0.16779421982394255,0.48483981914090446,0.9999993244280407,-1.7418269245591932e-06,-0.0012575685222676997,-0.00011443016328724863,-0.0016322104493156075,-3.51734502146428e-06,-1.3576528519728974e-05,-1.4328032116077946e-06,-0.005197544636196874,-0.045558484002787225
179,0.17242196114358405,0.4863760246926237,0.9999993174661866,-1.6876844394890355e-06,-0.0013039292322331447,-0.00011827184189472373,-0.0016401726752519608,-3.2778241347841686e-06,-1.4515400562193704e-05,-1.703964120888021e-06,-0.005357149316630092,-0.044690098892691814
180,0.17712558425109357,0.4878761018463391,0.9999993105830287,-1.6334407677188174e-06,-0.0013487807862932434,-0.00012211502627865593,-0.001650801976211369,-3.0606779546360485e-06,-1.547963071598207e-05,-2.0107276704201337e-06,-0.005516436918313629,-0.043819360955193926
181,0.18190284077666705,0.48932742811737007,0.9999993038312068,-1.579397647543945e-06,-0.001391753967825211,-0.00012596277807003082,-0.0016646692529320717,-2.8723475224978756e-06,-1.6467768439677294e-05,-2.356106809547345e-06,-0.005675430960710314,-0.04294725806701611
182,0.18675135632871695,0.49071836650480555,0.9999992972633232,-1.5257006082581015e-06,-0.0014325507499338547,-0.0001298185568835075,-0.0016813541296869516,-2.7179189601156395e-06,-1.747830616507637e-05,-2.7432694442333595e-06,-0.005834185861318227,-0.04207478937059383
183,0.1916685128774,0.492038204048796,0.9999992909294239,-1.4725193572814774e-06,-0.0014708551792908166,-0.00013368537943855737,-0.0017005210975185037,-2.594374791442533e-06,-1.8509555749508816e-05,-3.175546458606226e-06,-0.0059927354270970816,-0.04120296132712856
184,0.19665169085916592,0.4932773244650646,0.9999992848779995,-1.420054917990989e-06,-0.0015063679014331046,-0.000137566384079508,-0.0017218233551830053,-2.5042872948688455e-06,-1.955976895492939e-05,-3.6564406550640937e-06,-0.006151117660239654,-0.04033278208975301
185,0.2016981224306,0.4944272859764922,0.9999992791562371,-1.36848352918501e-06,-0.0015387984244141974,-0.00014146449548941095,-0.0017450122395530343,-2.4445814688078826e-06,-2.0627078560244513e-05,-4.189637689899936e-06,-0.006309359612625472,-0.039465256640924665
186,0.2068050353065086,0.4954809042058786,0.9999992738102441,-1.3180329589072918e-06,-0.0015678701374526153,-0.00014538263161186852,-0.0017702535260468721,-2.4334510726475855e-06,-2.1709688333278053e-05,-4.77901767906641e-06,-0.006467501719180214,-0.03860137703274956
187,0.21196943467332643,0.49643224318095663,0.9999992688840793,-1.2687592057206279e-06,-0.0015933589830830187,-0.00014932079064007653,-0.0017952029593288898,-2.3732879981253063e-06,-2.280517585727886e-05,-5.428667457850504e-06,-0.0066254852280865925,-0.03774212289970422
188,0.21718877623338215,0.497276412767484,0.9999992644239208,-1.22106386587394e-06,-0.0016149853404724846,-0.00015328232339199106,-0.001822222606278956,-2.3958314159244765e-06,-2.3911718926493175e-05,-6.142897192304983e-06,-0.006783344325163518,-0.03688845506589967
189,0.22246007873188006,0.49800982766856255,0.9999992604773777,-1.1750016985725888e-06,-0.0016326035209123415,-0.00015726722367662488,-0.0018489350331947207,-2.4119956378854113e-06,-2.502679079849533e-05,-6.9262562137806725e-06,-0.006941037081967975,-0.03604130620631079
190,0.22778041377229102,0.4986298059282283,0.9999992570921271,-1.1308739010195003e-06,-0.001645962924761169,-0.00016127692000235521,-0.0018765737768262625,-2.451442924211733e-06,-2.6148311912643914e-05,-7.783550309053516e-06,-0.007098527335682518,-0.03520157568423546
191,0.23314699912245415,0.49913479430425234,0.9999992543174187,-1.0887679458180898e-06,-0.001654981553250984,-0.0001653115877003161,-0.0019044681685045362,-2.4905939426389523e-06,-2.7273977296145694e-05,-8.719864069378269e-06,-0.0072557807769977715,-0.034370120254855877
192,0.23855707003777185,0.49952401400839475,0.9999992522017801,-1.0488335684310445e-06,-0.0016595688304178173,-0.0001693717953446589,-0.0019325085449963808,-2.539974275350687e-06,-2.8401689520889568e-05,-9.74058383471101e-06,-0.0074127583504534685,-0.03354775192979145
193,0.24400787033847965,0.49979740745338874,0.9999992507943612,-1.011241673650113e-06,-0.001659669158303672,-0.00017345845805777458,-0.0019616526551544666,-2.6358188733865973e-06,-2.9529253124755227e-05,-1.085142507825312e-05,-0.007569452257149563,-0.03273522843439829
194,0.2494964112962708,0.4999555023503201,0.999999250141607,-9.75936676312297e-07,-0.0016553187483337073,-0.00017756832614945455,-0.0019891452975571156,-2.631664983709925e-06,-3.065396024912135e-05,-1.2058457258922712e-05,-0.007725727671112579,-0.03193325362471518
195,0.2550203749546461,0.4999992525339667,0.9999992502902297,-9.431505321799416e-07,-0.0016465117928179274,-0.0001817013035003447,-0.0020172037184238434,-2.6749135031423066e-06,-3.177378279788316e-05,-1.3368136329354775e-05,-0.007881532002218038,-0.031142477828319394
196,0.2605772197042998,0.49992998032700975,0.9999992512877286,-9.128830889721291e-07,-0.0016333782415197237,-0.00018585461778864996,-0.002044229069724679,-2.7229971237829886e-06,-3.2886005374724866e-05,-1.4787337565209678e-05,-0.008036765327909633,-0.0303634930540752
197,0.26616439337199244,0.49974928832512855,0.9999992531812797,-8.853268695504664e-07,-0.001615961225752616,-0.00019002709179052722,-0.002071121707558632,-2.773466349026421e-06,-3.398844630166368e-05,-1.632339086443285e-05,-0.008191337065750818,-0.029596831402194705
198,0.2717793656451163,0.49945895242571836,0.9999992560179815,-8.604960222397987e-07,-0.0015944285956748633,-0.00019421677057952308,-0.002097811782732606,-2.818767370627029e-06,-3.507880128647931e-05,-1.7984125479746408e-05,-0.008345165106510542,-0.028842961345940322
199,0.27741976863344986,0.49906082480416714,0.9999992598410893,-8.384180371322568e-07,-0.001568983738402163,-0.00019842163574462055,-0.002124228049069643,-2.8594806735782186e-06,-3.615485438556292e-05,-1.9777914794931372e-05,-0.008498170158362892,-0.02810228854690915
200,0.2830832359120449,0.4985567600121004,0.9999992646896835,-8.190993936335952e-07,-0.0015398586146546376,-0.00020263915818336415,-0.0021503339521586895,-2.895881607400952e-06,-3.7214320607138866e-05,-2.1713728577911903e-05,-0.008650262267464546,-0.027375157370792942
201,0.28876750559807757,0.4979485615806363,0.9999992705980897,-8.02556935444208e-07,-0.00150731258798778,-0.00020686629940588793,-0.0021759921219199896,-2.9252491913211998e-06,-3.8254815401868466e-05,-2.3801186226716988e-05,-0.008801340631036117,-0.02666185285630205
202,0.2944704104843439,0.4972379701700184,0.9999992775960549,-7.888111601173924e-07,-0.0014716272776481689,-0.00021110013810726188,-0.0022011171095073223,-2.94782353194023e-06,-3.927400367597364e-05,-2.605061871091507e-05,-0.008951312846042584,-0.025962603781512363
203,0.3001897686949027,0.4964266284268958,0.999999285708087,-7.778701416569699e-07,-0.0014331034317385395,-0.00021533724242358862,-0.002225472591817379,-2.958935738206492e-06,-4.026985106255206e-05,-2.8473135697566353e-05,-0.009100062630359854,-0.025277586542030897
204,0.30592365518052567,0.49551610347395375,0.9999992949539795,-7.698391753111301e-07,-0.0013920471971260037,-0.0002195766171100901,-0.0022509009577333927,-3.025341356988065e-06,-4.124019371895421e-05,-3.108070518441374e-05,-0.009247565408998518,-0.024606924729736957
205,0.31166959419186524,0.49450770238725933,0.9999993053449568,-7.646028150036495e-07,-0.0013488220858787062,-0.00022381324631354072,-0.0022749658674001694,-3.0275521112343995e-06,-4.218243081521643e-05,-3.388623411159675e-05,-0.00939368211364521,-0.023950693852648156
206,0.3174257820154758,0.4934027340571219,0.9999993168842822,-7.622697632909262e-07,-0.0013037473268283672,-0.0002280447252633273,-0.002299416111782193,-3.036123416677583e-06,-4.309460183386084e-05,-3.690366128382476e-05,-0.009538339633795394,-0.023308928292750733
207,0.3231903527541786,0.4922021805617898,0.9999993295684191,-7.627975002839202e-07,-0.0012572204176478899,-0.000232267243215669,-0.0023231657687574625,-3.04937248074566e-06,-4.397424964882621e-05,-4.014806647771539e-05,-0.009681459459333477,-0.022681624725071865
208,0.32896129112479244,0.4909072461732753,0.9999993433852787,-7.662705368847323e-07,-0.0012095674489240667,-0.0002364773596823488,-0.0023467494174838066,-3.06252809423313e-06,-4.481908507477352e-05,-4.363578069898684e-05,-0.009822941800277736,-0.022068747086725248
209,0.334736728550162,0.48951893504406074,0.9999993583158667,-7.727460256981633e-07,-0.001161146210702726,-0.00024067179466389212,-0.002370172645896673,-3.0714738841197686e-06,-4.5626821506340926e-05,-4.7384518082637276e-05,-0.009962708659777086,-0.02147023085597922
210,0.3405147757153691,0.4880382690335165,0.9999993743329378,-7.822774018195357e-07,-0.001112309846724534,-0.00024484713028266456,-0.0023934971541166306,-3.079167981923092e-06,-4.639518973213612e-05,-5.141352316391965e-05,-0.010100680700966504,-0.02088598800030904
211,0.34629362144657944,0.48646626273859894,0.9999993914009434,-7.949443863330239e-07,-0.0010634079788562523,-0.000248999843444434,-0.0024167667143046856,-3.0810754196863854e-06,-4.71218682941648e-05,-5.574373437531324e-05,-0.010236778493195616,-0.02031591162833528
212,0.35207149505424284,0.4848040142651835,0.9999994094763164,-8.108311798696831e-07,-0.0010147832410991014,-0.0002531270385139378,-0.0024400982074439526,-3.0850533221382648e-06,-4.7804690439098105e-05,-6.039797220335399e-05,-0.010370944876869872,-0.019759881023571176
213,0.35784654608945915,0.48305268492773695,0.9999994285070026,-8.300227654296075e-07,-0.000966766138448694,-0.00025722543272312863,-0.0024635258596390486,-3.0840851650282275e-06,-4.8441420788250034e-05,-6.540115285306555e-05,-0.010503113332681809,-0.019217766613750895
214,0.3636170391256116,0.4812135677626478,0.999999448432809,-8.526329493854928e-07,-0.000919676455808305,-0.0002612920397576097,-0.0024870955385267735,-3.0815926947980188e-06,-4.902988311590276e-05,-7.078052540230387e-05,-0.01063322870845593,-0.018689434298486206
215,0.36938120621833415,0.47928815060602675,0.9999994691857835,-8.78773058228473e-07,-0.0008738205095730913,-0.00026532378013447626,-0.0025108729023486376,-3.072698518735706e-06,-4.95679273388341e-05,-7.656594522682094e-05,-0.010761235291676507,-0.018174749899563695
216,0.37513734429290313,0.47727813104353944,0.9999994906904734,-9.085764086760615e-07,-0.0008294891226297755,-0.0002693175623867409,-0.0025348993949592113,-3.0617254651588155e-06,-5.005343328786114e-05,-8.27901828936063e-05,-0.010887079795339719,-0.017673583631515728
217,0.38088379382744025,0.4751854722086358,0.9999995128648392,-9.42195267080434e-07,-0.0007869556064536241,-0.00027327083452714145,-0.0025591994635760784,-3.045856374228606e-06,-5.048441702755459e-05,-8.94892825558095e-05,-0.011010726959008543,-0.017185813846938163
218,0.3866188276197991,0.47301245816846865,0.9999995356204268,-9.797730701739503e-07,-0.0007464771016705934,-0.0002771808294125095,-0.00258387322537601,-3.026637614311767e-06,-5.0858941410192456e-05,-9.670297506404392e-05,-0.01113213691730706,-0.016711330716114678
219,0.39234080638387564,0.47076164302759244,0.9999995588627935,-1.0214758649203208e-06,-0.000708290577766923,-0.00028104527667457486,-0.0026088727172464132,-3.001350478371023e-06,-5.1175192916615744e-05,-0.00010447515268819227,-0.011251287391639712,-0.0162500398007718
220,0.3980480298764352,0.46843604091121777,0.9999995824921813,-1.0674661988745693e-06,-0.0006726132523117875,-0.0002848613115156321,-0.0026342631317675114,-2.9706395707762567e-06,-5.1431335166277235e-05,-0.00011285440707441721,-0.01136813907485959,-0.015801865011623163
221,0.40373897823808785,0.46603898354347373,0.9999996064045554,-1.1179408734855327e-06,-0.0006396423311864372,-0.0002886264024263661,-0.0026600733399391174,-2.937192220997531e-06,-5.162573102459184e-05,-0.00012189465298950324,-0.01148266563635086,-0.01536675149426894
222,0.4094120987004538,0.46357421125461196,0.9999996304927397,-1.1730965444463648e-06,-0.0006095524065555762,-0.0002923384724519427,-0.0026862279046326876,-2.894529870900442e-06,-5.1756916812453054e-05,-0.00013165587348605036,-0.011594855377483978,-0.014944667913834952
223,0.41506579383605763,0.4610459841666471,0.999999654646644,-1.2331203533780907e-06,-0.0005824974127027841,-0.0002959951128779572,-0.0027126919012516737,-2.847034238584456e-06,-5.1823507758062994e-05,-0.00014220497620500105,-0.011704688180910888,-0.014535608447063472
224,0.42069859215745276,0.45845896135158787,0.999999678754182,-1.298224221986744e-06,-0.0005586079245747496,-0.0002995945950035008,-0.0027395354118198156,-2.7939506708207773e-06,-5.182436183559028e-05,-0.00015361679536764542,-0.011812166502055198,-0.014139594464535839
225,0.42630894495334065,0.4558182628824426,0.9999997027020487,-1.3685980267116167e-06,-0.0005379923656393168,-0.0003031344603428267,-0.0027666313108056784,-2.73399109573802e-06,-5.1758406785790126e-05,-0.00016597526709146256,-0.011917272356690366,-0.013756675662357113
226,0.4318955002542886,0.4531294632685338,0.9999997263767824,-1.4444704264343409e-06,-0.0005207355754781167,-0.0003066124986028676,-0.002793933730572462,-2.6676084416976664e-06,-5.162479150005298e-05,-0.00017937481099852058,-0.012019997307540067,-0.013386930990586195
227,0.4374569005249224,0.4503986218986595,0.9999997496660822,-1.5260653356423195e-06,-0.0005068986112952193,-0.00031002705059054314,-0.0028213923797011375,-2.5974982236220967e-06,-5.142292173953942e-05,-0.00019392198241310597,-0.012120349786436516,-0.013030469270068535
228,0.4429917386934631,0.44763221984303814,0.9999997724590569,-1.6135762211636255e-06,-0.0004965181173018553,-0.0003133760436120159,-0.0028488526586443186,-2.518501560189179e-06,-5.115242086349215e-05,-0.00020973742783934052,-0.012218327285345823,-0.012687429165358116
229,0.44849877088058887,0.4448371687198587,0.9999997946471598,-1.7072320134734807e-06,-0.0004896076159531537,-0.00031665805988161674,-0.0028763210866600275,-2.4354317247343715e-06,-5.081317751789872e-05,-0.00022695823150072148,-0.012313949056342184,-0.012357978701973343
230,0.4539766584592591,0.4420207798354319,0.9999998161249273,-1.8072100069873123e-06,-0.000486156284531095,-0.00031987052356531256,-0.0029035848565399647,-2.34646313401754e-06,-5.040510064677384e-05,-0.00024574070582427196,-0.012407201097236161,-0.012042314549222624
231,0.459424341001773,0.43919073887327686,0.9999998367910473,-1.9137467286092993e-06,-0.0004861295528693706,-0.0003230116793450754,-0.002930503571406007,-2.252394551760517e-06,-4.9928541114999834e-05,-0.0002662637595967577,-0.012498094554361917,-0.01174066100348229
232,0.4648406839551919,0.4363550586437295,0.9999998565493579,-2.0270332871356498e-06,-0.0004894671113039244,-0.0003260799921369818,-0.0029569363687187433,-2.1556957108259667e-06,-4.938424731708055e-05,-0.0002887330243365995,-0.012586647255883978,-0.01145326873516744
233,0.47022456417608166,0.4335220520953503,0.999999875308904,-2.1472447209113867e-06,-0.0004960856247163868,-0.00032907379552114856,-0.0029828865081071854,-2.0530269466689788e-06,-4.8773197212078484e-05,-0.00031338584701363475,-0.012672872984129861,-0.011180412539192771
234,0.47557497171988367,0.4307003079419149,0.9999998929847362,-2.2745742066453036e-06,-0.0005058808450812072,-0.00033199194606560933,-0.003008334431797266,-1.951709919012501e-06,-4.8096494001660753e-05,-0.00034049742761375613,-0.012756804137479962,-0.010922388704626414
235,0.4808908075594841,0.4278984233477889,0.999999909498354,-2.409128221231002e-06,-0.0005187249976538674,-0.00033483193001229505,-0.003032776527106762,-1.8452561789672473e-06,-4.7355565726593646e-05,-0.00037038835365358014,-0.012838430696861391,-0.010679513051738072
236,0.48617133920997163,0.42512522729673236,0.9999999247785644,-2.5510999110512982e-06,-0.000534463877219072,-0.00033759231837039337,-0.0030563194304704666,-1.7377120684614056e-06,-4.6551987147988117e-05,-0.0004034339648511698,-0.012917779660135274,-0.01045211796569449
237,0.49141569584443096,0.4223895419802039,0.9999999387620551,-2.700568830628578e-06,-0.000552919783754986,-0.00034027115695371983,-0.0030783270485699177,-1.630713086342439e-06,-4.568786985466084e-05,-0.00044007609541861525,-0.012994861438373596,-0.010240549093293862
238,0.49662310349350486,0.4197003916406449,0.9999999513935384,-2.857668313223669e-06,-0.0005739026367795356,-0.0003428668744180716,-0.0030990808736532927,-1.5230538110699854e-06,-4.476551304612556e-05,-0.00048083781919269455,-0.013069691680826947,-0.010045161788223771
239,0.501792874274031,0.4170666474679373,0.9999999626262009,-3.0224781107038317e-06,-0.0005971959406921961,-0.00034537792816606507,-0.0031182090751826763,-1.4183527810018859e-06,-4.378747918754618e-05,-0.0005263421895575958,-0.013142292941145585,-0.009866317062779007
240,0.5069242599585109,0.41449717134073205,0.9999999724218066,-3.195048913529231e-06,-0.0006225753207005523,-0.00034780207666816723,-0.00313568115234375,-1.3158511364963488e-06,-4.27565445069125e-05,-0.0005773361621363792,-0.013212658773305547,-0.009704377742072832
241,0.5120168028358661,0.41200048136313605,0.9999999807510115,-3.3754508325473024e-06,-0.0006497904832483708,-0.0003501377387438778,-0.0031512752175331116,-1.2176102472949424e-06,-4.167580088557671e-05,-0.0006347215072250672,-0.01328080836604473,-0.00955970416121793
242,0.5170699388270227,0.409585012973727,0.9999999875934302,-3.5636951044757592e-06,-0.0006785815072115804,-0.00035238348486176993,-0.0031648576259613037,-1.1229709571125568e-06,-4.054859892434486e-05,-0.0006995951896955624,-0.013346759974362613,-0.00943264989823437
243,0.522083138787178,0.4072588209296427,0.99999999293743,-3.7597284256798548e-06,-0.0007086744212502206,-0.00035453748049678465,-0.0031762460712343454,-1.0333382078897557e-06,-3.937845577104317e-05,-0.0007733024813433042,-0.013410519889381238,-0.009323557195400164
244,0.527056018397793,0.4050297010686614,0.9999999967801796,-3.963521676011384e-06,-0.0007397846807931431,-0.0003565983533496627,-0.003185317385941744,-9.503999649496109e-07,-3.8169129027675907e-05,-0.00085750774012625,-0.013472105817709247,-0.009232752309724285
245,0.5319881450173716,0.4029050768545473,0.9999999991275538,-4.174965309028516e-06,-0.0007716219424171775,-0.0003585638199480661,-0.003191957250237465,-8.738261954022164e-07,-3.6924475050824694e-05,-0.0009542898032340115,-0.013531505122880294,-0.009160540915526873
246,0.5368793098284713,0.4008919570522414,0.9999999999939543,-4.394000232415191e-06,-0.0008038898993504794,-0.00036043242808676313,-0.0031960993073880672,-8.04819705990667e-07,-3.5648605823359017e-05,-0.0010662723938278723,-0.013588727738469392,-0.009107203526722443
247,0.5417292152794275,0.3989968389288652,0.9999999994019815,-4.620484501369917e-06,-0.0008362890461879707,-0.00036220275389743173,-0.0031975661404430866,-7.435818361045676e-07,-3.434573925817094e-05,-0.0011968050993662535,-0.013643781055288955,-0.009072990960675226
248,0.5465375857440253,0.397225819362959,0.9999999973820578,-4.854217610228798e-06,-0.000868521837450271,-0.0003638731658344044,-0.0031963433139026165,-6.900062317072297e-07,-3.3020190279047915e-05,-0.0013502182026329682,-0.013696662587862486,-0.009058119845335142
249,0.5513042532388702,0.39558445417208976,0.9999999939720822,-5.095010713525461e-06,-0.0009002916064668504,-0.00036544240668885897,-0.0031923167407512665,-6.447525038311142e-07,-3.1676381159099014e-05,-0.0015321881676423205,-0.013747377921921993,-0.0090627681840234
250,0.5560290101012839,0.394077815261551,0.9999999892170173,-5.342594102367439e-06,-0.0009313093724407046,-0.0003669084459661742,-0.0031854843255132437,-6.087147994549014e-07,-3.0318717056717287e-05,-0.001750271759640108,-0.013795904945399213,-0.009087071431853389
251,0.5607118358645502,0.39271040116044226,0.9999999831683505,-5.5967571538158175e-06,-0.0009612929457960256,-0.0003682700186144567,-0.0031758006662130356,-5.806318199574889e-07,-2.895171425275124e-05,-0.002014703941653543,-0.013842240605648821,-0.009131118737536827
252,0.56535261633432,0.3914861621706904,0.9999999758834411,-5.857200473612347e-06,-0.000989971874927694,-0.0003695260104031884,-0.003163236426189542,-5.617998226625787e-07,-2.757986246213864e-05,-0.002339619087510954,-0.013886381090015804,-0.00919494946116692
253,0.5699512341807023,0.3904085195849388,0.9999999674251032,-6.123560209217272e-06,-0.0010170901345380884,-0.0003706750448225457,-0.0031477876473218203,-5.504249998011801e-07,-2.6207613015790407e-05,-0.002744970403540605,-0.013928310256963923,-0.009278549882434754
254,0.5745076732342973,0.38948033450747727,0.9999999578609935,-6.395507885305642e-06,-0.0010424065899386754,-0.00037171621621895877,-0.0031294699292629957,-5.483712470777391e-07,-2.4839376129852755e-05,-0.00325964118928543,-0.01396802124444956,-0.009381850508099403
255,0.5790218456764495,0.38870394960555993,0.9999999472630098,-6.672623543595891e-06,-0.0010657000772621894,-0.00037264787683346297,-0.003108320292085409,-5.534777187676809e-07,-2.347944418547573e-05,-0.003926665987901082,-0.014005478854714964,-0.009504723915344654
256,0.5834938356109113,0.38808114796134713,0.9999999357065623,-6.954559604896518e-06,-0.001086768064305614,-0.0003734691562354187,-0.003084359923377633,-5.663094952979009e-07,-2.2132042355184868e-05,-0.004812350095167408,-0.014040666842148821,-0.00964698257179066
257,0.5879236349193481,0.38761321505443463,0.9999999232697868,-7.2408734227121395e-06,-0.0011054278735183416,-0.0003741793588304645,-0.00305764889344573,-5.862783041266084e-07,-2.0801265884480668e-05,-0.006022951217911562,-0.014073569219094893,-0.009808377535426682
258,0.5923112098439252,0.3873008872546104,0.9999999100331887,-7.531083005657837e-06,-0.0011215238140874916,-0.0003747776563442337,-0.0030283089727163315,-6.125320055616612e-07,-1.9491041917381804e-05,-0.007736872858941793,-0.01410415963426393,-0.009988597717041062
259,0.5966565873607808,0.38714440937267713,0.999999896078912,-7.824745179897475e-06,-0.0011349233255978002,-0.0003752636030176119,-0.0029963250271975994,-6.457851782215585e-07,-1.8205142244418534e-05,-0.010270810710912385,-0.014132417342378325,-0.010187269325268538
260,0.6009597544085082,0.38714357279480427,0.999999881490218,-8.121311238471718e-06,-0.001145517611597113,-0.00037563613291413575,-0.00296186120249331,-6.834656005594297e-07,-1.694711601156236e-05,-0.014225931191039865,-0.014158298752517826,-0.010403956083111583
261,0.6052208147862773,0.3872976707372678,0.9999998663507014,-8.420353434853076e-06,-0.0011532260906173847,-0.00037589494664831333,-0.0029249885119497776,-7.270061814779183e-07,-1.5720341896746735e-05,-0.020838801463311546,-0.014181776733996336,-0.010638159889096076
262,0.6094397820733385,0.3876055421840385,0.9999998507434608,-8.721343650321973e-06,-0.001157991601836659,-0.0003760398964768567,-0.002885758876800537,-7.758196147733543e-07,-1.4527966209373567e-05,-0.032899262202222064,-0.014202824233168486,-0.010889322069413742
263,0.6136166440326666,0.3880656508548414,0.9999998347509613,-9.023731302112278e-06,-0.0011597861492304476,-0.00037607073732887807,-0.002844346920028329,-8.275042659988685e-07,-1.3372890122957779e-05,-0.057286478851898665,-0.014221404889861237,-0.011156824876969382
264,0.6177514532399044,0.3886759932153997,0.9999998184544162,-9.326995300299557e-06,-0.0011586026207643441,-0.0003759876715684512,-0.0028008499648422003,-8.836893243824306e-07,-1.225778185021883e-05,-0.11111471143752816,-0.014237492224743943,-0.011439993606243794
265,0.6218441825709907,0.3894342058536819,0.9999998019334103,-9.630548432963986e-06,-0.0011544625124831787,-0.00037579025183507827,-0.002755378605797887,-9.42833025874279e-07,-1.1185047495414975e-05,-0.22357775738018706,-0.014251034034605372,-0.01173809940734921
266,0.6258949413184247,0.3903375379066097,0.999999785265125,-9.93393435312365e-06,-0.001147409879503949,-0.0003754788263978488,-0.0027080730069428682,-1.0046846909972373e-06,-1.015683984392776e-05,-1.8622560565056485,-0.01426199779847541,-0.012050362218130216
267,0.6299037267143804,0.391382877360698,0.9999997685237356,-1.02365890584987e-05,-0.0011375106516098518,-0.00037505388828383877,-0.002659022342413664,-1.069504719453107e-06,-9.175050183120733e-06,-1.576193873094142,-0.014270350951424345,-0.012375954385623823
268,0.633870520657927,0.3925668059255928,0.9999997517806032,-1.0537948895723219e-05,-0.001124854513201251,-0.00036337606441978434,-0.00260839331895113,-1.1357129778843955e-06,-8.241309671405948e-06,-1.4104162647151304,-0.014276052668793919,-0.012714004376717396
269,0.6399468122399145,0.38163951168157945,0.9999997351037498,-1.1698248709936766e-05,-0.001136866810334567,-0.00033194047569049575,-0.002041565952822566,-0.0002373580209678039,-2.442032745016441e-05,-1.3272046120838663,-0.011148165923710495,-0.013126602625550151
270,0.6520254386706297,0.32753020213239004,0.9999995048606141,-1.5080560989058471e-05,-0.0012884762634341625,-0.0003241218303240016,-0.002029452007263899,-0.0055177160538733006,-3.144899687651182e-05,-1.284024384163943,-0.010009109753791844,-0.013623279865924348
271,0.6591959568520291,0.2822215693521064,0.9999989298804367,-1.4051112941287568e-05,-0.001450585311281724,-0.00031681118546816065,-0.005876005161553621,-0.0063833435997366905,-3.542406713962279e-05,-1.2559122301611574,-0.009296856357205494,-0.01415631890456227
272,0.6642724068597953,0.2514111025729414,0.9999980093659377,-1.0750427222615219e-05,-0.001500177549452935,-0.0003064195398387075,-0.009716060012578964,-0.0020963193383067846,-3.9685072430909933e-05,-1.2349685086348205,-0.008784494929991457,-0.014698494111481112
273,0.6680638386150763,0.23099893343190622,0.9999968319959938,-7.184315897066383e-06,-0.001537433601269818,-0.00029725692748848085,-0.0117259556427598,-0.00037539939512498677,-5.029568862988057e-06,-1.2177187993469478,-0.008443727097411527,-0.015250722517446942
274,0.6714510344680252,0.2162809990604676,0.9999955187028335,-4.484537686510752e-06,-0.001583529083974433,-0.00028869410445402007,-0.011852594092488289,-8.255274588009343e-05,-7.284122124210106e-06,-1.2025612087673043,-0.008194873036001558,-0.015815728802644695
275,0.6745602953691309,0.20743481620560786,0.9999941750446111,-2.4928704640556957e-06,-0.001619733610635569,-0.0002795949780348818,-0.011451629921793938,-6.112168193794787e-05,-4.2943445815325186e-05,-1.1886583527671126,-0.007983766675863395,-0.01639789833993973
276,0.6774189906043409,0.2036405994918087,0.9999928948027429,-1.1759031417858885e-06,-0.0016554859695971336,-0.00026959917673695643,-0.010546238161623478,-7.16895519872196e-05,-0.0001109425617708976,-1.175645351621817,-0.007775146541421516,-0.01699810938770358
277,0.680073881061881,0.20386453542657323,0.999991756103942,-4.117571406101123e-07,-0.001687203548051433,-0.00026783054090826185,-0.009711849503219128,-5.7311266573378816e-05,-0.0002213785850574922,-1.1633795985738413,-0.008663224919604036,-0.01761413094312709
278,0.6820232652025777,0.2076789870152863,0.9999908952736585,-5.707465829002523e-08,-0.0017082579543513917,-0.0002695167360297352,-0.008192415349185467,-0.0002398587530478835,-0.0003621181585600984,-1.1516242048468173,-0.009402283567841233,-0.018246176716792444
279,0.6837622644637688,0.21205504919256743,0.9999905124002567,-1.3129778504706359e-09,-0.0017331597946230214,-0.00027360347663156465,-0.006925910245627165,-0.00044733434333465993,-0.0005346745154076845,-1.140314780251077,-0.010418916267337382,-0.018896484776300418
280,0.6851233926170103,0.21613057470151836,0.9999906137553709,-2.3636761049369377e-08,-0.001818296889380872,-0.0002819764992810483,-0.006110003683716059,-0.0006686626002192497,-0.0007351967913190637,-1.1291471754346207,-0.01156575409117632,-0.01957713751896361
281,0.6860210866684082,0.2197698750127354,0.9999911655495038,-1.4192504800732556e-08,-0.0019698937071546637,-0.00029638166156786735,-0.005761004984378815,-0.0008703494677320123,-0.0009652792901255073,-1.1178907830011235,-0.012894742712732166,-0.020297368440485866
282,0.686487221545186,0.22263306682724224,0.999992103543117,-3.0538088260112344e-09,-0.0021743408646581384,-0.00023416323423130404,-0.005951593164354563,-0.0005807638517580926,-0.0003392404582519799,-1.108754822552425,-0.009042365526752251,-0.02104265942715701
283,0.6895920816612569,0.23235294869446274,0.9999929562525763,-6.047814630394562e-08,-0.0024395860355772053,-0.0001855818010327421,-0.005743379704654217,-0.00046869926154613495,-5.0360526229840674e-05,-1.099691795922562,-0.006713124544008125,-0.021830325387397525
284,0.6926213023220611,0.2503010737296044,0.9999933447437459,-6.151457007901534e-08,-0.0026873301388418225,-0.00016194380904150767,-0.005695360247045755,-0.0005190931842662394,-1.3822092021317155e-06,-1.0939727902337057,-0.005576396194744953,-0.022625894264207906
285,0.6951595797928427,0.27103385655265094,0.9999935167874748,-2.3762647642056866e-08,-0.002828836303379652,-0.00014704672485667223,-0.004839399829506874,-0.0003785495355259627,-7.1737538028413635e-06,-1.0895126925536613,-0.004980240150427591,-0.023435504804987083
286,0.6978181792653152,0.29127505015671945,0.9999936595145903,-3.898436721326222e-09,-0.0028751411421164166,-0.00013543538360762756,-0.004346680361777544,-0.0002515547093935311,-1.2960310142826827e-05,-1.0856402116456314,-0.004610025713584472,-0.024260383352021804
287,0.7006536462226405,0.31037878560050397,0.9999938480824317,-2.4170733515471278e-11,-0.002869562934117718,-0.00012573233781727161,-0.00426725298166275,-4.6100507461233065e-05,-1.5093753267164792e-05,-1.0821393265887407,-0.00435091246124188,-0.025097390629921994
288,0.7035820218143164,0.32814337416618056,0.9999941069860149,-1.80902701962867e-09,-0.002841767091976842,-0.00011739628270019852,-0.004249359481036663,-1.9358863937668502e-05,-1.5060926796717638e-05,-1.0788974294595766,-0.00415200403466126,-0.025944034826875326
289,0.7065566446157312,0.3444467936349048,0.9999944357402518,-2.4615977335514907e-09,-0.002804976654463547,-0.00011016745794487828,-0.004248175770044327,-2.492319435987156e-05,-1.4105430488114738e-05,-1.075849612976509,-0.0039905289265141685,-0.026798451035307116
290,0.7095646058957555,0.3592392064430208,0.9999948222170231,-8.015163725390094e-10,-0.002762827128899645,-0.0001039104326391335,-0.004266952630132437,-2.6650646759662777e-05,-1.2857448991543571e-05,-1.072957574308392,-0.0038568279126112146,-0.027659217376689728
291,0.7125954561521226,0.3725320783502801,0.999995249875406,-3.6497998861735863e-10,-0.002718921626957425,-9.85580717006543e-05,-0.004302334971725941,-2.4072545784292743e-05,-1.1499085692009274e-05,-1.0701894475256999,-0.003743097346286729,-0.028524360916837445
292,0.7156744869208718,0.3850001353144616,0.9999957056742904,-3.258147999374483e-09,-0.0026743546904475757,-9.383478604041442e-05,-0.0043500978499650955,-1.9250230252509937e-05,-1.0352853352009822e-05,-1.0675235947565813,-0.0036484188615309144,-0.029393269179447228
293,0.7187314703853188,0.3954518983793056,0.9999961730451328,-2.2922219401054194e-08,-0.0026315977328745656,-8.978135239369277e-05,-0.0044094230979681015,-1.779245212674141e-05,-9.3014405790177e-06,-1.0649435802873863,-0.0035685126799699734,-0.030266354984000224
294,0.7217968543452193,0.404659689073851,0.9999966340367176,-6.868256758345278e-08,-0.0025885470815233307,-8.629614515115222e-05,-0.0044553750194609165,-1.1054018614231609e-05,-8.359806709869191e-06,-1.0624300236003306,-0.003502204308812045,-0.031143104696560252
295,0.7248683035566647,0.4127547310999,0.9999970781016029,-1.500971358226346e-07,-0.0025465275845236953,-8.335936824262874e-05,-0.00454616267234087,-1.3136500456312206e-05,-7.508953107479632e-06,-1.0599650090090877,-0.00344966885718045,-0.03202292178357946
296,0.7279433354745158,0.41990685676529416,0.9999974973641913,-2.7381603634557686e-07,-0.0025039513803704633,-8.08908684220861e-05,-0.004607164766639471,-8.51096319820499e-06,-6.742869859094072e-06,-1.0575311188406809,-0.0034095675116570397,-0.03290498803161208
297,0.7310250639700914,0.4262421212715329,0.9999978863678862,-4.464343770444304e-07,-0.0024607830998882104,-7.884541628554046e-05,-0.004657570272684097,-6.77987782182754e-06,-6.048827351725142e-06,-1.0551126582040358,-0.0033813502610959547,-0.03378848945790124
298,0.7341148153324983,0.43188594957221765,0.9999982415699005,-6.727403334199761e-07,-0.00241668258451423,-7.718267900833049e-05,-0.004694950766861439,-5.496917310665594e-06,-5.415441342830079e-06,-1.0526948090060337,-0.0033644728502778424,-0.03467254521972413
299,0.7372135330738889,0.436948189032335,0.9999985610714914,-9.561484051551535e-07,-0.002371408602965671,-7.58700876231389e-05,-0.004716597031801939,-4.545600859273691e-06,-4.83659281349341e-06,-1.0502638948817615,-0.003358247861678797,-0.03555622664139138
300,0.7403233920205263,0.4415231098063514,0.9999988442293376,-1.2989717516031903e-06,-0.0023247664992489627,-7.488047609382779e-05,-0.004721807315945625,-3.9060205381247215e-06,-4.3022163817274295e-06,-1.0478073913652686,-0.003362623403413348,-0.03643855138854053
301,0.743445677130049,0.4456920908603032,0.9999990914215128,-1.7023395183905199e-06,-0.0022765880819811857,-7.418631311128387e-05,-0.004710063803941011,-3.5331397612026194e-06,-3.805024417598853e-06,-1.0453137721461072,-0.0033765249379436655,-0.037318491996072296
302,0.7465824827409263,0.44952440123622783,0.9999993037815251,-2.166691624154411e-06,-0.0022267632193024795,-7.3722240848935e-05,-0.004682645667344332,-3.3754004107322544e-06,-6.08048692805415e-06,-1.042799966268641,-0.0034021573569711586,-0.03819380160543821
303,0.7497273094193794,0.45124561258108503,0.9999994830978899,-2.646628069315415e-06,-0.0021744179077585837,-7.310555332082784e-05,-0.00436371099203825,-8.676588186062872e-05,-7.052279193332033e-06,-1.0402993745579436,-0.00342193241014813,-0.03906409030202468
304,0.752971919627625,0.4527906136725627,0.9999996311212189,-3.2359514635447305e-06,-0.0021360666447687773,-7.288465839192551e-05,-0.00442646024748683,-6.444580776587827e-06,-4.04132006658248e-06,-1.0377265906489386,-0.003450032550920547,-0.039934028091224594
305,0.7561854356618901,0.4564448224684605,0.9999997496718894,-3.9834393616175995e-06,-0.002099152587349401,-7.310286660154967e-05,-0.004682610277086496,-4.234196603647433e-05,-2.9406657507689417e-06,-1.0350247009077012,-0.003492525714044294,-0.04080472241382214
306,0.759378093128499,0.4599140745735022,0.9999998415635543,-4.751970052207856e-06,-0.0020592820726995278,-7.353918834318637e-05,-0.004446673672646284,-1.4736994671693537e-05,-2.274016200256881e-06,-1.0322428827647867,-0.003544690452393558,-0.04167268564362979
307,0.7626046550455181,0.4631622236766857,0.9999999098406175,-5.569797791532714e-06,-0.002013809641199842,-7.444337941328896e-05,-0.004348854534327984,-7.592748443130404e-05,-1.8052795704715323e-06,-1.0293828280346955,-0.0036147385591711904,-0.04253310876444276
308,0.7658604710119781,0.4661359219412741,0.9999999573328451,-6.371104208845838e-06,-0.0019467748709277814,-7.553402438023249e-05,-0.0042292955331504345,-4.524929408944445e-06,-1.4625104116835113e-06,-1.0264451872975802,-0.0036954732443034177,-0.043381908468918755
309,0.7691414902008692,0.4689578535554692,0.999999986423471,-7.22506951016154e-06,-0.0018800302593306654,-7.682832918749744e-05,-0.004102432169020176,-5.470975338539574e-06,-1.197654482633702e-06,-1.0234345031127303,-0.003784774115456696,-0.04421810744085979
310,0.7724479735365543,0.4716318913351812,0.9999999990935089,-8.128836112703145e-06,-0.0018130128006006677,-7.832848595063665e-05,-0.003977976739406586,-5.613304438156774e-06,-9.970092986242178e-07,-1.0203558461940714,-0.0038825741122948993,-0.045040655568335496
311,0.7757795962330832,0.47416783960864395,0.9999999972162457,-9.080632956145346e-06,-0.0017457275473859155,-8.003537727972141e-05,-0.00384858762845397,-6.17440582573181e-06,-8.520777834906372e-07,-1.0172160760086935,-0.0039889871066669585,-0.04584853038011123
312,0.7791356727988115,0.47657433115378856,0.9999999825201396,-1.0080265239563594e-05,-0.0016783600953340244,-8.195793655314301e-05,-0.0037191917654126883,-6.427095286198892e-06,-7.770525245708193e-07,-1.0140244486236327,-0.0041046806861129445,-0.0466407476417383
313,0.7825161968346777,0.47884892957068587,0.9999999565750274,-1.1125888056439698e-05,-0.0016110620393177428,-8.409093916947157e-05,-0.0035802493803203106,-7.029032985883532e-06,-7.374046593773822e-07,-1.0107920218595472,-0.0042292761364472325,-0.04741639497653524
314,0.7859221141729947,0.48101889566278827,0.9999999207907649,-1.2222004346863028e-05,-0.001544100731669405,-8.644800529755605e-05,-0.0034488560631871223,-7.596437626489205e-06,-7.632428558637704e-07,-1.0075307712441917,-0.004363258930053365,-0.04817456490055669
315,0.7893528775155989,0.48307434445516084,0.9999998764140745,-1.3363593723482808e-05,-0.0014772416325558764,-8.902191051851104e-05,-0.0033069627825170755,-8.191241249733139e-06,-8.539816682721502e-07,-1.0042561350804502,-0.004506637022280913,-0.04891430579593231
316,0.7928090194976756,0.4850177911515744,0.9999998245207199,-1.4553980725030731e-05,-0.0014109121130448292,-9.18272366130555e-05,-0.0031668045558035374,-9.058650903170928e-06,-1.0117936341433692e-06,-1.0009843133721126,-0.0046602591147581725,-0.04963468083536292
317,0.7962905578889833,0.4868495029506974,0.9999997660075675,-1.5791788152780326e-05,-0.0013448204668629132,-9.486148156967547e-05,-0.00302657182328403,-9.534638593322597e-06,-1.2437023885710552e-06,-0.997732597468408,-0.004823680036373648,-0.050334710478994654
318,0.7997974665342129,0.4885663592281157,0.9999997016078205,-1.7078898068221227e-05,-0.001279250787643554,-9.81337784130396e-05,-0.002885347232222557,-1.0214652320428286e-05,-1.5517468175775085e-06,-0.994519081102003,-0.004997609771285099,-0.05101346772754198
319,0.8033297682578233,0.4901698894575056,0.9999996319217782,-1.8418221843757068e-05,-0.0012143449947831367,-0.00010164973608783333,-0.0027477494440972805,-1.0827527148649096e-05,-1.9405378188155124e-06,-0.991361579337881,-0.005182320650331418,-0.05167003245540215
320,0.8068868844053437,0.4916583555759697,0.9999995573774073,-1.981123462746574e-05,-0.0011501490795998222,-0.00010541540525701995,-0.0026127039454877377,-1.1409559192543384e-05,-2.4143954638327468e-06,-0.988277444385409,-0.005378102523843052,-0.05230347644435494
321,0.810468026520904,0.49303056814439655,0.9999994782652926,-2.126111798262731e-05,-0.0010868360671221074,-0.00010944116543843031,-0.002481767674908042,-1.2068773685314227e-05,-2.978277597099421e-06,-0.9852834808236296,-0.005585433418672187,-0.05291289275746079
322,0.8140728229584467,0.49428485341650985,0.9999993947366103,-2.277123526906422e-05,-0.0010244939903109609,-0.0001140382215440467,-0.0023558984976261854,-1.2671460353885777e-05,-3.6365903437049087e-06,-0.9823950686320375,-0.005804905763809082,-0.053497361170541234
323,0.8175001741081127,0.4953615808769228,0.9999993068028443,-2.4379779842924596e-05,-0.0009578256613585209,-0.00011855204762227563,-0.002215172164142132,-2.5943223590729758e-05,-4.896994865194366e-06,-0.9795287134717416,-0.006081264270652429,-0.05405509196402653
324,0.8212788472164391,0.4962537113779055,0.9999992000958694,-2.623475123931417e-05,-0.0008995933634019377,-0.00012352400621821615,-0.0021142116747796535,-1.2792068446287885e-05,-5.469057777924846e-06,-0.9768638895846316,-0.006308522824730771,-0.05458678638021862
325,0.8249948115354062,0.49712484886477615,0.99999909939187,-2.8042287156597363e-05,-0.0008424327434292486,-0.00012874808794895845,-0.001995699480175972,-1.2735040400002617e-05,-6.319419016213346e-06,-0.9743616224449246,-0.006556863793326727,-0.05509184352999387
326,0.8287199562302509,0.49792763016134856,0.99999899972348,-2.9854857087658708e-05,-0.0007858625369130561,-0.00013444774442072924,-0.0019090335117653012,-1.484332369727781e-05,-7.299338221636491e-06,-0.9720228464594781,-0.006819807973577241,-0.055569024091076426
327,0.8324961970591725,0.4986292711422497,0.9999989003770648,-3.172549426817898e-05,-0.000730603741712856,-0.00014051974374631912,-0.0018210847629234195,-1.1429898222559132e-05,-8.309609713787447e-06,-0.969849792593551,-0.007088635969315151,-0.05601798608202701
328,0.8363453760017516,0.49920813292283855,0.9999988075455514,-3.363126136552131e-05,-0.0006773810878900644,-0.00014677332601936528,-0.0017366729443892837,-9.846841749094892e-06,-9.409532159212126e-06,-0.967848991841391,-0.0073588896807080225,-0.05643870009821645
329,0.8402378054504086,0.49963528953540615,0.9999987262880033,-3.5510516051553355e-05,-0.0006266838909060582,-0.00015309830821116406,-0.0016619411762803793,-7.802708751114551e-06,-1.0588878798974896e-05,-0.9660180185113255,-0.007628683479017335,-0.05683080587404442
330,0.8441545028415861,0.4998989340281864,0.9999986593478148,-3.732275483465295e-05,-0.0005789088007212241,-0.00015943248110149923,-0.0015963988844305277,-6.070143172109965e-06,-1.1837619532729041e-05,-0.964351876717281,-0.007896988591637556,-0.057193857343026296
331,0.84808295870188,0.4999987564808468,0.9999986078166203,-3.90448505643902e-05,-0.0005343565131184289,-0.00016573240316290354,-0.0015373891219496727,-4.928260750602931e-06,-1.3131545605330474e-05,-0.9628439852133941,-0.008162463692451273,-0.0575274557235817
332,0.852015690250603,0.4999414722007026,0.9999985720351379,-4.0663560077331274e-05,-0.0004931960049595172,-0.0001719527637317421,-0.0014823712408542633,-4.317844741308363e-06,-1.4472754778464907e-05,-0.961486458963263,-0.008425072055650037,-0.057831234872722244
333,0.85594157498539,0.49973880487700056,0.9999985511732574,-4.216895437913191e-05,-0.0004554966780361819,-0.0001780837130956633,-0.0014311481500044465,-3.928616479242919e-06,-1.5840061727640036e-05,-0.9602704085542677,-0.008684476303681491,-0.05810486646029127
334,0.8598568684188783,0.4994057214963117,0.9999985438593456,-4.3562347095874395e-05,-0.0004212199993939663,-0.0001841189572490237,-0.0013831218238919973,-3.635089115050505e-06,-1.722061674796267e-05,-0.9591869050578107,-0.008940469169732871,-0.058348103005706614
335,0.8637578067099746,0.49895871380692586,0.9999985486297177,-4.4846470077385136e-05,-0.00039027107040103903,-0.00019005295997092495,-0.0013376945862546563,-3.454994157436886e-06,-1.8603969569081568e-05,-0.9582269624950177,-0.009192818748702584,-0.058560783098292254
336,0.8676411428664424,0.4984147672962157,0.9999985640148195,-4.6024905612674185e-05,-0.0003625411676649394,-0.00019587067159044637,-0.0012947856448590755,-3.310304236947559e-06,-1.9980041665442833e-05,-0.9573816904784475,-0.009441359426830597,-0.058742817624666974
337,0.8715014124311444,0.49779162593573656,0.9999985885916667,-4.7100403133457056e-05,-0.0003379143646449732,-0.00020157094008956426,-0.0012543631019070745,-3.1960241813067114e-06,-2.137096665031052e-05,-0.956642022288007,-0.009687350062903687,-0.05889412605494669
338,0.8753320779187269,0.49710810927577886,0.9999986201147636,-4.807839687118019e-05,-0.00031628937272247835,-0.00020720599584420183,-0.0012169027468189597,-3.0518590392603073e-06,-2.2716196934175436e-05,-0.9559996001912006,-0.009929590575546618,-0.05901474338786748
339,0.8791408450834579,0.496373257167127,0.9999986576547194,-4.897468129647157e-05,-0.0002974691738451445,-0.0002127520307118612,-0.001180896651931107,-2.9987913876539096e-06,-2.4041797594161272e-05,-0.9554471199645564,-0.010167815858252159,-0.05910484042135281
340,0.8829217310434793,0.4956006079591577,0.9999987006465687,-4.978569673126994e-05,-0.0002813108177789327,-0.00021819309418540087,-0.0011474757920950651,-2.93724815492169e-06,-2.5338056296166344e-05,-0.9549770302959202,-0.010401747706950378,-0.05916460117134151
341,0.8866708476684486,0.49480214130551897,0.9999987482882277,-5.0509540839552844e-05,-0.00026773972167006054,-0.0002235193033727254,-0.0011160413268953562,-2.882156650230172e-06,-2.6604175120563848e-05,-0.9545822195732603,-0.010631262728901483,-0.059194215472922126
342,0.8903844331116373,0.49398882588773513,0.9999987996900243,-5.114801506577037e-05,-0.0002566478849305809,-0.0002287251886371183,-0.0010872530983760953,-2.7594587663770653e-06,-2.7830973801974495e-05,-0.9542559920334712,-0.01085626829441874,-0.059193909657680656
343,0.8940591627896807,0.49317002750112593,0.9999988539623917,-5.170292362764053e-05,-0.0002479375370978624,-0.00023380548044900685,-0.001060315640643239,-2.7286537260806654e-06,-2.9016816915247736e-05,-0.9539921611629506,-0.011076637616105741,-0.05916395702080311
344,0.8976920716111053,0.49235363948673344,0.9999989102671667,-5.2178355067958163e-05,-0.00024150538307942003,-0.0002387955932874018,-0.0010356958955526352,-2.647540668476722e-06,-3.015055920385434e-05,-0.9537854290224467,-0.011291204897660678,-0.059104751571433314
345,0.9012873872741342,0.4915394915255289,0.9999989682519979,-5.258183211744284e-05,-0.00023717571286685377,-0.00024361265827963624,-0.0010128787253051996,-2.595392516013817e-06,-3.124811322980464e-05,-0.9536296289958112,-0.011500727953690709,-0.05901663521552331
346,0.9048322080775466,0.49074236859488424,0.999999027576666,-5.290191507851045e-05,-0.00023491311777247697,-0.00024826713841869967,-0.0009931963868439198,-2.449628937029047e-06,-3.228877464658507e-05,-0.953520401161315,-0.011704836114907923,-0.05890005810709802
347,0.9083249506995268,0.4899681450914993,0.9999990870370671,-5.3144028634464325e-05,-0.00023470559982331513,-0.0002527916467363033,-0.0009741964749991894,-2.477117504895432e-06,-3.3286104042057094e-05,-0.9534529655312852,-0.011903847356766832,-0.058755406036937796
348,0.9117672332795573,0.4892175211165212,0.9999991458493315,-5.332207563757971e-05,-0.00023632288324933542,-0.00025719862257643944,-0.0009582372731529176,-2.270691766170785e-06,-3.4183306842533384e-05,-0.9534235310470023,-0.012095792841947249,-0.05858327756640244
349,0.9151613909588474,0.48848592296208115,0.999999204536407,-5.3438211119226816e-05,-0.00023959211358320635,-0.00026138729617380724,-0.0009431849466636777,-2.3675559077673825e-06,-3.50773567117131e-05,-0.9534283588146695,-0.012282104266999357,-0.05838424974103962
350,0.9184921038370327,0.4877937253929624,0.9999992622529046,-5.347920788520767e-05,-0.00024456260147524394,-0.0002654005146460421,-0.0009311574976891279,-2.2016488401277456e-06,-3.591510567145036e-05,-0.9534633522244284,-0.012463092846520127,-0.05815883921930465
351,0.9217616653838778,0.4871408039685454,0.9999993180217626,-5.346129779971718e-05,-0.0002511631189743225,-0.0002692164892889082,-0.0009204684756696224,-2.013747916862485e-06,-3.671212536609904e-05,-0.9535249703383135,-0.012640419928603309,-0.05790757260836611
352,0.9249623853003561,0.48653779372120354,0.9999993709977184,-5.3391056990963026e-05,-0.00025926409328791997,-0.00027295939219333366,-0.0009117345325648785,-1.902734311443055e-06,-3.746038259980593e-05,-0.9536112513818904,-0.012813040497225056,-0.05763120753094763
353,0.928104884805958,0.48596807278733506,0.9999994207505594,-5.329474233977371e-05,-0.0002685896384202884,-0.0002766186015724129,-0.0009036887204274535,-1.8050023982141283e-06,-3.8128651683001736e-05,-0.9537192360323129,-0.012981507154529257,-0.057330439652319945
354,0.9311865742050928,0.4854299729800913,0.9999994678674806,-5.3166484348524625e-05,-0.000278951696179653,-0.00028017220938126946,-0.0008970624767243862,-1.8983059817401227e-06,-3.874592137855707e-05,-0.953847249332946,-0.013145139026014076,-0.05700610229582018
355,0.9342054099777193,0.4849231051851674,0.9999995126233329,-5.3001740507132504e-05,-0.00029034164688213,-0.00028361093599013143,-0.0008923221030272543,-1.8289244962943485e-06,-3.93198644087379e-05,-0.9539932613871538,-0.013303933665388038,-0.05665893362223308
356,0.9371595458267675,0.48444789684255424,0.999999555129267,-5.279807631183435e-05,-0.00030271805494530286,-0.00028692917869317257,-0.0008892471087165177,-1.7574863022673526e-06,-3.9844928109003185e-05,-0.954155378230589,-0.013457914919800227,-0.05628965084690482
357,0.9400472358969673,0.4840036444387466,0.9999995954142121,-5.2555114371874236e-05,-0.00031602092793190354,-0.00029012348060813607,-0.0008874908089637756,-1.7178778080051416e-06,-4.032455630412128e-05,-0.954331893857718,-0.013607055924381809,-0.055898986389292915
358,0.9428671797702912,0.4835895306470284,0.999999633475876,-5.227438521990716e-05,-0.00033016906841160223,-0.00029319401184008185,-0.0008871713071130216,-1.6357117829102208e-06,-4.0758192937268624e-05,-0.9545212385307504,-0.013751406012316413,-0.055487684955465855
359,0.9456182783148104,0.48320473611066944,0.9999996693064964,-5.195724167488404e-05,-0.0003450930632053232,-0.000296140846874663,-0.0008880701498128474,-1.5796961179148639e-06,-4.114645047583303e-05,-0.9547219965344367,-0.01389099818722997,-0.055056501999992735
360,0.9482996453652007,0.48284833053813053,0.9999997029058685,-5.1605882880992474e-05,-0.0003607090169121632,-0.00029896513213227034,-0.0008901546243578196,-1.5106026012290386e-06,-4.148721130051796e-05,-0.9549328930021874,-0.014025878375230286,-0.05460620462060813
361,0.9509105801538341,0.48251943193966695,0.9999997342876142,-5.12221112580889e-05,-0.0003769459647038862,-0.00030166897573730654,-0.0008933033095672727,-1.4632446436735336e-06,-4.179032363019178e-05,-0.9551527703643725,-0.014156107869505608,-0.054137570274076424
362,0.9534504851550617,0.48221712587663085,0.9999997634808004,-5.080873044813534e-05,-0.000393714673389806,-0.00030427424339329114,-0.0008975414675660431,-1.3646792922372697e-06,-4.2041611598874226e-05,-0.9553806831197665,-0.014281359155839744,-0.053651403601186747
363,0.9559205371589609,0.48193633526424795,0.9999997906074849,-5.036803277032049e-05,-0.00041091943897408293,-0.0003067315755463504,-0.0009025033214129508,-1.3436796280075214e-06,-4.225615045024285e-05,-0.9556154546611005,-0.014402262224835581,-0.053148458122696536
364,0.9583166533724597,0.48168486185570203,0.9999998157178902,-4.989546788165684e-05,-0.0004285620222045108,-0.0003090473759032035,-0.000908765709027648,-1.2547536698548356e-06,-4.2446165246284395e-05,-0.9558562875914447,-0.014519154182384204,-0.05262950819519531
365,0.960638281546233,0.48146460300482835,0.9999998386429398,-4.93968958093363e-05,-0.0004466565191368591,-0.0003112545445476062,-0.0009154680301435292,-1.1491554232634371e-06,-4.2603702446650026e-05,-0.9561022899204454,-0.01463270574210048,-0.05209528862762243
366,0.9628862645276266,0.48127267456079786,0.999999859315648,-4.8881577098858496e-05,-0.0004650571528820102,-0.0003133871326622947,-0.0009225413668900728,-1.091164904210018e-06,-4.271779422419873e-05,-0.9563527984600596,-0.014743098571513414,-0.05154658535639818
367,0.9650621070342809,0.4811026269230903,0.9999998778723337,-4.835582615891369e-05,-0.0004836146183229227,-0.00031547881736852806,-0.0009301467216573656,-1.0641473409123137e-06,-4.2794815800587766e-05,-0.9566073007044245,-0.01485041672758185,-0.05098420672969051
368,0.9671676121864885,0.48094703342332484,0.9999998945201181,-4.7820887628142686e-05,-0.0005022153621070783,-0.0003175603721696841,-0.0009385168668814003,-1.0554142590990523e-06,-4.278126015439475e-05,-0.9568656669904826,-0.014952621935104398,-0.05040903242651555
369,0.9692064050432061,0.48079061501995507,0.9999999098491243,-4.7274416703877345e-05,-0.0005207104118353337,-0.0003194928616415202,-0.0009478774736635387,-1.0693701142372447e-06,-4.278436930922862e-05,-0.9571274388418405,-0.01505041231184375,-0.04982183632923702
370,0.9711710440952676,0.4806556776477427,0.9999999239177474,-4.669381446549164e-05,-0.0005393628789390825,-0.00032129724661447847,-0.0009590488043613732,-9.983766631194158e-07,-4.2761157585786745e-05,-0.9573918145987523,-0.015144039727218573,-0.049223273608626876
371,0.9730629824837592,0.48054113596545844,0.9999999366099884,-4.608696556701823e-05,-0.0005582755218719591,-0.0003229924141689841,-0.0009697531932033598,-8.56250039760198e-07,-4.270702945034208e-05,-0.957658295406848,-0.015233932592547563,-0.0486140099238273
372,0.974882459006785,0.48044708124895164,0.999999947907627,-4.5459782663582455e-05,-0.0005772644809232295,-0.00032457202685272693,-0.0009806320304051042,-8.086346383606724e-07,-4.2621621318783556e-05,-0.9579264754248036,-0.015320175769761003,-0.04799476480003457
373,0.9766293086884709,0.48037463376380596,0.999999957848351,-4.481597792503364e-05,-0.0005962585658215805,-0.0003260364430144398,-0.0009916428243741393,-7.512962838518433e-07,-4.253842809486282e-05,-0.9581958613647447,-0.015403978875316842,-0.04736622852327215
374,0.9783030226190778,0.48032922718827203,0.9999999663657261,-4.415947319473002e-05,-0.0006152684111276419,-0.00032747165390158747,-0.0010026372037827969,-6.893840236443793e-07,-4.239387097994027e-05,-0.9584661505002986,-0.015484980181991887,-0.04672912045589714
375,0.9799077604056684,0.48029537511135334,0.9999999736215739,-4.3502589875140105e-05,-0.0006340763200572851,-0.0003288770151830043,-0.0010132963070645928,-6.697509888908826e-07,-4.222294246163323e-05,-0.9587373026973778,-0.015563031885679724,-0.0460842026100112
376,0.9814439116975817,0.4802707014653607,0.9999999797966139,-4.284038732480668e-05,-0.0006525708760188832,-0.00033024928070294083,-0.0010249040788039565,-6.734169346600538e-07,-4.199264329125075e-05,-0.959009262338204,-0.01563674405762126,-0.04543223982043844
377,0.9829130078510164,0.48024822791291166,0.9999999851104006,-4.216819788547198e-05,-0.0006707742424033062,-0.0003315123358912631,-0.001037029200233519,-6.415774578272249e-07,-4.17835172462133e-05,-0.9592817821601959,-0.015706913985145548,-0.04477389383389031
378,0.9843126532751004,0.4802431138909276,0.9999999895611756,-4.147352219327686e-05,-0.0006888835316055348,-0.00033267961291857023,-0.0010498525807633996,-5.792620640932e-07,-4.150464725394742e-05,-0.9595545645096957,-0.015772293106267304,-0.04410980085074879
379,0.985644789697046,0.4802492776072043,0.9999999932273862,-4.076224193599969e-05,-0.0007068859611203058,-0.00033365382014782265,-0.001061951625160873,-4.997638143322547e-07,-4.1301196226505405e-05,-0.9598272681875551,-0.015835595196572783,-0.04344053038761584
380,0.9869054807305769,0.4802964481531724,0.9999999960012903,-4.00280820950467e-05,-0.0007249531857167224,-0.0003345935589398872,-0.001074157189577818,-4.2803029032256745e-07,-4.102592088586784e-05,-0.9600993300904466,-0.015896677860083683,-0.04276664024148016
381,0.9881003335194097,0.48035904129297713,0.9999999979567943,-3.9297864209636504e-05,-0.0007428003373659579,-0.00033549790960552434,-0.0010843387572094798,-3.83580413654272e-07,-4.0726565402247796e-05,-0.9603708983421602,-0.01595558907130762,-0.04208882773795786
382,0.9892295751945769,0.4804369510014718,0.9999999992134415,-3.8569560426158926e-05,-0.0007601486235150366,-0.0003363654035812476,-0.001095457817427814,-4.0717691263125744e-07,-4.040182454858166e-05,-0.9606419206718009,-0.016011891093281307,-0.04140778384794554
383,0.9902944853455303,0.4805263884549949,0.9999999998657858,-3.784158045055081e-05,-0.0007770787630636652,-0.00033717887024777563,-0.0011066055158153176,-3.8018436043785186e-07,-4.0066594471520335e-05,-0.9609122985469839,-0.016065802610876808,-0.04072413061279441
384,0.9912955601295071,0.48063061517073136,0.9999999999819095,-3.711017971952642e-05,-0.0007936864580257721,-0.00033800462622478165,-0.0011178682325407863,-3.472659386716259e-07,-3.969772767976093e-05,-0.9611821425967545,-0.016116272762071376,-0.04003849620854058
385,0.9922353081725033,0.4807353626594731,0.9999999996103711,-3.6378427670327154e-05,-0.0008098321623823383,-0.0003386888487705041,-0.0011288473615422845,-3.256444358612498e-07,-3.933261632279901e-05,-0.9614509028474162,-0.016164748950008204,-0.03935137885506395
386,0.9931115932455149,0.48086594003493927,0.9999999987778648,-3.563131386216402e-05,-0.0008257616574775123,-0.00033928406591235237,-0.0011404934339225292,-2.788974313716608e-07,-3.8978334845130144e-05,-0.9617187217430548,-0.01621111989789062,-0.038663352827546627
387,0.9939263063912661,0.4810198210160833,0.9999999975606484,-3.488019601044309e-05,-0.0008416068031447125,-0.0003398366752735833,-0.0011502910638228059,-2.2323003179280931e-07,-3.860600082063996e-05,-0.9619852815463912,-0.016256414934380837,-0.03797488555055466
388,0.9946808417528323,0.48119270499253053,0.9999999960497092,-3.413381814684927e-05,-0.0008570907545533727,-0.00034035925661508876,-0.0011596878757700324,-2.1637048064349074e-07,-3.822216249775915e-05,-0.9622505283362955,-0.01630095150872916,-0.03728652156328797
389,0.9953763888878662,0.4813816472249631,0.9999999943318472,-3.339510877472588e-05,-0.000872145710995379,-0.0003409509021532738,-0.001169091323390603,-2.2091315088346164e-07,-3.781203960883142e-05,-0.9625146555682751,-0.016343940498039992,-0.03659884275073448
390,0.9960152519460059,0.48156766756389036,0.9999999924441731,-3.266901834769125e-05,-0.0008865894954637264,-0.0003415334095985911,-0.0011783376103267074,-2.2156076795454283e-07,-3.736307547736031e-05,-0.9627775085742414,-0.01638502592344847,-0.03591235809178274
391,0.9965977657011992,0.4817550757632338,0.9999999903130483,-3.1942349934973536e-05,-0.0009005040535923909,-0.0003420483920035618,-0.001188740599900484,-2.143719370906183e-07,-3.6940958078106815e-05,-0.9630393048382022,-0.016423881913925343,-0.03522759079270699
392,0.9971245849247118,0.4819538028185988,0.9999999879640838,-3.120818897096012e-05,-0.0009142190296600508,-0.00034251330398769956,-0.0011986857280135155,-1.7135680252522434e-07,-3.651414367659069e-05,-0.9632997629150222,-0.016461122020185105,-0.03454492228584909
393,0.9975968929004677,0.4821639176399448,0.9999999854457168,-3.047038126618876e-05,-0.0009277465457253091,-0.0003429393528578738,-0.0012076724087819457,-1.3785471253413561e-07,-3.607836052601658e-05,-0.9635588143337641,-0.016496965350983103,-0.03386477267602729
394,0.9980157798403433,0.4823846006266211,0.9999999828014071,-2.9731892930792126e-05,-0.0009409635388785433,-0.00034333273724845316,-0.0012163602514192462,-1.287040163333586e-07,-3.564136637333015e-05,-0.9638164083824141,-0.01653144436390317,-0.03318758534851026
395,0.9983824328557765,0.48261473429716556,0.9999999800686143,-2.899533078712431e-05,-0.0009538034001787948,-0.0003436988763271205,-0.0012245049001649022,-1.1151578860335576e-07,-3.519587171521223e-05,-0.9640724931277233,-0.016564668632734408,-0.03251379719731923
396,0.9986980164271595,0.482853623395663,0.99999997727933,-2.8261301517142016e-05,-0.0009662840098083591,-0.00034404055089514384,-0.0012323549017310143,-1.0711168130228543e-07,-3.474458411580522e-05,-0.9643270458118748,-0.01659671215423428,-0.03184383059736122
397,0.9989636995742441,0.48310064183453655,0.9999999744608842,-2.7530904099392115e-05,-0.0009783815236483388,-0.00034436122696082975,-0.0012398614780977368,-9.67320872291566e-08,-3.4288814904661194e-05,-0.9645800400466309,-0.01662766977617711,-0.03117809242254236
398,0.999180648643508,0.4833552942214928,0.999999971636674,-2.680445977218549e-05,-0.000990122549294281,-0.00034467197388401586,-0.0012471131049096584,-8.874783929968544e-08,-3.382874564799928e-05,-0.964831460623075,-0.01665757273220738,-0.03051697482673962
399,0.9993499808598834,0.48361545256725985,0.9999999688227279,-2.6082787972246638e-05,-0.0010014786539237913,-0.0003449697265521662,-0.0012540495954453945,-8.08845825872595e-08,-3.335759048238368e-05,-0.9650812987878873,-0.016686209034782722,-0.02986086457122596
400,0.9994728125820778,0.4838799206068687,0.999999965991548,-2.536529646657866e-05,-0.0010124425987241194,-0.0003452311191334949,-0.001260757097043097,-7.36225302944149e-08,-3.289538636683921e-05,-0.965329543500457,-0.016713774085221185,-0.0292101316262616
401,0.9995504482613613,0.4841528645948448,0.9999999631768233,-2.4650438813050257e-05,-0.0010230884243480377,-0.0003454689797972829,-0.0012672442244365811,-6.688212295102858e-08,-3.243152889600099e-05,-0.9655761168920955,-0.01674048439013866,-0.028565117704107128
402,0.999584024440998,0.4844330683399386,0.999999960423032,-2.3940637736043022e-05,-0.0010334231965988844,-0.00034569150616415835,-0.0012730634771287441,-5.817522819029364e-08,-3.196569534633185e-05,-0.9658209975774108,-0.016766485294275994,-0.027926165230661548
403,0.9995746698914941,0.484719574948738,0.9999999577577446,-2.323736465264227e-05,-0.001043393733871241,-0.0003459031399798874,-0.0012786302249878645,-5.421428284080321e-08,-3.14984802972306e-05,-0.9660641729091011,-0.016791831393183028,-0.027293614145968828
404,0.9995235181537693,0.4850111964005803,0.9999999551974089,-2.254141582545053e-05,-0.0010529870312956026,-0.0003461066678393164,-0.001283929799683392,-5.1786653187946285e-08,-3.103064198680825e-05,-0.9663056334437583,-0.01681657761225527,-0.026667792224852688
405,0.9994316945069617,0.4853071035366188,0.9999999527514251,-2.185315125335941e-05,-0.0010622124977442107,-0.00034630379852458284,-0.0012890081852674484,-4.933201580570312e-08,-3.056287762465424e-05,-0.9665453712354121,-0.016840774834652683,-0.026049012278543237
406,0.9993003109474353,0.4856065259902732,0.9999999504248899,-2.117279697491399e-05,-0.0010710800372097516,-0.00034649607363390427,-0.0012938639847561717,-4.714927470672592e-08,-3.0095892310976697e-05,-0.9667833789076117,-0.016864480663906556,-0.02543757364872195
407,0.9991304775578854,0.4859087666364779,0.9999999482203863,-2.0500455167146826e-05,-0.0010795999354686438,-0.00034668454099251266,-0.0012985020875930786,-4.504550688011477e-08,-2.9630316313335726e-05,-0.9670196490727421,-0.016887741390028427,-0.02483376321918192
408,0.9989232918524644,0.48621315362859735,0.9999999461391254,-1.9836237163015254e-05,-0.0010877815922247858,-0.0003468703020708499,-0.0013029108522459865,-4.3331755961162344e-08,-2.9167957046497723e-05,-0.9672541727121171,-0.016910604398513475,-0.0242378565390513
409,0.9986798462821791,0.4865191043681772,0.999999944181525,-1.9180335569322532e-05,-0.001095630256673201,-0.00034705430725912414,-0.0013070469722151756,-4.16981471573763e-08,-2.8707909597228784e-05,-0.9674869391842666,-0.01693311592616343,-0.023650117866369558
410,0.998401216028474,0.4868260654866332,0.9999999423476365,-1.8532808394551357e-05,-0.0011031592295189338,-0.0003472370228532374,-0.0013109436258673668,-4.0939781342785864e-08,-2.8249907283105327e-05,-0.967717942982671,-0.0169553086044954,-0.023070800665966548
411,0.9980884605244115,0.4871335343652328,0.9999999406372542,-1.789382009528482e-05,-0.0011103759529873653,-0.00034741938703360765,-0.0013146058190613985,-4.0558145286695435e-08,-2.7794341249892393e-05,-0.9679471804332618,-0.01697722752243451,-0.022500147414049338
412,0.9977426317909215,0.48744105481501815,0.9999999390499715,-1.7263482953338055e-05,-0.0011172934517845927,-0.00034760199042653333,-0.0013180956011638045,-4.0285684121954546e-08,-2.7341593434836015e-05,-0.9681746479338642,-0.01699890719038034,-0.02193838987845821
413,0.997364763425005,0.48774816452375547,0.9999999375852148,-1.6642001791100357e-05,-0.0011239190455284503,-0.00034778555169925494,-0.0013214137870818377,-3.990291830291426e-08,-2.6892049853591056e-05,-0.9684003419565711,-0.017020382857599377,-0.02138575113768853
414,0.9969558806183813,0.48805439567626197,0.9999999362421267,-1.602958433618127e-05,-0.0011302557641928784,-0.00034797054227955364,-0.001324554206803441,-3.981269003361376e-08,-2.6445991190695488e-05,-0.9686242590860235,-0.017041678213406717,-0.020842445728841346
415,0.9965169866285698,0.4883593406179459,0.999999935019541,-1.5426448573510613e-05,-0.0011363094460322982,-0.00034815747554096276,-0.0013275061501190066,-4.0304076520669696e-08,-2.6003611721883422e-05,-0.968846396552649,-0.01706281949987171,-0.020308679504247827
416,0.9960490632152363,0.48866266202575587,0.9999999339159212,-1.4832815993536561e-05,-0.0011420858423923897,-0.0003483469652746568,-0.001330315019004047,-4.0220761832188145e-08,-2.556517494353503e-05,-0.9690667521648586,-0.01708383530893105,-0.01978464978713606
417,0.9955530873634858,0.4889639353388487,0.999999932929394,-1.4248878760759087e-05,-0.001147591242485685,-0.0003485395806679908,-0.001332957879640162,-4.077325499451945e-08,-2.513083890274032e-05,-0.9692853240581769,-0.017104752912870773,-0.01927054538836976
418,0.9950300149075384,0.4892628329418452,0.9999999320577937,-1.3674831432013832e-05,-0.0011528317458708959,-0.0003486168658285145,-0.0013354552211239934,-4.141301346294313e-08,-2.4700768868856668e-05,-0.9695021110084586,-0.017125600323233757,-0.018766546977561804
419,0.9944838609970926,0.48957192857209203,0.9999999312986804,-1.310926717920096e-05,-0.0011580286377419141,-0.000347467821186565,-0.001338218804448843,-5.098510413859003e-08,-2.4511658827035993e-05,-0.9697153375406867,-0.017154768724602573,-0.018272443654008298
420,0.9939492062471221,0.49003144401690957,0.9999999329523109,-1.2542798496871422e-05,-0.001165628935165782,-0.0003455454060020593,-0.0013446635566651821,-4.763726622059039e-07,-2.4530073577164578e-05,-0.9699244479627226,-0.017193357072958878,-0.017788029575395655
421,0.9934209765930321,0.49061343223017956,0.9999999409644198,-1.2075717775129762e-05,-0.0011758494692624712,-0.0003429439695698163,-0.0013415535213425756,-2.724843625401263e-06,-2.4477628210184535e-05,-0.9701281156914174,-0.017256703661156312,-0.01731286122208972
422,0.9929225674139824,0.49132603879647296,0.9999999557627416,-1.1831022993098381e-05,-0.0011849210692785417,-0.0003406419641195531,-0.0013490275014191866,-8.873929800756741e-06,-1.7215275783155532e-05,-0.9702686720076982,-0.017241433836841156,-0.01684220213851371
423,0.992450481514475,0.4922470783596526,0.9999999811064716,-1.1964896056448368e-05,-0.0011914826736758972,-0.00034223145869445717,-0.0013623135164380074,-2.3207967387861572e-05,-2.894815572835783e-05,-0.9704520538157966,-0.017570554854960747,-0.01638364762310527
424,0.9918040650186077,0.4931547034195273,0.9999999969776906,-1.2418273663927249e-05,-0.001197541016397662,-0.0003436660609904393,-0.0013892326969653368,-3.25114669976756e-05,-2.6012800250697815e-05,-0.9706331063221273,-0.017703606359623852,-0.01593323723395443
425,0.9911671847250496,0.4936395703714863,0.9999999993281582,-1.2895681151679737e-05,-0.0011973054447109235,-0.0003416279093605841,-0.0015118119772523642,-2.2068079488235526e-05,-5.839021936185362e-05,-0.9707747514806538,-0.01801452316041112,-0.01548681910765715
426,0.9906508304561764,0.493970903522634,0.9999999820358467,-1.3582332114434313e-05,-0.001204579454684302,-0.0003468721692216516,-0.0015551424585282803,-1.6456229786854237e-05,-2.9163404304195698e-05,-0.9709406019313178,-0.018147786519369394,-0.015047860958987977
427,0.9898968310058067,0.49453664892980115,0.9999999376774568,-1.469237248932423e-05,-0.0012162162875433635,-0.0003514000797104506,-0.0016012993874028325,-3.7069752579554915e-05,-2.6154722947260207e-05,-0.971114915949746,-0.018403732686454143,-0.014614663636281116
428,0.9891699587879842,0.4945854131534496,0.9999998723540263,-1.577432104038988e-05,-0.0012180137870965724,-0.0003555789609444194,-0.0017654735129326582,-3.342997297295369e-05,-2.501926268720045e-05,-0.9712946492299669,-0.018677376388918327,-0.014186786602762725
429,0.9884265551635528,0.49426395410703966,0.9999997820137259,-1.6940757112261537e-05,-0.0012282494900516627,-0.0003563685065730058,-0.0018376215593889356,-1.1456741049187258e-05,-1.7010753834026686e-05,-0.9714378008796951,-0.019055418170442914,-0.013759887629159083
430,0.9877896615992563,0.4937633779166657,0.9999996400404617,-1.833654341901831e-05,-0.0012453292191499509,-0.00036228048785641795,-0.0018563191406428814,-5.805883574794279e-06,-3.4165239406407685e-05,-0.9716347367150381,-0.0193423534263701,-0.013340987451710539
431,0.9870506985967397,0.4935506514739019,0.9999994366407091,-2.031935836072454e-05,-0.001259180395358435,-0.00037263101226636165,-0.001902134856209159,-2.8203103283885866e-05,-2.8717932565495465e-05,-0.9717567448219303,-0.01978691354765532,-0.012920822339489053
432,0.9862071889655576,0.49321614839900035,0.9999991932394284,-2.262779407875294e-05,-0.0012617326525368303,-0.0003798648523513493,-0.0020356266759335995,-2.925046101154294e-05,-2.643818896736102e-05,-0.9719292221204432,-0.02025282709971248,-0.012510222283183296
433,0.9854402049185882,0.49203545241332053,0.9999989187840509,-2.5019160414065815e-05,-0.0012633975150909919,-0.0003856007308954531,-0.002063059713691473,-1.215748670801986e-05,-2.6256128614079697e-05,-0.9720989203367479,-0.02091480292266342,-0.012105179132350007
434,0.9847403305622667,0.48983378866254296,0.9999985365168523,-2.7489740095106125e-05,-0.001279928654980835,-0.00040115377385277994,-0.002089190762490034,-1.4841574738966301e-05,-2.3889685391176954e-05,-0.972277716885416,-0.021235997794974867,-0.01170855968796821
435,0.9838568171266237,0.4886746327742834,0.9999980962998175,-3.1203618522752905e-05,-0.0012667304329179497,-0.0004121092856606682,-0.0020266990177333355,-1.6905843949643895e-05,-1.7535206612859224e-05,-0.9724281833552593,-0.02215245511131151,-0.011319286500402844
436,0.9831348833862383,0.4860858559831749,0.9999976012788653,-3.487886032054576e-05,-0.0012524682887873888,-0.00042344358038604556,-0.0019653444178402424,-5.434452759800479e-05,-1.816038970997515e-05,-0.9725924098030716,-0.022819209621950755,-0.010942517896061444
437,0.9824982504243293,0.4829020845479863,0.9999969615639307,-3.9188605207591485e-05,-0.0012333173122969978,-0.0004463902707010569,-0.001785081229172647,-1.9477058231132105e-05,-2.8080370041614387e-05,-0.9727680058319352,-0.023161417943156817,-0.010579579256377997
438,0.9816668478736964,0.4805476642718339,0.9999962522124719,-4.441277668708722e-05,-0.00120497577787388,-0.0004601882406955514,-0.0017561281565576792,-1.1715245818777476e-05,-5.445597950137159e-05,-0.9729138675057224,-0.02304386960691579,-0.010229465363119005
439,0.9811718351865413,0.47546632021219887,0.9999954068128061,-4.9689088041015896e-05,-0.0011742091299561976,-0.0004869228364793181,-0.0016438541933894157,-8.389804133912548e-05,-2.8087097876000504e-05,-0.9730846536929136,-0.02476876233456927,-0.009896898695602034
440,0.9804875635916881,0.47173248681318436,0.9999944563788431,-5.628563022147499e-05,-0.0011397615679790097,-0.000511218573528381,-0.0015400703996419907,-3.077134897466749e-05,-1.6706975586628717e-05,-0.9732198791435596,-0.026290520960836075,-0.009580227970578014
441,0.9800488950850748,0.4659105954753319,0.9999933113093382,-6.328884560280999e-05,-0.001101303106517355,-0.0005424437873861989,-0.00151081383228302,-6.638086051680148e-05,-2.2698447922600634e-05,-0.9733882759278084,-0.027307331852937346,-0.009284411021987302
442,0.9796419233739346,0.45880740086653493,0.9999919403549463,-7.098875162702691e-05,-0.0010731786520864306,-0.0005785902189461344,-0.0015616981545463204,-3.153377110720612e-05,-0.00011760884336658995,-0.9735015871251314,-0.026123298974236667,-0.00900406421671944
443,0.979413546852857,0.454193898335148,0.9999903147735636,-8.102625589867109e-05,-0.0010282879250434786,-0.0006072503787546877,-0.0013994743349030614,-9.329415479442105e-05,-3.272977853659012e-05,-0.9736586233439124,-0.02899235512897845,-0.008746869099570292
444,0.9784115011287383,0.45360834696597263,0.99998857537875,-9.32450169420537e-05,-0.0009685839406258391,-0.0005495120142988906,-0.0015874753007665277,-5.8801153500098735e-05,-2.7224982762550845e-05,-0.9738568665829646,-0.02740212131381221,-0.008491551397271717
445,0.9752063534270167,0.4565590378630169,0.999988195485201,-0.00011132458566666483,-0.0008180182632724643,-0.0005261332645031781,-0.002023173961788416,-0.00026034435722976923,-2.2737049390650135e-05,-0.9740933609169602,-0.02665290084668429,-0.008229909093050429
446,0.9721082058893111,0.45490928016128795,0.9999894237210278,-0.0001191353648706088,-0.0007303285952790706,-0.000520678381545317,-0.002358400961384177,-0.00047508941497653723,-2.032276390635291e-05,-0.974358323483542,-0.02609996288822521,-0.00796122884466717
447,0.9690747182777282,0.4503047357959414,0.9999915414833692,-0.00011824446629368478,-0.0007170653550650609,-0.0005229604016080434,-0.0029124566353857517,-0.00023771802079863846,-1.8921447535737002e-05,-0.9746438427360262,-0.025676252928762546,-0.007686533601645918
448,0.9661868507931939,0.4444257472611397,0.9999939322582685,-0.00011139553318535288,-0.0007281508585703911,-0.0005273661816704217,-0.0033965930342674255,-0.00012186263484181836,-1.804336066473664e-05,-0.9749432013613646,-0.025308710714282975,-0.007408754958637326
449,0.9634390624626261,0.4383949204876617,0.9999961558321859,-0.00010057076456710355,-0.00075614476838654,-0.0005315985430719596,-0.0035894738975912333,-0.00010342937457608059,-1.741034163654911e-05,-0.9752515730242242,-0.024991447036177426,-0.0071295937980075524
450,0.9608301845481365,0.4329431698602726,0.9999979449206483,-8.737501342746675e-05,-0.0008099422726849126,-0.0005347846140971632,-0.0035610864870250225,-0.00011835942132165655,-1.687119728005062e-05,-0.9755655181551033,-0.02473014887654045,-0.0068496235006309655
451,0.9583779572977862,0.42847510609236256,0.9999991777831048,-7.326723158621624e-05,-0.0008889241495682095,-0.0005365911663410104,-0.003421578323468566,-0.00010369159281253815,-1.6347971761942803e-05,-0.9758825238811843,-0.024517290645763558,-0.00657030384851082
452,0.9561029052414332,0.42517236445269374,0.999999841407415,-5.945025511534201e-05,-0.0009842271741838868,-0.0005369568537424387,-0.0032396987080574036,-8.120657730614766e-05,-1.5797188827366457e-05,-0.9762007016518599,-0.024338487647723134,-0.006294526010078643
453,0.9540152432524682,0.42309211540943237,0.9999999936607593,-4.674539217640625e-05,-0.0010861789774974644,-0.000535966647796046,-0.003056731540709734,-5.905109355808236e-05,-1.5194864806089373e-05,-0.9765186301528823,-0.024180098486933466,-0.006025993786923917
454,0.9521122954885195,0.422209177014359,0.9999997308706979,-3.561361668288371e-05,-0.0011874977755505713,-0.0005337838321440723,-0.0028876354917883873,-4.01525066990871e-05,-1.4532133618905737e-05,-0.976835246011482,-0.024032069206882202,-0.005768526050251072
455,0.9503829623269162,0.42245340964207273,0.9999991635850728,-2.6240960208222934e-05,-0.0012831439589494887,-0.0005306082900490104,-0.00273571047000587,-2.6409643396618776e-05,-1.3809095726382417e-05,-0.9771497616586228,-0.023887878014382094,-0.005525634351684249
456,0.9488121232631243,0.42371567535032323,0.9999984002669448,-1.862438425895198e-05,-0.0013699188544426819,-0.0005266493948940958,-0.002601063344627619,-1.732226701278705e-05,-1.3033167335521892e-05,-0.9774615977337954,-0.02374380416020521,-0.005300313639579171
457,0.9473832934390265,0.4258614225708304,0.9999975375195618,-1.2642750531166482e-05,-0.001446139071275677,-0.0005221055121965759,-0.002482753014191985,-1.1436403838160913e-05,-1.2216033139180954e-05,-0.9777703283663627,-0.02359808243168184,-0.005094969573725675
458,0.9460801710972603,0.4287500844484442,0.999996655197747,-8.111027686064274e-06,-0.0015112140817109935,-0.0005171531550912416,-0.002379212062805891,-7.638645001861732e-06,-1.1371465306267961e-05,-0.9780756413989773,-0.02345024645399837,-0.004911428355218722
459,0.9448876452937977,0.4322395817164342,0.9999958149114379,-4.817852831396327e-06,-0.0015653106098641937,-0.0005119412005948063,-0.002288572955876589,-5.1872216317860875e-06,-1.0513783967987024e-05,-0.9783773066410234,-0.023300555793970158,-0.004750988256903389
460,0.9437922960598475,0.4361915183230628,0.9999950606980093,-2.5503015699417135e-06,-0.0016090316522324902,-0.0005065901657590595,-0.0022089113481342793,-3.6069723137188703e-06,-9.656736547098232e-06,-0.9786751518126421,-0.023149616879561453,-0.004614490401089994
461,0.9427824635977085,0.4404751355477801,0.9999944209410839,-1.1087084656776678e-06,-0.0016432027293792194,-0.0005011944778835213,-0.002138549229130149,-2.5867925614875276e-06,-8.812743491148016e-06,-0.9789690447843027,-0.02299816220600462,-0.0045023934909565475
462,0.9418482505866409,0.44497007342139233,0.9999939108873878,-3.145662252489029e-07,-0.001668730474187534,-0.0004958255122900051,-0.00207605236209929,-1.9229858025937574e-06,-7.992449016402231e-06,-0.9792588804383394,-0.0228469118262817,-0.004414844722032605
463,0.9409813293401713,0.44956831080435644,0.9999935353228049,-1.3920258996846167e-08,-0.001686524071510354,-0.0004905355038233564,-0.0020202230662107468,-1.4830761756456923e-06,-7.204526111681151e-06,-0.9795445715638942,-0.022696512280155477,-0.004351742991722433
464,0.9401747405120234,0.45417525541038034,0.9999932911323833,-7.773583750147604e-08,-0.001697448857623964,-0.0004853610803767534,-0.0019701772835105658,-1.1780596196331317e-06,-6.45565851082055e-06,-0.9798260429345499,-0.02254750470510569,-0.0043127933224441735
465,0.9394226398092018,0.4587102657545504,0.9999931695898332,-4.005351789343775e-07,-0.0017023138115358964,-0.00048032661930088656,-0.0019251772901043296,-9.562730838297284e-07,-5.750677484092134e-06,-0.9801032273121412,-0.022400323618104914,-0.004297552535629262
466,0.9387201530478041,0.4631065413090128,0.9999931583026643,-8.980703954770536e-07,-0.0017018659688883692,-0.0004754472761210912,-0.001884590950794518,-7.86579732903192e-07,-5.092765260241858e-06,-0.9803760628194402,-0.022255312399895297,-0.004305466835990249
467,0.9380631902577156,0.4673106827812245,0.9999932427961169,-1.5045871169042587e-06,-0.0016967908497976672,-0.00047073085379332785,-0.0018479760037735105,-6.493802970908291e-07,-4.483645495441081e-06,-0.9806444917362676,-0.022112717946820983,-0.004335902598053692
468,0.9374482435910132,0.4712817177077086,0.9999934077486409,-2.169987464596619e-06,-0.0016877181147661909,-0.0004661800818357653,-0.0018149042734876275,-5.359593160392251e-07,-3.92382326141848e-06,-0.9809084599907343,-0.0219727205241513,-0.004388171420591934
469,0.9368723294502226,0.4749901427528654,0.9999936379149648,-2.8571385800102515e-06,-0.0016752217642177904,-0.0004617936948801567,-0.0017850311705842614,-4.407323217492376e-07,-3.4128231784865304e-06,-0.9811679169518215,-0.021835438921371703,-0.004461550242477852
470,0.936332799424605,0.47841647985045105,0.9999939187816678,-3.5394209751770226e-06,-0.0016598269184164617,-0.00045756270025643244,-0.0017580225830897689,-3.6095755717724387e-07,-2.950216328476417e-06,-0.9814228285237823,-0.021700884896279127,-0.004555304714218104
471,0.9358255746663097,0.4815465908695553,0.9999942370296593,-4.198690326545888e-06,-0.0016420324755823913,-0.00045347137684437027,-0.0017336215823888779,-2.941384309451678e-07,-2.535360843203565e-06,-0.981673177579048,-0.02156900646151902,-0.004668705879992721
472,0.9353474295228208,0.4843731626684095,0.9999945808726606,-4.823361312547496e-06,-0.0016223064776762898,-0.00044950534578619276,-0.0017115712398663163,-2.4006320131775283e-07,-2.16624615794891e-06,-0.9819189478208932,-0.021439783091522897,-0.004801035366348082
473,0.9348986484065387,0.48690015661168967,0.9999949401845403,-5.406421778342389e-06,-0.0016010389675317675,-0.0004456571589534465,-0.001691567013040185,-1.983887898404646e-07,-1.839743015310926e-06,-0.9821601034658505,-0.021313212136806148,-0.004951580378079909
474,0.934478918789269,0.4891400921640404,0.9999953063975977,-5.944129267478018e-06,-0.0015785489908144072,-0.0004419233654779668,-0.0016733480151742697,-1.649931107294833e-07,-1.5522533233988608e-06,-0.9823965993027667,-0.021189276334431958,-0.005119636897003653
475,0.93408724054881,0.4911094883745649,0.9999956723439306,-6.435235780149096e-06,-0.0015551086803185354,-0.00043830244248272364,-0.0016567285638302565,-1.3741428972480207e-07,-1.3001460608517478e-06,-0.9826283943167996,-0.02106794614439601,-0.00530451543575239
476,0.9337222289941455,0.4928263400961082,0.9999960321234475,-6.880437423038802e-06,-0.001530955971372937,-0.0004347938571352692,-0.0016415731515735388,-1.1474776329123415e-07,-1.0799457974129671e-06,-0.9828554565731594,-0.020949193179287548,-0.00550554492040519
477,0.9333823839877695,0.4943089489786301,0.9999963809891573,-7.281921393057216e-06,-0.0015063005284100652,-0.0004313980895290647,-0.0016277384711429477,-9.661576427788532e-08,-8.883799709272408e-07,-0.9830777631237821,-0.020832994079314823,-0.005722074529436616
478,0.9330664545289963,0.4955755974116217,0.9999967152348498,-7.642916757520955e-06,-0.0014813232671665659,-0.00042811562532073114,-0.0016151133459061384,-8.229478254406786e-08,-7.224466222647219e-07,-0.9832952980904752,-0.020719325625567272,-0.005953475016435786
479,0.9327734394069701,0.4966441110175307,0.9999970320787387,-7.96739975004293e-06,-0.001456177201058444,-0.00042494582113542206,-0.001603611744940281,-7.159474080253858e-08,-5.794506713065797e-07,-0.9835080543374289,-0.02060815065758547,-0.006199141446835821
480,0.9325019445696298,0.4975316527689326,0.9999973295656068,-8.259884980874829e-06,-0.0014310029235320354,-0.0004218865411155938,-0.001593149034306407,-6.444204814215482e-08,-4.5701144764953927e-07,-0.9837160369476788,-0.020499422954520386,-0.006458497935820138
481,0.9322504632852127,0.49825480983398385,0.9999976064682559,-8.525173658065093e-06,-0.0014059261494369878,-0.00041893380677059816,-0.0015836340608075261,-6.103091010345452e-08,-3.531273482241221e-07,-0.983919264295561,-0.020393086837728877,-0.006731000568473335
482,0.9320178336213352,0.49882966167640863,0.99999786219665,-8.76814568157846e-06,-0.0013810576936227543,-0.00041608244279185317,-0.0015749960439279675,-6.074191816196617e-08,-2.660253682543828e-07,-0.98411776322815,-0.02028907788224186,-0.007016137546380242
483,0.9318031604725111,0.4992717237311274,0.9999980967013247,-8.99350677449884e-06,-0.001356487008890288,-0.0004133267817459566,-0.001567120780237019,-6.332500390726636e-08,-1.940862835743918e-07,-0.9843115660061992,-0.02018732573735655,-0.007313428477601665
484,0.9316057241090533,0.49959587775237885,0.9999983103713124,-9.205671969290498e-06,-0.0013322881856359186,-0.0004106609682654602,-0.001559954253025353,-6.739848856796016e-08,-1.3580868434023248e-07,-0.9845007087956058,-0.020087756203494848,-0.007622422976689913
485,0.9314249271663849,0.4998162525386383,0.9999985039353697,-9.408647504431849e-06,-0.0013085169178177032,-0.00040807918637493143,-0.001553401700221002,-7.254143241652855e-08,-8.979190997643677e-08,-0.9846852307662671,-0.019990289640030724,-0.007942698951189408
486,0.9312602426182189,0.499946135575704,0.9999986783717513,-9.606013154426508e-06,-0.0012852173090190666,-0.00040557599549033646,-0.001547394786030054,-7.828199244386269e-08,-5.4728596302376525e-08,-0.9848651735477582,-0.01989485158267781,-0.008273860591821492
487,0.9311112197264168,0.49999790347808537,0.9999988348299145,-9.80092378959721e-06,-0.0012624178143169353,-0.0004031462043149311,-0.0015418719267472625,-8.359845793393106e-08,-2.9402851726593006e-08,-0.9850405809066672,-0.01980136332217379,-0.008615536294752533
488,0.9309774252687796,0.49998297458679963,0.9999989745645521,-9.996116658569122e-06,-0.001240141015423173,-0.00040078501926177703,-0.0015367385931313038,-8.869950818279904e-08,-1.2689260133711995e-08,-0.9852114986075691,-0.019709750658231988,-0.008967376415575438
489,0.9308584596431061,0.49991179318372275,0.9999990988816199,-1.0193929725065217e-05,-0.001218396459008859,-0.0003984880362900757,-0.00153198535554111,-9.287992241979737e-08,-3.553036207236197e-09,-0.9853779743274125,-0.019619939894624756,-0.009329051182884416
490,0.9307539335871357,0.4997938322232193,0.9999992090956796,-1.0396338514835243e-05,-0.0011971895745950581,-0.00039625119951697556,-0.0015275543555617332,-9.626835861809013e-08,-1.0479563908482975e-09,-0.9855400575597248,-0.01953185973686582,-0.009700249023628949
491,0.9306634635077559,0.4996376132231081,0.9999993064973316,-1.0604999186744166e-05,-0.0011765200971318405,-0.00039407085551685647,-0.0015233978629112244,-9.870493755670395e-08,-4.31384441446334e-09,-0.9856977995794763,-0.019445443157380737,-0.010080674690200343
492,0.9305866763252001,0.49945075120354526,0.9999993923294089,-1.0821292463370078e-05,-0.0011563827420047034,-0.0003919437035036554,-0.0015194617444649339,-1.00522520085633e-07,-1.2572917909522953e-08,-0.9858512533778621,-0.019360626525108445,-0.010470047501209782
493,0.9305232081449356,0.4992399963213392,0.9999994677703132,-1.1046348275215263e-05,-0.0011367684126174045,-0.00038986671252548577,-0.0015157544985413551,-1.013938941696324e-07,-2.5125298304300733e-08,-0.986000473578669,-0.019277347690617497,-0.010868099918670783
494,0.9304726948031993,0.499011290821478,0.9999995339230883,-1.1281075912180788e-05,-0.0011176657323366552,-0.0003878371697499062,-0.0015122173354029655,-1.0156662000326833e-07,-4.1343837814150434e-08,-0.9861455163564945,-0.0191955488024119,-0.011274576359349446
495,0.9304347769865742,0.4987698276116369,0.9999995918092379,-1.152620550062656e-05,-0.001099062402572752,-0.00038585306717619014,-0.0015088309301063418,-1.0133896921615815e-07,-6.058835590273013e-08,-0.9862864392174544,-0.019115178308938288,-0.01168923109971581
496,0.9304090806680545,0.49852011014484565,0.999999642365906,-1.1782077307918363e-05,-0.0010809336496802623,-0.0003839126100519097,-0.0015054559335112572,-1.1001500155316535e-07,-8.254583836722065e-08,-0.9864233011799085,-0.019036226881672298,-0.01211183043690105
497,0.9303953967086585,0.4982659584820088,0.9999996864479332,-1.204984730173133e-05,-0.0010633019745615556,-0.0003820113479456952,-0.0015023525338619947,-9.072342521676546e-08,-1.0666280858919613e-07,-0.9865561626382413,-0.018958556987346203,-0.012542148725463477
498,0.9303932027865287,0.49801072757881554,0.9999997248269971,-1.2329040155488059e-05,-0.0010461029052923065,-0.00038014966969114746,-0.0014995108358561993,-9.870762340824513e-08,-1.325544241061269e-07,-0.9866850850430497,-0.018882179094391317,-0.012979968077196525
499,0.93040216569913,0.49775718949373143,0.9999997581962301,-1.262036877865218e-05,-0.0010293754471815241,-0.00037832457700874317,-0.0014965153532102704,-9.626652541783187e-08,-1.5987109512715316e-07,-0.9868101306885688,-0.018807032235764035,-0.013425077596506737
500,0.9304221159753341,0.4975078189084098,0.9999997871759403,-1.2923533688782027e-05,-0.0010130351331281635,-0.0003765351475233935,-0.0014936717925593257,-9.44013365256069e-08,-1.8831376729013846e-07,-0.9869313625827492,-0.018733060834311796,-0.013877270278853495
501,0.9304526649685874,0.49726448304907467,0.999999812317439,-1.3238804497256027e-05,-0.000997100192581594,-0.00037477998259751155,-0.001490904949605465,-9.221962926631022e-08,-2.176165473068569e-07,-0.987048844681554,-0.018660243817685808,-0.01433634775267677
502,0.9304935102712399,0.4970287740615434,0.9999998341100469,-1.356619823037275e-05,-0.0009815559088999966,-0.0003730576917545274,-0.001488197362050414,-9.02933123825278e-08,-2.4754513411753286e-07,-0.9871626415359245,-0.0185885417474598,-0.014802117457771921
503,0.9305443582248455,0.4968019775544911,0.9999998529856924,-1.3905648829990317e-05,-0.0009663871291027816,-0.00037136704857761523,-0.0014855669578537345,-8.799578665730223e-08,-2.7789508145251e-07,-0.9872728181781959,-0.018517918470786134,-0.01527439236979986
504,0.9306049217055655,0.49658509753348157,0.9999998693243238,-1.4257083140681796e-05,-0.0009515806436535898,-0.0003697069004955158,-0.0014829791616648436,-8.574964738272683e-08,-3.0848715630735934e-07,-0.9873794400260819,-0.018448340387972828,-0.015752990617789335
505,0.9306749293470035,0.4963789069434075,0.9999998834591614,-1.4620374956222066e-05,-0.00093712294061791,-0.0003680761847985085,-0.00148046447429806,-8.390961880877512e-08,-3.391649942423657e-07,-0.9874825727566304,-0.018379775939416778,-0.016237735184519205
506,0.9307541214250591,0.49618396118466773,0.9999998956815352,-1.4995360508099755e-05,-0.0009230010121293991,-0.00036647385312509154,-0.0014779912307858467,-8.167703668959803e-08,-3.697918858706179e-07,-0.9875822822059179,-0.01831219270855594,-0.016728453691027344
507,0.9308422451125932,0.4960006535579588,0.9999999062454816,-1.5381858563372114e-05,-0.0009092023153607324,-0.0003648989003231146,-0.0014755618758499622,-7.948947455815869e-08,-4.002484941343125e-07,-0.9876786342375831,-0.018245559237434067,-0.017224978165517938
508,0.9309390573469168,0.4958292265982034,0.9999999153719915,-1.5779663342805377e-05,-0.0008957151094253811,-0.00036335041908502566,-0.001473190146498382,-7.754712072483017e-08,-4.304321539365027e-07,-0.9877716946738625,-0.018179847113717482,-0.017727144901709475
509,0.9310443245168517,0.49566979476372425,0.9999999232529033,-1.618856353807147e-05,-0.000882528664439259,-0.00036182749487067206,-0.0014708678936585784,-7.53794395791374e-08,-4.602528052270441e-07,-0.9878615292144529,-0.0181150276571872,-0.018234794414711465
510,0.9311578198249688,0.49552236278440115,0.99999993005441,-1.660832002176629e-05,-0.0008696331733091107,-0.00036032930892877183,-0.0014685895293951035,-7.379512823035839e-08,-4.896329023005028e-07,-0.987948203328203,-0.018051075623142,-0.018747771392524155
511,0.9312793329344166,0.49538683530187305,0.9999999359201939,-1.7038677653016697e-05,-0.0008570188129579286,-0.0003588550106601585,-0.0014663635520264506,-7.147338720869811e-08,-5.185060614523673e-07,-0.9880317822178446,-0.017987963560603257,-0.019265924328964353
512,0.9314086558904111,0.49526306504046597,0.9999999409742951,-1.7479384082285714e-05,-0.0008446754855592786,-0.0003574038243250495,-0.0014641779707744718,-6.986790168639345e-08,-5.468138909836277e-07,-0.9881123307268433,-0.017925666561412566,-0.01978910552806895
513,0.9315455917626286,0.49515082693931073,0.9999999453236552,-1.7930173709830194e-05,-0.0008325952465184005,-0.00035597495494747575,-0.0014620424481108785,-6.810384434174921e-08,-5.745072220844199e-07,-0.9881899132570283,-0.01786415928424353,-0.020317171405835138
514,0.9316899412281718,0.49504985498613435,0.9999999490603585,-1.8390782203566602e-05,-0.0008207713122730042,-0.00035456770908186784,-0.0014599517453461885,-6.635443838831634e-08,-6.015441687970913e-07,-0.988264593742038,-0.017803420807173665,-0.020849982062493676
515,0.9318415325946602,0.4949598315255976,0.9999999522636147,-1.8860925987418036e-05,-0.0008091943024711307,-0.0003531813286962675,-0.0014579016715288162,-6.471096725135794e-08,-6.278890799306988e-07,-0.9883364355917806,-0.017743425860738377,-0.021387400970739132
516,0.9320001864091587,0.4948804319713224,0.9999999550014865,-1.934031518488441e-05,-0.0007978567055615299,-0.00035181515746400137,-0.0014559014234691858,-6.316184197885377e-08,-6.5351185976963e-07,-0.9884055016451427,-0.017684153567595586,-0.021929295351237835
517,0.9321657325137631,0.494811281692583,0.9999999573324425,-1.9828676131175134e-05,-0.0007867528089340048,-0.00035046852419813883,-0.0014539570547640324,-6.150715847752508e-08,-6.783875825284785e-07,-0.9884718541241801,-0.0176255830758851,-0.02247553618534115
518,0.9323380066109362,0.4947519983186248,0.9999999593067153,-2.0325726859620814e-05,-0.0007758762948333859,-0.00034914078977872783,-0.0014520465629175305,-6.020496101655226e-08,-7.024955024343869e-07,-0.9885355545915604,-0.017567694207037746,-0.023025997927550498
519,0.9325168540160861,0.49470218526940146,0.9999999609674616,-2.0831185026777493e-05,-0.0007652207054042762,-0.00034783130475339716,-0.0014502026606351137,-5.8677741776591574e-08,-7.258189990940532e-07,-0.988596663919659,-0.01751046610253255,-0.02358055863990769
520,0.9327021173257781,0.4946614532051051,0.9999999623517593,-2.1344757902617626e-05,-0.0007547811205720598,-0.00034653946244622604,-0.0014483934501186013,-5.7208378478890154e-08,-7.483451703514517e-07,-0.9886552422788988,-0.01745387984290926,-0.024139100036956896
521,0.9328936474602639,0.49462939940736234,0.999999963491487,-2.1866166017258968e-05,-0.0007445523613254314,-0.00034526471456630177,-0.0014466344146057963,-5.580723438924906e-08,-7.700642553975772e-07,-0.9887113491172592,-0.017397918422052273,-0.024701507148891768
522,0.9330913075756216,0.4946056101335994,0.9999999644141135,-2.239513735272671e-05,-0.0007345286045383051,-0.0003440064641773034,-0.0014449182199314237,-5.466118935260056e-08,-7.909685420346779e-07,-0.9887650431235597,-0.017342562500688954,-0.025267668205654056
523,0.9332949585267183,0.49458969672393394,0.9999999651433333,-2.2931382116745202e-05,-0.0007247046272425482,-0.00034276415097171084,-0.0014432570897042751,-5.336719866022577e-08,-8.110527741558572e-07,-0.9888163821913856,-0.017287794018195548,-0.025837474976202583
524,0.9335044608083737,0.4945812543325651,0.9999999656996141,-2.3474628085824557e-05,-0.0007150769574725012,-0.0003415372970517972,-0.001441642758436501,-5.20632497114093e-08,-8.303153679778513e-07,-0.9888654234308233,-0.017233598701606182,-0.02641082265195109
525,0.9337196889996285,0.4945798882095651,0.9999999661007072,-2.4024613336737344e-05,-0.0007056407336702962,-0.00034032534884683216,-0.0014400839572772384,-5.094402055760838e-08,-8.487550178658998e-07,-0.9889122231629206,-0.017179958768459118,-0.026987609607009813
526,0.9339405134309149,0.4945852290966933,0.9999999663620368,-2.45810540720374e-05,-0.0006963915952197774,-0.0003391278216236396,-0.0014385717222467065,-4.982084433891032e-08,-8.663728152226607e-07,-0.9889568368888595,-0.017126858599946986,-0.027567737553121446
527,0.9341668089254914,0.4945968992886833,0.9999999664970446,-2.514369460752938e-05,-0.0006873258938280277,-0.00033794426172589157,-0.0014371119905263186,-4.85736819655358e-08,-8.831719779565438e-07,-0.9889993192981573,-0.01707428412938457,-0.028151111425834544
528,0.9343984550072066,0.49461453566518493,0.9999999665175167,-2.5712286155870186e-05,-0.0006784398328372342,-0.00033677417834461585,-0.0014357012696564198,-4.769646722024845e-08,-8.991557918140957e-07,-0.9890397242579475,-0.01702221977493614,-0.02873763932103031
529,0.93463533239445,0.4946377864159443,0.9999999664338141,-2.6286563622751822e-05,-0.0006697294412317681,-0.00033561717680463855,-0.001434341655112803,-4.6611560833298427e-08,-9.143300585607102e-07,-0.9890781047999762,-0.016970652883276267,-0.029327232547048804
530,0.9348773263712739,0.4946663124804739,0.9999999662550897,-2.6866294203575493e-05,-0.0006611917116889556,-0.00033447282216216706,-0.0014330263948068023,-4.566749112200341e-08,-9.287009645871653e-07,-0.9891145131209473,-0.016919570037993426,-0.029919805462364148
531,0.9351243252673145,0.49469978404063314,0.9999999659894707,-2.745122575646915e-05,-0.0006528226218698489,-0.00033334073779069665,-0.0014317738823592663,-4.459357327846192e-08,-9.422766381893622e-07,-0.9891490005904834,-0.01686895892039521,-0.03051527547799668
532,0.9353762166281948,0.4947378787774285,0.9999999656442076,-2.804113726922791e-05,-0.0006446195375081822,-0.0003322205405486279,-0.0014305708464235067,-4.3804192273455556e-08,-9.55064771236235e-07,-0.9891816177427275,-0.016818807829641087,-0.0311135631534446
533,0.9356328931075883,0.49478028408693114,0.999999965225807,-2.863579622144828e-05,-0.00063657919145213,-0.00033111179884503063,-0.001429416355676949,-4.279186072153607e-08,-9.67075040800759e-07,-0.9892124142750351,-0.016769102259752193,-0.03171459190203174
534,0.9358942420942499,0.4948267200819144,0.9999999647401271,-2.9234984748532285e-05,-0.0006286980361269447,-0.00033001419458517794,-0.0014283099444583058,-4.2044515424777273e-08,-9.783170338021703e-07,-0.989241439051566,-0.016719832125841643,-0.03231828812920403
535,0.9361601585307594,0.49487690200540907,0.99999996419247,-2.983848990074581e-05,-0.0006209739492841011,-0.0003289274166725112,-0.0014272633707150817,-4.1101284153910456e-08,-9.88802500552484e-07,-0.989268740110926,-0.016670988022294997,-0.03292458123806797
536,0.9364305407570571,0.4949305533950153,0.9999999635876613,-3.0446111498067594e-05,-0.000613403800450645,-0.0003278511234986885,-0.0014262702316045761,-4.0320454530728966e-08,-9.985422216980384e-07,-0.9892943646830743,-0.01662255877919873,-0.03353340332771506
537,0.9367052866492753,0.4949874196432172,0.9999999629301098,-3.1057646616876394e-05,-0.0006059843957106964,-0.00032678500251585743,-0.0014253155095502734,-3.9657631845102514e-08,-1.0075478320343537e-06,-0.9893183591647308,-0.0165745339303058,-0.03414468928131048
538,0.9369842938294182,0.49504725640924946,0.9999999622238499,-3.167290345260817e-05,-0.0005987131773179825,-0.0003257287930939777,-0.0014244185294955969,-3.885351418375649e-08,-1.0158322822991126e-06,-0.9893407691320333,-0.016526905264597252,-0.034758376705550785
539,0.9372674647839441,0.495109812851972,0.9999999614726003,-3.2291708048488906e-05,-0.0005915874453411963,-0.0003246821876651849,-0.0014235691633075476,-3.8171297234157464e-08,-1.0234086418395207e-06,-0.9893616393599127,-0.016479662684871256,-0.03537440594358881
540,0.937554695507925,0.4951748742620075,0.9999999606797939,-3.2913880092087344e-05,-0.0005846050467488212,-0.00032364495343058166,-0.001422785222530365,-3.735275200256183e-08,-1.0302904711480615e-06,-0.9893810138346425,-0.016432799104289002,-0.03599271982063648
541,0.9378458965551344,0.4952422194243923,0.999999959848601,-3.353924999581778e-05,-0.0005777622916659093,-0.00032261681912718016,-0.001422045985236764,-3.687355487613786e-08,-1.0364906152982556e-06,-0.9893989357389833,-0.016386304797553854,-0.03661326371008056
542,0.9381409661317148,0.4953116426797057,0.9999999589819552,-3.416765277163949e-05,-0.0005710575162981114,-0.00032159756825455405,-0.0014213540125638247,-3.613638099864147e-08,-1.0420238602939732e-06,-0.9894154474578745,-0.016340173225948922,-0.03723598550679762
543,0.9384398130413097,0.4953829437204614,0.9999999580825735,-3.479893477693655e-05,-0.0005644875199451921,-0.0003205869480331199,-0.0014207269996404648,-3.544148796663649e-08,-1.0469045782856847e-06,-0.9894305906096114,-0.016294395396863903,-0.03786083549929472
544,0.938742336165192,0.49545593785680464,0.9999999571529881,-3.543295735969715e-05,-0.0005580505583320148,-0.0003195847910820351,-0.0014201394515112042,-3.503258838577494e-08,-1.051147180498008e-06,-0.9894444060349472,-0.016248966577535804,-0.03848776646345594
545,0.9390484482051827,0.4955304463835353,0.9999999561955543,-3.606957375426031e-05,-0.0005517438601554323,-0.00031859086175355653,-0.0014196039410308003,-3.4399732840029174e-08,-1.054766672344981e-06,-0.9894569337985928,-0.016203878363139284,-0.03911673338779362
546,0.9393580520955069,0.4956063031921298,0.9999999552124597,-3.6708652718622175e-05,-0.0005455650084556324,-0.0003176050247775262,-0.0014191207010298967,-3.379084745347427e-08,-1.0577787060561173e-06,-0.9894682132149045,-0.016159126601874612,-0.039747693496753826
547,0.9396710602466146,0.49568333708679574,0.9999999542057438,-3.735006999695102e-05,-0.000539511720525677,-0.00031662703285230816,-0.0014186876360327005,-3.341008536494883e-08,-1.060197940184924e-06,-0.9894782828487673,-0.01611470266886626,-0.04038060625243095
548,0.9399873748581958,0.495761407608619,0.9999999531772927,-3.799369277897321e-05,-0.0005335816298178036,-0.00031565674950255875,-0.0014183202292770147,-3.278274007811888e-08,-1.0620403980915536e-06,-0.9894871805242016,-0.01607060192448384,-0.0410154333413045
549,0.9403069059078416,0.4958403635716781,0.999999952128854,-3.863941788459657e-05,-0.0005277727297427989,-0.0003146940549797786,-0.001417990424670279,-3.2261823434964754e-08,-1.0633220038813432e-06,-0.9894949433456214,-0.016026820673368847,-0.04165213845567678
550,0.9406295673384439,0.4959200625872201,0.999999951062073,-3.9287143880175154e-05,-0.0005220824130536472,-0.0003137388099931811,-0.001417703926563263,-3.189532904457337e-08,-1.06405846973704e-06,-0.9895016076971728,-0.015983354119367434,-0.042290687174404415
551,0.9409552696088362,0.49600037256545304,0.9999999499784843,-3.993676420274132e-05,-0.0005165084868108257,-0.0002756116581491965,-0.0014174741227179766,-3.1378007747662195e-08,-2.2756514915448747e-06,-0.9894991501117261,-0.011164419111625004,-0.04283067604896067
552,0.933003172972018,0.4828406906133758,0.9999998295470881,-2.8725468884984964e-05,-0.00031351852497783506,-0.0002792843932596533,-0.002522393362596631,-0.0021038560662418604,-3.64224732547001e-06,-0.9895019148607926,-0.00851288661551969,-0.043353062635984874
553,0.9283800006563633,0.46887505070576574,0.9999990178562297,-2.6311265325620557e-05,-0.00021776471142829966,-0.0002656109908204684,-0.0025067792739719152,-0.0023496311623603106,-4.091551764128651e-06,-0.9894980500768267,-0.006929005584946508,-0.043745846914294506
554,0.9270704059169678,0.4629179614289218,0.9999970203174033,-2.69961582799922e-05,-0.00017366057818426768,-0.00023700637473756522,-0.0034448581282049417,-0.00365601503290236,-4.927241689429821e-06,-0.9894956104352675,-0.005782025847778065,-0.044072067607222515
555,0.9277138294852114,0.459727878700594,0.9999937853382155,-3.0281301257215182e-05,-0.00012919974922170335,-0.00020926263747192336,-0.005949025508016348,-0.0030330561567097902,-5.748810624038206e-06,-0.9894958196210566,-0.005009155150351485,-0.04431123342454642
556,0.9296239696400442,0.4584904026832992,0.9999896471559657,-3.806625136999286e-05,-8.17743080848709e-05,-0.00019282108053668618,-0.006135037634521723,-0.00016283796867355704,-6.053928292883989e-06,-0.9894989202240748,-0.004617030644767496,-0.04444632164583104
557,0.9324737377767838,0.4597080188714437,0.9999851583824451,-5.3630185312215036e-05,-5.747479515087042e-05,-0.0001726489907019748,-0.005758697632700205,-0.00012628454715013504,-6.155516663339613e-06,-0.9895033932046451,-0.0042178621039545795,-0.04447314616087217
558,0.9354083517689645,0.460848156452633,0.9999808335306241,-6.914840339050955e-05,-6.478384452596109e-05,-0.0001516748514091369,-0.005346381571143866,-8.288208482554182e-05,-6.118466366557618e-06,-0.9895103664840255,-0.0038179675357470438,-0.044395796234603185
559,0.9381975848615832,0.4615260567495022,0.9999769915308842,-8.386991799841878e-05,-9.961340898673678e-05,-0.00013080975382462123,-0.005261549260467291,-2.4106502678478137e-05,-6.308107807181028e-06,-0.9895188520798941,-0.0034049315273135053,-0.044220688225297386
560,0.9407264176444744,0.4613316458058051,0.9999738178794091,-9.683548868037866e-05,-0.00015782013093407384,-0.0001113551375344752,-0.004598647356033325,-9.813312499318272e-05,-6.49420972469955e-06,-0.9895288385052169,-0.0029965735516871523,-0.04395615228639145
561,0.942968645138075,0.4606136484856516,0.9999713852002095,-0.00010779258150864029,-0.00023283172397632788,-9.375848174759562e-05,-0.003976395353674889,-0.00010603750706650317,-6.710967394900564e-06,-0.9895399456349179,-0.0026051231015697717,-0.04361161715523568
562,0.9449531164387818,0.4595609346877995,0.999969687286539,-0.00011651989353760973,-0.00032168940033511635,-7.823198609371892e-05,-0.0034112250432372093,-0.00011741044727386907,-6.973686577151095e-06,-0.9895518734704245,-0.002239970808307115,-0.043194549136026605
563,0.9467179426714682,0.4583816338233756,0.9999686676789843,-0.00012299280369768362,-0.00042300485615309844,-6.475292084438475e-05,-0.0029368912801146507,-0.00012370971671771258,-7.286710649597637e-06,-0.9895643269538988,-0.0019040764648871715,-0.04271088560879646
564,0.9483023458359549,0.45728933057042037,0.9999682437541398,-0.000127298103480564,-0.0005366067884002943,-5.3239598832015655e-05,-0.0025643683038651943,-0.00012770072498824447,-7.643550047778158e-06,-0.9895770477243517,-0.0016001307580882837,-0.04216543730638067
565,0.9497362317718667,0.4564450987943456,0.9999683223776326,-0.0001295929628579647,-0.0006626475156681016,-4.3574068961720625e-05,-0.0023008708376437426,-0.00012798413808923215,-8.020591932914832e-06,-0.9895897608850293,-0.001328778808297271,-0.041562642732939595
566,0.9510401713421508,0.4559672339357598,0.9999688098261496,-0.00013006581381478407,-0.0008009219255726182,-3.570338970478228e-05,-0.0021424901206046343,-0.00012957303260918707,-8.519988162077185e-06,-0.9896021581627983,-0.001089817887228448,-0.04090673226853056
567,0.9522201738863938,0.45596403513159417,0.999969616950829,-0.00012870525326022657,-0.0009529596252974749,-2.945541215627992e-05,-0.002096053445711732,-0.00022112461738288403,-9.151762555002022e-06,-0.9896138904509446,-0.0008859923019978386,-0.04020381307532981
568,0.9533064982583971,0.45639816175476267,0.9999706641846066,-0.00012630030993323373,-0.001107513249109444,-2.4501186910484768e-05,-0.0021369257010519505,-0.00011249407543800771,-9.241332492796196e-06,-0.9896246276221867,-0.0007118544229077045,-0.03946286254172736
569,0.9542888882975139,0.4572047187291069,0.9999718834119701,-0.0001230742782793448,-0.001261903900539984,-2.083036393205972e-05,-0.002137827454134822,-7.488152186851948e-05,-9.639227215825972e-06,-0.9896340907858621,-0.0005634727610826707,-0.03869285921646805
570,0.9551343325875291,0.4584450785114765,0.9999732151342817,-0.00011878578044865847,-0.0014138628960827537,-1.8337063321712312e-05,-0.0024009975604712963,-0.00012880639405921102,-1.0025445151866082e-05,-0.989641972344228,-0.0004410718888504511,-0.03790238295970237
571,0.9558750579280173,0.4602081929367927,0.999974609172944,-0.00011371454293979088,-0.0015642746672510548,-1.6882705605380445e-05,-0.00281951273791492,-0.0001347540965070948,-1.0351842436536129e-05,-0.9896478592088633,-0.00034071255636506476,-0.03710000861900763
572,0.9565140561935683,0.46249499127455507,0.999976023434426,-0.00010792391411418957,-0.001719255664013406,-1.6422713641014717e-05,-0.00323262601159513,-0.00013067829422652721,-1.0619861879466669e-05,-0.9896513135163204,-0.0002614025366427256,-0.036295520721663845
573,0.9570375397788369,0.465180167343085,0.9999774241294266,-0.00010173215579638075,-0.001864015210577251,-1.5775634790103854e-05,-0.0037471128161996603,-0.00013806841161567718,-6.0420955618237866e-06,-0.9896518954029381,-0.0002957502106590079,-0.03550061627605347
574,0.9575674516901075,0.4681089269553581,0.9999789105749153,-9.532418484473865e-05,-0.0019932825235515696,-1.7789638754173512e-05,-0.004336738493293524,-0.00015621223428752273,-9.856356092322282e-06,-0.989637189257429,-0.0001615891494630321,-0.034729502644756854
575,0.9577171279662161,0.4714066719586348,0.9999802971332722,-8.811943046207621e-05,-0.002105165707760119,-2.022973093225954e-05,-0.005081688519567251,-0.00014147974434308708,-1.0531838435185627e-05,-0.989628531752447,-0.0001304719289525166,-0.03399146365442765
576,0.9578269786288912,0.47480441200193085,0.9999815271471255,-8.12981594435224e-05,-0.0022112820545542844,-2.3240921544394513e-05,-0.00569582125172019,-0.0001366058422718197,-1.079763823764271e-05,-0.9896167900174924,-0.00011471017831442123,-0.033298519935262366
577,0.9578310799146177,0.4784205154925175,0.9999826385534751,-7.471627387850734e-05,-0.0022957160111078683,-2.6895160595028608e-05,-0.00642287265509367,-0.00013281845895107836,-1.0812884177390374e-05,-0.9896008890843405,-0.00011141557132496354,-0.03266254252608243
578,0.9577263529908485,0.48209170803810136,0.9999836491623704,-6.828668156658902e-05,-0.00236725618203502,-3.126128584315791e-05,-0.007056995760649443,-0.00011372707376722246,-1.0644868618183689e-05,-0.9895800892116684,-0.00011881750570489754,-0.03209422082753787
579,0.9574948531033011,0.4857508113135138,0.9999845659603552,-6.199403741666371e-05,-0.00242455283994823,-3.640641612040461e-05,-0.007543604355305433,-0.00011294798605376855,-1.033929580433805e-05,-0.9895538279750904,-0.00013599378157722007,-0.03160340018563916
580,0.9571203215499005,0.4892598515216771,0.9999853907863028,-5.5850423325383105e-05,-0.002465548751414919,-4.240275534046591e-05,-0.007893694564700127,-0.00013210233009885997,-9.917173523277939e-06,-0.989521681329261,-0.00016249004342009084,-0.031199113887939584
581,0.9565898425939021,0.49247657912213283,0.9999861232051158,-4.987923222129867e-05,-0.0024884028374565956,-4.9321032200346845e-05,-0.008180592209100723,-0.00016509757551830262,-9.390640265972898e-06,-0.9894833096428857,-0.00019804207808020774,-0.03088959420643425
582,0.9558928847833206,0.4952639345446396,0.9999867620991368,-4.4112354801251354e-05,-0.0024922589071981155,-5.721767268683839e-05,-0.008522500284016132,-0.0001948451972566545,-8.758457851183932e-06,-0.9894384006486855,-0.0002423799320300737,-0.030682502304111712
583,0.9550226119977325,0.4974971061374344,0.999987306067171,-3.859842876671741e-05,-0.0024778647689271257,-6.611321010741421e-05,-0.009029789827764034,-0.0002069623296847567,-8.019468670726667e-06,-0.9893865977829333,-0.0002949716632617428,-0.030585128629422732
584,0.9539762843910387,0.49906772017768997,0.999987753780368,-3.3384641982141497e-05,-0.0024504319901252954,-7.602434893455523e-05,-0.009744019247591496,-0.00019780303409788758,-7.181760773322725e-06,-0.989327474151518,-0.00035498151355468807,-0.030604263482401077
585,0.9527608000584886,0.4998897439722396,0.9999881040930285,-2.8508115190928677e-05,-0.002420427276517231,-8.694737659513141e-05,-0.010629773139953613,-0.00017526454757899046,-6.271232484475777e-06,-0.9892605159671233,-0.000421557688764485,-0.030745709915698173
586,0.9513893277593127,0.4999034781344091,0.9999883559915245,-2.398240820384468e-05,-0.0024025183666614466,-9.893370369374634e-05,-0.011606013402342796,-0.0001499211066402495,-5.325575624122326e-06,-0.989185191043694,-0.0004950501654773921,-0.03101366043513864
587,0.9498824520106268,0.4990882715523247,0.9999885081731906,-1.980682102226983e-05,-0.0024114075895968587,-0.00011203758772341498,-0.012581076472997665,-0.00012970005627721548,-4.3858182712621765e-06,-0.9891009679700821,-0.0005757109653855409,-0.031410364085400946
588,0.9482583266165402,0.497469711529247,0.9999885588621344,-1.597608061473012e-05,-0.0024574757846413543,-0.00012745569843890145,-0.013496489264070988,-0.0001177887970698066,-3.4733304436602565e-06,-0.9890073057561252,-0.0006746474588486548,-0.03194013037685038
589,0.9463934169212975,0.4950816902969661,0.9999885079489895,-1.2496906872219301e-05,-0.0025526277652923976,-0.00014072670442706747,-0.014330575242638588,-0.00011839599756058306,-2.71132593186138e-06,-0.9889037582050118,-0.0007726334897598311,-0.03260168232151268
590,0.944775059952117,0.4921127650261834,0.9999883516716855,-9.373619253248833e-06,-0.0026808447936242518,-0.00015682333057070219,-0.015179584734141827,-0.0001249146444024518,-6.118788215184878e-06,-0.988782850712095,-0.0007780625646788874,-0.03339308876456632
591,0.9429783850222894,0.48827517753807625,0.9999882357763701,-6.652413030581408e-06,-0.002865818186766471,-0.00017960717628337072,-0.01613280177116394,-0.0001298200077144429,-2.551782025027473e-06,-0.9887059364801047,-0.0009555954872635241,-0.03432654222625648
592,0.9407928996799225,0.4827391427005558,0.999987978932102,-4.1471983772502044e-06,-0.003090657020184466,-0.0002028202355706494,-0.017598740756511688,-0.00017519615357741714,-9.791595706366606e-07,-0.9885873242115338,-0.0011430570305166728,-0.03539246375040265
593,0.9386061519052179,0.47659271716506507,0.9999875017624821,-2.3360964032135685e-06,-0.003349164946471943,-0.0002285821679320924,-0.0201409999281168,-0.000566957809496671,-2.4716773567683846e-07,-0.9884583789145593,-0.0013333598590993213,-0.03660132327620056
594,0.9362289249144523,0.4698418664764201,0.9999868586626157,-1.067767366131828e-06,-0.0036486808453366068,-0.00025482165832160894,-0.02338024415075779,-0.0006176087772473693,-3.1752527686374093e-06,-0.9883499279023367,-0.0018827714728756931,-0.03796764094118045
595,0.933771748173446,0.46282372198272154,0.9999861447363236,-2.954662597365587e-07,-0.004020644550299428,-0.00028553337303101524,-0.028064651414752007,-0.0009685831028036773,-9.814184042583497e-08,-0.9881864376527881,-0.0017084934395779445,-0.03950160682844807
596,0.9308959845668748,0.45476876368573793,0.9999853464730875,-2.592205946675565e-10,-0.004447867279996297,-0.0003151589351693641,-0.031016934663057327,-0.0004972757888026536,-5.912357065742591e-06,-0.9880669868060079,-0.0021943974248319646,-0.0412027500762787
597,0.927934485033229,0.44946382588100003,0.9999848092305494,-2.9798109594766944e-07,-0.004874300916879353,-0.0003707951257791812,-0.03179173544049263,-0.0004379565070848912,-1.5055831448578973e-06,-0.9878878898099379,-0.0020004509748044207,-0.04308797722031553
598,0.9229794564545836,0.44387191461295245,0.9999840228873837,-1.6337919061844853e-06,-0.005268773839874389,-0.00042333537408560445,-0.028282973915338516,-0.0007413453422486782,-3.0818140426139314e-06,-0.9876909341682213,-0.002499248215390435,-0.04511566281663702
599,0.9184789712158833,0.43978437557115346,0.9999827907655868,-3.626238573751123e-06,-0.005557858188579724,-0.000464908738971591,-0.026784606277942657,-0.0013835829449817538,-8.710454269046693e-06,-0.9875071072255157,-0.001786600727988201,-0.04727546204582024
600,0.9148928731813285,0.43989415793859377,0.9999815176077865,-5.961136470851061e-06,-0.005698284327264021,-0.0005313693402585074,-0.027639679610729218,-0.002219053218141198,-4.205886496444964e-06,-0.9872849311900342,-0.0030683607265186907,-0.04955394417595929
601,0.9095172888868744,0.43798888615087167,0.9999800474605554,-9.6887943910858e-06,-0.005772554640981191,-0.0005825707936684129,-0.027931146323680878,-0.0006638916675001383,-2.405532679749191e-05,-0.987102006651776,-0.00481089418190234,-0.051952395080275354
602,0.905268651308626,0.4381877542383457,0.999978797354514,-1.348411106104579e-05,-0.00590942869696051,-0.0006681318256248324,-0.03164725750684738,-0.0005247110966593027,-4.328330705685136e-05,-0.9868993108499993,-0.004362083244200432,-0.05444698013971157
603,0.899331635001077,0.44356037520304237,0.9999775479494695,-1.9459377186505067e-05,-0.006048993357462289,-0.0007545433977730046,-0.033403925597667694,-0.0002709821274038404,-8.523139813988506e-05,-0.9866818351726997,-0.005625431834370929,-0.05708619855125434
604,0.8938343001143616,0.4450067477975999,0.9999761721908764,-2.600489085121091e-05,-0.006402600958166048,-0.0008426230959986573,-0.03539104387164116,-0.0002653964620549232,-1.4421123590059493e-05,-0.9864279610821071,-0.002413339283730067,-0.05985872544899061
605,0.8908847460762597,0.4509436894224841,0.9999752858947496,-3.2600412995874674e-05,-0.0068601945299553505,-0.001011292951884407,-0.03667808324098587,-0.0016357990680262446,-0.00023833443772918874,-0.9862924138559657,-0.00515461531996473,-0.06272072763602456
606,0.8830751392254911,0.4540227153890995,0.9999744238297197,-4.757563181774404e-05,-0.0070314705270931145,-0.0009759484899274098,-0.03390611335635185,-0.0005129826604388654,-1.1110270786281556e-05,-0.9858846673243873,-0.0014735174870922118,-0.06587357611363082
607,0.8706042700276,0.4131360443585931,0.9999725129602244,-7.14050993643616e-05,-0.008220155519492827,-0.00093940424970824,-0.03315730392932892,-0.002512879204005003,-1.80050693383512e-05,-0.985598169322559,-0.0028646079750469407,-0.06886911816665414
608,0.8601277448751371,0.3894900590952425,0.9999680668805069,-8.289593180423345e-05,-0.007552202868647074,-0.000885432989114766,-0.03113589435815811,-0.0005581033765338361,-2.595719886548267e-06,-0.9852054248012531,-0.0034046628146412006,-0.07203685300311348
609,0.8578871536897487,0.38858684830894014,0.9999627721342929,-6.810346690848611e-05,-0.005669160578363954,-0.0008134894424672573,-0.029957406222820282,-0.0017264261841773987,-6.022442935140558e-05,-0.984932022201021,-0.0008239488377285806,-0.074419942009748
610,0.8557159721333806,0.38123504027447896,0.9999575988150533,-5.740769378302018e-05,-0.004836119272486593,-0.0006247079551429839,-0.023961447179317474,-0.0017778354231268167,-0.000111563861130224,-0.9847930150618538,-0.0006409272079507197,-0.07618589308171388
611,0.8426018101889776,0.4159639979443165,0.9999501233375603,-5.748045113298779e-05,-0.00454368567279504,-0.0004981240778414912,-0.018961360678076744,-0.00125970842782408,-0.00024433859519037163,-0.9848673455205527,-0.0004096972487009629,-0.07727343017303791
612,0.8293126539023913,0.44279500909735037,0.9999388331398799,-5.9520024861697146e-05,-0.005354836794790796,-0.000411344585493951,-0.021927783265709877,-0.0042404551059007645,-0.00044550709910738353,-0.9851586623363492,-0.00025344365427592554,-0.07778629701084358
613,0.8157208423512285,0.46123148863355606,0.9999236192710781,-6.110171454150707e-05,-0.007381570389264684,-0.00035589457967770004,-0.024005280807614326,-0.0016888269456103444,-0.0007017200446762569,-0.9856678637633136,-0.0001983670167741877,-0.07788882127823464
614,0.8014857653476276,0.4743711192648379,0.9999043117038273,-6.321416334934663e-05,-0.010294468592900837,-0.0003274837237741964,-0.021521901711821556,-0.004061560612171888,-0.000990061762108877,-0.9863928370987749,-0.00025973942339908125,-0.07770588512513306
615,0.7859349276006669,0.48498346912201784,0.9998806530008701,-6.624758065265072e-05,-0.014305063886478635,-0.00024143067270448359,-0.02244449034333229,-0.002141710603609681,-0.0014504488166783994,-0.9871819788074595,-0.0006474548476426926,-0.07781500268663857
616,0.7819961611516156,0.4736910244021961,0.9998533672589845,-4.299882853241656e-05,-0.017073246098148462,-0.00017179611764892198,-0.0229028332978487,-0.0018305578269064426,-0.0020494091542844835,-0.9880078928232134,-0.001379098222043415,-0.07839991534392514
617,0.7792802134068302,0.4563178445221538,0.9998245350216897,-2.3100556490106738e-05,-0.020329993228034145,-0.00014726773974136321,-0.023444604128599167,-0.0021262704394757748,-0.0047996647931082695,-0.988921314223458,-0.0037026604578177295,-0.07988638711204006
618,0.7794390421512329,0.44692056394917745,0.9997950542332988,-8.234670407748719e-06,-0.02480772743099865,-0.0001656943028480398,-0.020499635487794876,-0.0028410698287189007,-0.008062073002744195,-0.9900712354780041,-0.006959056229695965,-0.08205841465306038
619,0.7808739144491151,0.439567108443543,0.9997665276982896,-1.0678566083758862e-06,-0.0289319953649269,-0.00022112286769558972,-0.014141920953989029,-0.004029338713735342,-0.012657058461403376,-0.9917278869259374,-0.011486424152456858,-0.08478725886316649
620,0.7833110386838394,0.43274403094611374,0.999739567192649,-4.192838312868709e-07,-0.032011586268224874,-0.0003092009235169514,-0.010265141725540161,-0.002315993420779705,-0.018108222309799915,-0.9938443041190816,-0.01691876645142154,-0.08801388603963978
621,0.7861748833693212,0.4273544607681125,0.9997147208195106,-4.909513435641005e-06,-0.03444438861425857,-0.0004250962555066845,-0.010014870204031467,-0.0005353717133402824,-0.024429541698381237,-0.9964478678474697,-0.023181641118404157,-0.09170344152474917
622,0.7889216841201494,0.42288235055532114,0.9996924652272808,-1.3707586385801221e-05,-0.036664570517067036,-0.00048055347139848106,-0.011592698283493519,-0.0006028586649335921,-0.034010012966173515,-0.9993249525220531,-0.03319881467561921,-0.09590435333810796
623,0.790389692043881,0.39931954624261984,0.999673823532843,-2.5911376554254527e-05,-0.03780905487071322,-0.00030053524570053863,-0.011713098734617233,-0.000769342586863786,-0.016579750535920267,-1.0008352124173139,-0.021324265924665485,-0.10086193002353819
624,0.7728571813075582,0.3265668938516687,0.9996498624477081,-2.7035073887937135e-05,-0.03624112018220505,-0.00027598895003596864,-0.008998450823128223,-0.003971616737544537,-0.017692695083488193,-1.0003074978485662,-0.02077788796643092,-0.1067191128566965
625,0.7620005695314119,0.2592449975229788,0.9996202099671055,-3.0243078814851613e-05,-0.03602648121241593,-0.0003969395505855283,-0.005384250544011593,-0.004449713043868542,-0.026466016453679575,-0.9991048509156109,-0.031007823334746908,-0.11332223295488496
626,0.7673150028385453,0.2416680119978521,0.9995904229385099,-4.693672568512204e-05,-0.03761786297640683,-0.0005803615041993926,-0.005792560521513224,-0.003782866522669792,-0.035405456109336084,-0.9975858171923181,-0.04134432735834435,-0.12062425048667749
627,0.774801018664387,0.23470707595164564,0.9995660740490339,-7.078798857294377e-05,-0.04063993206679291,-0.000811850186236169,-0.009542972780764103,-0.003270925721153617,-0.04692254032094413,-0.996099037079676,-0.05584767288914224,-0.12866622799005742
628,0.781818111005729,0.22995982657711872,0.9995477210484611,-0.00010020150233638413,-0.044956855670168355,-0.0010886417901293701,-0.011020527221262455,-0.0002459380775690079,-0.060042865650355506,-0.9944980616440886,-0.0728659962955271,-0.13761714658682225
629,0.7890159764701404,0.2259848301150263,0.9995357741234472,-0.00013504554353839277,-0.049795663741425425,-0.0014086769744934208,-0.011238295584917068,-9.535151912132278e-05,-0.0747487525317061,-0.9927885556796018,-0.0922088769468126,-0.14756123482481262
630,0.7965505046645923,0.2221127877725051,0.9995304958093224,-0.00017537118526244057,-0.05494976328878936,-0.001769913992889782,-0.010427066124975681,-0.00015206164971459657,-0.09106711134407211,-0.990975197470508,-0.11374809239950504,-0.15856766276180317
631,0.8045153358506688,0.21815785906303797,0.9995320010176137,-0.00022115318690320865,-0.06028063395770111,-0.002170200556577018,-0.008885432034730911,-0.0003553088754415512,-0.10904909054805126,-0.9890591074317134,-0.13735224107518,-0.1706903731510187
632,0.8129840639578546,0.21401999754770168,0.999540257046735,-0.00027227639871685365,-0.06565313938532126,-0.002401871411013989,-0.007687575649470091,-0.00026237519341520965,-0.1287423981284513,-0.9870397622895631,-0.16297975127425549,-0.1839769613631895
633,0.8123968812612637,0.22276834261236514,0.9995550835768107,-0.00032360751772828316,-0.07170750449218839,-0.0021547117784790778,-0.0067242770455777645,-0.0006242209346964955,-0.08240992758641436,-0.9875461461937693,-0.119601138653095,-0.19843204756
634,0.7779076583397948,0.2982926478356991,0.9995591221560083,-0.0003443446338274768,-0.07947717928525733,-0.002269169929458299,-0.008001601323485374,-0.0054001878015697,-0.08287029906848034,-0.9913520195491862,-0.1158535868863856,-0.21396757725782833
635,0.7576480140464174,0.3694988441894147,0.9995534626857266,-0.00035967118481648383,-0.08528557406843802,-0.0026099973945016564,-0.007274614181369543,-0.005957593210041523,-0.10005973912045137,-0.9962966326917239,-0.14054580247364976,-0.230544437525444
636,0.7631502452474829,0.38076689457934787,0.9995472347891285,-0.0004090268608587053,-0.0899362688899365,-0.002182623178637732,-0.010135185904800892,-0.012734157964587212,-0.047717310203658936,-1.0018458487220498,-0.06683039788661327,-0.2482925206387451
637,0.7449132460939255,0.28333803956678855,0.9995407613944524,-0.00043424231195031063,-0.09263105811573444,-0.002486263408511049,-0.01616130955517292,-0.003736987942829728,-0.10054772184409455,-1.0044722620409263,-0.14015983874204574,-0.26783135835277383
638,0.752380016225547,0.2750753426359073,0.9995321118909347,-0.0004938533520840487,-0.09927405631130169,-0.0028309746709151828,-0.009928158484399319,-0.003326017176732421,-0.11771456674902865,-1.008169926974269,-0.16358698324890614,-0.2889991857434345
639,0.7614050236972991,0.2704352573936782,0.999530208077966,-0.0005576797871893495,-0.10499540791008673,-0.0032342642048241994,-0.00803445465862751,-0.003642322961241007,-0.13676990028908556,-1.012047724494064,-0.18976377093313346,-0.3118959339659175
640,0.7712809800376226,0.2688587301177235,0.9995350913098713,-0.0006274586698025433,-0.11175018135205568,-0.0036813703730050836,-0.007275762967765331,-0.000254678976489231,-0.15774886781729164,-1.0161186571048964,-0.21821947690441582,-0.33664627855916035
641,0.7821351672728515,0.26920550343857963,0.9995466553313382,-0.0007026983894311287,-0.11870194002985676,-0.0037555833307424662,-0.007047569379210472,-0.00023358773614745587,-0.18070779789664493,-1.0203988643032684,-0.24890500833369852,-0.36333714934807426
642,0.7816140329844049,0.22781154226003925,0.9995646462634812,-0.0007702840228952483,-0.12556262086332654,-0.0038762075205737243,-0.0074466802179813385,-0.0011598685523495078,-0.18561603608433944,-1.023700138684893,-0.2558942112298227,-0.3921879659499401
643,0.7817659574832736,0.1898895637939789,0.9995749953564664,-0.0008333494761025552,-0.1329838524189559,-0.004379412775075125,-0.0065176766365766525,-0.0015869287308305502,-0.19238679609751572,-1.025100133767823,-0.26685860915065696,-0.4233177158694478
644,0.7942738188005647,0.1917622673084014,0.9995916046958772,-0.000912172259250253,-0.14062781183694695,-0.004941049174391038,-0.008023595437407494,-0.0008476699003949761,-0.21722787244170447,-1.027460116104744,-0.3025387629467372,-0.45664880634370525
645,0.8080374329804378,0.19556006194641126,0.9996140729763539,-0.0009953312098316474,-0.14821009390020648,-0.005560887511398591,-0.010504936799407005,-0.0007243510335683823,-0.2441622313280723,-1.0298396476617524,-0.34085035201079117,-0.49230899886106605
646,0.8227499602340863,0.2004897512386333,0.9996418696874085,-0.0010832448894341656,-0.15625374287866112,-0.005896842846242974,-0.011543197557330132,-0.0003099608584307134,-0.2731915698705762,-1.0322582938984568,-0.38159560046480495,-0.5303882480729443
647,0.8239934857829376,0.241300599064177,0.999674316585373,-0.0011723939876480368,-0.16552739578356832,-0.005930034017899243,-0.012081610038876534,-0.0003370419726707041,-0.2796345701407284,-1.0388834252932675,-0.39655168670300206,-0.5713341381587145
648,0.8070618606077002,0.3438563211302418,0.999696724875232,-0.0012452258554510793,-0.17669967459368288,-0.006372261129828766,-0.009501880966126919,-0.0007822112529538572,-0.2689610784132933,-1.0461200892111686,-0.38125060603612837,-0.6148711445388075
649,0.8104954989029636,0.40044459450346176,0.9997166219267385,-0.0013244956303463888,-0.18691271733789064,-0.0069952071253574066,-0.006231935229152441,-0.004757772199809551,-0.28496082941935214,-1.0564753139314653,-0.401714551570264,-0.6613921760988041
650,0.825381303279287,0.4288316043090542,0.999740926104489,-0.001411233556214593,-0.1960705521587277,-0.007628207998687638,-0.007972709834575653,-0.003420061431825161,-0.31487409649260095,-1.0666917598325607,-0.44035458064421185,-0.7106177908515111
651,0.8407311243071234,0.4536497996771837,0.9997689368225776,-0.0015014966658771938,-0.20518135735248547,-0.008298890639233846,-0.008817935362458229,-9.47124426602386e-05,-0.3464955974877322,-1.0778288461849006,-0.4801044179544747,-0.7627111469782878
652,0.8566403392178009,0.47535771659489534,0.9997998115260509,-0.0015928218404654038,-0.21381671856314385,-0.009014164561736851,-0.009095292538404465,-0.00014639180153608322,-0.3797154074612609,-1.0899644855862094,-0.5211106124372196,-0.8176386559587405
653,0.8728084418799704,0.4916327171831135,0.9998325597876105,-0.0016828735871992411,-0.2212867889844707,-0.009776033341331257,-0.010088388808071613,-0.00036235619336366653,-0.4143988390582247,-1.1031790236615198,-0.5632067048358589,-0.8752672500842293
654,0.8886539617535957,0.49959100874964946,0.9998660432646478,-0.0017695796118714319,-0.22697741752850717,-0.010586665383982738,-0.011983068659901619,-0.0006177776376716793,-0.45039212407439194,-1.1175579254165462,-0.606177268266774,-0.9353667786012025
655,0.9034153912509001,0.49696635802319733,0.9998989756626082,-0.0018509977151899251,-0.23034174356590092,-0.011446315013739258,-0.013873358257114887,-0.00043486079084686935,-0.487482457967149,-1.133187054519207,-0.6496111527174208,-0.9976282750652306
656,0.9162125210582396,0.48208309977240765,0.9999299227103424,-0.0019258057012424413,-0.23122616677606309,-0.01235331100802258,-0.014723267406225204,-0.00012313375191297382,-0.5253942406692523,-1.1501453161011266,-0.6929788837827147,-1.0616973167146153
657,0.9261416708536211,0.4533701740819622,0.9999573021540762,-0.0019932132099737252,-0.22972487618068138,-0.012770520484593506,-0.014585385099053383,-4.541351518128067e-05,-0.5638333421046314,-1.1685003737547266,-0.7357361808488831,-1.1271813162362763
658,0.9195012169689899,0.35645671731334166,0.9999793837789112,-0.002066289337136289,-0.22910200295682132,-0.012689900393820949,-0.015972355380654335,-0.00020849354041274637,-0.5632158696508286,-1.196854571907055,-0.7339040574686622,-1.1949992002509444
659,0.8934233311911765,0.1567063776330617,0.9999915385176882,-0.0021122038484608875,-0.23087365351469483,-0.013428013815234396,-0.015352225862443447,-0.0009861646685749292,-0.5285294543128681,-1.229151766300346,-0.6877766232953816,-1.2636024364578369
660,0.8899417675042635,0.06837967337816778,0.9999984604364817,-0.002094679467971749,-0.2267943446764811,-0.014198637456899244,-0.01233036071062088,-0.0011830113362520933,-0.5533396985543548,-1.2671855321620205,-0.7241326054080812,-1.3328080264186062
661,0.8843906064000803,0.02112531637647229,0.9999996586572879,-0.0020697966573745515,-0.22122885179853682,-0.01501136717415306,-0.010506314225494862,-0.0005635061534121633,-0.5764613379987844,-1.3110739066334347,-0.758174971510364,-1.4019926993905774
662,0.8770901067234524,0.004405205091456776,0.9999934144169752,-0.0020389571553419213,-0.2143017793056008,-0.016034925861259347,-0.013179878704249859,-0.0010476938914507627,-0.6076796017403638,-1.3597717552627548,-0.7898320658324023,-1.4699235208430603
663,0.8689766216888934,0.0018576045206086253,0.9999778612291752,-0.002062005487993841,-0.19604861518554215,-0.01713879710303419,-0.014019901864230633,-0.00034646582207642496,-0.6371424373749386,-1.4132867295155125,-0.8166716114180635,-1.5356766898827023
664,0.8543380307602313,0.0008756413077827287,0.9999509845056372,-0.0020904233571371732,-0.17466742035187585,-0.018287564572377707,-0.013992104679346085,-0.00026203322340734303,-0.6669960322520193,-1.469011632314757,-0.8389096218304496,-1.5978282988555348
665,0.8334464496473386,0.0003815439713481637,0.999910623367229,-0.0021168143046554912,-0.15314501210039255,-0.01947021952755166,-0.01319914311170578,-0.00010025652591139078,-0.6959754864467773,-1.527183470741227,-0.8558880227899492,-1.6559170598344084
666,0.807560175373365,0.00015228633268555357,0.9998544697090018,-0.0021457189614283952,-0.13236902981111795,-0.020683357732173557,-0.012101568281650543,-0.00019209581660106778,-0.7240700398023034,-1.587197069058107,-0.8668836536391692,-1.709355671474687
667,0.7782280180106541,5.4748903785955877e-05,0.9997800688424754,-0.0021817447951429955,-0.11320172069356722,-0.021925193667834377,-0.010961145162582397,-0.00026090414030477405,-0.7512647414811904,-1.6483916471333122,-0.8713145467108927,-1.7576501338044626
668,0.7470961848490728,1.7267464696225807e-05,0.9996848199555501,-0.002229644259926104,-0.09640511528959013,-0.023220277067130302,-0.010036029852926731,-0.0002580101718194783,-0.7775524006165491,-1.7101046190068043,-0.8686909824587243,-1.8003944450256126
669,0.7392402797530442,1.801070924374418e-06,0.9995659766757129,-0.0023233969759179165,-0.08833647061446553,-0.024699690208519802,-0.009434690698981285,-0.000330747221596539,-0.753137125263325,-1.7672638296537135,-0.8606140884376235,-1.8329227390873724
670,0.8187749946389528,1.5582587397306982e-09,0.9994206509793823,-0.002561138346972899,-0.14531769280221504,-0.02621362325340488,-0.010068602859973907,-0.001527647953480482,-0.753647425500501,-1.8194735164794011,-0.8489529101136359,-1.8554700421937762
671,0.851947625494039,1.1527901459864981e-12,0.9992458046860062,-0.00280066970799059,-0.24130568525114038,-0.027739593293886707,-0.012952585704624653,-0.0012540961615741253,-0.7641441453592273,-1.868033458730385,-0.8366683176434395,-1.8726340709622191
672,0.8452023071446235,7.765722685632715e-16,0.9990382591528602,-0.003053608662678855,-0.3554368010487922,-0.029293819791580092,-0.01457345113158226,-0.0003996225423179567,-0.7815388978198539,-1.9141577052697583,-0.8229820477745201,-1.8879713942015917
673,0.808959058518233,4.578322198716515e-19,0.9987946937078259,-0.0033307143865790585,-0.4747245989565156,-0.03087904798010122,-0.01458947453647852,-0.00024422031128779054,-0.8036073375159867,-1.9588254782366317,-0.8069679899135612,-1.9045389496809468
674,0.75426147953204,2.154890593612698e-22,0.9985116469563419,-0.0036426139424867864,-0.5911334919578081,-0.03249284930525279,-0.013973048888146877,-0.00013697237591259181,-0.8287441068926363,-2.002874945495894,-0.7879106595247201,-1.924913408612867
675,0.6907904752586765,7.452304805929056e-26,0.9981855182958395,-0.0040000959033266136,-0.6995370549871031,-0.03431346434402233,-0.012965983711183071,-0.00013466557720676064,-0.7557663378367911,-2.045217826689984,-0.7742240062498152,-1.9409196500764871
676,0.7432148491137911,7.936674230789032e-22,0.9978125858200128,-0.0050845795910117175,-0.5850319865882789,-0.03628270226892427,-0.011986780911684036,-0.00023818276531528682,-0.7231427332570514,-2.085214515485381,-0.7425703742815332,-1.9545930547658708
677,0.796640403187156,4.975192080350951e-18,0.9973889261333028,-0.006214325404895454,-0.4762438880560656,-0.03832766046064208,-0.012404875829815865,-3.463979737716727e-05,-0.6927382694170867,-2.1201265096001918,-0.7227453126202468,-1.9556677377414897
678,0.8233262341471708,2.671838056515307e-15,0.9969105636249662,-0.007222570798165562,-0.40133715092909283,-0.04041317300357022,-0.012912007980048656,-0.0002735631715040654,-0.6735107902076463,-2.150201531828091,-0.7135791394677612,-1.9501663979548152
679,0.825351017726622,3.348546502243576e-13,0.9963733609920896,-0.008103612945495123,-0.34910182903912584,-0.04255611240937757,-0.012529575265944004,-0.0017820236971601844,-0.6622367824207082,-2.1753512147990293,-0.7138067870820228,-1.9391495504255722
680,0.8078188882010822,1.6845467169149397e-11,0.9957730525924151,-0.008862193216947983,-0.3126416391865706,-0.04476426568091699,-0.011143467389047146,-0.0012818133691325784,-0.6561956231927861,-2.1956641408081525,-0.7223158102831669,-1.9233870303819087
681,0.7765728825197857,4.521985922876772e-10,0.995105247540078,-0.009509887426770947,-0.2875965262137047,-0.047010891142754994,-0.009901205077767372,-0.0006077085272409022,-0.6533074607821409,-2.2113464454728873,-0.7377663868935896,-1.9034816157127035
682,0.7370443934836517,7.639038309680737e-09,0.994365433134108,-0.010060629337276937,-0.27103267374412954,-0.04926892380349873,-0.009292091242969036,-0.000143266239319928,-0.6524077057240976,-0.24606249173277212,-0.7590623664265614,-1.879935134367428
683,0.6935787626472107,8.983834069999249e-08,0.9935489785905117,-0.010527618891008257,-0.26087524820730434,-0.05152997342357695,-0.008823396638035774,-0.00010731408110586926,-0.6527991870538628,-0.24361835275714833,-0.7855104847860871,-1.853189307272015
684,0.6492394938829879,7.804327853840861e-07,0.9926511391190538,-0.010922712058433943,-0.25561628396255837,-0.05379382129570527,-0.008446989580988884,-9.50313697103411e-05,-0.6540528491565198,-0.24237489401773127,-0.8166259400967801,-1.8236542194350451
685,0.6059982952702219,5.204805675348992e-06,0.9916670603910126,-0.011256283874747362,-0.2541179103971863,-0.05606315582104092,-0.008131003007292747,-8.241507748607546e-05,-0.6558961331867237,-0.24219453203458197,-0.8520307254466509,-1.7917245470700642
686,0.5649971347421245,2.7415247347167614e-05,0.9905917834061158,-0.011537304035433602,-0.25549911486659255,-0.058341668433768555,-0.007832403294742107,-7.616217044414952e-05,-0.6581528213467533,-0.24295273708126688,-0.8914108533248982,-1.7577878973309125
687,0.5267955595999335,0.00011675352358245644,0.9894202497801002,-0.011773490717705495,-0.25906726201288854,-0.06063332065453639,-0.007531114853918552,-7.534484757343307e-05,-0.6607102648205802,-0.24453715420729136,-0.9344942357561541,-1.722228107045526
688,0.4915711593280152,0.00041052908405078307,0.9881473074733487,-0.011971482905686876,-0.26427396607387815,-0.06294190049687813,-0.007236490026116371,-7.508663111366332e-05,-0.6634969664081596,-2.2203419560257127,-0.9810346530374895,-1.6854253401398143
689,0.4592684464160046,0.0012153749415058728,0.9867677169802375,-0.012136999935218698,-0.27068377163117396,-0.06527077738923771,-0.006972427014261484,-7.019683835096657e-05,-0.6664650423711824,-2.211550733764598,-1.030800864323113,-1.6477543190366515
690,0.429702569584407,0.0030862087899125746,0.9852761579983284,-0.012274965449807565,-0.27794913617850026,-0.06762284603727216,-0.00675825634971261,-5.9401434555184096e-05,-0.669575459833545,-2.201201804054322,-1.0835713342399056,-1.6095817576828888
691,0.4026272575227746,0.006841642442885563,0.9836672365954886,-0.012389595792182509,-0.2857894455169882,-0.07000060252640943,-0.006599011830985546,-4.55025328847114e-05,-0.6727878568310116,-2.1895533118120625,-1.1391337621949813,-1.5712638489450292
692,0.3777763275004678,0.013464749725995118,0.9819354928916424,-0.012484471267993227,-0.2939751528450305,-0.0724062667019047,-0.0064879474230110645,-3.222185841877945e-05,-0.6760580937259703,-2.1768349573540435,-1.1972872213286692,-1.533144284702024
693,0.3548870615387636,0.02389861784827489,0.980075409270653,-0.012562614789015412,-0.302319066994349,-0.07484187376202889,-0.006413315422832966,-2.1694082533940673e-05,-0.6793445541032096,-2.163248416380131,-1.2578443168533011,-1.4955527461945783
694,0.3337125006778935,0.038811030833051846,0.9780814191371779,-0.012626590261968785,-0.3106749426537916,-0.07730930988995856,-0.0063634333200752735,-1.4261368960433174e-05,-0.6826190747849858,-2.148969061858705,-1.3206316637102065,-1.4588033556021254
695,0.3140281089428685,0.05841544289365228,0.9759479162328787,-0.012678609388795682,-0.3189400672345138,-0.07981031497021178,-0.006329274270683527,-9.3560165623785e-06,-0.6858742187565011,-2.134148680106392,-1.385488512411239,-1.4231925918253991
696,0.29563600745577623,0.08239750676896115,0.9736692645250649,-0.012720616292911524,-0.32705612154037306,-0.08234648678022856,-0.006304532755166292,-6.247885721677449e-06,-0.6891195323501537,-2.1189184621957002,-1.4522646671497954,-1.3889967664108216
697,0.27836736650628574,0.10995736243137426,0.9712398086780102,-0.012754321588013715,-0.3350036452913541,-0.08491927807759694,-0.0062854415737092495,-4.30249428973184e-06,-0.6923657626366136,-2.1033915225731143,-1.5208187674758193,-1.3564699869348744
698,0.26208180157870387,0.13996046709333496,0.9686538851133975,-0.012781184964558592,-0.34279003858418156,-0.08610932547152594,-0.0062697883695364,-3.080102032981813e-06,-0.695605509266515,-2.0876646352161576,-1.591018099717329,-1.3258438966131307
699,0.24728027500972974,0.1531838803100518,0.9659058336637242,-0.012619851337757693,-0.35517880666209456,-0.0823697308651357,-0.006422184407711029,-2.619612860144116e-05,-0.7281427030253703,-2.0598530816549445,-1.4978800623946367,-1.2941217267738738
700,0.231629521125405,0.09993343366658021,0.963190664948061,-0.011706693886682818,-0.38932511224516647,-0.08073610488989737,-0.006993887480348349,-0.00381537270732224,-0.7321232051577812,-2.018293633882289,-1.4820053009735237,-1.2606889679291633
701,0.2128879902604511,0.07709949865834713,0.9605750102755908,-0.01099788420573741,-0.42147935444644685,-0.08024854974058089,-0.007360519841313362,-0.00027994622359983623,-0.7242580432587411,-1.9698007818850483,-1.4934444599048167,-1.2270757819339067
702,0.19522397003004216,0.07300218275194242,0.9580242632320592,-0.010446355560790929,-0.4511560531617385,-0.08041701078302771,-0.004719041753560305,-0.0028049801476299763,-0.7128281322143661,-1.9190215911752515,-1.5201480990843257,-1.1944095946334525
703,0.18006273071243784,0.07853159210099848,0.9555057909541087,-0.010000086248608929,-0.4785024919695835,-0.08098214759009899,-0.0048066661693155766,-5.659357339027338e-05,-0.7031847047940312,-1.8692659085931742,-1.5547727534400004,-1.163626262741778
704,0.1673335406784857,0.08964421266335983,0.9529898314473216,-0.009620614376723078,-0.504119591182187,-0.08182823070091479,-0.005375132896006107,-0.0003208209527656436,-0.6972651114789115,-1.8225980288603336,-1.5936975814093928,-1.1355200564336536
705,0.15647767398026846,0.10294385975579466,0.9504496750010699,-0.009281256579664842,-0.5284936762821044,-0.08293394620958168,-0.006807876750826836,-0.000715062371455133,-0.6954058745753801,-1.780062065024118,-1.6358352275848886,-1.1106596197039196
706,0.14675416300344407,0.11807081093432928,0.9478627793017085,-0.00895758336374764,-0.5531728390302276,-0.08426809746942802,-0.008030903525650501,-0.0005449146265164018,-0.696661393724785,-1.7419856667603388,-1.68028465960078,-1.08950100403999
707,0.13775301928522932,0.13247372113065584,0.9452111622571926,-0.008636016290128749,-0.5787713044011172,-0.08578565906179035,-0.00773966358974576,-0.00017971207853406668,-0.7000242119768315,-1.708275112124242,-1.7264151106159993,-1.0724086153952892
708,0.1292471735683671,0.14263951207493286,0.9424798907086132,-0.008309529423831093,-0.6053744630344315,-0.08775720178480166,-0.007467562332749367,-7.145363633753732e-05,-0.704112300486521,-1.679216180694783,-1.7783177794003122,-1.0602126918762487
709,0.12239093199701015,0.13436506969270853,0.9396439797383216,-0.008014591158308847,-0.6273066098258476,-0.08990718437380053,-0.007161106448620558,-0.00010094010212924331,-0.7089450253103112,-1.6543537080487232,-1.8317516580506306,-1.053479602030629
710,0.11564425624425809,0.11842176289581885,0.9366713660425656,-0.007717280763520461,-0.6485114081812837,-0.09215839115817935,-0.00698458356782794,-0.00012562281335704029,-0.7139637612533263,-1.63343213641835,-1.887571502143865,-1.0529409145409283
711,0.10880871978800298,0.09991520664073833,0.9335579039035662,-0.0074113131736930505,-0.6703019417629368,-0.09449715130477249,-0.006926485802978277,-4.0809183701639995e-05,-0.7192178030633777,-1.6156123276266836,-1.944590083491765,-1.0588138599889934
712,0.10198554074553619,0.08118797498665829,0.9302994302463695,-0.007097495584067553,-0.6929966735842354,-0.09691552406487658,-0.0068470872938632965,-2.098648838000372e-05,-0.7246075914989034,-1.6003704444418858,-2.002763443748093,-1.0714330405381542
713,0.095257377123455,0.06396084396670916,0.9268917894572285,-0.006776290894054506,-0.716854995733661,-0.09940861518417733,-0.006705384701490402,-2.9347189411055297e-05,-0.7300503539933512,-1.5872831491085035,-2.0620999101612476,-1.0911403341863426
714,0.08868160594814391,0.049236779016414725,0.9233308435455508,-0.006447994122231151,-0.7421299712036074,-0.10197323912446385,-0.006521264556795359,-5.675678767147474e-05,-0.7355014867188682,-1.5760072791983344,-2.1226328764752704,-1.118293230609742
715,0.08229389613219219,0.037319969441364204,0.9196124827884242,-0.006112884185215622,-0.7691666502717931,-0.10460530264435813,-0.0063505033031105995,-7.39094612072222e-05,-0.7409029117824728,-1.5662629589406878,-2.1843496846740393,-1.153268156805583
716,0.07612079386037751,0.028049638756132072,0.9157326367894485,-0.005771304755312764,-0.7984376518783586,-0.10729778664844071,-0.006217932794243097,-5.510338087333366e-05,-0.7461312658281187,-1.5578194679312425,-2.2471397417063805,-1.1964621789172194
717,0.07018803957599364,0.02107767071780214,0.9116872858959167,-0.005423640412266996,-0.8304598126364899,-0.11004248879058257,-0.0061063920147717,-3.0445286029134877e-05,-0.7510391948673311,-1.5504842629027689,-2.3108482111834987,-1.2482974624408203
718,0.06451709529022268,0.01601487343374545,0.9074724730000013,-0.005070261154890041,-0.8656695315390398,-0.11283213241392628,-0.006005251780152321,-1.801002690626774e-05,-0.7555654546708094,-1.5440954085409024,-2.375346428983337,-1.3092291673000171
719,0.05911631770853965,0.012466866974753394,0.903084315795255,-0.004711597143196796,-0.9044157614886855,-0.11566070072038795,-0.005915168207138777,-1.1960789379372727e-05,-0.7598062492753594,-1.5385166158220294,-2.4405469044149912,-1.3797534735673853
720,0.053980196350191786,0.010041072342052886,0.8985190195246512,-0.004348292396331591,-0.9471074864924868,-0.11852315427353387,-0.0058363680727779865,-8.024123417271767e-06,-0.7639743543257077,-1.5336334016379147,-2.5063870403761084,-1.4604120791443158
721,0.049100841295865574,0.008372216883632672,0.8937728901450499,-0.003981281651136091,-0.9943321186375579,-0.12141490609650228,-0.005766469053924084,-5.279765900922939e-06,-0.7683027486609184,-1.529349356147929,-2.5728107862511043,-1.5517914675232833
722,0.04448010266636489,0.007162162275737613,0.8888423477652935,-0.0036118038436699757,-1.0467249563052448,-0.12433091360901549,-0.005701827351003885,-3.489632945274934e-06,-0.7730352660759078,-1.5255827082728417,-2.639762981022355,-1.654515860583289
723,0.04012867360253147,0.006203357186280321,0.8837239403166562,-0.00324149068123845,-1.104635345722731,-0.1272649081979555,-0.005638874135911465,-2.4236001081590075e-06,-0.7785515287954983,-1.522263981245064,-2.707198623737668,-1.7692322933991473
724,0.03605441058273718,0.0053608968968317594,0.8784143575804575,-0.002872548621936317,-1.167924331900517,-0.12846842857886426,-0.005574441514909267,-1.8783925952448044e-06,-0.8165910643882157,-1.518723601087353,-2.7166787852688357,-1.8918218036352108
725,0.03157743965819047,0.0001032309349721023,0.8730109897895243,-0.0022810034828073407,-1.2015054563903607,-0.12995559470213172,-0.005655966233462095,-9.370879706693813e-05,-0.8597102646158178,-1.5150113576397142,-2.7548591948682875,-2.0218158016291894
726,0.02819382281333685,1.0422369589261149e-07,0.8676987758694833,-0.0017356394405194505,-1.2220761586843205,-0.13187593698231653,-0.005849556531757116,-3.120766268693842e-05,-0.911434303848867,-1.51081400093853,-2.8011484335374917,-2.1541005910699327
727,0.025832074787512482,1.1132862435759406e-11,0.862449182339755,-0.0012948403762032422,-1.2339071960131152,-0.13405859981247334,-0.005848211236298084,-7.506934707635082e-06,-0.968233725963748,-1.5065642134977868,-2.854573315927204,-2.290626874469475
728,0.02421587663428162,1.7304588261484888e-16,0.8572329110913417,-0.0009479303510705823,-1.2364243481936301,-0.12463411182435026,-0.005784313194453716,-1.3380386008066125e-05,-1.0309531060614945,-1.5023974966843652,-2.9132795355730345,-2.4317982056024414
729,0.01968155878845911,2.8938984268918657e-17,0.8520187155854269,-0.0005110874609311666,-1.2226848372454953,-0.09273561507657964,-0.005956355016678572,-0.0005213980912230909,-1.2095899297200887,-1.489315704972569,-1.238379572820795,-2.5833392212492785
730,0.010847943796631562,1.376150436334754e-09,0.8472552656769043,-3.810741799327374e-05,-1.2407285230924003,-0.08842221036875478,-0.005026488099247217,-0.00463807163760066,-1.3900097111704306,-1.4680723289259454,-1.336943051430922,-2.7504644875789492
731,0.010296261373565901,2.1310461774002072e-11,0.842701597561573,-7.729740418519701e-07,-1.3304342404315022,-0.0876427052764034,-0.01014540996402502,-0.021274995058774948,-1.7710139457060743,-1.4463815893054313,-1.2688867392265772,-2.932909348240917
732,0.00978358461628728,2.9048746333425386e-13,0.8379879914918498,-1.4930894793144796e-05,-1.3978716793419088,-0.07905140211894797,-0.015109406784176826,-0.012440676800906658,-2.9197626082538273,-1.426678581348237,-1.0327427810870955,-3.1320072388409343
733,0.009569466134301418,3.1953841710803078e-12,0.8333638549244016,-0.0001736606261993153,-1.401308698194746,-0.07140695852223576,-0.015337701886892319,-0.0020172328222543,-4.1865602705295375,-1.4071646709288963,-0.8981634639798777,-3.3447561473272054
734,0.009861824889809212,2.157639181810935e-11,0.8292472001405506,-0.0004664849259066384,-1.403878600515411,-0.06563983527309339,-0.02027253620326519,-0.020404772832989693,-5.650844801409477,-1.3857530141464294,-0.7911139166081945,-3.5711961019874576
735,0.010455463841801254,7.432873584085829e-11,0.8254932107101322,-0.0008287776698853626,-1.4041473271519147,-0.061469911984206156,-0.025947144255042076,-0.005139948800206184,-7.066327678567586,-1.3638925721877007,-0.7250035664168424,-3.806576580417966
736,0.01126558392281447,2.041555056951929e-10,0.8219825465774355,-0.0012302792329651853,-1.3921059666220688,-0.059061342874188044,-0.02403167076408863,-0.0044398680329322815,-8.333565588008012,-1.3419523196827878,-0.6885106893315822,-4.047540048011182
737,0.012020728011965395,7.905313131980158e-10,0.8186229777548821,-0.0016513714226862428,-1.3653927883739665,-0.058290644670886314,-0.020833643153309822,-0.0015546184731647372,-8.592042135654712,-1.3206240194278562,-0.6832632324352089,-4.276199530609294
738,0.012459255497575015,6.122574339543386e-14,0.8153173696101808,-0.002044144432873213,-1.1191866001932107,-0.05815394772570563,-0.01878315769135952,-0.001338800648227334,-8.919520953478239,-1.3004012399759621,-0.7043857754345505,-4.49284935246957
739,0.012847763248430366,9.938331832282183e-18,0.8121586295503141,-0.002397456249363662,-0.9032470239793455,-0.05884861135618272,-0.01710512302815914,-0.001091504585929215,-9.196843953188274,-1.280946784787476,-0.7293968867707243,-4.683521346728453
740,0.012867341655133807,5.522865403953218e-19,0.809081438716474,-0.0027101634852598777,-0.7654760471923755,-0.060594931367633775,-0.01558880228549242,-0.0019313254160806537,-9.48050745816798,-1.2624518950980546,-0.7805903580287475,-4.865182515800504
741,0.012221315096158364,3.268823594619365e-16,0.8059318018335535,-0.003016954232362917,-0.7231863199527141,-0.06278544625864085,-0.01338958740234375,-0.0022528439294546843,-9.723678475900833,-1.2449544316065013,-0.8159854185661497,-5.042160970161921
742,0.01129170105446804,2.080224138295102e-13,0.8026477259691147,-0.0033176652533624023,-0.6694912617476932,-0.06540529584809802,-0.011605334468185902,-0.0008127224282361567,-9.904597346944113,-1.2284154608721778,-0.8532153978829509,-5.211600736874629
743,0.010055894804817818,9.219384799680183e-11,0.7992276633992447,-0.0036077442756676267,-0.6059811436607608,-0.06846566960987534,-0.009692258201539516,-0.001394257415086031,-9.989335203899156,-1.2128435254309318,-0.8924747187174018,-5.371347636322531
744,0.008555284163630146,1.834881882395342e-08,0.7956700747822018,-0.003878854451544383,-0.5347925238738341,-0.07196444990609295,-0.009453702718019485,-0.0006337802042253315,-9.937015225696271,-1.1982795524563314,-0.9338194181609039,-5.519302786671519
745,0.006900010246247913,1.1938627538218187e-06,0.791973436321393,-0.0041199066694038965,-0.4590601759178889,-0.0759052647672985,-0.008054728619754314,-0.001412917161360383,-9.703902634469763,-1.184791832801237,-0.97737075659232,-5.653506646782466
746,0.0052403645422419735,1.873119248885496e-05,0.7881362487507225,-0.004313979642555205,-0.3831988765879474,-0.0803057948905869,-0.007125871255993843,-0.0005620977026410401,-9.251782569932454,-1.172454763063019,-1.0237400781869708,-5.772299042631454
747,0.003805335914760429,4.123043398869595e-05,0.7841570513566177,-0.004426683399153255,-0.31352375965596935,-0.08520610766108772,-0.0049339886754751205,-0.0010856327135115862,-8.553786587994887,-1.16130697877826,-1.0744822129315934,-5.8744753401574155
748,0.0027517337530664435,1.4167285322698373e-06,0.7800344379255596,-0.00442460241489858,-0.2638758039342067,-0.08741895767931808,-0.0056195626966655254,-0.008634793572127819,-7.1832493236202595,-1.1509634061812726,-1.1238117611981444,-5.956069346771518
749,0.0024710792541597403,5.343768034820401e-26,0.7757679377714297,-0.004210513683457809,-0.2672342010167956,-0.08981065020961719,-0.007357385009527206,-0.0006835557287558913,-6.009662123330471,-1.1416873542905133,-1.2026626382268266,-6.027859018568168
750,0.002072691397374739,7.35518589106928e-55,0.7713519590688773,-0.004035878780352391,-0.31151861088521093,-0.09279298654496404,-0.00945017859339714,-0.0007788318325765431,-4.995259381800098,-1.1329149298275636,-1.2813235814200572,-6.086090554486322
751,0.0017036995352552027,1.549457552942631e-84,0.7667883715064232,-0.0039062862910480825,-0.3674271933995376,-0.09618575956625841,-0.012907861731946468,-0.0013975044712424278,-4.1335180035390495,-1.1250216859352673,-1.3564302223973674,-6.13921753636207
